outer_fold,inner_fold,reason,run_id,variation,outer_validation_member,endpoint,foot,terrain,speed_mps,phase,contact_age_ms,ipsilateral_force,contralateral_force,next_onset_distance_ms,previous_episode_distance_ms,normal_score,early_precursor_score,actionable_score,active_evidence_score,foot_score
0,0,high_normal,sand_solref_interpolation_2of3_0p10_v04,4,False,1879,left,sand,0.1,3,77,547.071044921875,418.5978698730469,-1,-1,1.4661019733962908e-17,7.75907251028011e-26,0.9478033860348358,0.052196613965164264,0.9999998317136743
0,0,high_normal,ice_native_0p15_v01,1,False,1969,right,ice,0.15,2,11,304.04156494140625,0.0,-1,190,7.02323008115496e-09,7.48069929533799e-14,0.9482974658386549,0.05170252713804033,0.999576053569215
0,0,high_normal,ice_native_0p15_v04,4,False,2439,right,ice,0.15,2,11,81.00281524658203,317.4919738769531,-1,194,7.670517607763202e-12,8.48023366488838e-09,0.9505328662901061,0.049467125221989705,0.9977744734975893
0,0,high_normal,sand_solref_interpolation_3of4_stronger_v2_0p10_v01,1,False,1299,right,sand,0.1,3,93,246.4088592529297,398.8518981933594,-1,-1,0.0002019787231763997,0.00407382527431969,0.956868092772399,0.03885610323010504,1.9986436268956028e-05
0,0,high_normal,sand_solref_interpolation_5of6_stronger_v2_0p10_v01,1,False,1219,right,sand,0.1,3,34,68.27326202392578,364.8115234375,-1,-1,8.483494757538934e-05,0.040687346589622204,0.9592276803314866,1.3813131580152424e-07,4.989948950301163e-06
0,0,high_normal,sand_solref_interpolation_3of4_stronger_v2_0p15_v01,1,False,1589,left,sand,0.15,3,38,144.2490692138672,127.71153259277344,-1,-1,2.6260371049400852e-14,1.0455701369018092e-23,0.9611611181729496,0.038838881827024226,2.334919610739698e-06
0,0,high_normal,sand_solref_interpolation_5of6_stronger_v2_0p10_v04,4,False,2559,left,sand,0.1,3,220,319.47821044921875,132.8009033203125,-1,-1,0.009378837065711337,2.833979088132937e-09,0.9628530692219691,0.027768090878340614,0.029458756364201356
0,0,high_normal,sand_solref_interpolation_5of6_stronger_v2_0p10_v04,4,False,2659,left,sand,0.1,3,320,501.7324523925781,492.5901794433594,-1,-1,1.0461737680517782e-07,0.035787179479038374,0.9637205915895363,0.0004921243140483966,0.24586092125655273
0,0,high_normal,ice_native_0p20_v01,1,False,2699,left,ice,0.2,3,54,512.808349609375,0.0,-1,340,1.5885194358966748e-13,1.1078517331064642e-07,0.9638617741957805,0.03613811501888744,0.9141269962185103
0,0,high_normal,ice_native_0p10_v01,1,False,489,right,ice,0.1,4,52,98.55247497558594,196.05029296875,-1,222,6.88681288060494e-11,2.6129724940678105e-05,0.9689469536455702,0.03102691656062106,0.9947580540919498
0,0,high_normal,sand_solref_interpolation_5of6_stronger_v2_0p10_v04,4,False,2539,left,sand,0.1,3,200,295.39935302734375,128.45941162109375,-1,-1,0.0065107326962806225,9.311290062183739e-09,0.9693055395842454,0.024183718408184035,0.050134997342476034
0,0,high_normal,sand_solref_interpolation_5of6_stronger_v2_0p10_v04,4,False,1529,right,sand,0.1,4,568,33.54476547241211,370.21002197265625,-1,-1,1.3246054001491368e-05,1.390912243932854e-08,0.9720039533014637,0.027982786735412195,0.040504182980148
0,0,high_normal,ice_native_0p10_v01,1,False,2459,right,ice,0.1,3,127,272.36505126953125,0.0,-1,309,3.2396600670577976e-10,3.656071092709678e-14,0.9720422886197252,0.02795771105627247,0.9914413649924984
0,0,high_normal,sand_solref_interpolation_3of4_stronger_v2_0p10_v01,1,False,1319,right,sand,0.1,3,113,228.69602966308594,304.8965759277344,-1,-1,0.00029320352903920976,0.009392687402493155,0.9721392739720923,0.018174835096375196,0.008036433816386832
0,0,high_normal,sand_solref_interpolation_3of4_stronger_v2_0p10_v04,4,False,1539,right,sand,0.1,3,573,33.5237922668457,366.1319580078125,-1,-1,2.3085519380737877e-06,2.454942541103017e-09,0.9730387691724026,0.02695891982071664,0.20480750699744898
0,0,high_normal,sand_solref_interpolation_5of6_stronger_v2_0p10_v04,4,False,1879,left,sand,0.1,2,11,79.67757415771484,360.628662109375,-1,-1,6.670953205694555e-07,3.54055914865389e-20,0.9731071067046239,0.026892226200055488,3.293919491036402e-12
0,0,high_normal,sand_solref_interpolation_5of6_stronger_v2_0p10_v04,4,False,2599,left,sand,0.1,3,260,358.5223388671875,165.05477905273438,-1,-1,0.007407616485268905,4.9028553502204744e-08,0.9739524657666692,0.018639868719508436,0.012814151477293768
0,0,high_normal,ice_native_0p20_v01,1,False,1439,right,ice,0.2,2,25,264.0982666015625,0.0,-1,25,0.02588815889056634,1.2630112832968415e-09,0.9741040380559879,7.801790434521944e-06,0.0010573585907919403
0,0,high_normal,sand_solref_interpolation_5of6_stronger_v2_0p15_v01,1,False,1589,left,sand,0.15,3,41,162.82546997070312,129.11727905273438,-1,-1,2.0450417838651422e-15,2.794490972489123e-25,0.9756316184974801,0.024368381502517848,5.774055520036593e-06
0,0,high_normal,sand_solref_interpolation_5of6_stronger_v2_0p10_v04,4,False,2549,left,sand,0.1,3,210,324.08984375,128.17742919921875,-1,-1,0.005844279456737895,4.479040965931268e-09,0.9758278061223392,0.018327909941881958,0.06335321315547932
0,0,high_normal,sand_solref_interpolation_5of6_stronger_v2_0p10_v04,4,False,2649,left,sand,0.1,3,310,513.9002685546875,500.3233642578125,-1,-1,1.0521453291897613e-06,0.00025348188040308736,0.976696281536321,0.023049184437946697,0.23642165558967307
0,0,high_normal,ice_native_0p20_v01,1,False,2019,right,ice,0.2,2,14,184.3933563232422,0.0,-1,148,1.2187817281583796e-09,8.00861949710276e-25,0.976993271705823,0.023006727075395406,0.9999997787141209
0,0,high_normal,sand_solref_interpolation_3of4_stronger_v2_0p10_v01,1,False,1289,right,sand,0.1,3,83,262.6805419921875,452.0120849609375,-1,-1,0.0001303511080430118,0.002013379490854009,0.9773446929579235,0.020511576443179518,3.4040987198575436e-07
0,0,high_normal,ice_native_0p20_v04,4,False,2619,left,ice,0.2,2,14,146.75509643554688,199.56716918945312,-1,22,6.100092875477898e-05,1.7864559721927895e-08,0.9780547944009621,0.021884186805723366,1.2082718850389068e-12
0,0,high_normal,sand_solref_interpolation_3of4_stronger_v2_0p10_v04,4,False,1499,right,sand,0.1,3,533,137.36224365234375,445.88360595703125,-1,-1,0.0008881353753397297,0.019865942058535417,0.978896874162344,0.000349048403780964,0.616360607723715
0,0,high_normal,ice_native_0p15_v04,4,False,2929,left,ice,0.15,2,29,880.8857421875,0.0,-1,877,0.00036430649181190826,0.003989771398421216,0.9792579013127134,0.0163880207970534,0.9064202725275058
0,0,high_normal,sand_solref_interpolation_5of6_stronger_v2_0p10_v04,4,False,2579,left,sand,0.1,3,240,335.8600158691406,143.4790802001953,-1,-1,0.008164230912487016,4.204616837978718e-09,0.9793674179812026,0.012468346901693461,0.015388219583004169
0,0,high_normal,sand_solref_interpolation_5of6_stronger_v2_0p10_v01,1,False,1229,right,sand,0.1,3,44,92.2684326171875,395.5209045410156,-1,-1,2.4319364739622015e-05,0.02038113888036612,0.9795936940124076,8.477424866115549e-07,1.1810007813374217e-06
0,0,high_normal,sand_solref_interpolation_3of4_stronger_v2_0p15_v01,1,False,1609,left,sand,0.15,3,58,582.339599609375,380.8976745605469,-1,-1,3.609208813743287e-18,1.912898686853207e-27,0.9798917851585814,0.020108214841418583,0.9976902976813452
0,0,high_normal,ice_native_0p15_v04,4,False,1339,right,ice,0.15,2,17,60.89582443237305,205.000732421875,-1,264,0.0004040575087475724,0.017941433255003105,0.9816545082355939,1.0006556463799987e-09,4.5128262102665615e-06
0,0,high_normal,ice_native_0p10_v04,4,False,1929,right,ice,0.1,3,72,138.13284301757812,203.44635009765625,-1,265,7.094794771593239e-09,4.4766262590763876e-07,0.9824051514097714,0.01759439383280782,0.999788602114206
0,0,high_normal,ice_native_0p15_v01,1,False,2319,right,ice,0.15,2,13,700.32763671875,57.842830657958984,-1,540,1.9956561556059878e-12,0.017208876247026304,0.9827909703752992,1.533756788876236e-07,0.9995594875163879
0,0,high_normal,sand_solref_interpolation_5of6_stronger_v2_0p10_v04,4,False,2589,left,sand,0.1,3,250,363.3502502441406,171.25070190429688,-1,-1,0.005477187812408014,1.4256443938120105e-08,0.9829150140277312,0.011607783903416812,0.02167767978997896
0,0,high_normal,sand_solref_interpolation_5of6_stronger_v2_0p10_v04,4,False,2049,left,sand,0.1,3,181,265.90301513671875,0.0,-1,-1,1.513743407550822e-20,2.1958035539798062e-26,0.9842390434125096,0.015760956587490466,0.9999999999952349
0,0,high_normal,sand_solref_interpolation_5of6_stronger_v2_0p10_v04,4,False,2569,left,sand,0.1,3,230,340.714111328125,145.86434936523438,-1,-1,0.0052653782525730365,2.127464376683485e-09,0.9854520866755226,0.009282532944439991,0.03933947122362537
0,0,high_normal,ice_native_0p10_v04,4,False,2989,right,ice,0.1,2,28,259.86785888671875,243.01268005371094,-1,352,3.648451978511054e-14,0.00935290087755175,0.986420188431523,0.004226910690888857,0.27599492264283076
0,0,high_normal,ice_native_0p20_v01,1,False,2659,left,ice,0.2,2,14,449.1184997558594,60.9911994934082,-1,300,4.055580375165129e-09,0.01338270698901115,0.9866172885995887,3.558196979414277e-10,0.00012446781190084035
0,0,high_normal,sand_solref_interpolation_2of3_0p15_v01,1,False,1589,left,sand,0.15,3,33,117.07124328613281,190.8134765625,-1,-1,6.518127346319758e-13,1.4685947241019854e-21,0.9870865510793491,0.012913448919999166,2.4976215651906864e-06
0,0,high_normal,sand_solref_interpolation_2of3_0p10_v04,4,False,1869,left,sand,0.1,3,67,558.426025390625,407.55902099609375,-1,-1,1.4654329075599317e-17,1.0416595324759392e-26,0.9878095558849158,0.01219044411508425,0.9999798420383359
0,0,high_normal,sand_solref_interpolation_5of6_stronger_v2_0p15_v01,1,False,1609,left,sand,0.15,3,61,589.9974975585938,430.5546569824219,-1,-1,3.1936061886269815e-19,1.1288568693069457e-28,0.9888859488326684,0.011114051167331503,0.9999333792739147
0,0,high_normal,sand_solref_interpolation_5of6_stronger_v2_0p10_v04,4,False,2439,left,sand,0.1,3,100,107.99193572998047,351.4737854003906,-1,-1,2.9381108722668975e-06,7.88377525690216e-06,0.9891429531030856,0.010846225010785308,1.142864665463988e-05
0,0,high_normal,ice_native_0p10_v04,4,False,2459,right,ice,0.1,2,21,88.36897277832031,296.5221862792969,-1,219,2.4551819628577428e-11,6.807012404451148e-06,0.9893534486912032,0.010639744271840485,0.9999857112746807
0,0,high_normal,sand_solref_interpolation_3of4_stronger_v2_0p10_v01,1,False,1409,right,sand,0.1,4,203,338.9410705566406,1073.487548828125,-1,-1,3.2070879632203644e-21,6.6353932458214655e-15,0.989385148334648,0.010614851665345433,2.7036074561038696e-05
0,0,high_normal,ice_native_0p15_v01,1,False,2259,left,ice,0.15,3,99,241.59754943847656,0.0,-1,647,6.495227278786692e-07,2.811228579212535e-07,0.9897790207522255,0.010220048602188893,0.000206039425908672
0,0,high_normal,ice_native_0p20_v01,1,False,2299,right,ice,0.2,2,13,118.57757568359375,228.86721801757812,-1,13,2.6871062869929587e-11,1.674643092040686e-11,0.9898039568722266,0.010196043084156087,0.9999976304050541
0,0,high_normal,ice_native_0p15_v01,1,False,1979,right,ice,0.15,2,21,181.80152893066406,0.0,-1,200,7.602831201726354e-09,6.952518591554589e-13,0.9901484064583962,0.009851585938077266,0.9997683540417482
0,0,high_normal,ice_native_0p10_v04,4,False,749,right,ice,0.1,3,92,167.54849243164062,209.37704467773438,-1,271,1.3971843647928348e-08,0.0013236369229880072,0.9904486781306044,0.008227670974563858,0.9608445581470372
0,0,high_normal,ice_native_0p10_v01,1,False,2489,right,ice,0.1,3,157,327.3323669433594,0.0,-1,339,1.010130840086112e-09,2.71913734917261e-11,0.9908559286616686,0.009144070301009145,0.8897913831139285
0,0,high_normal,ice_native_0p20_v04,4,False,1319,right,ice,0.2,2,24,28.435062408447266,213.96395874023438,-1,121,7.774302700070119e-07,5.683706609710563e-16,0.9909016194508562,0.009097603118873095,0.001471268064978366
0,0,high_normal,ice_native_0p20_v01,1,False,2889,right,ice,0.2,3,34,156.0361785888672,180.6875,-1,301,5.469937902135872e-07,0.008851853283630738,0.9911475990610492,6.615298338510825e-10,0.0002727133725869699
0,0,high_normal,sand_solref_interpolation_5of6_stronger_v2_0p10_v01,1,False,1299,right,sand,0.1,3,114,282.31695556640625,174.07965087890625,-1,-1,3.185628976295025e-07,4.945949064609054e-10,0.9918690088990847,0.008130672043422828,0.47339308401066094
0,0,high_normal,ice_native_0p15_v04,4,False,279,left,ice,0.15,2,13,269.78070068359375,0.0,-1,36,6.133821799880908e-09,7.357882949464975e-21,0.9930117850613523,0.006988208804825996,0.9604164253559166
0,0,high_normal,sand_solref_interpolation_5of6_stronger_v2_0p10_v04,4,False,1919,left,sand,0.1,3,51,544.5199584960938,253.89617919921875,-1,-1,2.6481388160767304e-11,8.571192523908095e-17,0.9933479024505079,0.006652097523010571,0.0008622932226982143
0,0,high_normal,sand_solref_interpolation_5of6_stronger_v2_0p10_v04,4,False,2029,left,sand,0.1,3,161,378.9212646484375,0.0,-1,-1,1.9510751443710627e-21,4.748766753614051e-26,0.9936004454049753,0.006399554595024656,0.9999999999996623
0,0,high_normal,ice_native_0p20_v01,1,False,2949,right,ice,0.2,3,45,247.18890380859375,139.32008361816406,-1,361,0.003890852693441597,8.44723655861005e-05,0.9941434847309687,0.0018811902100036274,0.1121185008548766
0,0,high_normal,sand_solref_interpolation_2of3_0p10_v04,4,False,1839,left,sand,0.1,3,37,90.23257446289062,248.37425231933594,-1,-1,2.9740142351791897e-13,5.178026677757997e-22,0.995487192288995,0.004512807710707863,2.8388538226165005e-05
0,0,high_normal,ice_native_0p20_v04,4,False,1979,right,ice,0.2,2,14,629.4617919921875,222.00567626953125,-1,340,5.356172221544358e-06,7.708834909125546e-06,0.9955837944041223,0.004403140588746955,0.2649435548075938
0,0,high_normal,sand_solref_interpolation_5of6_stronger_v2_0p10_v04,4,False,2389,left,sand,0.1,3,50,86.48724365234375,411.22760009765625,-1,-1,4.2499170214870024e-09,0.004387346524408514,0.9956126491780337,4.764075381924515e-11,1.090617162563445e-08
0,0,high_normal,ice_native_0p10_v04,4,False,2939,right,ice,0.1,2,16,236.44113159179688,264.558837890625,-1,302,1.0008561068938892e-14,0.004330296904697753,0.9956694283364107,2.7475888140380826e-07,0.9868998519871769
0,0,high_normal,ice_native_0p10_v01,1,False,2469,right,ice,0.1,3,137,298.0858459472656,0.0,-1,319,1.5643841188713557e-10,7.616642702207887e-13,0.9957979502506739,0.004202049592126009,0.9142734571989726
0,0,high_normal,ice_native_0p20_v01,1,False,1429,right,ice,0.2,2,15,264.98321533203125,0.0,-1,15,0.003995571949641944,3.2742965362019593e-10,0.995997094749425,7.332973503553546e-06,0.0005331046818949993
0,0,high_normal,ice_native_0p10_v01,1,False,2559,right,ice,0.1,3,227,306.35247802734375,0.0,-1,409,6.837291070722743e-11,1.2518307446866753e-16,0.9966826555897462,0.0033173443418807427,0.7961328699023726
0,0,high_normal,ice_native_0p10_v01,1,False,2499,right,ice,0.1,3,167,325.7509460449219,0.0,-1,349,8.220032804926265e-10,2.109776075852736e-11,0.9967552025104452,0.003244796646453734,0.9740603379176525
0,0,high_normal,sand_solref_interpolation_3of4_stronger_v2_0p10_v01,1,False,1279,right,sand,0.1,3,73,95.95808410644531,416.0530700683594,-1,-1,0.0008431824267977578,0.0013847483579163475,0.9970035964685893,0.0007684727466966591,7.997227759159282e-08
0,0,high_normal,sand_solref_interpolation_3of4_stronger_v2_0p10_v04,4,False,2399,left,sand,0.1,3,46,76.4528579711914,381.65582275390625,-1,-1,2.5489912361558142e-09,1.5353940484463855e-12,0.9972884861176614,0.0027115113318120906,2.432404332564551e-08
0,0,high_normal,sand_solref_interpolation_3of4_stronger_v2_0p10_v01,1,False,1329,right,sand,0.1,3,123,266.9989318847656,180.91818237304688,-1,-1,1.098174919544744e-05,1.227171917196624e-05,0.9973458962009395,0.002630850330693043,0.6224607310374004
0,0,high_normal,ice_native_0p10_v01,1,False,2279,left,ice,0.1,4,288,262.6927490234375,54.262725830078125,-1,20,3.6083628004510346e-08,1.1115396125369013e-10,0.9973880681512539,0.002611895653964289,0.9999966554714361
0,0,high_normal,sand_solref_interpolation_5of6_stronger_v2_0p10_v01,1,False,1319,right,sand,0.1,3,134,312.6402893066406,170.08981323242188,-1,-1,4.1506293610084575e-09,2.3171905443232904e-10,0.9975406880095254,0.002459307608126228,0.8927650108951858
0,0,high_normal,ice_native_0p10_v01,1,False,2449,right,ice,0.1,3,117,286.864501953125,0.0,-1,299,4.996692235021794e-12,1.0906509654558315e-15,0.9977512313589064,0.0022487686360957385,0.999018328859892
0,0,high_normal,ice_native_0p10_v01,1,False,2509,right,ice,0.1,3,177,330.8345947265625,0.0,-1,359,5.912192396776347e-10,6.729748512227191e-12,0.9978689173051998,0.0021310820968511546,0.9819337945708041
0,0,high_normal,sand_solref_interpolation_5of6_stronger_v2_0p10_v04,4,False,2039,left,sand,0.1,3,171,383.40234375,0.0,-1,-1,3.2513503197134356e-21,2.6195183169044156e-25,0.9981283260969278,0.0018716739030720454,0.9999999999255325
0,0,high_normal,ice_native_0p10_v01,1,False,2479,right,ice,0.1,3,147,293.0952453613281,0.0,-1,329,3.2952443434697655e-10,6.762670633011366e-14,0.9981322723786828,0.0018677272917251716,0.9374673386772209
0,0,high_normal,ice_native_0p15_v01,1,False,2209,left,ice,0.15,3,49,316.01837158203125,0.0,-1,597,9.826554224264727e-08,1.0888943879065232e-07,0.998223302238176,0.0017764906068428413,0.015833596904722948
0,0,high_normal,ice_native_0p15_v04,4,False,2979,left,ice,0.15,3,79,280.1401062011719,0.0,-1,927,3.6171727971790638e-09,3.144307091471062e-17,0.9982486039681826,0.0017513924146445286,0.9045388115288805
0,0,high_normal,sand_solref_interpolation_5of6_stronger_v2_0p10_v04,4,False,1499,right,sand,0.1,3,538,140.00601196289062,442.2276611328125,-1,-1,0.00027612235293980315,0.0013945915070422306,0.9982610673602758,6.82187797423728e-05,0.7060871428555711
0,0,high_normal,ice_native_0p15_v01,1,False,2449,left,ice,0.15,2,21,212.20693969726562,21.636188507080078,-1,21,1.802495263861277e-08,0.0011770882202471354,0.9983218819186046,0.0005010118361954886,5.582944682473716e-09
0,0,high_normal,ice_native_0p10_v01,1,False,2569,right,ice,0.1,4,237,285.6978454589844,0.0,-1,419,4.028712766067809e-10,9.352948419958231e-17,0.9983641782439028,0.0016358213532257897,0.8112305105006314
0,0,high_normal,sand_solref_interpolation_5of6_stronger_v2_0p10_v01,1,False,1309,right,sand,0.1,3,124,347.0719909667969,174.1186981201172,-1,-1,1.5420747462904427e-08,3.1252403970217794e-10,0.9983891447789356,0.0016108394877929577,0.8766406499202035
0,0,high_normal,ice_native_0p10_v01,1,False,2529,right,ice,0.1,3,197,322.85595703125,0.0,-1,379,2.1215394450481787e-10,2.5230898483106947e-14,0.9984639946904146,0.0015360050974063033,0.9829245961908446
0,0,high_normal,ice_native_0p10_v04,4,False,2469,right,ice,0.1,4,31,96.44204711914062,294.37872314453125,-1,229,3.8105869165130846e-12,3.3288318557906873e-06,0.9985279136718317,0.001468757492502103,0.9999978240153753
0,0,high_normal,sand_solref_interpolation_5of6_stronger_v2_0p10_v01,1,False,1359,right,sand,0.1,4,174,205.35372924804688,823.7786865234375,-1,-1,1.515672103226256e-25,4.485393233061692e-27,0.9986640126067727,0.0013359873932272698,0.004731379495406513
0,0,high_normal,sand_solref_interpolation_3of4_stronger_v2_0p10_v04,4,False,1529,right,sand,0.1,3,563,97.84304809570312,376.4928283691406,-1,-1,5.894959470082111e-06,1.8183151711963896e-07,0.9986901241155018,0.0013037990935109002,0.1847363960577839
0,0,high_normal,sand_solref_interpolation_3of4_stronger_v2_0p10_v04,4,False,1919,left,sand,0.1,3,82,582.2537841796875,386.393310546875,-1,-1,3.4481012054548124e-13,8.78603413214464e-19,0.9987049852598864,0.0012950147397688592,0.9995231517851421
0,0,high_normal,sand_solref_interpolation_2of3_0p10_v04,4,False,1899,left,sand,0.1,3,97,552.0482177734375,622.5699462890625,-1,-1,3.927461782063841e-21,2.5357947673713658e-24,0.998705329571998,0.001294670428001951,0.999999998716719
0,0,high_normal,ice_native_0p10_v01,1,False,459,right,ice,0.1,2,22,321.45867919921875,237.90435791015625,-1,192,2.6024574210952186e-13,2.359091909723197e-07,0.9987873288918354,0.0012124351987134472,0.9998546107176338
0,0,high_normal,ice_native_0p10_v01,1,False,2549,right,ice,0.1,3,217,300.1332092285156,0.0,-1,399,2.0937814611698917e-10,6.356745472665645e-15,0.9988085583628579,0.0011914414277576489,0.5316254873898694
0,0,high_normal,ice_native_0p20_v04,4,False,2629,left,ice,0.2,2,24,149.55638122558594,244.41334533691406,-1,32,6.691144253311928e-06,5.510376271831878e-10,0.9988234905612361,0.0011698177434728834,1.155316757661201e-12
0,0,high_normal,sand_solref_interpolation_3of4_stronger_v2_0p10_v01,1,False,1339,right,sand,0.1,3,133,242.75645446777344,166.5533905029297,-1,-1,4.5633323171165935e-06,1.4512129651508524e-05,0.9988547223963391,0.0011262021416922595,0.8810178431172778
0,0,high_normal,sand_solref_interpolation_2of3_0p10_v04,4,False,1889,left,sand,0.1,3,87,602.62646484375,652.4527587890625,-1,-1,1.4161432316142986e-20,1.1626662636384974e-26,0.9989263455585538,0.0010736544414464023,0.9999999916736334
0,0,high_normal,sand_solref_interpolation_3of4_stronger_v2_0p10_v04,4,False,2039,left,sand,0.1,3,202,71.14280700683594,0.0,-1,-1,1.5075343974857886e-23,5.511829324630294e-39,0.9989552193800085,0.0010447806199914277,1.0
0,0,high_normal,ice_native_0p20_v01,1,False,1729,right,ice,0.2,2,12,91.33941650390625,184.38766479492188,-1,315,1.5766084976308386e-07,5.2186320018476705e-08,0.9989577532795566,0.0010420368732736605,0.35456352326619167
0,0,high_normal,ice_native_0p20_v01,1,False,2769,left,ice,0.2,2,26,322.6394958496094,82.88188934326172,-1,410,5.253927043371453e-16,7.802624118095694e-19,0.9989595022841191,0.001040497715880527,0.11892891280715358
0,0,high_normal,ice_native_0p15_v04,4,False,2939,left,ice,0.15,3,39,637.9920654296875,0.0,-1,887,9.116574913192468e-07,5.069850998393935e-07,0.9989710134080831,0.001027567949325763,0.9934313134331152
0,0,high_normal,ice_native_0p20_v04,4,False,1359,right,ice,0.2,2,11,141.56861877441406,166.77633666992188,-1,161,8.289539684876757e-07,1.7189173195421156e-14,0.998980370798552,0.0010188002474623872,0.005449507558299409
0,0,high_normal,ice_native_0p20_v01,1,False,999,left,ice,0.2,2,30,291.14013671875,0.0,-1,452,1.9670135636914737e-11,1.8314208540549564e-14,0.9990603857865132,0.000939614193798238,0.5160452714697532
0,0,high_normal,sand_solref_interpolation_3of4_stronger_v2_0p10_v04,4,False,1509,right,sand,0.1,3,543,117.38519287109375,420.0060729980469,-1,-1,0.00012784851473450045,0.00023204362744475555,0.9991064817544592,0.0005336261033615584,0.40037433052544785
0,0,high_normal,sand_solref_interpolation_3of4_stronger_v2_0p15_v01,1,False,1999,left,sand,0.15,2,14,78.819580078125,0.0,-1,87,2.5846696583119225e-14,2.5863413837783886e-26,0.9992980805142717,0.0007019194857026587,1.1273505319274864e-10
0,0,high_normal,ice_native_0p10_v01,1,False,2519,right,ice,0.1,3,187,329.5419006347656,0.0,-1,369,1.1272416232143454e-10,1.2454912415433602e-13,0.9993143275827916,0.0006856723043597434,0.9841445535921648
0,0,high_normal,ice_native_0p15_v01,1,False,2249,left,ice,0.15,3,89,247.69212341308594,0.0,-1,637,1.329488111060808e-06,3.230904973304077e-05,0.9993246176720694,0.0006417437900864196,3.327719290050467e-05
0,0,high_normal,ice_native_0p20_v01,1,False,209,right,ice,0.2,4,160,265.7540588378906,0.0,-1,-1,0.0005354572298150998,1.304692972023183e-08,0.999336848817522,0.00012768090573316352,0.9971965298013185
0,0,high_normal,ice_native_0p20_v01,1,False,2939,right,ice,0.2,3,35,198.52911376953125,149.1838836669922,-1,351,0.0006107897290292881,9.471701780073165e-06,0.9993582310418013,2.150752738944673e-05,0.06285344761105478
0,0,high_normal,sand_solref_interpolation_3of4_stronger_v2_0p15_v01,1,False,1649,left,sand,0.15,3,98,599.2284545898438,772.891357421875,-1,-1,7.172212093870746e-27,3.030722394336037e-27,0.9993950346730168,0.0006049653269832071,0.9999999999507905
0,0,high_normal,sand_solref_interpolation_5of6_stronger_v2_0p10_v01,1,False,1289,right,sand,0.1,3,104,329.4165344238281,235.0158233642578,-1,-1,7.725877181433108e-08,4.295351911270056e-10,0.9994042633606217,0.0005956589510714053,0.15583064264321794
0,0,high_normal,ice_native_0p10_v01,1,False,999,left,ice,0.1,2,29,314.3370361328125,0.0,-1,29,9.576879801312862e-14,8.227737085150138e-18,0.9994341525103698,0.0005658474895341985,0.926214475965825
0,0,high_normal,sand_solref_interpolation_3of4_stronger_v2_0p10_v04,4,False,1519,right,sand,0.1,3,553,119.90039825439453,408.6549072265625,-1,-1,2.3141298103539345e-05,8.713871460938066e-06,0.9995094520734451,0.00045869275699037925,0.33434788059261455
0,0,high_normal,sand_solref_interpolation_5of6_stronger_v2_0p10_v04,4,False,1519,right,sand,0.1,3,558,8.87032413482666,401.4455261230469,-1,-1,5.188583819646078e-07,2.227455976323491e-09,0.9995399232781962,0.0004595556359658803,0.03457933266590461
0,0,high_normal,sand_solref_interpolation_5of6_stronger_v2_0p10_v04,4,False,2399,left,sand,0.1,3,60,81.38664245605469,400.1706848144531,-1,-1,1.603837136614952e-08,0.0004190365028590333,0.9995809468567515,6.020180456202892e-10,3.740903608808141e-08
0,0,high_normal,ice_native_0p20_v01,1,False,949,left,ice,0.2,2,14,362.2942810058594,0.0,-1,402,5.68597272565791e-13,0.0002789523595275317,0.9995897132769602,0.0001313343629438304,0.23143466921856895
0,0,high_normal,ice_native_0p20_v04,4,False,1809,left,ice,0.2,3,43,435.11181640625,0.0,-1,574,6.039977373183885e-09,0.0004060344760462706,0.999591284967104,2.674516872258873e-06,0.2966109045339397
0,0,high_normal,sand_solref_interpolation_5of6_stronger_v2_0p10_v04,4,False,2429,left,sand,0.1,3,90,114.39139556884766,364.09161376953125,-1,-1,8.747488271920495e-07,2.6417320902884616e-05,0.9996449590335575,0.0003277488967125084,6.389745288319053e-06
0,0,high_normal,ice_native_0p10_v04,4,False,1319,right,ice,0.1,2,23,118.55665588378906,213.11184692382812,-1,203,3.524947111526799e-06,0.00034668030413345034,0.9996497945877248,1.610303842624216e-10,5.971256141297528e-05
0,0,high_normal,sand_solref_interpolation_2of3_0p15_v01,1,False,1649,left,sand,0.15,3,93,609.2198486328125,756.0296630859375,-1,-1,4.969595115875185e-24,2.302569830573219e-25,0.999661934659043,0.0003380653409569289,0.999999999969369
0,0,high_normal,ice_native_0p10_v04,4,False,1919,right,ice,0.1,3,62,124.93079376220703,223.60858154296875,-1,255,1.6410457852883693e-11,6.305419654184511e-07,0.9996658080991766,0.0003335613424476218,0.9999884893761677
0,0,high_normal,sand_solref_interpolation_5of6_stronger_v2_0p10_v01,1,False,1349,right,sand,0.1,3,164,262.7376403808594,774.4119873046875,-1,-1,4.6562194212494086e-23,2.668579874525428e-24,0.9996824585141189,0.0003175414858810682,0.02781207043876691
0,0,high_normal,sand_solref_interpolation_5of6_stronger_v2_0p15_v01,1,False,1579,left,sand,0.15,3,31,99.44116973876953,193.34922790527344,-1,-1,8.068274215213075e-13,1.5146040656722269e-19,0.9996824865054422,0.00031751349375081737,1.0159448494717523e-06
0,0,high_normal,sand_solref_interpolation_5of6_stronger_v2_0p10_v04,4,False,2379,left,sand,0.1,3,40,72.39881134033203,422.1356201171875,-1,-1,1.9302066944478708e-10,0.0002824727039062665,0.9997175271027711,3.0207261533138854e-13,6.142903316504434e-08
0,0,high_normal,sand_solref_interpolation_5of6_stronger_v2_0p10_v04,4,False,2409,left,sand,0.1,3,70,98.12422180175781,389.03985595703125,-1,-1,7.099775722411235e-08,0.0002575003520207833,0.9997423779026977,5.074752420577708e-08,3.0462999385813376e-07
0,0,high_normal,ice_native_0p15_v01,1,False,2199,left,ice,0.15,3,39,316.7570495605469,0.0,-1,587,2.199247695009521e-08,5.379637949991519e-06,0.9997465406627636,0.0002480577068094757,0.01719706390500762
0,0,high_normal,ice_native_0p20_v01,1,False,199,right,ice,0.2,3,150,250.0265350341797,0.0,-1,-1,9.52151547817133e-05,1.1994103152345236e-10,0.9997543327570517,0.00015045196822561534,0.9895686782754697
0,0,high_normal,ice_native_0p15_v04,4,False,2959,left,ice,0.15,3,59,336.1791076660156,0.0,-1,907,4.125359479792829e-10,8.986916949011891e-15,0.9997686202782244,0.00023137930923070076,0.9999136844977491
0,0,high_normal,ice_native_0p10_v04,4,False,1909,right,ice,0.1,3,52,125.15695190429688,231.0878448486328,-1,245,1.0060852048056615e-12,3.182256947998557e-08,0.9998277390367734,0.0001722291396510375,0.9999077437883793
0,0,high_normal,sand_solref_interpolation_5of6_stronger_v2_0p10_v04,4,False,1509,right,sand,0.1,3,548,117.1723403930664,413.6810607910156,-1,-1,3.667945918532146e-05,1.4884399380157355e-05,0.9998355735117593,0.00011286262967502567,0.5095727552965421
0,0,high_normal,ice_native_0p20_v01,1,False,989,left,ice,0.2,2,20,294.9012145996094,0.0,-1,442,7.81940634322018e-12,1.8651348756323072e-13,0.9998495715867877,0.00015042840520633287,0.4875329998508854
0,0,high_normal,ice_native_0p10_v01,1,False,989,left,ice,0.1,2,19,320.149658203125,0.0,-1,19,5.6559806198848955e-14,6.460504138862777e-17,0.9998517964793373,0.00014820352060606414,0.9493226927714018
0,0,high_normal,ice_native_0p15_v01,1,False,1169,left,ice,0.15,2,28,149.77415466308594,233.47579956054688,-1,28,7.071157487293042e-07,1.7719583579121897e-08,0.9998617395662635,0.000137535598404208,6.109464158231371e-06
0,0,high_normal,ice_native_0p10_v01,1,False,2619,right,ice,0.1,2,12,234.1922607421875,0.0,-1,469,6.58856330465708e-08,2.7214338692697093e-19,0.9998737037535519,0.0001262303608151974,0.020897557840178906
0,0,high_normal,ice_native_0p10_v01,1,False,2259,left,ice,0.1,3,268,278.57330322265625,50.86946105957031,-1,0,8.410753073542582e-10,2.9569022633895793e-13,0.9998773694826114,0.00012262967601763452,0.9999993644622871
0,0,high_normal,ice_native_0p15_v01,1,False,2179,left,ice,0.15,2,19,327.4208679199219,0.0,-1,567,1.986301796114914e-09,0.00011167037038909414,0.9998787805844839,9.547058825369879e-06,0.00033386056562871537
0,0,high_normal,ice_native_0p10_v04,4,False,579,right,ice,0.1,2,26,61.004722595214844,682.7391357421875,-1,101,5.913476402937305e-14,1.900073020206998e-18,0.9998835792281732,0.00011642077176788258,1.3095909019967735e-05
0,0,high_normal,ice_native_0p10_v01,1,False,2269,left,ice,0.1,3,278,282.7902526855469,51.48129653930664,-1,10,2.0452813006456105e-09,2.6106702592584943e-11,0.999899149682192,0.00010084824642009447,0.9999993237829109
0,0,high_normal,ice_native_0p10_v04,4,False,2489,right,ice,0.1,2,14,106.05107116699219,271.55853271484375,-1,249,4.27656771907274e-13,9.263508097622125e-05,0.999907364593984,3.2461228312225583e-10,0.9989711305142055
0,0,high_normal,sand_solref_interpolation_5of6_stronger_v2_0p10_v04,4,False,2419,left,sand,0.1,3,80,93.10102081298828,380.364013671875,-1,-1,3.322520367457176e-07,8.683740739053977e-05,0.999910996962529,1.8333780436654773e-06,1.5454401654428423e-06
0,0,high_normal,ice_native_0p10_v01,1,False,2309,left,ice,0.1,2,24,224.9713134765625,46.76048278808594,-1,50,5.333386771193574e-10,4.342379408938879e-13,0.9999201502343344,7.984923189273813e-05,0.853029283010537
0,0,high_normal,sand_solref_interpolation_3of4_stronger_v2_0p10_v01,1,False,1349,right,sand,0.1,3,143,316.378173828125,146.44534301757812,-1,-1,1.1811073322993185e-08,8.582132187743309e-09,0.9999209833239869,7.899628280752734e-05,0.9183960112070316
0,0,high_normal,sand_solref_interpolation_5of6_stronger_v2_0p10_v01,1,False,1239,right,sand,0.1,3,54,82.76019287109375,358.06866455078125,-1,-1,3.4301272154273185e-06,7.377523389584631e-05,0.9999225280052202,2.666336685255454e-07,7.431792775136637e-07
0,0,high_normal,ice_native_0p10_v01,1,False,519,right,ice,0.1,2,21,149.5619354248047,178.49627685546875,-1,252,9.783800618097596e-09,1.9153593835993108e-07,0.9999319270230349,6.787165722598434e-05,0.9999291118315063
0,0,high_normal,ice_native_0p20_v01,1,False,2669,left,ice,0.2,2,24,563.01513671875,0.0,-1,310,2.4504769263159767e-10,2.3092503327938022e-05,0.9999457559865552,3.115126506898974e-05,0.0005119778744710144
0,0,high_normal,sand_solref_interpolation_2of3_0p10_v04,4,False,1829,left,sand,0.1,2,27,101.37654876708984,249.02276611328125,-1,-1,2.5387500973788944e-12,1.4926743816908372e-20,0.9999525539250181,4.744607244303802e-05,6.35255054033161e-07
0,0,high_normal,ice_native_0p15_v01,1,False,2189,left,ice,0.15,2,29,330.89276123046875,0.0,-1,577,5.90332788238354e-09,4.354100787635305e-05,0.9999551617622608,1.2913265348643486e-06,0.00041396030680895606
0,0,high_normal,ice_native_0p15_v04,4,False,2949,left,ice,0.15,3,49,364.70318603515625,0.0,-1,897,2.3283187715407614e-09,5.844671146411541e-13,0.9999578848764811,4.211279461591893e-05,0.999969273571281
0,0,high_normal,sand_solref_interpolation_3of4_stronger_v2_0p10_v04,4,False,2389,left,sand,0.1,3,36,81.27498626708984,389.8937683105469,-1,-1,7.255403844097704e-11,3.1515171539847187e-13,0.9999582542078977,4.174571923322994e-05,3.9556316820084e-08
0,0,high_normal,ice_native_0p10_v01,1,False,2299,left,ice,0.1,2,14,222.34332275390625,52.85394287109375,-1,40,7.144139245209269e-10,1.3020777201847502e-12,0.9999600568427227,3.994244156135773e-05,0.9264859345220832
0,0,high_normal,sand_solref_interpolation_3of4_stronger_v2_0p10_v01,1,False,1359,right,sand,0.1,3,153,294.5101013183594,151.6654052734375,-1,-1,1.2873271201992808e-09,3.336280372686561e-11,0.999962214321049,3.778435826109318e-05,0.9165035159446393
0,0,high_normal,sand_solref_interpolation_3of4_stronger_v2_0p10_v01,1,False,1399,right,sand,0.1,3,193,391.2809753417969,728.781005859375,-1,-1,2.689706798880566e-19,4.2123354015490184e-19,0.9999623589193444,3.764108065549438e-05,0.014268038924805247
0,0,high_normal,ice_native_0p10_v04,4,False,2979,right,ice,0.1,2,18,345.2138366699219,44.71842575073242,-1,342,5.176608353397965e-17,1.7475823780605736e-05,0.9999647736383834,1.7750537835856107e-05,0.8967672160814927
0,0,high_normal,ice_native_0p20_v01,1,False,2309,right,ice,0.2,2,23,107.45931243896484,192.2647705078125,-1,23,5.8858998547542215e-12,1.8662472539286102e-11,0.9999651800953678,3.4819880083835046e-05,0.9986276627121589
0,0,high_normal,sand_solref_interpolation_5of6_stronger_v2_0p10_v01,1,False,1279,right,sand,0.1,3,94,252.91236877441406,264.5825500488281,-1,-1,3.0507422789513943e-09,1.5060192784250246e-12,0.9999662651684406,3.373177931118451e-05,0.20963367860208967
0,0,high_normal,ice_native_0p15_v04,4,False,749,right,ice,0.15,3,95,182.21397399902344,69.29144287109375,-1,380,4.405360528643028e-15,3.368023386470987e-05,0.999966319603785,1.6234597045420764e-10,0.9999997565410574
0,0,high_normal,ice_native_0p15_v04,4,False,649,right,ice,0.15,2,12,59.147613525390625,244.46197509765625,-1,280,5.604954047880073e-17,3.346546368713086e-12,0.9999760509914173,2.394900523608224e-05,0.9999999998063194
0,0,high_normal,ice_native_0p20_v01,1,False,2319,right,ice,0.2,4,33,120.54531860351562,222.59278869628906,-1,33,6.026859404121031e-12,7.665605728930678e-12,0.9999823877170994,1.761226920820844e-05,0.9977163606159704
0,0,high_normal,ice_native_0p20_v01,1,False,2919,right,ice,0.2,2,15,167.02310180664062,163.6408233642578,-1,331,9.037210350847116e-06,7.687976100650134e-06,0.9999832746997931,1.1375529454073651e-10,0.0006718191823633919
0,0,high_normal,ice_native_0p20_v04,4,False,1339,right,ice,0.2,2,15,126.80626678466797,156.6244659423828,-1,141,1.0451843162388095e-08,9.83564327328248e-18,0.9999845329849691,1.545656318773053e-05,0.0016360994172643789
0,0,high_normal,ice_native_0p15_v01,1,False,2219,left,ice,0.15,3,59,312.4664611816406,0.0,-1,607,1.4319645545209718e-07,4.52340786831238e-08,0.9999852504906873,1.4561078778488795e-05,0.01600681129651763
0,0,high_normal,ice_native_0p20_v01,1,False,959,left,ice,0.2,2,24,326.3555603027344,0.0,-1,412,4.0736988459332405e-12,6.527038342697935e-09,0.9999854687578634,1.4524711024578807e-05,0.8180126246937635
0,0,high_normal,ice_native_0p20_v04,4,False,1399,right,ice,0.2,4,36,72.54740142822266,160.3834991455078,-1,201,1.191481139760449e-09,6.684306116620912e-16,0.9999857609189645,1.4237889553881534e-05,0.8321882994412465
0,0,high_normal,ice_native_0p20_v01,1,False,1479,right,ice,0.2,2,13,184.6190185546875,0.0,-1,65,1.1518183057262354e-05,6.793916527817597e-19,0.9999877216396188,7.601773239066231e-07,0.03275977552072014
0,0,high_normal,ice_native_0p15_v04,4,False,2319,left,ice,0.15,2,20,536.3014526367188,36.99287414550781,-1,267,1.5174995694848228e-11,6.0849464009699244e-06,0.9999882313766004,5.68366182357144e-06,0.011309710843988642
0,0,high_normal,ice_native_0p10_v01,1,False,2539,right,ice,0.1,3,207,322.5418395996094,0.0,-1,389,9.479167093084975e-12,1.998483480791529e-18,0.9999886948481321,1.1305142388540316e-05,0.961148517094251
0,0,high_normal,ice_native_0p15_v04,4,False,259,left,ice,0.15,2,16,293.19647216796875,0.0,-1,16,9.436571980577395e-09,1.0617726338828097e-15,0.999989646656518,1.0343906908977514e-05,0.44592523167970405
0,0,high_normal,sand_solref_interpolation_5of6_stronger_v2_0p10_v04,4,False,1929,left,sand,0.1,3,61,562.453857421875,474.69537353515625,-1,-1,1.8220961561232425e-13,4.4717980068399015e-18,0.9999900751113154,9.924888502192945e-06,0.04247177059189166
0,0,high_normal,ice_native_0p20_v01,1,False,2929,right,ice,0.2,2,25,200.88084411621094,153.20057678222656,-1,341,9.201919958406334e-06,5.076796325487534e-08,0.9999907445372966,2.774781639688492e-09,0.002082321892823864
0,0,high_normal,ice_native_0p15_v01,1,False,999,left,ice,0.15,2,29,309.4111022949219,0.0,-1,29,4.2618212188327477e-14,4.947159273238321e-18,0.999991724072299,8.275927658329869e-06,0.8177684203555269
0,0,high_normal,sand_solref_interpolation_3of4_stronger_v2_0p10_v01,1,False,1389,right,sand,0.1,3,183,417.48687744140625,684.1652221679688,-1,-1,1.3247228863631544e-19,1.7145518272266857e-20,0.9999923975955493,7.602404450671053e-06,0.6541431109363992
0,0,high_normal,sand_solref_interpolation_5of6_stronger_v2_0p10_v01,1,False,1329,right,sand,0.1,3,144,404.2685241699219,293.70050048828125,-1,-1,2.00748055561108e-15,3.70909645768613e-18,0.9999926877573873,7.31224261061688e-06,0.8813536143536957
0,0,high_normal,ice_native_0p20_v01,1,False,2759,left,ice,0.2,2,16,357.14263916015625,79.07283782958984,-1,400,6.275084893475978e-17,1.232642826525537e-17,0.9999937720930007,6.2279069994143226e-06,0.543680163173299
0,0,high_normal,ice_native_0p15_v01,1,False,279,right,ice,0.15,2,14,202.7624969482422,0.0,-1,14,1.1260069327704283e-10,6.5200400134944385e-18,0.9999948669748018,5.132912597557301e-06,0.06855364086592035
0,0,high_normal,sand_solref_interpolation_5of6_stronger_v2_0p15_v01,1,False,1569,left,sand,0.15,2,21,108.3513412475586,191.5018310546875,-1,-1,1.5402890521698493e-11,4.7033734261196015e-18,0.9999953150136592,4.684970937816512e-06,2.662236134110643e-08
0,0,high_normal,sand_solref_interpolation_5of6_stronger_v2_0p10_v01,1,False,1269,right,sand,0.1,3,84,261.03497314453125,363.29742431640625,-1,-1,1.2797349683152216e-09,1.6766016461907586e-12,0.9999954135139274,4.585204661086867e-06,0.0020612844321097595
0,0,high_normal,ice_native_0p15_v01,1,False,2229,left,ice,0.15,3,69,291.64288330078125,0.0,-1,617,3.957344006669793e-08,9.296355554387706e-08,0.9999957463597633,4.121103241136144e-06,0.0009003258882216911
0,0,high_normal,sand_solref_interpolation_3of4_stronger_v2_0p10_v04,4,False,2029,left,sand,0.1,3,192,108.12572479248047,0.0,-1,-1,1.3629075724970813e-26,2.456874859241903e-40,0.9999957561949214,4.243805078598185e-06,1.0
0,0,high_normal,ice_native_0p15_v04,4,False,2969,left,ice,0.15,3,69,281.260498046875,0.0,-1,917,1.767988904936598e-10,3.074158947903195e-20,0.9999962574685082,3.7423546930755026e-06,0.9994348693340234
0,0,high_normal,sand_solref_interpolation_3of4_stronger_v2_0p15_v01,1,False,1659,left,sand,0.15,3,108,424.8246765136719,0.0,-1,-1,1.1113057635467516e-30,2.477491203290112e-36,0.9999969328941898,3.0671058102688355e-06,0.9999999845410712
0,0,high_normal,ice_native_0p10_v01,1,False,2589,right,ice,0.1,2,19,264.0502624511719,0.0,-1,439,2.87013740097118e-09,5.464262991635529e-16,0.9999969818283194,3.0153015426264398e-06,0.029908289740111556
0,0,high_normal,sand_solref_interpolation_2of3_0p15_v01,1,False,1569,left,sand,0.15,2,13,81.14408874511719,275.23583984375,-1,-1,9.667962667206939e-10,1.3921886127610302e-16,0.9999970933865482,2.905646655370573e-06,1.1467822702452394e-07
0,0,high_normal,sand_solref_interpolation_5of6_stronger_v2_0p15_v01,1,False,1559,left,sand,0.15,2,11,52.57243347167969,256.59735107421875,-1,-1,1.4244634653810645e-08,4.145561525142316e-15,0.9999975602547753,2.4255005857009183e-06,3.0159672308605074e-08
0,0,high_normal,sand_solref_interpolation_3of4_stronger_v2_0p15_v01,1,False,1569,left,sand,0.15,2,18,98.14411926269531,225.08352661132812,-1,-1,4.518225178382189e-11,6.709215011497742e-18,0.999997843550869,2.156403948806533e-06,5.86536907190138e-08
0,0,high_normal,sand_solref_interpolation_2of3_0p15_v01,1,False,1579,left,sand,0.15,2,23,76.00430297851562,272.37322998046875,-1,-1,7.3540992458277e-11,5.261671137503392e-18,0.9999979432189117,2.0567075474093483e-06,1.2880539234979436e-06
0,0,high_normal,sand_solref_interpolation_3of4_stronger_v2_0p15_v01,1,False,1579,left,sand,0.15,2,28,90.27841186523438,224.9802703857422,-1,-1,3.128803378098359e-12,1.4956096799553875e-19,0.9999979687445433,2.0312523278486697e-06,6.532380798781552e-07
0,0,high_normal,ice_native_0p10_v01,1,False,509,right,ice,0.1,2,11,138.6596221923828,183.3444366455078,-1,242,1.614207148516022e-11,6.746350936132118e-10,0.9999980207849883,1.978524234549696e-06,0.9999971430175347
0,0,high_normal,ice_native_0p15_v01,1,False,989,left,ice,0.15,2,19,314.7639465332031,0.0,-1,19,2.8231809696381248e-14,5.210550777201458e-17,0.9999982725640941,1.727435877647751e-06,0.8796432535430633
0,0,high_normal,sand_solref_interpolation_2of3_0p10_v04,4,False,2149,left,sand,0.1,2,18,69.01768493652344,449.59222412109375,-1,-1,1.1231740902312477e-32,3.2779930127267347e-51,0.9999985369155896,1.463084410375859e-06,0.12718333175045868
0,0,high_normal,sand_solref_interpolation_5of6_stronger_v2_0p10_v01,1,False,1259,right,sand,0.1,3,74,99.45619201660156,342.33172607421875,-1,-1,3.246254195638938e-08,6.89495968975185e-11,0.9999989052590633,1.062209445085799e-06,0.0005095516744978592
0,0,high_normal,sand_solref_interpolation_5of6_stronger_v2_0p10_v01,1,False,1249,right,sand,0.1,3,64,109.63455963134766,309.9919128417969,-1,-1,5.4611678512568286e-08,1.3816093492904e-08,0.9999989283333836,1.0032388444564028e-06,6.883771655992444e-05
0,0,high_normal,ice_native_0p20_v04,4,False,1839,left,ice,0.2,4,73,337.8049011230469,0.0,-1,604,1.2667702337865257e-11,4.6844489080182205e-19,0.9999991921932436,8.077940887307127e-07,0.7641100156148227
0,0,high_normal,sand_solref_interpolation_2of3_0p10_v04,4,False,1819,left,sand,0.1,2,17,59.969791412353516,303.41796875,-1,-1,1.4754175705625517e-10,2.567999165179581e-18,0.9999992625963041,7.372561539474884e-07,4.393497602688511e-07
0,0,high_normal,ice_native_0p10_v04,4,False,639,right,ice,0.1,2,13,66.83921813964844,354.8072509765625,-1,161,2.2334669604031708e-20,9.088710938741968e-17,0.9999993607759141,6.392240858530082e-07,0.9999999987317933
0,0,high_normal,sand_solref_interpolation_3of4_stronger_v2_0p10_v04,4,False,1949,left,sand,0.1,3,112,540.8285522460938,24.447071075439453,-1,-1,2.2178788746717864e-15,2.8296472690274086e-21,0.9999994558683213,5.441316765547978e-07,0.9958190532300887
0,0,high_normal,ice_native_0p20_v04,4,False,1379,right,ice,0.2,2,16,45.540409088134766,170.75173950195312,-1,181,3.2239280042710266e-09,7.995699887995412e-17,0.9999995463538893,4.5042218265759276e-07,0.16578643422704673
0,0,high_normal,ice_native_0p15_v01,1,False,2239,left,ice,0.15,3,79,286.0079345703125,0.0,-1,627,1.4219326357016653e-08,2.1406843277097488e-07,0.9999995949328087,1.7677943233172047e-07,0.00028308209409720836
0,0,high_normal,ice_native_0p15_v04,4,False,549,left,ice,0.15,2,16,179.34461975097656,0.0,-1,306,2.3998060040218693e-19,1.9171912489480495e-20,0.9999996430863388,3.569136610435798e-07,0.9999211749965937
0,0,high_normal,ice_native_0p10_v04,4,False,709,right,ice,0.1,3,52,147.77638244628906,60.93057632446289,-1,231,6.429072487398394e-17,1.1772987121831536e-11,0.9999997460934856,2.538947413182226e-07,0.9999999032284594
0,0,high_normal,ice_native_0p15_v04,4,False,739,right,ice,0.15,3,85,166.35360717773438,237.3679656982422,-1,370,7.478295173716972e-15,1.623939077854354e-07,0.9999998363966706,1.2094141499057258e-09,0.999999630212463
0,0,high_normal,ice_native_0p10_v04,4,False,569,right,ice,0.1,2,16,65.9469985961914,757.5419921875,-1,91,1.0807755849635824e-14,2.219319796551435e-23,0.9999998368153693,1.6318461990073956e-07,2.2605321508024906e-05
0,0,high_normal,sand_solref_interpolation_3of4_stronger_v2_0p10_v01,1,False,1379,right,sand,0.1,3,173,362.7911376953125,325.4063720703125,-1,-1,4.326695482373177e-16,7.630244730171463e-20,0.9999999046983803,9.530161932337738e-08,0.8758765635360087
0,0,high_normal,sand_solref_interpolation_3of4_stronger_v2_0p10_v04,4,False,1999,left,sand,0.1,3,162,400.13299560546875,0.0,-1,-1,1.2795122398678907e-23,3.588517189297487e-29,0.9999999052304548,9.476954515928585e-08,0.9999999999999982
0,0,high_normal,sand_solref_interpolation_3of4_stronger_v2_0p10_v01,1,False,1369,right,sand,0.1,3,163,388.98516845703125,297.95623779296875,-1,-1,4.045931928282031e-15,4.480432937096229e-18,0.9999999294948202,7.050517585384817e-08,0.8938679156785667
0,0,high_normal,ice_native_0p10_v04,4,False,699,right,ice,0.1,3,42,145.09173583984375,251.46548461914062,-1,221,1.9287461226178084e-19,2.8118766856980436e-16,0.999999933625078,6.63749218076869e-08,0.9999999967330329
0,0,high_normal,ice_native_0p20_v04,4,False,1819,left,ice,0.2,3,53,418.5419006347656,0.0,-1,584,1.0813715757646206e-14,4.1552320693065797e-11,0.999999941837959,5.8120477780808315e-08,0.008615218967711115
0,0,high_normal,ice_native_0p20_v04,4,False,1389,right,ice,0.2,2,26,193.66868591308594,167.0120086669922,-1,191,7.263212224548889e-10,2.1464363749022853e-14,0.999999942595514,5.667814345336219e-08,0.06615448480157085
0,0,high_normal,sand_solref_interpolation_3of4_stronger_v2_0p10_v04,4,False,1929,left,sand,0.1,3,92,552.5078735351562,539.897705078125,-1,-1,2.489233720936852e-16,1.0462653583863244e-21,0.9999999510728579,4.8927141919703623e-08,0.9999738854849008
0,0,high_normal,sand_solref_interpolation_5of6_stronger_v2_0p10_v04,4,False,2009,left,sand,0.1,3,141,396.2587890625,0.0,-1,-1,2.610518069932386e-21,1.7974727136846786e-28,0.9999999634957071,3.6504292838946517e-08,0.9999999999092835
0,0,high_normal,ice_native_0p10_v04,4,False,719,right,ice,0.1,3,62,147.4393310546875,242.1063232421875,-1,241,1.5026100360329043e-16,1.911750358511286e-11,0.9999999743483712,2.5632511176863254e-08,0.9999805333531351
0,0,high_normal,sand_solref_interpolation_5of6_stronger_v2_0p10_v04,4,False,1939,left,sand,0.1,3,71,573.1443481445312,339.9496765136719,-1,-1,2.5280082560452144e-15,7.540121233947631e-19,0.9999999748531867,2.514681094081065e-08,0.24510631208972214
0,0,high_normal,ice_native_0p10_v04,4,False,729,right,ice,0.1,3,72,151.28018188476562,226.08302307128906,-1,251,3.319784197568272e-15,7.919945876536678e-09,0.9999999811986221,1.0881428599137768e-08,0.9919847841564378
0,0,high_normal,sand_solref_interpolation_2of3_0p15_v01,1,False,1669,left,sand,0.15,3,113,110.8805923461914,0.0,-1,-1,4.1857265501901874e-36,1.12803910095085e-37,0.9999999812150046,1.8784995423739013e-08,0.9999999995141886
0,0,high_normal,ice_native_0p20_v04,4,False,1829,left,ice,0.2,3,63,340.8288269042969,0.0,-1,594,1.9314730210978415e-13,7.715345042036594e-18,0.9999999860576176,1.3942189106373737e-08,0.6206577289529844
0,0,high_normal,sand_solref_interpolation_3of4_stronger_v2_0p10_v04,4,False,1939,left,sand,0.1,3,102,542.465576171875,514.75390625,-1,-1,3.476937188032807e-16,2.4596087154293196e-20,0.9999999864868534,1.3513146279775591e-08,0.9999641161722357
0,0,high_normal,ice_native_0p10_v04,4,False,539,left,ice,0.1,2,21,139.05064392089844,54.491214752197266,-1,265,8.053092924471363e-19,4.251453176687819e-21,0.9999999879666374,1.2033362627738151e-08,0.9999956835061865
0,0,high_normal,sand_solref_interpolation_5of6_stronger_v2_0p15_v01,1,False,1999,left,sand,0.15,2,12,80.44302368164062,0.0,-1,84,1.895116183709872e-15,2.99472416153015e-28,0.9999999900922395,9.907758409579475e-09,7.822346873471834e-10
0,0,high_normal,ice_native_0p10_v04,4,False,689,right,ice,0.1,3,32,153.80575561523438,254.20257568359375,-1,211,4.085613209758091e-21,8.566738025839452e-18,0.999999992197996,7.802004070126214e-09,0.9999999999713354
0,0,high_normal,sand_solref_interpolation_2of3_0p15_v01,1,False,1679,left,sand,0.15,4,123,107.96260070800781,0.0,-1,-1,7.875268260932005e-42,1.226187151223371e-40,0.9999999926674312,7.332568612944279e-09,0.9999999999999998
0,0,high_normal,sand_solref_interpolation_3of4_stronger_v2_0p10_v04,4,False,2379,left,sand,0.1,2,26,69.85202026367188,394.5026550292969,-1,-1,6.974972058362034e-12,6.661865566907556e-14,0.9999999934398716,6.553086704909406e-09,2.1217207189813195e-09
0,0,high_normal,ice_native_0p10_v04,4,False,739,right,ice,0.1,3,82,151.81552124023438,93.94734191894531,-1,261,2.6944809324986664e-16,5.701700115622882e-10,0.999999994768842,4.660987545580375e-09,0.9990404709823596
0,0,high_normal,ice_native_0p10_v04,4,False,649,right,ice,0.1,2,23,113.53102111816406,332.77911376953125,-1,171,1.0620461940524023e-22,1.287839403350315e-20,0.9999999948048512,5.19514878012265e-09,0.9999999999981906
0,0,high_normal,sand_solref_interpolation_5of6_stronger_v2_0p15_v01,1,False,1659,left,sand,0.15,3,111,117.53811645507812,0.0,-1,-1,3.7498237010370297e-38,4.20151861601498e-39,0.9999999955675118,4.4324880506483744e-09,0.9999997280638249
0,0,high_normal,sand_solref_interpolation_2of3_0p10_v04,4,False,1919,left,sand,0.1,3,117,459.5905456542969,0.0,-1,-1,1.0239469374970384e-27,1.0142341801188282e-33,0.999999996644499,3.3555009840092957e-09,0.9999999987206112
0,0,high_normal,sand_solref_interpolation_3of4_stronger_v2_0p10_v04,4,False,2009,left,sand,0.1,3,172,381.6873779296875,0.0,-1,-1,2.946392165527426e-28,3.487162410268634e-34,0.9999999982113534,1.7886464721117239e-09,1.0
0,0,high_normal,sand_solref_interpolation_3of4_stronger_v2_0p10_v04,4,False,2019,left,sand,0.1,3,182,368.13238525390625,0.0,-1,-1,6.050911683962745e-29,1.9975978233799798e-36,0.9999999987965007,1.2034993691735298e-09,0.9999999999993687
0,0,high_normal,sand_solref_interpolation_5of6_stronger_v2_0p15_v01,1,False,1669,left,sand,0.15,4,121,97.63375854492188,0.0,-1,-1,3.34404920918379e-45,2.1345400995050115e-44,0.9999999988385222,1.1614778764380942e-09,0.9999999999999998
0,0,high_normal,ice_native_0p15_v04,4,False,679,right,ice,0.15,2,25,104.11331939697266,134.0405731201172,-1,310,1.2921240101984754e-20,1.521678119004679e-15,0.9999999997066473,2.9335112858964345e-10,1.0
0,0,high_normal,sand_solref_interpolation_3of4_stronger_v2_0p15_v01,1,False,1669,left,sand,0.15,4,118,103.72089385986328,0.0,-1,-1,6.240685271915131e-43,7.915696033449035e-43,0.9999999997264128,2.7358707521593553e-10,0.9999999999998488
0,0,high_normal,ice_native_0p10_v04,4,False,679,right,ice,0.1,2,22,136.22201538085938,269.4984130859375,-1,201,8.364120792748637e-22,1.9907447466738223e-19,0.9999999997293099,2.706901664031682e-10,0.9999999999973657
0,0,high_normal,ice_native_0p15_v04,4,False,729,right,ice,0.15,3,75,175.12176513671875,237.00148010253906,-1,360,3.05663040360382e-17,1.0394279972622794e-10,0.9999999997404261,1.556310121533092e-10,0.9999999908805478
0,0,high_normal,ice_native_0p15_v04,4,False,719,right,ice,0.15,3,65,91.11851501464844,237.70260620117188,-1,350,1.0319408219165605e-18,5.891628116947936e-15,0.999999999743481,2.5651296186568233e-10,0.9999999999915596
0,0,high_normal,ice_native_0p10_v04,4,False,529,left,ice,0.1,2,11,167.62022399902344,46.558921813964844,-1,255,9.649184220662166e-17,2.345114999861049e-16,0.9999999998083839,1.9161581408811025e-10,0.9996595096906775
0,0,high_normal,sand_solref_interpolation_3of4_stronger_v2_0p10_v04,4,False,2369,left,sand,0.1,2,16,77.23894500732422,403.3929748535156,-1,-1,2.797854983792464e-13,3.413102965773948e-14,0.9999999998829634,1.1672254465760867e-10,3.483523182638936e-10
0,0,high_normal,ice_native_0p15_v04,4,False,669,right,ice,0.15,2,15,105.62850952148438,320.5626220703125,-1,300,7.187976525682973e-22,1.0069083084901815e-17,0.999999999891845,1.0815498624814987e-10,1.0
0,0,high_normal,sand_solref_interpolation_5of6_stronger_v2_0p10_v04,4,False,1999,left,sand,0.1,3,131,502.8874206542969,0.0,-1,-1,9.000929964523974e-21,3.412321206664846e-27,0.9999999999084117,9.158821217634892e-11,0.9999995690813778
0,0,high_normal,ice_native_0p20_v01,1,False,1889,right,ice,0.2,2,18,346.4377746582031,0.0,-1,18,3.034954215293552e-20,6.683515621361635e-42,0.9999999999692413,3.075875709224622e-11,1.28334934495317e-09
0,0,high_normal,sand_solref_interpolation_2of3_0p10_v04,4,False,1939,left,sand,0.1,4,137,108.98286437988281,0.0,-1,-1,5.508957666514517e-40,4.146079567803366e-39,0.9999999999782836,2.1716472352882842e-11,1.0
0,0,high_normal,sand_solref_interpolation_5of6_stronger_v2_0p10_v04,4,False,1979,left,sand,0.1,3,111,551.6400146484375,0.0,-1,-1,2.8208666890271854e-17,1.822247823607661e-21,0.9999999999795892,2.0410891664595556e-11,0.3075503184964559
0,0,high_normal,ice_native_0p15_v04,4,False,689,right,ice,0.15,3,35,82.59617614746094,260.7183837890625,-1,320,4.146098441180922e-23,2.37981865455718e-19,0.999999999990635,9.365009994081577e-12,1.0
0,0,high_normal,ice_native_0p15_v04,4,False,709,right,ice,0.15,3,55,161.3005828857422,242.0523681640625,-1,340,1.7211317813629795e-20,6.63334010674897e-16,0.9999999999915852,8.414207632168345e-12,0.9999999999999505
0,0,high_normal,sand_solref_interpolation_5of6_stronger_v2_0p10_v04,4,False,1949,left,sand,0.1,3,81,573.7700805664062,428.9186706542969,-1,-1,2.6361197622188726e-17,2.4118604145838133e-20,0.9999999999941949,5.805028603788845e-12,0.32075004641276655
0,0,high_normal,ice_native_0p10_v04,4,False,669,right,ice,0.1,2,12,143.69580078125,280.4990234375,-1,191,7.073315695258352e-23,7.492226465686801e-22,0.9999999999954887,4.511196435078624e-12,0.9999999999993394
0,0,high_normal,sand_solref_interpolation_2of3_0p10_v04,4,False,2539,left,sand,0.1,4,176,445.29522705078125,0.0,-1,15,1.4979287938968942e-21,2.728018393497927e-12,0.999999999997272,4.980137654175141e-20,7.26695282180071e-06
0,0,high_normal,sand_solref_interpolation_2of3_0p15_v01,1,False,1899,left,sand,0.15,2,14,74.7042465209961,455.69903564453125,-1,-1,1.4509033959569316e-42,1.583340423218732e-70,0.9999999999976819,2.318046149208815e-12,0.9965776959335862
0,0,high_normal,ice_native_0p20_v01,1,False,1899,right,ice,0.2,2,28,331.2813415527344,0.0,-1,28,1.3460859836991652e-21,2.5774762732734323e-44,0.9999999999978131,2.186915546171301e-12,8.570437191081013e-07
0,0,high_normal,sand_solref_interpolation_3of4_stronger_v2_0p10_v04,4,False,1959,left,sand,0.1,3,122,533.8170166015625,0.0,-1,-1,2.5321898888467277e-20,1.7920409846268134e-25,0.9999999999982789,1.7210568004806128e-12,0.9999872986340381
0,0,high_normal,sand_solref_interpolation_5of6_stronger_v2_0p10_v04,4,False,1959,left,sand,0.1,3,91,564.27880859375,415.77447509765625,-1,-1,8.244628915147148e-17,6.049831344542964e-19,0.9999999999983162,1.6838728480608318e-12,0.07542782166500635
0,0,high_normal,sand_solref_interpolation_2of3_0p10_v04,4,False,2529,left,sand,0.1,3,166,458.0986328125,0.0,-1,5,6.7358632525636165e-18,1.3377282588242392e-12,0.9999999999986233,3.896532171002417e-14,2.7386411506786135e-06
0,0,high_normal,sand_solref_interpolation_5of6_stronger_v2_0p10_v04,4,False,1989,left,sand,0.1,3,121,503.4676513671875,0.0,-1,-1,1.110848443784554e-20,7.547735575273016e-27,0.9999999999990785,9.213915003795525e-13,0.9996712842178943
0,0,high_normal,ice_native_0p20_v01,1,False,1939,right,ice,0.2,2,15,203.41390991210938,0.0,-1,68,1.0473148229404005e-19,8.683465754960305e-42,0.9999999999995353,4.646785213166604e-13,0.5991144475204039
0,0,high_normal,sand_solref_interpolation_3of4_stronger_v2_0p10_v04,4,False,1989,left,sand,0.1,3,152,386.68896484375,0.0,-1,-1,1.4015964983455287e-25,4.277052880360677e-32,0.9999999999995433,4.568473093570966e-13,0.9999999999999987
0,0,high_normal,sand_solref_interpolation_2of3_0p10_v04,4,False,1929,left,sand,0.1,3,127,103.12268829345703,0.0,-1,-1,4.604739192244391e-37,9.4539698232417e-40,0.9999999999996336,3.663384911269765e-13,0.9999999999951328
0,0,high_normal,sand_solref_interpolation_3of4_stronger_v2_0p10_v04,4,False,1969,left,sand,0.1,3,132,484.2256774902344,0.0,-1,-1,8.73975079844317e-24,6.492813855166744e-31,0.9999999999996687,3.31296005129326e-13,0.9999999987077961
0,0,high_normal,ice_native_0p15_v04,4,False,699,right,ice,0.15,3,45,136.87677001953125,254.2215118408203,-1,330,1.0612497553921958e-23,1.4943250062617876e-19,0.9999999999997664,2.335822171163409e-13,0.9999999999999998
0,0,high_normal,sand_solref_interpolation_5of6_stronger_v2_0p10_v04,4,False,1969,left,sand,0.1,3,101,539.6635131835938,514.8196411132812,-1,-1,2.7580009924949505e-18,2.760630119457443e-19,0.9999999999999534,4.652193896901321e-14,0.10076930348616119
0,0,high_normal,sand_solref_interpolation_3of4_stronger_v2_0p10_v04,4,False,1979,left,sand,0.1,3,142,482.70843505859375,0.0,-1,-1,1.4843340157983202e-25,7.44964945594591e-32,0.9999999999999993,7.591330991440149e-16,0.9999999999939171
0,0,high_normal,sand_solref_interpolation_2of3_0p15_v01,1,False,1909,left,sand,0.15,2,24,63.28834533691406,450.72186279296875,-1,-1,2.4447728822092448e-42,8.387570161968914e-66,1.0,9.494412476706215e-20,0.031070881940460975
0,0,high_normal,sand_solref_interpolation_2of3_0p15_v01,1,False,1919,left,sand,0.15,4,34,49.08671951293945,434.47064208984375,-1,-1,1.4826442059873383e-45,7.41014201578187e-70,1.0,3.4056980177669427e-26,0.9523008684099781
0,0,high_normal,sand_solref_interpolation_2of3_0p10_v04,4,False,2159,left,sand,0.1,2,28,49.329750061035156,444.8045654296875,-1,-1,1.9840177393397535e-35,1.7015779246296944e-53,1.0,2.191441657548769e-17,0.08266882469453715
0,0,high_normal,sand_solref_interpolation_2of3_0p10_v04,4,False,2829,left,sand,0.1,2,14,349.21490478515625,0.0,-1,305,2.317543304291341e-27,9.131466924414083e-31,1.0,8.670396096257988e-17,0.006999583920229973
0,0,high_normal,sand_solref_interpolation_2of3_0p10_v04,4,False,2839,left,sand,0.1,2,24,348.1382141113281,0.0,-1,315,1.416015627109749e-29,3.558209709712262e-32,1.0,1.6253976453181614e-17,0.987768365160574
0,0,high_normal,sand_solref_interpolation_2of3_0p10_v04,4,False,2849,left,sand,0.1,3,34,343.96197509765625,0.0,-1,325,1.862823202989181e-33,3.212169292633299e-33,1.0,4.485726986431229e-18,0.9999429221749696
0,0,high_normal,sand_solref_interpolation_2of3_0p10_v04,4,False,2859,left,sand,0.1,4,44,174.2414093017578,0.0,-1,335,5.558115182267333e-35,3.6430738118032e-33,1.0,1.539957818829863e-20,0.999911169531448
0,0,high_early_precursor,sand_solref_interpolation_5of6_stronger_v2_0p10_v01,1,False,1029,left,sand,0.1,3,624,706.7249755859375,20.664714813232422,197,-1,2.394253201376174e-05,0.0008792291095944842,0.9892049324426965,0.009891895915695201,0.9969543591076219
0,0,high_early_precursor,sand_solref_interpolation_2of3_0p15_v01,1,False,1359,right,sand,0.15,3,620,415.3011474609375,44.89186477661133,267,-1,5.81955129351489e-07,1.9752886627902998e-09,0.989728816290459,0.010270599779122863,0.9995978473704229
0,0,high_early_precursor,ice_native_0p10_v04,4,False,1079,left,ice,0.1,3,33,163.57464599609375,150.7023468017578,211,216,0.001533296866040346,1.6041682839759061e-06,0.9900036006076562,0.008461498358019315,0.010529008884714934
0,0,high_early_precursor,sand_solref_interpolation_2of3_0p10_v04,4,False,1589,right,sand,0.1,3,620,390.54840087890625,93.65483093261719,248,-1,6.805054104470083e-06,6.605501530548675e-10,0.9912414159278242,0.008751778357520983,0.9995674996088082
0,0,high_early_precursor,sand_solref_interpolation_3of4_stronger_v2_0p15_v01,1,False,1289,right,sand,0.15,3,551,110.97453308105469,368.9363708496094,305,-1,2.4650728467253515e-05,1.646158159513406e-05,0.9926303540405309,0.007328533649406623,0.36117084268740884
0,0,high_early_precursor,ice_native_0p10_v04,4,False,1069,left,ice,0.1,2,23,163.8235321044922,154.7828826904297,221,206,0.0032336995579039,7.497826712703967e-07,0.9926910285087068,0.004074522150718098,0.0007505101880536291
0,0,high_early_precursor,sand_solref_interpolation_3of4_stronger_v2_0p15_v01,1,False,1339,right,sand,0.15,3,601,224.56309509277344,180.05532836914062,255,-1,4.593790917354566e-06,8.005993627546785e-10,0.9939077196067377,0.006087685801745537,0.9979650981197723
0,0,high_early_precursor,ice_native_0p10_v04,4,False,1129,left,ice,0.1,3,83,407.71734619140625,72.47863006591797,161,266,4.127915879513537e-05,0.0017865494752511877,0.9940598921775753,0.0041122791883785115,0.08230355634732324
0,0,high_early_precursor,sand_solref_interpolation_3of4_stronger_v2_0p15_v01,1,False,1299,right,sand,0.15,3,561,112.72406005859375,357.7901306152344,295,-1,7.0520780661887855e-06,6.541467680215258e-07,0.9943175958358909,0.0056746979392748855,0.44861485434880066
0,0,high_early_precursor,sand_solref_interpolation_2of3_0p10_v04,4,False,1519,right,sand,0.1,3,550,118.11804962158203,414.31414794921875,318,-1,0.00015497517454175522,0.0003908253608979948,0.9944825118241647,0.004971687640395655,0.20649678762815865
0,0,high_early_precursor,sand_solref_interpolation_2of3_0p15_v01,1,False,1349,right,sand,0.15,3,610,418.1198425292969,50.0030517578125,277,-1,3.1745141675037408e-06,6.113504366593237e-09,0.9964281947312826,0.003568624641045427,0.9991100451327323
0,0,high_early_precursor,sand_solref_interpolation_5of6_stronger_v2_0p10_v01,1,False,989,left,sand,0.1,3,584,262.13421630859375,205.59915161132812,237,-1,5.3720878915235216e-05,0.002939034696913565,0.9969053747178974,0.00010186970627382202,0.7627095972928314
0,0,high_early_precursor,sand_solref_interpolation_5of6_stronger_v2_0p15_v01,1,False,1309,right,sand,0.15,3,572,125.15182495117188,280.1209411621094,266,-1,1.4255179505774643e-06,6.864142259753539e-10,0.9969908556857577,0.0030077181098774036,0.6450161494764812
0,0,high_early_precursor,sand_solref_interpolation_5of6_stronger_v2_0p15_v01,1,False,1329,right,sand,0.15,3,592,247.78843688964844,157.05126953125,246,-1,2.3610272449830525e-06,2.658123226381255e-11,0.9971424767768416,0.0028551621693322323,0.9980265619974721
0,0,high_early_precursor,sand_solref_interpolation_3of4_stronger_v2_0p15_v01,1,False,1349,right,sand,0.15,3,611,436.4698181152344,24.6621150970459,245,-1,6.068847882785838e-07,1.7284321393090458e-11,0.9975689229466631,0.0024304701512642135,0.9998885751624651
0,0,high_early_precursor,sand_solref_interpolation_3of4_stronger_v2_0p15_v01,1,False,1279,right,sand,0.15,3,541,122.16321563720703,405.0384521484375,315,-1,7.619306730172781e-05,0.000994487652229756,0.997739345415184,0.0011899738652845543,0.5847784093416558
0,0,high_early_precursor,sand_solref_interpolation_5of6_stronger_v2_0p15_v01,1,False,1349,right,sand,0.15,3,612,467.8301086425781,0.0,226,-1,3.877143774998321e-06,1.0505027005831142e-12,0.9981624071245089,0.0018337157306657261,0.9997555102306377
0,0,high_early_precursor,sand_solref_interpolation_5of6_stronger_v2_0p10_v04,4,False,1599,right,sand,0.1,3,39,433.67730712890625,15.154287338256836,256,-1,0.000921959333597803,4.104564204991562e-10,0.99836679606363,0.0007112441923158112,0.6113539503787908
0,0,high_early_precursor,sand_solref_interpolation_5of6_stronger_v2_0p15_v01,1,False,1269,right,sand,0.15,3,532,117.5170669555664,407.4385070800781,306,-1,0.00011376609891506443,0.0011464538018233418,0.998523842976736,0.00021593712252559566,0.5741112836427734
0,0,high_early_precursor,sand_solref_interpolation_5of6_stronger_v2_0p15_v01,1,False,1319,right,sand,0.15,3,582,126.78878784179688,271.843994140625,256,-1,1.0691383587214983e-06,7.933483152464996e-11,0.9985419629993401,0.0014569677829663551,0.91468881413604
0,0,high_early_precursor,sand_solref_interpolation_3of4_stronger_v2_0p10_v04,4,False,1599,right,sand,0.1,3,36,390.9412841796875,41.22715377807617,257,-1,0.000692083905642521,6.554207707020241e-10,0.9987645136313634,0.0005434018075733324,0.07924388100436663
0,0,high_early_precursor,sand_solref_interpolation_5of6_stronger_v2_0p15_v01,1,False,1289,right,sand,0.15,3,552,106.5002212524414,354.5982666015625,286,-1,5.413696361964248e-06,3.9444705172147306e-07,0.9990576804433843,0.0009365114132018956,0.4146072330470175
0,0,high_early_precursor,sand_solref_interpolation_5of6_stronger_v2_0p15_v01,1,False,1299,right,sand,0.15,3,562,108.93946838378906,343.37542724609375,276,-1,1.8613735120961822e-06,1.8825435844506524e-08,0.9991679896842733,0.0008301301167788083,0.5513353236018657
0,0,high_early_precursor,sand_solref_interpolation_5of6_stronger_v2_0p10_v01,1,False,1009,left,sand,0.1,3,604,427.447998046875,54.24079132080078,217,-1,4.8300943108724364e-05,0.00014234943987591147,0.999359420017918,0.00044992959909735295,0.8967839324904795
0,0,high_early_precursor,sand_solref_interpolation_5of6_stronger_v2_0p10_v01,1,False,999,left,sand,0.1,3,594,268.1271057128906,199.7308349609375,227,-1,3.671774453239498e-05,0.0003623687273931056,0.9995272994590848,7.361406898981914e-05,0.8821564929044816
0,0,high_early_precursor,sand_solref_interpolation_5of6_stronger_v2_0p10_v01,1,False,1019,left,sand,0.1,3,614,439.9768371582031,54.357181549072266,207,-1,1.6343778264423453e-05,0.00030033833345679623,0.9995884559266586,9.486196162012282e-05,0.8139489794764526
0,0,high_early_precursor,ice_native_0p10_v04,4,False,1119,left,ice,0.1,3,73,315.0818176269531,117.64318084716797,171,256,0.00010994217551597912,0.00027665450027476046,0.9996046126386945,8.790685514721283e-06,0.02894619476936126
0,0,high_early_precursor,sand_solref_interpolation_5of6_stronger_v2_0p15_v01,1,False,1279,right,sand,0.15,3,542,121.97992706298828,395.7960510253906,296,-1,2.3661528194777927e-05,3.716748898867606e-05,0.9996661641211677,0.00027300686164877816,0.5598859172940885
0,0,high_early_precursor,ice_native_0p20_v01,1,False,2369,right,ice,0.2,3,42,220.99533081054688,153.4545440673828,217,83,5.2355209118675727e-08,6.45752081611375e-09,0.9998401843940103,0.00015975679325964817,0.8690192865674732
0,0,high_early_precursor,sand_solref_interpolation_3of4_stronger_v2_0p10_v04,4,False,1589,right,sand,0.1,2,26,390.8460388183594,56.60520935058594,267,-1,0.00010709982636151372,6.505328059655281e-10,0.9998926127343276,2.867887779202393e-07,0.04538969160939791
0,0,high_early_precursor,sand_solref_interpolation_5of6_stronger_v2_0p10_v04,4,False,1589,right,sand,0.1,2,29,437.1778259277344,20.117557525634766,266,-1,4.9753899692560655e-05,6.562983966726497e-10,0.9999501915925749,5.385143421412414e-08,0.2090244598795503
0,0,high_early_precursor,ice_native_0p10_v04,4,False,1089,left,ice,0.1,3,43,235.26705932617188,153.23770141601562,201,226,3.3612026336685914e-05,3.9185518514877825e-06,0.9999525050303277,9.964391484125863e-06,0.015474735443993458
0,0,high_early_precursor,ice_native_0p15_v04,4,False,1909,right,ice,0.15,2,30,188.41848754882812,248.09939575195312,105,243,4.891126710485046e-13,4.173915818031204e-05,0.9999582025082066,5.833312410977778e-08,0.998123905852665
0,0,high_early_precursor,ice_native_0p10_v04,4,False,1339,right,ice,0.1,2,16,142.98928833007812,208.76657104492188,103,223,2.220531717122233e-06,1.9676769641521243e-05,0.999978102696206,2.4354278527449458e-12,9.02157401247147e-06
0,0,high_early_precursor,ice_native_0p20_v04,4,False,769,right,ice,0.2,3,53,231.38287353515625,232.37832641601562,306,397,2.897786434345524e-16,3.3033986803914227e-07,0.9999851361632547,1.4533496877143084e-05,0.9999999987810573
0,0,high_early_precursor,sand_solref_interpolation_5of6_stronger_v2_0p10_v04,4,False,1579,right,sand,0.1,2,19,219.8201904296875,173.22320556640625,276,-1,1.328406365131178e-05,5.674168688366677e-08,0.9999865434883447,1.1570631716626108e-07,0.006606074725171586
0,0,high_early_precursor,ice_native_0p10_v04,4,False,2319,left,ice,0.1,2,12,569.7920532226562,0.0,119,275,4.043295187669771e-12,3.3044952899541007e-12,0.999986632114266,1.3367878386174836e-05,0.04077070285743785
0,0,high_early_precursor,ice_native_0p15_v04,4,False,1899,right,ice,0.15,2,20,337.2130126953125,255.3349609375,115,233,1.1458517935851753e-13,1.1333227154424309e-06,0.9999877637727548,1.1102904415121026e-05,0.9996922578496009
0,0,high_early_precursor,ice_native_0p10_v04,4,False,1099,left,ice,0.1,3,53,234.689453125,148.7386474609375,191,236,6.911701040586665e-06,2.35600523560523e-06,0.9999906512136753,8.10800485686272e-08,0.026822750775919925
0,0,high_early_precursor,sand_solref_interpolation_3of4_stronger_v2_0p10_v04,4,False,1579,right,sand,0.1,2,16,175.55392456054688,189.9727325439453,277,-1,7.817536248071123e-06,4.858740738560081e-08,0.9999920416488902,9.222745445652953e-08,0.001980227776908587
0,0,high_early_precursor,ice_native_0p10_v04,4,False,1109,left,ice,0.1,3,63,327.04412841796875,120.24960327148438,181,246,6.386156027216717e-07,6.376384612706411e-07,0.9999987147723504,8.973585639766008e-09,0.009505142864823596
0,0,high_early_precursor,ice_native_0p20_v01,1,False,2339,right,ice,0.2,2,12,133.32022094726562,179.13742065429688,247,53,9.207649759995665e-12,1.2835762100133686e-08,0.9999999870142058,1.408245143521565e-10,0.9992355867327252
0,0,high_early_precursor,ice_native_0p20_v04,4,False,759,right,ice,0.2,3,43,236.88961791992188,245.694580078125,316,387,3.626170548493744e-21,1.748467556465592e-13,0.9999999992806798,7.191453835806223e-10,0.9999999997934086
0,0,high_early_precursor,ice_native_0p20_v04,4,False,749,right,ice,0.2,3,33,266.4488525390625,257.8204650878906,326,377,2.18481218655956e-23,3.3378670258491396e-18,0.9999999998626183,1.3738170486159835e-10,0.9999999999537159
0,0,high_early_precursor,ice_native_0p20_v04,4,False,739,right,ice,0.2,2,23,306.26898193359375,110.8774642944336,336,367,2.0018118254980053e-24,6.1372892530592796e-18,0.999999999999484,5.15987012590428e-13,0.9999999999999083
0,0,high_early_precursor,ice_native_0p20_v04,4,False,729,right,ice,0.2,2,13,388.37200927734375,104.54888916015625,346,357,9.62353628106853e-25,1.2024021038046504e-18,0.9999999999998777,1.224096980444798e-13,0.99999999999997
0,0,wrong_foot,ice_native_0p20_v01,1,False,2309,right,ice,0.2,2,23,107.45931243896484,192.2647705078125,-1,23,5.8858998547542215e-12,1.8662472539286102e-11,0.9999651800953678,3.4819880083835046e-05,0.9986276627121589
0,0,wrong_foot,ice_native_0p10_v01,1,False,459,right,ice,0.1,2,22,321.45867919921875,237.90435791015625,-1,192,2.6024574210952186e-13,2.359091909723197e-07,0.9987873288918354,0.0012124351987134472,0.9998546107176338
0,0,wrong_foot,sand_solref_interpolation_2of3_0p10_v04,4,False,1899,left,sand,0.1,3,97,552.0482177734375,622.5699462890625,-1,-1,3.927461782063841e-21,2.5357947673713658e-24,0.998705329571998,0.001294670428001951,0.999999998716719
0,0,wrong_foot,sand_solref_interpolation_2of3_0p10_v04,4,False,1889,left,sand,0.1,3,87,602.62646484375,652.4527587890625,-1,-1,1.4161432316142986e-20,1.1626662636384974e-26,0.9989263455585538,0.0010736544414464023,0.9999999916736334
0,0,wrong_foot,ice_native_0p10_v04,4,False,739,right,ice,0.1,3,82,151.81552124023438,93.94734191894531,-1,261,2.6944809324986664e-16,5.701700115622882e-10,0.999999994768842,4.660987545580375e-09,0.9990404709823596
0,0,wrong_foot,ice_native_0p20_v01,1,False,2339,right,ice,0.2,2,12,133.32022094726562,179.13742065429688,247,53,9.207649759995665e-12,1.2835762100133686e-08,0.9999999870142058,1.408245143521565e-10,0.9992355867327252
0,0,wrong_foot,sand_solref_interpolation_3of4_stronger_v2_0p15_v01,1,False,1649,left,sand,0.15,3,98,599.2284545898438,772.891357421875,-1,-1,7.172212093870746e-27,3.030722394336037e-27,0.9993950346730168,0.0006049653269832071,0.9999999999507905
0,0,wrong_foot,ice_native_0p10_v04,4,False,1919,right,ice,0.1,3,62,124.93079376220703,223.60858154296875,-1,255,1.6410457852883693e-11,6.305419654184511e-07,0.9996658080991766,0.0003335613424476218,0.9999884893761677
0,0,wrong_foot,sand_solref_interpolation_2of3_0p15_v01,1,False,1649,left,sand,0.15,3,93,609.2198486328125,756.0296630859375,-1,-1,4.969595115875185e-24,2.302569830573219e-25,0.999661934659043,0.0003380653409569289,0.999999999969369
0,0,wrong_foot,ice_native_0p15_v04,4,False,1899,right,ice,0.15,2,20,337.2130126953125,255.3349609375,115,233,1.1458517935851753e-13,1.1333227154424309e-06,0.9999877637727548,1.1102904415121026e-05,0.9996922578496009
0,0,wrong_foot,ice_native_0p10_v04,4,False,1909,right,ice,0.1,3,52,125.15695190429688,231.0878448486328,-1,245,1.0060852048056615e-12,3.182256947998557e-08,0.9998277390367734,0.0001722291396510375,0.9999077437883793
0,0,wrong_foot,ice_native_0p10_v01,1,False,519,right,ice,0.1,2,21,149.5619354248047,178.49627685546875,-1,252,9.783800618097596e-09,1.9153593835993108e-07,0.9999319270230349,6.787165722598434e-05,0.9999291118315063
0,0,wrong_foot,sand_solref_interpolation_3of4_stronger_v2_0p10_v04,4,False,1939,left,sand,0.1,3,102,542.465576171875,514.75390625,-1,-1,3.476937188032807e-16,2.4596087154293196e-20,0.9999999864868534,1.3513146279775591e-08,0.9999641161722357
0,0,wrong_foot,sand_solref_interpolation_3of4_stronger_v2_0p10_v04,4,False,1929,left,sand,0.1,3,92,552.5078735351562,539.897705078125,-1,-1,2.489233720936852e-16,1.0462653583863244e-21,0.9999999510728579,4.8927141919703623e-08,0.9999738854849008
0,0,wrong_foot,ice_native_0p15_v04,4,False,649,right,ice,0.15,2,12,59.147613525390625,244.46197509765625,-1,280,5.604954047880073e-17,3.346546368713086e-12,0.9999760509914173,2.394900523608224e-05,0.9999999998063194
0,0,wrong_foot,ice_native_0p10_v04,4,False,719,right,ice,0.1,3,62,147.4393310546875,242.1063232421875,-1,241,1.5026100360329043e-16,1.911750358511286e-11,0.9999999743483712,2.5632511176863254e-08,0.9999805333531351
0,0,wrong_foot,ice_native_0p20_v04,4,False,769,right,ice,0.2,3,53,231.38287353515625,232.37832641601562,306,397,2.897786434345524e-16,3.3033986803914227e-07,0.9999851361632547,1.4533496877143084e-05,0.9999999987810573
0,0,wrong_foot,ice_native_0p10_v01,1,False,509,right,ice,0.1,2,11,138.6596221923828,183.3444366455078,-1,242,1.614207148516022e-11,6.746350936132118e-10,0.9999980207849883,1.978524234549696e-06,0.9999971430175347
0,0,wrong_foot,ice_native_0p10_v04,4,False,639,right,ice,0.1,2,13,66.83921813964844,354.8072509765625,-1,161,2.2334669604031708e-20,9.088710938741968e-17,0.9999993607759141,6.392240858530082e-07,0.9999999987317933
0,0,wrong_foot,ice_native_0p10_v04,4,False,709,right,ice,0.1,3,52,147.77638244628906,60.93057632446289,-1,231,6.429072487398394e-17,1.1772987121831536e-11,0.9999997460934856,2.538947413182226e-07,0.9999999032284594
0,0,wrong_foot,ice_native_0p10_v04,4,False,699,right,ice,0.1,3,42,145.09173583984375,251.46548461914062,-1,221,1.9287461226178084e-19,2.8118766856980436e-16,0.999999933625078,6.63749218076869e-08,0.9999999967330329
0,0,wrong_foot,ice_native_0p10_v04,4,False,689,right,ice,0.1,3,32,153.80575561523438,254.20257568359375,-1,211,4.085613209758091e-21,8.566738025839452e-18,0.999999992197996,7.802004070126214e-09,0.9999999999713354
0,0,wrong_foot,ice_native_0p10_v04,4,False,649,right,ice,0.1,2,23,113.53102111816406,332.77911376953125,-1,171,1.0620461940524023e-22,1.287839403350315e-20,0.9999999948048512,5.19514878012265e-09,0.9999999999981906
0,0,wrong_foot,ice_native_0p20_v04,4,False,759,right,ice,0.2,3,43,236.88961791992188,245.694580078125,316,387,3.626170548493744e-21,1.748467556465592e-13,0.9999999992806798,7.191453835806223e-10,0.9999999997934086
0,0,wrong_foot,ice_native_0p15_v04,4,False,679,right,ice,0.15,2,25,104.11331939697266,134.0405731201172,-1,310,1.2921240101984754e-20,1.521678119004679e-15,0.9999999997066473,2.9335112858964345e-10,1.0
0,0,wrong_foot,ice_native_0p10_v04,4,False,679,right,ice,0.1,2,22,136.22201538085938,269.4984130859375,-1,201,8.364120792748637e-22,1.9907447466738223e-19,0.9999999997293099,2.706901664031682e-10,0.9999999999973657
0,0,wrong_foot,ice_native_0p15_v04,4,False,719,right,ice,0.15,3,65,91.11851501464844,237.70260620117188,-1,350,1.0319408219165605e-18,5.891628116947936e-15,0.999999999743481,2.5651296186568233e-10,0.9999999999915596
0,0,wrong_foot,ice_native_0p20_v04,4,False,749,right,ice,0.2,3,33,266.4488525390625,257.8204650878906,326,377,2.18481218655956e-23,3.3378670258491396e-18,0.9999999998626183,1.3738170486159835e-10,0.9999999999537159
0,0,wrong_foot,ice_native_0p15_v04,4,False,669,right,ice,0.15,2,15,105.62850952148438,320.5626220703125,-1,300,7.187976525682973e-22,1.0069083084901815e-17,0.999999999891845,1.0815498624814987e-10,1.0
0,0,wrong_foot,ice_native_0p15_v04,4,False,689,right,ice,0.15,3,35,82.59617614746094,260.7183837890625,-1,320,4.146098441180922e-23,2.37981865455718e-19,0.999999999990635,9.365009994081577e-12,1.0
0,0,wrong_foot,ice_native_0p15_v04,4,False,709,right,ice,0.15,3,55,161.3005828857422,242.0523681640625,-1,340,1.7211317813629795e-20,6.63334010674897e-16,0.9999999999915852,8.414207632168345e-12,0.9999999999999505
0,0,wrong_foot,ice_native_0p10_v04,4,False,669,right,ice,0.1,2,12,143.69580078125,280.4990234375,-1,191,7.073315695258352e-23,7.492226465686801e-22,0.9999999999954887,4.511196435078624e-12,0.9999999999993394
0,0,wrong_foot,ice_native_0p20_v04,4,False,739,right,ice,0.2,2,23,306.26898193359375,110.8774642944336,336,367,2.0018118254980053e-24,6.1372892530592796e-18,0.999999999999484,5.15987012590428e-13,0.9999999999999083
0,0,wrong_foot,ice_native_0p15_v04,4,False,699,right,ice,0.15,3,45,136.87677001953125,254.2215118408203,-1,330,1.0612497553921958e-23,1.4943250062617876e-19,0.9999999999997664,2.335822171163409e-13,0.9999999999999998
0,0,wrong_foot,ice_native_0p20_v04,4,False,729,right,ice,0.2,2,13,388.37200927734375,104.54888916015625,346,357,9.62353628106853e-25,1.2024021038046504e-18,0.9999999999998777,1.224096980444798e-13,0.99999999999997
0,1,high_normal,ice_native_0p20_v02,2,False,509,right,ice,0.2,3,63,416.4683532714844,0.0,-1,63,2.242809313330967e-09,0.08413885138284707,0.010932189113043443,0.9049289572613002,0.09067285117145721
0,1,high_normal,sand_solref_interpolation_2of3_0p20_v02,2,False,449,left,sand,0.2,3,166,391.63153076171875,0.0,688,-1,0.5945166823018457,0.3941119927761434,0.01136421230163938,7.112620371390263e-06,0.003537975193789115
0,1,high_normal,ice_native_0p20_v02,2,False,479,right,ice,0.2,3,33,302.3231201171875,118.8449935913086,-1,33,2.0827692213976018e-08,0.4562219674726869,0.011586713964674153,0.5321912977349468,0.043866113432000295
0,1,high_normal,concrete_native_0p20_v02,2,False,419,left,concrete,0.2,3,116,322.199462890625,0.0,-1,-1,0.9550913521378694,0.03258150552072334,0.012325100430825185,2.041910582082195e-06,0.00048355445515329664
0,1,high_normal,ice_native_0p20_v02,2,False,689,right,ice,0.2,4,99,278.19793701171875,0.0,-1,243,1.0492292430520639e-05,2.9439129520743206e-10,0.012946963485799384,0.9870425439273788,0.12284257396523994
0,1,high_normal,marble_native_0p20_v02,2,False,509,left,marble,0.2,3,204,327.6892395019531,0.0,-1,-1,0.8120617264581483,0.17381050345296137,0.014125436175652274,2.3339132381161597e-06,0.8626990137539345
0,1,high_normal,concrete_native_0p10_v02,2,False,479,left,concrete,0.1,3,176,319.32110595703125,0.0,-1,-1,0.9798231662889612,0.005630035174965915,0.014546607693580158,1.9084249272547196e-07,0.0020488479444866585
0,1,high_normal,concrete_native_0p10_v02,2,False,449,left,concrete,0.1,3,146,313.741943359375,0.0,-1,-1,0.9823874800801718,0.002972353140242129,0.014638823668813116,1.3431107727688787e-06,0.0003576526466571309
0,1,high_normal,ice_native_0p20_v02,2,False,1069,left,ice,0.2,2,19,108.08076477050781,280.56451416015625,-1,599,0.0008506783301325656,2.368591517008621e-10,0.01571531602669158,0.9834340054063168,0.0023095349207673667
0,1,high_normal,ice_native_0p10_v02,2,False,999,left,ice,0.1,2,24,158.82957458496094,236.081787109375,-1,24,3.6524048573077257e-10,4.3041348606025173e-16,0.015717673324910104,0.9842823263098489,0.016819406313908044
0,1,high_normal,ice_native_0p20_v02,2,False,1259,right,ice,0.2,3,289,360.39349365234375,0.0,-1,6,1.9856533346967404e-10,1.1446703613072989e-05,0.016187533053465437,0.9838010200443561,0.9997995684002072
0,1,high_normal,concrete_native_0p10_v02,2,False,459,left,concrete,0.1,3,156,315.86187744140625,0.0,-1,-1,0.9780230762992949,0.005348420583504066,0.016627970679427836,5.324377731929164e-07,0.00040928354722669254
0,1,high_normal,concrete_native_0p15_v02,2,False,479,left,concrete,0.15,3,176,319.90594482421875,0.0,-1,-1,0.9796987575685616,0.0036588117156745354,0.01664223416582143,1.9654994235217224e-07,0.005055092549619359
0,1,high_normal,concrete_native_0p15_v02,2,False,449,left,concrete,0.15,3,146,314.58636474609375,0.0,-1,-1,0.9801485528997023,0.002554500563810539,0.017295832321398568,1.1142150887020342e-06,0.000759774159157815
0,1,high_normal,ice_native_0p20_v02,2,False,2479,right,ice,0.2,3,97,334.343505859375,0.0,-1,97,6.555600414154568e-09,0.010058541346456196,0.017684693334084806,0.9722567587638585,0.982285951513302
0,1,high_normal,sand_solref_interpolation_3of4_stronger_v2_0p20_v02,2,False,459,left,sand,0.2,3,179,375.77545166015625,0.0,523,-1,0.7631802184171221,0.21898212168524925,0.017828170063998627,9.489833630134823e-06,0.007105134975396544
0,1,high_normal,ice_native_0p20_v02,2,False,679,right,ice,0.2,3,89,290.4974060058594,0.0,-1,233,9.616210254146903e-06,6.827585886168794e-09,0.018384564934238623,0.9816058120279213,0.25351964790878473
0,1,high_normal,concrete_native_0p15_v02,2,False,459,left,concrete,0.15,3,156,316.32244873046875,0.0,-1,-1,0.9770946066574646,0.0038052370987478436,0.01909965899945555,4.972443320613038e-07,0.0009398361396761049
0,1,high_normal,ice_native_0p20_v02,2,False,649,right,ice,0.2,3,59,296.7574462890625,0.0,-1,203,9.45518486597565e-07,5.0029097936506174e-08,0.019474742278276207,0.9805242621741391,0.9233988459962458
0,1,high_normal,concrete_native_0p10_v02,2,False,469,left,concrete,0.1,3,166,318.60784912109375,0.0,-1,-1,0.977144789067861,0.0027867989208373305,0.02006770980367044,7.022076313485859e-07,0.0019023582525660807
0,1,high_normal,concrete_native_0p15_v02,2,False,469,left,concrete,0.15,3,166,319.26068115234375,0.0,-1,-1,0.9749023893299578,0.0020662235738143665,0.023030801393808937,5.857024190370316e-07,0.0037449867448564305
0,1,high_normal,ice_native_0p15_v02,2,False,2439,right,ice,0.15,4,212,294.4356384277344,0.0,-1,505,7.622281698852674e-12,9.020611588290506e-09,0.026539253371220373,0.9734607376005457,0.9994206746224522
0,1,high_normal,ice_native_0p20_v02,2,False,639,right,ice,0.2,3,49,306.34698486328125,0.0,-1,193,4.767439718564151e-09,1.4432298401819637e-08,0.02688136858683222,0.9731186122134295,0.9838577746753184
0,1,high_normal,marble_native_0p20_v02,2,False,419,left,marble,0.2,3,114,322.40875244140625,0.0,-1,-1,0.8810980838240571,0.09091286087926616,0.02798657012740923,2.485169267563159e-06,0.001296692631006979
0,1,high_normal,ice_native_0p15_v02,2,False,2899,right,ice,0.15,3,80,289.42120361328125,20.618152618408203,-1,381,4.559106999877971e-05,0.0007415482041500998,0.02803673136254627,0.9711761293633049,0.6812073063145321
0,1,high_normal,ice_native_0p10_v02,2,False,2789,left,ice,0.1,2,24,189.5820770263672,134.25479125976562,-1,24,5.852191714191451e-10,1.9557975963926873e-11,0.028807135521458124,0.9711928638737647,0.5714593056040742
0,1,high_normal,ice_native_0p20_v02,2,False,1049,left,ice,0.2,2,27,115.76075744628906,233.15577697753906,-1,579,0.0014516559701370918,1.5585270322504245e-08,0.031312260453415314,0.9672360679911772,0.0010079796626216084
0,1,high_normal,ice_native_0p15_v02,2,False,2929,right,ice,0.15,3,110,416.4446716308594,0.0,-1,411,7.023321184872449e-06,0.0016000464694615902,0.033015410863400076,0.9653775193459536,0.7101827150147653
0,1,high_normal,ice_native_0p20_v02,2,False,1079,left,ice,0.2,2,29,105.75332641601562,271.535888671875,-1,609,0.002596335850000929,3.87511718559061e-09,0.033314205308547784,0.9640894549663341,0.002073844526298068
0,1,high_normal,ice_native_0p15_v02,2,False,1779,right,ice,0.15,2,16,280.491943359375,0.0,-1,16,8.728547203273056e-09,0.00012571139934428017,0.034961984320411886,0.9649122955516967,0.0001779911771547733
0,1,high_normal,ice_native_0p15_v02,2,False,2809,left,ice,0.15,3,119,134.3863525390625,167.22409057617188,-1,608,0.0008523127833514598,6.588664107115461e-07,0.035410361648911634,0.9637366667013262,0.00024344658717773357
0,1,high_normal,ice_native_0p20_v02,2,False,669,right,ice,0.2,3,79,318.1246032714844,0.0,-1,223,1.0633274216261265e-05,1.9311996825497968e-08,0.03633780998225674,0.9636515374315303,0.8136978470713024
0,1,high_normal,ice_native_0p20_v02,2,False,1729,right,ice,0.2,3,96,579.2005004882812,0.0,-1,476,7.443986455517728e-09,5.04467122091143e-08,0.0366555910452891,0.9633443510640123,0.16694334127601906
0,1,high_normal,ice_native_0p15_v02,2,False,2909,right,ice,0.15,3,90,457.18402099609375,0.0,-1,391,3.8280003268206106e-05,3.704293443605567e-05,0.037527073463113,0.9623976035991828,0.9816122308551574
0,1,high_normal,ice_native_0p15_v02,2,False,2839,right,ice,0.15,2,20,202.39654541015625,22.211122512817383,-1,321,0.0036569009424534697,0.020514461774978274,0.041048577498465445,0.9347800597841028,0.1625506361735085
0,1,high_normal,ice_native_0p15_v02,2,False,2419,right,ice,0.15,3,192,253.38438415527344,0.0,-1,485,1.219553330927632e-11,3.1882342356027692e-12,0.043096924570866446,0.9569030754137497,0.9878890022109825
0,1,high_normal,ice_native_0p20_v02,2,False,1519,left,ice,0.2,3,148,329.36370849609375,0.0,-1,1049,2.8487912675464117e-11,6.190415133511107e-15,0.04405495965902888,0.9559450403124771,0.9999925065412766
0,1,high_normal,ice_native_0p20_v02,2,False,589,right,ice,0.2,4,143,281.4267578125,0.0,-1,143,8.705514779036717e-10,2.438927675827341e-06,0.04422864409677403,0.9557689161049987,0.996686467860985
0,1,high_normal,ice_native_0p20_v02,2,False,999,left,ice,0.2,2,17,156.70458984375,245.56069946289062,-1,529,8.637340742920496e-11,8.803467439267685e-17,0.0464813144168615,0.9535186854967649,0.04877264150515922
0,1,high_normal,ice_native_0p20_v02,2,False,2039,left,ice,0.2,3,82,419.10955810546875,64.99590301513672,-1,1569,1.1701907285142684e-14,0.94663242500416,0.053367397287393994,1.777084343174423e-07,0.19883817329434594
0,1,high_normal,concrete_native_0p20_v02,2,False,429,left,concrete,0.2,3,126,313.4793701171875,0.0,-1,-1,0.9418282084296568,0.004710944302694246,0.053459313672067965,1.5335955810202182e-06,0.0009580794495764432
0,1,high_normal,ice_native_0p10_v02,2,False,1069,left,ice,0.1,2,15,117.3967056274414,287.501220703125,-1,94,0.004165514520557237,8.430334979869725e-09,0.05913236073324525,0.9367021163158625,0.00010049274402100892
0,1,high_normal,concrete_native_0p20_v02,2,False,499,left,concrete,0.2,3,196,323.6190185546875,0.0,-1,-1,0.9382724228575814,0.0018935742554862846,0.05983397284077959,3.004615258038677e-08,0.4010571591767938
0,1,high_normal,marble_native_0p20_v02,2,False,499,left,marble,0.2,3,194,324.27972412109375,0.0,-1,-1,0.9238618430571042,0.014807478719477168,0.061330640196496485,3.802692210018943e-08,0.22501833621248835
0,1,high_normal,ice_native_0p10_v02,2,False,2879,left,ice,0.1,2,22,122.16783142089844,290.9608459472656,-1,114,0.00030078943497495307,9.719609171075473e-11,0.06190063929179117,0.9377985711760379,0.4301768769430022
0,1,high_normal,ice_native_0p20_v02,2,False,1389,left,ice,0.2,2,18,1127.916259765625,0.0,-1,919,6.792431588792505e-07,0.9309000253273435,0.06909929539433793,3.515961525626764e-11,0.373787478104635
0,1,high_normal,ice_native_0p20_v02,2,False,2239,right,ice,0.2,2,14,55.453853607177734,149.30763244628906,-1,986,9.544621185009476e-06,0.3444956706748855,0.06914306193191055,0.586351722772019,0.036266965819934285
0,1,high_normal,ice_native_0p20_v02,2,False,2179,left,ice,0.2,3,37,100.85673522949219,130.53578186035156,-1,1709,3.5938493473315465e-10,2.1657729316354978e-05,0.0696830774316004,0.9302952644796983,0.2547329869605774
0,1,high_normal,ice_native_0p15_v02,2,False,1029,left,ice,0.15,3,39,130.6129913330078,201.04202270507812,-1,583,1.684389342950212e-06,4.906564035109975e-10,0.07150970150529885,0.9284886136147019,0.00924280378424553
0,1,high_normal,marble_native_0p20_v02,2,False,469,left,marble,0.2,3,164,318.5398254394531,0.0,-1,-1,0.9196901980848547,0.005500080913086701,0.07480955059070314,1.7041135533781913e-07,0.02832590728612311
0,1,high_normal,marble_native_0p20_v02,2,False,429,left,marble,0.2,3,124,314.3824157714844,0.0,-1,-1,0.9084580438184232,0.01561438157120467,0.07592603645360568,1.538156766519336e-06,0.002104176251599305
0,1,high_normal,ice_native_0p15_v02,2,False,2999,right,ice,0.15,4,180,343.1476135253906,0.0,-1,481,4.004155562035077e-06,0.00043736646954428856,0.07803234298738713,0.9215262863875067,0.12786724042381087
0,1,high_normal,ice_native_0p15_v02,2,False,2289,right,ice,0.15,3,62,393.1510009765625,93.06031799316406,-1,355,1.4639748992141078e-10,1.7620036299404556e-06,0.07823196487697309,0.9217662729729995,0.8215033265558788
0,1,high_normal,concrete_native_0p20_v02,2,False,439,left,concrete,0.2,3,136,316.29022216796875,0.0,-1,-1,0.9102012439114803,0.00549786982281382,0.08430006931146282,8.169542429329634e-07,0.001678580992100798
0,1,high_normal,ice_native_0p20_v02,2,False,749,left,ice,0.2,2,29,394.6706848144531,79.18643188476562,-1,279,4.745185410285126e-08,0.9118012746964032,0.08819866708753274,1.0764209903182983e-08,0.00260281062265932
0,1,high_normal,ice_native_0p10_v02,2,False,1309,right,ice,0.1,4,65,281.3371887207031,0.0,-1,65,0.0003460862059605965,6.1092509447280744e-12,0.09058843209409134,0.9090654816938387,0.9625963930315367
0,1,high_normal,concrete_native_0p20_v02,2,False,489,left,concrete,0.2,3,186,324.0602111816406,0.0,-1,-1,0.8988649159016227,0.00114478165023004,0.09999021952363245,8.292451496956232e-08,0.2436352398893055
0,1,high_normal,ice_native_0p15_v02,2,False,2789,left,ice,0.15,3,99,160.11123657226562,169.2093048095703,-1,588,1.645292532797954e-10,1.7421549720707658e-13,0.10627786639795904,0.8937221334373374,0.10883573282220205
0,1,high_normal,marble_native_0p20_v02,2,False,439,left,marble,0.2,3,134,317.32745361328125,0.0,-1,-1,0.8730818327424748,0.018341610846003536,0.10857555537537646,1.0010361454064104e-06,0.0038022473733703285
0,1,high_normal,marble_native_0p20_v02,2,False,489,left,marble,0.2,3,184,324.9469299316406,0.0,-1,-1,0.8797220986704068,0.009188714808181385,0.11108909347071645,9.305069527219888e-08,0.12483730629574231
0,1,high_normal,ice_native_0p20_v02,2,False,969,right,ice,0.2,2,13,84.31949615478516,159.31813049316406,-1,523,2.2746976027462504e-05,4.803738251372583e-06,0.11436580837117238,0.8856066409145488,0.08113970637871634
0,1,high_normal,marble_native_0p20_v02,2,False,459,left,marble,0.2,3,154,315.96600341796875,0.0,-1,-1,0.873012904089075,0.009016313824891691,0.11797052198144808,2.6010458513055876e-07,0.010176365367010139
0,1,high_normal,ice_native_0p10_v02,2,False,1079,left,ice,0.1,2,25,112.82466888427734,276.29833984375,-1,104,0.012844028850118705,1.9886558426051077e-08,0.12207567209580693,0.8650802791675158,9.184191832329241e-05
0,1,high_normal,marble_native_0p20_v02,2,False,449,left,marble,0.2,3,144,313.6252746582031,0.0,-1,-1,0.8640449729598062,0.005753389778543916,0.13020107851062723,5.587510225134695e-07,0.007894357717277447
0,1,high_normal,ice_native_0p20_v02,2,False,2139,left,ice,0.2,4,182,213.01141357421875,151.6744384765625,-1,1669,3.971383619188238e-14,1.9106655820258417e-10,0.13031548389996703,0.8696845159089267,0.9906336009991182
0,1,high_normal,marble_native_0p20_v02,2,False,479,left,marble,0.2,3,174,319.6827697753906,0.0,-1,-1,0.8542579080466801,0.009113817091976496,0.13662812347853867,1.513828047258337e-07,0.0402025531330874
0,1,high_normal,ice_native_0p15_v02,2,False,2809,right,ice,0.15,4,58,167.22409057617188,134.3863525390625,-1,291,0.00011491609323305846,8.26111488904111e-05,0.15881223642048498,0.8409902363373915,0.8276310300605628
0,1,high_normal,ice_native_0p15_v02,2,False,2939,right,ice,0.15,3,120,399.308837890625,0.0,-1,421,0.0012642536638318802,0.5394556910395896,0.16217753445665412,0.29710252083992444,0.04961933917899346
0,1,high_normal,concrete_native_0p20_v02,2,False,479,left,concrete,0.2,3,176,318.4847717285156,0.0,-1,-1,0.8278742899286843,0.0012695156491472866,0.17085605683675328,1.3758541515766906e-07,0.05511992820044509
0,1,high_normal,ice_native_0p20_v02,2,False,769,left,ice,0.2,3,49,65.38821411132812,0.0,-1,299,9.545459986227664e-15,0.8224952229640455,0.17750390611590067,8.709200441890332e-07,3.366365302224277e-05
0,1,high_normal,concrete_native_0p20_v02,2,False,449,left,concrete,0.2,3,146,312.72576904296875,0.0,-1,-1,0.8196049917362241,0.0014072170785868524,0.17898725921885744,5.319663316888834e-07,0.00486901502623155
0,1,high_normal,ice_native_0p20_v02,2,False,2129,right,ice,0.2,4,32,145.90786743164062,219.44155883789062,-1,876,1.4286466465561951e-08,3.424471973272084e-08,0.19126712811012866,0.8087328233586852,0.6149291682887993
0,1,high_normal,concrete_native_0p20_v02,2,False,459,left,concrete,0.2,3,156,314.7879943847656,0.0,-1,-1,0.7961871749791781,0.001701337064826038,0.20211120386320383,2.840927918594967e-07,0.007578792301867591
0,1,high_normal,concrete_native_0p20_v02,2,False,469,left,concrete,0.2,3,166,317.68792724609375,0.0,-1,-1,0.7905011461105937,0.0007699188626611708,0.20872865238468094,2.8264206395703607e-07,0.02833523361288903
0,1,high_normal,ice_native_0p20_v02,2,False,1269,right,ice,0.2,4,299,342.69525146484375,0.0,-1,16,2.6127360360480602e-11,1.0219565317029301e-05,0.21642919869174485,0.7835605817168108,0.9985618519840148
0,1,high_normal,ice_native_0p20_v02,2,False,939,right,ice,0.2,2,11,54.712799072265625,204.0750732421875,-1,493,1.1267815371942136e-06,1.157294293180221e-07,0.2589005766035525,0.741098180885481,0.0029392559138185924
0,1,high_normal,ice_native_0p20_v02,2,False,719,right,ice,0.2,2,26,234.236572265625,0.0,-1,273,0.0005281510302366077,2.481505875460594e-09,0.2813171769984062,0.7181546694898513,0.004011596780971099
0,1,high_normal,ice_native_0p15_v02,2,False,2919,right,ice,0.15,3,100,442.5517883300781,0.0,-1,401,2.1230385318192336e-05,0.017544987313207396,0.28285701972243743,0.6995767625790369,0.8425652509378947
0,1,high_normal,ice_native_0p15_v02,2,False,2989,right,ice,0.15,3,170,240.0591583251953,0.0,-1,471,1.2373555879947059e-08,0.00015654567751771168,0.31118880918854225,0.6886546327603843,0.5802810248930874
0,1,high_normal,ice_native_0p15_v02,2,False,699,right,ice,0.15,4,46,273.14080810546875,0.0,-1,46,1.6340789690412606e-07,6.885151992053069e-11,0.3221122358705371,0.6778876006527145,0.01249586190301305
0,1,high_normal,ice_native_0p10_v02,2,False,1339,right,ice,0.1,2,21,241.4955291748047,0.0,-1,95,8.039256713373577e-05,9.141923927906378e-11,0.3249939547302382,0.6749256526112088,0.571814144639548
0,1,high_normal,ice_native_0p20_v02,2,False,2119,right,ice,0.2,2,22,151.16604614257812,228.04037475585938,-1,866,1.5636149033841527e-07,6.288461951254825e-06,0.38284230386344076,0.6171512513131178,0.22593413318735311
0,1,high_normal,ice_native_0p20_v02,2,False,2109,right,ice,0.2,2,12,141.51173400878906,228.11990356445312,-1,856,3.017724126535467e-07,6.723378208236252e-06,0.38406846607826856,0.6159245087711106,0.34701305462675386
0,1,high_normal,ice_native_0p20_v02,2,False,2489,right,ice,0.2,4,107,310.96380615234375,0.0,-1,107,1.1219921638676092e-08,0.07070965261057444,0.43379897912072934,0.49549135704877456,0.9172741083797291
0,1,high_normal,ice_native_0p15_v02,2,False,2269,right,ice,0.15,3,42,427.5865478515625,156.25900268554688,-1,335,4.9418406386815095e-15,6.56805722724914e-08,0.46973377070891476,0.530266163610508,0.7971261780093609
0,1,high_normal,ice_native_0p20_v02,2,False,2019,left,ice,0.2,3,62,468.5680236816406,69.27344512939453,-1,1549,4.385339273604011e-15,0.5171382581804785,0.48286173670288457,5.116632599254695e-09,0.0013785703862652177
0,1,high_normal,ice_native_0p20_v02,2,False,2129,left,ice,0.2,3,172,219.44155883789062,145.90786743164062,-1,1659,2.4863486058955807e-13,6.790743741886548e-09,0.4855229232292182,0.5144770699797894,0.9675518908972072
0,1,high_normal,ice_native_0p20_v02,2,False,1509,left,ice,0.2,3,138,363.9208984375,0.0,-1,1039,2.6454180172636264e-12,7.589787595623055e-16,0.5339649748120091,0.46603502518534456,0.9996741066076434
0,1,high_normal,ice_native_0p15_v02,2,False,2799,right,ice,0.15,3,48,167.3966522216797,153.7569122314453,-1,281,1.2124112751106455e-06,1.0327063729757401e-06,0.5392474795529173,0.4607502753294348,0.871885737182191
0,1,high_normal,ice_native_0p20_v02,2,False,2249,left,ice,0.2,2,23,156.94363403320312,53.98122787475586,-1,1779,0.00017818940198378159,1.8751396333038046e-06,0.5469115874452456,0.45290834801313723,0.05379992397880872
0,1,high_normal,ice_native_0p20_v02,2,False,1429,left,ice,0.2,3,58,369.2314453125,0.0,-1,959,1.8322507696850947e-11,3.435606765734277e-17,0.5634896753000299,0.43651032468164747,0.7799574197838522
0,1,high_normal,ice_native_0p15_v02,2,False,2979,right,ice,0.15,3,160,337.40509033203125,0.0,-1,461,5.404638848046149e-05,0.33873070154838786,0.5822475171796333,0.07896773488349838,0.1347447290191776
0,1,high_normal,ice_native_0p10_v02,2,False,2779,left,ice,0.1,2,14,210.14170837402344,124.6998291015625,-1,14,3.767493951323537e-12,2.4989819649145618e-14,0.6091963515627581,0.39080364843344934,0.38393428616702996
0,1,high_normal,ice_native_0p15_v02,2,False,749,left,ice,0.15,3,31,388.11822509765625,78.85270690917969,-1,303,1.232223880025466e-07,0.3889492465313171,0.6110493230738205,1.3071724742514981e-06,0.016613545337216245
0,1,high_normal,ice_native_0p20_v02,2,False,619,right,ice,0.2,2,29,279.69952392578125,0.0,-1,173,4.978332026989309e-08,0.000127108628906113,0.6246528510058329,0.3752199905819408,0.9643881429910924
0,1,high_normal,ice_native_0p20_v02,2,False,2189,right,ice,0.2,2,12,42.46290969848633,119.54508209228516,-1,936,0.0017707117139674372,0.2415586133475506,0.6304776675298772,0.12619300740860467,0.0003965314723247846
0,1,high_normal,ice_native_0p10_v02,2,False,1099,left,ice,0.1,2,13,77.09315490722656,322.3045349121094,-1,124,0.002781097244559204,5.861355068531428e-09,0.6498314292122647,0.34738746768182105,7.227718435606278e-05
0,1,high_normal,ice_native_0p15_v02,2,False,2539,left,ice,0.15,2,23,178.85043334960938,156.670166015625,-1,338,0.012792995713139538,0.30377834192516673,0.6640723264587884,0.019356335902905336,6.631516064830559e-05
0,1,high_normal,ice_native_0p20_v02,2,False,779,left,ice,0.2,3,59,462.8542175292969,0.0,-1,309,1.222287176864948e-10,0.3200429603900261,0.6799560670399643,9.724477809570387e-07,0.09279887797145593
0,1,high_normal,ice_native_0p20_v02,2,False,1719,right,ice,0.2,3,86,565.2471313476562,0.0,-1,466,8.909434127774693e-06,1.2276466637358325e-07,0.7226332398984624,0.27735772790274354,0.01457140206822376
0,1,high_normal,ice_native_0p20_v02,2,False,2239,left,ice,0.2,2,13,149.30763244628906,55.453853607177734,-1,1769,0.0024179955649720293,0.00019906692175400648,0.724475787478676,0.272907150034598,0.039499050221780754
0,1,high_normal,ice_native_0p20_v02,2,False,2009,left,ice,0.2,3,52,509.7637939453125,67.98018646240234,-1,1539,4.137402845920998e-16,0.24727717780378272,0.7527227372855696,8.491064729777324e-08,0.04138235534733192
0,1,high_normal,ice_native_0p20_v02,2,False,2119,left,ice,0.2,3,162,228.04037475585938,151.16604614257812,-1,1649,2.5247509049718808e-12,5.06677789489306e-08,0.7554089275427768,0.24459102178691947,0.984154914314592
0,1,high_normal,ice_native_0p15_v02,2,False,799,left,ice,0.15,3,81,551.2227783203125,0.0,-1,353,5.753545375147812e-11,0.23132256137927223,0.7686773992733391,3.9289853062662385e-08,0.02327355955628536
0,1,high_normal,ice_native_0p15_v02,2,False,669,right,ice,0.15,2,16,320.3464050292969,0.0,-1,16,6.111189417377999e-08,7.048412060813138e-09,0.7800970441840087,0.21990288765568514,0.17085457502390308
0,1,high_normal,ice_native_0p20_v02,2,False,759,left,ice,0.2,3,39,363.4264221191406,0.0,-1,289,5.821422935286621e-08,0.21481597753213186,0.7851824932447798,1.4710088589064397e-06,0.008093347202970958
0,1,high_normal,ice_native_0p20_v02,2,False,1499,left,ice,0.2,3,128,223.87844848632812,0.0,-1,1029,2.267693524248902e-11,9.152001681940084e-17,0.7985053698317459,0.20149463014557722,0.999965604246123
0,1,high_normal,ice_native_0p20_v02,2,False,1969,right,ice,0.2,2,16,12.178335189819336,835.9179077148438,-1,716,1.4955990396391996e-13,1.2565650859308819e-16,0.799665755825167,0.20033424417468335,0.9999964736089796
0,1,high_normal,ice_native_0p15_v02,2,False,719,right,ice,0.15,2,15,235.41891479492188,86.46150207519531,-1,66,7.171726821526391e-05,2.7556028544875375e-09,0.8104831381345086,0.1894451418416733,0.0001008890954546448
0,1,high_normal,ice_native_0p20_v02,2,False,919,right,ice,0.2,2,17,48.97756576538086,258.30291748046875,-1,473,1.7978107699224426e-06,5.971238424307404e-08,0.8196743810117166,0.18032376146512913,1.2850038423188519e-05
0,1,high_normal,ice_native_0p20_v02,2,False,2169,left,ice,0.2,2,27,180.31207275390625,114.23466491699219,-1,1699,2.3154475069663303e-11,6.1207539279667595e-06,0.8291999840422981,0.17079389518061935,0.7597629244381424
0,1,high_normal,ice_native_0p20_v02,2,False,2109,left,ice,0.2,3,152,228.11990356445312,141.51173400878906,-1,1639,3.8737796219274476e-12,1.0820829611892524e-07,0.8336411968674398,0.16635869492039043,0.8986534877090313
0,1,high_normal,ice_native_0p15_v02,2,False,679,right,ice,0.15,2,26,291.3143005371094,0.0,-1,26,7.638027358964582e-08,3.0812031272775424e-09,0.8338391174110121,0.16616080312751116,0.013489191215327979
0,1,high_normal,ice_native_0p20_v02,2,False,1439,left,ice,0.2,3,68,358.32037353515625,0.0,-1,969,7.90071185153641e-13,1.322988788812369e-18,0.838201975886052,0.16179802411315797,0.9987689394691871
0,1,high_normal,ice_native_0p15_v02,2,False,2739,left,ice,0.15,3,49,241.78778076171875,55.00629425048828,-1,538,1.1420912243648178e-10,1.34763530400812e-11,0.8450849183972902,0.15491508147502447,0.3639501527506567
0,1,high_normal,ice_native_0p15_v02,2,False,2549,left,ice,0.15,3,33,414.61895751953125,0.0,-1,348,1.8832868313195915e-06,0.14752789798446847,0.8524378664006257,3.235232807453377e-05,0.0032943392849005514
0,1,high_normal,ice_native_0p15_v02,2,False,2529,left,ice,0.15,2,13,187.8555145263672,169.19027709960938,-1,328,0.02191257402757586,0.10055864859164854,0.8535155092802712,0.024013268100504356,0.007064598749007157
0,1,high_normal,ice_native_0p20_v02,2,False,2159,left,ice,0.2,2,17,195.96267700195312,31.749755859375,-1,1689,9.130581696663165e-11,5.596228122576916e-05,0.8535461309902167,0.14639790663725158,0.31245615346926836
0,1,high_normal,ice_native_0p15_v02,2,False,929,right,ice,0.15,2,22,51.47296142578125,240.20034790039062,-1,276,1.2057016525146286e-06,8.998768181826547e-07,0.8816022404261358,0.11839565399539348,0.00032083314591496747
0,1,high_normal,ice_native_0p15_v02,2,False,779,left,ice,0.15,3,61,470.7566223144531,0.0,-1,333,2.352692863160261e-11,0.11657510894212188,0.8834248682826475,2.275170357731918e-08,0.3394629530356183
0,1,high_normal,ice_native_0p15_v02,2,False,989,left,ice,0.15,4,43,170.52992248535156,324.16546630859375,-1,543,1.581055552493732e-12,8.439201146333492e-19,0.8878243946270228,0.11217560537139629,0.32640723114359044
0,1,high_normal,ice_native_0p15_v02,2,False,2279,right,ice,0.15,3,52,396.414794921875,145.46006774902344,-1,345,2.4129446707463587e-13,6.4780601127500655e-09,0.8914136455919135,0.10858634792978503,0.9416758260801555
0,1,high_normal,ice_native_0p20_v02,2,False,789,left,ice,0.2,3,69,543.4017944335938,0.0,-1,319,2.92245842858993e-10,0.10707492786541034,0.8929079842648172,1.7087577526495625e-05,0.02510326849279379
0,1,high_normal,ice_native_0p15_v02,2,False,689,right,ice,0.15,3,36,279.7100830078125,0.0,-1,36,6.464260908181037e-09,5.573387150850484e-11,0.8952957650353105,0.10470422844469468,0.1261372378502578
0,1,high_normal,ice_native_0p15_v02,2,False,2949,right,ice,0.15,3,130,372.3229064941406,0.0,-1,431,7.837888188626689e-06,0.0043258168578637676,0.9028260292607586,0.09284031599318898,0.2700867622827983
0,1,high_normal,ice_native_0p20_v02,2,False,1969,left,ice,0.2,2,12,835.9179077148438,12.178335189819336,-1,1499,2.105428886853318e-18,0.09511338658210251,0.9048866134178976,2.0435028642685164e-19,0.9738095372062414
0,1,high_normal,ice_native_0p15_v02,2,False,2779,left,ice,0.15,3,89,178.25479125976562,203.88479614257812,-1,578,1.495987191475798e-10,7.595879442503989e-14,0.905882848525072,0.0941171513252535,0.3921354748659539
0,1,high_normal,ice_native_0p15_v02,2,False,2789,right,ice,0.15,3,38,169.2093048095703,160.11123657226562,-1,271,1.3211029783991094e-07,1.5431003797490402e-07,0.9061003527813493,0.0938993607983148,0.8725250096398223
0,1,high_normal,ice_native_0p10_v02,2,False,699,right,ice,0.1,4,48,264.1974182128906,14.683186531066895,-1,17,2.5966860806723096e-09,8.200595197444381e-10,0.9178013533967695,0.08219864318648487,0.385922929734002
0,1,high_normal,ice_native_0p20_v02,2,False,2029,left,ice,0.2,3,72,448.0877380371094,62.98952865600586,-1,1559,6.547413773618822e-18,0.06081362895148362,0.939186370764638,2.838782469707061e-10,0.11411723234865019
0,1,high_normal,ice_native_0p10_v02,2,False,2159,right,ice,0.1,2,29,80.63102722167969,206.2677001953125,-1,235,6.887416736851437e-09,2.3519938383067325e-05,0.9419697596309472,0.058006713543253076,0.002682262530343397
0,1,high_normal,ice_native_0p15_v02,2,False,2779,right,ice,0.15,2,28,203.88479614257812,178.25479125976562,-1,261,3.6950435125840797e-07,7.848287855984105e-06,0.9455312801821201,0.05446050202567266,0.8716247881756224
0,1,high_normal,ice_native_0p15_v02,2,False,759,left,ice,0.15,3,41,361.9776306152344,65.52819061279297,-1,313,4.375588968487023e-08,0.05226641894237502,0.9477333336972896,2.036044455314203e-07,0.005767058681878226
0,1,high_normal,ice_native_0p10_v02,2,False,1299,right,ice,0.1,3,55,295.47894287109375,0.0,-1,55,1.7715116745021342e-06,1.6841730702036524e-12,0.9496380586567759,0.05036016982986541,0.9713694745794021
0,1,high_normal,ice_native_0p20_v02,2,False,2439,right,ice,0.2,3,57,398.97698974609375,0.0,-1,57,0.000207738348030443,0.023151500791104434,0.9545097697969473,0.022130991063917832,0.05538646742845384
0,1,high_normal,ice_native_0p15_v02,2,False,769,left,ice,0.15,3,51,506.0106506347656,0.0,-1,323,1.3012313182324842e-11,0.03934055575993521,0.960659434859085,9.367967409504409e-09,0.12053231008154776
0,1,high_normal,ice_native_0p15_v02,2,False,919,left,ice,0.15,3,86,226.73548889160156,51.104225158691406,-1,473,3.613894288882835e-09,4.302040576397187e-11,0.960812484107052,0.03918751223603328,0.074012928463262
0,1,high_normal,ice_native_0p10_v02,2,False,2149,right,ice,0.1,2,19,83.11360931396484,206.20840454101562,-1,225,7.81304399754747e-09,0.00039659366836539877,0.9655433545406732,0.034060043977917356,0.0038534697237377303
0,1,high_normal,ice_native_0p20_v02,2,False,609,right,ice,0.2,2,19,291.4544677734375,0.0,-1,163,8.122282553596656e-08,0.0038648183211750877,0.967545825945654,0.028589274510345368,0.9921214062297957
0,1,high_normal,ice_native_0p15_v02,2,False,939,left,ice,0.15,4,106,212.63214111328125,53.90214920043945,-1,493,7.584266653946341e-10,1.5683005321410362e-11,0.9695210699401674,0.0304789292857228,0.12255414262000983
0,1,high_normal,ice_native_0p20_v02,2,False,2429,right,ice,0.2,3,47,405.58306884765625,0.0,-1,47,2.6461664313946454e-13,4.947580965683916e-17,0.97073996580607,0.029260034193665352,0.9983738352501572
0,1,high_normal,ice_native_0p15_v02,2,False,2569,left,ice,0.15,3,53,476.85211181640625,0.0,-1,368,4.598317870333052e-06,0.02767892851939764,0.9722693900263042,4.708313642780062e-05,0.0001441836485676688
0,1,high_normal,ice_native_0p20_v02,2,False,2159,right,ice,0.2,2,18,31.749755859375,195.96267700195312,-1,906,7.044484270720119e-08,1.2152864308954364e-07,0.9752775919738631,0.02472221605265116,0.05824720844226953
0,1,high_normal,ice_native_0p20_v02,2,False,2449,right,ice,0.2,3,67,371.5460205078125,0.0,-1,67,2.664338813660937e-05,0.01899183670067969,0.9774613218820009,0.0035201980291827873,0.06908341074795116
0,1,high_normal,ice_native_0p20_v02,2,False,2099,left,ice,0.2,3,142,139.29974365234375,135.32408142089844,-1,1629,1.1788726990706042e-11,2.3065807139463714e-07,0.979601707542603,0.020398061787537,0.8732578992469874
0,1,high_normal,ice_native_0p20_v02,2,False,1699,right,ice,0.2,3,66,489.09613037109375,0.0,-1,446,2.5201504014774438e-09,6.196690119432815e-12,0.9814234797815872,0.018576517692065593,0.5879528209811575
0,1,high_normal,ice_native_0p15_v02,2,False,2729,left,ice,0.15,3,39,238.67681884765625,0.0,-1,528,1.872593654749548e-10,1.0802939501693966e-10,0.982078622999478,0.017921376705233295,0.3777297482300951
0,1,high_normal,ice_native_0p20_v02,2,False,709,right,ice,0.2,2,16,243.8923797607422,0.0,-1,263,1.8873317902175323e-06,3.8326970230569717e-10,0.9836522676949165,0.016345844590023643,0.0016075325017547608
0,1,high_normal,ice_native_0p20_v02,2,False,2079,left,ice,0.2,3,122,284.4831237792969,121.89857482910156,-1,1609,6.6564151549619104e-12,0.0007816207653188157,0.983793946461434,0.015424432766590692,0.9843675130699744
0,1,high_normal,ice_native_0p10_v02,2,False,989,left,ice,0.1,2,14,163.99375915527344,283.0511474609375,-1,14,1.9502015821698776e-12,4.86845702647267e-16,0.985880931810335,0.014119068187714419,0.011761077883614279
0,1,high_normal,ice_native_0p15_v02,2,False,929,left,ice,0.15,3,96,240.20034790039062,51.47296142578125,-1,483,2.373903621261159e-09,2.2339382976833427e-11,0.9890906974573505,0.010909300146406575,0.32183675395470174
0,1,high_normal,ice_native_0p15_v02,2,False,2749,left,ice,0.15,3,59,222.03936767578125,61.40452575683594,-1,548,2.9828796990223187e-10,7.259823317750256e-12,0.990173599565991,0.009826400128461034,0.21880768578853385
0,1,high_normal,ice_native_0p20_v02,2,False,1479,left,ice,0.2,3,108,264.08160400390625,0.0,-1,1009,8.863771058466576e-11,2.9296794446829944e-19,0.990429730158084,0.009570269753278257,0.9994901818249876
0,1,high_normal,ice_native_0p20_v02,2,False,1489,left,ice,0.2,3,118,217.271728515625,0.0,-1,1019,2.1952324671365117e-12,5.235029734561898e-18,0.9908869709279043,0.009113029069900455,0.9998474167334581
0,1,high_normal,ice_native_0p15_v02,2,False,2769,left,ice,0.15,3,79,194.05296325683594,242.20907592773438,-1,568,2.7209820700980247e-12,3.439559107856158e-15,0.9911767523692382,0.008823247628037312,0.7625167936496599
0,1,high_normal,ice_native_0p10_v02,2,False,1329,right,ice,0.1,2,11,251.7405548095703,0.0,-1,85,2.873988794673586e-06,1.763161217733227e-11,0.991347595563288,0.008649530430285745,0.7992707620793039
0,1,high_normal,ice_native_0p15_v02,2,False,2579,left,ice,0.15,3,63,445.4118957519531,0.0,-1,378,2.519131700812579e-05,0.0067952480231796624,0.9915446319558292,0.0016349287039828877,0.00030262886524744063
0,1,high_normal,ice_native_0p10_v02,2,False,1259,right,ice,0.1,2,15,335.4762268066406,0.0,-1,15,2.7613769608977655e-10,1.5872181285710107e-12,0.9920520492328649,0.007947950489410343,0.9767750588344345
0,1,high_normal,ice_native_0p10_v02,2,False,689,right,ice,0.1,3,38,271.00775146484375,0.0,-1,7,2.89055768174251e-10,9.89582869586482e-11,0.9928154145619891,0.007184585049996784,0.9090351086197199
0,1,high_normal,ice_native_0p15_v02,2,False,2559,left,ice,0.15,3,43,378.13555908203125,70.57760620117188,-1,358,3.81906713903217e-07,0.005475574817294537,0.9932123001611408,0.0013117431148506906,0.0002492933174486027
0,1,high_normal,ice_native_0p10_v02,2,False,919,right,ice,0.1,2,17,55.540283203125,233.8766326904297,-1,237,1.3466378611895747e-08,1.5192978647110238e-08,0.9932458710032807,0.006754100337362071,0.0007858112182024729
0,1,high_normal,ice_native_0p15_v02,2,False,2959,right,ice,0.15,3,140,357.3984069824219,0.0,-1,441,1.4791840054103458e-06,0.005377077317175729,0.9937395985555025,0.0008818449433163142,0.0456849915447097
0,1,high_normal,ice_native_0p10_v02,2,False,1939,right,ice,0.1,2,15,237.29087829589844,0.0,-1,15,5.665770530382211e-10,2.0302729103087963e-13,0.9940300291013652,0.005969970331854626,0.6200959251110234
0,1,high_normal,ice_native_0p20_v02,2,False,1309,right,ice,0.2,2,12,290.05889892578125,0.0,-1,56,1.3454010327762297e-11,1.3823192389555255e-11,0.9943968600712502,0.005603139901472684,0.7293122864788376
0,1,high_normal,ice_native_0p15_v02,2,False,2679,left,ice,0.15,3,32,276.06158447265625,48.55698776245117,-1,478,3.480372332719624e-11,5.911862487561804e-13,0.9948683841357345,0.005131615828870429,0.36143371951023934
0,1,high_normal,ice_native_0p20_v02,2,False,1709,right,ice,0.2,3,76,596.600830078125,0.0,-1,456,1.1645582196423351e-06,1.2417888551857026e-08,0.9949580110137554,0.005040812010136335,0.015448763223139681
0,1,high_normal,ice_native_0p20_v02,2,False,949,left,ice,0.2,3,48,220.11985778808594,65.91669464111328,-1,479,6.0757965475959e-13,7.85460547407399e-14,0.9950548341365454,0.0049451658627684735,0.7116002028149445
0,1,high_normal,ice_native_0p15_v02,2,False,789,left,ice,0.15,3,71,552.5360107421875,0.0,-1,343,2.076431423476976e-12,0.0047699483045851995,0.9952300412006088,1.0492729524144959e-08,0.0478497633176065
0,1,high_normal,ice_native_0p15_v02,2,False,2249,right,ice,0.15,2,22,542.6921997070312,167.67054748535156,-1,315,1.1079877987859243e-14,4.904468196192155e-07,0.9954894591717601,0.004510050381409229,0.9972755720529524
0,1,high_normal,ice_native_0p20_v02,2,False,1449,left,ice,0.2,3,78,313.2294921875,0.0,-1,979,5.463750740071732e-11,2.60301901622959e-16,0.9956075310744747,0.004392468870887521,0.9554311473560738
0,1,high_normal,ice_native_0p15_v02,2,False,909,left,ice,0.15,3,76,222.31634521484375,45.93501281738281,-1,463,1.8355217049238707e-10,1.6093593316609314e-12,0.9957200048713503,0.004279994943488207,0.07602692363723991
0,1,high_normal,ice_native_0p20_v02,2,False,2399,right,ice,0.2,2,17,406.07666015625,0.0,-1,17,4.1181198929223904e-12,2.3995805338464824e-15,0.9958537453903255,0.00414625460555408,0.9904922353344184
0,1,high_normal,ice_native_0p15_v02,2,False,2969,right,ice,0.15,3,150,343.20953369140625,0.0,-1,451,1.4881521148186251e-05,0.0002860253959249055,0.996090502146396,0.0036085909365309,0.36304811709643275
0,1,high_normal,ice_native_0p10_v02,2,False,1949,right,ice,0.1,2,25,202.85211181640625,0.0,-1,25,4.208698844791713e-09,1.2712446447680045e-12,0.9961344323639755,0.0038655634260545777,0.6480884982005671
0,1,high_normal,ice_native_0p15_v02,2,False,2769,right,ice,0.15,2,18,242.20907592773438,194.05296325683594,-1,251,1.559428768520036e-08,5.292102464846448e-07,0.9962847373201055,0.003714717875360312,0.9188417706100244
0,1,high_normal,ice_native_0p15_v02,2,False,2689,left,ice,0.15,4,42,256.1611633300781,0.0,-1,488,5.0514132686135044e-11,9.227286541686522e-14,0.9964764610795693,0.0035235388698242774,0.7204179311491546
0,1,high_normal,ice_native_0p15_v02,2,False,2659,left,ice,0.15,2,12,304.488525390625,0.0,-1,458,7.922347402141267e-11,2.7644160916674064e-12,0.9965252958174987,0.0034747041005134334,0.09123858679164987
0,1,high_normal,ice_native_0p15_v02,2,False,2759,left,ice,0.15,3,69,216.27880859375,289.9473876953125,-1,558,4.2279697116218574e-13,3.033563210370109e-15,0.9968703382923081,0.003129661707266047,0.5819800057124204
0,1,high_normal,ice_native_0p15_v02,2,False,1969,right,ice,0.15,4,35,238.275634765625,0.0,-1,35,1.1020508251786928e-07,1.6843982135835215e-14,0.9969540669216572,0.0030458228732432382,0.9925164007804481
0,1,high_normal,ice_native_0p20_v02,2,False,2419,right,ice,0.2,3,37,411.0598449707031,0.0,-1,37,1.1864542034788584e-13,3.999158568354077e-17,0.9970475854295806,0.002952414570300642,0.998471709746941
0,1,high_normal,ice_native_0p15_v02,2,False,2599,left,ice,0.15,3,83,507.14678955078125,0.0,-1,398,2.4118817863618164e-08,0.0027785214132466335,0.9972103163258299,1.1138142105513452e-05,0.0018962599184950534
0,1,high_normal,ice_native_0p20_v02,2,False,899,left,ice,0.2,4,74,270.56707763671875,0.0,-1,429,1.2123920259956386e-09,7.9481703523041e-14,0.9972278078967651,0.002772190890763375,0.27364753003184417
0,1,high_normal,ice_native_0p20_v02,2,False,939,left,ice,0.2,3,38,204.0750732421875,54.712799072265625,-1,469,4.292174202226941e-12,5.843328678559157e-12,0.9975332307096485,0.0024667692802159496,0.3093679670461851
0,1,high_normal,ice_native_0p20_v02,2,False,2709,left,ice,0.2,3,64,348.6492919921875,0.0,-1,2239,2.5664038394145853e-15,2.8780196561733627e-24,0.9976182978788143,0.002381702121183212,0.9998894844133918
0,1,high_normal,ice_native_0p20_v02,2,False,2719,left,ice,0.2,4,74,344.30999755859375,0.0,-1,2249,7.160006682864493e-14,1.1377141254818355e-24,0.9976974538641845,0.002302546135743954,0.9989055343012023
0,1,high_normal,ice_native_0p20_v02,2,False,959,left,ice,0.2,4,58,183.99037170410156,69.19783020019531,-1,489,6.196116194209526e-11,3.5537446029418994e-14,0.9977314022481327,0.002268597689870666,0.07096904655620334
0,1,high_normal,ice_native_0p15_v02,2,False,2669,left,ice,0.15,2,22,280.6907653808594,43.05905532836914,-1,468,1.793121357607477e-11,3.571874466541397e-11,0.9977872300202603,0.0022127699260897724,0.03191039080530617
0,1,high_normal,ice_native_0p15_v02,2,False,2719,left,ice,0.15,2,29,250.81863403320312,49.297847747802734,-1,518,2.0243947031681624e-10,4.792622122499927e-10,0.998011626159445,0.0019883731588534277,0.005278307087649845
0,1,high_normal,ice_native_0p20_v02,2,False,2409,right,ice,0.2,2,27,409.4143371582031,0.0,-1,27,4.654953022632563e-13,4.678242928847861e-16,0.9980896106505728,0.0019103893489612735,0.9967989219910701
0,1,high_normal,ice_native_0p20_v02,2,False,799,left,ice,0.2,3,79,546.4771118164062,0.0,-1,329,1.3239297743222566e-12,0.0019059904360696706,0.9980940038857836,5.676822871264598e-09,0.3499852190628062
0,1,high_normal,ice_native_0p15_v02,2,False,979,left,ice,0.15,3,33,166.93333435058594,348.48779296875,-1,533,9.876178916833512e-14,2.9665460717788357e-18,0.9981256848922048,0.0018743151076964272,0.25193652956963514
0,1,high_normal,ice_native_0p10_v02,2,False,1269,right,ice,0.1,2,25,315.6250915527344,0.0,-1,25,6.376226218784043e-11,4.779613296146466e-13,0.9981754915194675,0.0018245084162922252,0.9564406054347919
0,1,high_normal,ice_native_0p15_v02,2,False,919,right,ice,0.15,2,12,51.104225158691406,226.73548889160156,-1,266,2.4627436830652556e-07,9.664905096612885e-07,0.9983294364761481,0.0016693507589739692,5.006069050267154e-06
0,1,high_normal,ice_native_0p15_v02,2,False,2709,left,ice,0.15,2,19,250.59535217285156,46.3953857421875,-1,508,1.5454729869329102e-10,4.8599941253313946e-11,0.998349902085033,0.0016500977118196667,0.021977214208286844
0,1,high_normal,ice_native_0p15_v02,2,False,2589,left,ice,0.15,3,73,494.16705322265625,0.0,-1,388,5.8027075469170575e-09,0.0014726760892357505,0.9984996987701562,2.7619337900350123e-05,0.006938223551726803
0,1,high_normal,ice_native_0p20_v02,2,False,2049,left,ice,0.2,3,92,34.979366302490234,70.86443328857422,-1,1579,1.7211685366888074e-16,0.0014782048548511834,0.9985098892661817,1.190587896696437e-05,0.013103334440809435
0,1,high_normal,ice_native_0p20_v02,2,False,809,left,ice,0.2,3,89,485.675048828125,0.0,-1,339,2.0251021766226818e-14,0.0014751911961404616,0.998523504480631,1.3043232081951865e-06,0.7215636401472587
0,1,high_normal,ice_native_0p20_v02,2,False,2089,left,ice,0.2,3,132,247.64471435546875,0.6126569509506226,-1,1619,2.515320470490187e-12,9.295347294352699e-07,0.9986341143625181,0.0013649561002370442,0.9699552594830796
0,1,high_normal,ice_native_0p15_v02,2,False,2609,left,ice,0.15,3,93,449.15771484375,0.0,-1,408,7.246030759260345e-11,0.0008647957956007108,0.9986840141724684,0.0004511899594705123,0.014244245772282789
0,1,high_normal,ice_native_0p15_v02,2,False,969,left,ice,0.15,2,23,186.295654296875,85.11983489990234,-1,523,1.5673182183617695e-11,2.9878487729908093e-16,0.9987872520144103,0.0012127479699160983,0.022261406886976313
0,1,high_normal,ice_native_0p15_v02,2,False,809,left,ice,0.15,3,91,480.5064697265625,0.0,-1,363,6.331862452719319e-13,0.0011490526255631222,0.9988489241868952,2.0231869082928425e-06,0.009722451621708815
0,1,high_normal,ice_native_0p20_v02,2,False,929,left,ice,0.2,2,28,237.19784545898438,51.24814224243164,-1,459,1.488315291272527e-12,1.9712397751829635e-12,0.9989179024311602,0.001082097565380333,0.385836836896957
0,1,high_normal,ice_native_0p15_v02,2,False,2259,right,ice,0.15,3,32,461.461669921875,103.06221008300781,-1,325,1.574617950495802e-16,2.6872116109830032e-08,0.998953223716848,0.0010467494110356058,0.9536312410203346
0,1,high_normal,ice_native_0p15_v02,2,False,859,left,ice,0.15,2,26,280.3089904785156,0.0,-1,413,1.9542008936416138e-14,3.881165710479607e-13,0.9992635791452903,0.0007364208543021466,0.6822149586015346
0,1,high_normal,ice_native_0p20_v02,2,False,2819,left,ice,0.2,2,18,194.93539428710938,0.0,-1,2349,1.9499135599462592e-13,2.764167795977779e-22,0.9993854196498152,0.0006145803499898622,0.8300724256468197
0,1,high_normal,ice_native_0p20_v02,2,False,919,left,ice,0.2,2,18,258.30291748046875,48.97756576538086,-1,449,1.2124266342151377e-11,5.866791959525498e-12,0.9995702658802318,0.00042973410177716783,0.41035915106106374
0,1,high_normal,ice_native_0p20_v02,2,False,2059,left,ice,0.2,3,102,340.5337829589844,0.0,-1,1589,3.4168702087220323e-13,0.000359786578112768,0.9996348143881314,5.399033414214848e-06,0.972954814274179
0,1,high_normal,ice_native_0p20_v02,2,False,2069,left,ice,0.2,3,112,292.6695861816406,129.2891845703125,-1,1599,9.736909449904234e-14,0.0002084023067925937,0.9996551559314875,0.00013644176162260437,0.9619154872410474
0,1,high_normal,ice_native_0p15_v02,2,False,849,left,ice,0.15,2,16,284.8648376464844,0.0,-1,403,6.0467998585746455e-15,2.0349361582061774e-12,0.9996766534771322,0.00032334652082686733,0.17432974430115034
0,1,high_normal,ice_native_0p20_v02,2,False,1459,left,ice,0.2,3,88,310.3482971191406,0.0,-1,989,2.0606700469105545e-10,5.84404908037672e-17,0.9997107176931543,0.0002892821007784622,0.8710709775525806
0,1,high_normal,ice_native_0p10_v02,2,False,1279,right,ice,0.1,3,35,312.3269958496094,0.0,-1,35,1.0586694542688218e-11,1.1604526379887327e-15,0.9997200401101729,0.0002799598792393087,0.9958982858820303
0,1,high_normal,ice_native_0p20_v02,2,False,979,left,ice,0.2,2,17,192.0781707763672,327.39495849609375,-1,509,1.1338660057721726e-13,2.4843373676591686e-17,0.9997231282929132,0.0002768717069733353,0.028573150098684805
0,1,high_normal,ice_native_0p20_v02,2,False,849,left,ice,0.2,2,24,271.07025146484375,0.0,-1,379,8.150461442497076e-16,2.6179955591098777e-13,0.9997490540810945,0.00025094591864300447,0.8998022758140272
0,1,high_normal,ice_native_0p20_v02,2,False,1289,right,ice,0.2,2,16,320.1528015136719,0.0,-1,36,1.481318790180835e-13,3.6007414145649774e-09,0.9997566967068292,0.00024329969228138084,0.9655660206771153
0,1,high_normal,ice_native_0p20_v02,2,False,1979,left,ice,0.2,2,22,669.1204833984375,166.5604248046875,-1,1509,8.709917176256731e-23,0.00021122591190823406,0.9997887740880917,2.0965564721812204e-17,0.9976173154150566
0,1,high_normal,ice_native_0p10_v02,2,False,1289,right,ice,0.1,3,45,297.14288330078125,0.0,-1,45,7.506313549975716e-12,6.615085074813377e-16,0.9998190025658646,0.00018099742662829583,0.9969319158480021
0,1,high_normal,ice_native_0p20_v02,2,False,2699,left,ice,0.2,3,54,417.28411865234375,0.0,-1,2229,3.448050691628599e-17,1.0200249137666009e-21,0.9998328006993676,0.00016719930063229186,0.9999503363772565
0,1,high_normal,ice_native_0p15_v02,2,False,899,left,ice,0.15,3,66,270.27490234375,0.0,-1,453,1.8125351626411555e-10,1.4685172935790476e-13,0.9998986632222698,0.00010133659632996514,0.05582677659796915
0,1,high_normal,ice_native_0p15_v02,2,False,1959,right,ice,0.15,2,25,281.3603210449219,0.0,-1,25,3.917875955915051e-08,3.7401449784400163e-14,0.9999065927490408,9.3368072162256e-05,0.9747689039361733
0,1,high_normal,ice_native_0p15_v02,2,False,1949,right,ice,0.15,2,15,284.8966369628906,0.0,-1,15,2.1343101352709734e-08,8.82294841788428e-11,0.9999469217878484,5.3056780820844866e-05,0.19895032791202397
0,1,high_normal,ice_native_0p20_v02,2,False,1419,left,ice,0.2,3,48,504.0846252441406,0.0,-1,949,2.3306080657686497e-11,7.293827392554442e-13,0.9999481139038288,5.188607213574642e-05,0.9988692392779429
0,1,high_normal,ice_native_0p20_v02,2,False,1469,left,ice,0.2,3,98,262.6549377441406,0.0,-1,999,1.7724852429550752e-10,2.9540436199941837e-18,0.9999498660436035,5.013377914809743e-05,0.9814229794165304
0,1,high_normal,ice_native_0p15_v02,2,False,959,left,ice,0.15,2,13,192.5035858154297,68.08314514160156,-1,513,9.830366583321995e-13,1.8166864713546833e-14,0.9999618244338631,3.8175565135757825e-05,0.005551036966984201
0,1,high_normal,ice_native_0p15_v02,2,False,869,left,ice,0.15,3,36,260.5212097167969,0.0,-1,423,1.746688731218094e-15,4.447630534433325e-16,0.9999621830416221,3.7816958375571196e-05,0.8692455092153107
0,1,high_normal,ice_native_0p15_v02,2,False,889,left,ice,0.15,3,56,273.7164306640625,0.0,-1,443,2.5259876791045148e-11,4.1257178011784846e-14,0.9999743252801566,2.5674694542141764e-05,0.03151340465113238
0,1,high_normal,ice_native_0p15_v02,2,False,2629,left,ice,0.15,3,113,238.37535095214844,0.0,-1,428,6.073361047939879e-14,1.549315607358778e-05,0.9999832456383367,1.2612055289652697e-06,0.0008096624205955526
0,1,high_normal,ice_native_0p15_v02,2,False,2619,left,ice,0.15,3,103,383.40167236328125,0.0,-1,418,9.047175213907225e-13,6.674630095508611e-07,0.9999836849122818,1.564762380394462e-05,0.04091534159709517
0,1,high_normal,ice_native_0p20_v02,2,False,1399,left,ice,0.2,2,28,854.7037353515625,0.0,-1,929,1.5161454246314617e-11,1.2349728090743705e-05,0.9999876492708961,9.858517341971081e-10,0.9768970312916674
0,1,high_normal,ice_native_0p20_v02,2,False,2779,left,ice,0.2,4,40,177.71165466308594,0.0,-1,2309,2.3037931393970706e-15,2.1635912357897887e-26,0.9999893389845274,1.0661015470431448e-05,0.9984591606497872
0,1,high_normal,ice_native_0p20_v02,2,False,859,left,ice,0.2,3,34,325.21575927734375,0.0,-1,389,4.008609539662919e-16,1.865491581697082e-17,0.9999906831842931,9.316815706499083e-06,0.9276933439428819
0,1,high_normal,ice_native_0p20_v02,2,False,1409,left,ice,0.2,3,38,632.936279296875,0.0,-1,939,1.911543088519544e-09,1.95454281212596e-07,0.9999927864442366,7.016189938901763e-06,0.9967234767553506
0,1,high_normal,ice_native_0p15_v02,2,False,879,left,ice,0.15,3,46,301.6815185546875,0.0,-1,433,1.6396923221649041e-15,1.3907838610613537e-16,0.9999934059426911,6.59405730718233e-06,0.8466443200625069
0,1,high_normal,ice_native_0p15_v02,2,False,829,left,ice,0.15,4,111,376.87762451171875,0.0,-1,383,2.909840114144307e-14,1.0328491470681547e-08,0.9999948364042668,5.153267212558058e-06,0.05304721670023048
0,1,high_normal,ice_native_0p20_v02,2,False,879,left,ice,0.2,3,54,249.25027465820312,0.0,-1,409,1.0615984192322341e-12,1.3674926962720033e-15,0.9999958116395498,4.188359387227596e-06,0.06843040190485782
0,1,high_normal,ice_native_0p20_v02,2,False,2529,right,ice,0.2,2,30,257.5660095214844,0.0,-1,147,1.1288120758972413e-12,3.278815432309727e-09,0.999997664554745,2.3321653108547075e-06,0.031652903227062
0,1,high_normal,ice_native_0p20_v02,2,False,869,left,ice,0.2,3,44,309.1578369140625,0.0,-1,399,3.893386680852846e-16,5.015798967565165e-16,0.9999980873312558,1.9126687432592206e-06,0.8830562475445085
0,1,high_normal,ice_native_0p20_v02,2,False,889,left,ice,0.2,3,64,273.3365173339844,0.0,-1,419,2.974202269680459e-12,3.0157455563780987e-15,0.9999982476662002,1.752330822610276e-06,0.11331546156054441
0,1,high_normal,ice_native_0p20_v02,2,False,2519,right,ice,0.2,2,20,281.3870849609375,0.0,-1,137,1.354768009936283e-12,4.047180679074885e-07,0.9999983947881131,1.2004924641437004e-06,0.57378750248435
0,1,high_normal,ice_native_0p20_v02,2,False,1689,right,ice,0.2,3,56,521.80859375,56.978668212890625,-1,436,1.0875529688756857e-12,2.835760510844046e-14,0.9999985139704619,1.4860284221428028e-06,0.9569274935887715
0,1,high_normal,ice_native_0p15_v02,2,False,2639,left,ice,0.15,4,123,322.6298828125,0.0,-1,438,1.1076180328961478e-13,5.162238927718817e-10,0.9999991438268873,8.556567780819581e-07,0.024817694821581457
0,1,high_normal,ice_native_0p20_v02,2,False,819,left,ice,0.2,4,99,417.8837585449219,0.0,-1,349,1.3680571647929724e-14,6.030976097824304e-07,0.9999993353984453,6.150393123967854e-08,0.13037155638562767
0,1,high_normal,ice_native_0p20_v02,2,False,1679,right,ice,0.2,3,46,412.984619140625,141.79539489746094,-1,426,6.239431307641666e-15,2.3110273470026387e-18,0.999999580710918,4.1928907564020224e-07,0.9887116931065997
0,1,high_normal,ice_native_0p15_v02,2,False,819,left,ice,0.15,3,101,418.6870422363281,0.0,-1,373,4.057222636852155e-14,2.1800162117221762e-07,0.9999996923386313,8.965970687419974e-08,0.051568697410612055
0,1,high_normal,ice_native_0p20_v02,2,False,1999,left,ice,0.2,3,42,549.832275390625,104.43592834472656,-1,1529,4.643311412887477e-22,2.439380589542352e-07,0.9999997560380567,2.3884377336984117e-11,0.2989985061046443
0,1,high_normal,ice_native_0p20_v02,2,False,1669,right,ice,0.2,3,36,452.1171875,148.95156860351562,-1,416,4.8804670309212364e-15,8.705807038437771e-19,0.9999998635029117,1.364970834983814e-07,0.996382641833075
0,1,high_normal,ice_native_0p15_v02,2,False,2239,right,ice,0.15,2,12,579.60986328125,177.415283203125,-1,305,1.2018108282837744e-16,1.7461321799673256e-13,0.9999999625577621,3.74420632128194e-08,0.9996209012126808
0,1,high_normal,ice_native_0p20_v02,2,False,839,left,ice,0.2,2,14,361.4291687011719,0.0,-1,369,2.3868480438125242e-17,1.482411962495839e-09,0.9999999762394783,2.2278109796636245e-08,0.706539787323807
0,1,high_normal,ice_native_0p20_v02,2,False,2759,left,ice,0.2,2,20,231.03314208984375,0.0,-1,2289,2.191480666054787e-18,1.3494334305516388e-28,0.9999999817874462,1.8212553704423915e-08,0.9793104087237083
0,1,high_normal,ice_native_0p20_v02,2,False,1989,left,ice,0.2,3,32,664.353271484375,134.6643829345703,-1,1519,3.720380238236879e-26,5.47979713598016e-09,0.9999999945202027,1.980226052291694e-16,0.9698815458103262
0,1,high_normal,ice_native_0p20_v02,2,False,2769,left,ice,0.2,2,30,176.02272033691406,0.0,-1,2299,7.713349940128286e-19,1.2801031412149664e-29,0.9999999958903454,4.109654592032575e-09,0.9921805672898044
0,1,high_normal,ice_native_0p20_v02,2,False,1659,right,ice,0.2,2,26,428.9127197265625,122.16717529296875,-1,406,9.897607926541535e-15,7.20098036854325e-18,0.9999999997519597,2.4803034028776774e-10,0.9951221943150479
0,1,high_normal,ice_native_0p20_v02,2,False,2689,left,ice,0.2,3,44,420.1065368652344,0.0,-1,2219,1.417144886841292e-22,3.178603795310229e-26,0.9999999999361113,6.38887236845601e-11,0.9975121484501666
0,1,high_normal,ice_native_0p20_v02,2,False,2659,left,ice,0.2,2,14,1187.6309814453125,0.0,-1,2189,1.0941107593520557e-14,6.0975174210564804e-12,0.9999999999883895,5.5019818556197445e-12,0.9891765442610131
0,1,high_normal,ice_native_0p20_v02,2,False,2669,left,ice,0.2,2,24,706.582275390625,0.0,-1,2199,7.332844094350897e-17,7.26561178263142e-19,0.9999999999967373,3.262661432712769e-12,0.9926464451559146
0,1,high_normal,ice_native_0p20_v02,2,False,1649,right,ice,0.2,2,16,529.3457641601562,130.9394989013672,-1,396,2.5012835808111818e-14,1.0703156738691777e-17,0.9999999999973606,2.614425989936432e-12,0.9992562551047618
0,1,high_normal,ice_native_0p20_v02,2,False,2679,left,ice,0.2,3,34,509.9082336425781,0.0,-1,2209,5.456797050276085e-21,1.9778233415569077e-24,0.9999999999999303,6.961780196293654e-14,0.9998268259876398
0,1,high_early_precursor,ice_native_0p10_v02,2,False,2199,right,ice,0.1,3,36,210.19908142089844,187.6295166015625,124,275,1.763325239723951e-08,3.109000647655445e-05,0.9726499318972267,0.027318960463044238,0.8002747023614869
0,1,high_early_precursor,sand_solref_interpolation_3of4_stronger_v2_0p10_v02,2,False,1799,left,sand,0.1,3,872,424.10260009765625,219.3173828125,149,-1,7.187526768604485e-08,0.027132359696813862,0.9728672067161984,3.617117199179945e-07,0.9991775063342891
0,1,high_early_precursor,ice_native_0p15_v02,2,False,2009,left,ice,0.15,2,12,875.0919189453125,0.0,112,433,1.7216715422626553e-12,0.021448639696070505,0.978551360300017,2.190849351227119e-12,0.999857317619202
0,1,high_early_precursor,ice_native_0p15_v02,2,False,1389,left,ice,0.15,2,16,519.7105712890625,0.0,139,943,0.001966834607150079,0.008389955579817537,0.9805658277668047,0.009077382046227612,0.9992026813041681
0,1,high_early_precursor,ice_native_0p10_v02,2,False,2219,right,ice,0.1,3,56,197.20144653320312,162.25222778320312,104,295,0.001399927821016311,6.830089599090279e-05,0.9817808302969253,0.016750940986067525,0.7227025698873507
0,1,high_early_precursor,ice_native_0p10_v02,2,False,2209,right,ice,0.1,3,46,205.9669189453125,171.9556121826172,114,285,6.271312858793153e-07,0.00013213390898232606,0.9867590339868438,0.013108204972887885,0.9531049602733717
0,1,high_early_precursor,ice_native_0p10_v02,2,False,769,left,ice,0.1,3,48,508.5165710449219,0.0,162,313,6.935943825419402e-10,0.003569964761467368,0.9964159991119272,1.4035433011004857e-05,0.3868172354006322
0,1,high_early_precursor,ice_native_0p15_v02,2,False,1399,left,ice,0.15,2,26,852.0267333984375,0.0,129,953,5.328939885073724e-07,0.0030808171664175443,0.9969148705041486,3.7794354453351675e-06,0.999067849400072
0,1,high_early_precursor,sand_solref_interpolation_5of6_stronger_v2_0p10_v02,2,False,1769,left,sand,0.1,3,846,433.77496337890625,114.56412506103516,125,-1,3.4121133902459214e-08,0.0022289830390140493,0.9977462166332639,2.4766206588197114e-05,0.8511886729195401
0,1,high_early_precursor,ice_native_0p10_v02,2,False,809,left,ice,0.1,3,88,484.77197265625,0.0,122,353,3.941942109461034e-15,0.0019481570618409775,0.9980470097445419,4.8331936133465485e-06,0.4652824088944336
0,1,high_early_precursor,ice_native_0p10_v02,2,False,989,right,ice,0.1,2,17,283.0511474609375,163.99375915527344,108,307,5.726588003122183e-08,3.0628212056763817e-09,0.9985648263045417,0.001435113366757121,0.8484184327029478
0,1,high_early_precursor,sand_solref_interpolation_3of4_stronger_v2_0p10_v02,2,False,1809,left,sand,0.1,3,882,407.72930908203125,261.4544982910156,139,-1,1.4716932315637405e-09,0.0011846997081088723,0.9988151911302651,1.0768993275743809e-07,0.9997816194874933
0,1,high_early_precursor,sand_solref_interpolation_2of3_0p10_v02,2,False,1809,left,sand,0.1,3,880,451.8590087890625,279.50994873046875,137,-1,5.675242826537463e-08,0.000794786306117293,0.9992022501651981,2.906776256436132e-06,0.9649706018433045
0,1,high_early_precursor,ice_native_0p15_v02,2,False,999,right,ice,0.15,2,28,266.6575012207031,133.913330078125,101,346,2.048818391530277e-06,0.00017759640014473522,0.9996876957525369,0.00013265902892685587,0.15981175595473168
0,1,high_early_precursor,sand_solref_interpolation_5of6_stronger_v2_0p10_v02,2,False,1779,left,sand,0.1,3,856,415.02154541015625,219.49583435058594,115,-1,1.9883681065502446e-10,7.479614919159065e-07,0.9999355180376974,6.373380197376362e-05,0.9986529174500046
0,1,high_early_precursor,sand_solref_interpolation_2of3_0p10_v02,2,False,1819,left,sand,0.1,3,890,413.37005615234375,264.597412109375,127,-1,4.761242888152656e-09,4.438136855636504e-05,0.9999537227905978,1.8910796029044454e-06,0.9911102757984612
0,1,high_early_precursor,ice_native_0p15_v02,2,False,989,right,ice,0.15,2,18,324.16546630859375,170.52992248535156,111,336,4.9442257255660933e-08,1.1558900333453209e-05,0.9999776067542308,1.078490317849704e-05,0.6749543231243039
0,1,high_early_precursor,sand_solref_interpolation_5of6_stronger_v2_0p10_v02,2,False,1789,left,sand,0.1,3,866,402.4142761230469,265.7443542480469,105,-1,3.781935140886979e-12,2.447954270380731e-08,0.9999821598871107,1.7815629564583182e-05,0.9998581775624451
0,1,high_early_precursor,sand_solref_interpolation_3of4_stronger_v2_0p10_v02,2,False,1819,left,sand,0.1,3,892,369.2065734863281,213.4871368408203,129,-1,9.456881597316223e-11,1.689555878758303e-05,0.9999830745952101,2.9751433670002703e-08,0.9999888912754379
0,1,high_early_precursor,ice_native_0p10_v02,2,False,819,left,ice,0.1,3,98,419.05938720703125,0.0,112,363,1.8892011893647676e-16,1.8547651539873274e-06,0.9999914700726575,6.6751621883569334e-06,0.8195093962083093
0,1,high_early_precursor,ice_native_0p10_v02,2,False,829,left,ice,0.1,3,108,381.2339782714844,0.0,102,373,3.398781692342253e-17,9.418641653919587e-07,0.9999930531606984,6.004975136063352e-06,0.6242876485613874
0,1,high_early_precursor,sand_solref_interpolation_3of4_stronger_v2_0p10_v02,2,False,1829,left,sand,0.1,3,902,316.48565673828125,204.9818572998047,119,-1,7.029268985336692e-11,4.874949581387908e-06,0.9999951004927863,2.448733973974301e-08,0.9999972127583311
0,1,high_early_precursor,sand_solref_interpolation_3of4_stronger_v2_0p10_v02,2,False,1839,left,sand,0.1,3,912,313.8025207519531,177.21786499023438,109,-1,8.79072835965053e-11,3.6482879561555824e-06,0.9999963482243008,3.399835735254296e-09,0.9999924687538052
0,1,high_early_precursor,ice_native_0p20_v02,2,False,989,right,ice,0.2,2,19,293.2742919921875,176.61045837402344,103,543,2.0622348973964194e-09,1.112361292465856e-08,0.9999964945275361,3.4922866159993153e-06,0.643318791215684
0,1,high_early_precursor,sand_solref_interpolation_2of3_0p10_v02,2,False,1829,left,sand,0.1,3,900,333.4957580566406,225.8321533203125,117,-1,2.463546872597411e-10,1.4035686993463063e-06,0.9999982880677003,3.081172459101877e-07,0.9994105697384199
0,1,high_early_precursor,ice_native_0p10_v02,2,False,1999,left,ice,0.1,2,17,754.1109619140625,0.0,102,370,1.1946940714558213e-16,5.58006570046243e-07,0.9999994419934287,1.2059040847736979e-15,0.9733093950986974
0,1,high_early_precursor,ice_native_0p15_v02,2,False,2019,left,ice,0.15,2,22,821.035888671875,0.0,102,443,3.8634887002181077e-19,2.9762036743220036e-07,0.9999997023796143,1.831580940772884e-14,0.998212499790123
0,1,high_early_precursor,sand_solref_interpolation_2of3_0p10_v02,2,False,1839,left,sand,0.1,3,910,314.8197937011719,191.73974609375,107,-1,3.850430268119143e-11,5.687190255245326e-08,0.9999999311049336,1.1984659577582458e-08,0.999938597016015
0,1,wrong_foot,ice_native_0p10_v02,2,False,2869,left,ice,0.1,2,12,128.2621612548828,312.8348388671875,-1,104,2.4768842995156744e-05,9.557717952823038e-12,0.0020330967164749383,0.9979421344309721,0.762745375761309
0,1,wrong_foot,ice_native_0p10_v02,2,False,1649,left,ice,0.1,2,20,127.41766357421875,261.96240234375,-1,20,1.5860322543858136e-13,8.646296648487514e-17,0.00011485852723293131,0.9998851414726084,0.8423817216123473
0,1,wrong_foot,ice_native_0p10_v02,2,False,2159,right,ice,0.1,2,29,80.63102722167969,206.2677001953125,-1,235,6.887416736851437e-09,2.3519938383067325e-05,0.9419697596309472,0.058006713543253076,0.002682262530343397
0,1,wrong_foot,ice_native_0p10_v02,2,False,2839,left,ice,0.1,2,23,172.5605010986328,68.48371124267578,-1,74,2.3171064462507878e-05,5.871706797808521e-11,0.0003123972916633494,0.999664431585157,0.9447261452057419
0,1,wrong_foot,ice_native_0p10_v02,2,False,2829,left,ice,0.1,2,13,181.2878875732422,205.19619750976562,-1,64,5.8531277210214824e-06,4.966562163917577e-11,0.0004147272504350541,0.9995794195721782,0.9453749173077722
0,1,wrong_foot,ice_native_0p10_v02,2,False,2809,left,ice,0.1,4,44,186.79640197753906,166.60406494140625,-1,44,3.0946251679443212e-09,2.4319218070523988e-12,0.004785353731012522,0.9952146431719304,0.960279126689311
0,1,wrong_foot,ice_native_0p10_v02,2,False,2149,right,ice,0.1,2,19,83.11360931396484,206.20840454101562,-1,225,7.81304399754747e-09,0.00039659366836539877,0.9655433545406732,0.034060043977917356,0.0038534697237377303
0,1,wrong_foot,ice_native_0p10_v02,2,False,2849,left,ice,0.1,4,33,163.2845916748047,245.76351928710938,-1,84,1.9740839731335268e-06,8.649153970907819e-13,0.00011598246287744171,0.9998820434522845,0.9706450323567958
0,1,wrong_foot,ice_native_0p10_v02,2,False,2799,left,ice,0.1,3,34,184.81015014648438,146.84329223632812,-1,34,2.9681209910346715e-10,2.380387491965558e-12,0.0012915060402079461,0.9987084936605995,0.9776332567334666
0,1,wrong_foot,ice_native_0p10_v02,2,False,2779,left,ice,0.1,2,14,210.14170837402344,124.6998291015625,-1,14,3.767493951323537e-12,2.4989819649145618e-14,0.6091963515627581,0.39080364843344934,0.38393428616702996
0,1,wrong_foot,ice_native_0p10_v02,2,False,919,right,ice,0.1,2,17,55.540283203125,233.8766326904297,-1,237,1.3466378611895747e-08,1.5192978647110238e-08,0.9932458710032807,0.006754100337362071,0.0007858112182024729
0,1,wrong_foot,ice_native_0p10_v02,2,False,2189,right,ice,0.1,2,26,233.95526123046875,205.80593872070312,134,265,2.616908173299939e-10,2.429317520304568e-05,0.8132089532918876,0.1867667532712185,0.7994186459187037
0,1,wrong_foot,ice_native_0p10_v02,2,False,2219,right,ice,0.1,3,56,197.20144653320312,162.25222778320312,104,295,0.001399927821016311,6.830089599090279e-05,0.9817808302969253,0.016750940986067525,0.7227025698873507
0,1,wrong_foot,ice_native_0p10_v02,2,False,2179,right,ice,0.1,2,16,270.57147216796875,178.6049346923828,144,255,3.4171671524460354e-10,0.16572547065247326,0.8323237948406036,0.0019507341652064507,0.9122217859071736
0,1,wrong_foot,ice_native_0p10_v02,2,False,2199,right,ice,0.1,3,36,210.19908142089844,187.6295166015625,124,275,1.763325239723951e-08,3.109000647655445e-05,0.9726499318972267,0.027318960463044238,0.8002747023614869
0,1,wrong_foot,ice_native_0p10_v02,2,False,2209,right,ice,0.1,3,46,205.9669189453125,171.9556121826172,114,285,6.271312858793153e-07,0.00013213390898232606,0.9867590339868438,0.013108204972887885,0.9531049602733717
1,0,high_normal,ice_native_0p15_v03,3,False,579,left,ice,0.15,2,24,161.66000366210938,0.0,-1,269,0.013999440942704418,0.9293177912506341,0.056135775481301366,0.0005469923253603121,0.0010574979181070885
1,0,high_normal,sand_solref_interpolation_3of4_stronger_v2_0p15_v03,3,False,1009,right,sand,0.15,3,37,44.99126434326172,444.34564208984375,-1,-1,0.1679165409351629,0.7752398514755906,0.05684360437868258,3.210563862155511e-09,1.304880180173109e-07
1,0,high_normal,sand_solref_interpolation_3of4_stronger_v2_0p15_v03,3,False,1019,right,sand,0.15,3,47,44.649349212646484,437.45245361328125,-1,-1,0.20430711239140345,0.7382054368982489,0.05748744416419413,6.546153452371054e-09,1.6635507435017688e-07
1,0,high_normal,ice_native_0p15_v03,3,False,1859,left,ice,0.15,3,85,386.56317138671875,56.85511016845703,-1,275,2.5889698201029502e-05,0.9398481820222091,0.05941514523435629,0.000710783045233695,0.7527177493643358
1,0,high_normal,sand_solref_interpolation_5of6_stronger_v2_0p15_v03,3,False,1019,right,sand,0.15,3,78,55.32182312011719,414.42303466796875,-1,-1,0.4268292557449193,0.5127801032580295,0.06039063680489035,4.192160876517368e-09,4.6662149283814227e-07
1,0,high_normal,ice_native_0p15_v03,3,False,2399,right,ice,0.15,4,276,270.1988525390625,0.0,-1,1472,0.8722484943409037,1.989245331404036e-06,0.06065546318210055,0.06709405323166438,0.251999769992236
1,0,high_normal,ice_native_0p15_v00,0,False,2069,right,ice,0.15,3,302,334.683349609375,0.0,-1,41,1.8497652190080814e-07,9.087499660637159e-13,0.06151110540931365,0.9384887096132557,0.9996417324456888
1,0,high_normal,sand_solref_interpolation_1of3_0p20_v03,3,False,199,left,sand,0.2,2,29,283.1402893066406,152.4031219482422,-1,-1,0.9355912272341247,2.183665022282757e-06,0.06434637688688483,6.021221396815496e-05,0.021989192482764115
1,0,high_normal,ice_native_0p20_v00,0,False,1079,left,ice,0.2,3,129,345.5009765625,0.0,-1,129,8.070120357958797e-08,0.6222714164670512,0.06742119619484807,0.31030730663689704,0.19740537960920682
1,0,high_normal,ice_native_0p10_v03,3,False,849,right,ice,0.1,2,28,114.54484558105469,202.67431640625,-1,-1,3.984426131411914e-05,1.7921577005263577e-12,0.07456749190959246,0.9253926638273013,0.0006288802451307005
1,0,high_normal,ice_native_0p15_v03,3,False,789,left,ice,0.15,3,234,252.7424774169922,98.7884521484375,-1,479,0.033933797357991145,0.017137012195502944,0.07465599334940445,0.8742731970971015,1.2029870846258936e-05
1,0,high_normal,ice_native_0p20_v00,0,False,1459,right,ice,0.2,3,256,239.95999145507812,0.0,-1,22,8.895899248948147e-07,1.1111937132739796e-15,0.07698587976118196,0.9230132306488921,0.004962724984753306
1,0,high_normal,marble_native_0p15_v00,0,False,399,right,marble,0.15,3,202,329.1625671386719,0.0,-1,-1,0.922875205428291,0.00011624168159490214,0.07700855284328322,4.683095574078822e-11,1.2230231319287214e-06
1,0,high_normal,sand_solref_interpolation_5of6_stronger_v2_0p15_v03,3,False,989,right,sand,0.15,3,48,45.323997497558594,426.4484558105469,-1,-1,0.7947966391718905,0.12616470004751743,0.07903865788129324,2.8992987338162255e-09,1.8883778181721293e-07
1,0,high_normal,marble_native_0p20_v00,0,False,399,right,marble,0.2,3,203,329.6474609375,0.0,-1,-1,0.9183009011191635,4.182015263077717e-05,0.0816572785163864,2.118192658352592e-10,1.4031997473468886e-06
1,0,high_normal,sand_solref_interpolation_3of4_stronger_v2_0p15_v03,3,False,999,right,sand,0.15,2,27,35.64994430541992,446.2523498535156,-1,-1,0.6078615159370203,0.31012000591101263,0.08201847805047521,1.0149175405086302e-10,2.6403994845278713e-08
1,0,high_normal,ice_native_0p20_v00,0,False,1189,left,ice,0.2,2,29,211.62413024902344,69.09525299072266,-1,239,1.9821793790489336e-06,2.2715713512510628e-12,0.08495227176939796,0.9150457460489514,0.003374489342580827
1,0,high_normal,ice_native_0p20_v03,3,False,729,left,ice,0.2,3,194,353.2326965332031,93.37279510498047,-1,422,2.1470835769795543e-05,0.9144813382855219,0.0854964258780517,7.650006567257771e-07,0.2581265592222908
1,0,high_normal,ice_native_0p15_v00,0,False,1759,left,ice,0.15,3,33,213.78086853027344,124.95501708984375,-1,65,5.377521939722491e-13,2.925102835320576e-18,0.08597339698296112,0.9140266030165012,0.9999329866832808
1,0,high_normal,marble_native_0p10_v00,0,False,399,right,marble,0.1,3,200,329.7017822265625,0.0,-1,-1,0.9132057011210476,0.00018089839742471166,0.08661340045849625,2.3031582547528314e-11,2.048895894594717e-06
1,0,high_normal,sand_solref_interpolation_3of4_stronger_v2_0p15_v03,3,False,989,right,sand,0.15,2,17,32.31563186645508,446.95025634765625,-1,-1,0.7065411773609013,0.20399794613264371,0.08946087640830802,9.814703670255664e-11,1.2278891600861059e-08
1,0,high_normal,ice_native_0p20_v03,3,False,669,left,ice,0.2,3,134,370.5208740234375,231.7018585205078,-1,362,0.08836416566406308,0.7305982266367972,0.09819413747927769,0.08284347021986198,0.632791553236165
1,0,high_normal,sand_solref_interpolation_5of6_stronger_v2_0p15_v03,3,False,999,right,sand,0.15,3,58,46.98447036743164,423.99285888671875,-1,-1,0.760376975285479,0.13851292019962852,0.10111010191269047,2.6022020101187865e-09,3.5100470333319875e-07
1,0,high_normal,sand_solref_interpolation_5of6_stronger_v2_0p15_v03,3,False,979,right,sand,0.15,3,38,37.78224182128906,424.7872619628906,-1,-1,0.8728957307642593,0.022994562143696454,0.10410969951123256,7.580811719849997e-09,5.178039069026325e-07
1,0,high_normal,ice_native_0p20_v03,3,False,649,left,ice,0.2,3,114,354.8708190917969,67.73723602294922,-1,342,0.005647685866569358,0.8857884738781533,0.1078080794608737,0.000755760794403467,0.22773918672050464
1,0,high_normal,ice_native_0p20_v03,3,False,1219,right,ice,0.2,2,19,251.08851623535156,0.0,-1,73,0.8683011411642336,2.645241025518503e-09,0.12291255063916222,0.008786305551363243,9.818613258366672e-06
1,0,high_normal,ice_native_0p15_v03,3,False,359,left,ice,0.15,2,18,200.8836212158203,325.64544677734375,-1,49,3.385000964349257e-12,6.293235127340826e-25,0.12763843115848375,0.8723615688381312,0.9999995183723348
1,0,high_normal,ice_native_0p10_v03,3,False,1869,left,ice,0.1,3,60,524.6065673828125,0.0,-1,284,1.5845381811563515e-09,4.523334549393425e-07,0.12846160832209472,0.8715379377599122,0.9986106931238375
1,0,high_normal,ice_native_0p20_v03,3,False,789,left,ice,0.2,3,254,254.2797088623047,41.42974090576172,-1,482,0.07909235531783053,0.059549086339592834,0.1296155343308041,0.7317430240117725,2.854063666921477e-05
1,0,high_normal,ice_native_0p15_v03,3,False,1849,left,ice,0.15,3,75,421.34033203125,49.49882888793945,-1,265,9.693834263012343e-06,0.8641121973606556,0.13578115718521133,9.695161986989482e-05,0.5963076841379987
1,0,high_normal,ice_native_0p15_v00,0,False,1129,left,ice,0.15,4,35,270.27294921875,51.882652282714844,-1,35,1.8630553163186456e-08,1.5698873404824237e-11,0.13756378165200517,0.8624361997017428,0.00617913982107524
1,0,high_normal,ice_native_0p15_v03,3,False,769,left,ice,0.15,3,214,274.4985046386719,47.00233459472656,-1,459,0.02314162996547902,0.7426775410635115,0.1428208623649466,0.09135996660606285,0.0010843616273570136
1,0,high_normal,marble_native_0p10_v00,0,False,879,right,marble,0.1,2,24,182.00759887695312,235.93624877929688,-1,-1,0.8523596400528108,1.063962782515753e-11,0.14764035958609004,3.504595053098305e-10,0.0002561695043007347
1,0,high_normal,ice_native_0p15_v03,3,False,1879,left,ice,0.15,3,105,412.7567138671875,41.53947067260742,-1,295,7.260442495061994e-07,0.8516379901384319,0.14824269200417353,0.00011859181314503383,0.1715687512729197
1,0,high_normal,ice_native_0p15_v03,3,False,2339,right,ice,0.15,3,216,345.6158752441406,0.0,-1,1412,1.2965274305001014e-05,6.980681118392202e-06,0.14946463731799003,0.8505154167265866,0.025770977629140667
1,0,high_normal,ice_native_0p20_v03,3,False,659,left,ice,0.2,3,124,337.73333740234375,75.20291900634766,-1,352,0.012068143866778454,0.8271537580578209,0.1599135517632836,0.0008645463121169038,0.6593329434474599
1,0,high_normal,ice_native_0p15_v00,0,False,2899,left,ice,0.15,3,155,292.73297119140625,69.87299346923828,-1,473,7.396223202286287e-13,1.4143567892020014e-19,0.17326847890401645,0.826731521095244,0.9948127012851204
1,0,high_normal,ice_native_0p15_v03,3,False,1869,left,ice,0.15,3,95,448.4207763671875,0.0,-1,285,1.2150638411321063e-06,0.821934736356021,0.17792063299051583,0.00014341558962199287,0.05741441816298232
1,0,high_normal,ice_native_0p15_v00,0,False,2049,right,ice,0.15,3,282,343.72442626953125,0.0,-1,21,7.814149923053546e-09,2.740801197650093e-13,0.19126812158706039,0.8087318705985157,0.9994016030021535
1,0,high_normal,ice_native_0p20_v03,3,False,2359,right,ice,0.2,4,56,367.3486022949219,0.0,-1,56,2.6449629127236544e-06,0.8070535237160289,0.19293986097767266,3.970343385803671e-06,6.264973882295259e-12
1,0,high_normal,ice_native_0p15_v03,3,False,2039,right,ice,0.15,2,12,123.73805236816406,204.84463500976562,-1,1112,0.0002390446796067847,3.950796090745176e-08,0.19821370397949648,0.8015472118329359,0.0034814459045266776
1,0,high_normal,ice_native_0p15_v03,3,False,1039,right,ice,0.15,3,86,362.1529541015625,0.0,-1,112,5.666683497112065e-08,3.574339241648021e-09,0.20400974099456667,0.7959901987642591,0.9999449135281999
1,0,high_normal,ice_native_0p15_v00,0,False,379,right,ice,0.15,2,11,162.9967041015625,0.0,-1,11,1.7560686131052272e-10,1.523746252657956e-24,0.2152276547582599,0.7847723450661331,0.034408637678726
1,0,high_normal,ice_native_0p10_v03,3,False,1909,left,ice,0.1,3,100,212.0766143798828,19.8705997467041,-1,324,1.9245366874751594e-12,8.613525582810827e-09,0.21552034095209344,0.7844796504324565,0.0006173868716565099
1,0,high_normal,ice_native_0p15_v03,3,False,1899,left,ice,0.15,3,125,389.51666259765625,0.0,-1,315,8.177891685032277e-07,0.7646023842191381,0.2350499031588436,0.0003468948328497882,0.0571494805146178
1,0,high_normal,ice_native_0p10_v03,3,False,1939,left,ice,0.1,3,130,363.3336181640625,40.72594451904297,-1,354,7.812284321762109e-11,9.631647640236802e-11,0.23802635874628694,0.7619736410792737,0.028017666298018714
1,0,high_normal,ice_native_0p20_v03,3,False,1189,right,ice,0.2,3,43,268.84747314453125,0.0,-1,43,0.11425756278935101,2.4803729316558388e-09,0.23832358834324127,0.6474188463870348,8.525118335366258e-06
1,0,high_normal,ice_native_0p15_v00,0,False,1919,left,ice,0.15,4,193,50.43351364135742,371.06427001953125,-1,225,0.47457087137994103,1.9313952793585467e-06,0.25324819268909116,0.27217900453568833,2.212977941115069e-09
1,0,high_normal,ice_native_0p15_v00,0,False,2099,right,ice,0.15,3,332,288.059814453125,0.0,-1,71,2.972234246228163e-06,2.6894431648408586e-12,0.2595723416602988,0.7404246861027655,0.9999843914068534
1,0,high_normal,ice_native_0p10_v03,3,False,729,left,ice,0.1,3,169,351.9577941894531,92.45523834228516,-1,339,0.00016335048939868487,0.7281898626841877,0.2715563738091898,9.041301722394371e-05,0.5003092458449259
1,0,high_normal,ice_native_0p10_v03,3,False,749,left,ice,0.1,3,189,320.138671875,88.85467529296875,-1,359,0.0007702196819126983,0.7215746213343166,0.27512495337268067,0.002530205611090125,0.017049230772173164
1,0,high_normal,ice_native_0p20_v03,3,False,709,left,ice,0.2,3,174,376.4638671875,75.49960327148438,-1,402,3.5757116298819143e-05,0.7163487342802768,0.2836152001850179,3.084184066176927e-07,0.8594960502141995
1,0,high_normal,ice_native_0p15_v03,3,False,1059,right,ice,0.15,3,106,330.1481018066406,0.0,-1,132,6.712543730340746e-08,3.586402912118632e-10,0.2888535841334409,0.7111463483824815,0.9996152646963867
1,0,high_normal,ice_native_0p20_v03,3,False,779,left,ice,0.2,3,244,268.34967041015625,105.3846435546875,-1,472,0.02236612673655647,0.12771692086010739,0.30708744433779966,0.5428295080655365,8.818259262246264e-05
1,0,high_normal,ice_native_0p15_v03,3,False,1189,right,ice,0.15,4,236,253.64068603515625,0.0,-1,262,0.6609051492209675,2.322858472204439e-09,0.31124552549550705,0.02784932296066693,0.40398442788527306
1,0,high_normal,ice_native_0p10_v03,3,False,1859,left,ice,0.1,3,50,447.2533264160156,45.54999542236328,-1,274,2.1688262114327865e-08,1.442481934376785e-08,0.3207246236568796,0.679275340230039,0.9473428595898138
1,0,high_normal,ice_native_0p15_v03,3,False,1999,left,ice,0.15,3,225,238.92893981933594,29.617712020874023,-1,415,6.053831377276066e-07,6.26431254294584e-11,0.3212218073814109,0.6787775871728082,0.02025856946244775
1,0,high_normal,ice_native_0p10_v00,0,False,879,left,ice,0.1,2,19,45.06248474121094,280.7972106933594,-1,186,0.5194901968165233,8.52739105564152e-05,0.3280045497740868,0.15241997949883349,0.00017745215721525092
1,0,high_normal,ice_native_0p15_v03,3,False,1069,right,ice,0.15,3,116,364.8918151855469,0.0,-1,142,9.871586893372562e-08,2.6775284343702257e-08,0.3409886601016682,0.6590112144071787,0.9985388562706602
1,0,high_normal,ice_native_0p10_v03,3,False,1199,right,ice,0.1,2,12,229.23655700683594,0.0,-1,49,0.5290765211700875,4.1388014634379704e-11,0.3445606534888229,0.12636282529970144,9.64359545042946e-05
1,0,high_normal,ice_native_0p20_v03,3,False,639,left,ice,0.2,3,104,287.5861511230469,87.84223175048828,-1,332,0.011257963120268302,0.6407398558039527,0.3478497534873415,0.00015242758843757233,0.023878670599231204
1,0,high_normal,ice_native_0p20_v03,3,False,1179,right,ice,0.2,3,33,284.1013488769531,0.0,-1,33,0.0010633751267071574,2.4741350737112823e-12,0.35130441734643775,0.6476322075243809,0.00011083288097312886
1,0,high_normal,ice_native_0p10_v03,3,False,739,left,ice,0.1,3,179,339.17547607421875,97.30567932128906,-1,349,0.0003727391085090594,0.6452762143558269,0.35355447806436363,0.000796568471300458,0.2429710069963507
1,0,high_normal,ice_native_0p20_v03,3,False,679,left,ice,0.2,3,144,356.942138671875,174.17437744140625,-1,372,0.008807160130109602,0.6124636792646687,0.377095778322332,0.0016333822828897729,0.9835622748221658
1,0,high_normal,ice_native_0p20_v00,0,False,1029,left,ice,0.2,3,79,468.9027099609375,0.0,-1,79,2.451915220325165e-08,0.002603118026311117,0.40137491885976284,0.5960219385947737,0.12378348742215756
1,0,high_normal,ice_native_0p10_v03,3,False,759,left,ice,0.1,3,199,301.9416198730469,102.59012603759766,-1,369,0.0035944694853196255,0.5327682007459803,0.40741292006180013,0.056224409706899986,0.0005377795366148622
1,0,high_normal,ice_native_0p20_v03,3,False,699,left,ice,0.2,3,164,368.5655517578125,96.84318542480469,-1,392,4.26299430224239e-05,0.5819068839759391,0.41804995145956486,5.346214735106386e-07,0.949199382696161
1,0,high_normal,ice_native_0p20_v03,3,False,769,left,ice,0.2,3,234,126.6618423461914,93.33744812011719,-1,462,0.020919567786193735,0.55263371104433,0.4250055456749716,0.0014411754945047504,0.007243530628297893
1,0,high_normal,ice_native_0p15_v00,0,False,2809,left,ice,0.15,3,65,498.71563720703125,0.0,-1,383,9.927006209637107e-11,7.261759499599163e-06,0.4320771523981689,0.5679155857430614,0.8079366443067615
1,0,high_normal,ice_native_0p15_v03,3,False,779,left,ice,0.15,3,224,263.9189758300781,11.562687873840332,-1,469,0.01931118567613252,0.09396131658840914,0.4575990020023644,0.429128495733094,0.00013624156065699454
1,0,high_normal,ice_native_0p10_v03,3,False,719,left,ice,0.1,3,159,355.59771728515625,101.39837646484375,-1,329,0.00016694048351092886,0.534862367448198,0.4645749850174536,0.0003957070508374899,0.8826745585515783
1,0,high_normal,ice_native_0p15_v00,0,False,2079,right,ice,0.15,3,312,302.01654052734375,0.0,-1,51,2.115577972241988e-07,5.271005550789033e-13,0.4674923772998706,0.5325074111418051,0.9999691820709744
1,0,high_normal,ice_native_0p15_v03,3,False,2379,right,ice,0.15,3,256,291.4052734375,0.0,-1,1452,0.20771231840676688,0.00021324797602546622,0.47920263971260935,0.31287179390459824,0.004671079854044989
1,0,high_normal,ice_native_0p15_v00,0,False,2109,right,ice,0.15,3,342,272.8204650878906,0.0,-1,81,8.358796889732813e-06,3.949563476522244e-12,0.4838660034857533,0.5161256377134074,0.9999680344670179
1,0,high_normal,ice_native_0p15_v03,3,False,829,right,ice,0.15,2,18,104.17240905761719,218.20718383789062,-1,-1,0.0002641622662592887,6.533678042586147e-11,0.48686286128946354,0.5128729763789404,0.001051943260821205
1,0,high_normal,ice_native_0p15_v03,3,False,2179,right,ice,0.15,3,56,438.40753173828125,44.01865768432617,-1,1252,9.592466666687104e-07,2.3097741228388314e-06,0.5108228805031646,0.4891738504760459,0.9997809741192891
1,0,high_normal,ice_native_0p20_v00,0,False,1019,left,ice,0.2,3,69,418.1918029785156,32.879234313964844,-1,69,1.0367944555577208e-07,0.0011689518034282494,0.5123562295346674,0.48647471498245876,0.30298199042136953
1,0,high_normal,ice_native_0p10_v03,3,False,1929,left,ice,0.1,3,120,377.3003845214844,35.07035446166992,-1,344,3.429146560896789e-11,5.287331436490433e-09,0.5135050448365683,0.4864949498418088,0.014835163955817526
1,0,high_normal,ice_native_0p10_v03,3,False,1849,left,ice,0.1,3,40,483.5732421875,40.744956970214844,-1,264,7.39956577679265e-08,5.332374590970765e-07,0.5191964796200854,0.48080291314679763,0.7199546446267705
1,0,high_normal,ice_native_0p15_v03,3,False,2389,right,ice,0.15,3,266,272.4721984863281,0.0,-1,1462,0.26638602261993877,9.128755639663078e-06,0.5240577531558658,0.20954709546855582,0.04378413958430699
1,0,high_normal,ice_native_0p20_v00,0,False,1179,left,ice,0.2,2,19,233.79928588867188,60.8647346496582,-1,229,9.355355276493019e-07,2.4888545064206587e-12,0.5441267072016241,0.45587235726035935,0.016904225458457326
1,0,high_normal,ice_native_0p15_v03,3,False,1099,right,ice,0.15,3,146,374.4951477050781,0.0,-1,172,1.8552884591081856e-06,7.9800549256194e-07,0.5449573570396147,0.45503998966643355,0.9997956093277426
1,0,high_normal,ice_native_0p15_v03,3,False,1089,right,ice,0.15,3,136,378.03179931640625,0.0,-1,162,1.2801612539911846e-06,0.00022015842769855873,0.5497398274153419,0.4500387339957056,0.9993163892724327
1,0,high_normal,ice_native_0p15_v03,3,False,759,left,ice,0.15,3,204,295.819091796875,106.96285247802734,-1,449,0.0010976710414401351,0.007778004427049124,0.5613253099071076,0.4297990146244032,0.004506695051061179
1,0,high_normal,ice_native_0p10_v03,3,False,709,left,ice,0.1,3,149,375.67578125,92.18006896972656,-1,319,0.00010249203394844598,0.43450590146292084,0.5653871309100208,4.475593110021347e-06,0.941217318882188
1,0,high_normal,ice_native_0p15_v03,3,False,1049,right,ice,0.15,3,96,315.670166015625,0.0,-1,122,3.759081205311277e-08,3.2338187242561296e-09,0.5883166062340827,0.4116833529412866,0.9998173637679849
1,0,high_normal,ice_native_0p15_v03,3,False,979,right,ice,0.15,2,26,413.429443359375,62.968055725097656,-1,52,0.00012889880580205796,8.734261103374016e-05,0.6042367757551996,0.3955469828279647,0.9960660292840405
1,0,high_normal,ice_native_0p15_v00,0,False,2819,left,ice,0.15,3,75,443.475341796875,0.0,-1,393,1.471284750804738e-12,2.987728311354497e-08,0.6384974831872993,0.36150248693394643,0.9989051706722685
1,0,high_normal,ice_native_0p15_v03,3,False,1819,left,ice,0.15,3,45,299.8882141113281,130.2221221923828,-1,235,1.340726313219278e-05,0.35533844071710236,0.6446480110906723,1.409290932445035e-07,0.001112262617663204
1,0,high_normal,ice_native_0p10_v00,0,False,889,left,ice,0.1,2,29,36.8198356628418,282.31768798828125,-1,196,0.28421780522441503,6.960365022114057e-05,0.7001216170114253,0.015590974113938637,6.849808726229279e-05
1,0,high_normal,ice_native_0p15_v00,0,False,2089,right,ice,0.15,3,322,288.1163330078125,0.0,-1,61,9.926222109361314e-07,4.93772968284814e-12,0.7694115464563702,0.23058746091648114,0.9999466727969566
1,0,high_normal,ice_native_0p15_v03,3,False,1079,right,ice,0.15,3,126,361.82763671875,0.0,-1,152,1.5502973311388995e-07,8.124010663105847e-07,0.7851379276730306,0.2148611048961701,0.998799077000035
1,0,high_normal,ice_native_0p20_v00,0,False,1069,left,ice,0.2,3,119,355.233154296875,0.0,-1,119,5.048043060953355e-09,0.02603038866935281,0.7883358011741586,0.1856338051084457,0.07571967565512507
1,0,high_normal,ice_native_0p15_v03,3,False,2349,right,ice,0.15,3,226,318.956787109375,0.0,-1,1422,7.03781701019643e-05,2.4134881101573856e-05,0.7889949157439872,0.21091057120480947,0.002714268718299622
1,0,high_normal,ice_native_0p15_v00,0,False,2839,left,ice,0.15,3,95,403.0050048828125,0.0,-1,413,1.3141459489744318e-12,1.1633295824702893e-08,0.8001921582186352,0.1998078301467548,0.9992193890776804
1,0,high_normal,ice_native_0p10_v03,3,False,1169,right,ice,0.1,3,118,258.8582763671875,0.0,-1,19,0.004370203336635444,4.795741757708713e-08,0.8140317722372786,0.18159797646866838,0.015865526937924077
1,0,high_normal,ice_native_0p15_v03,3,False,1979,left,ice,0.15,3,205,255.5968017578125,114.92815399169922,-1,395,6.034289058997858e-07,5.4419004912200153e-11,0.8189736736740527,0.1810257228426224,0.006494703818663068
1,0,high_normal,ice_native_0p20_v03,3,False,2109,right,ice,0.2,2,28,120.8204345703125,188.5315704345703,-1,29,2.0610862444043613e-08,1.201399443504669e-20,0.8287762932696701,0.17122368611946748,0.9774733419302358
1,0,high_normal,ice_native_0p20_v03,3,False,629,left,ice,0.2,3,94,303.8858337402344,85.01350402832031,-1,322,0.0032942250581910948,0.1539559795067617,0.8372545742248358,0.005495221210211529,0.008986628179374068
1,0,high_normal,ice_native_0p15_v03,3,False,1109,right,ice,0.15,3,156,364.6817321777344,0.0,-1,182,2.222079355862046e-06,1.8600400216416095e-06,0.8492891461226113,0.15070677175801117,0.9978768173223086
1,0,high_normal,ice_native_0p15_v03,3,False,1969,left,ice,0.15,3,195,261.7434997558594,19.967594146728516,-1,385,4.3542164637417525e-08,9.797234942914679e-12,0.8557132512472971,0.14428670520074097,0.0012554353644473944
1,0,high_normal,ice_native_0p20_v00,0,False,1159,left,ice,0.2,4,53,245.3620147705078,51.04777908325195,-1,209,6.2723180666049265e-06,1.8439510072204051e-09,0.862971078506972,0.13702264733101044,0.10801770802178946
1,0,high_normal,ice_native_0p20_v03,3,False,689,left,ice,0.2,3,154,389.0900573730469,108.9848403930664,-1,382,8.246924274037348e-05,0.11457867706812876,0.885335826392486,3.0272966448975363e-06,0.9445747146232895
1,0,high_normal,ice_native_0p15_v03,3,False,1839,left,ice,0.15,3,65,345.47332763671875,94.23616027832031,-1,255,2.1459449348720473e-05,0.10761508141490413,0.8923618456342332,1.6135015140524147e-06,0.048772499217111805
1,0,high_normal,ice_native_0p20_v00,0,False,2019,right,ice,0.2,2,11,343.3311767578125,0.0,-1,34,0.0031566221297466748,0.00026917751273892375,0.8932138193750664,0.1033603809824481,0.2628352552530895
1,0,high_normal,ice_native_0p20_v03,3,False,1549,right,ice,0.2,2,12,685.5140380859375,0.0,-1,403,1.2520122720516497e-10,3.872420253853339e-19,0.8979242931047294,0.10207570677006939,0.9149797547310803
1,0,high_normal,ice_native_0p15_v03,3,False,729,left,ice,0.15,3,174,350.6543884277344,4.32310676574707,-1,419,3.2533331247586986e-06,0.0839199318929344,0.9160762276268962,5.871470447189802e-07,0.812164075389905
1,0,high_normal,ice_native_0p15_v00,0,False,2879,left,ice,0.15,3,135,328.4104309082031,0.0,-1,453,2.257660780193877e-12,4.162992008316185e-15,0.9190276308489419,0.08097236914879619,0.9847133606434633
1,0,high_normal,ice_native_0p15_v00,0,False,1739,right,ice,0.15,3,41,142.81637573242188,230.90382385253906,-1,233,8.522265808975952e-08,8.973744961399938e-05,0.9319750866922865,0.06793509063544151,0.8339845744305326
1,0,high_normal,ice_native_0p15_v03,3,False,1829,left,ice,0.15,3,55,369.1439514160156,95.77345275878906,-1,245,3.1290035947685075e-05,0.06793398226397517,0.9320282131689124,6.514531164842709e-06,0.00626734444984478
1,0,high_normal,ice_native_0p10_v03,3,False,1159,right,ice,0.1,3,108,287.7481689453125,0.0,-1,9,3.175109371893264e-05,1.902646588981798e-08,0.9356736923557719,0.06429453752404334,0.03188922946771912
1,0,high_normal,ice_native_0p20_v00,0,False,2029,right,ice,0.2,2,21,259.4433288574219,0.0,-1,44,0.0003623934837435129,2.154802802964231e-05,0.9387629819586799,0.060853076529546773,0.6862173786273595
1,0,high_normal,ice_native_0p15_v00,0,False,2889,left,ice,0.15,3,145,297.7809753417969,65.0670166015625,-1,463,1.943173852840185e-13,7.821025951280351e-19,0.9421162012338815,0.05788379876592418,0.9993368792625558
1,0,high_normal,ice_native_0p15_v03,3,False,1989,left,ice,0.15,3,215,241.72747802734375,0.0,-1,405,5.550188952847776e-06,3.556663065032955e-09,0.942431015356933,0.05756343089745122,0.003951873896293116
1,0,high_normal,ice_native_0p10_v03,3,False,699,left,ice,0.1,3,139,360.96484375,38.53636932373047,-1,309,0.0002164567229287531,0.057150147233873426,0.9426279485878057,5.4474553921164635e-06,0.9185592612305628
1,0,high_normal,ice_native_0p15_v00,0,False,2829,left,ice,0.15,3,85,423.916259765625,0.0,-1,403,2.6618791299844024e-13,1.018166076560254e-09,0.9427693556349959,0.057230643346571825,0.9969124053457973
1,0,high_normal,ice_native_0p15_v00,0,False,2139,right,ice,0.15,2,13,246.672607421875,0.0,-1,111,1.2949814917912318e-05,1.8613637644003338e-13,0.9457632061651529,0.0542238440197432,0.012184648199155669
1,0,high_normal,ice_native_0p15_v03,3,False,2169,right,ice,0.15,3,46,480.5662841796875,46.4250602722168,-1,1242,1.047468185281754e-06,8.779111201080689e-07,0.9480915761676332,0.051906498453061375,0.9992463727140091
1,0,high_normal,ice_native_0p15_v03,3,False,1909,left,ice,0.15,3,135,361.133056640625,42.923736572265625,-1,325,1.4157675114744416e-07,0.051680067595685955,0.9482675048263729,5.228600119000867e-05,0.06118066950798581
1,0,high_normal,ice_native_0p15_v03,3,False,1889,left,ice,0.15,3,115,425.7646484375,35.421669006347656,-1,305,1.3028927999996249e-07,0.049786105547688024,0.9499383519676547,0.00027541219537721847,0.2138315034438707
1,0,high_normal,ice_native_0p15_v03,3,False,2369,right,ice,0.15,3,246,280.04315185546875,0.0,-1,1442,0.005561404641526433,3.1988191220512835e-06,0.9505532907469851,0.043882105792366545,0.08590408182348636
1,0,high_normal,ice_native_0p15_v03,3,False,1119,right,ice,0.15,3,166,361.1134948730469,0.0,-1,192,2.703376410509812e-06,3.692371923961298e-06,0.9566054273277147,0.04338817692395083,0.9917111008853453
1,0,high_normal,ice_native_0p15_v03,3,False,569,left,ice,0.15,2,14,189.5611572265625,184.10562133789062,-1,259,0.0012747901210635923,0.01530285259081843,0.9614335866666677,0.021988770621450472,0.00020174335233812284
1,0,high_normal,ice_native_0p15_v00,0,False,1749,right,ice,0.15,4,51,103.06831359863281,213.24851989746094,-1,243,2.0419154507819607e-06,0.008268850942871258,0.9647048947948061,0.02702421234687177,0.4610057505623269
1,0,high_normal,ice_native_0p15_v03,3,False,749,left,ice,0.15,3,194,308.537841796875,91.44133758544922,-1,439,0.0001378264836105922,0.03126998216235285,0.9683117086375717,0.00028048271646493895,0.03652522691003645
1,0,high_normal,ice_native_0p10_v03,3,False,869,right,ice,0.1,2,11,135.811767578125,184.17820739746094,-1,-1,7.65535210376999e-05,1.598164110663692e-11,0.972326390356602,0.027597056106378567,0.0004878223237443461
1,0,high_normal,ice_native_0p15_v03,3,False,649,left,ice,0.15,3,94,343.1563720703125,69.9749755859375,-1,339,0.0001468725215457004,0.025102692139886088,0.9743811107988198,0.0003693245397485174,0.12368086166241873
1,0,high_normal,ice_native_0p15_v00,0,False,1519,right,ice,0.15,2,13,325.6100158691406,0.0,-1,13,6.391097359907951e-13,2.5712674507496124e-17,0.9748067356365587,0.02519326436280218,0.9973728595719472
1,0,high_normal,ice_native_0p15_v03,3,False,2439,right,ice,0.15,2,14,224.8828582763672,0.0,-1,1512,0.0021477162791892954,2.5631057384564557e-11,0.9766825173932149,0.02116976630196473,5.39724054510704e-05
1,0,high_normal,ice_native_0p20_v03,3,False,2099,right,ice,0.2,2,18,48.15879440307617,103.25528717041016,-1,19,1.9879780118818958e-10,4.735417124707387e-23,0.9772842516726965,0.022715748128505617,0.9236311151237164
1,0,high_normal,ice_native_0p15_v03,3,False,659,left,ice,0.15,3,104,326.36114501953125,75.48274993896484,-1,349,0.00016845474855597958,0.02180110783479687,0.9779533061224747,7.713129417251953e-05,0.30660315603966076
1,0,high_normal,ice_native_0p15_v03,3,False,739,left,ice,0.15,3,184,331.8514709472656,100.75283813476562,-1,429,2.505863734126504e-05,0.0201278229553359,0.9796710307085243,0.00017608769879850656,0.2654750246856409
1,0,high_normal,ice_native_0p15_v03,3,False,719,left,ice,0.15,3,164,247.39076232910156,10.041879653930664,-1,409,3.1142869176724792e-06,0.02009893689570133,0.9798973941012017,5.547161792951124e-07,0.9590456162763961
1,0,high_normal,ice_native_0p15_v00,0,False,2759,left,ice,0.15,2,15,453.4190979003906,0.0,-1,333,1.3397579411631965e-07,0.018058918378326978,0.9819409475857835,6.009543678213262e-11,0.0005659479691622767
1,0,high_normal,ice_native_0p10_v03,3,False,629,left,ice,0.1,3,69,278.57354736328125,98.44652557373047,-1,239,1.0340924004696081e-05,0.017680044067300043,0.9822871057745223,2.2509234173061463e-05,0.004398776971926768
1,0,high_normal,ice_native_0p15_v03,3,False,1179,right,ice,0.15,3,226,276.790283203125,0.0,-1,252,0.014989411096510865,7.064859751708322e-10,0.9828983774387074,0.002112210758295711,0.6927292736605158
1,0,high_normal,ice_native_0p15_v00,0,False,2869,left,ice,0.15,3,125,332.53875732421875,0.0,-1,443,1.5175379202074733e-12,7.861027391880778e-14,0.984244972875311,0.015755027123092874,0.9778243019839208
1,0,high_normal,ice_native_0p10_v00,0,False,1729,left,ice,0.1,2,18,264.97479248046875,128.3476104736328,-1,80,3.753926279385329e-15,3.234960130455468e-22,0.9887692166404506,0.01123078335954569,0.999995990546412
1,0,high_normal,ice_native_0p15_v03,3,False,1959,left,ice,0.15,3,185,293.5769348144531,91.07176208496094,-1,375,3.206116413039304e-08,4.762609890192046e-12,0.9892805276868502,0.010719440247223107,0.0018693935493459101
1,0,high_normal,ice_native_0p20_v00,0,False,1089,left,ice,0.2,3,139,328.606689453125,0.0,-1,139,6.509463403890725e-07,7.373818599999758e-05,0.9902175935927495,0.009708017274910134,0.8103105139164137
1,0,high_normal,ice_native_0p15_v03,3,False,1809,left,ice,0.15,3,35,305.3507080078125,136.71580505371094,-1,225,1.344263991477402e-05,0.008669256535712008,0.9913170516850013,2.491393718440916e-07,0.0014217195033799591
1,0,high_normal,ice_native_0p15_v03,3,False,1169,right,ice,0.15,3,216,277.7323913574219,0.0,-1,242,0.008241629152227375,1.4286920407784847e-08,0.9916965698857416,6.178667511057757e-05,0.5516886950316242
1,0,high_normal,ice_native_0p20_v00,0,False,999,left,ice,0.2,3,49,340.1297302246094,88.97984313964844,-1,49,4.984929344923974e-06,0.005547474360100346,0.9932650425284495,0.0011824981821053477,0.20280230347858846
1,0,high_normal,ice_native_0p10_v00,0,False,1699,left,ice,0.1,2,11,277.90496826171875,177.12734985351562,-1,50,2.327953482455471e-14,1.3062742644685357e-17,0.9941359027639529,0.005864097236023643,0.9998854888777654
1,0,high_normal,ice_native_0p15_v00,0,False,2769,left,ice,0.15,2,25,570.3270263671875,0.0,-1,343,4.224903506216615e-09,0.0057807140333857735,0.9942179467092852,1.3350324254425848e-06,0.0016245292692510435
1,0,high_normal,ice_native_0p15_v00,0,False,2789,left,ice,0.15,3,45,564.070556640625,0.0,-1,363,4.7031541765984623e-11,0.00037188089021640124,0.9942288594644704,0.005399259598281551,0.6093721924274553
1,0,high_normal,ice_native_0p15_v03,3,False,1129,right,ice,0.15,3,176,336.5091552734375,0.0,-1,202,3.56701884170143e-06,2.4266112083003987e-06,0.9945439202075345,0.005450086162415614,0.9363548785244534
1,0,high_normal,ice_native_0p15_v00,0,False,2779,left,ice,0.15,3,35,502.7101745605469,0.0,-1,353,1.9848407096210996e-09,0.0035073765136862346,0.9945837092064554,0.0019089122950176859,0.07053500583569129
1,0,high_normal,ice_native_0p15_v03,3,False,629,left,ice,0.15,3,74,302.2970886230469,90.22905731201172,-1,319,3.6117951609308804e-06,0.0050798804408953,0.9949122995191075,4.2082448363206784e-06,0.009518160166918725
1,0,high_normal,ice_native_0p15_v03,3,False,639,left,ice,0.15,3,84,287.3745422363281,93.32920837402344,-1,329,3.4608110010360886e-05,0.005015493268582036,0.994948885840865,1.0127805424172806e-06,0.07176684146868648
1,0,high_normal,ice_native_0p15_v00,0,False,1749,left,ice,0.15,2,23,213.24851989746094,103.06831359863281,-1,55,8.241512614687136e-13,9.927607733680194e-19,0.9953225549682804,0.004677445030895452,0.9973193059358927
1,0,high_normal,ice_native_0p20_v00,0,False,1099,left,ice,0.2,4,149,318.10418701171875,27.183378219604492,-1,149,1.3293069485737894e-06,4.90144609637229e-06,0.9954646414906889,0.0045291277562662284,0.6884342804667426
1,0,high_normal,ice_native_0p15_v03,3,False,2069,right,ice,0.15,2,12,128.490966796875,169.748291015625,-1,1142,4.6581244106428444e-05,4.803713537288214e-10,0.9961340510125087,0.0038193672630133253,0.0007346778635456301
1,0,high_normal,ice_native_0p15_v03,3,False,709,left,ice,0.15,3,154,372.01422119140625,75.39508819580078,-1,399,3.670566221900687e-06,0.0038359326303458,0.9961589590030228,1.4378004094940372e-06,0.9879987173850836
1,0,high_normal,ice_native_0p15_v03,3,False,1139,right,ice,0.15,3,186,335.9765625,0.0,-1,212,5.440410618545215e-06,1.9400373162253907e-06,0.9968233680475562,0.0031692515045090514,0.7871551143229704
1,0,high_normal,ice_native_0p15_v03,3,False,619,left,ice,0.15,3,64,238.08135986328125,121.18907928466797,-1,309,6.552204235122773e-06,0.0030391018344231168,0.9969240327425436,3.0313218798176797e-05,0.001988548691728848
1,0,high_normal,ice_native_0p15_v03,3,False,969,right,ice,0.15,2,16,454.3162841796875,67.29730224609375,-1,42,1.3419811033874451e-06,6.273582102490825e-07,0.9971616626569006,0.002836368003785771,0.9994596930460258
1,0,high_normal,ice_native_0p20_v00,0,False,979,left,ice,0.2,2,29,241.78985595703125,137.66224670410156,-1,29,0.0003111681370833105,0.002352225875726475,0.9973347737206951,1.8322664949937865e-06,0.004120841832547987
1,0,high_normal,ice_native_0p15_v00,0,False,2849,left,ice,0.15,3,105,382.53668212890625,0.0,-1,423,3.4676396945357e-14,8.45670984821427e-13,0.9974792402406574,0.0025207597584621854,0.9987964631483177
1,0,high_normal,ice_native_0p10_v03,3,False,639,left,ice,0.1,3,79,275.3330993652344,100.17984771728516,-1,249,0.0002183836172573189,0.0006880458166245265,0.997854428090038,0.001239142476080148,0.11522247901038146
1,0,high_normal,ice_native_0p15_v03,3,False,689,left,ice,0.15,3,134,382.81494140625,103.37118530273438,-1,379,8.575218052706959e-06,0.001953702760273622,0.9980326242081592,5.097813514216576e-06,0.9894925085253672
1,0,high_normal,ice_native_0p10_v03,3,False,649,left,ice,0.1,3,89,317.42083740234375,72.97443389892578,-1,259,9.175044652393251e-05,0.0011843745372233279,0.9980946322688872,0.0006292427473655297,0.2905039544477632
1,0,high_normal,ice_native_0p20_v03,3,False,619,left,ice,0.2,3,84,235.51646423339844,113.88355255126953,-1,312,0.00041499291277412943,0.0012601298140165096,0.9980996378086079,0.00022523946460143007,0.00232316779875037
1,0,high_normal,ice_native_0p15_v00,0,False,1119,left,ice,0.15,2,25,284.53656005859375,57.353694915771484,-1,25,1.3121015008544108e-08,1.834549808730383e-11,0.9982776033420782,0.0017223835185613814,0.009616082599624388
1,0,high_normal,ice_native_0p20_v00,0,False,989,left,ice,0.2,3,39,355.74932861328125,90.6667251586914,-1,39,1.6953187706294848e-06,0.0016428203244508105,0.9983486157674633,6.868589315303284e-06,0.061451676002431024
1,0,high_normal,ice_native_0p20_v00,0,False,969,left,ice,0.2,2,19,240.0432586669922,142.5369110107422,-1,19,0.0003236569272109537,0.0011796219537179226,0.9984862868701804,1.0434248890775825e-05,0.0010611863431134734
1,0,high_normal,ice_native_0p15_v03,3,False,609,left,ice,0.15,3,54,249.33734130859375,124.77831268310547,-1,299,1.170767461114548e-06,0.0014445684695347158,0.9985527071831153,1.5535798888804494e-06,0.0009928419704105388
1,0,high_normal,ice_native_0p15_v03,3,False,589,left,ice,0.15,3,34,192.5286407470703,165.1874542236328,-1,279,1.941893957986536e-05,0.0009259324069644294,0.9987127665581103,0.00034188209534537304,0.008915582392547049
1,0,high_normal,ice_native_0p20_v03,3,False,1169,right,ice,0.2,2,23,289.0467834472656,0.0,-1,23,0.0009314542725214571,2.327916600036764e-08,0.9987306797172265,0.00033784273108610483,4.925601568306333e-06
1,0,high_normal,ice_native_0p10_v03,3,False,679,left,ice,0.1,3,119,331.6395263671875,122.68511962890625,-1,289,2.58575539192514e-05,0.0011393125905824859,0.9988341131195739,7.167359242557528e-07,0.9817742678685336
1,0,high_normal,ice_native_0p15_v03,3,False,699,left,ice,0.15,3,144,361.00103759765625,93.98063659667969,-1,389,1.887682269552396e-06,0.0010521236539981962,0.9989451945637796,7.940999525473819e-07,0.9970774654562299
1,0,high_normal,ice_native_0p10_v03,3,False,669,left,ice,0.1,3,109,346.23297119140625,145.55978393554688,-1,279,0.00016949505316254883,0.0006547135967385202,0.998953326194023,0.00022246515607606188,0.9547747767350913
1,0,high_normal,ice_native_0p15_v03,3,False,679,left,ice,0.15,3,124,358.07037353515625,161.10870361328125,-1,369,1.9238898745843458e-05,0.001003040863626553,0.9989654740611363,1.2246176491342702e-05,0.9912877740426161
1,0,high_normal,ice_native_0p15_v03,3,False,209,left,ice,0.15,2,14,279.558349609375,0.0,-1,15,9.181560465479193e-12,1.2451949417493417e-14,0.999012804135827,0.0009871958549788709,0.999999940875976
1,0,high_normal,ice_native_0p10_v03,3,False,209,left,ice,0.1,2,15,185.35260009765625,0.0,-1,16,7.04325353447177e-12,2.940672698121141e-14,0.9990546357898155,0.0009453642031118599,0.9999998893572506
1,0,high_normal,ice_native_0p15_v00,0,False,1109,left,ice,0.15,2,15,286.8827209472656,0.0,-1,15,6.462511788679181e-08,3.369756729452599e-10,0.9990995584640683,0.0009003765738380842,0.0032902102241509352
1,0,high_normal,ice_native_0p15_v03,3,False,2119,right,ice,0.15,4,41,201.63970947265625,126.23851776123047,-1,1192,7.272610139248987e-06,2.769114873778264e-11,0.9991290448922642,0.0008636824699054942,0.8377607394486135
1,0,high_normal,ice_native_0p20_v03,3,False,609,left,ice,0.2,3,74,243.83871459960938,116.23196411132812,-1,302,5.817290988907352e-05,0.0006708281423940255,0.9991917308706539,7.926807706295648e-05,0.0035378715639470854
1,0,high_normal,ice_native_0p10_v03,3,False,689,left,ice,0.1,3,129,369.1903076171875,89.77751159667969,-1,299,2.2354839509037407e-05,0.000777957126544238,0.9991980371551372,1.6508788094929078e-06,0.9800743760982483
1,0,high_normal,ice_native_0p15_v00,0,False,1709,left,ice,0.15,2,15,198.7864990234375,384.65716552734375,-1,15,3.8327790213340655e-13,8.26638141838309e-21,0.9991984964573487,0.0008015035422679001,0.9998072070199011
1,0,high_normal,ice_native_0p15_v03,3,False,1949,left,ice,0.15,3,175,301.5421142578125,87.91242980957031,-1,365,4.381242550301098e-09,1.7301590100945604e-11,0.9992153997302847,0.0007845958711712387,0.009201868127024204
1,0,high_normal,ice_native_0p15_v03,3,False,1919,left,ice,0.15,3,145,344.7818603515625,289.5917053222656,-1,335,1.665471133320737e-07,0.00019683838727734682,0.9992235372417565,0.0005794578238527376,0.039810286136408045
1,0,high_normal,ice_native_0p15_v03,3,False,1939,left,ice,0.15,3,165,298.86444091796875,132.15931701660156,-1,355,7.58779093273851e-09,1.7234281942798082e-09,0.9993117291668927,0.0006882615218882263,0.020243371055100948
1,0,high_normal,ice_native_0p15_v03,3,False,1149,right,ice,0.15,3,196,308.3087158203125,0.0,-1,222,2.233238849663171e-05,1.5923900318403655e-06,0.999525564228322,0.00045051099314953277,0.39488027715853347
1,0,high_normal,ice_native_0p20_v00,0,False,1149,left,ice,0.2,3,43,250.01019287109375,46.87047576904297,-1,199,1.349484158032163e-09,3.1791108642953416e-11,0.9995558565385888,0.00044414208013592607,0.3545174857308787
1,0,high_normal,ice_native_0p20_v03,3,False,589,left,ice,0.2,3,54,172.4944610595703,159.53565979003906,-1,282,3.349898600732638e-05,0.00033261723404993986,0.9995653771777104,6.850660223230069e-05,0.0032326369939124537
1,0,high_normal,ice_native_0p10_v03,3,False,659,left,ice,0.1,3,99,306.200927734375,189.54360961914062,-1,269,0.00013199510224636788,0.00018497147916940226,0.9995674297430053,0.00011560367557879578,0.9019313624090127
1,0,high_normal,ice_native_0p10_v03,3,False,609,left,ice,0.1,3,49,241.8506622314453,131.78382873535156,-1,219,6.626685525278725e-06,0.0003875220005301382,0.999568568743602,3.728257034252753e-05,0.0022479553975553483
1,0,high_normal,ice_native_0p20_v00,0,False,1139,left,ice,0.2,3,33,246.49346923828125,41.89836120605469,-1,189,3.3191128228737163e-09,1.6097710372229024e-10,0.999592139241267,0.0004078572786430822,0.4165900045135871
1,0,high_normal,ice_native_0p20_v03,3,False,2319,right,ice,0.2,2,16,427.997802734375,0.0,-1,16,7.387514712177087e-09,5.977466074285026e-12,0.9996295394664173,0.00037045314009055734,4.507786901466964e-05
1,0,high_normal,ice_native_0p10_v03,3,False,339,right,ice,0.1,2,28,435.7100830078125,224.88223266601562,-1,-1,1.3743376853443202e-14,0.00011175708470240268,0.9997083413798205,0.00017990153546333106,0.9999939027697085
1,0,high_normal,ice_native_0p20_v03,3,False,339,right,ice,0.2,2,30,414.846923828125,33.62014389038086,-1,-1,2.607670419905259e-14,1.4533209599440954e-05,0.9997708874904189,0.00021457929995561973,0.9996035830429366
1,0,high_normal,ice_native_0p15_v03,3,False,949,right,ice,0.15,2,22,304.81256103515625,113.0955581665039,-1,22,6.982092281605889e-08,3.773266905194703e-11,0.9998074007717737,0.00019252936957095922,0.9865819537040721
1,0,high_normal,ice_native_0p20_v03,3,False,549,left,ice,0.2,2,14,143.67376708984375,208.2327117919922,-1,242,1.2822949137589528e-05,0.00016614804915863202,0.9998143871417413,6.641859962401308e-06,1.3777923987826667e-05
1,0,high_normal,ice_native_0p15_v03,3,False,339,right,ice,0.15,2,30,416.81829833984375,222.35362243652344,-1,-1,3.15623263905648e-14,1.1539965523030535e-05,0.9998158304359592,0.00017262959848603551,0.9999924764264471
1,0,high_normal,ice_native_0p15_v00,0,False,1719,left,ice,0.15,2,25,253.98756408691406,277.34466552734375,-1,25,3.832832505064458e-14,4.891180172331826e-22,0.9998242070856528,0.00017579291430872395,0.9999796538188164
1,0,high_normal,ice_native_0p15_v03,3,False,2359,right,ice,0.15,3,236,294.6248779296875,0.0,-1,1432,4.794417986171067e-07,8.327705340079669e-08,0.9998534210120426,0.00014601626910542374,0.010889807672354432
1,0,high_normal,ice_native_0p15_v03,3,False,2159,right,ice,0.15,3,36,312.08599853515625,87.95066833496094,-1,1232,1.203414882527325e-07,1.8223324917733859e-09,0.9998581507678844,0.0001417270682946676,0.997993752324221
1,0,high_normal,ice_native_0p20_v03,3,False,2339,right,ice,0.2,3,36,412.38671875,0.0,-1,36,2.1711063419085947e-08,3.6552369358518037e-10,0.9998795123623769,0.00012046556103603709,2.802299007108872e-08
1,0,high_normal,ice_native_0p15_v03,3,False,1929,left,ice,0.15,3,155,315.1125183105469,190.80645751953125,-1,345,4.50734434773789e-09,3.799543397059082e-07,0.9998873108475798,0.0001123046907363045,0.018471490477133052
1,0,high_normal,ice_native_0p20_v03,3,False,2329,right,ice,0.2,2,26,418.21551513671875,0.0,-1,26,2.3002619171046768e-08,2.0296267286224994e-11,0.9999035969376949,9.638003938965234e-05,4.862446047009703e-07
1,0,high_normal,ice_native_0p15_v00,0,False,2859,left,ice,0.15,3,115,364.4556579589844,0.0,-1,433,3.0153261596953624e-14,3.9918551806313553e-17,0.9999068284279803,9.31715719895273e-05,0.9990380253107282
1,0,high_normal,ice_native_0p15_v03,3,False,669,left,ice,0.15,3,114,241.5647735595703,209.22439575195312,-1,359,1.0489267229016934e-05,7.8535699999806e-05,0.9999099516471285,1.0233856427332428e-06,0.9834944234345786
1,0,high_normal,ice_native_0p15_v00,0,False,2799,left,ice,0.15,3,55,542.7076416015625,0.0,-1,373,5.569072616021542e-11,1.3157051110476518e-05,0.9999100616994113,7.678119378750066e-05,0.4996622874860419
1,0,high_normal,ice_native_0p20_v00,0,False,1009,left,ice,0.2,3,59,238.0927276611328,27.182287216186523,-1,59,2.559354120938337e-08,3.059570290822981e-05,0.9999227346594894,4.664404406116268e-05,0.8551311952624233
1,0,high_normal,ice_native_0p15_v00,0,False,1739,left,ice,0.15,2,13,230.90382385253906,142.81637573242188,-1,45,5.414814353313888e-15,3.3969109281856435e-22,0.9999364933153715,6.35066846231596e-05,0.9999761222794071
1,0,high_normal,ice_native_0p20_v03,3,False,579,left,ice,0.2,3,44,24.97096824645996,185.00726318359375,-1,272,1.0668782502910126e-05,1.6997969769579e-05,0.9999374382926289,3.489495509855838e-05,0.0028029786525673676
1,0,high_normal,ice_native_0p10_v03,3,False,619,left,ice,0.1,3,59,235.6806640625,127.52350616455078,-1,229,1.4996544819286725e-07,5.959161513828505e-05,0.9999392870960465,9.713233669279057e-07,0.0018976942176490957
1,0,high_normal,ice_native_0p10_v00,0,False,1669,left,ice,0.1,2,11,335.90203857421875,0.0,-1,20,2.5235812344232464e-14,1.1802271998234603e-12,0.999939392904664,6.060709413065792e-05,0.47849341665803574
1,0,high_normal,ice_native_0p15_v03,3,False,1799,left,ice,0.15,2,25,219.00831604003906,166.7498016357422,-1,215,4.940188816974903e-06,5.382485416919625e-05,0.9999412347029385,2.5407538512320905e-10,0.00033006586733848325
1,0,high_normal,ice_native_0p10_v03,3,False,1949,right,ice,0.1,2,12,164.82901000976562,342.71417236328125,-1,236,8.623156457039443e-11,5.9084701600306916e-09,0.9999478282091664,5.21657961319947e-05,0.9986470499115325
1,0,high_normal,ice_native_0p10_v03,3,False,1839,left,ice,0.1,2,30,374.68701171875,90.12055969238281,-1,254,7.49271087305344e-07,4.909605272624356e-06,0.9999631641519631,3.117697167686532e-05,0.23152733354205882
1,0,high_normal,ice_native_0p15_v03,3,False,1789,left,ice,0.15,2,15,236.86923217773438,173.88674926757812,-1,205,3.284996997135598e-05,2.7246932741065926e-06,0.9999637081482585,7.171884960408377e-07,1.4996678717107824e-05
1,0,high_normal,ice_native_0p20_v03,3,False,319,left,ice,0.2,2,12,231.49411010742188,136.86642456054688,-1,12,2.866322315681857e-16,1.9771008131960796e-34,0.9999644868614774,3.5513138522260994e-05,0.999954031821634
1,0,high_normal,ice_native_0p10_v03,3,False,599,left,ice,0.1,3,39,200.53147888183594,159.9984588623047,-1,209,1.1092606449202266e-06,1.940399371805338e-05,0.9999648679916291,1.4618754007827319e-05,0.014185180397632354
1,0,high_normal,ice_native_0p15_v03,3,False,599,left,ice,0.15,3,44,189.05477905273438,157.9140625,-1,289,1.9257490048959714e-07,3.222175900513525e-05,0.9999665150278271,1.0706382674226281e-06,0.005496730294927921
1,0,high_normal,ice_native_0p20_v03,3,False,599,left,ice,0.2,3,64,175.2311248779297,153.73895263671875,-1,292,5.90552038118632e-06,2.3350662617945788e-05,0.9999680751648161,2.6686521846912786e-06,0.006484974214373297
1,0,high_normal,ice_native_0p10_v03,3,False,579,left,ice,0.1,2,19,204.9342498779297,174.06980895996094,-1,189,2.647762885953502e-06,1.2239464733503041e-05,0.9999706702511666,1.4442521213856209e-05,0.0008972997136331538
1,0,high_normal,ice_native_0p10_v03,3,False,1829,left,ice,0.1,2,20,411.80682373046875,94.86082458496094,-1,244,2.4949117360146255e-06,7.0104502996405046e-06,0.999970791532464,1.9703105500526027e-05,0.17461198678138243
1,0,high_normal,ice_native_0p15_v03,3,False,2089,right,ice,0.15,2,11,155.3804931640625,132.543212890625,-1,1162,2.703443382795581e-07,6.868471980483191e-14,0.9999776665127414,2.2063142851502937e-05,0.011474845356841266
1,0,high_normal,ice_native_0p20_v03,3,False,2349,right,ice,0.2,3,46,375.910888671875,0.0,-1,46,1.695340683388031e-08,3.721340646294836e-10,0.9999829436234361,1.7039051023117125e-05,6.028134152229679e-10
1,0,high_normal,ice_native_0p20_v03,3,False,1159,right,ice,0.2,2,13,312.2674560546875,0.0,-1,13,5.543060523575253e-06,1.4565733275656883e-07,0.9999920463048834,2.264977260305966e-06,1.0020808834087566e-05
1,0,high_normal,ice_native_0p15_v03,3,False,1159,right,ice,0.15,3,206,305.2497253417969,0.0,-1,232,5.839122826554634e-06,2.773406255843192e-09,0.9999927646004282,1.3935033389585738e-06,0.6817957426592665
1,0,high_normal,ice_native_0p20_v03,3,False,329,right,ice,0.2,2,20,540.6253662109375,222.57733154296875,-1,-1,8.693210986701616e-15,6.447472210789042e-06,0.9999928522781203,7.002496601644693e-07,0.9999933246964493
1,0,high_normal,ice_native_0p10_v00,0,False,2769,right,ice,0.1,2,20,86.64608764648438,0.0,-1,150,9.720651819113505e-33,3.784487061463695e-45,0.999993349565907,6.650434093142305e-06,0.8965522221505706
1,0,high_normal,ice_native_0p15_v03,3,False,329,right,ice,0.15,2,20,538.2793579101562,235.1378173828125,-1,-1,3.449855375190325e-15,4.765750193708179e-06,0.9999947172415184,5.170082843094217e-07,0.9999935090621401
1,0,high_normal,ice_native_0p10_v03,3,False,589,left,ice,0.1,2,29,223.59552001953125,168.27362060546875,-1,199,8.305164038358152e-07,1.704152749455598e-06,0.9999949412277371,2.5241031095833633e-06,0.001949043685321855
1,0,high_normal,ice_native_0p15_v03,3,False,939,right,ice,0.15,2,12,72.02073669433594,129.65545654296875,-1,12,6.027799831364199e-09,1.4768316686903493e-13,0.9999951706624118,4.823309640694941e-06,0.6420828028093315
1,0,high_normal,ice_native_0p10_v03,3,False,329,right,ice,0.1,2,18,560.875732421875,231.01516723632812,-1,-1,1.2893581896123157e-15,4.567110862021716e-06,0.9999952790783465,1.5381079001673322e-07,0.9999948053336575
1,0,high_normal,ice_native_0p10_v00,0,False,449,left,ice,0.1,3,38,538.392578125,0.0,-1,304,2.764656556975253e-13,6.654118645664241e-16,0.9999970287484773,2.971251245557715e-06,0.9953024056656811
1,0,high_normal,ice_native_0p15_v03,3,False,2109,right,ice,0.15,3,31,195.4432373046875,129.7415313720703,-1,1182,5.0264811644939945e-09,1.1820979422955973e-15,0.9999970437710634,2.951202454419198e-06,0.09836117239608877
1,0,high_normal,ice_native_0p20_v03,3,False,2949,left,ice,0.2,4,43,41.58320617675781,514.04541015625,-1,303,2.860574877899659e-14,1.4192604926240104e-19,0.9999970908944175,2.909105553968395e-06,1.8923307820908474e-05
1,0,high_normal,ice_native_0p20_v03,3,False,2379,right,ice,0.2,2,16,315.1239013671875,0.0,-1,76,4.0530969574993137e-08,1.2239032835677323e-11,0.9999971009608964,2.8584958948663165e-06,1.9103054277500218e-13
1,0,high_normal,ice_native_0p20_v03,3,False,559,left,ice,0.2,2,24,123.96237182617188,202.86500549316406,-1,252,7.831800347805533e-07,1.9244214752837436e-06,0.9999972855072868,6.891203108649007e-09,0.0002314784984442059
1,0,high_normal,ice_native_0p15_v03,3,False,2099,right,ice,0.15,2,21,50.02340316772461,129.74851989746094,-1,1172,2.3635712001334207e-08,1.6864591630201559e-15,0.9999980707725571,1.9055917291221078e-06,0.021657975673205054
1,0,high_normal,ice_native_0p20_v03,3,False,329,left,ice,0.2,2,22,222.57733154296875,540.6253662109375,-1,22,2.898441289810386e-16,2.4067194061245424e-35,0.9999984116391509,1.588360848868142e-06,0.9999596937365469
1,0,high_normal,ice_native_0p10_v03,3,False,1959,right,ice,0.1,2,22,28.933637619018555,329.0203857421875,-1,246,1.1569215693804627e-10,3.862368376616396e-09,0.9999986625296531,1.333492286339785e-06,0.999853712492448
1,0,high_normal,ice_native_0p10_v00,0,False,459,left,ice,0.1,4,48,430.2642822265625,24.552337646484375,-1,314,1.3915766643958613e-13,2.4752945818143993e-17,0.9999991046321407,8.953677201513662e-07,0.95958127168533
1,0,high_normal,ice_native_0p15_v03,3,False,2149,right,ice,0.15,2,26,329.51666259765625,92.73527526855469,-1,1222,1.5126415973640422e-07,4.455722760600295e-10,0.9999993931596812,4.5513058678041114e-07,0.9767930550377303
1,0,high_normal,ice_native_0p15_v03,3,False,329,left,ice,0.15,2,18,235.1378173828125,538.2793579101562,-1,19,3.3285506270432903e-16,2.012046184919667e-35,0.9999994449097843,5.550902153484918e-07,0.9999236886093076
1,0,high_normal,ice_native_0p10_v00,0,False,429,left,ice,0.1,2,18,888.472412109375,0.0,-1,284,4.6282452649815727e-10,2.2700860080094272e-11,0.9999996044542107,3.9506026391681834e-07,0.9958993024798147
1,0,high_normal,ice_native_0p20_v00,0,False,1119,left,ice,0.2,2,13,293.3512878417969,0.0,-1,169,2.4799364785667603e-08,1.5092909743752714e-08,0.9999996214791541,3.3862857134164016e-07,0.08297412196323281
1,0,high_normal,ice_native_0p20_v03,3,False,339,left,ice,0.2,4,32,33.62014389038086,414.846923828125,-1,32,1.6327350936524685e-18,1.5550825790018482e-36,0.9999996283140244,3.7168597554577295e-07,0.999998732219643
1,0,high_normal,ice_native_0p15_v03,3,False,1509,right,ice,0.15,2,17,623.1514892578125,210.1700439453125,-1,582,4.607015955295119e-18,3.4909706419858255e-07,0.9999996508154287,8.750715584420643e-11,0.4820346327394703
1,0,high_normal,ice_native_0p20_v00,0,False,1129,left,ice,0.2,2,23,281.22369384765625,37.95285415649414,-1,179,6.1341374326802265e-09,1.8235748377480837e-09,0.9999998070668797,1.8497540792144667e-07,0.3505600583129393
1,0,high_normal,ice_native_0p15_v03,3,False,2139,right,ice,0.15,2,16,246.9149169921875,113.85490417480469,-1,1212,6.512718350583434e-08,1.986947510768123e-12,0.9999998282733851,1.0659744461077998e-07,0.8605791245958092
1,0,high_normal,ice_native_0p10_v00,0,False,439,left,ice,0.1,2,28,705.3521728515625,0.0,-1,294,4.0067809028158183e-11,1.6797899453056964e-13,0.9999999156808894,8.42788748488818e-08,0.9794760410354564
1,0,high_normal,ice_native_0p15_v03,3,False,339,left,ice,0.15,2,28,222.35362243652344,416.81829833984375,-1,29,3.1092356357068545e-17,6.327072638547195e-33,0.9999999391459921,6.085400786441685e-08,0.9999772276450675
1,0,high_normal,ice_native_0p20_v03,3,False,2939,left,ice,0.2,3,33,59.20737075805664,492.235595703125,-1,293,1.7879477867265878e-17,1.4161372340866542e-23,0.9999999819251163,1.807488379685927e-08,3.1467544241885305e-05
1,0,high_normal,ice_native_0p20_v03,3,False,2929,left,ice,0.2,2,23,87.31328582763672,488.17364501953125,-1,283,3.7007658497704594e-17,1.0416993645241111e-22,0.9999999998997942,1.0020594104514083e-10,3.4754635630736367e-07
1,0,high_normal,ice_native_0p20_v03,3,False,2659,left,ice,0.2,2,13,382.41888427734375,278.46173095703125,-1,13,1.3235485028033202e-18,1.1620944480469434e-44,0.9999999999073232,9.267674793146901e-11,4.284245680623092e-06
1,0,high_normal,ice_native_0p20_v03,3,False,2919,left,ice,0.2,2,13,154.14784240722656,284.84234619140625,-1,273,4.696184532805674e-16,1.441332120896996e-21,0.9999999999700102,2.9989439216026564e-11,0.014323871408320433
1,0,high_normal,ice_native_0p10_v00,0,False,2399,left,ice,0.1,2,19,442.9166564941406,0.0,-1,19,2.1295713995035555e-36,3.3999828721302602e-46,1.0,1.0892143602153947e-32,5.111621125558071e-12
1,0,high_normal,ice_native_0p10_v00,0,False,2409,left,ice,0.1,2,29,383.5859375,0.0,-1,29,4.375564262515595e-37,8.876816718991745e-45,1.0,1.1319506501910966e-34,7.586866419506115e-11
1,0,high_normal,ice_native_0p20_v03,3,False,2669,left,ice,0.2,2,23,304.11480712890625,221.69381713867188,-1,23,1.8098866634852732e-23,5.2024857442682294e-45,1.0,7.930902216903826e-17,0.9970227775395202
1,0,high_normal,ice_native_0p20_v03,3,False,2689,left,ice,0.2,2,13,251.5054473876953,0.0,-1,43,4.773556289949398e-28,1.1791247471520112e-51,1.0,1.4958934673683596e-18,0.999994298854188
1,0,high_early_precursor,ice_native_0p10_v00,0,False,939,left,ice,0.1,2,17,180.35301208496094,205.98455810546875,151,246,0.0005632088649044233,0.007079571053982504,0.9923572135291354,6.551977569818949e-09,9.614994243611097e-05
1,0,high_early_precursor,ice_native_0p10_v03,3,False,1489,right,ice,0.1,3,58,150.58163452148438,202.8089599609375,138,339,2.6610763277710143e-14,0.006362126586154469,0.993637873256935,1.56883817689056e-10,0.9950119511960975
1,0,high_early_precursor,ice_native_0p10_v03,3,False,2659,right,ice,0.1,3,48,179.6418914794922,223.0908203125,313,259,1.6701933989503937e-14,8.192800524029318e-10,0.9970451226135673,0.0029548765671359753,0.9993080475254831
1,0,high_early_precursor,ice_native_0p10_v03,3,False,1449,right,ice,0.1,2,18,364.47857666015625,248.05780029296875,178,299,4.977075338116345e-12,0.0001289156373312342,0.9976388165024423,0.0022322678552493497,0.7281701903149319
1,0,high_early_precursor,ice_native_0p20_v03,3,False,1369,left,ice,0.2,3,59,321.1497802734375,0.0,101,1062,8.881893849667432e-12,2.5645150562943485e-19,0.9983503572523251,0.0016496427387928576,0.9999998167052288
1,0,high_early_precursor,ice_native_0p20_v03,3,False,1359,left,ice,0.2,3,49,378.66497802734375,0.0,111,1052,3.795666544117236e-10,1.3625459061743362e-13,0.9994774481331455,0.0005225514871515273,0.9999999242116298
1,0,high_early_precursor,ice_native_0p10_v03,3,False,2669,right,ice,0.1,3,58,142.8185577392578,197.68373107910156,303,269,5.930664834770585e-14,3.6025527853019924e-06,0.9996346824074516,0.0003617150397037584,0.9994539525791248
1,0,high_early_precursor,ice_native_0p20_v03,3,False,2129,right,ice,0.2,2,11,154.7846221923828,130.04202270507812,113,49,2.391183009240017e-09,9.68597963463125e-19,0.9998071018972727,0.00019289571154416604,0.9819496039237595
1,0,high_early_precursor,ice_native_0p10_v03,3,False,2129,right,ice,0.1,2,16,295.392578125,139.7165985107422,119,16,3.440915120390998e-05,0.00011284166772562081,0.9998525953495483,1.5383152204234904e-07,0.005216365584078571
1,0,high_early_precursor,ice_native_0p10_v03,3,False,1499,right,ice,0.1,3,68,146.41635131835938,195.1246337890625,128,349,6.807519866691474e-12,9.301841480728582e-05,0.9999066575952416,3.2398314345606836e-07,0.9974475809607881
1,0,high_early_precursor,ice_native_0p10_v03,3,False,1469,right,ice,0.1,3,38,172.09146118164062,234.89996337890625,158,319,6.428672288751586e-14,7.95702361262248e-05,0.999920178319552,2.514442574509514e-07,0.9076848379159816
1,0,high_early_precursor,ice_native_0p10_v03,3,False,1479,right,ice,0.1,3,48,155.38726806640625,228.48452758789062,148,329,1.0679779714622279e-13,3.897032081461904e-05,0.9999609931984716,3.648060710280149e-08,0.9884462598063101
1,0,high_early_precursor,ice_native_0p10_v03,3,False,1459,right,ice,0.1,2,28,260.2339172363281,241.4425811767578,168,309,1.7439760872123477e-13,3.2345883344505726e-05,0.9999664746573205,1.1794591604067566e-06,0.6891273283635494
1,0,high_early_precursor,ice_native_0p10_v03,3,False,2679,right,ice,0.1,3,68,141.22914123535156,189.6590576171875,293,279,4.055116223755573e-14,7.3464982157233444e-09,0.999982476912783,1.7515740678297728e-05,0.9998043830236998
1,0,high_early_precursor,ice_native_0p20_v03,3,False,2139,right,ice,0.2,2,21,197.69000244140625,127.78314208984375,103,59,3.58040366116531e-09,4.9019722989652834e-18,0.9999902340957328,9.762323863411108e-06,0.9976331286166965
1,0,high_early_precursor,ice_native_0p20_v00,0,False,1799,right,ice,0.2,3,39,160.04885864257812,71.12986755371094,103,362,2.932985484084781e-11,6.370788639569674e-10,0.9999918950784713,8.104255119935752e-06,0.9999962453159749
1,0,high_early_precursor,ice_native_0p20_v03,3,False,1349,left,ice,0.2,3,39,425.8184814453125,0.0,121,1042,1.1912837887311616e-10,1.3520637784119574e-14,0.9999921201478152,7.879733042801507e-06,0.9999999639981818
1,0,high_early_precursor,ice_native_0p15_v03,3,False,2529,left,ice,0.15,2,27,876.8702392578125,0.0,115,945,1.0899503694670063e-07,5.125603321342049e-06,0.9999945574089156,2.0799272614944352e-07,0.19440641078612997
1,0,high_early_precursor,ice_native_0p20_v03,3,False,1339,left,ice,0.2,2,29,829.0751953125,0.0,131,1032,1.3512100309688728e-07,6.721697073898186e-08,0.9999988620603805,9.356016454403279e-07,0.9999318750025609
1,0,high_early_precursor,ice_native_0p20_v00,0,False,1789,right,ice,0.2,2,29,182.40292358398438,214.81480407714844,113,352,3.5652603824307763e-10,9.377657247300997e-08,0.9999998877460133,1.8120888029914396e-08,0.9999667894546486
1,0,high_early_precursor,ice_native_0p15_v03,3,False,2539,left,ice,0.15,3,37,641.1510620117188,0.0,105,955,3.1998890897203045e-10,1.8227243903014345e-09,0.9999999579537724,3.9903514353286724e-08,0.9828109804669821
1,0,wrong_foot,ice_native_0p10_v03,3,False,2639,right,ice,0.1,2,28,352.2820129394531,245.12171936035156,333,239,3.2231682660986274e-14,7.298471652658681e-11,0.08096228823756849,0.9190377116894146,0.9864473869106999
1,0,wrong_foot,ice_native_0p10_v03,3,False,1509,right,ice,0.1,3,78,178.42962646484375,135.50270080566406,118,359,9.691242267581389e-06,0.1314113863650724,0.8109607602300386,0.057618162162621445,0.327059410408326
1,0,wrong_foot,ice_native_0p15_v00,0,False,2899,left,ice,0.15,3,155,292.73297119140625,69.87299346923828,-1,473,7.396223202286287e-13,1.4143567892020014e-19,0.17326847890401645,0.826731521095244,0.9948127012851204
1,0,wrong_foot,ice_native_0p15_v03,3,False,1509,right,ice,0.15,2,17,623.1514892578125,210.1700439453125,-1,582,4.607015955295119e-18,3.4909706419858255e-07,0.9999996508154287,8.750715584420643e-11,0.4820346327394703
1,0,wrong_foot,ice_native_0p10_v03,3,False,2689,right,ice,0.1,3,78,167.3065185546875,173.86111450195312,283,289,2.689410661438746e-10,6.575084690520554e-09,0.6056767985797706,0.39432319457620363,0.9596784595499637
1,0,wrong_foot,ice_native_0p10_v03,3,False,1459,right,ice,0.1,2,28,260.2339172363281,241.4425811767578,168,309,1.7439760872123477e-13,3.2345883344505726e-05,0.9999664746573205,1.1794591604067566e-06,0.6891273283635494
1,0,wrong_foot,ice_native_0p10_v03,3,False,1449,right,ice,0.1,2,18,364.47857666015625,248.05780029296875,178,299,4.977075338116345e-12,0.0001289156373312342,0.9976388165024423,0.0022322678552493497,0.7281701903149319
1,0,wrong_foot,ice_native_0p10_v03,3,False,1469,right,ice,0.1,3,38,172.09146118164062,234.89996337890625,158,319,6.428672288751586e-14,7.95702361262248e-05,0.999920178319552,2.514442574509514e-07,0.9076848379159816
1,0,wrong_foot,ice_native_0p15_v00,0,False,2889,left,ice,0.15,3,145,297.7809753417969,65.0670166015625,-1,463,1.943173852840185e-13,7.821025951280351e-19,0.9421162012338815,0.05788379876592418,0.9993368792625558
1,0,wrong_foot,ice_native_0p10_v03,3,False,2649,right,ice,0.1,3,38,216.0941925048828,229.55551147460938,323,249,4.033662442209517e-15,7.484099148939638e-11,0.982701494481305,0.017298505443849786,0.9960674765470635
1,0,wrong_foot,ice_native_0p10_v03,3,False,1479,right,ice,0.1,3,48,155.38726806640625,228.48452758789062,148,329,1.0679779714622279e-13,3.897032081461904e-05,0.9999609931984716,3.648060710280149e-08,0.9884462598063101
1,0,wrong_foot,ice_native_0p10_v03,3,False,1489,right,ice,0.1,3,58,150.58163452148438,202.8089599609375,138,339,2.6610763277710143e-14,0.006362126586154469,0.993637873256935,1.56883817689056e-10,0.9950119511960975
1,0,wrong_foot,ice_native_0p20_v00,0,False,1779,right,ice,0.2,2,19,271.6161193847656,218.00192260742188,123,342,8.448934963861875e-10,0.009208085299669676,0.9907919137592313,9.620564156483619e-11,0.9999089838270281
1,0,wrong_foot,ice_native_0p10_v03,3,False,2659,right,ice,0.1,3,48,179.6418914794922,223.0908203125,313,259,1.6701933989503937e-14,8.192800524029318e-10,0.9970451226135673,0.0029548765671359753,0.9993080475254831
1,0,wrong_foot,ice_native_0p20_v03,3,False,2669,left,ice,0.2,2,23,304.11480712890625,221.69381713867188,-1,23,1.8098866634852732e-23,5.2024857442682294e-45,1.0,7.930902216903826e-17,0.9970227775395202
1,0,wrong_foot,ice_native_0p10_v03,3,False,1499,right,ice,0.1,3,68,146.41635131835938,195.1246337890625,128,349,6.807519866691474e-12,9.301841480728582e-05,0.9999066575952416,3.2398314345606836e-07,0.9974475809607881
1,0,wrong_foot,ice_native_0p10_v03,3,False,2669,right,ice,0.1,3,58,142.8185577392578,197.68373107910156,303,269,5.930664834770585e-14,3.6025527853019924e-06,0.9996346824074516,0.0003617150397037584,0.9994539525791248
1,0,wrong_foot,ice_native_0p10_v03,3,False,339,right,ice,0.1,2,28,435.7100830078125,224.88223266601562,-1,-1,1.3743376853443202e-14,0.00011175708470240268,0.9997083413798205,0.00017990153546333106,0.9999939027697085
1,0,wrong_foot,ice_native_0p10_v03,3,False,2679,right,ice,0.1,3,68,141.22914123535156,189.6590576171875,293,279,4.055116223755573e-14,7.3464982157233444e-09,0.999982476912783,1.7515740678297728e-05,0.9998043830236998
1,0,wrong_foot,ice_native_0p20_v00,0,False,1789,right,ice,0.2,2,29,182.40292358398438,214.81480407714844,113,352,3.5652603824307763e-10,9.377657247300997e-08,0.9999998877460133,1.8120888029914396e-08,0.9999667894546486
1,0,wrong_foot,ice_native_0p20_v00,0,False,1799,right,ice,0.2,3,39,160.04885864257812,71.12986755371094,103,362,2.932985484084781e-11,6.370788639569674e-10,0.9999918950784713,8.104255119935752e-06,0.9999962453159749
1,0,wrong_foot,ice_native_0p10_v03,3,False,329,right,ice,0.1,2,18,560.875732421875,231.01516723632812,-1,-1,1.2893581896123157e-15,4.567110862021716e-06,0.9999952790783465,1.5381079001673322e-07,0.9999948053336575
1,1,high_normal,ice_native_0p15_v02,2,False,2269,right,ice,0.15,3,42,427.5865478515625,156.25900268554688,-1,335,6.898909765739708e-21,0.8827685260190952,0.11723147398090476,6.53414645349239e-18,0.22907540304980717
1,1,high_normal,sand_solref_interpolation_5of6_stronger_v2_0p10_v02,2,False,1409,right,sand,0.1,3,365,429.7332763671875,201.33993530273438,-1,-1,0.8760826400288572,1.4107215212353634e-05,0.1239032381725309,1.4583399558762046e-08,4.123673560250084e-05
1,1,high_normal,sand_solref_interpolation_5of6_stronger_v2_0p10_v02,2,False,1429,right,sand,0.1,3,385,403.5077209472656,183.07040405273438,-1,-1,0.8752350007017199,2.139827490627178e-06,0.12476279911975711,6.035103233071259e-08,2.1022590350072768e-05
1,1,high_normal,ice_native_0p20_v02,2,False,1259,right,ice,0.2,3,289,360.39349365234375,0.0,-1,6,2.337894157080761e-07,1.6264774939216298e-10,0.12747086912078917,0.8725288969271474,0.6963026323642212
1,1,high_normal,sand_solref_interpolation_2of3_0p20_v02,2,False,589,right,sand,0.2,3,45,97.69232940673828,428.50787353515625,-1,-1,0.0029222464156964056,0.8679452954957284,0.1291324580885752,9.210550705709935e-20,0.0004051203649386264
1,1,high_normal,sand_solref_interpolation_5of6_stronger_v2_0p10_v02,2,False,1339,left,sand,0.1,3,416,245.57879638671875,467.1685791015625,555,-1,0.30756369353191215,0.5530516504713754,0.13938463704153212,1.8955180254218203e-08,4.1623037931041493e-07
1,1,high_normal,sand_solref_interpolation_5of6_stronger_v2_0p10_v02,2,False,1419,right,sand,0.1,3,375,422.0299072265625,195.55239868164062,-1,-1,0.8590590737313919,7.145805178962361e-06,0.14093376926754456,1.1195884494597549e-08,1.7754040549961602e-05
1,1,high_normal,ice_native_0p20_v02,2,False,639,right,ice,0.2,3,49,306.34698486328125,0.0,-1,193,7.150845962283053e-09,1.6508647193776676e-13,0.1442532235994031,0.8557467692495858,0.9955039770078596
1,1,high_normal,sand_solref_interpolation_3of4_stronger_v2_0p10_v02,2,False,1849,right,sand,0.1,3,117,205.04505920410156,288.621337890625,-1,-1,0.30089260030902415,0.5512768314138322,0.144818351297587,0.0030122169795565082,0.8844498574711706
1,1,high_normal,ice_native_0p15_v02,2,False,2679,left,ice,0.15,3,32,276.06158447265625,48.55698776245117,-1,478,8.12665271993866e-08,0.0002644861582146656,0.14924760812747007,0.850487824447788,0.4367094571639146
1,1,high_normal,ice_native_0p15_v02,2,False,2279,left,ice,0.15,2,26,145.46006774902344,396.414794921875,-1,78,2.0858634236295922e-10,7.148313077184928e-11,0.15222259153018314,0.8477774081897473,0.03401135777855951
1,1,high_normal,sand_solref_interpolation_2of3_0p10_v02,2,False,1319,left,sand,0.1,3,390,288.9957275390625,474.4699401855469,627,-1,0.8398654010921097,0.0025637110621588946,0.15757085154815778,3.6297573480342284e-08,6.458164424141852e-08
1,1,high_normal,sand_solref_interpolation_5of6_stronger_v2_0p20_v02,2,False,619,right,sand,0.2,3,74,326.91583251953125,340.1996154785156,-1,-1,0.803244510387421,0.03689669417547462,0.1598587954361109,9.934523476495896e-13,0.6636129214757484
1,1,high_normal,ice_native_0p15_v02,2,False,2289,right,ice,0.15,3,62,393.1510009765625,93.06031799316406,-1,355,4.420596189306254e-13,0.8171436625211719,0.1617106805178338,0.021145656960552334,0.9205120577773489
1,1,high_normal,ice_native_0p15_v02,2,False,2779,right,ice,0.15,2,28,203.88479614257812,178.25479125976562,-1,261,6.061428109560673e-09,0.8382707566022022,0.1617251979386015,4.039397768289127e-06,0.999423323419254
1,1,high_normal,ice_native_0p15_v02,2,False,2859,right,ice,0.15,3,40,243.64935302734375,88.87837982177734,-1,341,0.016369243594365673,0.3576303452043888,0.1638850114292907,0.4621153997719548,0.9757260559075018
1,1,high_normal,ice_native_0p20_v02,2,False,1999,right,ice,0.2,2,13,104.43592834472656,549.832275390625,-1,746,2.7460170091011466e-10,2.2466386064751715e-09,0.16526447764575825,0.8347355198330015,0.10845965831476087
1,1,high_normal,sand_solref_interpolation_5of6_stronger_v2_0p10_v02,2,False,1329,left,sand,0.1,3,406,262.7645263671875,468.05755615234375,565,-1,0.5423868914813627,0.2911413642236493,0.1664717139114736,3.0383514350995604e-08,4.395030599732011e-07
1,1,high_normal,sand_solref_interpolation_3of4_stronger_v2_0p10_v02,2,False,1859,right,sand,0.1,3,127,194.54379272460938,294.9015808105469,-1,-1,0.5312342297763442,0.017271795438408215,0.17105195092964748,0.28044202385560013,0.9549351440210647
1,1,high_normal,sand_solref_interpolation_3of4_stronger_v2_0p10_v02,2,False,1319,left,sand,0.1,3,392,263.57244873046875,467.0176086425781,629,-1,0.8022136135765758,0.0243137792569168,0.17347259357932532,1.3587181979368299e-08,8.079971599585935e-07
1,1,high_normal,ice_native_0p15_v02,2,False,2829,left,ice,0.15,3,139,113.86250305175781,195.83914184570312,-1,628,0.00048044539532894636,1.9317153525685434e-10,0.18060009669557164,0.8189194577159279,0.040889265434418516
1,1,high_normal,sand_solref_interpolation_3of4_stronger_v2_0p10_v02,2,False,1779,right,sand,0.1,3,47,85.73387908935547,420.0382385253906,-1,-1,3.796140820289373e-05,0.8104079681298377,0.18955407046195935,5.08189340987634e-22,0.002793723542693535
1,1,high_normal,ice_native_0p20_v02,2,False,2079,left,ice,0.2,3,122,284.4831237792969,121.89857482910156,-1,1609,5.199874066109437e-09,0.7957065738205437,0.2042216463841679,7.177459541426128e-05,0.00527847227285822
1,1,high_normal,ice_native_0p20_v02,2,False,859,left,ice,0.2,3,34,325.21575927734375,0.0,-1,389,3.444220759601596e-12,5.316431239730986e-08,0.21458006862877727,0.785419878203466,0.9999179467282933
1,1,high_normal,ice_native_0p10_v02,2,False,2869,left,ice,0.1,2,12,128.2621612548828,312.8348388671875,-1,104,1.4212712191411917e-05,5.974567160988926e-06,0.21487851154985899,0.7851013011707886,0.00015309095614313595
1,1,high_normal,sand_solref_interpolation_2of3_0p10_v02,2,False,1349,left,sand,0.1,3,420,293.64923095703125,483.0471496582031,597,-1,0.04162035787169483,0.73982471837213,0.2185549096798308,1.40763443839903e-08,9.29942101581208e-08
1,1,high_normal,ice_native_0p15_v02,2,False,2879,right,ice,0.15,3,60,327.0861511230469,65.25694274902344,-1,361,0.06858935497923813,0.6860539000267688,0.24118732447532346,0.00416942051866958,0.9233672869143207
1,1,high_normal,sand_solref_interpolation_5of6_stronger_v2_0p20_v02,2,False,579,right,sand,0.2,3,34,72.61973571777344,428.97991943359375,-1,-1,0.015887977000844062,0.7372339506715025,0.24687807232765346,3.123303434362766e-18,1.555800708042933e-05
1,1,high_normal,sand_solref_interpolation_3of4_stronger_v2_0p10_v02,2,False,1349,left,sand,0.1,3,422,268.4468994140625,474.9747314453125,599,-1,0.1394820386713198,0.6097588787030881,0.2507590334500901,4.9175502000697826e-08,1.2400700841049443e-06
1,1,high_normal,ice_native_0p15_v02,2,False,2559,left,ice,0.15,3,43,378.13555908203125,70.57760620117188,-1,358,8.228616774572622e-08,0.7396679280315348,0.26031046692295995,2.152275933732581e-05,0.0006349819944385333
1,1,high_normal,ice_native_0p20_v02,2,False,2869,left,ice,0.2,2,30,138.50267028808594,593.507080078125,-1,2399,3.131811865317657e-13,1.965215429188786e-15,0.26738758115831546,0.7326124188413694,0.9999288830038217
1,1,high_normal,sand_solref_interpolation_3of4_stronger_v2_0p10_v02,2,False,1769,right,sand,0.1,3,37,98.7618179321289,439.1510314941406,-1,-1,1.9031345400108987e-05,0.7170065040782058,0.28297446457639414,1.0847491038998734e-21,0.0006665712181522171
1,1,high_normal,ice_native_0p20_v02,2,False,1659,right,ice,0.2,2,26,428.9127197265625,122.16717529296875,-1,406,9.232797612069938e-12,0.7160033688879531,0.2839966311028139,1.7633067514768796e-18,0.25691298622518616
1,1,high_normal,ice_native_0p15_v02,2,False,2879,left,ice,0.15,2,17,65.25694274902344,327.0861511230469,-1,678,0.43213476325684,3.0542123027609434e-12,0.2850277166994536,0.2828375200406521,1.8359515542640043e-09
1,1,high_normal,sand_solref_interpolation_5of6_stronger_v2_0p10_v02,2,False,1889,right,sand,0.1,3,186,391.497802734375,711.656494140625,-1,-1,1.7261998609953715e-13,1.471161635351781e-16,0.2892464496545835,0.7107535503452437,0.7432427389793886
1,1,high_normal,sand_solref_interpolation_3of4_stronger_v2_0p10_v02,2,False,1809,right,sand,0.1,3,77,261.4544982910156,407.72930908203125,-1,-1,6.391945327458411e-05,0.70861161785139,0.2913244626953354,1.3233975188502899e-17,0.364476216608585
1,1,high_normal,sand_solref_interpolation_3of4_stronger_v2_0p20_v02,2,False,609,right,sand,0.2,3,64,349.70684814453125,392.66217041015625,-1,-1,0.505253336574027,0.20244901093675893,0.2922976524892107,3.279845428716269e-15,0.011303900045078995
1,1,high_normal,ice_native_0p10_v02,2,False,1309,right,ice,0.1,4,65,281.3371887207031,0.0,-1,65,1.3665503925820776e-07,7.663141073541117e-20,0.2984600379036421,0.7015398254413187,0.995184862383875
1,1,high_normal,ice_native_0p15_v02,2,False,2899,right,ice,0.15,3,80,289.42120361328125,20.618152618408203,-1,381,0.009906190467273342,0.0017417647117206935,0.30519452962863514,0.6831575151923708,0.9751226320285951
1,1,high_normal,sand_solref_interpolation_2of3_0p20_v02,2,False,1149,right,sand,0.2,3,37,112.42176055908203,444.6104736328125,-1,-1,2.2330016838164073e-08,0.6872201978757266,0.3127797797942565,1.0152572885241424e-26,0.0004058657651559246
1,1,high_normal,ice_native_0p20_v02,2,False,1549,left,ice,0.2,4,178,281.6567687988281,0.0,-1,1079,0.003528428808659723,0.4285670072754458,0.33491415934798474,0.2329904045679097,0.9995121632935192
1,1,high_normal,sand_solref_interpolation_3of4_stronger_v2_0p20_v02,2,False,619,right,sand,0.2,3,74,318.80322265625,353.65283203125,-1,-1,0.6121379755339382,0.03859395496366795,0.3492680694895376,1.285629619742381e-11,0.716972962393814
1,1,high_normal,ice_native_0p20_v02,2,False,779,left,ice,0.2,3,59,462.8542175292969,0.0,-1,309,2.298301511571693e-10,0.63990300180733,0.35993929519464885,0.00015770276819100656,0.006283786271211967
1,1,high_normal,sand_solref_interpolation_3of4_stronger_v2_0p10_v02,2,False,1329,left,sand,0.1,3,402,279.76300048828125,475.62628173828125,619,-1,0.4981693827616255,0.1289881584044118,0.3728424317696454,2.70643174441168e-08,6.571714837768365e-07
1,1,high_normal,sand_solref_interpolation_2of3_0p20_v02,2,False,609,right,sand,0.2,3,65,351.8661804199219,411.24798583984375,-1,-1,0.3377008088641597,0.28769338986228477,0.37460580127355464,8.051029424092443e-16,0.045970798421106344
1,1,high_normal,sand_solref_interpolation_2of3_0p20_v02,2,False,1159,right,sand,0.2,3,47,94.36750793457031,417.892822265625,-1,-1,2.2346221564586054e-07,0.6246950134303769,0.37530476310740735,3.471584849216345e-26,0.02951464329485512
1,1,high_normal,sand_solref_interpolation_2of3_0p20_v02,2,False,559,left,sand,0.2,3,276,477.8523864746094,63.99253845214844,578,-1,0.6152574088138515,2.6212351030299628e-05,0.38471637882368276,1.1435282842443163e-11,8.158295489912649e-09
1,1,high_normal,ice_native_0p15_v02,2,False,2219,right,ice,0.15,2,19,130.28594970703125,186.7975311279297,-1,285,6.0718238087075914e-12,0.6071639860227392,0.39283601396769624,3.4926606939524326e-12,0.9852457997083043
1,1,high_normal,sand_solref_interpolation_3of4_stronger_v2_0p10_v02,2,False,1799,right,sand,0.1,3,67,219.3173828125,424.10260009765625,-1,-1,0.00012210699740340807,0.5948025780404221,0.4050753149621745,8.357094079841246e-20,0.10787310920376846
1,1,high_normal,ice_native_0p20_v02,2,False,2139,left,ice,0.2,4,182,213.01141357421875,151.6744384765625,-1,1669,4.788701126251417e-08,0.3115760897518463,0.4062030177109957,0.28222084465014663,0.7974629308794571
1,1,high_normal,ice_native_0p20_v02,2,False,499,right,ice,0.2,3,53,351.7521667480469,89.16446685791016,-1,53,1.0768412089487264e-07,0.024676360754338333,0.41071926957575383,0.564604261985787,0.9782233554351507
1,1,high_normal,ice_native_0p20_v02,2,False,2519,right,ice,0.2,2,20,281.3870849609375,0.0,-1,137,3.0223222585964284e-06,0.0008204820524160419,0.4118106569978348,0.5873658386274906,4.983198519646337e-09
1,1,high_normal,ice_native_0p20_v02,2,False,659,right,ice,0.2,3,69,295.77520751953125,0.0,-1,213,2.592322113856374e-09,1.0974769945947915e-18,0.43073720560789475,0.5692627917997831,0.9956961663097877
1,1,high_normal,ice_native_0p10_v02,2,False,469,left,ice,0.1,2,13,127.31352233886719,306.81317138671875,-1,13,3.6140694198130976e-05,3.7516871396344697e-07,0.43840031202302976,0.561563172114058,0.37520734677272366
1,1,high_normal,sand_solref_interpolation_3of4_stronger_v2_0p20_v02,2,False,589,right,sand,0.2,3,44,103.50286865234375,415.6612548828125,-1,-1,0.003407886614099236,0.5328183242638421,0.4637737891220585,7.304380877583339e-20,0.0005374722169816417
1,1,high_normal,ice_native_0p20_v02,2,False,2109,left,ice,0.2,3,152,228.11990356445312,141.51173400878906,-1,1639,8.526926254709995e-08,0.5264377889571132,0.47328682727866916,0.00027529849495489553,0.07734160686676181
1,1,high_normal,ice_native_0p15_v02,2,False,1779,right,ice,0.15,2,16,280.491943359375,0.0,-1,16,1.1702371250483179e-06,5.612949641924404e-09,0.47335962970824286,0.5266391944416825,0.12857087987943916
1,1,high_normal,ice_native_0p20_v02,2,False,2659,left,ice,0.2,2,14,1187.6309814453125,0.0,-1,2189,5.904213980355071e-09,0.524044880335404,0.47595511376037103,1.0901455123799042e-14,0.9941176387115924
1,1,high_normal,ice_native_0p20_v02,2,False,2219,left,ice,0.2,2,20,172.37814331054688,52.714073181152344,-1,1749,1.0947139100304533e-05,0.5185537851968578,0.4814294568377132,5.810826328710285e-06,0.000366285547098767
1,1,high_normal,sand_solref_interpolation_2of3_0p20_v02,2,False,629,left,sand,0.2,3,346,301.7016296386719,355.5647888183594,508,-1,0.5099558377923673,1.7006009314346922e-06,0.49004245766808857,3.938612640125879e-09,0.0004258231720510793
1,1,high_normal,sand_solref_interpolation_3of4_stronger_v2_0p10_v02,2,False,1339,left,sand,0.1,3,412,265.15716552734375,474.07843017578125,609,-1,0.29223770985665687,0.20557055377626682,0.5021917173114093,1.9055666931096833e-08,1.0435202760551477e-06
1,1,high_normal,sand_solref_interpolation_5of6_stronger_v2_0p10_v02,2,False,1829,right,sand,0.1,3,126,261.1930236816406,200.0756378173828,-1,-1,0.2089009286539343,0.003711221740113295,0.5159404883096717,0.2714473612962807,0.9769452235151761
1,1,high_normal,ice_native_0p20_v02,2,False,2119,left,ice,0.2,3,162,228.04037475585938,151.16604614257812,-1,1649,3.9275738458727934e-08,0.4814184389261295,0.517953718475934,0.0006278033221979206,0.28284508728360835
1,1,high_normal,ice_native_0p20_v02,2,False,839,left,ice,0.2,2,14,361.4291687011719,0.0,-1,369,2.90792906026683e-14,0.0004906633310853072,0.5264229546764166,0.47308638199246905,0.9857428486468665
1,1,high_normal,sand_solref_interpolation_2of3_0p10_v02,2,False,1329,left,sand,0.1,3,400,306.001708984375,482.16796875,617,-1,0.32791572329396657,0.13982541175736438,0.5322588413665196,2.358214953388412e-08,6.712489785712238e-08
1,1,high_normal,sand_solref_interpolation_2of3_0p10_v02,2,False,1339,left,sand,0.1,3,410,291.7902526855469,482.3486328125,607,-1,0.1027701381155773,0.3391826511197122,0.5580472035607925,7.203917946864129e-09,8.384089332220736e-08
1,1,high_normal,ice_native_0p10_v02,2,False,1329,right,ice,0.1,2,11,251.7405548095703,0.0,-1,85,7.772295291683149e-09,8.957955589470508e-15,0.55916765205281,0.44083234017488576,0.27963580575380825
1,1,high_normal,ice_native_0p15_v02,2,False,769,left,ice,0.15,3,51,506.0106506347656,0.0,-1,323,2.631334635161841e-10,0.4357412133034232,0.5640386896740415,0.0002200967594018057,0.122660820337224
1,1,high_normal,sand_solref_interpolation_2of3_0p20_v02,2,False,1199,right,sand,0.2,3,87,226.560302734375,314.7878112792969,-1,-1,9.022121435358104e-05,0.41522167228643464,0.5846881064992016,1.028507065965263e-14,0.998653503665729
1,1,high_normal,ice_native_0p10_v02,2,False,2149,right,ice,0.1,2,19,83.11360931396484,206.20840454101562,-1,225,5.6041812313265305e-11,0.4032857308677528,0.5967142680496731,1.0265322352970293e-09,0.6809154220686692
1,1,high_normal,ice_native_0p20_v02,2,False,2189,right,ice,0.2,2,12,42.46290969848633,119.54508209228516,-1,936,0.00027823509053561,0.045963597438944986,0.5977054472743201,0.3560527201961993,0.15648837235005952
1,1,high_normal,ice_native_0p20_v02,2,False,689,right,ice,0.2,4,99,278.19793701171875,0.0,-1,243,4.673593144735778e-11,4.768958447795318e-23,0.6020681961664595,0.39793180378680465,0.9980226394622665
1,1,high_normal,ice_native_0p15_v02,2,False,2249,left,ice,0.15,2,18,167.67054748535156,542.6921997070312,-1,48,5.1028002875880125e-14,1.837966950867199e-14,0.6060212456332833,0.39397875436664725,0.311108912778537
1,1,high_normal,sand_solref_interpolation_5of6_stronger_v2_0p20_v02,2,False,599,right,sand,0.2,3,54,92.99166870117188,385.53875732421875,-1,-1,0.047745560396977596,0.32603545749795787,0.6262189821050645,2.969622045025087e-17,0.0021326119187303934
1,1,high_normal,ice_native_0p15_v02,2,False,719,right,ice,0.15,2,15,235.41891479492188,86.46150207519531,-1,66,1.0679843495183958e-10,1.6422121684964292e-19,0.6295217020408757,0.3704782978523259,0.8571158122676823
1,1,high_normal,sand_solref_interpolation_3of4_stronger_v2_0p20_v02,2,False,1199,right,sand,0.2,3,92,220.53887939453125,300.2204895019531,-1,-1,0.0003696354442553039,0.34655507924598916,0.6530752853095925,1.6295243884654285e-13,0.9989556392515012
1,1,high_normal,sand_solref_interpolation_5of6_stronger_v2_0p20_v02,2,False,589,right,sand,0.2,3,44,106.21757507324219,403.46136474609375,-1,-1,0.006247265154437769,0.3379510671872861,0.6558016676582761,1.1206406326925032e-18,9.51725735357357e-05
1,1,high_normal,sand_solref_interpolation_3of4_stronger_v2_0p20_v02,2,False,1149,right,sand,0.2,3,42,111.0554428100586,435.85614013671875,-1,-1,7.808063095968562e-08,0.34311144304325586,0.6568884788761131,2.7424882389857137e-25,0.0016094460370021679
1,1,high_normal,sand_solref_interpolation_5of6_stronger_v2_0p10_v02,2,False,1819,right,sand,0.1,3,116,208.85299682617188,274.4205322265625,-1,-1,0.040570075497076044,0.29665537164624123,0.6627744639072807,8.894940203451029e-08,0.9991357488078898
1,1,high_normal,sand_solref_interpolation_5of6_stronger_v2_0p20_v02,2,False,609,right,sand,0.2,3,64,349.61865234375,380.1683349609375,-1,-1,0.301980106708508,0.02526868689925485,0.6727512063922363,7.02701472970134e-16,0.030136628426351203
1,1,high_normal,sand_solref_interpolation_5of6_stronger_v2_0p10_v02,2,False,1749,right,sand,0.1,3,46,102.90281677246094,433.2850341796875,-1,-1,1.4375205263035579e-06,0.32511494595373763,0.674883616525736,2.031744708839259e-23,0.0009745368456363634
1,1,high_normal,ice_native_0p15_v02,2,False,2889,right,ice,0.15,3,70,398.1224060058594,18.245431900024414,-1,371,0.2712682875179985,0.016280733461606408,0.679082084465839,0.03336889455455617,0.9694177128914101
1,1,high_normal,ice_native_0p15_v02,2,False,2859,left,ice,0.15,4,169,88.87837982177734,243.64935302734375,-1,658,0.0017578432147655593,1.3057555748051454e-11,0.6808779660484882,0.31736419072368877,0.017510462621421988
1,1,high_normal,ice_native_0p15_v02,2,False,2899,left,ice,0.15,4,37,20.618152618408203,289.42120361328125,-1,698,0.11677865899198821,4.3057199838426726e-13,0.7122431911163413,0.17097814989124,9.830197636435413e-12
1,1,high_normal,sand_solref_interpolation_5of6_stronger_v2_0p10_v02,2,False,1809,right,sand,0.1,3,106,239.3697509765625,287.3606262207031,-1,-1,0.0023861249864839743,0.2788020166198732,0.7188118583749787,1.8664132987673398e-11,0.9932592410731826
1,1,high_normal,ice_native_0p20_v02,2,False,1389,left,ice,0.2,2,18,1127.916259765625,0.0,-1,919,2.5088148083100693e-12,0.27327036592851756,0.7267296340689725,1.0974903894997351e-15,0.999090296020184
1,1,high_normal,ice_native_0p20_v02,2,False,1269,right,ice,0.2,4,299,342.69525146484375,0.0,-1,16,7.511812357600998e-09,2.193861985381462e-12,0.7280820701723146,0.271917922313679,0.28257211804659127
1,1,high_normal,sand_solref_interpolation_3of4_stronger_v2_0p20_v02,2,False,1209,right,sand,0.2,3,102,251.82785034179688,246.3834228515625,-1,-1,0.012044392115595772,0.24637374672763862,0.7415815178446751,3.4331209059040317e-07,0.9835177915037842
1,1,high_normal,sand_solref_interpolation_2of3_0p20_v02,2,False,1179,right,sand,0.2,3,67,255.56448364257812,397.2296447753906,-1,-1,7.965470360473809e-07,0.2565676501422869,0.743431553310677,6.31842083842194e-22,0.9591513875818425
1,1,high_normal,sand_solref_interpolation_5of6_stronger_v2_0p20_v02,2,False,1209,right,sand,0.2,3,107,251.57431030273438,236.8726806640625,-1,-1,0.03828157932839323,0.21547267815835108,0.7462426292729194,3.1132403362171266e-06,0.9918162899717757
1,1,high_normal,ice_native_0p20_v02,2,False,2009,left,ice,0.2,3,52,509.7637939453125,67.98018646240234,-1,1539,9.483057793456933e-16,0.23325023593454125,0.7468782782933366,0.019871485772121035,0.03204862741855013
1,1,high_normal,ice_native_0p20_v02,2,False,2059,left,ice,0.2,3,102,340.5337829589844,0.0,-1,1589,1.1557100936181018e-09,0.25046240021355093,0.7494392390697515,9.835956098751524e-05,0.11239309389665064
1,1,high_normal,ice_native_0p20_v02,2,False,2129,left,ice,0.2,3,172,219.44155883789062,145.90786743164062,-1,1659,4.44538802212005e-08,0.1694442093615926,0.7501097237928662,0.08044602239166085,0.4300244734590882
1,1,high_normal,ice_native_0p20_v02,2,False,489,right,ice,0.2,3,43,367.9174499511719,89.29003143310547,-1,43,1.8146463934209022e-07,0.1258139009090425,0.7514773940875007,0.12270852353881752,0.81477052841319
1,1,high_normal,sand_solref_interpolation_2of3_0p20_v02,2,False,569,left,sand,0.2,3,286,469.58831787109375,81.03131103515625,568,-1,0.24731968081786315,3.7681749742684695e-06,0.7526765509315985,7.556420261999054e-11,1.1073584728872857e-08
1,1,high_normal,ice_native_0p10_v02,2,False,1069,left,ice,0.1,2,15,117.3967056274414,287.501220703125,-1,94,0.00028405815091229634,4.373602592499148e-07,0.7546145808467288,0.24510092364209976,2.462653877856594e-06
1,1,high_normal,sand_solref_interpolation_5of6_stronger_v2_0p20_v02,2,False,1149,right,sand,0.2,3,47,109.37834930419922,429.43121337890625,-1,-1,3.330639291637711e-07,0.24159788927755094,0.7584017776585199,1.0394615174656551e-23,0.008802544848014415
1,1,high_normal,sand_solref_interpolation_5of6_stronger_v2_0p20_v02,2,False,1199,right,sand,0.2,3,97,215.33316040039062,293.3804016113281,-1,-1,0.0015420753467415736,0.23165986659861237,0.7667980580511895,3.4564856613002006e-12,0.9992704362182379
1,1,high_normal,ice_native_0p10_v02,2,False,2299,left,ice,0.1,2,15,100.59984588623047,319.3470458984375,-1,15,4.5081155768385255e-05,6.1397704192863e-06,0.7676870021943166,0.23226177687949567,2.263725309363821e-06
1,1,high_normal,sand_solref_interpolation_5of6_stronger_v2_0p20_v02,2,False,1279,right,sand,0.2,3,177,195.33966064453125,509.31982421875,-1,-1,7.70540230018987e-16,2.0610155278826764e-17,0.7749887486105639,0.22501125138943517,0.7704935066983954
1,1,high_normal,sand_solref_interpolation_2of3_0p20_v02,2,False,1209,right,sand,0.2,3,97,255.748779296875,260.1383972167969,-1,-1,0.0035877282778712482,0.21994270003131544,0.7764695262679789,4.5422834353089306e-08,0.9745269606537289
1,1,high_normal,ice_native_0p20_v02,2,False,1069,left,ice,0.2,2,19,108.08076477050781,280.56451416015625,-1,599,0.0005512995726679714,7.220692624342266e-08,0.7779552455538311,0.22149338266657465,0.00020341776429657894
1,1,high_normal,ice_native_0p20_v02,2,False,649,right,ice,0.2,3,59,296.7574462890625,0.0,-1,203,2.5118905586828232e-08,2.705963288916701e-17,0.7798334846021983,0.2201664902788961,0.998361263500785
1,1,high_normal,ice_native_0p10_v02,2,False,2879,left,ice,0.1,2,22,122.16783142089844,290.9608459472656,-1,114,3.4660648568017024e-05,2.2664935516507426e-05,0.7863168508981427,0.2136258235177727,0.00010451049645781874
1,1,high_normal,ice_native_0p20_v02,2,False,479,right,ice,0.2,3,33,302.3231201171875,118.8449935913086,-1,33,3.907483266502724e-07,0.12103543863091552,0.7891281108635013,0.08983605975725649,0.9514036264663129
1,1,high_normal,ice_native_0p20_v02,2,False,2129,right,ice,0.2,4,32,145.90786743164062,219.44155883789062,-1,876,1.3678556130945964e-08,8.415670552740455e-10,0.7962129851660862,0.20378700031379063,0.9753618783252997
1,1,high_normal,ice_native_0p15_v02,2,False,2549,left,ice,0.15,3,33,414.61895751953125,0.0,-1,348,9.598376364645244e-07,0.18958161488355363,0.810402040121023,1.538515778687881e-05,0.0028727009717320717
1,1,high_normal,sand_solref_interpolation_5of6_stronger_v2_0p20_v02,2,False,1219,right,sand,0.2,3,117,226.67510986328125,234.273681640625,-1,-1,0.15706115986994218,0.01915777092134655,0.8161002023176228,0.007680866891088348,0.9973969132231
1,1,high_normal,sand_solref_interpolation_2of3_0p20_v02,2,False,579,left,sand,0.2,3,296,455.6169128417969,60.850955963134766,558,-1,0.18303762106282903,1.4535877202984864e-07,0.8169622303549122,3.223486814696648e-09,1.1254357134906804e-08
1,1,high_normal,ice_native_0p20_v02,2,False,679,right,ice,0.2,3,89,290.4974060058594,0.0,-1,233,1.7661580672433022e-10,1.4363605847713592e-21,0.8220959113494507,0.1779040884739336,0.9986431314427194
1,1,high_normal,ice_native_0p10_v02,2,False,699,right,ice,0.1,4,48,264.1974182128906,14.683186531066895,-1,17,2.7712884537362745e-13,5.506182133975857e-18,0.8276965602503451,0.1723034397493777,0.9139805403607932
1,1,high_normal,ice_native_0p10_v02,2,False,489,left,ice,0.1,2,12,104.72709655761719,361.85797119140625,-1,33,3.967921934506854e-05,3.413882284577682e-07,0.8347509140064068,0.16520906538601982,0.5627310518280315
1,1,high_normal,ice_native_0p20_v02,2,False,709,right,ice,0.2,2,16,243.8923797607422,0.0,-1,263,2.6573877928494005e-10,1.2294913051387383e-15,0.8476916088645734,0.15230839086968653,0.031169759556993817
1,1,high_normal,sand_solref_interpolation_3of4_stronger_v2_0p20_v02,2,False,1179,right,sand,0.2,3,72,248.5150146484375,387.4847412109375,-1,-1,3.0853675670682606e-06,0.14428775003836133,0.8557091645940715,2.0245632941403556e-20,0.9837950479076263
1,1,high_normal,ice_native_0p15_v02,2,False,2809,right,ice,0.15,4,58,167.22409057617188,134.3863525390625,-1,291,4.225497010748807e-05,0.0029447195486632183,0.8663069163354932,0.13070610914573608,0.9920693302502899
1,1,high_normal,ice_native_0p20_v02,2,False,2119,right,ice,0.2,2,22,151.16604614257812,228.04037475585938,-1,866,6.140795848764303e-08,2.3891375750086618e-09,0.8690277283256296,0.13097220787727434,0.6605473108326332
1,1,high_normal,ice_native_0p15_v02,2,False,2669,left,ice,0.15,2,22,280.6907653808594,43.05905532836914,-1,468,1.8121122851206548e-07,0.05848635478371032,0.8705297204511231,0.0709837435539382,0.5703205477919292
1,1,high_normal,ice_native_0p20_v02,2,False,2179,left,ice,0.2,3,37,100.85673522949219,130.53578186035156,-1,1709,8.116662795118053e-08,0.0001425971662678984,0.8746563091992278,0.12520101246787663,0.0030294484322319396
1,1,high_normal,sand_solref_interpolation_3of4_stronger_v2_0p20_v02,2,False,1219,right,sand,0.2,3,112,226.06558227539062,251.360595703125,-1,-1,0.08836509458885793,0.031893738561694446,0.8768581548122512,0.0028830120371963986,0.9966086864091116
1,1,high_normal,sand_solref_interpolation_3of4_stronger_v2_0p20_v02,2,False,1279,right,sand,0.2,3,172,385.44384765625,604.0726318359375,-1,-1,1.8870237893404073e-17,8.748456676965087e-21,0.8888099163330101,0.11119008366698994,0.5902421580551296
1,1,high_normal,ice_native_0p20_v02,2,False,1429,left,ice,0.2,3,58,369.2314453125,0.0,-1,959,2.5060629372007937e-12,0.11079401063449817,0.8892059890890655,2.739302348611433e-10,0.6084279775306931
1,1,high_normal,sand_solref_interpolation_5of6_stronger_v2_0p10_v02,2,False,1799,right,sand,0.1,3,96,223.80838012695312,360.03155517578125,-1,-1,0.00023847734998901573,0.10954086644332602,0.8902206562066834,1.4481170991666046e-15,0.9944116259804869
1,1,high_normal,sand_solref_interpolation_2of3_0p20_v02,2,False,1189,right,sand,0.2,3,77,275.1383361816406,348.394287109375,-1,-1,2.6765879886032043e-06,0.1014608238455025,0.8985364995665088,2.156518184225704e-18,0.9905157299808999
1,1,high_normal,ice_native_0p20_v02,2,False,669,right,ice,0.2,3,79,318.1246032714844,0.0,-1,223,5.423581380920999e-10,1.6697294443127696e-20,0.9053544502422948,0.09464554921534708,0.9982097451692061
1,1,high_normal,ice_native_0p20_v02,2,False,939,right,ice,0.2,2,11,54.712799072265625,204.0750732421875,-1,493,2.2005486519178995e-08,0.09116745894495973,0.9088321980580538,3.20991500015352e-07,0.0025065012252978814
1,1,high_normal,ice_native_0p15_v02,2,False,859,left,ice,0.15,2,26,280.3089904785156,0.0,-1,413,2.1679484820984454e-11,1.746732884446016e-05,0.9093407369672069,0.09064179568226916,0.9997772021490764
1,1,high_normal,ice_native_0p20_v02,2,False,2069,left,ice,0.2,3,112,292.6695861816406,129.2891845703125,-1,1599,4.4573560286594063e-10,0.0870553888332824,0.9127836901244333,0.0001609205965488135,0.002994979816902729
1,1,high_normal,ice_native_0p20_v02,2,False,1539,left,ice,0.2,3,168,282.37237548828125,0.0,-1,1069,0.0006402306224518066,0.07883066765672873,0.9140029954040843,0.006526106316735304,0.9997974000896608
1,1,high_normal,sand_solref_interpolation_2of3_0p20_v02,2,False,619,left,sand,0.2,3,336,371.87841796875,328.95953369140625,518,-1,0.08015047480817573,2.2428519174980236e-08,0.9198495026081471,1.5515793781965994e-10,0.00039178340179577985
1,1,high_normal,sand_solref_interpolation_2of3_0p20_v02,2,False,1219,right,sand,0.2,3,107,229.749267578125,265.2456359863281,-1,-1,0.0389470118296561,0.039025254896843664,0.9211391291345684,0.0008886041389318469,0.9955574437697102
1,1,high_normal,sand_solref_interpolation_5of6_stronger_v2_0p20_v02,2,False,1179,right,sand,0.2,3,77,242.05758666992188,376.53106689453125,-1,-1,1.3294401437278474e-05,0.0786117794595528,0.92137492613901,1.2126944096174276e-18,0.9947068882012137
1,1,high_normal,ice_native_0p20_v02,2,False,2679,left,ice,0.2,3,34,509.9082336425781,0.0,-1,2209,1.7293883038651692e-12,0.07721878811058547,0.9227812118870966,5.884254170879826e-13,0.0338413187756043
1,1,high_normal,ice_native_0p20_v02,2,False,1439,left,ice,0.2,3,68,358.32037353515625,0.0,-1,969,7.70739746382516e-09,0.07351917730095694,0.9264389993163806,4.1815675264992874e-05,0.9990006485960086
1,1,high_normal,sand_solref_interpolation_5of6_stronger_v2_0p10_v02,2,False,1759,right,sand,0.1,3,56,88.72637939453125,405.81878662109375,-1,-1,1.0077743275266444e-05,0.06652785847182312,0.9334620637849016,3.124832287116609e-23,0.01519220987364079
1,1,high_normal,sand_solref_interpolation_3of4_stronger_v2_0p20_v02,2,False,1189,right,sand,0.2,3,82,264.54913330078125,337.567626953125,-1,-1,1.1386885328206243e-05,0.06592915466836059,0.9340594584463111,4.5825638000919945e-17,0.9926824503152274
1,1,high_normal,ice_native_0p10_v02,2,False,1299,right,ice,0.1,3,55,295.47894287109375,0.0,-1,55,1.1058262629325763e-06,8.910977522397721e-17,0.935059170377505,0.06493972379623199,0.9819947492936909
1,1,high_normal,ice_native_0p20_v02,2,False,2779,left,ice,0.2,4,40,177.71165466308594,0.0,-1,2309,1.3593255978220013e-10,5.122388446268633e-17,0.9373193179735229,0.06268068189054465,0.9982940922755714
1,1,high_normal,ice_native_0p15_v02,2,False,489,left,ice,0.15,2,30,98.06011962890625,361.1588134765625,-1,43,3.369891591577243e-06,2.3022423910306e-08,0.9387429939624349,0.06125361312354977,0.6564318062595462
1,1,high_normal,ice_native_0p20_v02,2,False,2109,right,ice,0.2,2,12,141.51173400878906,228.11990356445312,-1,856,1.8279133200136854e-07,7.307294695968839e-08,0.9416314301129014,0.0583683140228196,0.23310235086813322
1,1,high_normal,sand_solref_interpolation_3of4_stronger_v2_0p20_v02,2,False,1159,right,sand,0.2,3,52,94.27193450927734,402.0175476074219,-1,-1,7.030349876098601e-07,0.053843575148117176,0.9461557218168951,1.2543152162799354e-24,0.05760931117391654
1,1,high_normal,ice_native_0p20_v02,2,False,2549,right,ice,0.2,2,19,222.59593200683594,0.0,-1,167,8.405338322238783e-07,3.804693381366533e-06,0.9465234708047268,0.05347188396805943,7.834756894548009e-09
1,1,high_normal,ice_native_0p15_v02,2,False,2779,left,ice,0.15,3,89,178.25479125976562,203.88479614257812,-1,578,3.1753187879823894e-09,1.1363944505112435e-13,0.9531868413702668,0.04681315545430077,0.00039919706271743005
1,1,high_normal,ice_native_0p10_v02,2,False,1079,left,ice,0.1,2,25,112.82466888427734,276.29833984375,-1,104,0.00034843118661840374,1.8852817347205522e-07,0.9573555052841709,0.042295875001037306,4.312320009265838e-06
1,1,high_normal,ice_native_0p20_v02,2,False,1529,left,ice,0.2,3,158,296.65142822265625,0.0,-1,1059,4.199301235733292e-05,0.04138141025760475,0.9581137222789402,0.0004628744510976844,0.9999534711976796
1,1,high_normal,ice_native_0p20_v02,2,False,849,left,ice,0.2,2,24,271.07025146484375,0.0,-1,379,1.5913717417537588e-12,2.7322423179951398e-05,0.9588483505640893,0.04112432701113916,0.9989546828622435
1,1,high_normal,ice_native_0p10_v02,2,False,1259,right,ice,0.1,2,15,335.4762268066406,0.0,-1,15,0.00012020152159141859,2.8408242729683795e-05,0.9633147801022742,0.03653661013340474,0.3173754473189488
1,1,high_normal,ice_native_0p15_v02,2,False,1969,right,ice,0.15,4,35,238.275634765625,0.0,-1,35,7.294660839450131e-12,4.141925662019239e-19,0.9639362857461938,0.03606371424651168,0.9999992890137964
1,1,high_normal,sand_solref_interpolation_5of6_stronger_v2_0p20_v02,2,False,1189,right,sand,0.2,3,87,257.03350830078125,330.1954345703125,-1,-1,4.9889228386562005e-05,0.0351681372450245,0.9647819735265877,1.3717163188200301e-15,0.9955163908852921
1,1,high_normal,ice_native_0p20_v02,2,False,969,right,ice,0.2,2,13,84.31949615478516,159.31813049316406,-1,523,2.2599914721807037e-07,0.031291279460969,0.9687080029721942,4.915676896601283e-07,0.2781239837036966
1,1,high_normal,sand_solref_interpolation_2of3_0p20_v02,2,False,589,left,sand,0.2,3,306,428.50787353515625,97.69232940673828,548,-1,0.03018580446750323,9.3672675014754e-09,0.969814183503174,2.662055300859691e-09,1.5468075279884628e-08
1,1,high_normal,ice_native_0p20_v02,2,False,2159,right,ice,0.2,2,18,31.749755859375,195.96267700195312,-1,906,5.915411968727251e-06,9.695960366866956e-06,0.9706496620319861,0.029334726595678456,0.7194343215386099
1,1,high_normal,ice_native_0p15_v02,2,False,2659,left,ice,0.15,2,12,304.488525390625,0.0,-1,458,3.5661789661040907e-07,0.012474857718443881,0.9719283061281276,0.015596479535531662,0.96443055683901
1,1,high_normal,sand_solref_interpolation_5of6_stronger_v2_0p10_v02,2,False,1789,right,sand,0.1,3,86,265.7443542480469,402.4142761230469,-1,-1,1.2770904902041141e-05,0.025185344954500265,0.9748018841405977,8.251813335404601e-19,0.9566506023085949
1,1,high_normal,sand_solref_interpolation_2of3_0p20_v02,2,False,599,left,sand,0.2,3,316,412.71197509765625,86.24746704101562,538,-1,0.02485080333467279,5.0984773934736785e-09,0.9751491892142549,2.3525949726646267e-09,9.6566579412662e-07
1,1,high_normal,ice_native_0p20_v02,2,False,1079,left,ice,0.2,2,29,105.75332641601562,271.535888671875,-1,609,0.0003690866415439161,6.562074482584116e-08,0.9759666683690489,0.023664179368662327,0.001156960658585492
1,1,high_normal,sand_solref_interpolation_5of6_stronger_v2_0p10_v02,2,False,1779,right,sand,0.1,3,76,219.49583435058594,415.02154541015625,-1,-1,1.1482166261065528e-05,0.023789096483663126,0.9761994213500759,1.4595379192499384e-21,0.6732344336839069
1,1,high_normal,ice_native_0p15_v02,2,False,2839,left,ice,0.15,3,149,22.211122512817383,202.39654541015625,-1,638,0.0006518556063971762,9.953572460135187e-11,0.9767505853751147,0.022597558918952352,0.2411868068439389
1,1,high_normal,ice_native_0p15_v02,2,False,479,left,ice,0.15,2,20,122.43038940429688,298.4329528808594,-1,33,2.840858932016433e-07,2.731322547591558e-10,0.9769161259914511,0.023083589649523416,0.2776564717839589
1,1,high_normal,ice_native_0p15_v02,2,False,2569,left,ice,0.15,3,53,476.85211181640625,0.0,-1,368,5.4872570738231836e-08,0.021041364753247322,0.9789510594516057,7.520922576338123e-06,0.00030377302712302206
1,1,high_normal,sand_solref_interpolation_5of6_stronger_v2_0p20_v02,2,False,1289,right,sand,0.2,4,187,324.06591796875,950.0818481445312,-1,-1,1.3563501665288754e-15,8.796914208496537e-14,0.9797347280762209,0.020265271923689782,0.1892151337336955
1,1,high_normal,ice_native_0p20_v02,2,False,1489,left,ice,0.2,3,118,217.271728515625,0.0,-1,1019,1.1970507192545218e-05,0.01925163264303794,0.980128423759642,0.000607973090127614,0.9997758641799722
1,1,high_normal,ice_native_0p20_v02,2,False,1449,left,ice,0.2,3,78,313.2294921875,0.0,-1,979,7.439239763786533e-07,0.018655543385005108,0.9812151274324896,0.0001285852585290836,0.635561614178183
1,1,high_normal,ice_native_0p20_v02,2,False,1499,left,ice,0.2,3,128,223.87844848632812,0.0,-1,1029,2.2228690625160207e-05,0.017554833754589716,0.9820599233151586,0.00036301423962657357,0.999508530502042
1,1,high_normal,sand_solref_interpolation_3of4_stronger_v2_0p10_v02,2,False,1789,right,sand,0.1,3,57,110.01610565185547,436.5157470703125,-1,-1,3.0079099519336177e-05,0.014886541772173044,0.9850833791283076,7.277177397513033e-22,0.02127624400364455
1,1,high_normal,sand_solref_interpolation_2of3_0p20_v02,2,False,609,left,sand,0.2,3,326,411.24798583984375,351.8661804199219,528,-1,0.01386377564775605,3.4348031056482232e-09,0.9861362209043983,1.3042433717392154e-11,0.00033681488939798755
1,1,high_normal,ice_native_0p20_v02,2,False,919,right,ice,0.2,2,17,48.97756576538086,258.30291748046875,-1,473,8.3045252987516e-09,0.013760599422147588,0.9862392877792061,1.0449412089091707e-07,0.0003221747380150601
1,1,high_normal,sand_solref_interpolation_5of6_stronger_v2_0p20_v02,2,False,1169,right,sand,0.2,3,67,264.1890869140625,425.3467102050781,-1,-1,7.572674200886444e-07,0.012718507200034958,0.9872807355325449,9.187590863825443e-22,0.7947861833484285
1,1,high_normal,sand_solref_interpolation_2of3_0p20_v02,2,False,1169,right,sand,0.2,3,57,265.08294677734375,444.8338928222656,-1,-1,4.379458194321422e-08,0.01266742186629393,0.9873325343391242,1.329582527451188e-25,0.17595061474400378
1,1,high_normal,sand_solref_interpolation_5of6_stronger_v2_0p20_v02,2,False,1159,right,sand,0.2,3,57,94.0451431274414,392.66290283203125,-1,-1,1.133083672026098e-06,0.012128473182493703,0.9878703937338342,1.3351086459254253e-23,0.15475471019868617
1,1,high_normal,ice_native_0p20_v02,2,False,1519,left,ice,0.2,3,148,329.36370849609375,0.0,-1,1049,1.6009007038139123e-05,0.01157737435478322,0.9883175579860777,8.905865210105482e-05,0.999930903573213
1,1,high_normal,sand_solref_interpolation_3of4_stronger_v2_0p20_v02,2,False,1169,right,sand,0.2,3,62,262.6293640136719,434.4393310546875,-1,-1,1.5621894417089317e-07,0.011336505651876546,0.9886633381291793,6.646824347982843e-24,0.46984013778435635
1,1,high_normal,ice_native_0p20_v02,2,False,2819,left,ice,0.2,2,18,194.93539428710938,0.0,-1,2349,5.437533474876982e-08,2.882334556262381e-14,0.9905906635877246,0.009409282036911893,0.4367923120956363
1,1,high_normal,ice_native_0p20_v02,2,False,2039,left,ice,0.2,3,82,419.10955810546875,64.99590301513672,-1,1569,2.6173655132975907e-12,0.009005806442781913,0.9909931652001953,1.0283544053145684e-06,0.920608026595049
1,1,high_normal,ice_native_0p15_v02,2,False,2799,right,ice,0.15,3,48,167.3966522216797,153.7569122314453,-1,281,1.4696660500556902e-07,0.008736203917243208,0.9911813203700538,8.23287460980044e-05,0.9995934692822881
1,1,high_normal,ice_native_0p15_v02,2,False,779,left,ice,0.15,3,61,470.7566223144531,0.0,-1,333,9.719353499687413e-11,0.008681720804351522,0.9912906733836935,2.760571476142348e-05,0.29575015822338224
1,1,high_normal,ice_native_0p10_v02,2,False,689,right,ice,0.1,3,38,271.00775146484375,0.0,-1,7,1.7091947272346354e-13,3.253464458841732e-17,0.9915508216310747,0.008449178368754506,0.9939028790397035
1,1,high_normal,ice_native_0p10_v02,2,False,2159,right,ice,0.1,2,29,80.63102722167969,206.2677001953125,-1,235,1.561880143880394e-11,0.00842286991971955,0.9915771300578718,6.789786551428631e-12,0.9269469092680577
1,1,high_normal,ice_native_0p10_v02,2,False,1279,right,ice,0.1,3,35,312.3269958496094,0.0,-1,35,1.0420757800087665e-06,2.127286410646811e-09,0.9923882706755394,0.0076106851213940535,0.7457448049241543
1,1,high_normal,ice_native_0p20_v02,2,False,2529,right,ice,0.2,2,30,257.5660095214844,0.0,-1,147,7.564839343803163e-08,2.024743182857894e-05,0.9940972878011477,0.005882389118630177,2.6784953113944063e-08
1,1,high_normal,ice_native_0p10_v02,2,False,1269,right,ice,0.1,2,25,315.6250915527344,0.0,-1,25,1.2389946188650332e-05,8.405777048332646e-07,0.9942422745436701,0.005744494932436451,0.5974555927405429
1,1,high_normal,ice_native_0p15_v02,2,False,849,left,ice,0.15,2,16,284.8648376464844,0.0,-1,403,5.615677896831049e-13,3.7917343925528197e-05,0.995397116546195,0.004564966109317684,0.9995914283138122
1,1,high_normal,ice_native_0p15_v02,2,False,699,right,ice,0.15,4,46,273.14080810546875,0.0,-1,46,1.0238853794743526e-12,1.1510499986457154e-17,0.9954127249144272,0.004587275084548907,0.9155057379294517
1,1,high_normal,ice_native_0p20_v02,2,False,2189,left,ice,0.2,4,47,119.54508209228516,42.46290969848633,-1,1719,3.649320179632091e-06,0.0034885199226599483,0.9955368768814163,0.0009709538757440248,0.0004187747716885638
1,1,high_normal,ice_native_0p20_v02,2,False,1749,right,ice,0.2,3,116,465.35064697265625,0.0,-1,496,9.034877571863693e-09,1.3975201548781147e-12,0.9955848128214706,0.0044151781422544474,0.9851654315653571
1,1,high_normal,ice_native_0p20_v02,2,False,2859,left,ice,0.2,2,20,201.501708984375,696.7760009765625,-1,2389,1.210321138063297e-14,2.6490620964127767e-20,0.995631906792223,0.0043680932077648435,0.9998536344063672
1,1,high_normal,ice_native_0p20_v02,2,False,2699,left,ice,0.2,3,54,417.28411865234375,0.0,-1,2229,1.5426345618394302e-11,6.20176363526121e-07,0.9958292878333135,0.004170091974896795,0.9999522825117168
1,1,high_normal,ice_native_0p20_v02,2,False,1739,right,ice,0.2,3,106,540.9814453125,0.0,-1,486,1.076632283487788e-07,5.940105512695235e-12,0.9960325293213546,0.003967363009476997,0.9878639697150868
1,1,high_normal,ice_native_0p15_v02,2,False,1089,left,ice,0.15,2,14,85.8544921875,317.8485107421875,-1,643,0.0002948121728248784,5.2762301756472446e-08,0.9961524658363188,0.0035526692285544896,5.186780749442687e-05
1,1,high_normal,ice_native_0p15_v02,2,False,1099,left,ice,0.15,2,24,84.16018676757812,306.4666748046875,-1,653,0.00021210252352455583,1.2292085786676906e-07,0.9969700227177152,0.0028177518379023207,4.305443397306588e-05
1,1,high_normal,ice_native_0p20_v02,2,False,1089,left,ice,0.2,4,39,81.69120025634766,324.7992858886719,-1,619,9.489362823670619e-06,2.9249155250729417e-09,0.9970694554403757,0.002921052271885074,0.1630861520530473
1,1,high_normal,ice_native_0p15_v02,2,False,2849,left,ice,0.15,3,159,90.97976684570312,244.64205932617188,-1,648,0.0004526802315899747,4.508382457621651e-12,0.9970782147134379,0.0024691050504635627,0.013359756507723267
1,1,high_normal,ice_native_0p20_v02,2,False,2559,right,ice,0.2,2,29,203.00772094726562,0.0,-1,177,1.6943087027879374e-08,3.0481612053395915e-08,0.9971375310628826,0.002862421512418343,1.3887106461201479e-08
1,1,high_normal,ice_native_0p10_v02,2,False,1289,right,ice,0.1,3,45,297.14288330078125,0.0,-1,45,5.9576956684267166e-08,6.866478401715165e-11,0.9973153328504989,0.002684607503879692,0.8949606847296312
1,1,high_normal,ice_native_0p15_v02,2,False,829,left,ice,0.15,4,111,376.87762451171875,0.0,-1,383,7.786615542632495e-15,3.7435871838304176e-09,0.9977943219067884,0.0022056743496165617,0.9998969617746102
1,1,high_normal,ice_native_0p20_v02,2,False,1309,right,ice,0.2,2,12,290.05889892578125,0.0,-1,56,8.78114776662626e-11,8.067580064359633e-13,0.9981210070990126,0.0018789928123691916,0.00043881674036868495
1,1,high_normal,ice_native_0p15_v02,2,False,799,left,ice,0.15,3,81,551.2227783203125,0.0,-1,353,3.5509363393661576e-13,0.0017716266978830973,0.9982281291298063,2.441719555056632e-07,0.45672243449189814
1,1,high_normal,ice_native_0p20_v02,2,False,1109,left,ice,0.2,2,19,41.404991149902344,401.23626708984375,-1,639,0.0010854580793475213,2.641364604646684e-10,0.9984755439760769,0.0004389976804391783,1.293058932836952e-09
1,1,high_normal,ice_native_0p15_v02,2,False,1959,right,ice,0.15,2,25,281.3603210449219,0.0,-1,25,1.764077034240219e-10,2.5713511579407285e-17,0.9986446126218452,0.0013553872017471036,0.9999996447316913
1,1,high_normal,sand_solref_interpolation_2of3_0p20_v02,2,False,1279,right,sand,0.2,3,167,373.125732421875,720.1958618164062,-1,-1,5.2538347277995815e-18,1.3814855273489973e-21,0.9987912474662647,0.0012087525337352817,0.711653564077034
1,1,high_normal,ice_native_0p20_v02,2,False,2029,left,ice,0.2,3,72,448.0877380371094,62.98952865600586,-1,1559,4.750849245685427e-16,0.0010487149263859713,0.9989512557501962,2.9323417403531553e-08,0.8421021738777523
1,1,high_normal,sand_solref_interpolation_5of6_stronger_v2_0p10_v02,2,False,1769,right,sand,0.1,3,66,114.56412506103516,433.77496337890625,-1,-1,1.2107584426792191e-06,0.0010098508606369253,0.9989889383809204,6.600757581419162e-24,0.13075093117838277
1,1,high_normal,ice_native_0p20_v02,2,False,1459,left,ice,0.2,3,88,310.3482971191406,0.0,-1,989,1.1425026711810509e-06,0.0008147046253200841,0.9991748061034275,9.346768581326609e-06,0.7697926117155341
1,1,high_normal,sand_solref_interpolation_3of4_stronger_v2_0p10_v02,2,False,1929,right,sand,0.1,3,197,439.2033996582031,825.3841552734375,-1,-1,1.799570191158436e-07,1.740874106226046e-06,0.9993913401786487,0.0006067389902259224,0.6680930091802919
1,1,high_normal,ice_native_0p20_v02,2,False,1479,left,ice,0.2,3,108,264.08160400390625,0.0,-1,1009,2.5969122012040433e-05,0.00019303323375492956,0.9994458301081017,0.0003351675361313475,0.9994727814885415
1,1,high_normal,ice_native_0p20_v02,2,False,1699,right,ice,0.2,3,66,489.09613037109375,0.0,-1,446,8.269912250587943e-09,0.0005068583694544723,0.9994931149295203,1.8431112778856292e-08,0.0022762168295743005
1,1,high_normal,ice_native_0p15_v02,2,False,2789,right,ice,0.15,3,38,169.2093048095703,160.11123657226562,-1,271,3.671517085373202e-09,0.0004297958329470655,0.9995636544442967,6.5460512390661056e-06,0.9999969763743967
1,1,high_normal,ice_native_0p20_v02,2,False,2009,right,ice,0.2,2,23,67.98018646240234,509.7637939453125,-1,756,5.492370278563255e-10,4.706587389662687e-07,0.9996371624152389,0.0003623663767849749,0.05829662430427366
1,1,high_normal,ice_native_0p20_v02,2,False,2239,left,ice,0.2,2,13,149.30763244628906,55.453853607177734,-1,1769,2.1822495352855864e-07,0.00029772987189144635,0.9997020401117619,1.1791393161882024e-08,1.1377037427169678e-05
1,1,high_normal,ice_native_0p15_v02,2,False,679,right,ice,0.15,2,26,291.3143005371094,0.0,-1,26,5.943628209988727e-11,3.9722316579551104e-13,0.9997308438742304,0.0002691560659361074,0.8856797553869842
1,1,high_normal,ice_native_0p15_v02,2,False,669,right,ice,0.15,2,16,320.3464050292969,0.0,-1,16,3.084051854518309e-10,4.504972144977212e-12,0.9998031531889452,0.0001968464981446131,0.8857121941028778
1,1,high_normal,ice_native_0p15_v02,2,False,2639,left,ice,0.15,4,123,322.6298828125,0.0,-1,438,1.9901679178365547e-12,3.667603305040165e-08,0.9998167326212656,0.00018323070071114315,0.9469989219899406
1,1,high_normal,ice_native_0p20_v02,2,False,2989,right,ice,0.2,2,13,284.8140869140625,0.0,-1,13,1.0775259240805966e-11,9.768800098151565e-08,0.9998308037692821,0.00016909853194162428,0.9564173281057641
1,1,high_normal,ice_native_0p20_v02,2,False,1469,left,ice,0.2,3,98,262.6549377441406,0.0,-1,999,8.653487607682091e-06,6.790424923464142e-05,0.9998569771486236,6.64651145339525e-05,0.9843798272033271
1,1,high_normal,sand_solref_interpolation_3of4_stronger_v2_0p10_v02,2,False,1939,right,sand,0.1,3,207,345.13336181640625,767.9237670898438,-1,-1,4.699952718597278e-09,2.029089675994728e-06,0.9998671311391188,0.0001308350712525574,0.34345823859899877
1,1,high_normal,ice_native_0p20_v02,2,False,789,left,ice,0.2,3,69,543.4017944335938,0.0,-1,319,1.0616088648321175e-13,0.0001200450871780191,0.999879776302539,1.786101769261658e-07,0.023108196194443452
1,1,high_normal,ice_native_0p20_v02,2,False,1969,right,ice,0.2,2,16,12.178335189819336,835.9179077148438,-1,716,5.635142766757218e-12,3.334361570458473e-18,0.9998976681224877,0.00010233187187726915,0.9999730039675379
1,1,high_normal,ice_native_0p15_v02,2,False,2579,left,ice,0.15,3,63,445.4118957519531,0.0,-1,378,7.741363035741705e-09,7.945069486754966e-05,0.9999197881550016,7.534087679371766e-07,0.00018225934617511607
1,1,high_normal,ice_native_0p15_v02,2,False,689,right,ice,0.15,3,36,279.7100830078125,0.0,-1,36,1.2784964381123616e-13,3.719754800446563e-17,0.9999227157161384,7.728428373374116e-05,0.98543041700507
1,1,high_normal,ice_native_0p20_v02,2,False,819,left,ice,0.2,4,99,417.8837585449219,0.0,-1,349,1.3191308284507086e-15,8.039784428853398e-09,0.9999374468398129,6.254512040140433e-05,0.815380841458138
1,1,high_normal,ice_native_0p20_v02,2,False,2019,left,ice,0.2,3,62,468.5680236816406,69.27344512939453,-1,1549,1.5179454318547902e-15,1.3302476491997677e-05,0.9999389545675165,4.774295599000996e-05,0.48386976651876024
1,1,high_normal,ice_native_0p20_v02,2,False,1289,right,ice,0.2,2,16,320.1528015136719,0.0,-1,36,2.2467977789311837e-10,8.327915708873834e-11,0.9999392400954943,6.075959654672401e-05,0.000762498215843537
1,1,high_normal,ice_native_0p15_v02,2,False,2679,right,ice,0.15,2,13,48.55698776245117,276.06158447265625,-1,161,1.567265493551493e-08,1.866584501094123e-05,0.9999566811756099,2.4637306724332302e-05,4.838449317357693e-05
1,1,high_normal,ice_native_0p20_v02,2,False,1689,right,ice,0.2,3,56,521.80859375,56.978668212890625,-1,436,4.2308065180302356e-11,4.281638986254094e-05,0.9999571831880583,3.797710567496224e-10,0.09045961417402681
1,1,high_normal,ice_native_0p15_v02,2,False,2229,left,ice,0.15,2,15,162.8307342529297,152.8890380859375,-1,28,1.5854235003874728e-11,1.095503643514514e-07,0.9999589906784329,4.089975534843371e-05,0.0023420182436501686
1,1,high_normal,ice_native_0p20_v02,2,False,1119,left,ice,0.2,2,29,43.069881439208984,371.69464111328125,-1,649,2.2049417922613605e-05,1.2988403986086137e-05,0.9999646298390583,3.323390330094666e-07,2.2698204848075398e-08
1,1,high_normal,ice_native_0p20_v02,2,False,799,left,ice,0.2,3,79,546.4771118164062,0.0,-1,329,4.801438394014072e-14,3.1199677248494655e-05,0.9999682907828562,5.095398472749692e-07,0.2769488684272231
1,1,high_normal,ice_native_0p10_v02,2,False,1099,left,ice,0.1,2,13,77.09315490722656,322.3045349121094,-1,124,1.1200012394301175e-05,5.875874657663787e-06,0.9999699782614022,1.2945851545929741e-05,2.900477445258377e-06
1,1,high_normal,ice_native_0p20_v02,2,False,1679,right,ice,0.2,3,46,412.984619140625,141.79539489746094,-1,426,3.373478008020468e-13,2.7347020844537123e-05,0.999972652978818,2.3828497927351152e-17,0.16003193767437582
1,1,high_normal,ice_native_0p20_v02,2,False,2249,left,ice,0.2,2,23,156.94363403320312,53.98122787475586,-1,1779,6.810259682104284e-08,2.505092506310888e-05,0.9999747928646738,8.81076661046587e-08,3.3992409898736322e-06
1,1,high_normal,sand_solref_interpolation_3of4_stronger_v2_0p10_v02,2,False,1949,right,sand,0.1,3,217,4.778975486755371,1006.9649658203125,-1,-1,8.267312484165886e-23,2.2829981105453323e-05,0.9999771700188946,3.963616200949267e-18,0.9985749600310208
1,1,high_normal,ice_native_0p20_v02,2,False,1669,right,ice,0.2,3,36,452.1171875,148.95156860351562,-1,416,5.2549581794621635e-14,2.1036435367642325e-05,0.9999789635645797,8.378881943226338e-20,0.11400698569420875
1,1,high_normal,sand_solref_interpolation_3of4_stronger_v2_0p20_v02,2,False,1289,right,sand,0.2,4,182,168.58267211914062,1060.612548828125,-1,-1,1.1139537215935025e-17,1.8282389373367087e-12,0.9999800267413782,1.997325679344193e-05,0.7805223502649243
1,1,high_normal,ice_native_0p20_v02,2,False,1509,left,ice,0.2,3,138,363.9208984375,0.0,-1,1039,2.7917284881276823e-07,1.5729382865673733e-05,0.9999835373108626,4.541334230115994e-07,0.9999953456297083
1,1,high_normal,ice_native_0p15_v02,2,False,819,left,ice,0.15,3,101,418.6870422363281,0.0,-1,373,1.1182718527754353e-15,6.125820373725378e-10,0.9999914141446063,8.585242810574393e-06,0.9991567141540187
1,1,high_normal,ice_native_0p20_v02,2,False,1729,right,ice,0.2,3,96,579.2005004882812,0.0,-1,476,1.3732441815538577e-08,8.545944715743274e-13,0.9999916926786059,8.293588097853903e-06,0.9688198606121667
1,1,high_normal,ice_native_0p20_v02,2,False,1759,right,ice,0.2,3,126,397.5188903808594,0.0,-1,506,5.775732754009426e-14,6.630406884664882e-20,0.9999954650921833,4.534907758873123e-06,0.9989173155606378
1,1,high_normal,ice_native_0p20_v02,2,False,1719,right,ice,0.2,3,86,565.2471313476562,0.0,-1,466,2.0650374507923746e-06,2.4859146660951037e-09,0.9999955646099336,2.3678667010751183e-06,0.11855281814791183
1,1,high_normal,ice_native_0p15_v02,2,False,2619,left,ice,0.15,3,103,383.40167236328125,0.0,-1,418,2.4956083698750044e-15,1.001491292155511e-11,0.9999963792024562,3.6207875262961646e-06,0.7341254017062722
1,1,high_normal,ice_native_0p15_v02,2,False,789,left,ice,0.15,3,71,552.5360107421875,0.0,-1,343,4.345244964846946e-15,3.230429470822331e-06,0.9999967530091399,1.656138490799906e-08,0.47940209787331933
1,1,high_normal,ice_native_0p20_v02,2,False,1769,right,ice,0.2,4,136,387.8362731933594,0.0,-1,516,2.935285054644333e-14,8.73592814808858e-21,0.9999971910645717,2.808935398965711e-06,0.9248010695461771
1,1,high_normal,ice_native_0p20_v02,2,False,2769,left,ice,0.2,2,30,176.02272033691406,0.0,-1,2299,2.7620874093277726e-12,3.15115140437399e-14,0.9999981513082734,1.848688933176089e-06,0.9996725232804852
1,1,high_normal,ice_native_0p20_v02,2,False,2049,left,ice,0.2,3,92,34.979366302490234,70.86443328857422,-1,1579,3.667823172682197e-15,7.180354875269003e-07,0.9999988604573808,4.2150712782637183e-07,0.7934588651897586
1,1,high_normal,ice_native_0p20_v02,2,False,1709,right,ice,0.2,3,76,596.600830078125,0.0,-1,456,9.767301729663156e-08,6.71525883236399e-10,0.9999996080314284,2.9362402843076433e-07,0.34793706207374586
1,1,high_normal,ice_native_0p20_v02,2,False,2689,left,ice,0.2,3,44,420.1065368652344,0.0,-1,2219,5.2526447018725925e-15,2.3245668228507589e-07,0.9999997663076934,1.235619140210768e-09,0.7139078935883397
1,1,high_normal,ice_native_0p20_v02,2,False,2719,left,ice,0.2,4,74,344.30999755859375,0.0,-1,2249,9.882467866831685e-12,2.374431119664558e-15,0.999999799774035,2.0021608018258184e-07,0.9998744276810183
1,1,high_normal,ice_native_0p15_v02,2,False,1949,right,ice,0.15,2,15,284.8966369628906,0.0,-1,15,2.204321900796479e-12,9.832389912525078e-19,0.9999998320912025,1.6790659336129142e-07,0.9999999674454927
1,1,high_normal,ice_native_0p15_v02,2,False,2599,left,ice,0.15,3,83,507.14678955078125,0.0,-1,398,2.2142862686970414e-12,1.5040096729314387e-07,0.9999998396738585,9.922960018165514e-09,0.0195132080857957
1,1,high_normal,ice_native_0p10_v02,2,False,1109,left,ice,0.1,2,23,19.9100284576416,391.3218078613281,-1,134,8.93202147709023e-08,5.5976993806460704e-08,0.9999998527099424,1.992848859612576e-09,1.834173945919674e-08
1,1,high_normal,sand_solref_interpolation_2of3_0p20_v02,2,False,1289,right,sand,0.2,4,177,325.86273193359375,1144.2734375,-1,-1,8.151009330902594e-19,6.835991123885021e-13,0.9999998661905144,1.3380880189194737e-07,0.864740202961424
1,1,high_normal,ice_native_0p15_v02,2,False,2629,left,ice,0.15,3,113,238.37535095214844,0.0,-1,428,1.670304123135007e-15,4.099008217402723e-08,0.9999999464798508,1.2530065373526518e-08,0.04771511210845408
1,1,high_normal,ice_native_0p15_v02,2,False,2589,left,ice,0.15,3,73,494.16705322265625,0.0,-1,388,3.3363384115774563e-14,3.587911589463164e-08,0.9999999560160197,8.104831210567475e-09,0.005427131820077141
1,1,high_normal,ice_native_0p20_v02,2,False,2759,left,ice,0.2,2,20,231.03314208984375,0.0,-1,2289,2.7634168588580093e-13,1.265519837728565e-14,0.9999999757414121,2.4258298744246575e-08,0.9999638658741696
1,1,high_normal,ice_native_0p20_v02,2,False,809,left,ice,0.2,3,89,485.675048828125,0.0,-1,339,1.401759014585812e-18,4.465708614465592e-11,0.9999999774722043,2.2483138614610625e-08,0.8426406330042961
1,1,high_normal,ice_native_0p15_v02,2,False,809,left,ice,0.15,3,91,480.5064697265625,0.0,-1,363,4.1822362051976e-18,5.2927910178265875e-11,0.9999999914768692,8.47020282043726e-09,0.9793696768294985
1,1,high_normal,ice_native_0p20_v02,2,False,2709,left,ice,0.2,3,64,348.6492919921875,0.0,-1,2239,5.094827382047386e-13,4.808154799335728e-14,0.9999999921094974,7.889945137822096e-09,0.9984750680411829
1,1,high_normal,ice_native_0p15_v02,2,False,2609,left,ice,0.15,3,93,449.15771484375,0.0,-1,408,3.2801595290950153e-16,9.584172870993852e-13,0.9999999949434561,5.055585026240608e-09,0.4577255701525047
1,1,high_early_precursor,sand_solref_interpolation_2of3_0p20_v02,2,False,729,left,sand,0.2,3,446,324.82513427734375,474.3149719238281,408,-1,0.33740315287656225,0.0020685726724302598,0.6605194626409674,8.811810039960556e-06,0.000924854620783923
1,1,high_early_precursor,sand_solref_interpolation_3of4_stronger_v2_0p10_v02,2,False,1819,left,sand,0.1,3,892,369.2065734863281,213.4871368408203,129,-1,0.00013311532155981366,0.33428492785703484,0.6655819389457142,1.7875691173519336e-08,0.7054848534393838
1,1,high_early_precursor,sand_solref_interpolation_3of4_stronger_v2_0p20_v02,2,False,749,left,sand,0.2,3,469,288.57037353515625,475.641845703125,233,-1,0.30707390424578945,0.02174547505723973,0.6710787815416579,0.00010183915531290429,0.001716424125838968
1,1,high_early_precursor,sand_solref_interpolation_3of4_stronger_v2_0p20_v02,2,False,759,left,sand,0.2,3,479,270.6481018066406,474.20965576171875,223,-1,0.24442477606395752,0.08412510387937376,0.6713957371409907,5.438291567815504e-05,0.0023957210423838104
1,1,high_early_precursor,sand_solref_interpolation_2of3_0p10_v02,2,False,1849,right,sand,0.1,3,91,228.00881958007812,229.4831085205078,113,-1,0.10082579777688862,0.22737706845905947,0.6717829832300777,1.4150533974267563e-05,0.9248463108865855
1,1,high_early_precursor,sand_solref_interpolation_3of4_stronger_v2_0p20_v02,2,False,739,left,sand,0.2,3,459,281.4232177734375,472.4202880859375,243,-1,0.30115956326726356,0.0011352027676447992,0.6976263183981654,7.891556692639019e-05,0.003248377995041449
1,1,high_early_precursor,sand_solref_interpolation_3of4_stronger_v2_0p20_v02,2,False,589,left,sand,0.2,3,309,415.6612548828125,103.50286865234375,393,-1,0.2659338272474448,5.514984580662183e-07,0.7340655657565233,5.5497573888562395e-08,2.195209692352815e-07
1,1,high_early_precursor,sand_solref_interpolation_2of3_0p20_v02,2,False,759,left,sand,0.2,3,476,296.59954833984375,481.1756591796875,378,-1,0.10330743354813428,0.14674030143873398,0.7499502347596921,2.0302534395930396e-06,0.001428500737892582
1,1,high_early_precursor,ice_native_0p10_v02,2,False,989,right,ice,0.1,2,17,283.0511474609375,163.99375915527344,108,307,1.8612896351985955e-10,0.18271411356182538,0.8172858662301307,2.002191501618686e-08,0.7149904642249134
1,1,high_early_precursor,sand_solref_interpolation_3of4_stronger_v2_0p20_v02,2,False,609,left,sand,0.2,3,329,392.66217041015625,349.70684814453125,373,-1,0.17238657472155478,2.147718488250916e-08,0.8276134007143093,3.0869510391662235e-09,1.1057117899103912e-07
1,1,high_early_precursor,sand_solref_interpolation_2of3_0p20_v02,2,False,749,left,sand,0.2,3,466,314.5826416015625,480.78570556640625,388,-1,0.12322547713143456,0.042651427527623145,0.8341200941662023,3.001174740100843e-06,0.0010916763267119984
1,1,high_early_precursor,sand_solref_interpolation_2of3_0p20_v02,2,False,739,left,sand,0.2,3,456,307.73223876953125,477.40606689453125,398,-1,0.11728600254581713,0.0025068232900787046,0.8802049231593181,2.2510047860831756e-06,0.0017921685878783337
1,1,high_early_precursor,sand_solref_interpolation_3of4_stronger_v2_0p10_v02,2,False,1829,left,sand,0.1,3,902,316.48565673828125,204.9818572998047,119,-1,0.00041693458512508867,0.09859480931624459,0.9009855044831668,2.7516154633337114e-06,0.9965412363183999
1,1,high_early_precursor,ice_native_0p20_v02,2,False,989,right,ice,0.2,2,19,293.2742919921875,176.61045837402344,103,543,5.366020935537793e-11,0.0928189703471384,0.9071810210075651,8.591636289101396e-09,0.9736728417099207
1,1,high_early_precursor,ice_native_0p10_v02,2,False,799,left,ice,0.1,3,78,557.2269287109375,0.0,132,343,1.0094083717645795e-13,0.06551517048785864,0.9344770045239614,7.824988078831623e-06,0.5879386608010246
1,1,high_early_precursor,ice_native_0p10_v02,2,False,2189,right,ice,0.1,2,26,233.95526123046875,205.80593872070312,134,265,2.0006734895911538e-14,0.035140926250094524,0.964859073749882,3.410217798638175e-15,0.86734885983952
1,1,high_early_precursor,ice_native_0p10_v02,2,False,2209,right,ice,0.1,3,46,205.9669189453125,171.9556121826172,114,285,4.191157667971968e-12,0.02319735944605251,0.9768026392539338,1.2958224885132854e-09,0.9933790976995479
1,1,high_early_precursor,sand_solref_interpolation_3of4_stronger_v2_0p20_v02,2,False,619,left,sand,0.2,3,339,353.65283203125,318.80322265625,363,-1,0.022397378836830985,2.6397787182892917e-07,0.9776023571171075,6.818975717965962e-11,8.692033994482618e-05
1,1,high_early_precursor,sand_solref_interpolation_3of4_stronger_v2_0p10_v02,2,False,1839,left,sand,0.1,3,912,313.8025207519531,177.21786499023438,109,-1,0.00047229230963862726,0.021222216514489592,0.9782987740889243,6.717086947475354e-06,0.9995225518905861
1,1,high_early_precursor,ice_native_0p15_v02,2,False,999,right,ice,0.15,2,28,266.6575012207031,133.913330078125,101,346,9.032772321718972e-11,0.010014316051585368,0.9899856832336598,6.244272707668355e-10,0.986967092635648
1,1,high_early_precursor,ice_native_0p10_v02,2,False,789,left,ice,0.1,3,68,563.4151611328125,0.0,142,333,6.193329210419938e-15,0.0035603872834554778,0.996439277929822,3.347867161172426e-07,0.2472742659181724
1,1,high_early_precursor,ice_native_0p10_v02,2,False,819,left,ice,0.1,3,98,419.05938720703125,0.0,112,363,3.618033982664009e-17,4.763005211605474e-09,0.9974097096015976,0.0025902856353973488,0.9899627804411808
1,1,high_early_precursor,ice_native_0p10_v02,2,False,829,left,ice,0.1,3,108,381.2339782714844,0.0,102,373,4.703306246662725e-18,5.828503493261786e-10,0.9989180207925719,0.0010819786245777866,0.9996473282397379
1,1,high_early_precursor,ice_native_0p10_v02,2,False,2179,right,ice,0.1,2,16,270.57147216796875,178.6049346923828,144,255,2.2891331471575123e-16,0.0010806337642917188,0.9989193662357074,6.929021514271525e-16,0.965759816039881
1,1,high_early_precursor,ice_native_0p15_v02,2,False,989,right,ice,0.15,2,18,324.16546630859375,170.52992248535156,111,336,2.7428751504137876e-11,0.0005449618143304265,0.9994550350289091,3.1293318356243725e-09,0.9993833067347877
1,1,high_early_precursor,ice_native_0p10_v02,2,False,2199,right,ice,0.1,3,36,210.19908142089844,187.6295166015625,124,275,4.362857002291645e-15,4.5479387913267185e-05,0.9999545206097195,2.36280781160545e-12,0.999945578226256
1,1,high_early_precursor,ice_native_0p10_v02,2,False,2219,right,ice,0.1,3,56,197.20144653320312,162.25222778320312,104,295,2.5278519987098356e-09,5.658137321387927e-06,0.9999941209539168,2.1838090980390543e-07,0.9954557627349125
1,1,high_early_precursor,ice_native_0p10_v02,2,False,809,left,ice,0.1,3,88,484.77197265625,0.0,122,353,1.8753449118889243e-19,8.148628369476296e-11,0.9999994694200618,5.304984518269286e-07,0.9895629126998997
1,1,wrong_foot,sand_solref_interpolation_3of4_stronger_v2_0p20_v02,2,False,1179,right,sand,0.2,3,72,248.5150146484375,387.4847412109375,-1,-1,3.0853675670682606e-06,0.14428775003836133,0.8557091645940715,2.0245632941403556e-20,0.9837950479076263
1,1,wrong_foot,sand_solref_interpolation_2of3_0p20_v02,2,False,1289,right,sand,0.2,4,177,325.86273193359375,1144.2734375,-1,-1,8.151009330902594e-19,6.835991123885021e-13,0.9999998661905144,1.3380880189194737e-07,0.864740202961424
1,1,wrong_foot,sand_solref_interpolation_3of4_stronger_v2_0p20_v02,2,False,1219,right,sand,0.2,3,112,226.06558227539062,251.360595703125,-1,-1,0.08836509458885793,0.031893738561694446,0.8768581548122512,0.0028830120371963986,0.9966086864091116
1,1,wrong_foot,sand_solref_interpolation_5of6_stronger_v2_0p10_v02,2,False,1799,right,sand,0.1,3,96,223.80838012695312,360.03155517578125,-1,-1,0.00023847734998901573,0.10954086644332602,0.8902206562066834,1.4481170991666046e-15,0.9944116259804869
1,1,wrong_foot,sand_solref_interpolation_2of3_0p20_v02,2,False,1189,right,sand,0.2,3,77,275.1383361816406,348.394287109375,-1,-1,2.6765879886032043e-06,0.1014608238455025,0.8985364995665088,2.156518184225704e-18,0.9905157299808999
1,1,wrong_foot,sand_solref_interpolation_5of6_stronger_v2_0p20_v02,2,False,1179,right,sand,0.2,3,77,242.05758666992188,376.53106689453125,-1,-1,1.3294401437278474e-05,0.0786117794595528,0.92137492613901,1.2126944096174276e-18,0.9947068882012137
1,1,wrong_foot,sand_solref_interpolation_2of3_0p20_v02,2,False,1219,right,sand,0.2,3,107,229.749267578125,265.2456359863281,-1,-1,0.0389470118296561,0.039025254896843664,0.9211391291345684,0.0008886041389318469,0.9955574437697102
1,1,wrong_foot,ice_native_0p10_v02,2,False,2159,right,ice,0.1,2,29,80.63102722167969,206.2677001953125,-1,235,1.561880143880394e-11,0.00842286991971955,0.9915771300578718,6.789786551428631e-12,0.9269469092680577
1,1,wrong_foot,sand_solref_interpolation_3of4_stronger_v2_0p20_v02,2,False,1189,right,sand,0.2,3,82,264.54913330078125,337.567626953125,-1,-1,1.1386885328206243e-05,0.06592915466836059,0.9340594584463111,4.5825638000919945e-17,0.9926824503152274
1,1,wrong_foot,sand_solref_interpolation_5of6_stronger_v2_0p20_v02,2,False,1189,right,sand,0.2,3,87,257.03350830078125,330.1954345703125,-1,-1,4.9889228386562005e-05,0.0351681372450245,0.9647819735265877,1.3717163188200301e-15,0.9955163908852921
1,1,wrong_foot,ice_native_0p10_v02,2,False,2179,right,ice,0.1,2,16,270.57147216796875,178.6049346923828,144,255,2.2891331471575123e-16,0.0010806337642917188,0.9989193662357074,6.929021514271525e-16,0.965759816039881
1,1,wrong_foot,ice_native_0p10_v02,2,False,2209,right,ice,0.1,3,46,205.9669189453125,171.9556121826172,114,285,4.191157667971968e-12,0.02319735944605251,0.9768026392539338,1.2958224885132854e-09,0.9933790976995479
1,1,wrong_foot,ice_native_0p10_v02,2,False,2219,right,ice,0.1,3,56,197.20144653320312,162.25222778320312,104,295,2.5278519987098356e-09,5.658137321387927e-06,0.9999941209539168,2.1838090980390543e-07,0.9954557627349125
1,1,wrong_foot,ice_native_0p20_v02,2,False,2859,left,ice,0.2,2,20,201.501708984375,696.7760009765625,-1,2389,1.210321138063297e-14,2.6490620964127767e-20,0.995631906792223,0.0043680932077648435,0.9998536344063672
1,1,wrong_foot,sand_solref_interpolation_3of4_stronger_v2_0p10_v02,2,False,1949,right,sand,0.1,3,217,4.778975486755371,1006.9649658203125,-1,-1,8.267312484165886e-23,2.2829981105453323e-05,0.9999771700188946,3.963616200949267e-18,0.9985749600310208
1,1,wrong_foot,ice_native_0p10_v02,2,False,2199,right,ice,0.1,3,36,210.19908142089844,187.6295166015625,124,275,4.362857002291645e-15,4.5479387913267185e-05,0.9999545206097195,2.36280781160545e-12,0.999945578226256
2,0,high_normal,ice_native_0p20_v00,0,False,2029,right,ice,0.2,2,21,259.4433288574219,0.0,-1,44,1.4713766622378272e-08,2.399945779090147e-08,0.6047581711522152,0.39524179013456046,0.9937378546729706
2,0,high_normal,ice_native_0p10_v03,3,False,539,right,ice,0.1,2,16,199.67430114746094,0.0,-1,-1,8.368069656786739e-06,0.0046884983980261885,0.6174206307026245,0.37788250282969243,0.5139952258043381
2,0,high_normal,ice_native_0p15_v03,3,False,2039,left,ice,0.15,2,15,204.84463500976562,123.73805236816406,-1,455,0.000937337992417309,0.00017351544097037695,0.6179227612180022,0.38096638534861016,0.8202754004570002
2,0,high_normal,ice_native_0p15_v03,3,False,719,right,ice,0.15,4,58,10.041879653930664,247.39076232910156,-1,-1,4.084868140882806e-05,3.972894334446233e-06,0.6202804118044537,0.37967476661980293,2.279306055914468e-08
2,0,high_normal,ice_native_0p20_v03,3,False,529,right,ice,0.2,3,220,253.03887939453125,0.0,-1,-1,6.183095377419755e-06,1.2995053510019476e-06,0.6244998828602093,0.37549263453906234,0.9974683140110522
2,0,high_normal,ice_native_0p15_v03,3,False,1749,right,ice,0.15,2,15,273.20147705078125,0.0,-1,822,0.0029569959993814717,0.0024815837732494062,0.6506684370447451,0.3438929831826242,0.3768793603550222
2,0,high_normal,ice_native_0p15_v03,3,False,519,right,ice,0.15,3,210,260.3354797363281,0.0,-1,-1,6.119293785183374e-09,1.6839538773885257e-07,0.6576566576314717,0.3423431678538468,0.9989678841402082
2,0,high_normal,ice_native_0p20_v03,3,False,1979,left,ice,0.2,3,171,252.81787109375,127.37828063964844,-1,476,1.1359157167304635e-06,0.004374333122035905,0.6688459035076628,0.3267786274545845,0.9960918084658846
2,0,high_normal,ice_native_0p15_v03,3,False,529,right,ice,0.15,4,220,253.56295776367188,0.0,-1,-1,9.732150591455745e-08,9.906262674250094e-08,0.6802740868792319,0.3197257167366355,0.9980892116901454
2,0,high_normal,ice_native_0p10_v03,3,False,849,right,ice,0.1,2,28,114.54484558105469,202.67431640625,-1,-1,0.001485574442210843,0.2251519804557492,0.6809802679888591,0.09238217711318082,0.0007620185183198768
2,0,high_normal,ice_native_0p15_v03,3,False,919,left,ice,0.15,2,11,136.32382202148438,196.06668090820312,-1,609,0.005580754005433999,6.148561903431318e-06,0.6814842189184386,0.3129288785142241,0.14357715865062284
2,0,high_normal,ice_native_0p10_v00,0,False,1129,right,ice,0.1,2,20,54.86274719238281,267.8199157714844,-1,184,1.4799142982269082e-07,4.5784689653976926e-08,0.6864162310290948,0.3135835751947858,0.00011756971096050133
2,0,high_normal,ice_native_0p15_v03,3,False,2139,right,ice,0.15,2,16,246.9149169921875,113.85490417480469,-1,1212,4.513393674307617e-06,0.29891140286084794,0.6972762888204297,0.0038077949250480115,0.9824951232062007
2,0,high_normal,ice_native_0p10_v03,3,False,639,left,ice,0.1,3,79,275.3330993652344,100.17984771728516,-1,249,1.6151770749754393e-05,0.30029498687387896,0.6996888136472863,4.770808490913522e-08,0.0015561493335406534
2,0,high_normal,ice_native_0p20_v00,0,False,1989,right,ice,0.2,3,229,297.6158447265625,0.0,-1,4,0.0002615977846984379,0.0016011550402183308,0.7036574478481268,0.29447979932695634,0.8925157525404728
2,0,high_normal,ice_native_0p10_v03,3,False,589,left,ice,0.1,2,29,223.59552001953125,168.27362060546875,-1,199,7.4327943160428255e-06,0.2865169397417681,0.7134754702240333,1.5723988239314536e-07,0.0058359267691666245
2,0,high_normal,ice_native_0p20_v03,3,False,859,left,ice,0.2,4,324,191.61611938476562,0.0,-1,552,0.015073541165032784,0.00016615163155416822,0.7149802140480468,0.26978009315536633,0.990918784682504
2,0,high_normal,ice_native_0p15_v03,3,False,979,right,ice,0.15,2,26,413.429443359375,62.968055725097656,-1,52,4.469814643092521e-10,0.008778896961312099,0.7386674238061669,0.25255367878553947,0.9208192410739396
2,0,high_normal,ice_native_0p15_v03,3,False,729,left,ice,0.15,3,174,350.6543884277344,4.32310676574707,-1,419,0.005607209309157111,0.2548680747939054,0.739437687579425,8.702831751265357e-05,0.0906928337599033
2,0,high_normal,ice_native_0p10_v03,3,False,859,left,ice,0.1,3,299,194.43450927734375,126.94877624511719,-1,469,0.0015796824433881745,0.004302228385991603,0.7442648116232957,0.24985327754732464,0.9978517075653024
2,0,high_normal,ice_native_0p15_v03,3,False,209,left,ice,0.15,2,14,279.558349609375,0.0,-1,15,1.9728557380425808e-11,2.519412301733939e-05,0.7458893364797916,0.25408546937746246,0.8716551377433644
2,0,high_normal,ice_native_0p20_v03,3,False,689,right,ice,0.2,2,28,108.9848403930664,389.0900573730469,-1,-1,3.720393073839503e-05,5.059210410621853e-07,0.7495587785588306,0.25040351158938984,6.054544707999841e-06
2,0,high_normal,ice_native_0p15_v00,0,False,1809,left,ice,0.15,3,83,152.9819793701172,27.01703453063965,-1,115,3.619839374164358e-07,1.7656080241740912e-08,0.7583587566770166,0.2416408636829656,0.6519573746283757
2,0,high_normal,ice_native_0p20_v03,3,False,1179,right,ice,0.2,3,33,284.1013488769531,0.0,-1,33,2.427419560300005e-07,1.0549888445378e-07,0.759023540340595,0.2409761114185644,0.9124958253449097
2,0,high_normal,ice_native_0p10_v03,3,False,349,right,ice,0.1,3,38,377.1448669433594,198.0129852294922,-1,-1,1.2093408521329408e-14,0.0024623615344214304,0.7636667060353656,0.23387093243020082,0.9993337999082397
2,0,high_normal,ice_native_0p20_v03,3,False,2019,left,ice,0.2,3,211,201.44619750976562,139.33663940429688,-1,516,2.3491025143666008e-07,0.009735141959823128,0.766192963137235,0.22407165999269055,0.9979460366715742
2,0,high_normal,ice_native_0p15_v03,3,False,2049,left,ice,0.15,2,25,190.87744140625,112.06053161621094,-1,465,0.0001234449381974837,4.3450766094472066e-05,0.7713931096196929,0.22843999467601517,0.9538303611959914
2,0,high_normal,ice_native_0p15_v03,3,False,869,left,ice,0.15,2,13,185.05538940429688,127.27183532714844,-1,559,0.03758281891503728,0.011581258855358973,0.7783954431700658,0.1724404790595379,0.3407087441043066
2,0,high_normal,ice_native_0p20_v00,0,False,819,right,ice,0.2,4,31,244.480224609375,0.0,-1,31,6.940300123808028e-05,0.19111621844993987,0.7908459007773143,0.017968477771507594,0.07421673492947585
2,0,high_normal,ice_native_0p20_v03,3,False,339,right,ice,0.2,2,30,414.846923828125,33.62014389038086,-1,-1,6.0670140783921516e-15,0.20454386822404552,0.7919783724029837,0.00347775937296474,0.42291266050192905
2,0,high_normal,ice_native_0p15_v03,3,False,1539,right,ice,0.15,3,47,347.379150390625,194.7629852294922,-1,612,1.0991061506765974e-14,0.0001483992912046929,0.793164961876287,0.20668663883249738,0.5791151552862284
2,0,high_normal,ice_native_0p15_v00,0,False,1709,right,ice,0.15,2,11,384.65716552734375,198.7864990234375,-1,203,1.8262673818367834e-06,0.10153568179674058,0.797196761565773,0.10126573037010465,0.00024545205315977254
2,0,high_normal,ice_native_0p15_v03,3,False,749,left,ice,0.15,3,194,308.537841796875,91.44133758544922,-1,439,0.016620653328330338,0.17732930377969913,0.8050694909337281,0.0009805519582424644,0.43196226641830016
2,0,high_normal,ice_native_0p15_v00,0,False,1739,left,ice,0.15,2,13,230.90382385253906,142.81637573242188,-1,45,3.0759894386653005e-13,8.428732721011496e-09,0.8102521346941306,0.189747856876829,0.19527530506045587
2,0,high_normal,ice_native_0p20_v03,3,False,559,left,ice,0.2,2,24,123.96237182617188,202.86500549316406,-1,252,2.976236282966439e-05,0.18809039543821532,0.8118795863080878,2.558908673248795e-07,0.001489568608317685
2,0,high_normal,ice_native_0p20_v00,0,False,2049,right,ice,0.2,3,41,344.9883117675781,0.0,-1,64,8.190011760013523e-09,4.316096242748781e-11,0.820716788636082,0.17928320313074544,0.999996640708556
2,0,high_normal,ice_native_0p20_v00,0,False,2069,right,ice,0.2,3,61,273.3532409667969,0.0,-1,84,3.360654590604716e-06,2.095178985734931e-10,0.8289609321948499,0.1710357069410417,0.9987631667139542
2,0,high_normal,ice_native_0p10_v03,3,False,1959,left,ice,0.1,3,150,329.0203857421875,28.933637619018555,-1,374,2.8322496388537383e-09,2.2081695518931165e-11,0.8300084568848334,0.16999154026083516,0.4574751940201436
2,0,high_normal,ice_native_0p10_v03,3,False,1229,right,ice,0.1,2,23,292.8130187988281,0.0,-1,79,1.0516279175254422e-05,5.319204084906768e-09,0.8312498677230585,0.1687396106785621,0.1379341763644317
2,0,high_normal,ice_native_0p15_v03,3,False,1529,right,ice,0.15,3,37,401.39654541015625,210.3023223876953,-1,602,8.162194069080245e-14,0.09749966762550398,0.8329294287373489,0.06957090363706558,0.03279555368873585
2,0,high_normal,ice_native_0p20_v03,3,False,1169,right,ice,0.2,2,23,289.0467834472656,0.0,-1,23,4.4086095352785093e-07,0.000131171482818322,0.8336872099112697,0.16618117774495864,0.17599890652065361
2,0,high_normal,ice_native_0p10_v03,3,False,619,left,ice,0.1,3,59,235.6806640625,127.52350616455078,-1,229,2.52079653965191e-06,0.1625200923853292,0.837477246456792,1.4036133919146214e-07,0.011003495351458238
2,0,high_normal,ice_native_0p20_v03,3,False,1949,left,ice,0.2,3,141,280.92083740234375,112.06001281738281,-1,446,9.288397885563905e-08,0.013233587624746485,0.8387568175728898,0.1480095019183849,0.9930051544433788
2,0,high_normal,ice_native_0p15_v03,3,False,639,left,ice,0.15,3,84,287.3745422363281,93.32920837402344,-1,329,9.780271108604102e-07,0.15641412343849795,0.843584892013181,6.521210151003706e-09,0.09633839533724299
2,0,high_normal,ice_native_0p10_v03,3,False,1949,left,ice,0.1,3,140,342.71417236328125,164.82901000976562,-1,364,3.6424478528677513e-10,1.3442747638968345e-10,0.8445112589022091,0.15548874059911846,0.7290947213205436
2,0,high_normal,ice_native_0p15_v03,3,False,2009,left,ice,0.15,3,235,225.38461303710938,29.368879318237305,-1,425,0.0002226641201435123,2.029205921744977e-05,0.8464756831533259,0.1532813606673131,0.9954293745073418
2,0,high_normal,ice_native_0p20_v03,3,False,1939,left,ice,0.2,3,131,296.4736633300781,123.23981475830078,-1,436,1.9834085197728812e-07,0.06135905355321422,0.8490566527728933,0.08958409533304043,0.9552625081149181
2,0,high_normal,ice_native_0p15_v00,0,False,2949,left,ice,0.15,3,36,228.06631469726562,86.18202209472656,-1,523,1.0547518441842942e-13,8.507151638412416e-15,0.8535632211628884,0.14643677883699763,0.5284124688282248
2,0,high_normal,ice_native_0p10_v03,3,False,1909,left,ice,0.1,3,100,212.0766143798828,19.8705997467041,-1,324,3.485467033371661e-11,0.12011786219702532,0.8557045738323259,0.024177563935794073,0.09816014450567549
2,0,high_normal,ice_native_0p15_v00,0,False,2829,left,ice,0.15,3,85,423.916259765625,0.0,-1,403,7.868369581274859e-10,4.505521068903717e-05,0.858137882404859,0.14181706159761504,0.8752605576746072
2,0,high_normal,ice_native_0p20_v03,3,False,879,left,ice,0.2,2,15,169.84719848632812,138.6807861328125,-1,572,0.013657293439366471,0.006308120556338368,0.8582857006528026,0.12174888535149254,0.3489257121790663
2,0,high_normal,ice_native_0p20_v00,0,False,1159,left,ice,0.2,4,53,245.3620147705078,51.04777908325195,-1,209,1.0444207619983867e-06,5.810313244474301e-11,0.8603607078106188,0.13963824771051617,0.4289283911424147
2,0,high_normal,ice_native_0p15_v03,3,False,629,left,ice,0.15,3,74,302.2970886230469,90.22905731201172,-1,319,4.966550764697759e-07,0.1355656174668674,0.8644338706350339,1.524302238386223e-08,0.0927479745624915
2,0,high_normal,ice_native_0p10_v03,3,False,849,left,ice,0.1,3,289,202.67431640625,114.54484558105469,-1,459,0.01828809434136166,0.024048969791398082,0.8672145598674036,0.09044837599983666,0.9983823680991668
2,0,high_normal,ice_native_0p20_v03,3,False,2049,left,ice,0.2,3,241,178.53631591796875,36.886173248291016,-1,546,0.00012783592151274916,0.0022840658806855974,0.8676504932708602,0.12993760492694162,0.5851581215337153
2,0,high_normal,ice_native_0p15_v00,0,False,2809,left,ice,0.15,3,65,498.71563720703125,0.0,-1,383,5.966767061865854e-09,0.12690466969563535,0.8719701447834063,0.0011251795541913341,0.060404032466800185
2,0,high_normal,ice_native_0p15_v00,0,False,2969,left,ice,0.15,3,56,208.8919219970703,113.57893371582031,-1,543,1.9388996673819575e-08,3.858480019440289e-12,0.8750722625556682,0.12492771805147664,0.743789347553118
2,0,high_normal,ice_native_0p20_v03,3,False,2939,left,ice,0.2,3,33,59.20737075805664,492.235595703125,-1,293,9.859573491224467e-09,5.5968199145423795e-05,0.876262416022641,0.1236816059186401,0.002437488705160029
2,0,high_normal,ice_native_0p15_v03,3,False,849,left,ice,0.15,4,294,202.1065216064453,33.363121032714844,-1,539,0.003116184077560316,0.0011062236803574062,0.8762733150220083,0.11950427722007394,0.9917922428088389
2,0,high_normal,ice_native_0p20_v03,3,False,1159,right,ice,0.2,2,13,312.2674560546875,0.0,-1,13,2.6885729962171012e-08,0.003374059970290975,0.8787133038266606,0.11791260931731863,0.1641115394773279
2,0,high_normal,ice_native_0p15_v00,0,False,1829,left,ice,0.15,3,103,133.1732177734375,40.39512252807617,-1,135,6.264923903509722e-05,2.7146741722479244e-06,0.8822957756744191,0.11763886041237355,0.8663003914016262
2,0,high_normal,ice_native_0p20_v03,3,False,1959,left,ice,0.2,3,151,271.63177490234375,125.577392578125,-1,456,6.997272742942928e-08,0.006962391173582342,0.8846886204793205,0.1083489183743697,0.9940413117904338
2,0,high_normal,ice_native_0p10_v03,3,False,829,left,ice,0.1,3,269,216.59471130371094,106.75074768066406,-1,439,0.014440063031940786,0.004228730356376173,0.8851571003536146,0.09617410625806846,0.9986413777438412
2,0,high_normal,ice_native_0p15_v03,3,False,659,left,ice,0.15,3,104,326.36114501953125,75.48274993896484,-1,349,4.139193245986081e-05,0.11378375429156866,0.8861748185299623,3.5246009182642184e-08,0.045033791680910096
2,0,high_normal,ice_native_0p15_v03,3,False,889,left,ice,0.15,2,13,133.93313598632812,54.66887283325195,-1,579,0.032181769108679266,0.0008997940014439804,0.8875435599938838,0.07937487689599294,0.18635684051935258
2,0,high_normal,ice_native_0p20_v00,0,False,579,left,ice,0.2,2,16,229.9597625732422,174.28048706054688,-1,43,1.3544439040149688e-18,3.799750350112278e-17,0.8904533882506459,0.10954661174935414,0.7484175914337721
2,0,high_normal,ice_native_0p15_v03,3,False,339,right,ice,0.15,2,30,416.81829833984375,222.35362243652344,-1,-1,7.005744486766609e-14,0.0344290588686325,0.8920300513922287,0.07354088973906871,0.9937202649836242
2,0,high_normal,ice_native_0p20_v03,3,False,679,right,ice,0.2,2,18,174.17437744140625,356.942138671875,-1,-1,3.212257173043994e-05,4.331351957198018e-05,0.8931078733214635,0.10681669058723411,2.7049797098897464e-05
2,0,high_normal,ice_native_0p10_v03,3,False,839,left,ice,0.1,3,279,210.40457153320312,27.422060012817383,-1,449,0.04725477899030475,0.03978371748451223,0.8946103614973696,0.018351142027813322,0.996964426547894
2,0,high_normal,ice_native_0p20_v00,0,False,589,left,ice,0.2,2,26,222.4346160888672,163.45216369628906,-1,53,2.592497110173351e-16,4.7302381932989394e-15,0.8951535382477898,0.10484646175220518,0.1346150594428074
2,0,high_normal,ice_native_0p10_v03,3,False,599,left,ice,0.1,3,39,200.53147888183594,159.9984588623047,-1,209,1.4771072190146785e-06,0.10268771529375466,0.897309378769675,1.4288293515131146e-06,0.004425597928254803
2,0,high_normal,ice_native_0p15_v03,3,False,2189,right,ice,0.15,3,66,509.86474609375,0.0,-1,1262,2.3545942563826596e-10,3.943745835539832e-05,0.8983330891383544,0.1016274731678307,0.9999593838336774
2,0,high_normal,ice_native_0p10_v03,3,False,819,right,ice,0.1,2,12,114.99774932861328,226.6927490234375,-1,-1,0.0011595069688201726,0.037346021201573834,0.8991644490664152,0.06233002276319069,2.3103349346763996e-05
2,0,high_normal,ice_native_0p10_v03,3,False,629,left,ice,0.1,3,69,278.57354736328125,98.44652557373047,-1,239,4.3275664246465354e-07,0.09711261913207184,0.902886939864259,8.247026553456595e-09,0.047539038953092215
2,0,high_normal,ice_native_0p10_v03,3,False,369,right,ice,0.1,3,58,348.3900146484375,215.9303436279297,-1,-1,7.245986525237203e-14,0.0013483127420811964,0.9058696984069954,0.09278198885085089,0.6957397782475032
2,0,high_normal,ice_native_0p15_v03,3,False,1909,left,ice,0.15,3,135,361.133056640625,42.923736572265625,-1,325,1.274825613018825e-07,0.0934942715492728,0.9065050133946294,5.875735365564887e-07,0.003286854016730289
2,0,high_normal,ice_native_0p10_v03,3,False,1819,right,ice,0.1,2,11,137.4046630859375,168.64817810058594,-1,106,0.00025703302523088817,4.461860267719549e-07,0.9069211376392087,0.09282138314953356,0.004398168197985845
2,0,high_normal,ice_native_0p20_v03,3,False,1929,left,ice,0.2,3,121,311.0458984375,111.49765014648438,-1,426,1.3260621136374154e-08,0.011903755243760908,0.9160706407787719,0.07202559071684618,0.8466714033181744
2,0,high_normal,ice_native_0p15_v03,3,False,2369,right,ice,0.15,3,246,280.04315185546875,0.0,-1,1442,2.319451075431835e-09,0.021461474222478908,0.9160751452657782,0.06246337819229206,0.756422769668283
2,0,high_normal,ice_native_0p15_v00,0,False,1129,right,ice,0.15,2,17,51.882652282714844,270.27294921875,-1,216,5.3781162027699294e-05,0.00025526163380919063,0.9161956752887007,0.08349528191546227,6.491438726455892e-08
2,0,high_normal,ice_native_0p15_v03,3,False,829,left,ice,0.15,3,274,218.20718383789062,104.17240905761719,-1,519,0.06795195922954919,0.007112550917178801,0.9191393806611073,0.005796109192164796,0.9897922909981548
2,0,high_normal,ice_native_0p20_v00,0,False,2019,right,ice,0.2,2,11,343.3311767578125,0.0,-1,34,3.815269099742431e-06,7.35150661268274e-05,0.9192475162925647,0.08067515337220856,0.8780833681147293
2,0,high_normal,ice_native_0p20_v00,0,False,2139,right,ice,0.2,2,11,202.9615020751953,0.0,-1,154,5.028201959886281e-05,1.190652206208007e-09,0.9198440502809356,0.08010566650881323,0.14621739970361847
2,0,high_normal,ice_native_0p10_v03,3,False,809,left,ice,0.1,3,249,233.06802368164062,104.37139129638672,-1,419,0.0008829159693482767,0.006159990811302658,0.922786430912166,0.07017066230718312,0.9988226998707848
2,0,high_normal,ice_native_0p15_v03,3,False,1729,right,ice,0.15,2,12,285.9329833984375,0.0,-1,802,0.00015769248072109585,0.0005356232499406211,0.924075006580284,0.07523167768905412,0.9172947768015404
2,0,high_normal,ice_native_0p10_v03,3,False,1219,right,ice,0.1,2,13,314.1060485839844,0.0,-1,69,2.1765464368145068e-05,2.3269612716829197e-09,0.9268089749203158,0.0731692572883548,0.3473085479815998
2,0,high_normal,ice_native_0p20_v03,3,False,2099,right,ice,0.2,2,18,48.15879440307617,103.25528717041016,-1,19,5.694905876330511e-07,0.06276402313638409,0.930338457864908,0.006896949508120203,0.29559728201448127
2,0,high_normal,ice_native_0p15_v00,0,False,2819,left,ice,0.15,3,75,443.475341796875,0.0,-1,393,3.6739469384391906e-09,0.0004163086034191257,0.9353413912091233,0.06424229651351061,0.43843340294534094
2,0,high_normal,ice_native_0p15_v03,3,False,829,right,ice,0.15,2,18,104.17240905761719,218.20718383789062,-1,-1,0.0005132746692305501,0.062281430989025194,0.9364807759585596,0.0007245183831847085,7.67729944389919e-05
2,0,high_normal,ice_native_0p15_v03,3,False,649,left,ice,0.15,3,94,343.1563720703125,69.9749755859375,-1,339,5.30555136736782e-06,0.0633151325404869,0.9366795534625236,8.445622216795952e-09,0.030173397066987056
2,0,high_normal,ice_native_0p10_v03,3,False,1199,right,ice,0.1,2,12,229.23655700683594,0.0,-1,49,4.0769463507049886e-06,3.3020931448887856e-07,0.9408545365827202,0.0591410562616145,0.30749095813075417
2,0,high_normal,ice_native_0p20_v03,3,False,549,left,ice,0.2,2,14,143.67376708984375,208.2327117919922,-1,242,1.0015825506564515e-05,0.05823284365512193,0.9417562269699383,9.135494331813661e-07,0.00026441365752856487
2,0,high_normal,ice_native_0p20_v03,3,False,2039,left,ice,0.2,3,231,183.89077758789062,146.48187255859375,-1,536,1.751901975573787e-07,0.0001178935808867447,0.9427927898997314,0.05708914132918436,0.7869390770519686
2,0,high_normal,ice_native_0p10_v03,3,False,819,left,ice,0.1,3,259,226.6927490234375,114.99774932861328,-1,429,0.002741004712620015,0.045172841188465276,0.9432567050713844,0.008829449027530313,0.982584019597473
2,0,high_normal,ice_native_0p15_v03,3,False,1899,left,ice,0.15,3,125,389.51666259765625,0.0,-1,315,1.2501063678788113e-06,0.05450485042910366,0.9454932391659687,6.602985596877934e-07,0.019135170274485053
2,0,high_normal,ice_native_0p15_v00,0,False,2899,left,ice,0.15,3,155,292.73297119140625,69.87299346923828,-1,473,2.2232264540807056e-08,2.2422246266048483e-12,0.9459721830812857,0.054027794684207736,0.016653683173954388
2,0,high_normal,ice_native_0p20_v03,3,False,1989,left,ice,0.2,3,181,231.57781982421875,23.105268478393555,-1,486,1.414193925426776e-07,0.0010399110834436918,0.9474807315085201,0.05147921598864358,0.9975386094541211
2,0,high_normal,ice_native_0p20_v00,0,False,1089,left,ice,0.2,3,139,328.606689453125,0.0,-1,139,1.720184095626463e-09,3.6853134875692923e-07,0.9495988039370707,0.050400825811396564,0.9997933182960075
2,0,high_normal,ice_native_0p10_v03,3,False,1959,right,ice,0.1,2,22,28.933637619018555,329.0203857421875,-1,246,1.780516007300317e-09,0.0002439504142928133,0.9509671064255394,0.048788941379651764,3.249022268155016e-05
2,0,high_normal,ice_native_0p20_v00,0,False,559,left,ice,0.2,2,19,251.96337890625,229.7367401123047,-1,23,1.364629992544805e-20,3.614915144480483e-20,0.9510304147080001,0.04896958529199991,0.9960728997536791
2,0,high_normal,ice_native_0p20_v03,3,False,1999,left,ice,0.2,3,191,230.7106475830078,130.8820343017578,-1,496,1.0904782967868284e-08,7.785772961001879e-05,0.9525531167077388,0.047369014657868344,0.999617519793004
2,0,high_normal,ice_native_0p20_v03,3,False,379,right,ice,0.2,3,70,324.842529296875,0.0,-1,-1,1.0888476591140314e-09,0.0027012084300130747,0.9534057917817219,0.04389299869941749,0.659412051549004
2,0,high_normal,ice_native_0p15_v00,0,False,2799,left,ice,0.15,3,55,542.7076416015625,0.0,-1,373,4.467147350590958e-07,0.04421254622029594,0.9557869720034309,3.5061538155496566e-08,0.01743151989934363
2,0,high_normal,ice_native_0p10_v03,3,False,799,right,ice,0.1,2,13,109.26241302490234,247.63412475585938,-1,-1,0.0007066791253178496,0.011607380611761996,0.9566251298789217,0.031060810383998494,2.9739517624297015e-06
2,0,high_normal,ice_native_0p10_v00,0,False,1239,left,ice,0.1,2,30,142.8492889404297,310.15191650390625,-1,84,1.822573489549894e-10,2.1930260900635495e-14,0.9580423305416649,0.0419576692760558,0.003396716027527106
2,0,high_normal,ice_native_0p15_v00,0,False,2769,left,ice,0.15,2,25,570.3270263671875,0.0,-1,343,2.1948209579527013e-12,0.039530700335237465,0.9604692996615191,1.048687482432982e-12,0.03368805975689754
2,0,high_normal,ice_native_0p20_v00,0,False,2059,right,ice,0.2,3,51,332.97711181640625,0.0,-1,74,6.945351631393729e-07,1.0228036204600918e-10,0.9612542967769411,0.03874500858561537,0.9998509316942299
2,0,high_normal,ice_native_0p10_v03,3,False,869,right,ice,0.1,2,11,135.811767578125,184.17820739746094,-1,-1,0.00020334578921419732,0.03450241532941807,0.9624583077578988,0.0028359311234689637,0.07636671663642991
2,0,high_normal,ice_native_0p10_v03,3,False,799,left,ice,0.1,3,239,247.63412475585938,109.26241302490234,-1,409,0.0008290523308219614,0.0342980503560562,0.9628025512032096,0.002070346109912137,0.9746435274558594
2,0,high_normal,ice_native_0p15_v03,3,False,739,right,ice,0.15,2,18,100.75283813476562,331.8514709472656,-1,-1,0.0001836765071794903,0.0005785853239940205,0.9656863033364349,0.03355143483239154,2.9902408591135085e-08
2,0,high_normal,ice_native_0p20_v03,3,False,849,left,ice,0.2,3,314,203.882568359375,0.0,-1,542,0.0007056286872840253,0.00039579866359985876,0.9665458036755481,0.03235276897356804,0.9995542421072512
2,0,high_normal,ice_native_0p15_v00,0,False,2849,left,ice,0.15,3,105,382.53668212890625,0.0,-1,423,9.858987778660043e-13,3.1981936958256354e-10,0.9671124134015341,0.03288758627766062,0.9123613436400124
2,0,high_normal,ice_native_0p15_v03,3,False,2119,right,ice,0.15,4,41,201.63970947265625,126.23851776123047,-1,1192,5.255078045866046e-06,0.004365875639875583,0.967265890381701,0.028362978900377582,0.7832720572064888
2,0,high_normal,ice_native_0p20_v00,0,False,2039,right,ice,0.2,3,31,338.1148986816406,0.0,-1,54,5.435243030012275e-09,1.0437459359190182e-10,0.9682457137509878,0.03175428070939469,0.9999786127812792
2,0,high_normal,ice_native_0p20_v03,3,False,589,left,ice,0.2,3,54,172.4944610595703,159.53565979003906,-1,282,3.022132715934741e-05,0.031380242978875275,0.9685337910514024,5.574464256294868e-05,0.023695863022674877
2,0,high_normal,ice_native_0p20_v03,3,False,779,left,ice,0.2,3,244,268.34967041015625,105.3846435546875,-1,472,0.01241419799053593,0.018444716833022692,0.9690961288994111,4.495627703014756e-05,0.77542964412479
2,0,high_normal,ice_native_0p20_v00,0,False,2109,right,ice,0.2,2,22,242.5784454345703,0.0,-1,124,1.2830377586937092e-06,1.0492453516374118e-10,0.9696484782858167,0.030350238571500203,0.9492606271893649
2,0,high_normal,ice_native_0p20_v00,0,False,1069,left,ice,0.2,3,119,355.233154296875,0.0,-1,119,2.448137457781344e-10,0.025381200133467532,0.9700974707514511,0.004521328870267598,0.9994699518178679
2,0,high_normal,ice_native_0p15_v00,0,False,1719,left,ice,0.15,2,25,253.98756408691406,277.34466552734375,-1,25,1.0999737038814296e-12,3.966680186281763e-09,0.9718960482256739,0.028103947806545904,0.050432857634772246
2,0,high_normal,ice_native_0p10_v03,3,False,609,left,ice,0.1,3,49,241.8506622314453,131.78382873535156,-1,219,2.530876919874294e-06,0.025776816210718752,0.9742201882507908,4.64661570366548e-07,0.004578653847934445
2,0,high_normal,ice_native_0p20_v03,3,False,759,right,ice,0.2,2,12,44.99949645996094,298.5967712402344,-1,-1,0.0007037442059689923,8.001125801459132e-05,0.9744008665593481,0.024815377976668215,2.8341471550969675e-07
2,0,high_normal,ice_native_0p20_v03,3,False,689,left,ice,0.2,3,154,389.0900573730469,108.9848403930664,-1,382,8.394105350302187e-05,0.024661548401811006,0.9751008344150326,0.00015367612965332068,0.5988841622518101
2,0,high_normal,ice_native_0p15_v00,0,False,929,right,ice,0.15,2,28,212.54708862304688,138.51339721679688,-1,16,5.38506958081077e-06,1.481715805744594e-08,0.9763981548247249,0.023596445288536362,0.04915348858717043
2,0,high_normal,ice_native_0p20_v00,0,False,1139,left,ice,0.2,3,33,246.49346923828125,41.89836120605469,-1,189,5.3268833956206654e-11,1.3113378869890194e-11,0.9766410808562636,0.023358919077354344,0.998397260036764
2,0,high_normal,ice_native_0p20_v03,3,False,899,left,ice,0.2,2,15,132.6327362060547,56.89188766479492,-1,592,0.0036390778685759847,0.00013808431526659225,0.9768026133033237,0.019420224512833602,0.15654421711678093
2,0,high_normal,ice_native_0p15_v03,3,False,1549,right,ice,0.15,3,57,328.81256103515625,174.62818908691406,-1,622,1.57115509347686e-14,0.00011487718078673644,0.977833214546194,0.022051908273003695,0.7311114819917938
2,0,high_normal,ice_native_0p20_v03,3,False,2029,left,ice,0.2,3,221,187.4534454345703,30.268407821655273,-1,526,6.606475124631258e-08,7.230791446223121e-05,0.978189101369174,0.021738524651612492,0.9827404091524605
2,0,high_normal,ice_native_0p15_v03,3,False,2209,right,ice,0.15,3,86,419.3260498046875,0.0,-1,1282,5.0690094760523185e-11,0.0010885231150620132,0.9792948450312333,0.019616631803014498,0.9142013686288636
2,0,high_normal,ice_native_0p15_v00,0,False,2889,left,ice,0.15,3,145,297.7809753417969,65.0670166015625,-1,463,9.057801265949092e-11,1.1266086510714377e-13,0.9793167455352138,0.020683254374095506,0.17799090615306198
2,0,high_normal,ice_native_0p20_v03,3,False,1189,right,ice,0.2,3,43,268.84747314453125,0.0,-1,43,7.378145932836628e-07,1.0706048848060705e-08,0.9793743489042388,0.020624902575119067,0.24522206294367446
2,0,high_normal,ice_native_0p15_v03,3,False,839,left,ice,0.15,3,284,213.28021240234375,116.15580749511719,-1,529,0.002594236250373474,0.0014530160530094064,0.9796986293442568,0.01625411835236039,0.9982280427391519
2,0,high_normal,ice_native_0p15_v03,3,False,2009,right,ice,0.15,2,19,29.368879318237305,225.38461303710938,-1,1082,6.986571489487761e-06,0.00016116581499794452,0.9803938859401097,0.019437961673402917,0.005540005934012831
2,0,high_normal,ice_native_0p15_v03,3,False,1999,left,ice,0.15,3,225,238.92893981933594,29.617712020874023,-1,415,6.183243826163997e-06,1.2552785658157897e-05,0.9812900810249893,0.018691182945526384,0.9985261458185162
2,0,high_normal,ice_native_0p15_v03,3,False,2199,right,ice,0.15,3,76,473.97967529296875,0.0,-1,1272,6.665724851666061e-11,1.4733100078658575e-06,0.9817682990484067,0.01823022757492821,0.9999583910886538
2,0,high_normal,ice_native_0p15_v03,3,False,759,left,ice,0.15,3,204,295.819091796875,106.96285247802734,-1,449,0.00014272507545396565,0.014548579365112646,0.9835455128011946,0.0017631827582387173,0.9591564287094538
2,0,high_normal,ice_native_0p20_v00,0,False,1149,left,ice,0.2,3,43,250.01019287109375,46.87047576904297,-1,199,8.461562648514423e-11,6.8558545577876824e-12,0.9835740723264258,0.0164259275821026,0.9965363520563145
2,0,high_normal,ice_native_0p10_v03,3,False,679,left,ice,0.1,3,119,331.6395263671875,122.68511962890625,-1,289,6.34216632958716e-05,0.016149122444340375,0.9837602271666757,2.722872568826625e-05,0.0811855794996804
2,0,high_normal,ice_native_0p15_v03,3,False,1979,left,ice,0.15,3,205,255.5968017578125,114.92815399169922,-1,395,5.848722294456692e-07,1.4835902931761884e-07,0.9842066044503022,0.015792662318439146,0.9959995237956949
2,0,high_normal,ice_native_0p20_v03,3,False,839,right,ice,0.2,2,16,116.3912582397461,212.63064575195312,-1,-1,0.00011938413590243104,0.005551218808629237,0.9855391698897119,0.008790227165756266,0.0007192275988195663
2,0,high_normal,ice_native_0p20_v00,0,False,2099,right,ice,0.2,2,12,256.2651672363281,0.0,-1,114,1.983255405187409e-07,1.465098815664486e-10,0.9857618668629036,0.014237934665045941,0.9581383081873198
2,0,high_normal,ice_native_0p15_v03,3,False,1969,left,ice,0.15,3,195,261.7434997558594,19.967594146728516,-1,385,5.01041191104951e-08,2.525700177957108e-09,0.9862333237582955,0.0137666236118852,0.958797507308265
2,0,high_normal,ice_native_0p15_v00,0,False,1819,left,ice,0.15,3,93,146.18438720703125,31.720813751220703,-1,125,5.05146493720327e-06,2.5962921470539407e-07,0.9871511392259457,0.012843549679902446,0.8099363035095952
2,0,high_normal,ice_native_0p20_v03,3,False,839,left,ice,0.2,3,304,212.63064575195312,116.3912582397461,-1,532,0.0016961884030235997,0.0009260230063732087,0.9872844121341984,0.010093376456404657,0.9978602239595594
2,0,high_normal,ice_native_0p20_v03,3,False,739,left,ice,0.2,3,204,333.6756896972656,49.9453239440918,-1,432,0.0009423962901475782,0.011266756346454358,0.9873586065208219,0.0004322408425762031,0.808940109394232
2,0,high_normal,ice_native_0p15_v03,3,False,719,left,ice,0.15,3,164,247.39076232910156,10.041879653930664,-1,409,0.0005689558359633829,0.011922457893625825,0.987456033038399,5.2553232011627815e-05,0.028546474290545933
2,0,high_normal,ice_native_0p15_v03,3,False,809,left,ice,0.15,3,254,233.935546875,103.0698013305664,-1,499,0.004763397474120956,0.000453569664982881,0.9879890726502948,0.0067939602106011415,0.9984962785080947
2,0,high_normal,ice_native_0p20_v03,3,False,2379,right,ice,0.2,2,16,315.1239013671875,0.0,-1,76,1.071330118101182e-05,0.011869056805669702,0.9880112459147979,0.00010898397835123237,0.9996542075571424
2,0,high_normal,ice_native_0p15_v03,3,False,679,left,ice,0.15,3,124,358.07037353515625,161.10870361328125,-1,369,1.436225318632787e-06,0.011823241666459405,0.9881740881469613,1.2339612606546032e-06,0.7669451491821944
2,0,high_normal,ice_native_0p15_v03,3,False,819,left,ice,0.15,3,264,227.76376342773438,48.673065185546875,-1,509,0.0035794976342227594,0.0013942595490261734,0.9882319298979128,0.006794312918838286,0.9978228690988598
2,0,high_normal,ice_native_0p20_v03,3,False,579,left,ice,0.2,3,44,24.97096824645996,185.00726318359375,-1,272,8.188387963082167e-06,0.011676146122813322,0.9882727910969475,4.28743922761196e-05,0.0028376995603417113
2,0,high_normal,ice_native_0p15_v03,3,False,1559,right,ice,0.15,3,67,302.20147705078125,170.69972229003906,-1,632,1.911058216159475e-10,0.0008993114765627825,0.9883890450122885,0.010711643320042968,0.5672234361630917
2,0,high_normal,ice_native_0p20_v03,3,False,699,left,ice,0.2,3,164,368.5655517578125,96.84318542480469,-1,392,1.1221972124608801e-05,0.01126479526478805,0.9884048737664242,0.0003191089966630424,0.5364439718945149
2,0,high_normal,ice_native_0p10_v03,3,False,739,left,ice,0.1,3,179,339.17547607421875,97.30567932128906,-1,349,3.100200876765318e-05,0.009315678123444276,0.9885303757874887,0.0021229440802993786,0.8691747999568498
2,0,high_normal,ice_native_0p15_v03,3,False,1989,left,ice,0.15,3,215,241.72747802734375,0.0,-1,405,1.041325847431837e-05,1.052940512307633e-06,0.9888959829360979,0.011092550864915424,0.9953955188649742
2,0,high_normal,ice_native_0p20_v00,0,False,1079,left,ice,0.2,3,129,345.5009765625,0.0,-1,129,1.0368413711076824e-10,0.0028668079772123513,0.9890875786854889,0.00804561323361467,0.999868071154992
2,0,high_normal,ice_native_0p10_v03,3,False,659,left,ice,0.1,3,99,306.200927734375,189.54360961914062,-1,269,3.414723029702801e-06,0.01067228322354639,0.989323256619926,1.0454334979427329e-06,0.02975495246267415
2,0,high_normal,ice_native_0p15_v00,0,False,2839,left,ice,0.15,3,95,403.0050048828125,0.0,-1,413,2.4634884175403722e-11,7.543799835145133e-07,0.9893801484654946,0.010619097129887097,0.4099864018339296
2,0,high_normal,ice_native_0p10_v03,3,False,759,left,ice,0.1,3,199,301.9416198730469,102.59012603759766,-1,369,1.0208265679128499e-05,0.008822922833014708,0.9906833349778069,0.0004835339234993507,0.9398487904949224
2,0,high_normal,ice_native_0p15_v03,3,False,1519,right,ice,0.15,2,27,475.5735778808594,219.38800048828125,-1,592,1.5188370411089333e-16,0.008379451832223503,0.9916192243379668,1.3238298095086136e-06,0.00317291056189943
2,0,high_normal,ice_native_0p15_v00,0,False,919,right,ice,0.15,2,18,212.01194763183594,109.84456634521484,-1,6,3.402423180616288e-06,5.355037710946697e-07,0.9917594755715587,0.008236586501489646,0.04268994614252383
2,0,high_normal,ice_native_0p20_v03,3,False,569,left,ice,0.2,3,34,130.6717529296875,0.0,-1,262,6.2356026093102086e-06,0.007928940626010498,0.9920617407955507,3.08297582955699e-06,0.004571537474481633
2,0,high_normal,ice_native_0p20_v03,3,False,719,left,ice,0.2,3,184,354.005859375,81.87970733642578,-1,412,3.253201782554768e-05,0.007223957843759189,0.9922344710527443,0.0005090390856708378,0.45548645522374753
2,0,high_normal,ice_native_0p15_v00,0,False,1149,left,ice,0.15,2,18,253.9391326904297,57.45018768310547,-1,55,3.521004110665299e-12,3.952813232651949e-17,0.9923090745261529,0.007690925470326062,0.44712990963225846
2,0,high_normal,ice_native_0p20_v03,3,False,1609,right,ice,0.2,3,72,592.4268188476562,0.0,-1,463,1.4112934916869176e-10,4.1728219743897475e-10,0.9925348763913655,0.007465123050222869,0.03628607573890945
2,0,high_normal,ice_native_0p20_v03,3,False,779,right,ice,0.2,2,16,105.3846435546875,268.34967041015625,-1,-1,0.00025046674892700746,0.0009663558079976617,0.9927363563757338,0.00604682106734152,1.6052809769058133e-07
2,0,high_normal,ice_native_0p15_v03,3,False,699,left,ice,0.15,3,144,361.00103759765625,93.98063659667969,-1,389,3.0087181310842157e-07,0.006679605252705236,0.9932975213084547,2.2572567026880548e-05,0.7468245509316002
2,0,high_normal,ice_native_0p20_v03,3,False,819,right,ice,0.2,2,12,114.40901184082031,232.70407104492188,-1,-1,4.720310421187742e-05,0.0007239730295550053,0.9933798412144489,0.005848982651784161,0.00015165757797213343
2,0,high_normal,ice_native_0p20_v03,3,False,739,right,ice,0.2,2,14,49.9453239440918,333.6756896972656,-1,-1,0.00010898841857206935,5.770864393131605e-07,0.9935196695373895,0.006370764957599202,4.0825628680344247e-07
2,0,high_normal,ice_native_0p15_v03,3,False,799,left,ice,0.15,3,244,248.39852905273438,114.33331298828125,-1,489,0.0003552162068820755,0.004795866587311146,0.993601587953957,0.0012473292518498048,0.9937914548651741
2,0,high_normal,ice_native_0p15_v03,3,False,2359,right,ice,0.15,3,236,294.6248779296875,0.0,-1,1432,6.7747114419593266e-12,0.006127268904536895,0.9936161273307429,0.00025660375794527615,0.6640027476471184
2,0,high_normal,ice_native_0p20_v03,3,False,2339,right,ice,0.2,3,36,412.38671875,0.0,-1,36,8.605901483370353e-10,3.1593690766279637e-12,0.9939281347663178,0.006071864369932568,0.938868162755773
2,0,high_normal,ice_native_0p15_v03,3,False,689,left,ice,0.15,3,134,382.81494140625,103.37118530273438,-1,379,1.4200053343596803e-06,0.005931330112911308,0.9940648365393309,2.413342423394954e-06,0.587129324200737
2,0,high_normal,ice_native_0p10_v03,3,False,669,left,ice,0.1,3,109,346.23297119140625,145.55978393554688,-1,279,2.487254659458576e-05,0.005538377643422201,0.9944195404809923,1.720932899103184e-05,0.08771193343277826
2,0,high_normal,ice_native_0p20_v00,0,False,1109,right,ice,0.2,2,11,31.700761795043945,302.9194641113281,-1,210,0.00016052016169609978,6.221428361719307e-06,0.9945015910965639,0.005331667313378216,1.2823101122261965e-09
2,0,high_normal,ice_native_0p15_v03,3,False,1949,left,ice,0.15,3,175,301.5421142578125,87.91242980957031,-1,365,4.361395464047898e-10,5.621851283068135e-09,0.994591579768997,0.005408414173012285,0.9522923681369929
2,0,high_normal,ice_native_0p20_v03,3,False,829,left,ice,0.2,3,294,218.14187622070312,32.70497512817383,-1,522,0.00010331842970558057,0.0005447678942962729,0.9946413765507408,0.004710537125257527,0.9994423108439766
2,0,high_normal,ice_native_0p15_v03,3,False,709,left,ice,0.15,3,154,372.01422119140625,75.39508819580078,-1,399,4.611804552907719e-07,0.0047293804815039114,0.9950982644687936,0.00017189386924744172,0.6429193494515956
2,0,high_normal,ice_native_0p20_v03,3,False,759,left,ice,0.2,3,224,298.5967712402344,44.99949645996094,-1,452,0.00012098924032023428,0.004735134259791748,0.9951320664839293,1.1810015958747982e-05,0.7792251572321442
2,0,high_normal,ice_native_0p10_v03,3,False,749,left,ice,0.1,3,189,320.138671875,88.85467529296875,-1,359,9.851970508871714e-06,0.004429356842363787,0.9953461002357692,0.000214690951358083,0.8310068658891143
2,0,high_normal,ice_native_0p20_v03,3,False,709,left,ice,0.2,3,174,376.4638671875,75.49960327148438,-1,402,1.084793609419204e-05,0.003457281322491599,0.9955746929819521,0.0009571777594619985,0.6505794053995881
2,0,high_normal,ice_native_0p10_v00,0,False,1169,left,ice,0.1,2,14,220.27769470214844,79.48189544677734,-1,14,1.2650338850789702e-11,1.0522679357714247e-16,0.9957912778134012,0.004208722173948424,0.04602506746338182
2,0,high_normal,ice_native_0p10_v03,3,False,649,left,ice,0.1,3,89,317.42083740234375,72.97443389892578,-1,259,4.344902067008616e-06,0.003939300004207552,0.9960563379939977,1.7099727716707052e-08,0.020262663906505798
2,0,high_normal,ice_native_0p20_v00,0,False,1119,left,ice,0.2,2,13,293.3512878417969,0.0,-1,169,5.715783795205864e-10,3.784634979954181e-11,0.9960686358803522,0.0039313635102229275,0.9988338095834937
2,0,high_normal,ice_native_0p10_v03,3,False,1919,left,ice,0.1,3,110,405.41705322265625,0.0,-1,334,2.672677291423297e-09,0.00033494366984617515,0.9962619935662281,0.003403060091248451,0.7281418903258978
2,0,high_normal,ice_native_0p15_v03,3,False,1959,left,ice,0.15,3,185,293.5769348144531,91.07176208496094,-1,375,6.306942989516617e-09,7.731984655183784e-08,0.9966772029188504,0.0033227134543601005,0.9659577765033677
2,0,high_normal,ice_native_0p20_v03,3,False,2349,right,ice,0.2,3,46,375.910888671875,0.0,-1,46,1.004720611710098e-09,2.036441587158689e-11,0.9971173835736319,0.0028826154012831277,0.9315735977923733
2,0,high_normal,ice_native_0p10_v03,3,False,339,right,ice,0.1,2,28,435.7100830078125,224.88223266601562,-1,-1,1.9653952699819902e-16,0.0021021905442017664,0.9971261547072751,0.0007716547485230194,0.9917828189985907
2,0,high_normal,ice_native_0p20_v03,3,False,749,left,ice,0.2,3,214,310.9678649902344,47.82049560546875,-1,442,6.820612531155885e-05,0.0025859577345451247,0.99727233333103,7.350280911332066e-05,0.9414977365252072
2,0,high_normal,ice_native_0p15_v03,3,False,789,left,ice,0.15,3,234,252.7424774169922,98.7884521484375,-1,479,0.0002111364689056296,0.0009461585514093378,0.9976397329813221,0.0012029719983630241,0.9949966261301487
2,0,high_normal,ice_native_0p10_v03,3,False,789,left,ice,0.1,3,229,254.66659545898438,97.65888214111328,-1,399,6.769879993738921e-05,0.0019126805227420711,0.9977731270553756,0.00024649362194510954,0.9864718216569366
2,0,high_normal,ice_native_0p10_v03,3,False,769,left,ice,0.1,3,209,275.56646728515625,93.36936950683594,-1,379,1.201958826895333e-05,0.0021128722711171487,0.9977821186003621,9.298954025171495e-05,0.974415103004461
2,0,high_normal,ice_native_0p15_v00,0,False,2859,left,ice,0.15,3,115,364.4556579589844,0.0,-1,433,2.7575922051846516e-12,1.1285937268660509e-12,0.9981937612283304,0.0018062387677834242,0.28021395518855224
2,0,high_normal,ice_native_0p15_v00,0,False,2959,left,ice,0.15,3,46,171.08958435058594,56.781944274902344,-1,533,2.02097042072003e-13,2.2426133293764608e-14,0.9982693085322537,0.0017306914675218384,0.7242470314088703
2,0,high_normal,ice_native_0p20_v03,3,False,819,left,ice,0.2,3,284,232.70407104492188,114.40901184082031,-1,512,0.00015741033731481662,0.0004966013478173273,0.998337602642381,0.001008385672486665,0.9980994944212923
2,0,high_normal,ice_native_0p10_v00,0,False,889,right,ice,0.1,2,27,282.31768798828125,36.8198356628418,-1,10,7.403099861819085e-07,1.120296749222954e-05,0.9984358407998946,0.0015522159226268393,0.8922205399158663
2,0,high_normal,ice_native_0p10_v00,0,False,879,right,ice,0.1,2,17,280.7972106933594,45.06248474121094,-1,0,2.8631671969592487e-06,0.00023374702333158254,0.998561397312944,0.0012019924965275337,0.9246101117161729
2,0,high_normal,ice_native_0p20_v03,3,False,2319,right,ice,0.2,2,16,427.997802734375,0.0,-1,16,2.557902213857827e-11,2.111597119572575e-14,0.9986415261408916,0.0013584738335082063,0.783082043085292
2,0,high_normal,ice_native_0p15_v03,3,False,779,left,ice,0.15,3,224,263.9189758300781,11.562687873840332,-1,469,2.7277460917230875e-05,0.0011983391485441614,0.9987248177805752,4.9565609963403914e-05,0.9911572421786116
2,0,high_normal,ice_native_0p20_v03,3,False,809,left,ice,0.2,3,274,234.8388671875,23.375835418701172,-1,502,0.0001072464016262284,0.00036205889107087893,0.9987310741305231,0.0007996205767799262,0.9995154213011233
2,0,high_normal,ice_native_0p20_v00,0,False,1199,left,ice,0.2,4,39,205.89349365234375,73.53876495361328,-1,249,6.383739504876775e-09,9.216305608669794e-13,0.9988441237493895,0.0011558698659493453,0.1052490580379533
2,0,high_normal,ice_native_0p15_v00,0,False,1129,left,ice,0.15,4,35,270.27294921875,51.882652282714844,-1,35,1.3000590202535571e-12,6.257001375134955e-18,0.9989139585758492,0.0010860414228509297,0.808036532636793
2,0,high_normal,ice_native_0p15_v03,3,False,769,left,ice,0.15,3,214,274.4985046386719,47.00233459472656,-1,459,3.982840104835617e-05,0.00093181973069174,0.9989576487634683,7.070310479168957e-05,0.9925211847271562
2,0,high_normal,ice_native_0p20_v03,3,False,799,left,ice,0.2,3,264,248.74957275390625,111.40757751464844,-1,492,0.00011002222367607733,0.0004441059797071689,0.9989619525254039,0.0004839192712130244,0.996516119991624
2,0,high_normal,ice_native_0p15_v03,3,False,759,right,ice,0.15,2,15,106.96285247802734,295.819091796875,-1,-1,0.00010347453228621172,3.9616409343813865e-05,0.9989689825484435,0.000887926509926514,5.380095371016501e-08
2,0,high_normal,ice_native_0p10_v00,0,False,1189,left,ice,0.1,4,34,173.7519989013672,107.90918731689453,-1,34,1.1061573282179298e-10,2.812031299302016e-16,0.9990715926719819,0.0009284072174021539,0.012391082526509528
2,0,high_normal,ice_native_0p15_v00,0,False,1209,left,ice,0.15,2,29,139.85052490234375,408.7372131347656,-1,115,6.58133902430715e-13,4.0483838835807445e-19,0.9990892663232241,0.0009107336761177339,0.06510498543155577
2,0,high_normal,ice_native_0p20_v03,3,False,789,left,ice,0.2,3,254,254.2797088623047,41.42974090576172,-1,482,0.0001583068390684073,0.0004729973458312027,0.9991092235881,0.00025947222700054256,0.9969362283418413
2,0,high_normal,ice_native_0p10_v03,3,False,779,left,ice,0.1,3,219,272.47296142578125,55.054908752441406,-1,389,1.2098983298761898e-06,0.0008152368880643988,0.9991625361506955,2.101706291032285e-05,0.9932712074294668
2,0,high_normal,ice_native_0p10_v00,0,False,1689,right,ice,0.1,2,18,204.6968231201172,275.4849853515625,-1,163,2.5722339185902094e-12,2.761035068172816e-09,0.9992757725087218,0.0007242247276708901,0.9994634589429117
2,0,high_normal,ice_native_0p15_v00,0,False,2789,left,ice,0.15,3,45,564.070556640625,0.0,-1,363,1.8252840843985704e-11,0.0006492060303826787,0.9993507849578057,8.993558885203029e-09,0.12667318444009376
2,0,high_normal,ice_native_0p20_v00,0,False,1189,left,ice,0.2,2,29,211.62413024902344,69.09525299072266,-1,239,9.021019306764468e-09,4.036535342138769e-12,0.9993639758626656,0.0006360151122786697,0.07193502784017221
2,0,high_normal,ice_native_0p10_v03,3,False,1939,left,ice,0.1,3,130,363.3336181640625,40.72594451904297,-1,354,6.52259591874463e-10,2.355891885428183e-08,0.9994425801344275,0.0005573956543939507,0.28800410740794263
2,0,high_normal,ice_native_0p10_v03,3,False,1929,left,ice,0.1,3,120,377.3003845214844,35.07035446166992,-1,344,3.593465054646001e-11,6.412843658008793e-07,0.9995080039522533,0.0004913547274461862,0.9618655429693856
2,0,high_normal,ice_native_0p20_v03,3,False,2329,right,ice,0.2,2,26,418.21551513671875,0.0,-1,26,6.480548782134467e-11,5.851119147831637e-14,0.9995841596571375,0.00041584027799852037,0.5633972366958315
2,0,high_normal,ice_native_0p20_v00,0,False,1129,left,ice,0.2,2,23,281.22369384765625,37.95285415649414,-1,179,5.392005083259455e-11,1.6057235033039174e-11,0.9996027215940799,0.000397278335942871,0.9719395682548828
2,0,high_normal,ice_native_0p20_v03,3,False,769,left,ice,0.2,3,234,126.6618423461914,93.33744812011719,-1,462,9.268388345079979e-06,0.00015392751920646007,0.9996832811189564,0.00015352297349198563,0.9562216604642735
2,0,high_normal,ice_native_0p15_v00,0,False,2879,left,ice,0.15,3,135,328.4104309082031,0.0,-1,453,3.873874941935296e-12,1.6202551485478725e-14,0.9997343939372734,0.00026560605883654603,0.5963525044999815
2,0,high_normal,ice_native_0p15_v03,3,False,1709,right,ice,0.15,4,217,286.36834716796875,0.0,-1,782,1.8688462089796537e-08,3.10868255657998e-08,0.9997628992429466,0.00023705098176579796,0.999387545323626
2,0,high_normal,ice_native_0p20_v03,3,False,2009,left,ice,0.2,3,201,203.83895874023438,26.251720428466797,-1,506,1.416070190542404e-09,7.283427063295084e-05,0.9997697493839092,0.00015741492938767563,0.9991989865556054
2,0,high_normal,ice_native_0p15_v03,3,False,669,left,ice,0.15,3,114,241.5647735595703,209.22439575195312,-1,359,4.19091828223506e-09,0.00013351469660699515,0.9998664342123177,4.690015706484575e-08,0.7484274485388974
2,0,high_normal,ice_native_0p20_v03,3,False,729,left,ice,0.2,3,194,353.2326965332031,93.37279510498047,-1,422,1.1995124861815383e-06,7.699855616863497e-05,0.9998798302034074,4.197172793765111e-05,0.9788155156155213
2,0,high_normal,ice_native_0p15_v00,0,False,1109,left,ice,0.15,2,15,286.8827209472656,0.0,-1,15,7.4302518860923e-13,8.114461014175966e-18,0.9998861715583692,0.00011382844088767328,0.7485923932381822
2,0,high_normal,ice_native_0p20_v00,0,False,1229,left,ice,0.2,2,23,142.96038818359375,365.3496398925781,-1,279,1.2828404340009198e-11,2.0542764711688122e-16,0.9998885700650564,0.00011142992211501227,0.16051608380663637
2,0,high_normal,ice_native_0p15_v00,0,False,2869,left,ice,0.15,3,125,332.53875732421875,0.0,-1,443,1.2035241356697155e-12,2.4529949208458735e-14,0.9998933355827287,0.00010666441604325862,0.41826763941745887
2,0,high_normal,ice_native_0p15_v03,3,False,1939,left,ice,0.15,3,165,298.86444091796875,132.15931701660156,-1,355,4.174121452379666e-08,9.203620015804924e-08,0.9999158725452101,8.399367737522784e-05,0.24137339997532606
2,0,high_normal,ice_native_0p15_v00,0,False,1119,left,ice,0.15,2,25,284.53656005859375,57.353694915771484,-1,25,5.749745608896109e-14,2.6478543306813792e-18,0.9999184439456192,8.155605432331388e-05,0.7480185189998766
2,0,high_normal,ice_native_0p15_v00,0,False,2779,left,ice,0.15,3,35,502.7101745605469,0.0,-1,353,8.298507564531346e-13,7.114135542862658e-05,0.9999288586310265,1.2714907345935027e-11,0.39070042920681325
2,0,high_normal,ice_native_0p10_v00,0,False,1179,left,ice,0.1,2,24,215.62887573242188,80.54952239990234,-1,24,2.8823118445611727e-12,3.6191735472951114e-16,0.9999336047034835,6.639529363401977e-05,0.0017654426345943225
2,0,high_normal,ice_native_0p20_v00,0,False,1179,left,ice,0.2,2,19,233.79928588867188,60.8647346496582,-1,229,8.929809007080694e-10,6.8031391239063084e-12,0.9999370886925905,6.291040762554616e-05,0.033828990915671486
2,0,high_normal,ice_native_0p10_v00,0,False,499,right,ice,0.1,2,20,220.11834716796875,151.60064697265625,-1,121,1.0948218475152388e-13,5.7766261132726535e-05,0.999938710870455,3.522868302739794e-06,0.9978755323535323
2,0,high_normal,ice_native_0p20_v03,3,False,329,right,ice,0.2,2,20,540.6253662109375,222.57733154296875,-1,-1,9.748268668631318e-17,5.7576631302839695e-05,0.9999422675370875,1.5583160947489503e-07,0.9277203542878804
2,0,high_normal,ice_native_0p15_v03,3,False,329,right,ice,0.15,2,20,538.2793579101562,235.1378173828125,-1,-1,1.1782534859131795e-16,4.3260185922623206e-05,0.9999566910519735,4.876210390613013e-08,0.958830112511478
2,0,high_normal,ice_native_0p20_v00,0,False,1219,left,ice,0.2,2,13,159.43890380859375,308.81793212890625,-1,269,5.701369128764943e-11,1.0118216513428589e-16,0.9999842437001495,1.575624283666725e-05,0.1193442106562718
2,0,high_normal,ice_native_0p15_v00,0,False,1199,left,ice,0.15,2,19,181.90428161621094,359.8477783203125,-1,105,1.644946509939851e-13,2.4758484802997852e-18,0.9999859391178572,1.4060881978324768e-05,0.026672350882228253
2,0,high_normal,ice_native_0p15_v00,0,False,1179,left,ice,0.15,2,20,224.48902893066406,74.6396255493164,-1,85,2.0428112898986964e-13,2.2050520251027283e-18,0.9999905283956637,9.471604132054419e-06,0.04289313199797699
2,0,high_normal,ice_native_0p10_v00,0,False,1729,left,ice,0.1,2,18,264.97479248046875,128.3476104736328,-1,80,1.0012437650507352e-15,9.740984526875314e-13,0.9999948321437053,5.167855319651656e-06,0.17547284745924602
2,0,high_normal,ice_native_0p15_v03,3,False,1919,left,ice,0.15,3,145,344.7818603515625,289.5917053222656,-1,335,3.0691137868645195e-10,3.2234265614747277e-06,0.9999954622884514,1.313978075745484e-06,0.32045153627602924
2,0,high_normal,ice_native_0p10_v03,3,False,329,right,ice,0.1,2,18,560.875732421875,231.01516723632812,-1,-1,1.7673700429910407e-18,1.828034633616014e-06,0.9999981611852129,1.078015367792112e-08,0.9705511176363454
2,0,high_normal,ice_native_0p15_v03,3,False,1929,left,ice,0.15,3,155,315.1125183105469,190.80645751953125,-1,345,6.236371152072221e-11,1.287092907450103e-07,0.9999983180931149,1.5531352308690311e-06,0.4426011417736997
2,0,high_normal,ice_native_0p10_v00,0,False,1699,left,ice,0.1,2,11,277.90496826171875,177.12734985351562,-1,50,3.215240588215576e-16,3.140168366428552e-10,0.9999991278800117,8.718059710679776e-07,0.001820616562519412
2,0,high_normal,ice_native_0p20_v03,3,False,1589,right,ice,0.2,3,52,590.4074096679688,63.81620407104492,-1,443,4.136790957959675e-18,2.2400950047299943e-16,0.9999997871842026,2.1281579718517532e-07,0.9792432121597843
2,0,high_normal,ice_native_0p20_v03,3,False,1599,right,ice,0.2,3,62,543.244873046875,0.0,-1,453,1.271368195104657e-16,4.34667317542775e-18,0.9999999921146782,7.885321753693866e-09,0.9874780826228726
2,0,high_normal,ice_native_0p20_v03,3,False,1579,right,ice,0.2,3,42,501.85809326171875,146.9423065185547,-1,433,2.1968686688951325e-19,2.8936877806790214e-18,0.9999999989931803,1.0068197491299048e-09,0.9995231487117512
2,0,high_normal,ice_native_0p20_v03,3,False,1569,right,ice,0.2,3,32,583.1841430664062,146.4892120361328,-1,423,1.447122987069965e-18,2.618364834367249e-17,0.9999999999699307,3.006922958241476e-11,0.9979566866648758
2,0,high_normal,ice_native_0p15_v03,3,False,1509,right,ice,0.15,2,17,623.1514892578125,210.1700439453125,-1,582,6.695878064507883e-23,6.627036191964639e-12,0.9999999999933205,5.2512524193768076e-14,0.5006884479370723
2,0,high_normal,ice_native_0p10_v00,0,False,459,left,ice,0.1,4,48,430.2642822265625,24.552337646484375,-1,314,7.118066100028312e-17,5.0115571880517677e-14,0.9999999999961029,3.8468613809156565e-12,0.05740138351691232
2,0,high_normal,ice_native_0p10_v00,0,False,429,left,ice,0.1,2,18,888.472412109375,0.0,-1,284,3.536683764067199e-17,2.2538287507849188e-13,0.9999999999997746,2.2496707119208302e-18,0.8580369254186694
2,0,high_normal,ice_native_0p10_v00,0,False,449,left,ice,0.1,3,38,538.392578125,0.0,-1,304,5.396827673629624e-18,1.428613754617371e-15,0.9999999999999665,3.211299719758858e-14,0.4593972452101293
2,0,high_normal,ice_native_0p20_v03,3,False,1549,right,ice,0.2,2,12,685.5140380859375,0.0,-1,403,2.9064854312214403e-15,1.2034002772025364e-23,0.9999999999999969,1.8063570484225328e-16,0.9996484938819823
2,0,high_normal,ice_native_0p20_v03,3,False,1559,right,ice,0.2,2,22,599.0288696289062,132.187255859375,-1,413,2.113571275764302e-18,1.1604290462363887e-17,0.9999999999999978,2.202056665634851e-15,0.9997658143141013
2,0,high_normal,ice_native_0p10_v00,0,False,439,left,ice,0.1,2,28,705.3521728515625,0.0,-1,294,7.487232867161345e-18,5.862281948633491e-16,0.9999999999999993,8.342641258835655e-17,0.7736320032820798
2,0,high_normal,ice_native_0p10_v00,0,False,2769,right,ice,0.1,2,20,86.64608764648438,0.0,-1,150,6.634185293672537e-36,1.4112237223680662e-17,0.9999999999999996,3.8885975194099296e-16,1.0
2,0,high_normal,ice_native_0p10_v00,0,False,2029,left,ice,0.1,2,17,6681520.0,0.0,-1,380,0.0,0.0,1.0,0.0,1.0
2,0,high_normal,ice_native_0p10_v00,0,False,2169,right,ice,0.1,3,57,51.4893913269043,94.1351089477539,-1,258,0.0,0.0,1.0,0.0,8.75651076269652e-27
2,0,high_normal,ice_native_0p10_v00,0,False,2179,right,ice,0.1,4,67,582.2825317382812,0.0,-1,268,0.0,0.0,1.0,0.0,8.75651076269652e-27
2,0,high_normal,ice_native_0p20_v00,0,False,2189,left,ice,0.2,2,14,2214192.25,0.0,-1,263,0.0,0.0,1.0,0.0,1.0
2,0,high_early_precursor,sand_solref_interpolation_3of4_stronger_v2_0p15_v03,3,False,1669,left,sand,0.15,3,849,423.8841552734375,264.70941162109375,124,-1,1.8330230916148052e-07,0.027617419563530275,0.972382377275551,1.985860969554298e-08,0.9995436631922681
2,0,high_early_precursor,ice_native_0p20_v00,0,False,1779,right,ice,0.2,2,19,271.6161193847656,218.00192260742188,123,342,5.635378765531456e-08,0.005928206932747193,0.9776923458255158,0.016379390887949315,0.3508448319072475
2,0,high_early_precursor,sand_solref_interpolation_5of6_stronger_v2_0p15_v03,3,False,1629,left,sand,0.15,3,808,368.5794372558594,91.45973205566406,103,-1,0.0001528173018352709,0.00462054597800429,0.99521801605406,8.620666100381154e-06,0.9898562955262509
2,0,high_early_precursor,ice_native_0p20_v03,3,False,1369,left,ice,0.2,3,59,321.1497802734375,0.0,101,1062,5.413090217435796e-13,8.288202506824988e-10,0.9953135160795045,0.004686483091134099,0.12988799891592287
2,0,high_early_precursor,ice_native_0p10_v03,3,False,2139,right,ice,0.1,2,26,276.6991882324219,133.2338409423828,109,26,1.2079546275298767e-06,0.003692383047106816,0.995374541345221,0.0009318676530447084,0.7357026609515103
2,0,high_early_precursor,ice_native_0p15_v03,3,False,2789,right,ice,0.15,3,65,413.44012451171875,0.0,122,1862,9.707356857844412e-14,7.439251763960466e-11,0.9974632541488829,0.0025367457766275517,0.32942231092017576
2,0,high_early_precursor,ice_native_0p15_v03,3,False,2769,right,ice,0.15,3,45,443.17572021484375,189.31405639648438,142,1842,2.399183652465833e-18,2.564114278996373e-13,0.9988384019286836,0.0011615980710600739,0.9994336250717774
2,0,high_early_precursor,sand_solref_interpolation_3of4_stronger_v2_0p15_v03,3,False,1679,left,sand,0.15,3,859,407.814208984375,231.28665161132812,114,-1,5.259465448845058e-10,0.0005017611281520741,0.9994982340215931,4.324308344737163e-09,0.9998714210540757
2,0,high_early_precursor,ice_native_0p15_v03,3,False,2519,left,ice,0.15,2,17,1296.6580810546875,0.0,125,935,3.458463118157474e-09,0.0003766422773120467,0.9996233542642211,3.682598259701562e-15,0.9917241647774558
2,0,high_early_precursor,sand_solref_interpolation_3of4_stronger_v2_0p15_v03,3,False,1689,left,sand,0.15,3,869,396.34600830078125,236.06378173828125,104,-1,5.351553520301166e-10,0.00015779078264539377,0.9998422053979428,3.2842565433796882e-09,0.9999924197477941
2,0,high_early_precursor,ice_native_0p20_v00,0,False,1219,right,ice,0.2,2,16,308.81793212890625,159.43890380859375,118,320,5.1241288638533486e-09,4.288090711722403e-05,0.9999422423957098,1.4871573044025487e-05,0.5400088334880682
2,0,high_early_precursor,ice_native_0p20_v03,3,False,1359,left,ice,0.2,3,49,378.66497802734375,0.0,111,1052,3.971790570456443e-15,3.225092530149911e-13,0.9999961251085931,3.874891080542206e-06,0.8444779060636194
2,0,high_early_precursor,ice_native_0p15_v03,3,False,2779,right,ice,0.15,3,55,402.9832458496094,174.93972778320312,132,1852,3.067122342232021e-19,1.616240117239779e-14,0.9999961478763545,3.852123629363113e-06,0.9970187499531283
2,0,high_early_precursor,ice_native_0p20_v03,3,False,1349,left,ice,0.2,3,39,425.8184814453125,0.0,121,1042,3.456872232387997e-14,2.2714891140900903e-12,0.9999967328651572,3.2671325367599045e-06,0.9422782664351707
2,0,high_early_precursor,ice_native_0p20_v00,0,False,1229,right,ice,0.2,2,26,365.3496398925781,142.96038818359375,108,330,7.253265780407689e-11,5.471214540655263e-07,0.999998104836321,1.3479696922960488e-06,0.8663624879935341
2,0,high_early_precursor,ice_native_0p15_v03,3,False,2759,right,ice,0.15,3,35,479.9432067871094,144.15126037597656,152,1832,1.6652271701522026e-19,1.0449836646364575e-13,0.9999999835888107,1.6411084771384187e-08,0.9986641533463754
2,0,high_early_precursor,ice_native_0p20_v03,3,False,1339,left,ice,0.2,2,29,829.0751953125,0.0,131,1032,3.353182960414911e-13,5.47514922987753e-09,0.999999994436729,8.778646296564235e-11,0.9388034158584613
2,0,high_early_precursor,ice_native_0p15_v03,3,False,2539,left,ice,0.15,3,37,641.1510620117188,0.0,105,955,2.3249965354209168e-15,4.64968069005785e-17,0.9999999998798681,1.201295530347382e-10,0.995876610736963
2,0,high_early_precursor,ice_native_0p15_v03,3,False,2529,left,ice,0.15,2,27,876.8702392578125,0.0,115,945,2.6568111082590124e-12,6.795587886239541e-11,0.9999999999282558,1.1315227204353873e-12,0.9911590085962242
2,0,high_early_precursor,ice_native_0p15_v03,3,False,2749,right,ice,0.15,2,25,582.7891235351562,133.84024047851562,162,1822,5.962993159968834e-20,6.487347032288521e-15,0.9999999999987426,1.25095673415081e-12,0.9995138125314521
2,0,high_early_precursor,ice_native_0p15_v03,3,False,2739,right,ice,0.15,2,15,661.2388916015625,207.04595947265625,172,1812,2.362951464373873e-18,5.277505284486342e-17,0.9999999999999969,3.1167990391362477e-15,0.9998433044467215
2,0,wrong_foot,ice_native_0p20_v00,0,False,1789,right,ice,0.2,2,29,182.40292358398438,214.81480407714844,113,352,5.319299497980345e-08,0.00031619564025572324,0.9217768022351658,0.07790694893158345,0.6223157578805005
2,0,wrong_foot,ice_native_0p15_v03,3,False,1559,right,ice,0.15,3,67,302.20147705078125,170.69972229003906,-1,632,1.911058216159475e-10,0.0008993114765627825,0.9883890450122885,0.010711643320042968,0.5672234361630917
2,0,wrong_foot,ice_native_0p10_v03,3,False,1449,right,ice,0.1,2,18,364.47857666015625,248.05780029296875,178,299,2.6842899937585026e-14,0.26601465901643456,0.7339852556622734,8.532126541212156e-08,0.8253988544497196
2,0,wrong_foot,ice_native_0p10_v03,3,False,369,right,ice,0.1,3,58,348.3900146484375,215.9303436279297,-1,-1,7.245986525237203e-14,0.0013483127420811964,0.9058696984069954,0.09278198885085089,0.6957397782475032
2,0,wrong_foot,ice_native_0p15_v00,0,False,2969,left,ice,0.15,3,56,208.8919219970703,113.57893371582031,-1,543,1.9388996673819575e-08,3.858480019440289e-12,0.8750722625556682,0.12492771805147664,0.743789347553118
2,0,wrong_foot,ice_native_0p20_v00,0,False,579,left,ice,0.2,2,16,229.9597625732422,174.28048706054688,-1,43,1.3544439040149688e-18,3.799750350112278e-17,0.8904533882506459,0.10954661174935414,0.7484175914337721
2,0,wrong_foot,ice_native_0p15_v03,3,False,1549,right,ice,0.15,3,57,328.81256103515625,174.62818908691406,-1,622,1.57115509347686e-14,0.00011487718078673644,0.977833214546194,0.022051908273003695,0.7311114819917938
2,0,wrong_foot,ice_native_0p15_v00,0,False,2959,left,ice,0.15,3,46,171.08958435058594,56.781944274902344,-1,533,2.02097042072003e-13,2.2426133293764608e-14,0.9982693085322537,0.0017306914675218384,0.7242470314088703
2,0,wrong_foot,ice_native_0p20_v03,3,False,2039,left,ice,0.2,3,231,183.89077758789062,146.48187255859375,-1,536,1.751901975573787e-07,0.0001178935808867447,0.9427927898997314,0.05708914132918436,0.7869390770519686
2,0,wrong_foot,ice_native_0p20_v00,0,False,1799,right,ice,0.2,3,39,160.04885864257812,71.12986755371094,103,362,1.2299171086563428e-08,0.00031645891157440985,0.9184575350662921,0.08122599372296249,0.8262540351254299
2,0,wrong_foot,ice_native_0p15_v00,0,False,1829,left,ice,0.15,3,103,133.1732177734375,40.39512252807617,-1,135,6.264923903509722e-05,2.7146741722479244e-06,0.8822957756744191,0.11763886041237355,0.8663003914016262
2,0,wrong_foot,ice_native_0p20_v03,3,False,1929,left,ice,0.2,3,121,311.0458984375,111.49765014648438,-1,426,1.3260621136374154e-08,0.011903755243760908,0.9160706407787719,0.07202559071684618,0.8466714033181744
2,0,wrong_foot,ice_native_0p10_v03,3,False,349,right,ice,0.1,3,38,377.1448669433594,198.0129852294922,-1,-1,1.2093408521329408e-14,0.0024623615344214304,0.7636667060353656,0.23387093243020082,0.9993337999082397
2,0,wrong_foot,ice_native_0p20_v03,3,False,2019,left,ice,0.2,3,211,201.44619750976562,139.33663940429688,-1,516,2.3491025143666008e-07,0.009735141959823128,0.766192963137235,0.22407165999269055,0.9979460366715742
2,0,wrong_foot,ice_native_0p15_v00,0,False,1819,left,ice,0.15,3,93,146.18438720703125,31.720813751220703,-1,125,5.05146493720327e-06,2.5962921470539407e-07,0.9871511392259457,0.012843549679902446,0.8099363035095952
2,0,wrong_foot,ice_native_0p20_v03,3,False,1939,left,ice,0.2,3,131,296.4736633300781,123.23981475830078,-1,436,1.9834085197728812e-07,0.06135905355321422,0.8490566527728933,0.08958409533304043,0.9552625081149181
2,0,wrong_foot,ice_native_0p20_v00,0,False,559,left,ice,0.2,2,19,251.96337890625,229.7367401123047,-1,23,1.364629992544805e-20,3.614915144480483e-20,0.9510304147080001,0.04896958529199991,0.9960728997536791
2,0,wrong_foot,ice_native_0p20_v03,3,False,2029,left,ice,0.2,3,221,187.4534454345703,30.268407821655273,-1,526,6.606475124631258e-08,7.230791446223121e-05,0.978189101369174,0.021738524651612492,0.9827404091524605
2,0,wrong_foot,ice_native_0p10_v03,3,False,329,right,ice,0.1,2,18,560.875732421875,231.01516723632812,-1,-1,1.7673700429910407e-18,1.828034633616014e-06,0.9999981611852129,1.078015367792112e-08,0.9705511176363454
2,0,wrong_foot,ice_native_0p10_v03,3,False,339,right,ice,0.1,2,28,435.7100830078125,224.88223266601562,-1,-1,1.9653952699819902e-16,0.0021021905442017664,0.9971261547072751,0.0007716547485230194,0.9917828189985907
2,0,wrong_foot,ice_native_0p10_v00,0,False,499,right,ice,0.1,2,20,220.11834716796875,151.60064697265625,-1,121,1.0948218475152388e-13,5.7766261132726535e-05,0.999938710870455,3.522868302739794e-06,0.9978755323535323
2,0,wrong_foot,ice_native_0p20_v03,3,False,2009,left,ice,0.2,3,201,203.83895874023438,26.251720428466797,-1,506,1.416070190542404e-09,7.283427063295084e-05,0.9997697493839092,0.00015741492938767563,0.9991989865556054
2,1,high_normal,ice_native_0p15_v01,1,False,1089,right,ice,0.15,2,19,113.12763977050781,148.67105102539062,-1,299,1.2043899345562138e-08,0.040113962716636836,0.9598509568383745,3.506840108933292e-05,0.9178869108990992
2,1,high_normal,ice_native_0p15_v01,1,False,1849,right,ice,0.15,3,70,443.0292663574219,0.0,-1,70,5.317379542731131e-09,5.599909465182758e-06,0.9609239219268935,0.03907047284626162,0.9130321820052799
2,1,high_normal,ice_native_0p20_v01,1,False,579,left,ice,0.2,4,32,119.53101348876953,277.97943115234375,-1,32,9.292690022756638e-08,2.8245244994296872e-11,0.9609669631845269,0.039032943860327796,0.14451580619344329
2,1,high_normal,ice_native_0p15_v01,1,False,2179,left,ice,0.15,2,19,327.4208679199219,0.0,-1,567,1.094384578899811e-09,0.037809312914341364,0.9621754046450063,1.5281346267798358e-05,0.015031706982195959
2,1,high_normal,ice_native_0p15_v01,1,False,2319,right,ice,0.15,2,13,700.32763671875,57.842830657958984,-1,540,1.1906408396463206e-19,0.03781931979891224,0.9621806802010751,1.2895930588521742e-14,0.9934552910807006
2,1,high_normal,sand_solref_interpolation_5of6_stronger_v2_0p10_v04,4,False,2489,left,sand,0.1,3,150,277.002685546875,265.8121337890625,-1,-1,0.033685017966159254,0.0035916353343477658,0.9627233167088104,2.999068242296131e-08,0.9999624802548288
2,1,high_normal,ice_native_0p20_v04,4,False,399,right,ice,0.2,2,27,237.70834350585938,0.0,-1,27,1.2956351798016004e-06,0.036303284105437456,0.9636925941487958,2.8261105870583804e-06,0.9999978327548416
2,1,high_normal,ice_native_0p10_v01,1,False,1349,right,ice,0.1,3,63,284.3306884765625,0.0,-1,63,0.011326842068978465,0.00327874952664644,0.9639496866162752,0.021444721788099714,0.0001864254500315995
2,1,high_normal,ice_native_0p15_v04,4,False,279,left,ice,0.15,2,13,269.78070068359375,0.0,-1,36,4.633012126153467e-12,9.430206532488806e-16,0.964473315323579,0.035526684671787066,0.999964575573509
2,1,high_normal,ice_native_0p10_v01,1,False,1369,right,ice,0.1,3,83,260.9283447265625,0.0,-1,83,0.017334283071576376,6.596076491263544e-05,0.9671107942922342,0.015488961871276775,0.0005903739637963647
2,1,high_normal,sand_solref_interpolation_3of4_stronger_v2_0p10_v01,1,False,1309,right,sand,0.1,3,103,276.4261169433594,352.086669921875,-1,-1,0.0002751702153097996,0.032591807002996166,0.9671330227816147,7.918264366809557e-14,0.9992074146453149
2,1,high_normal,sand_solref_interpolation_2of3_0p10_v04,4,False,1839,left,sand,0.1,3,37,90.23257446289062,248.37425231933594,-1,-1,0.002281110598534094,0.030225327430792637,0.9674935383705612,2.360011212792787e-08,0.22944356500669957
2,1,high_normal,sand_solref_interpolation_5of6_stronger_v2_0p10_v04,4,False,2659,left,sand,0.1,3,320,501.7324523925781,492.5901794433594,-1,-1,0.03110151338408883,7.471134868735629e-05,0.9688237731761391,2.091084853693234e-09,8.100654114987016e-07
2,1,high_normal,ice_native_0p10_v01,1,False,1089,left,ice,0.1,3,51,147.84593200683594,0.0,-1,119,2.59294872998308e-10,1.5397519054639874e-12,0.969283144079892,0.030716855659273328,0.024216465903109264
2,1,high_normal,sand_solref_interpolation_2of3_0p15_v01,1,False,1589,left,sand,0.15,3,33,117.07124328613281,190.8134765625,-1,-1,0.00042810057269304343,0.030230053141553484,0.9693418342729577,1.2012795649019133e-08,0.1454826947595187
2,1,high_normal,sand_solref_interpolation_3of4_stronger_v2_0p10_v01,1,False,1329,right,sand,0.1,3,123,266.9989318847656,180.91818237304688,-1,-1,0.02350515019971472,0.006655142693853296,0.969822218053232,1.748905320007647e-05,0.994450005984022
2,1,high_normal,sand_solref_interpolation_2of3_0p10_v04,4,False,1889,left,sand,0.1,3,87,602.62646484375,652.4527587890625,-1,-1,3.920702327115879e-06,0.025902419861785524,0.9710951828230707,0.0029984766128166186,0.0003261240905917187
2,1,high_normal,ice_native_0p10_v01,1,False,2439,right,ice,0.1,3,107,331.7003479003906,0.0,-1,289,3.787448244009839e-09,5.259660119282964e-05,0.9724582846497878,0.027489114961571196,0.9947709739110193
2,1,high_normal,ice_native_0p10_v01,1,False,1359,right,ice,0.1,3,73,286.5506591796875,0.0,-1,73,0.01628691275447478,0.0011265322130494656,0.9744287607178882,0.008157794314587668,0.00047753036977655626
2,1,high_normal,sand_solref_interpolation_2of3_0p10_v04,4,False,1859,left,sand,0.1,3,57,413.298095703125,143.5257110595703,-1,-1,0.0001978142757342945,0.002697493776319402,0.9747548813606728,0.022349810587273384,0.963078919031526
2,1,high_normal,ice_native_0p15_v01,1,False,809,right,ice,0.15,3,88,275.776611328125,0.0,-1,19,2.174612298154976e-12,4.059319815701669e-24,0.9750358973468748,0.024964102650950643,0.9999482738978624
2,1,high_normal,ice_native_0p20_v04,4,False,459,right,ice,0.2,3,41,296.4769287109375,0.0,-1,87,1.968358147421823e-06,0.0010795426991292527,0.9769663504489533,0.021952138493770108,0.9952733365086367
2,1,high_normal,ice_native_0p20_v04,4,False,1329,left,ice,0.2,3,291,160.00582885742188,49.171661376953125,-1,94,2.6644556883744443e-06,0.00027664604356641715,0.9775236720837905,0.02219701741695473,0.9786254344427702
2,1,high_normal,ice_native_0p15_v01,1,False,2379,right,ice,0.15,3,73,226.88851928710938,102.01677703857422,-1,600,2.5840063914203328e-14,7.871151958977135e-05,0.97785996491875,0.02206132356163429,0.9784441623835587
2,1,high_normal,ice_native_0p10_v01,1,False,539,right,ice,0.1,4,41,177.90386962890625,159.97674560546875,-1,272,8.762916273481699e-08,0.017737520001660786,0.9795365285280538,0.0027258638411225915,0.496956923443737
2,1,high_normal,ice_native_0p10_v01,1,False,2409,right,ice,0.1,3,77,483.211669921875,0.0,-1,259,2.1516926876543841e-10,7.304539099093268e-10,0.979703774838767,0.020296224215609632,0.9999472560150661
2,1,high_normal,ice_native_0p20_v04,4,False,2029,right,ice,0.2,3,64,199.7911834716797,204.1864471435547,-1,390,6.439468215885122e-11,0.02027184059062166,0.9797280875293548,7.181562896057595e-08,0.9991967184922277
2,1,high_normal,sand_solref_interpolation_2of3_0p10_v04,4,False,1849,left,sand,0.1,3,47,453.9803161621094,162.67184448242188,-1,-1,3.428480322503471e-05,0.016989069704985975,0.9829497335922108,2.6911899578213383e-05,0.7916013002034546
2,1,high_normal,ice_native_0p15_v01,1,False,1699,left,ice,0.15,2,14,213.6312713623047,558.7493896484375,-1,87,3.657725506556371e-12,4.717898516350535e-20,0.9830229247878057,0.01697707520853666,0.9461033836118066
2,1,high_normal,ice_native_0p20_v04,4,False,1319,left,ice,0.2,3,281,213.96395874023438,28.435062408447266,-1,84,0.00010007435191523135,0.0001539184231499312,0.9833522387087552,0.016393768516179685,0.4906053843180023
2,1,high_normal,ice_native_0p10_v04,4,False,2059,left,ice,0.1,2,15,59.13185119628906,296.30120849609375,-1,15,0.006989945413214599,0.0006563612938059638,0.9834562250616906,0.008897468231288902,0.035734619917383886
2,1,high_normal,sand_solref_interpolation_5of6_stronger_v2_0p10_v04,4,False,2399,left,sand,0.1,3,60,81.38664245605469,400.1706848144531,-1,-1,5.6047704673893594e-08,0.014581938324019902,0.9854180056282754,1.505199955525567e-22,0.42373033261449283
2,1,high_normal,ice_native_0p15_v04,4,False,259,left,ice,0.15,2,16,293.19647216796875,0.0,-1,16,6.983598399587847e-12,2.812187212862205e-15,0.9857548694132693,0.014245130579744372,0.9999578270399504
2,1,high_normal,sand_solref_interpolation_3of4_stronger_v2_0p10_v01,1,False,1279,right,sand,0.1,3,73,95.95808410644531,416.0530700683594,-1,-1,2.6139742406392677e-05,0.01378332501608495,0.9861905352415087,1.6874714545455453e-21,0.5607996384251525
2,1,high_normal,sand_solref_interpolation_2of3_0p10_v04,4,False,2829,left,sand,0.1,2,14,349.21490478515625,0.0,-1,305,6.96471100873963e-26,2.5488028440832634e-15,0.9863096254097637,0.01369037459023375,1.9138805212336647e-12
2,1,high_normal,ice_native_0p15_v01,1,False,1669,left,ice,0.15,2,14,251.61598205566406,0.0,-1,57,0.0001537389702098722,4.499784018283565e-05,0.9869399827147114,0.012861280474895936,0.6575328521520064
2,1,high_normal,ice_native_0p15_v01,1,False,1189,left,ice,0.15,3,48,125.5353012084961,250.45999145507812,-1,48,7.857741898545242e-11,2.0368234050698593e-09,0.9876337201632169,0.012366277721382195,0.02498296496703437
2,1,high_normal,sand_solref_interpolation_3of4_stronger_v2_0p10_v04,4,False,1869,left,sand,0.1,3,32,342.9279479980469,321.5804138183594,-1,-1,0.00020579834570346578,0.011221676899104195,0.9885725247551888,3.475790136282224e-15,8.390741964007719e-11
2,1,high_normal,ice_native_0p20_v01,1,False,2299,right,ice,0.2,2,13,118.57757568359375,228.86721801757812,-1,13,1.769985178692117e-08,0.00024925068014123355,0.9887205882908304,0.011030143329176458,0.9995256692524429
2,1,high_normal,ice_native_0p20_v01,1,False,589,right,ice,0.2,3,34,340.8453674316406,97.1555404663086,-1,34,1.03873956344239e-09,1.517154307765392e-05,0.9889974067057562,0.010987420712426667,0.9706116942021441
2,1,high_normal,sand_solref_interpolation_3of4_stronger_v2_0p10_v04,4,False,2489,left,sand,0.1,3,136,269.1160583496094,272.52978515625,-1,-1,0.01003086134255501,0.0002830998579921098,0.9891672478844074,0.000518790915045717,0.999997850663209
2,1,high_normal,ice_native_0p10_v01,1,False,1159,left,ice,0.1,2,23,162.2938232421875,236.15689086914062,-1,189,4.146711607447433e-12,1.0218594048137922e-05,0.9894239792556043,0.01056580214620078,0.0007391354200796021
2,1,high_normal,sand_solref_interpolation_2of3_0p15_v01,1,False,1599,left,sand,0.15,3,43,309.55474853515625,191.91421508789062,-1,-1,0.0001003244260864749,0.010410209290904759,0.9894894360180017,3.026500725636473e-08,0.21652880744166844
2,1,high_normal,ice_native_0p20_v04,4,False,2009,left,ice,0.2,2,11,223.9636688232422,324.6694641113281,-1,84,3.4354574219112684e-13,4.6240524224882384e-18,0.9898982114558458,0.010101788543810627,0.9988493916163521
2,1,high_normal,ice_native_0p20_v01,1,False,559,left,ice,0.2,2,12,139.06602478027344,55.483184814453125,-1,12,3.059001557612632e-07,1.4002513778567884e-07,0.9901155342563084,0.009884019818398097,0.752198956126033
2,1,high_normal,ice_native_0p20_v01,1,False,779,right,ice,0.2,3,64,289.64080810546875,0.0,-1,224,4.0840137401004733e-10,1.3176460465761086e-19,0.9904729710017952,0.009527028589803418,0.998733487432851
2,1,high_normal,ice_native_0p15_v04,4,False,1039,left,ice,0.15,2,22,104.44036102294922,234.25924682617188,-1,318,0.0001794730716217392,0.0003793459779900787,0.9908501880849654,0.008590992865422814,0.10146688875623842
2,1,high_normal,sand_solref_interpolation_3of4_stronger_v2_0p10_v01,1,False,1269,right,sand,0.1,3,63,109.09004211425781,461.50531005859375,-1,-1,4.839422918744453e-06,0.009089239717418854,0.9909059208596624,1.9999954695367196e-22,0.08271112261748592
2,1,high_normal,sand_solref_interpolation_5of6_stronger_v2_0p10_v04,4,False,2389,left,sand,0.1,3,50,86.48724365234375,411.22760009765625,-1,-1,9.072936321928577e-09,0.008998975608411694,0.9910010153186519,7.836140667567916e-22,0.18265961401321731
2,1,high_normal,ice_native_0p15_v04,4,False,709,right,ice,0.15,3,55,161.3005828857422,242.0523681640625,-1,340,1.9829173778926828e-17,4.438955021963662e-06,0.9910277114064469,0.008967849638531183,0.0001320950614081858
2,1,high_normal,ice_native_0p10_v01,1,False,2269,left,ice,0.1,3,278,282.7902526855469,51.48129653930664,-1,10,1.87271946526878e-11,9.931890497893953e-13,0.9912017880575091,0.00879821192277053,0.24723552021171402
2,1,high_normal,ice_native_0p10_v01,1,False,2619,right,ice,0.1,2,12,234.1922607421875,0.0,-1,469,2.5099019053369438e-12,1.1705751813977041e-17,0.9913370565802617,0.008662943417228468,1.974837387471813e-06
2,1,high_normal,sand_solref_interpolation_3of4_stronger_v2_0p10_v01,1,False,1289,right,sand,0.1,3,83,262.6805419921875,452.0120849609375,-1,-1,1.0141666040001477e-05,0.008418136946193583,0.9915717213877664,9.064358662911153e-20,0.964562133671984
2,1,high_normal,ice_native_0p10_v04,4,False,2979,right,ice,0.1,2,18,345.2138366699219,44.71842575073242,-1,342,2.3358303885571246e-20,0.008287926616925562,0.9917120733830744,4.7656252092924135e-17,0.9999999993647286
2,1,high_normal,sand_solref_interpolation_5of6_stronger_v2_0p10_v04,4,False,2459,left,sand,0.1,3,120,244.5858154296875,336.1536560058594,-1,-1,5.030269858926102e-05,0.008209658130124486,0.9917400391712861,1.8007040839837978e-16,0.9939263812761973
2,1,high_normal,ice_native_0p10_v01,1,False,1669,left,ice,0.1,2,12,234.71310424804688,0.0,-1,43,9.868202347856479e-11,7.512244307441462e-16,0.9919338123551942,0.00806618754612299,0.8064934260609571
2,1,high_normal,ice_native_0p10_v01,1,False,1329,right,ice,0.1,3,43,311.1537170410156,0.0,-1,43,2.1099281613440774e-06,0.002960778111188017,0.9922997294231256,0.0047373825375249595,0.00010841580473004909
2,1,high_normal,ice_native_0p20_v01,1,False,1119,left,ice,0.2,2,18,111.4384536743164,351.798095703125,-1,572,4.90347731506243e-09,3.620553534805594e-08,0.9923232610976127,0.007676697793374736,0.07454062132461527
2,1,high_normal,ice_native_0p15_v01,1,False,2199,left,ice,0.15,3,39,316.7570495605469,0.0,-1,587,1.0280070433033808e-09,0.00019220282297101375,0.9925098998617041,0.007297896287317966,0.6361186772719847
2,1,high_normal,sand_solref_interpolation_2of3_0p10_v04,4,False,1879,left,sand,0.1,3,77,547.071044921875,418.5978698730469,-1,-1,1.3480331031713271e-05,0.00035256466095043553,0.9931108724823215,0.0065230825256962196,0.3733894186734685
2,1,high_normal,sand_solref_interpolation_5of6_stronger_v2_0p10_v01,1,False,1339,right,sand,0.1,3,154,344.7291564941406,310.8995056152344,-1,-1,8.125802532809822e-13,3.155050799676939e-16,0.9932870919956285,0.006712908003558667,0.9617408511644452
2,1,high_normal,ice_native_0p15_v01,1,False,799,right,ice,0.15,3,78,289.4739074707031,14.603863716125488,-1,9,5.998234844819089e-11,1.971212529816153e-20,0.9933023888097915,0.006697611130226072,0.9996926669515535
2,1,high_normal,sand_solref_interpolation_5of6_stronger_v2_0p10_v01,1,False,1239,right,sand,0.1,3,54,82.76019287109375,358.06866455078125,-1,-1,8.117276463608285e-07,0.006603915288433718,0.9933952729839198,4.268601193602001e-19,0.7260368545446233
2,1,high_normal,ice_native_0p20_v01,1,False,949,left,ice,0.2,2,14,362.2942810058594,0.0,-1,402,5.096586930437957e-16,2.3562909958591346e-05,0.9933967886087003,0.006579648481340603,0.9811406235604573
2,1,high_normal,ice_native_0p10_v01,1,False,2299,left,ice,0.1,2,14,222.34332275390625,52.85394287109375,-1,40,2.8194589813523432e-11,2.4302686799709216e-10,0.993480723014096,0.0065192767146827636,0.0023206345348633205
2,1,high_normal,sand_solref_interpolation_3of4_stronger_v2_0p10_v04,4,False,2089,left,sand,0.1,3,252,37.5547981262207,0.0,-1,-1,6.090175909664144e-09,0.00011795964301820713,0.9935755755037236,0.006306458763082238,6.581306317423171e-09
2,1,high_normal,ice_native_0p20_v01,1,False,959,left,ice,0.2,2,24,326.3555603027344,0.0,-1,412,6.882332865473552e-14,2.0383781754270074e-05,0.9939931833472265,0.005986432870950282,0.9931636811113531
2,1,high_normal,sand_solref_interpolation_5of6_stronger_v2_0p10_v04,4,False,2479,left,sand,0.1,3,140,264.5208435058594,292.9142761230469,-1,-1,0.0027065940215421813,0.002577527944615902,0.9947158779919406,4.190127293876938e-11,0.999847688803808
2,1,high_normal,ice_native_0p15_v04,4,False,1349,left,ice,0.15,2,12,200.70933532714844,177.25360107421875,-1,36,4.521724961394835e-06,6.291540870837268e-05,0.9951111030877191,0.004821459778611124,0.007643886165102604
2,1,high_normal,ice_native_0p10_v01,1,False,449,right,ice,0.1,2,12,464.4234619140625,246.8336181640625,-1,182,4.22470869951872e-18,0.004762210911262808,0.9952377890887318,5.3888480904918985e-15,0.006457820633335944
2,1,high_normal,sand_solref_interpolation_5of6_stronger_v2_0p10_v04,4,False,2109,left,sand,0.1,3,241,97.36819458007812,0.0,-1,-1,2.1890333738069056e-06,0.0026670074247183845,0.9952458016589396,0.0020850018829682453,4.877965268666825e-07
2,1,high_normal,sand_solref_interpolation_5of6_stronger_v2_0p10_v04,4,False,2419,left,sand,0.1,3,80,93.10102081298828,380.364013671875,-1,-1,4.5908081370653135e-07,0.004547736003929843,0.9954518049152565,2.8581452768540303e-22,0.8162208829845385
2,1,high_normal,ice_native_0p20_v04,4,False,2529,right,ice,0.2,2,11,143.18638610839844,176.682861328125,-1,185,2.999022550041254e-06,1.2333988461546242e-07,0.9954692932798401,0.004527584357725092,0.0012833606194538863
2,1,high_normal,sand_solref_interpolation_5of6_stronger_v2_0p10_v04,4,False,2469,left,sand,0.1,3,130,292.51531982421875,332.2470703125,-1,-1,0.00046076016155420973,0.003981121204755142,0.9955581186335992,9.155904469032627e-14,0.9992043591842412
2,1,high_normal,ice_native_0p20_v01,1,False,2689,left,ice,0.2,3,44,569.4267578125,0.0,-1,330,3.7787633656177653e-19,0.004309792104011537,0.9956902078959885,4.708702586432823e-17,0.00413611337556612
2,1,high_normal,ice_native_0p20_v04,4,False,409,right,ice,0.2,4,37,210.5314178466797,0.0,-1,37,2.669224269860215e-07,0.00030200764823729416,0.9958657463863526,0.0038319790429831913,0.9999993842183806
2,1,high_normal,ice_native_0p20_v01,1,False,1069,right,ice,0.2,2,25,82.62602233886719,191.06460571289062,-1,514,2.971927255490604e-08,0.004019003538155927,0.9959799439384249,1.0228041464359708e-06,0.5724514892074338
2,1,high_normal,ice_native_0p15_v01,1,False,1829,right,ice,0.15,3,50,554.9835205078125,0.0,-1,50,6.782417512451937e-09,1.3384731142365615e-05,0.9963147052755177,0.00367190321092248,0.7539825245583017
2,1,high_normal,ice_native_0p20_v04,4,False,1259,right,ice,0.2,4,36,124.31414031982422,264.7207946777344,-1,61,1.9055892073069777e-07,1.6525630517102322e-10,0.996367633223673,0.003632176052149991,0.2417053281181835
2,1,high_normal,sand_solref_interpolation_5of6_stronger_v2_0p10_v04,4,False,2439,left,sand,0.1,3,100,107.99193572998047,351.4737854003906,-1,-1,4.083666857074136e-06,0.0035576536164767347,0.9964382627166661,3.809810165208952e-20,0.9368288189112006
2,1,high_normal,ice_native_0p10_v01,1,False,2309,left,ice,0.1,2,24,224.9713134765625,46.76048278808594,-1,50,5.260083153262214e-11,1.6209093923274012e-10,0.9965575426357054,0.0034424571496027177,0.0013124235834050103
2,1,high_normal,ice_native_0p20_v01,1,False,929,left,ice,0.2,4,100,295.4435119628906,0.0,-1,382,1.61343587303171e-14,0.000579309977365981,0.9966356386817062,0.0027850513409116476,0.992680235726917
2,1,high_normal,sand_solref_interpolation_3of4_stronger_v2_0p10_v04,4,False,1879,left,sand,0.1,3,42,356.34228515625,304.82135009765625,-1,-1,0.002197724802981732,0.0008465163387789595,0.9969557588297482,2.8490982117872967e-11,3.764538542862682e-08
2,1,high_normal,ice_native_0p20_v04,4,False,2009,right,ice,0.2,3,44,324.6694641113281,223.9636688232422,-1,370,6.938403760389751e-15,0.0029487401947533567,0.9970512598052397,3.710052711194418e-17,0.9936537311122781
2,1,high_normal,ice_native_0p20_v01,1,False,1189,left,ice,0.2,2,24,114.40695190429688,261.51708984375,-1,642,3.6102709995533327e-08,1.9790609916688135e-08,0.9974282002028193,0.002571743903860827,3.9507282014336965e-05
2,1,high_normal,ice_native_0p20_v01,1,False,1479,right,ice,0.2,2,13,184.6190185546875,0.0,-1,65,1.0867038299032941e-10,2.1933013679104608e-16,0.9974455580720161,0.0025544418193132494,4.146797051975682e-06
2,1,high_normal,ice_native_0p10_v04,4,False,589,right,ice,0.1,4,36,24.40185546875,577.5797119140625,-1,111,3.6918531666538757e-16,1.1304925729820634e-08,0.9976749981530063,0.0023249905420676072,0.9895090875074529
2,1,high_normal,ice_native_0p10_v01,1,False,529,right,ice,0.1,3,31,43.08765411376953,165.20449829101562,-1,262,3.948537554173338e-09,0.002130523696437681,0.9978000973715848,6.937498343992181e-05,0.14923424716515463
2,1,high_normal,ice_native_0p20_v01,1,False,1439,right,ice,0.2,2,25,264.0982666015625,0.0,-1,25,7.382287947946877e-08,3.423205308256077e-13,0.9980478525252641,0.0019520736515140557,7.082908712409378e-05
2,1,high_normal,ice_native_0p20_v04,4,False,2489,right,ice,0.2,2,18,15.24537467956543,191.81455993652344,-1,145,2.5171964864200235e-05,9.491018283089631e-08,0.9981330862319786,0.0018416468929744456,0.014597667510407109
2,1,high_normal,sand_solref_interpolation_3of4_stronger_v2_0p10_v04,4,False,2079,left,sand,0.1,3,242,45.91724395751953,0.0,-1,-1,9.43415495061092e-10,0.0013623519885035073,0.9981832190294361,0.00045442803864500695,1.2343531308200586e-07
2,1,high_normal,ice_native_0p10_v04,4,False,1019,left,ice,0.1,2,14,38.01194763183594,80.50169372558594,-1,156,0.0016723518105077617,3.864303856859377e-05,0.998206119555135,8.288559578877718e-05,0.10192239003939504
2,1,high_normal,sand_solref_interpolation_5of6_stronger_v2_0p10_v01,1,False,1319,right,sand,0.1,3,134,312.6402893066406,170.08981323242188,-1,-1,1.802716931883039e-05,1.3509682863652617e-09,0.9983234218030468,0.0016585496766661656,0.9883088176060881
2,1,high_normal,ice_native_0p20_v04,4,False,1239,right,ice,0.2,2,16,125.12205505371094,285.28692626953125,-1,41,6.8353970483101565e-06,1.81521077965552e-08,0.9983341326379244,0.0016590138129194913,0.002844070811603394
2,1,high_normal,ice_native_0p15_v04,4,False,409,right,ice,0.15,2,25,200.93893432617188,0.0,-1,40,6.956864512211518e-07,5.6170663855357214e-05,0.9983776718589118,0.0015654617907815834,0.999970108790695
2,1,high_normal,ice_native_0p20_v04,4,False,2139,right,ice,0.2,2,29,350.52996826171875,0.0,-1,500,3.7208812189442473e-11,0.0005580968714854298,0.998401659982789,0.0010402431085168211,0.4224019188648619
2,1,high_normal,ice_native_0p20_v01,1,False,1429,right,ice,0.2,2,15,264.98321533203125,0.0,-1,15,2.388209036526301e-07,7.646167145138147e-12,0.9985187512534607,0.0014810099179895634,2.8748435278199938e-05
2,1,high_normal,sand_solref_interpolation_5of6_stronger_v2_0p10_v04,4,False,2409,left,sand,0.1,3,70,98.12422180175781,389.03985595703125,-1,-1,6.178568590894985e-08,0.0014652369953303069,0.9985347012189839,1.0054741960023187e-22,0.5775091869158393
2,1,high_normal,ice_native_0p10_v01,1,False,2259,left,ice,0.1,3,268,278.57330322265625,50.86946105957031,-1,0,4.132381944604555e-11,6.5802055870778e-11,0.9985442515194434,0.0014557483734308266,0.08624110894803765
2,1,high_normal,ice_native_0p10_v01,1,False,2569,right,ice,0.1,4,237,285.6978454589844,0.0,-1,419,1.6961695814393702e-12,6.612522286399102e-16,0.9986157453732154,0.001384254625087829,0.40726223612551915
2,1,high_normal,ice_native_0p20_v01,1,False,789,right,ice,0.2,4,74,320.35601806640625,0.0,-1,234,5.5871311241272336e-11,3.557238538408766e-22,0.998628148292227,0.0013718516519015487,0.9993029533684323
2,1,high_normal,ice_native_0p15_v01,1,False,1629,left,ice,0.15,2,17,328.7331237792969,0.0,-1,17,1.2118117956694824e-06,0.0005378974971263929,0.9987813341934245,0.0006795564976533241,0.7274284068756589
2,1,high_normal,sand_solref_interpolation_5of6_stronger_v2_0p10_v04,4,False,2429,left,sand,0.1,3,90,114.39139556884766,364.09161376953125,-1,-1,6.679617249431574e-07,0.0011872964609089803,0.998812035577366,3.6040030170958134e-21,0.8365260020737373
2,1,high_normal,ice_native_0p20_v01,1,False,1199,left,ice,0.2,3,34,112.36314392089844,138.82376098632812,-1,652,2.5866179142317513e-09,6.2080754015555e-09,0.998813713630784,0.0011862775745225234,3.562646278934545e-05
2,1,high_normal,ice_native_0p15_v01,1,False,2029,right,ice,0.15,2,20,235.2513427734375,0.0,-1,250,3.6414807210901215e-09,1.2798258329453066e-15,0.9988571317367182,0.0011428646217997228,0.9999813022468991
2,1,high_normal,ice_native_0p15_v04,4,False,399,right,ice,0.15,2,15,194.70159912109375,0.0,-1,30,4.4240389393011955e-07,0.0010689125408462803,0.9989032102319251,2.7434823334631774e-05,0.9999850078915382
2,1,high_normal,ice_native_0p10_v04,4,False,719,right,ice,0.1,3,62,147.4393310546875,242.1063232421875,-1,241,3.779723538010433e-16,1.028945030017497e-07,0.9989508212886682,0.0010490758168283326,0.37271962911425005
2,1,high_normal,sand_solref_interpolation_3of4_stronger_v2_0p15_v01,1,False,1599,left,sand,0.15,3,48,382.15740966796875,126.332763671875,-1,-1,1.2721593486091766e-06,0.0010330461172094064,0.9989620007932434,3.680930198716915e-06,0.7866935384074457
2,1,high_normal,sand_solref_interpolation_3of4_stronger_v2_0p10_v01,1,False,1389,right,sand,0.1,3,183,417.48687744140625,684.1652221679688,-1,-1,9.769614459666231e-14,1.2747194498961447e-16,0.999001975434294,0.0009980245656081637,0.9796733116629928
2,1,high_normal,ice_native_0p15_v01,1,False,1649,left,ice,0.15,2,12,286.06005859375,0.0,-1,37,3.333162772297349e-06,0.0009002809997375889,0.9990684750626826,2.7910774807540605e-05,0.5402918262297397
2,1,high_normal,ice_native_0p10_v01,1,False,1899,right,ice,0.1,4,210,257.6304016113281,0.0,-1,2,2.1460955374376401e-10,2.6175253021941964e-08,0.9991533039487411,0.0008466696613962211,0.9987916649261699
2,1,high_normal,ice_native_0p10_v01,1,False,2419,right,ice,0.1,3,87,453.2496337890625,0.0,-1,269,5.307709619306478e-10,5.829175618452447e-07,0.999182824005856,0.000816592545811385,0.9994567246309172
2,1,high_normal,ice_native_0p20_v04,4,False,1249,right,ice,0.2,2,26,114.26946258544922,269.79998779296875,-1,51,7.4488740218155534e-06,3.7829558029704585e-08,0.9991851220191578,0.0008073912772622487,0.0015843657181604431
2,1,high_normal,ice_native_0p15_v04,4,False,619,right,ice,0.15,2,18,14.336673736572266,136.32220458984375,-1,250,3.2999709408023897e-19,0.0008035426098910844,0.999188818333519,7.639056589682905e-06,5.115275946498723e-05
2,1,high_normal,ice_native_0p15_v04,4,False,669,right,ice,0.15,2,15,105.62850952148438,320.5626220703125,-1,300,6.106089294463153e-19,4.015280337308568e-07,0.9992165983885303,0.0007830000834360352,0.05419768601967309
2,1,high_normal,sand_solref_interpolation_2of3_0p15_v01,1,False,1639,left,sand,0.15,3,83,560.5223388671875,549.3072509765625,-1,-1,3.210907300402924e-08,0.0007639762902972128,0.9992342662954663,1.72530516358178e-06,0.01021235627171605
2,1,high_normal,ice_native_0p20_v04,4,False,449,right,ice,0.2,3,31,301.79595947265625,0.0,-1,77,2.3611143510947097e-07,0.0002769190890031489,0.9992353005051833,0.0004875442943785439,0.99990471308004
2,1,high_normal,ice_native_0p20_v04,4,False,1339,left,ice,0.2,4,301,156.6244659423828,126.80626678466797,-1,104,4.479806133273856e-07,2.0553092312215486e-07,0.9992532091358858,0.0007461373525779814,0.9371197569571591
2,1,high_normal,ice_native_0p20_v01,1,False,1709,left,ice,0.2,2,12,263.3782653808594,0.0,-1,12,0.0005612872513092237,1.354460241875851e-05,0.9992749610269186,0.0001502071193533955,0.9926863257165918
2,1,high_normal,ice_native_0p15_v04,4,False,689,right,ice,0.15,3,35,82.59617614746094,260.7183837890625,-1,320,6.385075672033712e-20,2.2304012149747987e-08,0.9993651255614906,0.000634852134497323,0.010391206504569513
2,1,high_normal,ice_native_0p10_v04,4,False,579,right,ice,0.1,2,26,61.004722595214844,682.7391357421875,-1,101,8.767903663010926e-15,1.2073709250099927e-05,0.9993715027239936,0.0006164235667474845,0.8634294805329135
2,1,high_normal,ice_native_0p15_v01,1,False,2129,left,ice,0.15,3,93,540.5276489257812,0.0,-1,517,1.3302951790787728e-10,7.561775350008154e-07,0.9993887778249776,0.0006104658644578278,0.9054249463055432
2,1,high_normal,sand_solref_interpolation_3of4_stronger_v2_0p10_v04,4,False,1889,left,sand,0.1,3,52,427.8072814941406,174.03665161132812,-1,-1,0.0004872997762889004,4.3519468569788094e-05,0.9994690506891636,1.3006597782344379e-07,2.969550635870417e-07
2,1,high_normal,ice_native_0p20_v04,4,False,2099,right,ice,0.2,3,134,457.76953125,0.0,-1,460,1.613502942257582e-11,2.2156404408479434e-05,0.9994764976832753,0.0005013458961810402,0.9918780261995841
2,1,high_normal,ice_native_0p20_v04,4,False,1809,left,ice,0.2,3,43,435.11181640625,0.0,-1,574,5.228485017178619e-16,0.0004883992141340261,0.9995116007721616,1.3703904416573806e-11,0.9709523762331617
2,1,high_normal,sand_solref_interpolation_5of6_stronger_v2_0p10_v04,4,False,2449,left,sand,0.1,3,110,135.64195251464844,356.904296875,-1,-1,2.7751729737691697e-06,0.0004564498694142958,0.999540774957612,6.807785115661099e-19,0.9783702143895153
2,1,high_normal,ice_native_0p10_v01,1,False,2969,left,ice,0.1,2,12,56.652923583984375,232.8271942138672,-1,82,5.296006119251002e-06,6.8583682214816415e-15,0.9995755297154303,0.0004191742784436674,3.165172700458656e-06
2,1,high_normal,sand_solref_interpolation_3of4_stronger_v2_0p15_v01,1,False,1589,left,sand,0.15,3,38,144.2490692138672,127.71153259277344,-1,-1,4.4563527716804225e-06,0.00036563743319773667,0.9996298402680671,6.594596325624721e-08,0.3740800185133728
2,1,high_normal,ice_native_0p15_v01,1,False,1199,left,ice,0.15,4,58,120.33658599853516,147.8458251953125,-1,58,6.788880468139686e-11,1.4137856728514208e-11,0.999701233304626,0.000298766613347237,0.003989334428305313
2,1,high_normal,ice_native_0p10_v01,1,False,1079,right,ice,0.1,2,19,90.49441528320312,184.52769470214844,-1,240,3.4341407317451956e-11,0.0002798966892216751,0.9997200176110759,8.566536094792691e-08,0.846621603354943
2,1,high_normal,ice_native_0p15_v01,1,False,2159,left,ice,0.15,4,123,316.8274230957031,0.0,-1,547,1.0078671726807293e-11,2.018228450668941e-05,0.9997221592840099,0.0002576584214046512,0.0001971333455973564
2,1,high_normal,ice_native_0p20_v01,1,False,1939,right,ice,0.2,2,15,203.41390991210938,0.0,-1,68,8.856578363310769e-10,6.59094722351721e-13,0.9997423067274732,0.0002576923862100535,0.9999943502852154
2,1,high_normal,ice_native_0p10_v01,1,False,2919,left,ice,0.1,2,20,187.18385314941406,190.62356567382812,-1,32,5.171697653598648e-08,1.3345480831474002e-13,0.9997827310189668,0.0002172172639231804,3.505880315950487e-07
2,1,high_normal,ice_native_0p10_v01,1,False,2429,right,ice,0.1,3,97,347.2806091308594,0.0,-1,279,8.148820993022517e-11,5.269220483083083e-07,0.9998177438144144,0.00018172918204906614,0.9980838896688221
2,1,high_normal,sand_solref_interpolation_3of4_stronger_v2_0p10_v04,4,False,1899,left,sand,0.1,3,62,408.66790771484375,128.40084838867188,-1,-1,0.00015992460803638874,1.4370660467987079e-05,0.9998241316733726,1.5730581231238617e-06,4.451696300605714e-07
2,1,high_normal,ice_native_0p20_v04,4,False,1359,right,ice,0.2,2,11,141.56861877441406,166.77633666992188,-1,161,3.9706595739019313e-07,2.5528345059567918e-05,0.9998245081058761,0.0001495664831069291,0.0013231462983070324
2,1,high_normal,sand_solref_interpolation_3of4_stronger_v2_0p10_v04,4,False,2479,left,sand,0.1,3,126,239.18499755859375,292.5734558105469,-1,-1,0.00013982318780735047,3.400282074865783e-05,0.999825520799267,6.531921770313791e-07,0.9999988220541818
2,1,high_normal,ice_native_0p20_v01,1,False,1209,left,ice,0.2,4,44,73.74642181396484,324.0957336425781,-1,662,7.938971633806217e-10,1.1144645799708608e-11,0.9998351227948664,0.00016487640009175527,1.0627801598919273e-05
2,1,high_normal,ice_native_0p15_v04,4,False,679,right,ice,0.15,2,25,104.11331939697266,134.0405731201172,-1,310,2.5617702387738092e-19,9.206778758386956e-10,0.9998529559449273,0.0001470431343949704,4.507585393931553e-06
2,1,high_normal,sand_solref_interpolation_5of6_stronger_v2_0p10_v04,4,False,1919,left,sand,0.1,3,51,544.5199584960938,253.89617919921875,-1,-1,4.3938512457846215e-06,7.891251869091618e-05,0.9998637064387448,5.298719131834876e-05,0.0018349508788251675
2,1,high_normal,ice_native_0p20_v04,4,False,1359,left,ice,0.2,2,15,166.77633666992188,141.56861877441406,-1,124,1.7093543331966425e-07,0.00012956865650319904,0.9998702514089572,8.999106332609548e-09,0.006986320698736171
2,1,high_normal,sand_solref_interpolation_3of4_stronger_v2_0p15_v01,1,False,1619,left,sand,0.15,3,68,551.6334228515625,383.47430419921875,-1,-1,1.421040229810222e-08,1.3746016284203243e-07,0.9998744808190685,0.00012536751036628448,0.9699313386268134
2,1,high_normal,ice_native_0p15_v01,1,False,2139,left,ice,0.15,3,103,470.86566162109375,0.0,-1,527,2.106325321297752e-11,1.888741232379242e-08,0.9998780529271158,0.00012192816440859884,0.8270850645350203
2,1,high_normal,ice_native_0p20_v04,4,False,1339,right,ice,0.2,2,15,126.80626678466797,156.6244659423828,-1,141,2.4662369416886933e-07,0.00011158971992903902,0.9998788789901195,9.284666257274187e-06,0.003040964881936953
2,1,high_normal,sand_solref_interpolation_2of3_0p10_v04,4,False,1869,left,sand,0.1,3,67,558.426025390625,407.55902099609375,-1,-1,4.319715623703321e-06,6.236845334488927e-05,0.9998876577470556,4.565408397586628e-05,0.9609756040035078
2,1,high_normal,sand_solref_interpolation_2of3_0p15_v01,1,False,1619,left,sand,0.15,3,63,480.3401794433594,196.84329223632812,-1,-1,5.041666866397587e-07,1.749414192149887e-06,0.9998899318266079,0.00010781459251309987,0.9831240909475608
2,1,high_normal,ice_native_0p10_v01,1,False,2329,left,ice,0.1,2,13,201.85186767578125,54.31987762451172,-1,70,3.110935697059169e-12,7.1956345818903615e-12,0.9999035011966697,9.649879302373126e-05,7.630082827661044e-05
2,1,high_normal,ice_native_0p10_v01,1,False,1199,left,ice,0.1,4,35,133.31565856933594,135.0726318359375,-1,229,1.0500216790001563e-12,4.508120556615375e-11,0.9999104885048266,8.951144904218773e-05,0.010847207062394268
2,1,high_normal,ice_native_0p15_v04,4,False,2439,right,ice,0.15,2,11,81.00281524658203,317.4919738769531,-1,194,5.520891907704872e-15,7.072583426098083e-05,0.999929083430122,1.9073561152556453e-07,0.9976456943543763
2,1,high_normal,ice_native_0p15_v01,1,False,1889,right,ice,0.15,2,11,255.7811737060547,0.0,-1,110,6.6247290274357514e-09,6.862264559181794e-05,0.9999310314645365,3.392651424903107e-07,0.0027367156116226785
2,1,high_normal,ice_native_0p15_v01,1,False,2059,right,ice,0.15,2,14,214.99647521972656,338.0589294433594,-1,280,3.052680039422444e-11,7.398812721015728e-17,0.9999449326827003,5.5067286772946935e-05,0.9998571481105722
2,1,high_normal,sand_solref_interpolation_5of6_stronger_v2_0p10_v04,4,False,2669,left,sand,0.1,3,330,475.13226318359375,670.06591796875,-1,-1,9.408783086940523e-06,3.3524148896582136e-05,0.9999570670558806,1.2135806909306618e-11,3.145555917609586e-05
2,1,high_normal,ice_native_0p20_v01,1,False,909,left,ice,0.2,3,80,581.2744750976562,0.0,-1,362,9.595767172424406e-15,3.9811411040254184e-05,0.9999600049265681,1.836623820420641e-07,0.44410673591028343
2,1,high_normal,ice_native_0p15_v01,1,False,1909,right,ice,0.15,4,31,164.06861877441406,0.0,-1,130,7.76765466822441e-08,2.522039321119845e-06,0.9999609260967259,3.6474187406119415e-05,0.5948909150059981
2,1,high_normal,ice_native_0p15_v04,4,False,549,left,ice,0.15,2,16,179.34461975097656,0.0,-1,306,1.608112273488302e-16,3.9030853737116e-05,0.9999609691462626,9.427792609287363e-19,4.192748312751366e-06
2,1,high_normal,ice_native_0p20_v01,1,False,769,right,ice,0.2,3,54,319.2789611816406,0.0,-1,214,2.4529982301480254e-11,1.6466993700544746e-21,0.9999623568171864,3.76431582838365e-05,0.9997567903642565
2,1,high_normal,sand_solref_interpolation_5of6_stronger_v2_0p10_v04,4,False,2679,left,sand,0.1,3,340,486.1338806152344,631.7803344726562,-1,-1,7.811135179422252e-06,2.35091415300324e-05,0.9999686775560429,2.16724763166796e-09,9.050863984818091e-06
2,1,high_normal,ice_native_0p10_v04,4,False,2489,right,ice,0.1,2,14,106.05107116699219,271.55853271484375,-1,249,2.7898208549514193e-16,3.1091494923919485e-05,0.9999688352331141,7.32719616538201e-08,0.9999319905778281
2,1,high_normal,sand_solref_interpolation_5of6_stronger_v2_0p15_v01,1,False,1599,left,sand,0.15,3,51,435.76263427734375,103.15547180175781,-1,-1,2.0060920542040301e-07,1.666452995539066e-05,0.9999691191080213,1.4015752817839241e-05,0.9746156549043278
2,1,high_normal,ice_native_0p15_v04,4,False,699,right,ice,0.15,3,45,136.87677001953125,254.2215118408203,-1,330,5.987631792740181e-19,4.069884935350152e-07,0.9999701398111548,2.945320035164554e-05,0.030033072332813975
2,1,high_normal,ice_native_0p10_v01,1,False,2359,left,ice,0.1,2,17,136.15756225585938,297.40631103515625,-1,100,1.286791969488637e-11,1.1476535002611896e-13,0.9999720730696469,2.7926917370627775e-05,7.1162035724608295e-06
2,1,high_normal,sand_solref_interpolation_5of6_stronger_v2_0p15_v01,1,False,1589,left,sand,0.15,3,41,162.82546997070312,129.11727905273438,-1,-1,2.2610135230045214e-07,2.575720356840909e-05,0.9999739935942438,2.310083548773855e-08,0.6003914471352223
2,1,high_normal,ice_native_0p15_v04,4,False,2959,left,ice,0.15,3,59,336.1791076660156,0.0,-1,907,7.534784815972919e-15,2.531651692356642e-05,0.9999746834649842,1.8084675480842676e-11,0.999959394457951
2,1,high_normal,sand_solref_interpolation_3of4_stronger_v2_0p10_v04,4,False,2459,left,sand,0.1,3,106,220.39096069335938,330.3719787597656,-1,-1,2.016338492441659e-06,2.3226849249184838e-05,0.9999747568056965,6.561948878763061e-12,0.9999964696569104
2,1,high_normal,ice_native_0p20_v01,1,False,2019,right,ice,0.2,2,14,184.3933563232422,0.0,-1,148,1.6445036771849033e-05,4.2829323351095497e-10,0.9999760857974467,7.468737488154384e-06,0.9999999999031723
2,1,high_normal,sand_solref_interpolation_3of4_stronger_v2_0p10_v04,4,False,2399,left,sand,0.1,3,46,76.4528579711914,381.65582275390625,-1,-1,6.613775739596649e-09,2.318014896251212e-05,0.9999768132372617,1.1224709083179232e-18,0.9274268202245635
2,1,high_normal,ice_native_0p10_v04,4,False,2939,right,ice,0.1,2,16,236.44113159179688,264.558837890625,-1,302,1.7232143346550994e-18,2.146071780761584e-05,0.999978539282192,1.590265993520562e-16,0.9999072992981383
2,1,high_normal,sand_solref_interpolation_3of4_stronger_v2_0p15_v01,1,False,1629,left,sand,0.15,3,78,640.3919677734375,654.0345458984375,-1,-1,1.3111921423716473e-09,1.526563118984358e-05,0.9999808425391423,3.890518475676682e-06,0.02726835433648482
2,1,high_normal,ice_native_0p15_v04,4,False,2409,right,ice,0.15,2,14,63.81269454956055,342.4107666015625,-1,164,2.7399277162406667e-15,1.0165740325670976e-05,0.9999809888904485,8.845369222976956e-06,0.6114384478548784
2,1,high_normal,sand_solref_interpolation_3of4_stronger_v2_0p10_v04,4,False,2669,left,sand,0.1,3,316,563.9383544921875,539.8799438476562,-1,-1,2.6685054261240983e-06,1.534178691323787e-05,0.9999819897076385,2.2095268453232285e-14,0.0002842008708954632
2,1,high_normal,ice_native_0p20_v04,4,False,1399,left,ice,0.2,2,12,160.3834991455078,72.54740142822266,-1,164,3.5574501599583583e-09,1.715715006536725e-05,0.9999828392755297,1.6954920045641193e-11,2.191602350905788e-06
2,1,high_normal,sand_solref_interpolation_3of4_stronger_v2_0p10_v04,4,False,2469,left,sand,0.1,3,116,263.0044860839844,324.1544189453125,-1,-1,1.0025951429405282e-05,6.60062401941773e-06,0.9999833691922838,4.232267457218892e-09,0.9999995427139972
2,1,high_normal,sand_solref_interpolation_5of6_stronger_v2_0p15_v01,1,False,1619,left,sand,0.15,3,71,560.1849975585938,437.7511291503906,-1,-1,1.647018887512971e-09,8.572083178967206e-08,0.9999842410297829,1.567160236626073e-05,0.9906030373113625
2,1,high_normal,ice_native_0p15_v01,1,False,1969,right,ice,0.15,2,11,304.04156494140625,0.0,-1,190,3.907592432636188e-08,2.1637703835390775e-11,0.9999880684762401,1.1892426197772535e-05,0.9990235958030065
2,1,high_normal,sand_solref_interpolation_3of4_stronger_v2_0p10_v04,4,False,1939,left,sand,0.1,3,102,542.465576171875,514.75390625,-1,-1,1.054579919487914e-05,7.436222117468118e-08,0.9999885823090219,7.975295621370844e-07,1.7411423454456194e-08
2,1,high_normal,ice_native_0p15_v01,1,False,2149,left,ice,0.15,3,113,392.92376708984375,0.0,-1,537,2.057974357040407e-12,9.865099889641989e-08,0.9999906084789563,9.29286798677864e-06,0.00416068367221711
2,1,high_normal,sand_solref_interpolation_5of6_stronger_v2_0p10_v01,1,False,1359,right,sand,0.1,4,174,205.35372924804688,823.7786865234375,-1,-1,4.091542040912284e-19,2.4664825720630137e-19,0.9999907470362426,9.25296375743935e-06,0.9997302324699351
2,1,high_normal,ice_native_0p10_v01,1,False,1179,left,ice,0.1,2,15,161.48638916015625,216.8546905517578,-1,209,3.4840986367629717e-12,8.506635286641499e-09,0.999990861247737,9.130242143546282e-06,0.0003330861343816982
2,1,high_normal,sand_solref_interpolation_3of4_stronger_v2_0p10_v04,4,False,2379,left,sand,0.1,2,26,69.85202026367188,394.5026550292969,-1,-1,8.453548259121702e-11,7.797895654279887e-06,0.9999922020198103,8.350568982816196e-21,0.23510224924419654
2,1,high_normal,ice_native_0p15_v04,4,False,2419,right,ice,0.15,2,24,64.75780487060547,332.07977294921875,-1,174,2.9245828742641487e-15,7.075496092437973e-06,0.9999923275528773,5.96951027470195e-07,0.8665781006208836
2,1,high_normal,sand_solref_interpolation_5of6_stronger_v2_0p15_v01,1,False,1629,left,sand,0.15,3,81,660.857421875,679.1980590820312,-1,-1,1.343593926795817e-11,6.8191739787269424e-06,0.999992452295117,7.285174683687491e-07,0.21574926287857576
2,1,high_normal,ice_native_0p20_v01,1,False,919,left,ice,0.2,3,90,493.9739074707031,0.0,-1,372,1.8770470974673383e-16,1.4525768322742296e-08,0.9999937380806679,6.247393563632645e-06,0.7323495080056222
2,1,high_normal,sand_solref_interpolation_3of4_stronger_v2_0p10_v04,4,False,1909,left,sand,0.1,3,72,578.2672119140625,358.97894287109375,-1,-1,5.927850425827784e-06,6.267656863625317e-08,0.9999939965752352,1.2897770268203834e-08,1.0314502814743168e-05
2,1,high_normal,sand_solref_interpolation_5of6_stronger_v2_0p10_v04,4,False,1929,left,sand,0.1,3,61,562.453857421875,474.69537353515625,-1,-1,2.514346067018909e-07,5.653749257680787e-06,0.9999940597001866,3.5115948900275776e-08,0.004455349275519678
2,1,high_normal,ice_native_0p10_v04,4,False,2989,right,ice,0.1,2,28,259.86785888671875,243.01268005371094,-1,352,1.0770993827365708e-21,4.968163560310414e-06,0.9999950318360792,3.6055157113347117e-13,0.9999999975792906
2,1,high_normal,sand_solref_interpolation_3of4_stronger_v2_0p10_v04,4,False,2439,left,sand,0.1,3,86,99.80374908447266,356.886474609375,-1,-1,8.873256535846957e-07,3.5546337828506843e-06,0.999995558040562,1.45277959445266e-15,0.9997900076900268
2,1,high_normal,sand_solref_interpolation_2of3_0p15_v01,1,False,1609,left,sand,0.15,3,53,521.962890625,205.1620330810547,-1,-1,1.4692129353246982e-07,3.6579306594346068e-06,0.9999960885976857,1.0655036129118453e-07,0.9885827032968117
2,1,high_normal,sand_solref_interpolation_3of4_stronger_v2_0p10_v04,4,False,2449,left,sand,0.1,3,96,217.518798828125,350.2970886230469,-1,-1,4.522303346424283e-07,3.300035176369484e-06,0.9999962477344485,4.033182236252822e-14,0.9999846858727751
2,1,high_normal,sand_solref_interpolation_3of4_stronger_v2_0p10_v01,1,False,1409,right,sand,0.1,4,203,338.9410705566406,1073.487548828125,-1,-1,6.168446388937188e-15,8.927650680777046e-08,0.999996282647911,3.628075576170182e-06,0.9991270471564098
2,1,high_normal,sand_solref_interpolation_2of3_0p15_v01,1,False,1629,left,sand,0.15,3,73,604.45947265625,592.2383422851562,-1,-1,9.500104443948588e-09,3.3636200639585634e-06,0.9999965198324725,1.0704735902834989e-07,0.8041560232529893
2,1,high_normal,sand_solref_interpolation_5of6_stronger_v2_0p10_v04,4,False,1939,left,sand,0.1,3,71,573.1443481445312,339.9496765136719,-1,-1,2.0258765114363547e-07,3.0656937819674123e-06,0.999996637930295,9.378827171040298e-08,0.011749800328611695
2,1,high_normal,sand_solref_interpolation_3of4_stronger_v2_0p10_v04,4,False,2679,left,sand,0.1,3,326,456.7603759765625,535.6760864257812,-1,-1,5.701422673523565e-10,3.3162098000684704e-06,0.9999966832200532,4.4655760871074965e-15,0.00013039480073340722
2,1,high_normal,sand_solref_interpolation_3of4_stronger_v2_0p10_v04,4,False,2419,left,sand,0.1,3,66,84.80048370361328,367.09796142578125,-1,-1,1.1470655334360702e-07,2.889042779542657e-06,0.9999969962506672,2.0523339153240246e-17,0.9946682439256165
2,1,high_normal,ice_native_0p15_v04,4,False,2969,left,ice,0.15,3,69,281.260498046875,0.0,-1,917,7.983946196441263e-13,2.9170555938434895e-06,0.9999970828297253,1.138824289077996e-10,0.9999914839504089
2,1,high_normal,ice_native_0p20_v04,4,False,1319,right,ice,0.2,2,24,28.435062408447266,213.96395874023438,-1,121,3.042183248798931e-07,4.959887628352431e-07,0.9999971069468312,2.0928460810078718e-06,0.01679114283842057
2,1,high_normal,ice_native_0p10_v04,4,False,2999,right,ice,0.1,4,38,208.7877197265625,79.83882141113281,-1,362,4.0752723303461407e-19,2.5692704282630533e-06,0.9999971474923457,2.8323722607759355e-07,0.9999999995764575
2,1,high_normal,ice_native_0p20_v04,4,False,1279,right,ice,0.2,2,12,131.09103393554688,241.39247131347656,-1,81,3.124325269863843e-07,5.7588960097240376e-08,0.9999974716546142,2.1583238987651768e-06,0.01099238341542401
2,1,high_normal,ice_native_0p10_v04,4,False,2459,right,ice,0.1,2,21,88.36897277832031,296.5221862792969,-1,219,3.687717991625258e-18,2.3147822975011334e-06,0.9999976849374106,2.802917897818788e-10,0.9045322774506799
2,1,high_normal,sand_solref_interpolation_3of4_stronger_v2_0p10_v04,4,False,1919,left,sand,0.1,3,82,582.2537841796875,386.393310546875,-1,-1,2.049661181075432e-06,8.257844751593637e-09,0.9999978816366095,6.044436471658321e-08,6.373059148783874e-06
2,1,high_normal,sand_solref_interpolation_3of4_stronger_v2_0p10_v04,4,False,2429,left,sand,0.1,3,76,104.58377838134766,370.005859375,-1,-1,2.0600477150067216e-07,1.4605836058600035e-06,0.9999983334116225,2.49283753824703e-16,0.9990722116180693
2,1,high_normal,ice_native_0p10_v04,4,False,569,right,ice,0.1,2,16,65.9469985961914,757.5419921875,-1,91,2.5701695535258802e-14,1.4027154605303154e-06,0.9999984248936246,1.7239088933485957e-07,0.14445346914525095
2,1,high_normal,ice_native_0p15_v04,4,False,2999,left,ice,0.15,4,99,290.67852783203125,0.0,-1,947,2.084377172132167e-08,2.6138539413090954e-09,0.9999984743111898,1.5022311845583762e-06,0.9999999327997676
2,1,high_normal,sand_solref_interpolation_5of6_stronger_v2_0p10_v04,4,False,2689,left,sand,0.1,4,350,425.13763427734375,708.6553955078125,-1,-1,6.41554705760901e-08,1.437389493429531e-06,0.9999984774679955,2.098704064733395e-08,0.00019567194284866879
2,1,high_normal,sand_solref_interpolation_5of6_stronger_v2_0p10_v04,4,False,1959,left,sand,0.1,3,91,564.27880859375,415.77447509765625,-1,-1,1.2764195675122128e-06,3.927170337095871e-08,0.9999985084277262,1.7588100306394712e-07,0.008876086802193709
2,1,high_normal,sand_solref_interpolation_5of6_stronger_v2_0p10_v01,1,False,1309,right,sand,0.1,3,124,347.0719909667969,174.1186981201172,-1,-1,1.2961062121381719e-06,1.1824003449661997e-09,0.9999985595109493,1.4320043814801828e-07,0.9993512697369018
2,1,high_normal,ice_native_0p20_v01,1,False,2709,left,ice,0.2,3,64,237.46826171875,0.0,-1,350,6.752812652267267e-20,1.3982784331525502e-06,0.9999985864013318,1.532023512187385e-08,0.004592792125230739
2,1,high_normal,ice_native_0p15_v01,1,False,1999,right,ice,0.15,4,41,272.2149353027344,0.0,-1,220,1.2539606889386497e-10,1.2771112092457481e-16,0.9999985912061015,1.4086685024211124e-06,0.9992573486129117
2,1,high_normal,ice_native_0p10_v01,1,False,1189,left,ice,0.1,2,25,140.47154235839844,134.5151824951172,-1,219,2.7279906539761743e-12,2.260953403697593e-09,0.9999986526084788,1.345127839868121e-06,0.000792120176739646
2,1,high_normal,ice_native_0p15_v01,1,False,2439,left,ice,0.15,2,11,231.56008911132812,43.35131072998047,-1,11,5.609969819115319e-17,4.2062611766211667e-08,0.9999986848770159,1.273060372115536e-06,0.0005674336523699739
2,1,high_normal,ice_native_0p15_v01,1,False,1979,right,ice,0.15,2,21,181.80152893066406,0.0,-1,200,5.46059916843152e-09,1.3364335883081688e-11,0.9999987716937044,1.2228323322046054e-06,0.990211776566166
2,1,high_normal,sand_solref_interpolation_3of4_stronger_v2_0p10_v04,4,False,1929,left,sand,0.1,3,92,552.5078735351562,539.897705078125,-1,-1,1.107856385663066e-06,7.971425010977127e-09,0.999998871413098,1.2759091474919295e-08,1.7823797170993056e-07
2,1,high_normal,ice_native_0p10_v04,4,False,2949,right,ice,0.1,2,26,242.5342559814453,218.19259643554688,-1,312,6.024461430946364e-20,9.772519722184278e-07,0.9999990227480278,5.204968515542692e-19,0.999999977972132
2,1,high_normal,sand_solref_interpolation_5of6_stronger_v2_0p10_v01,1,False,1299,right,sand,0.1,3,114,282.31695556640625,174.07965087890625,-1,-1,9.455079090512453e-07,1.941666175036674e-09,0.9999990522808015,2.696231931109885e-10,0.9992706548673598
2,1,high_normal,sand_solref_interpolation_3of4_stronger_v2_0p10_v04,4,False,2409,left,sand,0.1,3,56,89.03031921386719,378.87567138671875,-1,-1,1.97108565650639e-08,9.084681172433616e-07,0.9999990718210261,4.5050574431042045e-18,0.974046535662606
2,1,high_normal,sand_solref_interpolation_5of6_stronger_v2_0p10_v01,1,False,1349,right,sand,0.1,3,164,262.7376403808594,774.4119873046875,-1,-1,1.2854087493202989e-17,2.1419455516889712e-16,0.9999993281381678,6.718618320177251e-07,0.9997485489785014
2,1,high_normal,sand_solref_interpolation_3of4_stronger_v2_0p10_v04,4,False,2389,left,sand,0.1,3,36,81.27498626708984,389.8937683105469,-1,-1,1.1555085026218944e-10,6.204324169151103e-07,0.9999993794520321,1.6727559050005222e-19,0.8213946073667853
2,1,high_normal,ice_native_0p15_v01,1,False,2449,left,ice,0.15,2,21,212.20693969726562,21.636188507080078,-1,21,5.37495900213657e-17,1.2986885923560865e-07,0.9999995130842386,3.570469020453441e-07,2.5430459427775136e-06
2,1,high_normal,ice_native_0p20_v04,4,False,1839,left,ice,0.2,4,73,337.8049011230469,0.0,-1,604,2.390168706756217e-11,8.494606461417195e-11,0.9999995277474135,4.7214373877686754e-07,0.9999963917510973
2,1,high_normal,ice_native_0p20_v04,4,False,1309,right,ice,0.2,2,14,40.575721740722656,214.76712036132812,-1,111,4.3203146375322344e-08,3.014997350697053e-08,0.9999995762076184,3.504392618559934e-07,0.012717382973406372
2,1,high_normal,ice_native_0p15_v01,1,False,2329,right,ice,0.15,2,23,688.0147094726562,0.0,-1,550,1.7550297956990308e-22,3.4509360676577843e-07,0.9999996549063933,5.795101229066824e-17,0.9740491507851874
2,1,high_normal,ice_native_0p10_v04,4,False,649,right,ice,0.1,2,23,113.53102111816406,332.77911376953125,-1,171,2.3805907407345417e-22,5.5712064738538704e-08,0.9999997307229461,2.1356498904886372e-07,5.5066012449370024e-05
2,1,high_normal,sand_solref_interpolation_5of6_stronger_v2_0p10_v01,1,False,1289,right,sand,0.1,3,104,329.4165344238281,235.0158233642578,-1,-1,2.396693031718164e-07,1.0391017338280771e-10,0.9999997602264925,2.94158976888831e-13,0.9995133172630767
2,1,high_normal,sand_solref_interpolation_5of6_stronger_v2_0p10_v04,4,False,1969,left,sand,0.1,3,101,539.6635131835938,514.8196411132812,-1,-1,1.1148854660085016e-07,4.508650260577102e-08,0.9999998004967178,4.292823303806864e-08,0.006007232845498894
2,1,high_normal,ice_native_0p15_v01,1,False,2319,left,ice,0.15,2,11,57.842830657958984,700.32763671875,-1,707,8.242691774864868e-15,1.6058456824785163e-11,0.9999998235594454,1.7642448784851926e-07,1.2553298112305532e-05
2,1,high_normal,ice_native_0p10_v04,4,False,669,right,ice,0.1,2,12,143.69580078125,280.4990234375,-1,191,5.48322581145039e-22,1.72466420972545e-07,0.9999998248733961,2.660182864514188e-09,1.3299455983199622e-06
2,1,high_normal,sand_solref_interpolation_3of4_stronger_v2_0p15_v01,1,False,1609,left,sand,0.15,3,58,582.339599609375,380.8976745605469,-1,-1,3.251427833289933e-09,1.1067974485387412e-07,0.9999998443602949,4.170853236444e-08,0.9967781146632686
2,1,high_normal,sand_solref_interpolation_5of6_stronger_v2_0p10_v01,1,False,1249,right,sand,0.1,3,64,109.63455963134766,309.9919128417969,-1,-1,1.2847346347790375e-08,1.1404724528469569e-07,0.9999998731054084,8.865105704389703e-20,0.9806625986846119
2,1,high_normal,sand_solref_interpolation_5of6_stronger_v2_0p10_v01,1,False,1259,right,sand,0.1,3,74,99.45619201660156,342.33172607421875,-1,-1,9.955110654990998e-08,7.346207238942286e-09,0.9999998931026862,2.014660886356743e-19,0.996296525270481
2,1,high_normal,sand_solref_interpolation_5of6_stronger_v2_0p10_v04,4,False,1949,left,sand,0.1,3,81,573.7700805664062,428.9186706542969,-1,-1,6.253036666280218e-08,1.8059344405619382e-08,0.9999999179407145,1.469574450893565e-09,0.03507575709696693
2,1,high_normal,sand_solref_interpolation_5of6_stronger_v2_0p15_v01,1,False,1609,left,sand,0.15,3,61,589.9974975585938,430.5546569824219,-1,-1,6.273911902838099e-10,3.795672306781361e-08,0.9999999400718951,2.134399072510124e-08,0.99871204194053
2,1,high_normal,ice_native_0p10_v04,4,False,2449,right,ice,0.1,2,11,91.7806625366211,297.53521728515625,-1,209,1.9533351449145274e-17,5.415134491549033e-08,0.9999999452158249,6.328302973240128e-10,0.35389423199850367
2,1,high_normal,ice_native_0p10_v04,4,False,709,right,ice,0.1,3,52,147.77638244628906,60.93057632446289,-1,231,1.5956574485424598e-19,8.754816217970717e-13,0.9999999577783456,4.222077876205482e-08,0.0015514374343155604
2,1,high_normal,ice_native_0p15_v04,4,False,649,right,ice,0.15,2,12,59.147613525390625,244.46197509765625,-1,280,8.415743063813667e-21,1.055005572388393e-13,0.9999999765673088,2.3432585733021736e-08,0.29840481316711354
2,1,high_normal,sand_solref_interpolation_5of6_stronger_v2_0p10_v01,1,False,1279,right,sand,0.1,3,94,252.91236877441406,264.5825500488281,-1,-1,2.030972049878161e-08,1.8083629744582406e-09,0.9999999778819164,6.12060709933149e-17,0.9999967421498531
2,1,high_normal,ice_native_0p20_v01,1,False,2769,right,ice,0.2,2,19,82.88188934326172,322.6394958496094,-1,181,3.305213758608203e-16,1.9645099819094902e-08,0.9999999803494738,5.4260664988555376e-12,0.09394994505467189
2,1,high_normal,ice_native_0p10_v04,4,False,699,right,ice,0.1,3,42,145.09173583984375,251.46548461914062,-1,221,3.429948510952604e-21,1.7400063824696208e-11,0.9999999857925268,1.4190073129293472e-08,0.0037026958598667436
2,1,high_normal,ice_native_0p15_v01,1,False,1219,left,ice,0.15,2,11,74.0517807006836,175.22447204589844,-1,78,2.3052804593482163e-10,4.548025049029336e-12,0.9999999885745178,1.1190405946701982e-08,3.8424983300294165e-10
2,1,high_normal,sand_solref_interpolation_3of4_stronger_v2_0p10_v04,4,False,2369,left,sand,0.1,2,16,77.23894500732422,403.3929748535156,-1,-1,2.441395529913213e-13,1.0579119363894713e-08,0.9999999894206365,6.22519347391903e-22,0.3654588150205595
2,1,high_normal,ice_native_0p15_v01,1,False,1989,right,ice,0.15,3,31,290.5989990234375,0.0,-1,210,1.4476867138702822e-12,2.0119804643531484e-16,0.9999999895012811,1.0497271012486121e-08,0.9999895051381589
2,1,high_normal,ice_native_0p20_v01,1,False,2779,right,ice,0.2,2,29,77.60865783691406,319.6278381347656,-1,191,5.90931717293988e-17,1.0377472101532695e-08,0.999999989620651,1.8770501322675592e-12,0.6474159500555854
2,1,high_normal,ice_native_0p20_v04,4,False,1829,left,ice,0.2,3,63,340.8288269042969,0.0,-1,594,7.757832674104968e-14,7.452613423617276e-10,0.9999999917670256,7.487635561586915e-09,0.9999932587679408
2,1,high_normal,sand_solref_interpolation_5of6_stronger_v2_0p10_v01,1,False,1269,right,sand,0.1,3,84,261.03497314453125,363.29742431640625,-1,-1,6.9859020956931575e-09,6.409921162114766e-11,0.9999999929499988,3.783696115175349e-19,0.9997706574134347
2,1,high_normal,sand_solref_interpolation_3of4_stronger_v2_0p10_v04,4,False,2689,left,sand,0.1,4,336,388.740234375,620.8389892578125,-1,-1,1.0438232823884469e-15,2.78110432583398e-09,0.9999999972188796,1.512230642865728e-14,0.20224770603594655
2,1,high_normal,ice_native_0p15_v01,1,False,2369,right,ice,0.15,3,63,224.40167236328125,0.0,-1,590,2.6510152910980753e-20,1.07295669206475e-13,0.9999999981386674,1.861225338626644e-09,0.9972713739574199
2,1,high_normal,ice_native_0p10_v04,4,False,2959,right,ice,0.1,4,36,221.7079315185547,241.68377685546875,-1,322,1.0415817570542296e-20,1.4881402892364151e-09,0.9999999985118597,1.3249955695995506e-18,0.9999999999097788
2,1,high_normal,ice_native_0p15_v04,4,False,2979,left,ice,0.15,3,79,280.1401062011719,0.0,-1,927,1.1265014434404566e-11,2.5568981932301496e-10,0.9999999987404145,9.92630583811139e-10,0.9999995348809984
2,1,high_normal,ice_native_0p10_v04,4,False,2469,right,ice,0.1,4,31,96.44204711914062,294.37872314453125,-1,229,6.2064640186764985e-19,9.759014203524178e-10,0.9999999990092803,1.4818320713283093e-11,0.9936807331990996
2,1,high_normal,ice_native_0p10_v04,4,False,679,right,ice,0.1,2,22,136.22201538085938,269.4984130859375,-1,201,1.711537628612186e-22,8.114873510450538e-10,0.9999999991232476,6.526521806646298e-11,0.0001464356422366782
2,1,high_normal,ice_native_0p15_v04,4,False,2989,left,ice,0.15,3,89,320.3277282714844,0.0,-1,937,5.09922660309213e-10,6.327664451293122e-11,0.9999999991654445,2.613562566020319e-10,0.9999996576928057
2,1,high_normal,ice_native_0p10_v01,1,False,2589,right,ice,0.1,2,19,264.0502624511719,0.0,-1,439,1.3688975724502194e-14,5.828480318388698e-16,0.9999999995872393,4.1274640488324496e-10,0.0014375969759038035
2,1,high_normal,ice_native_0p10_v04,4,False,689,right,ice,0.1,3,32,153.80575561523438,254.20257568359375,-1,211,1.0137779739641133e-23,3.7535856292016126e-13,0.9999999999201348,7.948997765905805e-11,0.000609630668035165
2,1,high_normal,ice_native_0p15_v01,1,False,2339,right,ice,0.15,3,33,541.5963134765625,40.52164840698242,-1,560,4.832243311790112e-25,1.54692705042086e-11,0.9999999999845308,6.447677945901484e-17,0.9970807093742909
2,1,high_normal,ice_native_0p15_v01,1,False,2349,right,ice,0.15,3,43,395.50030517578125,0.0,-1,570,3.1075535258358625e-25,4.1596071555487376e-13,0.9999999999995841,1.0592428702236586e-17,0.993989945533015
2,1,high_normal,ice_native_0p20_v04,4,False,2619,left,ice,0.2,2,14,146.75509643554688,199.56716918945312,-1,22,5.610448123666258e-14,2.53382532906579e-15,0.9999999999997613,1.8005489069113989e-13,1.02489917910534e-06
2,1,high_normal,ice_native_0p20_v04,4,False,2629,left,ice,0.2,2,24,149.55638122558594,244.41334533691406,-1,32,5.716474948430648e-14,1.3584919512642807e-14,0.9999999999998186,1.1057434176276802e-13,1.089413873134964e-07
2,1,high_normal,ice_native_0p15_v01,1,False,2359,right,ice,0.15,3,53,340.0460510253906,47.95569610595703,-1,580,3.7307755702803856e-23,2.3169326110476334e-16,0.9999999999999307,6.912482683960457e-14,0.9913148560044195
2,1,high_early_precursor,ice_native_0p15_v04,4,False,1139,left,ice,0.15,3,90,337.0099182128906,97.78871154785156,150,418,2.456664534569203e-05,0.0001180137685932655,0.7312419624651222,0.26861545712093887,0.9867630071558007
2,1,high_early_precursor,sand_solref_interpolation_5of6_stronger_v2_0p10_v04,4,False,2319,right,sand,0.1,3,192,469.8102111816406,66.62871551513672,149,343,0.05606116460571623,0.003384047961476063,0.7448030167497586,0.1957517706830491,0.0011008401669991698
2,1,high_early_precursor,ice_native_0p15_v04,4,False,1369,right,ice,0.15,2,18,236.06085205078125,179.87245178222656,118,294,2.324510534023564e-06,0.22508233489729648,0.7478681861207185,0.0270471544714511,0.8994992895674672
2,1,high_early_precursor,ice_native_0p10_v04,4,False,1979,right,ice,0.1,3,35,196.9490509033203,153.2414093017578,259,315,0.00022333070470321198,0.023846038017659197,0.7500017622950498,0.22592886898258777,0.18641948483457801
2,1,high_early_precursor,sand_solref_interpolation_5of6_stronger_v2_0p10_v04,4,False,2229,right,sand,0.1,3,102,591.6001586914062,0.0,239,253,0.09849488993399859,0.12545859132297013,0.776045933296053,5.854469782383067e-07,0.005925936719389749
2,1,high_early_precursor,ice_native_0p10_v04,4,False,2109,right,ice,0.1,3,165,311.6173400878906,0.0,129,445,0.00013590760970456526,4.0731811203614454e-05,0.7887988613315975,0.21102449924749436,0.313117110702865
2,1,high_early_precursor,ice_native_0p10_v01,1,False,599,right,ice,0.1,3,59,290.7293701171875,103.9765396118164,211,332,2.3687435915984035e-06,0.19948786562379717,0.7970130515574759,0.0034967140751354345,0.9718828710093155
2,1,high_early_precursor,sand_solref_interpolation_5of6_stronger_v2_0p10_v04,4,False,2349,right,sand,0.1,3,222,450.42657470703125,72.77225494384766,119,373,8.173551663756542e-06,0.19339087305327554,0.8066008881232513,6.527180958283985e-08,2.2880588508137642e-06
2,1,high_early_precursor,ice_native_0p20_v01,1,False,2409,right,ice,0.2,3,82,370.211181640625,89.9360580444336,177,123,1.1969817230868459e-06,0.0015786223450287554,0.8071593153381064,0.1912608653351418,0.41901206531571755
2,1,high_early_precursor,ice_native_0p10_v04,4,False,1129,left,ice,0.1,3,83,407.71734619140625,72.47863006591797,161,266,6.95685142757466e-06,0.006605108071998611,0.8166791902229309,0.17670874485364296,0.9261195591002762
2,1,high_early_precursor,ice_native_0p10_v04,4,False,2009,right,ice,0.1,3,65,246.9541015625,136.6337127685547,229,345,9.417919419170473e-05,0.044229017053231734,0.824731299375537,0.13094550437703953,0.03527945307122369
2,1,high_early_precursor,ice_native_0p20_v01,1,False,2389,right,ice,0.2,3,62,84.56828308105469,132.8059539794922,197,103,3.1719130455491897e-10,2.1033888223186814e-05,0.8479748015365216,0.15200416425806382,0.9999830348419744
2,1,high_early_precursor,sand_solref_interpolation_3of4_stronger_v2_0p10_v04,4,False,2209,right,sand,0.1,3,109,635.9806518554688,0.0,277,255,6.287425340388136e-05,0.11252438578780177,0.8874127292455822,1.0713211996890108e-08,0.0002689510160899043
2,1,high_early_precursor,ice_native_0p10_v04,4,False,1969,right,ice,0.1,2,25,205.13514709472656,160.39697265625,269,305,0.00018973605940260984,0.10434548617068581,0.8884004371701327,0.007064340599778873,0.007045614325954721
2,1,high_early_precursor,ice_native_0p10_v04,4,False,1959,right,ice,0.1,2,15,167.63783264160156,66.87866973876953,279,295,0.0006134254374329997,0.0933195630873946,0.9055320238649777,0.0005349876101946466,0.0007941061550761986
2,1,high_early_precursor,ice_native_0p10_v01,1,False,589,right,ice,0.1,3,49,302.82781982421875,82.37348175048828,221,322,2.24569364149042e-05,0.07822733347182653,0.9207057382622208,0.001044471329537792,0.9850630618329017
2,1,high_early_precursor,sand_solref_interpolation_3of4_stronger_v2_0p10_v04,4,False,2189,right,sand,0.1,3,89,652.610595703125,0.0,297,235,0.001793883278816275,0.02886261033515825,0.9474484142787306,0.02189509210729499,1.6578401796208256e-06
2,1,high_early_precursor,ice_native_0p10_v01,1,False,579,right,ice,0.1,3,39,247.25433349609375,123.96920776367188,231,312,7.009304487220634e-06,0.041562421026614706,0.9578491508217855,0.0005814188471126957,0.7256979289694249
2,1,high_early_precursor,ice_native_0p20_v04,4,False,969,right,ice,0.2,3,253,211.0270538330078,0.0,106,597,0.0007965650393542865,0.040679568930098664,0.9582685294038142,0.00025533662673294635,0.9354245852200331
2,1,high_early_precursor,sand_solref_interpolation_3of4_stronger_v2_0p10_v04,4,False,2199,right,sand,0.1,3,99,671.1112060546875,0.0,287,245,0.00012517072631076776,0.03802192459733849,0.9618512220784333,1.682597917548156e-06,0.00010252172066956866
2,1,high_early_precursor,sand_solref_interpolation_3of4_stronger_v2_0p10_v04,4,False,2219,right,sand,0.1,3,119,611.4276123046875,0.0,267,265,1.5108048431601431e-06,0.037222174277509304,0.962776314859243,5.840459497212454e-11,0.0020067156603339447
2,1,high_early_precursor,sand_solref_interpolation_3of4_stronger_v2_0p10_v04,4,False,2229,right,sand,0.1,3,129,581.2619018554688,0.0,257,275,9.596157950988334e-06,0.0365585386277182,0.9634318650297276,1.846033278081419e-10,0.0053413729181083286
2,1,high_early_precursor,ice_native_0p10_v04,4,False,1069,left,ice,0.1,2,23,163.8235321044922,154.7828826904297,221,206,4.2112291580078364e-06,0.027547016803570433,0.9724352374549203,1.3534512351128343e-05,0.0026554930122681827
2,1,high_early_precursor,sand_solref_interpolation_5of6_stronger_v2_0p10_v04,4,False,2239,right,sand,0.1,3,112,585.0896606445312,0.0,229,263,0.005576979022913572,0.01355849585906072,0.9808645242564077,8.616179758115028e-10,0.06468602263518108
2,1,high_early_precursor,ice_native_0p15_v04,4,False,1119,left,ice,0.15,3,70,278.6697998046875,127.15565490722656,170,398,1.713783272362675e-07,2.1350034364577728e-07,0.9819129748809872,0.018086640240341983,0.994295240146175
2,1,high_early_precursor,sand_solref_interpolation_5of6_stronger_v2_0p10_v04,4,False,2279,right,sand,0.1,3,152,514.3269653320312,0.0,189,303,0.013772857004604786,0.0019831275511156153,0.9842440042445402,1.1199739307867997e-08,0.08705076493728138
2,1,high_early_precursor,ice_native_0p20_v01,1,False,2349,right,ice,0.2,2,22,164.216064453125,190.7686309814453,237,63,2.8087380041829954e-09,0.013613827291570402,0.9863845992835202,1.570616171536728e-06,0.9223726805259329
2,1,high_early_precursor,sand_solref_interpolation_5of6_stronger_v2_0p10_v04,4,False,2269,right,sand,0.1,3,142,531.2491455078125,0.0,199,293,0.011040907918994121,0.0007610314928591497,0.9881980563082202,4.279926507596123e-09,0.09378742636824339
2,1,high_early_precursor,ice_native_0p10_v04,4,False,1099,left,ice,0.1,3,53,234.689453125,148.7386474609375,191,236,7.574556843706109e-07,2.7998369676371415e-05,0.9884660636066503,0.011505180567988885,0.9984769464972348
2,1,high_early_precursor,ice_native_0p10_v04,4,False,1989,right,ice,0.1,3,45,227.93197631835938,152.66355895996094,249,325,3.4211464343985093e-06,0.0007459079130698969,0.9907662838938588,0.008484387046636926,0.11892184137678825
2,1,high_early_precursor,ice_native_0p15_v04,4,False,949,right,ice,0.15,3,76,225.06332397460938,32.70665740966797,121,580,4.0493413963414044e-05,0.0079304965123928,0.9918868792558583,0.00014213081778537422,0.3780212921401565
2,1,high_early_precursor,sand_solref_interpolation_5of6_stronger_v2_0p10_v04,4,False,2249,right,sand,0.1,3,122,566.9949340820312,0.0,219,273,0.0044340974612778255,0.002352932449682339,0.9932129699076191,1.8142053602206373e-10,0.2755763214035232
2,1,high_early_precursor,ice_native_0p15_v04,4,False,1379,right,ice,0.15,2,28,222.71426391601562,0.0,108,304,5.643743398556032e-05,0.0012861379194267991,0.9935635414794389,0.005093883167148819,0.9736558792388598
2,1,high_early_precursor,ice_native_0p15_v04,4,False,969,right,ice,0.15,3,96,228.32064819335938,24.566036224365234,101,600,0.00012677049700890965,0.003760114649790149,0.9960399740287744,7.31408244264135e-05,0.8418756090513315
2,1,high_early_precursor,ice_native_0p15_v04,4,False,959,right,ice,0.15,3,86,231.92709350585938,41.07299041748047,111,590,2.741589573640823e-05,0.0015296241038122685,0.9984174800863446,2.5479914106627572e-05,0.7678221314300625
2,1,high_early_precursor,ice_native_0p20_v01,1,False,2379,right,ice,0.2,3,52,213.50880432128906,150.3497772216797,207,93,2.9999797678118263e-09,9.6909827111589e-06,0.9992258131699453,0.00076449284736377,0.9988527189851942
2,1,high_early_precursor,ice_native_0p10_v04,4,False,1089,left,ice,0.1,3,43,235.26705932617188,153.23770141601562,201,226,2.546088767407925e-08,1.541841318682345e-06,0.9994088666961416,0.0005895660016519302,0.9965730607699109
2,1,high_early_precursor,ice_native_0p15_v04,4,False,1069,left,ice,0.15,2,20,165.63702392578125,200.94168090820312,220,348,6.5336610106626e-09,7.998985004028276e-07,0.99953048029937,0.00046871326846858904,0.0016376025870039749
2,1,high_early_precursor,ice_native_0p20_v01,1,False,2359,right,ice,0.2,3,32,60.295494079589844,0.0,227,73,8.539994927771689e-10,5.372214945968716e-08,0.9996388560896681,0.0003610893341830914,0.9996860343406505
2,1,high_early_precursor,ice_native_0p20_v01,1,False,2369,right,ice,0.2,3,42,220.99533081054688,153.4545440673828,217,83,4.5691108631131446e-11,2.7986273675571364e-06,0.9997819855040445,0.00021521582289704726,0.9998793803802647
2,1,high_early_precursor,sand_solref_interpolation_5of6_stronger_v2_0p10_v04,4,False,2259,right,sand,0.1,3,132,548.7891845703125,0.0,209,283,0.00014950999501319337,5.778891814338587e-05,0.9997927010822248,4.618701035402372e-12,0.4105141506940762
2,1,high_early_precursor,ice_native_0p15_v04,4,False,1079,left,ice,0.15,2,30,173.3685760498047,122.16216278076172,210,358,6.245600477473756e-08,4.2984203697497375e-06,0.9999148228890651,8.08162345603132e-05,0.3858585251854903
2,1,high_early_precursor,ice_native_0p10_v04,4,False,1079,left,ice,0.1,3,33,163.57464599609375,150.7023468017578,211,216,7.13606950904058e-08,3.0033695579934887e-05,0.9999658261912445,4.068752480321584e-06,0.07402296335597969
2,1,high_early_precursor,ice_native_0p15_v04,4,False,1109,left,ice,0.15,3,60,285.3154296875,129.08033752441406,180,388,6.386254127525177e-10,3.909699477235045e-10,0.9999928329350348,7.166035369847736e-06,0.9655754883662894
2,1,high_early_precursor,ice_native_0p15_v04,4,False,1089,left,ice,0.15,3,40,227.299560546875,138.27330017089844,200,368,2.2675252961493326e-11,4.2963604490041814e-10,0.9999944366705302,5.562877158432895e-06,0.9725035324211975
2,1,high_early_precursor,ice_native_0p15_v04,4,False,1099,left,ice,0.15,3,50,225.8046112060547,135.9683837890625,190,378,1.2634312796286372e-10,3.0808831526221246e-11,0.9999982504364296,1.7494064183397599e-06,0.9374487471723023
2,1,wrong_foot,sand_solref_interpolation_5of6_stronger_v2_0p10_v04,4,False,2459,left,sand,0.1,3,120,244.5858154296875,336.1536560058594,-1,-1,5.030269858926102e-05,0.008209658130124486,0.9917400391712861,1.8007040839837978e-16,0.9939263812761973
2,1,wrong_foot,sand_solref_interpolation_5of6_stronger_v2_0p10_v01,1,False,1319,right,sand,0.1,3,134,312.6402893066406,170.08981323242188,-1,-1,1.802716931883039e-05,1.3509682863652617e-09,0.9983234218030468,0.0016585496766661656,0.9883088176060881
2,1,wrong_foot,ice_native_0p10_v04,4,False,1099,left,ice,0.1,3,53,234.689453125,148.7386474609375,191,236,7.574556843706109e-07,2.7998369676371415e-05,0.9884660636066503,0.011505180567988885,0.9984769464972348
2,1,wrong_foot,ice_native_0p10_v04,4,False,589,right,ice,0.1,4,36,24.40185546875,577.5797119140625,-1,111,3.6918531666538757e-16,1.1304925729820634e-08,0.9976749981530063,0.0023249905420676072,0.9895090875074529
2,1,wrong_foot,ice_native_0p20_v01,1,False,2299,right,ice,0.2,2,13,118.57757568359375,228.86721801757812,-1,13,1.769985178692117e-08,0.00024925068014123355,0.9887205882908304,0.011030143329176458,0.9995256692524429
2,1,wrong_foot,sand_solref_interpolation_2of3_0p15_v01,1,False,1609,left,sand,0.15,3,53,521.962890625,205.1620330810547,-1,-1,1.4692129353246982e-07,3.6579306594346068e-06,0.9999960885976857,1.0655036129118453e-07,0.9885827032968117
2,1,wrong_foot,sand_solref_interpolation_3of4_stronger_v2_0p10_v04,4,False,2489,left,sand,0.1,3,136,269.1160583496094,272.52978515625,-1,-1,0.01003086134255501,0.0002830998579921098,0.9891672478844074,0.000518790915045717,0.999997850663209
2,1,wrong_foot,sand_solref_interpolation_5of6_stronger_v2_0p15_v01,1,False,1619,left,sand,0.15,3,71,560.1849975585938,437.7511291503906,-1,-1,1.647018887512971e-09,8.572083178967206e-08,0.9999842410297829,1.567160236626073e-05,0.9906030373113625
2,1,wrong_foot,ice_native_0p10_v04,4,False,2979,right,ice,0.1,2,18,345.2138366699219,44.71842575073242,-1,342,2.3358303885571246e-20,0.008287926616925562,0.9917120733830744,4.7656252092924135e-17,0.9999999993647286
2,1,wrong_foot,sand_solref_interpolation_5of6_stronger_v2_0p10_v04,4,False,2479,left,sand,0.1,3,140,264.5208435058594,292.9142761230469,-1,-1,0.0027065940215421813,0.002577527944615902,0.9947158779919406,4.190127293876938e-11,0.999847688803808
2,1,wrong_foot,sand_solref_interpolation_3of4_stronger_v2_0p10_v04,4,False,2419,left,sand,0.1,3,66,84.80048370361328,367.09796142578125,-1,-1,1.1470655334360702e-07,2.889042779542657e-06,0.9999969962506672,2.0523339153240246e-17,0.9946682439256165
2,1,wrong_foot,sand_solref_interpolation_5of6_stronger_v2_0p10_v04,4,False,2469,left,sand,0.1,3,130,292.51531982421875,332.2470703125,-1,-1,0.00046076016155420973,0.003981121204755142,0.9955581186335992,9.155904469032627e-14,0.9992043591842412
2,1,wrong_foot,ice_native_0p10_v04,4,False,1089,left,ice,0.1,3,43,235.26705932617188,153.23770141601562,201,226,2.546088767407925e-08,1.541841318682345e-06,0.9994088666961416,0.0005895660016519302,0.9965730607699109
2,1,wrong_foot,sand_solref_interpolation_5of6_stronger_v2_0p10_v01,1,False,1259,right,sand,0.1,3,74,99.45619201660156,342.33172607421875,-1,-1,9.955110654990998e-08,7.346207238942286e-09,0.9999998931026862,2.014660886356743e-19,0.996296525270481
2,1,wrong_foot,sand_solref_interpolation_3of4_stronger_v2_0p15_v01,1,False,1609,left,sand,0.15,3,58,582.339599609375,380.8976745605469,-1,-1,3.251427833289933e-09,1.1067974485387412e-07,0.9999998443602949,4.170853236444e-08,0.9967781146632686
2,1,wrong_foot,sand_solref_interpolation_5of6_stronger_v2_0p15_v01,1,False,1609,left,sand,0.15,3,61,589.9974975585938,430.5546569824219,-1,-1,6.273911902838099e-10,3.795672306781361e-08,0.9999999400718951,2.134399072510124e-08,0.99871204194053
2,1,wrong_foot,sand_solref_interpolation_3of4_stronger_v2_0p10_v04,4,False,2429,left,sand,0.1,3,76,104.58377838134766,370.005859375,-1,-1,2.0600477150067216e-07,1.4605836058600035e-06,0.9999983334116225,2.49283753824703e-16,0.9990722116180693
2,1,wrong_foot,sand_solref_interpolation_3of4_stronger_v2_0p10_v01,1,False,1409,right,sand,0.1,4,203,338.9410705566406,1073.487548828125,-1,-1,6.168446388937188e-15,8.927650680777046e-08,0.999996282647911,3.628075576170182e-06,0.9991270471564098
2,1,wrong_foot,sand_solref_interpolation_5of6_stronger_v2_0p10_v01,1,False,1299,right,sand,0.1,3,114,282.31695556640625,174.07965087890625,-1,-1,9.455079090512453e-07,1.941666175036674e-09,0.9999990522808015,2.696231931109885e-10,0.9992706548673598
2,1,wrong_foot,sand_solref_interpolation_5of6_stronger_v2_0p10_v01,1,False,1309,right,sand,0.1,3,124,347.0719909667969,174.1186981201172,-1,-1,1.2961062121381719e-06,1.1824003449661997e-09,0.9999985595109493,1.4320043814801828e-07,0.9993512697369018
2,1,wrong_foot,sand_solref_interpolation_5of6_stronger_v2_0p10_v01,1,False,1289,right,sand,0.1,3,104,329.4165344238281,235.0158233642578,-1,-1,2.396693031718164e-07,1.0391017338280771e-10,0.9999997602264925,2.94158976888831e-13,0.9995133172630767
2,1,wrong_foot,sand_solref_interpolation_5of6_stronger_v2_0p10_v01,1,False,1359,right,sand,0.1,4,174,205.35372924804688,823.7786865234375,-1,-1,4.091542040912284e-19,2.4664825720630137e-19,0.9999907470362426,9.25296375743935e-06,0.9997302324699351
2,1,wrong_foot,sand_solref_interpolation_5of6_stronger_v2_0p10_v01,1,False,1349,right,sand,0.1,3,164,262.7376403808594,774.4119873046875,-1,-1,1.2854087493202989e-17,2.1419455516889712e-16,0.9999993281381678,6.718618320177251e-07,0.9997485489785014
2,1,wrong_foot,sand_solref_interpolation_5of6_stronger_v2_0p10_v01,1,False,1269,right,sand,0.1,3,84,261.03497314453125,363.29742431640625,-1,-1,6.9859020956931575e-09,6.409921162114766e-11,0.9999999929499988,3.783696115175349e-19,0.9997706574134347
2,1,wrong_foot,sand_solref_interpolation_3of4_stronger_v2_0p10_v04,4,False,2439,left,sand,0.1,3,86,99.80374908447266,356.886474609375,-1,-1,8.873256535846957e-07,3.5546337828506843e-06,0.999995558040562,1.45277959445266e-15,0.9997900076900268
2,1,wrong_foot,sand_solref_interpolation_3of4_stronger_v2_0p10_v04,4,False,2479,left,sand,0.1,3,126,239.18499755859375,292.5734558105469,-1,-1,0.00013982318780735047,3.400282074865783e-05,0.999825520799267,6.531921770313791e-07,0.9999988220541818
2,1,wrong_foot,ice_native_0p10_v04,4,False,2939,right,ice,0.1,2,16,236.44113159179688,264.558837890625,-1,302,1.7232143346550994e-18,2.146071780761584e-05,0.999978539282192,1.590265993520562e-16,0.9999072992981383
2,1,wrong_foot,sand_solref_interpolation_3of4_stronger_v2_0p10_v04,4,False,2459,left,sand,0.1,3,106,220.39096069335938,330.3719787597656,-1,-1,2.016338492441659e-06,2.3226849249184838e-05,0.9999747568056965,6.561948878763061e-12,0.9999964696569104
2,1,wrong_foot,sand_solref_interpolation_3of4_stronger_v2_0p10_v04,4,False,2449,left,sand,0.1,3,96,217.518798828125,350.2970886230469,-1,-1,4.522303346424283e-07,3.300035176369484e-06,0.9999962477344485,4.033182236252822e-14,0.9999846858727751
2,1,wrong_foot,sand_solref_interpolation_3of4_stronger_v2_0p10_v04,4,False,2469,left,sand,0.1,3,116,263.0044860839844,324.1544189453125,-1,-1,1.0025951429405282e-05,6.60062401941773e-06,0.9999833691922838,4.232267457218892e-09,0.9999995427139972
2,1,wrong_foot,ice_native_0p10_v04,4,False,2989,right,ice,0.1,2,28,259.86785888671875,243.01268005371094,-1,352,1.0770993827365708e-21,4.968163560310414e-06,0.9999950318360792,3.6055157113347117e-13,0.9999999975792906
2,1,wrong_foot,sand_solref_interpolation_5of6_stronger_v2_0p10_v01,1,False,1279,right,sand,0.1,3,94,252.91236877441406,264.5825500488281,-1,-1,2.030972049878161e-08,1.8083629744582406e-09,0.9999999778819164,6.12060709933149e-17,0.9999967421498531
2,1,wrong_foot,ice_native_0p10_v04,4,False,2999,right,ice,0.1,4,38,208.7877197265625,79.83882141113281,-1,362,4.0752723303461407e-19,2.5692704282630533e-06,0.9999971474923457,2.8323722607759355e-07,0.9999999995764575
2,1,wrong_foot,ice_native_0p10_v04,4,False,2949,right,ice,0.1,2,26,242.5342559814453,218.19259643554688,-1,312,6.024461430946364e-20,9.772519722184278e-07,0.9999990227480278,5.204968515542692e-19,0.999999977972132
2,1,wrong_foot,ice_native_0p10_v04,4,False,2959,right,ice,0.1,4,36,221.7079315185547,241.68377685546875,-1,322,1.0415817570542296e-20,1.4881402892364151e-09,0.9999999985118597,1.3249955695995506e-18,0.9999999999097788
