outer_fold,inner_fold,fit_fold,mining_fold,reason,identity,run_id,outer_validation_member,actionable_score,foot_score
0,0,2,1,high_normal,positive_0p15_right_early_loading_native_strong_ice_v1:889:0,positive_0p15_right_early_loading_native_strong_ice_v1,False,0.999999998303011,1.89385728519261e-09
0,0,2,1,high_normal,positive_0p20_right_early_loading_v1_M1:809:0,positive_0p20_right_early_loading_v1_M1,False,0.9999999983740928,0.00012486843917598658
0,0,2,1,high_normal,positive_0p15_right_early_loading_native_strong_ice_v1:929:0,positive_0p15_right_early_loading_native_strong_ice_v1,False,0.9999999984415946,3.958266765238862e-17
0,0,2,1,high_normal,positive_0p10_left_early_loading_v1_M1:669:1,positive_0p10_left_early_loading_v1_M1,False,0.9999999984439363,8.077588670232292e-05
0,0,2,1,high_normal,sand_solref_interpolation_3of4_stronger_v2_0p10_v04:2089:0,sand_solref_interpolation_3of4_stronger_v2_0p10_v04,False,0.9999999984895023,0.9999982638876014
0,0,2,1,high_normal,positive_0p15_right_mid_loading_early_stance_v1_M1:1419:1,positive_0p15_right_mid_loading_early_stance_v1_M1,False,0.9999999984960672,0.7192223784667655
0,0,2,1,high_normal,positive_0p20_right_early_loading_native_strong_ice_v1:889:0,positive_0p20_right_early_loading_native_strong_ice_v1,False,0.9999999985079593,5.2514893989612955e-06
0,0,2,1,high_normal,positive_0p20_left_early_loading_v1_M1:1619:1,positive_0p20_left_early_loading_v1_M1,False,0.9999999985171937,0.9807936897665801
0,0,2,1,high_normal,positive_0p10_right_early_loading_native_strong_ice_v1:909:0,positive_0p10_right_early_loading_native_strong_ice_v1,False,0.9999999986054555,1.0856665034200125e-12
0,0,2,1,high_normal,positive_0p15_left_early_loading_v1_M1:1609:1,positive_0p15_left_early_loading_v1_M1,False,0.99999999872429,0.9999768812529978
0,0,2,1,high_normal,positive_0p10_right_early_loading_v1_M1:1099:1,positive_0p10_right_early_loading_v1_M1,False,0.9999999987463217,0.05115924279677517
0,0,2,1,high_normal,positive_0p20_left_early_loading_native_strong_ice_v1:459:1,positive_0p20_left_early_loading_native_strong_ice_v1,False,0.999999998752986,0.00018525131037363794
0,0,2,1,high_normal,positive_0p10_left_early_loading_v1_M1:1659:1,positive_0p10_left_early_loading_v1_M1,False,0.9999999987597215,0.9999999984348393
0,0,2,1,high_normal,positive_0p10_left_mid_loading_early_stance_native_strong_ice_v1:639:1,positive_0p10_left_mid_loading_early_stance_native_strong_ice_v1,False,0.9999999987690005,0.0008468765993671119
0,0,2,1,high_normal,positive_0p15_left_early_loading_v1_M1:1879:1,positive_0p15_left_early_loading_v1_M1,False,0.9999999987712591,9.996890844482651e-06
0,0,2,1,high_normal,positive_0p15_right_early_loading_native_strong_ice_v1:749:0,positive_0p15_right_early_loading_native_strong_ice_v1,False,0.9999999988381314,0.004891798149990147
0,0,2,1,high_normal,positive_0p15_left_early_loading_native_strong_ice_v1:459:1,positive_0p15_left_early_loading_native_strong_ice_v1,False,0.9999999988880457,2.977624860397839e-07
0,0,2,1,high_normal,ice_native_0p10_v04:739:1,ice_native_0p10_v04,False,0.9999999989093182,0.0013233194246519415
0,0,2,1,high_normal,positive_0p10_left_early_loading_v1_M1:639:1,positive_0p10_left_early_loading_v1_M1,False,0.999999998928321,0.0011787325327025804
0,0,2,1,high_normal,ice_native_0p20_v04:1799:0,ice_native_0p20_v04,False,0.9999999989352681,0.07368819547553097
0,0,2,1,high_normal,positive_0p15_right_mid_late_stance_v1_M1:2029:1,positive_0p15_right_mid_late_stance_v1_M1,False,0.9999999989491921,0.9203098398375974
0,0,2,1,high_normal,sand_solref_interpolation_5of6_stronger_v2_0p15_v01:1659:0,sand_solref_interpolation_5of6_stronger_v2_0p15_v01,False,0.9999999989622692,0.9999325485405569
0,0,2,1,high_normal,positive_0p10_left_mid_loading_early_stance_native_strong_ice_v1:649:1,positive_0p10_left_mid_loading_early_stance_native_strong_ice_v1,False,0.999999998979834,0.029466245106022748
0,0,2,1,high_normal,positive_0p20_left_early_loading_v1_M1:1619:0,positive_0p20_left_early_loading_v1_M1,False,0.9999999990101052,2.4124253873573204e-05
0,0,2,1,high_normal,positive_0p15_left_early_loading_v1_M1:1619:0,positive_0p15_left_early_loading_v1_M1,False,0.9999999990115727,0.0013836204441292658
0,0,2,1,high_normal,ice_native_0p20_v01:2929:1,ice_native_0p20_v01,False,0.9999999990178177,0.04822928919817869
0,0,2,1,high_normal,positive_0p15_right_mid_loading_early_stance_native_strong_ice_v1:949:0,positive_0p15_right_mid_loading_early_stance_native_strong_ice_v1,False,0.9999999990974164,0.37407218267671394
0,0,2,1,high_normal,positive_0p20_left_early_loading_native_strong_ice_v1:1119:0,positive_0p20_left_early_loading_native_strong_ice_v1,False,0.9999999991234925,0.9954683826343795
0,0,2,1,high_normal,positive_0p20_left_early_loading_native_strong_ice_v1:479:1,positive_0p20_left_early_loading_native_strong_ice_v1,False,0.9999999991699524,3.167563239157533e-06
0,0,2,1,high_normal,positive_0p20_right_early_loading_v1_M1:919:0,positive_0p20_right_early_loading_v1_M1,False,0.9999999991705735,3.1654034469538973e-07
0,0,2,1,high_normal,positive_0p15_right_mid_late_stance_native_strong_ice_v1:2609:1,positive_0p15_right_mid_late_stance_native_strong_ice_v1,False,0.9999999992032909,0.895129289287387
0,0,2,1,high_normal,positive_0p15_left_early_loading_v1_M1:1279:0,positive_0p15_left_early_loading_v1_M1,False,0.9999999992350037,2.3903977421933296e-07
0,0,2,1,high_normal,positive_0p15_right_mid_loading_early_stance_native_strong_ice_v1:2109:0,positive_0p15_right_mid_loading_early_stance_native_strong_ice_v1,False,0.9999999992430637,3.407154863936991e-05
0,0,2,1,high_normal,positive_0p20_right_early_loading_native_strong_ice_v1:1089:0,positive_0p20_right_early_loading_native_strong_ice_v1,False,0.999999999337635,0.7364199482603588
0,0,2,1,high_normal,positive_0p10_left_early_loading_v1_M1:629:1,positive_0p10_left_early_loading_v1_M1,False,0.9999999994540278,0.00023877388641666908
0,0,2,1,high_normal,positive_0p20_right_early_loading_native_strong_ice_v1:799:0,positive_0p20_right_early_loading_native_strong_ice_v1,False,0.9999999994884758,9.45887457396702e-09
0,0,2,1,high_normal,ice_native_0p10_v04:1029:0,ice_native_0p10_v04,False,0.9999999995006317,0.0003408610217230671
0,0,2,1,high_normal,positive_0p20_right_early_loading_v1_M1:1129:1,positive_0p20_right_early_loading_v1_M1,False,0.9999999995202609,0.016953167908671914
0,0,2,1,high_normal,positive_0p20_left_early_loading_native_strong_ice_v1:639:1,positive_0p20_left_early_loading_native_strong_ice_v1,False,0.9999999995362145,0.00010670541667386885
0,0,2,1,high_normal,positive_0p20_left_early_loading_v1_M1:1249:0,positive_0p20_left_early_loading_v1_M1,False,0.9999999995654671,8.143046067085214e-10
0,0,2,1,high_normal,positive_0p15_right_early_loading_native_strong_ice_v1:909:0,positive_0p15_right_early_loading_native_strong_ice_v1,False,0.9999999996208353,3.075425905531264e-13
0,0,2,1,high_normal,ice_native_0p20_v04:1319:1,ice_native_0p20_v04,False,0.9999999996345756,0.00019466997567775237
0,0,2,1,high_normal,positive_0p20_right_mid_late_stance_v1_M1:2029:1,positive_0p20_right_mid_late_stance_v1_M1,False,0.9999999996515858,0.9546387324617607
0,0,2,1,high_normal,positive_0p20_left_mid_loading_early_stance_native_strong_ice_v1:1229:1,positive_0p20_left_mid_loading_early_stance_native_strong_ice_v1,False,0.9999999996644426,0.00014922880399305898
0,0,2,1,high_normal,positive_0p20_right_early_loading_v1_M1:1099:1,positive_0p20_right_early_loading_v1_M1,False,0.9999999996724886,0.4142974826688342
0,0,2,1,high_normal,positive_0p20_right_early_loading_v1_M1:1119:1,positive_0p20_right_early_loading_v1_M1,False,0.9999999996811495,0.0071159536050380175
0,0,2,1,high_normal,positive_0p20_right_early_loading_native_strong_ice_v1:1069:0,positive_0p20_right_early_loading_native_strong_ice_v1,False,0.9999999996852278,0.002449211337469285
0,0,2,1,high_normal,positive_0p15_left_early_loading_v1_M1:1289:0,positive_0p15_left_early_loading_v1_M1,False,0.9999999997014921,1.3717383744343663e-08
0,0,2,1,high_normal,positive_0p10_left_early_loading_v1_M1:1709:1,positive_0p10_left_early_loading_v1_M1,False,0.999999999711833,0.9999998661338613
0,0,2,1,high_normal,positive_0p15_right_early_loading_native_strong_ice_v1:1079:0,positive_0p15_right_early_loading_native_strong_ice_v1,False,0.9999999997169777,0.9984388777678882
0,0,2,1,high_normal,positive_0p20_right_early_loading_native_strong_ice_v1:779:0,positive_0p20_right_early_loading_native_strong_ice_v1,False,0.9999999997262485,4.075540347805911e-05
0,0,2,1,high_normal,positive_0p15_right_mid_loading_early_stance_native_strong_ice_v1:909:0,positive_0p15_right_mid_loading_early_stance_native_strong_ice_v1,False,0.9999999997420328,4.565780694048816e-06
0,0,2,1,high_normal,positive_0p10_right_early_loading_v1_M1:799:0,positive_0p10_right_early_loading_v1_M1,False,0.999999999751539,5.527068748861913e-06
0,0,2,1,high_normal,positive_0p20_right_early_loading_native_strong_ice_v1:1079:0,positive_0p20_right_early_loading_native_strong_ice_v1,False,0.9999999997828632,0.013101164692570158
0,0,2,1,high_normal,positive_0p20_left_mid_loading_early_stance_native_strong_ice_v1:639:1,positive_0p20_left_mid_loading_early_stance_native_strong_ice_v1,False,0.9999999998088647,0.0307542101028806
0,0,2,1,high_normal,positive_0p10_left_early_loading_v1_M1:1669:1,positive_0p10_left_early_loading_v1_M1,False,0.9999999998208886,0.9999999558391626
0,0,2,1,high_normal,positive_0p15_left_early_loading_v1_M1:1889:1,positive_0p15_left_early_loading_v1_M1,False,0.9999999998252385,3.302610539083433e-05
0,0,2,1,high_normal,positive_0p20_left_early_loading_native_strong_ice_v1:639:0,positive_0p20_left_early_loading_native_strong_ice_v1,False,0.9999999998268176,0.0010552705115268156
0,0,2,1,high_normal,positive_0p20_right_early_loading_v1_M1:1589:0,positive_0p20_right_early_loading_v1_M1,False,0.9999999998530749,4.467539074347543e-05
0,0,2,1,high_normal,positive_0p10_left_early_loading_v1_M1:609:1,positive_0p10_left_early_loading_v1_M1,False,0.9999999998602762,1.8285275546453027e-06
0,0,2,1,high_normal,positive_0p15_left_early_loading_native_strong_ice_v1:449:1,positive_0p15_left_early_loading_native_strong_ice_v1,False,0.999999999861493,1.2267596708067143e-06
0,0,2,1,high_normal,positive_0p20_left_early_loading_native_strong_ice_v1:629:0,positive_0p20_left_early_loading_native_strong_ice_v1,False,0.9999999998722231,3.152768303401288e-05
0,0,2,1,high_normal,positive_0p10_left_early_loading_native_strong_ice_v1:659:1,positive_0p10_left_early_loading_native_strong_ice_v1,False,0.9999999998740727,0.004316833465080462
0,0,2,1,high_normal,positive_0p15_left_mid_loading_early_stance_native_strong_ice_v1:1819:1,positive_0p15_left_mid_loading_early_stance_native_strong_ice_v1,False,0.9999999998807059,1.7332274428496366e-07
0,0,2,1,high_normal,positive_0p10_right_early_loading_v1_M1:949:0,positive_0p10_right_early_loading_v1_M1,False,0.9999999998922637,1.3300425788460266e-10
0,0,2,1,high_normal,positive_0p10_left_early_loading_v1_M1:619:1,positive_0p10_left_early_loading_v1_M1,False,0.9999999999063867,6.542460583824835e-05
0,0,2,1,high_normal,positive_0p10_left_early_loading_native_strong_ice_v1:649:1,positive_0p10_left_early_loading_native_strong_ice_v1,False,0.9999999999064773,0.00037832232650252196
0,0,2,1,high_normal,positive_0p20_right_early_loading_v1_M1:1089:1,positive_0p20_right_early_loading_v1_M1,False,0.9999999999070845,0.09439720368872777
0,0,2,1,high_normal,positive_0p15_right_mid_loading_early_stance_native_strong_ice_v1:1519:0,positive_0p15_right_mid_loading_early_stance_native_strong_ice_v1,False,0.9999999999082929,1.2270630506470392e-06
0,0,2,1,high_normal,positive_0p15_right_mid_loading_early_stance_native_strong_ice_v1:919:0,positive_0p15_right_mid_loading_early_stance_native_strong_ice_v1,False,0.9999999999137703,9.010162022353178e-05
0,0,2,1,high_normal,sand_solref_interpolation_5of6_stronger_v2_0p10_v04:1969:0,sand_solref_interpolation_5of6_stronger_v2_0p10_v04,False,0.9999999999240166,1.562851579329364e-08
0,0,2,1,high_normal,positive_0p15_left_early_loading_v1_M1:1899:1,positive_0p15_left_early_loading_v1_M1,False,0.999999999927629,0.00025487218719603055
0,0,2,1,high_normal,positive_0p15_left_early_loading_v1_M1:479:1,positive_0p15_left_early_loading_v1_M1,False,0.9999999999373506,9.904922679819017e-09
0,0,2,1,high_normal,positive_0p15_left_early_loading_v1_M1:1609:0,positive_0p15_left_early_loading_v1_M1,False,0.9999999999391636,8.246598800178305e-05
0,0,2,1,high_normal,positive_0p20_right_early_loading_v1_M1:1109:1,positive_0p20_right_early_loading_v1_M1,False,0.9999999999433151,0.02549272938669504
0,0,2,1,high_normal,positive_0p15_left_early_loading_v1_M1:1929:1,positive_0p15_left_early_loading_v1_M1,False,0.9999999999461757,0.835422386340214
0,0,2,1,high_normal,sand_solref_interpolation_3of4_stronger_v2_0p10_v04:2009:0,sand_solref_interpolation_3of4_stronger_v2_0p10_v04,False,0.9999999999480635,0.9998474585528272
0,0,2,1,high_normal,positive_0p10_left_early_loading_v1_M1:1719:1,positive_0p10_left_early_loading_v1_M1,False,0.9999999999535918,0.9999999589742549
0,0,2,1,high_normal,sand_solref_interpolation_5of6_stronger_v2_0p10_v04:1999:0,sand_solref_interpolation_5of6_stronger_v2_0p10_v04,False,0.999999999956305,0.0011160718493355133
0,0,2,1,high_normal,positive_0p10_right_early_loading_v1_M1:959:0,positive_0p10_right_early_loading_v1_M1,False,0.9999999999581872,4.318930543496277e-11
0,0,2,1,high_normal,positive_0p20_left_mid_loading_early_stance_native_strong_ice_v1:1279:1,positive_0p20_left_mid_loading_early_stance_native_strong_ice_v1,False,0.999999999962637,0.03292265612476109
0,0,2,1,high_normal,sand_solref_interpolation_5of6_stronger_v2_0p10_v04:2029:0,sand_solref_interpolation_5of6_stronger_v2_0p10_v04,False,0.9999999999626585,0.8470041602584317
0,0,2,1,high_normal,ice_native_0p15_v01:1989:1,ice_native_0p15_v01,False,0.9999999999632081,0.9531451276111764
0,0,2,1,high_normal,positive_0p15_left_early_loading_v1_M1:1909:1,positive_0p15_left_early_loading_v1_M1,False,0.9999999999661946,0.09666129372959943
0,0,2,1,high_normal,positive_0p15_left_early_loading_native_strong_ice_v1:619:1,positive_0p15_left_early_loading_native_strong_ice_v1,False,0.9999999999673339,0.00014166267458454168
0,0,2,1,high_normal,positive_0p10_left_early_loading_v1_M1:1649:1,positive_0p10_left_early_loading_v1_M1,False,0.9999999999681914,0.9999977330900133
0,0,2,1,high_normal,positive_0p10_left_early_loading_v1_M1:1699:1,positive_0p10_left_early_loading_v1_M1,False,0.9999999999692866,0.9999990188713082
0,0,2,1,high_normal,positive_0p15_left_early_loading_native_strong_ice_v1:579:1,positive_0p15_left_early_loading_native_strong_ice_v1,False,0.9999999999732303,7.84065633859574e-09
0,0,2,1,high_normal,positive_0p20_left_early_loading_v1_M1:1929:1,positive_0p20_left_early_loading_v1_M1,False,0.9999999999761977,0.9906839845533888
0,0,2,1,high_normal,positive_0p20_right_early_loading_v1_M1:1079:1,positive_0p20_right_early_loading_v1_M1,False,0.9999999999768105,5.0219330448009737e-05
0,0,2,1,high_normal,positive_0p15_left_early_loading_v1_M1:1869:1,positive_0p15_left_early_loading_v1_M1,False,0.9999999999812728,2.197162714494165e-07
0,0,2,1,high_normal,sand_solref_interpolation_5of6_stronger_v2_0p10_v04:2119:0,sand_solref_interpolation_5of6_stronger_v2_0p10_v04,False,0.9999999999815476,0.9989313342780258
0,0,2,1,high_normal,positive_0p20_right_early_loading_v1_M1:959:0,positive_0p20_right_early_loading_v1_M1,False,0.999999999981602,1.9007450000076214e-09
0,0,2,1,high_normal,positive_0p10_left_early_loading_v1_M1:1729:1,positive_0p10_left_early_loading_v1_M1,False,0.9999999999828395,0.9999999719239011
0,0,2,1,high_normal,ice_native_0p20_v01:2919:1,ice_native_0p20_v01,False,0.9999999999833411,0.08671005207405615
0,0,2,1,high_normal,positive_0p10_left_early_loading_v1_M1:1679:1,positive_0p10_left_early_loading_v1_M1,False,0.9999999999835496,0.9999997102083737
0,0,2,1,high_normal,positive_0p15_left_early_loading_v1_M1:1599:0,positive_0p15_left_early_loading_v1_M1,False,0.9999999999853784,1.0865954595638862e-05
0,0,2,1,high_normal,positive_0p15_left_early_loading_v1_M1:1239:0,positive_0p15_left_early_loading_v1_M1,False,0.9999999999854039,5.482306446093608e-09
0,0,2,1,high_normal,positive_0p20_right_early_loading_v1_M1:1699:0,positive_0p20_right_early_loading_v1_M1,False,0.9999999999856153,0.9998071621403877
0,0,2,1,high_normal,positive_0p10_left_early_loading_native_strong_ice_v1:579:1,positive_0p10_left_early_loading_native_strong_ice_v1,False,0.9999999999856706,1.6444579050908218e-07
0,0,2,1,high_normal,positive_0p10_left_early_loading_v1_M1:1079:1,positive_0p10_left_early_loading_v1_M1,False,0.9999999999880005,3.79163546970624e-07
0,0,2,1,high_normal,positive_0p20_right_early_loading_v1_M1:929:0,positive_0p20_right_early_loading_v1_M1,False,0.9999999999891898,8.101126868111841e-07
0,0,2,1,high_normal,positive_0p10_left_early_loading_native_strong_ice_v1:599:1,positive_0p10_left_early_loading_native_strong_ice_v1,False,0.9999999999922442,1.8183231553781593e-05
0,0,2,1,high_normal,positive_0p20_left_early_loading_v1_M1:1879:1,positive_0p20_left_early_loading_v1_M1,False,0.9999999999923901,9.26572462029487e-05
0,0,2,1,high_normal,positive_0p20_right_early_loading_v1_M1:949:0,positive_0p20_right_early_loading_v1_M1,False,0.9999999999927107,1.7273128340595045e-08
0,0,2,1,high_normal,ice_native_0p20_v01:1939:1,ice_native_0p20_v01,False,0.9999999999928422,0.9996216400902043
0,0,2,1,high_normal,positive_0p20_right_early_loading_v1_M1:939:0,positive_0p20_right_early_loading_v1_M1,False,0.9999999999931948,2.39047023203391e-07
0,0,2,1,high_normal,positive_0p10_left_early_loading_v1_M1:1629:1,positive_0p10_left_early_loading_v1_M1,False,0.9999999999932472,0.999999885575261
0,0,2,1,high_normal,positive_0p15_left_early_loading_native_strong_ice_v1:639:1,positive_0p15_left_early_loading_native_strong_ice_v1,False,0.9999999999933236,0.0001405792006542357
0,0,2,1,high_normal,positive_0p10_right_early_loading_v1_M1:1279:0,positive_0p10_right_early_loading_v1_M1,False,0.9999999999936771,0.9999999965988804
0,0,2,1,high_normal,positive_0p20_left_early_loading_v1_M1:1599:0,positive_0p20_left_early_loading_v1_M1,False,0.9999999999941733,8.672977379010358e-08
0,0,2,1,high_normal,positive_0p10_right_early_loading_v1_M1:1489:0,positive_0p10_right_early_loading_v1_M1,False,0.9999999999942093,0.9999999999985514
0,0,2,1,high_normal,positive_0p10_right_early_loading_v1_M1:1299:0,positive_0p10_right_early_loading_v1_M1,False,0.9999999999943074,0.9999999999617968
0,0,2,1,high_normal,positive_0p20_right_early_loading_native_strong_ice_v1:949:0,positive_0p20_right_early_loading_native_strong_ice_v1,False,0.9999999999946811,9.714853245261921e-19
0,0,2,1,high_normal,positive_0p15_left_early_loading_native_strong_ice_v1:629:1,positive_0p15_left_early_loading_native_strong_ice_v1,False,0.9999999999955147,0.0002436294957913432
0,0,2,1,high_normal,positive_0p15_left_early_loading_v1_M1:1299:0,positive_0p15_left_early_loading_v1_M1,False,0.99999999999554,2.335095539702856e-06
0,0,2,1,high_normal,positive_0p15_left_early_loading_native_strong_ice_v1:589:1,positive_0p15_left_early_loading_native_strong_ice_v1,False,0.9999999999956188,3.4520325490461233e-07
0,0,2,1,high_normal,positive_0p20_right_early_loading_v1_M1:1599:0,positive_0p20_right_early_loading_v1_M1,False,0.9999999999965372,2.378542906847544e-05
0,0,2,1,high_normal,positive_0p20_left_early_loading_native_strong_ice_v1:579:1,positive_0p20_left_early_loading_native_strong_ice_v1,False,0.999999999996656,1.6423503327051161e-06
0,0,2,1,high_normal,positive_0p20_left_early_loading_v1_M1:1889:1,positive_0p20_left_early_loading_v1_M1,False,0.9999999999967677,0.007602701094572743
0,0,2,1,high_normal,positive_0p20_right_early_loading_native_strong_ice_v1:899:0,positive_0p20_right_early_loading_native_strong_ice_v1,False,0.9999999999971796,1.4030947351128434e-06
0,0,2,1,high_normal,positive_0p20_right_early_loading_native_strong_ice_v1:909:0,positive_0p20_right_early_loading_native_strong_ice_v1,False,0.9999999999972988,5.34098669351505e-08
0,0,2,1,high_normal,positive_0p10_left_mid_loading_early_stance_native_strong_ice_v1:2489:1,positive_0p10_left_mid_loading_early_stance_native_strong_ice_v1,False,0.9999999999975486,0.04203500619411433
0,0,2,1,high_normal,positive_0p20_left_early_loading_native_strong_ice_v1:449:1,positive_0p20_left_early_loading_native_strong_ice_v1,False,0.9999999999976401,0.00010800269482913737
0,0,2,1,high_normal,positive_0p10_right_early_loading_v1_M1:1419:0,positive_0p10_right_early_loading_v1_M1,False,0.9999999999978648,0.9999999999999931
0,0,2,1,high_normal,sand_solref_interpolation_5of6_stronger_v2_0p10_v04:1989:0,sand_solref_interpolation_5of6_stronger_v2_0p10_v04,False,0.9999999999979639,1.0193693064404705e-05
0,0,2,1,high_normal,positive_0p10_left_early_loading_native_strong_ice_v1:619:1,positive_0p10_left_early_loading_native_strong_ice_v1,False,0.9999999999980675,0.0006003994810412928
0,0,2,1,high_normal,positive_0p20_left_early_loading_native_strong_ice_v1:599:1,positive_0p20_left_early_loading_native_strong_ice_v1,False,0.9999999999981075,6.697729029851539e-05
0,0,2,1,high_normal,positive_0p20_left_early_loading_v1_M1:1949:1,positive_0p20_left_early_loading_v1_M1,False,0.9999999999984099,0.029232878393114947
0,0,2,1,high_normal,positive_0p20_right_early_loading_native_strong_ice_v1:939:0,positive_0p20_right_early_loading_native_strong_ice_v1,False,0.9999999999984199,7.524563544338196e-17
0,0,2,1,high_normal,sand_solref_interpolation_5of6_stronger_v2_0p10_v04:2009:0,sand_solref_interpolation_5of6_stronger_v2_0p10_v04,False,0.9999999999984468,0.05952802565165897
0,0,2,1,high_normal,positive_0p15_left_early_loading_native_strong_ice_v1:609:1,positive_0p15_left_early_loading_native_strong_ice_v1,False,0.9999999999986056,3.1252703455629635e-05
0,0,2,1,high_normal,positive_0p15_left_early_loading_v1_M1:1919:1,positive_0p15_left_early_loading_v1_M1,False,0.9999999999986122,0.4793548830482303
0,0,2,1,high_normal,positive_0p10_left_early_loading_native_strong_ice_v1:639:1,positive_0p10_left_early_loading_native_strong_ice_v1,False,0.9999999999986489,0.00037907859740590814
0,0,2,1,high_normal,positive_0p10_left_early_loading_native_strong_ice_v1:589:1,positive_0p10_left_early_loading_native_strong_ice_v1,False,0.9999999999987341,2.1588635323887683e-06
0,0,2,1,high_normal,ice_native_0p20_v04:1339:1,ice_native_0p20_v04,False,0.999999999998902,0.0003130826258703948
0,0,2,1,high_normal,positive_0p20_left_early_loading_v1_M1:1609:0,positive_0p20_left_early_loading_v1_M1,False,0.9999999999989981,4.228048459180449e-07
0,0,2,1,high_normal,positive_0p10_right_early_loading_native_strong_ice_v1:749:0,positive_0p10_right_early_loading_native_strong_ice_v1,False,0.9999999999990019,7.88499440629617e-05
0,0,2,1,high_normal,positive_0p10_right_early_loading_v1_M1:969:0,positive_0p10_right_early_loading_v1_M1,False,0.9999999999990234,2.7247199665581608e-11
0,0,2,1,high_normal,ice_native_0p15_v01:1969:1,ice_native_0p15_v01,False,0.9999999999990927,0.18047057061430571
0,0,2,1,high_normal,positive_0p20_left_early_loading_v1_M1:1639:1,positive_0p20_left_early_loading_v1_M1,False,0.9999999999991034,0.9999661073803481
0,0,2,1,high_normal,positive_0p10_left_early_loading_native_strong_ice_v1:629:1,positive_0p10_left_early_loading_native_strong_ice_v1,False,0.9999999999991198,0.003105253355500202
0,0,2,1,high_normal,positive_0p20_right_early_loading_v1_M1:799:0,positive_0p20_right_early_loading_v1_M1,False,0.9999999999992251,4.439347414339084e-05
0,0,2,1,high_normal,positive_0p10_left_early_loading_native_strong_ice_v1:609:1,positive_0p10_left_early_loading_native_strong_ice_v1,False,0.9999999999992331,0.0003472175780159649
0,0,2,1,high_normal,positive_0p10_left_early_loading_v1_M1:1799:1,positive_0p10_left_early_loading_v1_M1,False,0.9999999999993885,0.004727205133515758
0,0,2,1,high_normal,positive_0p15_left_mid_loading_early_stance_native_strong_ice_v1:1829:1,positive_0p15_left_mid_loading_early_stance_native_strong_ice_v1,False,0.9999999999995823,0.00012221120081517728
0,0,2,1,high_normal,positive_0p20_right_early_loading_v1_M1:1609:0,positive_0p20_right_early_loading_v1_M1,False,0.9999999999996025,0.00317287192483382
0,0,2,1,high_normal,positive_0p20_right_early_loading_v1_M1:969:0,positive_0p20_right_early_loading_v1_M1,False,0.9999999999996201,1.108820337208157e-09
0,0,2,1,high_normal,sand_solref_interpolation_3of4_stronger_v2_0p15_v01:1669:0,sand_solref_interpolation_3of4_stronger_v2_0p15_v01,False,0.999999999999633,0.999999967203189
0,0,2,1,high_normal,positive_0p10_left_early_loading_v1_M1:1749:1,positive_0p10_left_early_loading_v1_M1,False,0.9999999999996636,0.9999838161925794
0,0,2,1,high_normal,positive_0p20_left_early_loading_native_strong_ice_v1:589:1,positive_0p20_left_early_loading_native_strong_ice_v1,False,0.9999999999996689,6.809811784780336e-06
0,0,2,1,high_normal,positive_0p20_right_early_loading_v1_M1:1559:0,positive_0p20_right_early_loading_v1_M1,False,0.9999999999997116,0.0003980727266159972
0,0,2,1,high_normal,positive_0p10_left_early_loading_v1_M1:1689:1,positive_0p10_left_early_loading_v1_M1,False,0.9999999999997176,0.9999999732517526
0,0,2,1,high_normal,positive_0p20_left_early_loading_native_strong_ice_v1:609:1,positive_0p20_left_early_loading_native_strong_ice_v1,False,0.9999999999997378,0.00017499681735207775
0,0,2,1,high_normal,positive_0p20_right_early_loading_native_strong_ice_v1:919:0,positive_0p20_right_early_loading_native_strong_ice_v1,False,0.9999999999997395,6.827847409387558e-10
0,0,2,1,high_normal,positive_0p20_left_early_loading_v1_M1:1869:1,positive_0p20_left_early_loading_v1_M1,False,0.9999999999997404,5.614496764113415e-07
0,0,2,1,high_normal,sand_solref_interpolation_2of3_0p15_v01:1669:0,sand_solref_interpolation_2of3_0p15_v01,False,0.9999999999997444,0.999999834051418
0,0,2,1,high_normal,sand_solref_interpolation_5of6_stronger_v2_0p15_v01:1669:0,sand_solref_interpolation_5of6_stronger_v2_0p15_v01,False,0.9999999999997797,0.999999999913096
0,0,2,1,high_normal,positive_0p20_left_early_loading_v1_M1:1939:1,positive_0p20_left_early_loading_v1_M1,False,0.999999999999793,0.9823978652958216
0,0,2,1,high_normal,positive_0p20_left_early_loading_v1_M1:1899:1,positive_0p20_left_early_loading_v1_M1,False,0.9999999999998062,0.6848189164090404
0,0,2,1,high_normal,sand_solref_interpolation_3of4_stronger_v2_0p10_v04:2099:0,sand_solref_interpolation_3of4_stronger_v2_0p10_v04,False,0.9999999999998139,0.999429431920102
0,0,2,1,high_normal,sand_solref_interpolation_5of6_stronger_v2_0p10_v04:2129:0,sand_solref_interpolation_5of6_stronger_v2_0p10_v04,False,0.999999999999845,0.9997563448950949
0,0,2,1,high_normal,positive_0p15_left_early_loading_native_strong_ice_v1:599:1,positive_0p15_left_early_loading_native_strong_ice_v1,False,0.9999999999998557,3.657442938394943e-05
0,0,2,1,high_normal,positive_0p10_left_early_loading_v1_M1:1609:1,positive_0p10_left_early_loading_v1_M1,False,0.9999999999998646,0.9999951692980154
0,0,2,1,high_normal,positive_0p15_left_mid_loading_early_stance_native_strong_ice_v1:2999:1,positive_0p15_left_mid_loading_early_stance_native_strong_ice_v1,False,0.999999999999923,4.487334774265249e-06
0,0,2,1,high_normal,ice_native_0p15_v01:1979:1,ice_native_0p15_v01,False,0.9999999999999374,0.727601102886357
0,0,2,1,high_normal,positive_0p20_right_early_loading_v1_M1:1619:0,positive_0p20_right_early_loading_v1_M1,False,0.9999999999999376,0.004614783067070557
0,0,2,1,high_normal,positive_0p20_left_early_loading_v1_M1:1919:1,positive_0p20_left_early_loading_v1_M1,False,0.999999999999938,0.9800052574527691
0,0,2,1,high_normal,positive_0p10_left_early_loading_v1_M1:1619:1,positive_0p10_left_early_loading_v1_M1,False,0.9999999999999398,0.9999984848594471
0,0,2,1,high_normal,positive_0p20_right_early_loading_native_strong_ice_v1:929:0,positive_0p20_right_early_loading_native_strong_ice_v1,False,0.9999999999999525,6.236996832141523e-13
0,0,2,1,high_normal,positive_0p15_right_early_loading_native_strong_ice_v1:769:0,positive_0p15_right_early_loading_native_strong_ice_v1,False,0.9999999999999587,0.00015491635169165036
0,0,2,1,high_normal,sand_solref_interpolation_3of4_stronger_v2_0p10_v04:1989:0,sand_solref_interpolation_3of4_stronger_v2_0p10_v04,False,0.9999999999999636,0.9829257065339794
0,0,2,1,high_normal,positive_0p10_left_early_loading_v1_M1:1639:1,positive_0p10_left_early_loading_v1_M1,False,0.9999999999999654,0.9997351518546786
0,0,2,1,high_normal,positive_0p10_left_early_loading_v1_M1:1739:1,positive_0p10_left_early_loading_v1_M1,False,0.999999999999978,0.9999999109419436
0,0,2,1,high_normal,positive_0p15_right_early_loading_native_strong_ice_v1:759:0,positive_0p15_right_early_loading_native_strong_ice_v1,False,0.9999999999999793,0.0017649783687867173
0,0,2,1,high_normal,positive_0p10_right_early_loading_native_strong_ice_v1:789:0,positive_0p10_right_early_loading_native_strong_ice_v1,False,0.9999999999999829,1.888021638254829e-07
0,0,2,1,high_normal,positive_0p20_left_early_loading_v1_M1:1909:1,positive_0p20_left_early_loading_v1_M1,False,0.9999999999999833,0.9902487386986962
0,0,2,1,high_normal,positive_0p10_right_early_loading_native_strong_ice_v1:759:0,positive_0p10_right_early_loading_native_strong_ice_v1,False,0.9999999999999876,0.0009562285899284493
0,0,2,1,high_normal,positive_0p10_left_early_loading_v1_M1:1779:1,positive_0p10_left_early_loading_v1_M1,False,0.9999999999999898,0.7725138117811767
0,0,2,1,high_normal,sand_solref_interpolation_2of3_0p10_v04:1929:0,sand_solref_interpolation_2of3_0p10_v04,False,0.9999999999999927,0.9999983780807792
0,0,2,1,high_normal,positive_0p10_right_early_loading_native_strong_ice_v1:769:0,positive_0p10_right_early_loading_native_strong_ice_v1,False,0.9999999999999927,0.000217715329836896
0,0,2,1,high_normal,positive_0p20_left_early_loading_v1_M1:1959:1,positive_0p20_left_early_loading_v1_M1,False,0.9999999999999942,0.8418835657771436
0,0,2,1,high_normal,sand_solref_interpolation_3of4_stronger_v2_0p10_v04:1979:0,sand_solref_interpolation_3of4_stronger_v2_0p10_v04,False,0.9999999999999953,0.8155322308474846
0,0,2,1,high_normal,positive_0p15_right_early_loading_native_strong_ice_v1:779:0,positive_0p15_right_early_loading_native_strong_ice_v1,False,0.9999999999999956,0.00011565441196487516
0,0,2,1,high_normal,positive_0p10_left_early_loading_v1_M1:1599:1,positive_0p10_left_early_loading_v1_M1,False,0.9999999999999956,0.9999980383760408
0,0,2,1,high_normal,positive_0p10_left_early_loading_v1_M1:1769:1,positive_0p10_left_early_loading_v1_M1,False,0.999999999999998,0.9858113208060402
0,0,2,1,high_normal,sand_solref_interpolation_5of6_stronger_v2_0p10_v04:2149:0,sand_solref_interpolation_5of6_stronger_v2_0p10_v04,False,0.9999999999999982,0.0266972808449698
0,0,2,1,high_normal,positive_0p20_right_early_loading_native_strong_ice_v1:789:0,positive_0p20_right_early_loading_native_strong_ice_v1,False,0.9999999999999987,2.529710027547977e-05
0,0,2,1,high_normal,positive_0p15_left_early_loading_v1_M1:1099:1,positive_0p15_left_early_loading_v1_M1,False,0.9999999999999989,0.008930350131943241
0,0,2,1,high_normal,positive_0p10_right_early_loading_native_strong_ice_v1:779:0,positive_0p10_right_early_loading_native_strong_ice_v1,False,0.9999999999999993,0.0009633927614957933
0,0,2,1,high_normal,positive_0p10_left_early_loading_v1_M1:1759:1,positive_0p10_left_early_loading_v1_M1,False,0.9999999999999993,0.9973487097554383
0,0,2,1,high_normal,positive_0p10_right_early_loading_v1_M1:1339:0,positive_0p10_right_early_loading_v1_M1,False,0.9999999999999996,0.999999995949512
0,0,2,1,high_normal,positive_0p10_right_early_loading_v1_M1:1429:0,positive_0p10_right_early_loading_v1_M1,False,0.9999999999999996,0.9999999999988869
0,0,2,1,high_normal,positive_0p10_right_early_loading_v1_M1:1479:0,positive_0p10_right_early_loading_v1_M1,False,0.9999999999999996,0.9999999934608386
0,0,2,1,high_normal,sand_solref_interpolation_3of4_stronger_v2_0p10_v04:2109:0,sand_solref_interpolation_3of4_stronger_v2_0p10_v04,False,0.9999999999999998,0.9999223308247339
0,0,2,1,high_normal,sand_solref_interpolation_5of6_stronger_v2_0p10_v04:2019:0,sand_solref_interpolation_5of6_stronger_v2_0p10_v04,False,0.9999999999999998,0.03171860101062193
0,0,2,1,high_normal,sand_solref_interpolation_5of6_stronger_v2_0p10_v04:2139:0,sand_solref_interpolation_5of6_stronger_v2_0p10_v04,False,0.9999999999999998,0.9998981816325677
0,0,2,1,high_normal,positive_0p10_right_early_loading_native_strong_ice_v1:1309:0,positive_0p10_right_early_loading_native_strong_ice_v1,False,0.9999999999999998,5.04911155421468e-06
0,0,2,1,high_normal,positive_0p20_right_early_loading_v1_M1:1569:0,positive_0p20_right_early_loading_v1_M1,False,0.9999999999999998,0.0001352750814991437
0,0,2,1,high_normal,ice_native_0p15_v01:2799:0,ice_native_0p15_v01,False,1.0,2.3315265282202226e-19
0,0,2,1,high_normal,sand_solref_interpolation_2of3_0p15_v01:1899:0,sand_solref_interpolation_2of3_0p15_v01,False,1.0,6.015261335342444e-10
0,0,2,1,high_normal,sand_solref_interpolation_2of3_0p15_v01:1909:0,sand_solref_interpolation_2of3_0p15_v01,False,1.0,4.995509088766959e-16
0,0,2,1,high_normal,sand_solref_interpolation_2of3_0p15_v01:1919:0,sand_solref_interpolation_2of3_0p15_v01,False,1.0,9.42415695953127e-10
0,0,2,1,high_normal,sand_solref_interpolation_2of3_0p10_v04:2149:0,sand_solref_interpolation_2of3_0p10_v04,False,1.0,2.097407232267501e-12
0,0,2,1,high_normal,sand_solref_interpolation_2of3_0p10_v04:2159:0,sand_solref_interpolation_2of3_0p10_v04,False,1.0,2.052447221103615e-09
0,0,2,1,high_normal,sand_solref_interpolation_2of3_0p10_v04:2529:0,sand_solref_interpolation_2of3_0p10_v04,False,1.0,0.020075392689925482
0,0,2,1,high_normal,sand_solref_interpolation_2of3_0p10_v04:2539:0,sand_solref_interpolation_2of3_0p10_v04,False,1.0,0.1468040285041872
0,0,2,1,high_normal,sand_solref_interpolation_2of3_0p10_v04:2839:0,sand_solref_interpolation_2of3_0p10_v04,False,1.0,2.2547491048275548e-14
0,0,2,1,high_normal,sand_solref_interpolation_2of3_0p10_v04:2849:0,sand_solref_interpolation_2of3_0p10_v04,False,1.0,8.385724871243756e-07
0,0,2,1,high_normal,sand_solref_interpolation_2of3_0p10_v04:2859:0,sand_solref_interpolation_2of3_0p10_v04,False,1.0,3.6696773017279244e-06
0,0,2,1,high_normal,sand_solref_interpolation_3of4_stronger_v2_0p10_v04:1999:0,sand_solref_interpolation_3of4_stronger_v2_0p10_v04,False,1.0,0.9956072415072145
0,0,2,1,high_normal,sand_solref_interpolation_3of4_stronger_v2_0p10_v04:2119:0,sand_solref_interpolation_3of4_stronger_v2_0p10_v04,False,1.0,0.00433013783671621
0,0,2,1,high_normal,sand_solref_interpolation_3of4_stronger_v2_0p10_v04:2129:0,sand_solref_interpolation_3of4_stronger_v2_0p10_v04,False,1.0,0.0044815560149754265
0,0,2,1,high_normal,sand_solref_interpolation_5of6_stronger_v2_0p10_v04:2159:0,sand_solref_interpolation_5of6_stronger_v2_0p10_v04,False,1.0,0.00020160159382657397
0,0,2,1,high_normal,sand_solref_interpolation_5of6_stronger_v2_0p10_v04:2169:0,sand_solref_interpolation_5of6_stronger_v2_0p10_v04,False,1.0,2.090236154374742e-06
0,0,2,1,high_normal,positive_0p15_left_mid_loading_early_stance_native_strong_ice_v1:2989:1,positive_0p15_left_mid_loading_early_stance_native_strong_ice_v1,False,1.0,1.0939149101783554e-06
0,0,2,1,high_normal,positive_0p15_right_early_loading_native_strong_ice_v1:789:0,positive_0p15_right_early_loading_native_strong_ice_v1,False,1.0,9.410892954570021e-09
0,0,2,1,high_normal,positive_0p10_left_early_loading_v1_M1:1789:1,positive_0p10_left_early_loading_v1_M1,False,1.0,0.15784329922284845
0,0,2,1,high_normal,positive_0p10_right_early_loading_v1_M1:789:0,positive_0p10_right_early_loading_v1_M1,False,1.0,0.012446869568806983
0,0,2,1,high_normal,positive_0p10_right_early_loading_v1_M1:1309:0,positive_0p10_right_early_loading_v1_M1,False,1.0,0.99999998996054
0,0,2,1,high_normal,positive_0p10_right_early_loading_v1_M1:1319:0,positive_0p10_right_early_loading_v1_M1,False,1.0,0.9999999896725663
0,0,2,1,high_normal,positive_0p10_right_early_loading_v1_M1:1329:0,positive_0p10_right_early_loading_v1_M1,False,1.0,0.9999999999878451
0,0,2,1,high_normal,positive_0p10_right_early_loading_v1_M1:1349:0,positive_0p10_right_early_loading_v1_M1,False,1.0,0.9999999999950477
0,0,2,1,high_normal,positive_0p10_right_early_loading_v1_M1:1359:0,positive_0p10_right_early_loading_v1_M1,False,1.0,0.9999999999993479
0,0,2,1,high_normal,positive_0p10_right_early_loading_v1_M1:1369:0,positive_0p10_right_early_loading_v1_M1,False,1.0,0.9999999999988929
0,0,2,1,high_normal,positive_0p10_right_early_loading_v1_M1:1379:0,positive_0p10_right_early_loading_v1_M1,False,1.0,0.9999999999999396
0,0,2,1,high_normal,positive_0p10_right_early_loading_v1_M1:1439:0,positive_0p10_right_early_loading_v1_M1,False,1.0,0.9999999999988243
0,0,2,1,high_normal,positive_0p10_right_early_loading_v1_M1:1449:0,positive_0p10_right_early_loading_v1_M1,False,1.0,0.9999999999999913
0,0,2,1,high_normal,positive_0p10_right_early_loading_v1_M1:1459:0,positive_0p10_right_early_loading_v1_M1,False,1.0,0.9999999535267022
0,0,2,1,high_normal,positive_0p10_right_early_loading_v1_M1:1469:0,positive_0p10_right_early_loading_v1_M1,False,1.0,0.9999999986778845
0,0,2,1,high_normal,positive_0p10_right_early_loading_v1_M1:1499:0,positive_0p10_right_early_loading_v1_M1,False,1.0,0.9999999999997469
0,0,2,1,high_normal,positive_0p10_right_early_loading_v1_M1:1509:0,positive_0p10_right_early_loading_v1_M1,False,1.0,0.9999999999978841
0,0,2,1,high_normal,positive_0p10_right_early_loading_v1_M1:1519:0,positive_0p10_right_early_loading_v1_M1,False,1.0,0.9999999999886704
0,0,2,1,high_normal,positive_0p10_right_early_loading_v1_M1:1529:0,positive_0p10_right_early_loading_v1_M1,False,1.0,0.9999999938687338
0,0,2,1,high_normal,positive_0p10_right_early_loading_v1_M1:1539:0,positive_0p10_right_early_loading_v1_M1,False,1.0,0.9999999875326818
0,0,2,1,high_normal,positive_0p10_right_early_loading_v1_M1:1549:0,positive_0p10_right_early_loading_v1_M1,False,1.0,0.9999998704215495
0,0,2,1,high_normal,positive_0p10_right_early_loading_v1_M1:1559:0,positive_0p10_right_early_loading_v1_M1,False,1.0,0.9999999661928995
0,0,2,1,high_normal,positive_0p10_right_early_loading_v1_M1:1569:0,positive_0p10_right_early_loading_v1_M1,False,1.0,0.9999999758589072
0,0,2,1,high_normal,positive_0p10_right_early_loading_v1_M1:1579:0,positive_0p10_right_early_loading_v1_M1,False,1.0,0.9999999999804734
0,0,2,1,high_normal,positive_0p10_right_early_loading_v1_M1:1589:0,positive_0p10_right_early_loading_v1_M1,False,1.0,0.9999999971072091
0,0,2,1,high_normal,positive_0p10_right_early_loading_v1_M1:1599:0,positive_0p10_right_early_loading_v1_M1,False,1.0,0.9999995164241051
0,0,2,1,high_normal,positive_0p10_right_early_loading_v1_M1:1609:0,positive_0p10_right_early_loading_v1_M1,False,1.0,0.9999921619205303
0,0,2,1,high_normal,positive_0p10_right_early_loading_v1_M1:1619:0,positive_0p10_right_early_loading_v1_M1,False,1.0,0.9999986649174154
0,0,2,1,high_normal,positive_0p10_right_early_loading_v1_M1:1629:0,positive_0p10_right_early_loading_v1_M1,False,1.0,0.9999998019597501
0,0,2,1,high_normal,positive_0p10_right_early_loading_v1_M1:1639:0,positive_0p10_right_early_loading_v1_M1,False,1.0,0.9999991946805074
0,0,2,1,high_normal,positive_0p10_right_early_loading_v1_M1:1649:0,positive_0p10_right_early_loading_v1_M1,False,1.0,0.9999952015558826
0,0,2,1,high_normal,positive_0p10_right_early_loading_v1_M1:1659:0,positive_0p10_right_early_loading_v1_M1,False,1.0,0.9997229101219264
0,0,2,1,high_normal,positive_0p20_left_early_loading_v1_M1:1969:1,positive_0p20_left_early_loading_v1_M1,False,1.0,0.9997585972415955
0,0,2,1,high_normal,positive_0p20_left_early_loading_v1_M1:1979:1,positive_0p20_left_early_loading_v1_M1,False,1.0,0.9999979949182747
0,0,2,1,high_normal,positive_0p20_right_early_loading_v1_M1:1579:0,positive_0p20_right_early_loading_v1_M1,False,1.0,0.00010047667765545171
0,0,2,1,high_normal,positive_0p20_right_early_loading_v1_M1:1629:0,positive_0p20_right_early_loading_v1_M1,False,1.0,0.04671699877158582
0,0,2,1,high_normal,positive_0p20_right_early_loading_v1_M1:1639:0,positive_0p20_right_early_loading_v1_M1,False,1.0,0.9631519775870164
0,0,2,1,high_normal,positive_0p20_right_early_loading_v1_M1:1649:0,positive_0p20_right_early_loading_v1_M1,False,1.0,0.9993222529535799
0,0,2,1,high_normal,positive_0p20_right_early_loading_v1_M1:1659:0,positive_0p20_right_early_loading_v1_M1,False,1.0,0.9999512885883954
0,0,2,1,high_normal,positive_0p20_right_early_loading_v1_M1:1669:0,positive_0p20_right_early_loading_v1_M1,False,1.0,0.999987756067659
0,0,2,1,high_normal,positive_0p20_right_early_loading_v1_M1:1679:0,positive_0p20_right_early_loading_v1_M1,False,1.0,0.999971522718716
0,0,2,1,high_early_precursor,sand_solref_interpolation_5of6_stronger_v2_0p10_v01:999:0,sand_solref_interpolation_5of6_stronger_v2_0p10_v01,False,0.9953936750082567,0.9970203105621362
0,0,2,1,high_early_precursor,sand_solref_interpolation_5of6_stronger_v2_0p15_v01:1289:1,sand_solref_interpolation_5of6_stronger_v2_0p15_v01,False,0.9955625268356018,0.9986532472658918
0,0,2,1,high_early_precursor,ice_native_0p20_v01:2369:1,ice_native_0p20_v01,False,0.9964351081533391,0.04318461488462704
0,0,2,1,high_early_precursor,positive_0p10_left_mid_loading_early_stance_v1_M1:409:0,positive_0p10_left_mid_loading_early_stance_v1_M1,False,0.9972494614738334,0.821242203874665
0,0,2,1,high_early_precursor,positive_0p15_right_mid_late_stance_v1_M1:719:1,positive_0p15_right_mid_late_stance_v1_M1,False,0.9972500854801032,0.04479888579443918
0,0,2,1,high_early_precursor,ice_native_0p20_v01:2349:1,ice_native_0p20_v01,False,0.9974587440222081,4.550381006209911e-05
0,0,2,1,high_early_precursor,sand_solref_interpolation_3of4_stronger_v2_0p10_v04:1749:1,sand_solref_interpolation_3of4_stronger_v2_0p10_v04,False,0.9975704014320703,0.9949256357811911
0,0,2,1,high_early_precursor,ice_native_0p15_v04:1159:0,ice_native_0p15_v04,False,0.9981193863018866,0.8662102497733809
0,0,2,1,high_early_precursor,ice_native_0p10_v04:2009:1,ice_native_0p10_v04,False,0.9981896344040762,0.01932861127755265
0,0,2,1,high_early_precursor,ice_native_0p10_v04:1149:0,ice_native_0p10_v04,False,0.9982663565591856,0.6507059979341062
0,0,2,1,high_early_precursor,positive_0p20_left_mid_loading_early_stance_v1_M1:379:0,positive_0p20_left_mid_loading_early_stance_v1_M1,False,0.998319713118611,0.973468265024038
0,0,2,1,high_early_precursor,positive_0p15_right_mid_loading_early_stance_v1_M1:2469:1,positive_0p15_right_mid_loading_early_stance_v1_M1,False,0.9983446038899095,0.7983619334743811
0,0,2,1,high_early_precursor,positive_0p15_right_mid_late_stance_v1_M1:1409:1,positive_0p15_right_mid_late_stance_v1_M1,False,0.9985394529966727,0.8390803906264569
0,0,2,1,high_early_precursor,ice_native_0p10_v01:679:1,ice_native_0p10_v01,False,0.9985744058284821,0.9996381607026328
0,0,2,1,high_early_precursor,positive_0p15_right_mid_late_stance_v1_M1:829:1,positive_0p15_right_mid_late_stance_v1_M1,False,0.9986769858732608,0.9524678972036537
0,0,2,1,high_early_precursor,positive_0p15_right_mid_loading_early_stance_v1_M1:2509:1,positive_0p15_right_mid_loading_early_stance_v1_M1,False,0.9987122112611434,0.9359401511172046
0,0,2,1,high_early_precursor,ice_native_0p15_v04:959:1,ice_native_0p15_v04,False,0.9987398128950857,1.4729378410943489e-05
0,0,2,1,high_early_precursor,ice_native_0p15_v04:919:1,ice_native_0p15_v04,False,0.998958667308724,1.9018499764417043e-07
0,0,2,1,high_early_precursor,ice_native_0p15_v04:1909:1,ice_native_0p15_v04,False,0.999036866491525,0.9997700158039632
0,0,2,1,high_early_precursor,positive_0p10_left_early_loading_v1_M1:1419:0,positive_0p10_left_early_loading_v1_M1,False,0.999059206934349,0.06759129526697304
0,0,2,1,high_early_precursor,ice_native_0p15_v04:949:1,ice_native_0p15_v04,False,0.9991667960477226,1.1263759747560385e-05
0,0,2,1,high_early_precursor,ice_native_0p10_v04:2109:1,ice_native_0p10_v04,False,0.9991680765423689,0.04960164516856491
0,0,2,1,high_early_precursor,positive_0p20_left_mid_loading_early_stance_v1_M1:389:0,positive_0p20_left_mid_loading_early_stance_v1_M1,False,0.999266382385623,0.8686238020733862
0,0,2,1,high_early_precursor,ice_native_0p10_v04:2119:1,ice_native_0p10_v04,False,0.9993572626105851,0.04947128069996991
0,0,2,1,high_early_precursor,ice_native_0p15_v04:899:1,ice_native_0p15_v04,False,0.999369609453669,1.0390798349478108e-08
0,0,2,1,high_early_precursor,positive_0p20_left_early_loading_v1_M1:1349:0,positive_0p20_left_early_loading_v1_M1,False,0.9995404047817021,0.9844316470468395
0,0,2,1,high_early_precursor,positive_0p10_left_early_loading_v1_M1:1389:0,positive_0p10_left_early_loading_v1_M1,False,0.9995732005996231,0.23352152521704453
0,0,2,1,high_early_precursor,positive_0p15_left_early_loading_v1_M1:1349:0,positive_0p15_left_early_loading_v1_M1,False,0.9996173158316347,0.9865631078000336
0,0,2,1,high_early_precursor,ice_native_0p20_v01:2459:1,ice_native_0p20_v01,False,0.9996499299612608,0.9668654684378181
0,0,2,1,high_early_precursor,positive_0p10_left_mid_loading_early_stance_native_strong_ice_v1:959:0,positive_0p10_left_mid_loading_early_stance_native_strong_ice_v1,False,0.9996671262072626,0.8363666320078664
0,0,2,1,high_early_precursor,positive_0p15_right_mid_loading_early_stance_v1_M1:769:1,positive_0p15_right_mid_loading_early_stance_v1_M1,False,0.9996716049918417,0.9830041214197174
0,0,2,1,high_early_precursor,positive_0p20_left_early_loading_native_strong_ice_v1:1309:0,positive_0p20_left_early_loading_native_strong_ice_v1,False,0.9997363074758565,0.2832469512716545
0,0,2,1,high_early_precursor,ice_native_0p15_v04:969:1,ice_native_0p15_v04,False,0.999792430485379,1.885152139561947e-05
0,0,2,1,high_early_precursor,positive_0p15_right_mid_loading_early_stance_v1_M1:2479:1,positive_0p15_right_mid_loading_early_stance_v1_M1,False,0.9998152502842595,0.9718939197288128
0,0,2,1,high_early_precursor,positive_0p15_right_mid_loading_early_stance_v1_M1:709:1,positive_0p15_right_mid_loading_early_stance_v1_M1,False,0.9998380805617247,0.8436016412068049
0,0,2,1,high_early_precursor,ice_native_0p20_v01:2339:1,ice_native_0p20_v01,False,0.9998402928911704,0.9971245202522794
0,0,2,1,high_early_precursor,ice_native_0p20_v01:2469:1,ice_native_0p20_v01,False,0.9998487318093549,0.9881146202386444
0,0,2,1,high_early_precursor,positive_0p20_left_early_loading_v1_M1:1329:0,positive_0p20_left_early_loading_v1_M1,False,0.9998513110286743,0.9174006508501955
0,0,2,1,high_early_precursor,ice_native_0p10_v04:2079:1,ice_native_0p10_v04,False,0.9998569644622076,0.14662693769428395
0,0,2,1,high_early_precursor,ice_native_0p10_v04:2129:1,ice_native_0p10_v04,False,0.999882914957099,0.043068001267957054
0,0,2,1,high_early_precursor,positive_0p15_right_mid_loading_early_stance_v1_M1:2489:1,positive_0p15_right_mid_loading_early_stance_v1_M1,False,0.9999039595743755,0.9480472795125383
0,0,2,1,high_early_precursor,positive_0p20_left_early_loading_native_strong_ice_v1:1289:0,positive_0p20_left_early_loading_native_strong_ice_v1,False,0.999906283483745,0.0017402600767547451
0,0,2,1,high_early_precursor,positive_0p15_right_mid_loading_early_stance_v1_M1:2499:1,positive_0p15_right_mid_loading_early_stance_v1_M1,False,0.9999339521485163,0.9792146031127339
0,0,2,1,high_early_precursor,positive_0p15_right_mid_loading_early_stance_v1_M1:719:1,positive_0p15_right_mid_loading_early_stance_v1_M1,False,0.999947820698086,0.44773124479030446
0,0,2,1,high_early_precursor,positive_0p15_right_mid_loading_early_stance_v1_M1:759:1,positive_0p15_right_mid_loading_early_stance_v1_M1,False,0.99995531081678,0.9294402839872764
0,0,2,1,high_early_precursor,ice_native_0p20_v01:2479:1,ice_native_0p20_v01,False,0.9999588175265623,0.9957400817779821
0,0,2,1,high_early_precursor,ice_native_0p15_v04:1129:0,ice_native_0p15_v04,False,0.9999646426414265,0.047041112905861666
0,0,2,1,high_early_precursor,ice_native_0p20_v04:939:1,ice_native_0p20_v04,False,0.9999651950080246,8.677939075485849e-05
0,0,2,1,high_early_precursor,ice_native_0p20_v04:2359:0,ice_native_0p20_v04,False,0.9999652892033805,4.923968241478869e-06
0,0,2,1,high_early_precursor,positive_0p10_left_early_loading_v1_M1:1379:0,positive_0p10_left_early_loading_v1_M1,False,0.9999707727202378,0.6761640172585841
0,0,2,1,high_early_precursor,ice_native_0p10_v04:1129:0,ice_native_0p10_v04,False,0.9999721315510866,0.17119596270436174
0,0,2,1,high_early_precursor,sand_solref_interpolation_5of6_stronger_v2_0p10_v04:2339:1,sand_solref_interpolation_5of6_stronger_v2_0p10_v04,False,0.9999724390400464,0.9799603320481313
0,0,2,1,high_early_precursor,positive_0p20_left_early_loading_native_strong_ice_v1:1299:0,positive_0p20_left_early_loading_native_strong_ice_v1,False,0.9999737325236641,0.05915107496906371
0,0,2,1,high_early_precursor,ice_native_0p20_v01:2439:1,ice_native_0p20_v01,False,0.9999791608717804,0.9873173675488515
0,0,2,1,high_early_precursor,ice_native_0p10_v01:559:1,ice_native_0p10_v01,False,0.9999792633137897,0.8979578948871206
0,0,2,1,high_early_precursor,ice_native_0p10_v04:1119:0,ice_native_0p10_v04,False,0.9999873100685913,0.4276726878602476
0,0,2,1,high_early_precursor,ice_native_0p20_v01:2389:1,ice_native_0p20_v01,False,0.9999884839236607,0.06951311788799822
0,0,2,1,high_early_precursor,positive_0p15_left_early_loading_v1_M1:1329:0,positive_0p15_left_early_loading_v1_M1,False,0.9999894708725893,0.7178584408281403
0,0,2,1,high_early_precursor,ice_native_0p20_v04:729:1,ice_native_0p20_v04,False,0.9999913262852979,0.9999936434147051
0,0,2,1,high_early_precursor,ice_native_0p10_v04:1339:1,ice_native_0p10_v04,False,0.9999936277508322,0.000601935775446386
0,0,2,1,high_early_precursor,ice_native_0p15_v04:1149:0,ice_native_0p15_v04,False,0.9999936722275599,0.8790222858620081
0,0,2,1,high_early_precursor,ice_native_0p20_v04:929:1,ice_native_0p20_v04,False,0.9999939286637465,3.7367413021366546e-06
0,0,2,1,high_early_precursor,positive_0p10_left_early_loading_v1_M1:1369:0,positive_0p10_left_early_loading_v1_M1,False,0.9999949968136734,0.7113605571425761
0,0,2,1,high_early_precursor,ice_native_0p20_v04:2369:0,ice_native_0p20_v04,False,0.9999955274758352,0.00010930072981709744
0,0,2,1,high_early_precursor,positive_0p15_right_mid_loading_early_stance_v1_M1:749:1,positive_0p15_right_mid_loading_early_stance_v1_M1,False,0.9999961460188445,0.5367588854148121
0,0,2,1,high_early_precursor,sand_solref_interpolation_5of6_stronger_v2_0p10_v04:2349:1,sand_solref_interpolation_5of6_stronger_v2_0p10_v04,False,0.9999962315928629,0.16840265176032876
0,0,2,1,high_early_precursor,ice_native_0p10_v04:1139:0,ice_native_0p10_v04,False,0.9999971112698077,0.76573892408756
0,0,2,1,high_early_precursor,ice_native_0p20_v04:2399:0,ice_native_0p20_v04,False,0.9999976683834261,0.0004103514919540496
0,0,2,1,high_early_precursor,positive_0p20_left_early_loading_v1_M1:1309:0,positive_0p20_left_early_loading_v1_M1,False,0.999998656217112,0.06464060909868176
0,0,2,1,high_early_precursor,positive_0p10_left_early_loading_v1_M1:1359:0,positive_0p10_left_early_loading_v1_M1,False,0.999998760967157,0.8211774784867447
0,0,2,1,high_early_precursor,ice_native_0p10_v04:2019:1,ice_native_0p10_v04,False,0.9999988083676574,0.21454122688730368
0,0,2,1,high_early_precursor,sand_solref_interpolation_5of6_stronger_v2_0p10_v04:2359:1,sand_solref_interpolation_5of6_stronger_v2_0p10_v04,False,0.9999989139835769,0.10282995646989901
0,0,2,1,high_early_precursor,ice_native_0p10_v04:2059:1,ice_native_0p10_v04,False,0.9999989262144852,0.08928510647918554
0,0,2,1,high_early_precursor,positive_0p20_left_early_loading_v1_M1:1339:0,positive_0p20_left_early_loading_v1_M1,False,0.999998931745974,0.9625042864550113
0,0,2,1,high_early_precursor,positive_0p10_left_early_loading_v1_M1:1349:0,positive_0p10_left_early_loading_v1_M1,False,0.9999989750710887,0.89556217593444
0,0,2,1,high_early_precursor,ice_native_0p15_v04:1119:0,ice_native_0p15_v04,False,0.999998986399169,0.06525296492277435
0,0,2,1,high_early_precursor,ice_native_0p10_v04:2029:1,ice_native_0p10_v04,False,0.9999990968160712,0.009050383889505492
0,0,2,1,high_early_precursor,ice_native_0p10_v04:2069:1,ice_native_0p10_v04,False,0.9999991955360926,0.25580483444833196
0,0,2,1,high_early_precursor,positive_0p15_left_early_loading_v1_M1:1339:0,positive_0p15_left_early_loading_v1_M1,False,0.9999995531026179,0.9462175418513582
0,0,2,1,high_early_precursor,ice_native_0p10_v04:1099:0,ice_native_0p10_v04,False,0.999999763163976,0.31779998176704705
0,0,2,1,high_early_precursor,ice_native_0p10_v04:2049:1,ice_native_0p10_v04,False,0.9999997863286579,0.07810091674551296
0,0,2,1,high_early_precursor,ice_native_0p15_v04:1109:0,ice_native_0p15_v04,False,0.9999997899239561,0.009129724221250916
0,0,2,1,high_early_precursor,ice_native_0p15_v04:1139:0,ice_native_0p15_v04,False,0.9999997990065879,0.5111964498623262
0,0,2,1,high_early_precursor,ice_native_0p20_v04:969:1,ice_native_0p20_v04,False,0.9999998156226673,3.2895404010980265e-05
0,0,2,1,high_early_precursor,ice_native_0p20_v04:2389:0,ice_native_0p20_v04,False,0.9999998869139645,0.00022563272404837467
0,0,2,1,high_early_precursor,ice_native_0p20_v04:959:1,ice_native_0p20_v04,False,0.9999999171966905,8.242959244884181e-05
0,0,2,1,high_early_precursor,ice_native_0p20_v04:949:1,ice_native_0p20_v04,False,0.9999999229765703,3.323978172566131e-05
0,0,2,1,high_early_precursor,ice_native_0p10_v04:2039:1,ice_native_0p10_v04,False,0.999999947846,0.01919171060162101
0,0,2,1,high_early_precursor,ice_native_0p15_v04:1099:0,ice_native_0p15_v04,False,0.9999999719024061,0.0009398868589617935
0,0,2,1,high_early_precursor,positive_0p15_left_early_loading_v1_M1:1319:0,positive_0p15_left_early_loading_v1_M1,False,0.9999999743158523,0.7291242442375447
0,0,2,1,high_early_precursor,positive_0p20_left_early_loading_v1_M1:1319:0,positive_0p20_left_early_loading_v1_M1,False,0.9999999792405809,0.9255202366222526
0,0,2,1,high_early_precursor,ice_native_0p15_v04:1089:0,ice_native_0p15_v04,False,0.9999999858603079,9.931815176336e-05
0,0,2,1,high_early_precursor,ice_native_0p10_v04:1109:0,ice_native_0p10_v04,False,0.9999999858678434,0.09955630463428915
0,0,2,1,high_early_precursor,ice_native_0p20_v04:779:1,ice_native_0p20_v04,False,0.9999999911825098,0.00012819628818599958
0,0,2,1,high_early_precursor,positive_0p10_left_early_loading_v1_M1:1339:0,positive_0p10_left_early_loading_v1_M1,False,0.9999999971713369,0.43278522668510094
0,0,2,1,high_early_precursor,ice_native_0p10_v04:1089:0,ice_native_0p10_v04,False,0.9999999974034095,0.0483725851035986
0,0,2,1,high_early_precursor,ice_native_0p10_v04:1079:0,ice_native_0p10_v04,False,0.9999999989830672,0.037035096571627256
0,0,2,1,high_early_precursor,positive_0p10_left_early_loading_v1_M1:1329:0,positive_0p10_left_early_loading_v1_M1,False,0.9999999991006157,0.06464273892163079
0,0,2,1,high_early_precursor,ice_native_0p15_v04:1079:0,ice_native_0p15_v04,False,0.999999999511485,5.0266534733447716e-05
0,0,2,1,high_early_precursor,ice_native_0p20_v04:739:1,ice_native_0p20_v04,False,0.9999999997812767,0.9999995079078151
0,0,2,1,high_early_precursor,positive_0p10_left_early_loading_v1_M1:1309:0,positive_0p10_left_early_loading_v1_M1,False,0.9999999998375071,0.000727664424421646
0,0,2,1,high_early_precursor,positive_0p20_left_early_loading_v1_M1:1299:0,positive_0p20_left_early_loading_v1_M1,False,0.9999999998643916,6.4146879114853495e-06
0,0,2,1,high_early_precursor,ice_native_0p20_v04:2379:0,ice_native_0p20_v04,False,0.9999999998921261,0.0008171865338817044
0,0,2,1,high_early_precursor,positive_0p15_left_early_loading_native_strong_ice_v1:1229:0,positive_0p15_left_early_loading_native_strong_ice_v1,False,0.9999999999211397,0.002394443460013037
0,0,2,1,high_early_precursor,positive_0p15_left_early_loading_native_strong_ice_v1:1219:0,positive_0p15_left_early_loading_native_strong_ice_v1,False,0.9999999999554261,0.007591928109490991
0,0,2,1,high_early_precursor,ice_native_0p15_v04:1069:0,ice_native_0p15_v04,False,0.9999999999585711,2.8918244770643116e-05
0,0,2,1,high_early_precursor,ice_native_0p10_v04:1059:0,ice_native_0p10_v04,False,0.9999999999775309,0.0014412770753553198
0,0,2,1,high_early_precursor,ice_native_0p10_v04:1069:0,ice_native_0p10_v04,False,0.9999999999855302,0.003808450303764116
0,0,2,1,high_early_precursor,positive_0p10_left_early_loading_v1_M1:1319:0,positive_0p10_left_early_loading_v1_M1,False,0.9999999999913403,0.004252032696601894
0,0,2,1,high_early_precursor,positive_0p15_left_early_loading_native_strong_ice_v1:1209:0,positive_0p15_left_early_loading_native_strong_ice_v1,False,0.9999999999929277,0.0011115457163433683
0,0,2,1,high_early_precursor,positive_0p10_left_early_loading_v1_M1:1279:0,positive_0p10_left_early_loading_v1_M1,False,0.999999999997623,7.998821912514795e-08
0,0,2,1,high_early_precursor,positive_0p10_left_early_loading_v1_M1:1269:0,positive_0p10_left_early_loading_v1_M1,False,0.9999999999997533,6.081694474409059e-09
0,0,2,1,high_early_precursor,positive_0p10_left_early_loading_v1_M1:1289:0,positive_0p10_left_early_loading_v1_M1,False,0.9999999999998104,1.0067075542402827e-05
0,0,2,1,high_early_precursor,ice_native_0p20_v04:769:1,ice_native_0p20_v04,False,0.9999999999999434,0.9767519473226237
0,0,2,1,high_early_precursor,ice_native_0p20_v04:749:1,ice_native_0p20_v04,False,0.9999999999999889,0.9999794180760383
0,0,2,1,high_early_precursor,ice_native_0p20_v04:759:1,ice_native_0p20_v04,False,0.9999999999999998,0.9999867688638171
0,0,2,1,wrong_foot,ice_native_0p10_v04:2019:1,ice_native_0p10_v04,False,0.9999988083676574,0.21454122688730368
0,0,2,1,wrong_foot,sand_solref_interpolation_2of3_0p15_v01:1619:0,sand_solref_interpolation_2of3_0p15_v01,False,0.2281039934259387,0.9922319443718276
0,0,2,1,wrong_foot,ice_native_0p10_v04:1099:0,ice_native_0p10_v04,False,0.999999763163976,0.31779998176704705
0,0,2,1,wrong_foot,ice_native_0p10_v04:1929:1,ice_native_0p10_v04,False,0.4301762957035259,0.9024039798847906
0,0,2,1,wrong_foot,sand_solref_interpolation_3of4_stronger_v2_0p10_v01:1369:1,sand_solref_interpolation_3of4_stronger_v2_0p10_v01,False,0.9984213165952681,0.3369905238799806
0,0,2,1,wrong_foot,sand_solref_interpolation_2of3_0p15_v01:1609:0,sand_solref_interpolation_2of3_0p15_v01,False,0.8001820122558536,0.5358092383952723
0,0,2,1,wrong_foot,ice_native_0p15_v04:699:1,ice_native_0p15_v04,False,0.41204497153006353,0.9999999947104985
0,0,2,1,wrong_foot,positive_0p20_left_early_loading_native_strong_ice_v1:1359:1,positive_0p20_left_early_loading_native_strong_ice_v1,False,0.9977409161994114,0.48454423871142005
0,0,2,1,wrong_foot,sand_solref_interpolation_5of6_stronger_v2_0p10_v01:1319:1,sand_solref_interpolation_5of6_stronger_v2_0p10_v01,False,0.7768177728868432,0.7342054634270619
0,0,2,1,wrong_foot,ice_native_0p10_v01:479:1,ice_native_0p10_v01,False,0.9999963055055057,0.663515296126521
0,0,2,1,wrong_foot,positive_0p20_left_early_loading_native_strong_ice_v1:1349:1,positive_0p20_left_early_loading_native_strong_ice_v1,False,0.9998570069342172,0.6749091656427378
0,0,2,1,wrong_foot,ice_native_0p15_v04:709:1,ice_native_0p15_v04,False,0.6800794762237261,0.9999997251719155
0,0,2,1,wrong_foot,positive_0p20_left_early_loading_native_strong_ice_v1:1329:1,positive_0p20_left_early_loading_native_strong_ice_v1,False,0.6966162074244936,0.9882053079968581
0,0,2,1,wrong_foot,ice_native_0p10_v01:519:1,ice_native_0p10_v01,False,0.9999121007138891,0.697565590107095
0,0,2,1,wrong_foot,sand_solref_interpolation_3of4_stronger_v2_0p10_v04:2689:0,sand_solref_interpolation_3of4_stronger_v2_0p10_v04,False,0.7202957936228647,0.9999772712280567
0,0,2,1,wrong_foot,sand_solref_interpolation_3of4_stronger_v2_0p10_v01:1329:1,sand_solref_interpolation_3of4_stronger_v2_0p10_v01,False,0.9192031908483985,0.806416131985335
0,0,2,1,wrong_foot,sand_solref_interpolation_3of4_stronger_v2_0p10_v04:2669:0,sand_solref_interpolation_3of4_stronger_v2_0p10_v04,False,0.9997903150779299,0.7926548959930816
0,0,2,1,wrong_foot,sand_solref_interpolation_3of4_stronger_v2_0p10_v04:2679:0,sand_solref_interpolation_3of4_stronger_v2_0p10_v04,False,0.8648256789505964,0.9327860087791715
0,0,2,1,wrong_foot,ice_native_0p10_v01:539:1,ice_native_0p10_v01,False,0.8346263907600037,0.9953088131367626
0,0,2,1,wrong_foot,sand_solref_interpolation_2of3_0p10_v04:1859:0,sand_solref_interpolation_2of3_0p10_v04,False,0.9091103485613179,0.9294196138730797
0,0,2,1,wrong_foot,ice_native_0p10_v01:559:1,ice_native_0p10_v01,False,0.9999792633137897,0.8979578948871206
0,0,2,1,wrong_foot,sand_solref_interpolation_5of6_stronger_v2_0p10_v01:1309:1,sand_solref_interpolation_5of6_stronger_v2_0p10_v01,False,0.9988934484313889,0.9128193985780476
0,0,2,1,wrong_foot,positive_0p20_left_early_loading_native_strong_ice_v1:1339:1,positive_0p20_left_early_loading_native_strong_ice_v1,False,0.9999933443127204,0.9258141568368526
0,0,2,1,wrong_foot,ice_native_0p10_v04:1909:1,ice_native_0p10_v04,False,0.9324258422961831,0.9999710258860308
0,0,2,1,wrong_foot,ice_native_0p10_v04:679:1,ice_native_0p10_v04,False,0.9831411610916523,0.9584387618793736
0,0,2,1,wrong_foot,ice_native_0p10_v01:509:1,ice_native_0p10_v01,False,0.996598282726898,0.9521576499080606
0,0,2,1,wrong_foot,positive_0p15_left_early_loading_v1_M1:1979:1,positive_0p15_left_early_loading_v1_M1,False,0.9999988673028861,0.9505505557458503
0,0,2,1,wrong_foot,ice_native_0p10_v01:489:1,ice_native_0p10_v01,False,0.9999990454886296,0.9555472439335326
0,0,2,1,wrong_foot,sand_solref_interpolation_3of4_stronger_v2_0p15_v01:1649:0,sand_solref_interpolation_3of4_stronger_v2_0p15_v01,False,0.995363505477241,0.9634237972112558
0,0,2,1,wrong_foot,ice_native_0p10_v04:669:1,ice_native_0p10_v04,False,0.9997829149226016,0.961055787030785
0,0,2,1,wrong_foot,sand_solref_interpolation_5of6_stronger_v2_0p10_v01:1329:1,sand_solref_interpolation_5of6_stronger_v2_0p10_v01,False,0.9986624488747606,0.9673540413283224
0,0,2,1,wrong_foot,ice_native_0p10_v01:529:1,ice_native_0p10_v01,False,0.9999999576120211,0.9694025989813285
0,0,2,1,wrong_foot,ice_native_0p20_v04:769:1,ice_native_0p20_v04,False,0.9999999999999434,0.9767519473226237
0,0,2,1,wrong_foot,ice_native_0p15_v04:719:1,ice_native_0p15_v04,False,0.9871829975625575,0.9999991185559456
0,0,2,1,wrong_foot,sand_solref_interpolation_2of3_0p10_v04:1909:0,sand_solref_interpolation_2of3_0p10_v04,False,0.9889963287262785,0.9999999987043715
0,0,2,1,wrong_foot,ice_native_0p20_v01:2309:1,ice_native_0p20_v01,False,0.9968448349134812,0.9970862198093265
0,0,2,1,wrong_foot,ice_native_0p20_v01:2339:1,ice_native_0p20_v01,False,0.9998402928911704,0.9971245202522794
0,0,2,1,wrong_foot,ice_native_0p20_v01:2319:1,ice_native_0p20_v01,False,0.9997131054245527,0.9987330342705565
0,0,2,1,wrong_foot,ice_native_0p15_v04:1909:1,ice_native_0p15_v04,False,0.999036866491525,0.9997700158039632
0,0,2,1,wrong_foot,ice_native_0p10_v04:649:1,ice_native_0p10_v04,False,0.9995266433984216,0.9994553894323949
0,0,2,1,wrong_foot,positive_0p20_left_early_loading_v1_M1:1969:1,positive_0p20_left_early_loading_v1_M1,False,1.0,0.9997585972415955
0,0,2,1,wrong_foot,ice_native_0p20_v01:2299:1,ice_native_0p20_v01,False,0.9998625759065783,0.9999967070414558
0,0,2,1,wrong_foot,sand_solref_interpolation_5of6_stronger_v2_0p15_v01:1649:0,sand_solref_interpolation_5of6_stronger_v2_0p15_v01,False,0.9999599094090469,0.9999999912276879
0,0,2,1,wrong_foot,ice_native_0p20_v04:749:1,ice_native_0p20_v04,False,0.9999999999999889,0.9999794180760383
0,0,2,1,wrong_foot,ice_native_0p20_v04:759:1,ice_native_0p20_v04,False,0.9999999999999998,0.9999867688638171
0,0,2,1,wrong_foot,positive_0p20_left_early_loading_v1_M1:1979:1,positive_0p20_left_early_loading_v1_M1,False,1.0,0.9999979949182747
0,0,2,1,wrong_foot,ice_native_0p20_v04:739:1,ice_native_0p20_v04,False,0.9999999997812767,0.9999995079078151
0,1,1,2,high_normal,positive_0p15_left_early_loading_v2_M1:469:1,positive_0p15_left_early_loading_v2_M1,False,0.9997747687554105,0.07148300703532891
0,1,1,2,high_normal,ice_native_0p20_v02:2519:1,ice_native_0p20_v02,False,0.9997749092156551,0.9136571904392568
0,1,1,2,high_normal,positive_0p15_left_mid_loading_early_stance_native_strong_ice_v2:1149:1,positive_0p15_left_mid_loading_early_stance_native_strong_ice_v2,False,0.9997790326925804,0.3635023093563509
0,1,1,2,high_normal,ice_native_0p10_v02:1259:1,ice_native_0p10_v02,False,0.9997809321156627,0.9869146817832735
0,1,1,2,high_normal,positive_0p20_right_mid_late_stance_v2_M1:2949:1,positive_0p20_right_mid_late_stance_v2_M1,False,0.9997834284277545,0.9694828081042343
0,1,1,2,high_normal,positive_0p15_left_mid_late_stance_native_strong_ice_v2:1169:1,positive_0p15_left_mid_late_stance_native_strong_ice_v2,False,0.9997844300857166,0.9270536245016413
0,1,1,2,high_normal,positive_0p10_left_mid_loading_early_stance_native_strong_ice_v2:1319:0,positive_0p10_left_mid_loading_early_stance_native_strong_ice_v2,False,0.9997917696312867,0.9889083974594614
0,1,1,2,high_normal,positive_0p15_left_mid_late_stance_native_strong_ice_v2:2079:0,positive_0p15_left_mid_late_stance_native_strong_ice_v2,False,0.9997920063045003,0.9343487644970518
0,1,1,2,high_normal,positive_0p15_right_mid_loading_early_stance_native_strong_ice_v2:1939:0,positive_0p15_right_mid_loading_early_stance_native_strong_ice_v2,False,0.9997927185940487,0.004892809094853079
0,1,1,2,high_normal,positive_0p15_left_mid_late_stance_native_strong_ice_v2:2119:0,positive_0p15_left_mid_late_stance_native_strong_ice_v2,False,0.9997927447232877,0.07818509874428173
0,1,1,2,high_normal,positive_0p20_left_early_loading_v2_M1:479:1,positive_0p20_left_early_loading_v2_M1,False,0.9997944219628645,0.17911592118907652
0,1,1,2,high_normal,positive_0p10_left_mid_loading_early_stance_v2_M1:1719:1,positive_0p10_left_mid_loading_early_stance_v2_M1,False,0.999805171171121,0.406604218003029
0,1,1,2,high_normal,positive_0p20_right_mid_loading_early_stance_native_strong_ice_v2:1419:0,positive_0p20_right_mid_loading_early_stance_native_strong_ice_v2,False,0.9998065100589624,0.24736865753930565
0,1,1,2,high_normal,ice_native_0p10_v02:1079:0,ice_native_0p10_v02,False,0.9998072598566878,0.0014672114382984457
0,1,1,2,high_normal,positive_0p15_right_mid_loading_early_stance_v2_M1:2509:0,positive_0p15_right_mid_loading_early_stance_v2_M1,False,0.9998079785433048,0.012944597174780385
0,1,1,2,high_normal,positive_0p15_right_mid_late_stance_native_strong_ice_v2:2999:1,positive_0p15_right_mid_late_stance_native_strong_ice_v2,False,0.999811441747592,0.32815257690308386
0,1,1,2,high_normal,positive_0p10_right_mid_loading_early_stance_native_strong_ice_v2:2599:0,positive_0p10_right_mid_loading_early_stance_native_strong_ice_v2,False,0.9998167822884969,0.2636857484581781
0,1,1,2,high_normal,positive_0p10_right_mid_late_stance_v2_M1:2959:1,positive_0p10_right_mid_late_stance_v2_M1,False,0.9998168619125994,0.9833367138045633
0,1,1,2,high_normal,positive_0p20_right_mid_loading_early_stance_v2_M1:1439:0,positive_0p20_right_mid_loading_early_stance_v2_M1,False,0.9998191116116616,0.398290312007211
0,1,1,2,high_normal,positive_0p20_left_early_loading_v2_M1:489:1,positive_0p20_left_early_loading_v2_M1,False,0.999819578790549,0.25350599845349736
0,1,1,2,high_normal,ice_native_0p20_v02:1289:1,ice_native_0p20_v02,False,0.9998196581752363,0.9929905477583925
0,1,1,2,high_normal,positive_0p10_left_mid_loading_early_stance_v2_M1:1149:1,positive_0p10_left_mid_loading_early_stance_v2_M1,False,0.9998228048603524,0.2446511677187636
0,1,1,2,high_normal,positive_0p20_left_early_loading_v2_M1:509:1,positive_0p20_left_early_loading_v2_M1,False,0.9998238877500962,0.3968559271137192
0,1,1,2,high_normal,ice_native_0p20_v02:1419:0,ice_native_0p20_v02,False,0.9998263030172866,0.8552667820644524
0,1,1,2,high_normal,ice_native_0p20_v02:1389:0,ice_native_0p20_v02,False,0.999827303913043,0.024374814669217117
0,1,1,2,high_normal,positive_0p20_left_mid_late_stance_v2_M1:2359:1,positive_0p20_left_mid_late_stance_v2_M1,False,0.9998279995305295,0.17373662618247762
0,1,1,2,high_normal,positive_0p15_right_mid_loading_early_stance_native_strong_ice_v2:1979:0,positive_0p15_right_mid_loading_early_stance_native_strong_ice_v2,False,0.9998309108755047,0.009814076569198027
0,1,1,2,high_normal,positive_0p15_right_mid_loading_early_stance_native_strong_ice_v2:2419:0,positive_0p15_right_mid_loading_early_stance_native_strong_ice_v2,False,0.9998330248403012,0.0006850267068406896
0,1,1,2,high_normal,positive_0p15_right_mid_loading_early_stance_v2_M1:1989:0,positive_0p15_right_mid_loading_early_stance_v2_M1,False,0.9998387595503898,0.0552389812258936
0,1,1,2,high_normal,positive_0p20_right_mid_late_stance_native_strong_ice_v2:1759:1,positive_0p20_right_mid_late_stance_native_strong_ice_v2,False,0.9998392718343457,0.9562716667134495
0,1,1,2,high_normal,positive_0p15_right_mid_loading_early_stance_v2_M1:2599:0,positive_0p15_right_mid_loading_early_stance_v2_M1,False,0.9998395159228832,0.22060229680588408
0,1,1,2,high_normal,positive_0p20_left_mid_loading_early_stance_native_strong_ice_v2:1929:0,positive_0p20_left_mid_loading_early_stance_native_strong_ice_v2,False,0.9998396391698413,0.9706070226550944
0,1,1,2,high_normal,positive_0p10_left_mid_loading_early_stance_native_strong_ice_v2:2899:1,positive_0p10_left_mid_loading_early_stance_native_strong_ice_v2,False,0.9998423928287321,0.4765658475009592
0,1,1,2,high_normal,ice_native_0p20_v02:1999:1,ice_native_0p20_v02,False,0.9998427884963339,0.9151700415747218
0,1,1,2,high_normal,positive_0p15_left_mid_late_stance_native_strong_ice_v2:1149:1,positive_0p15_left_mid_late_stance_native_strong_ice_v2,False,0.9998437298053492,0.8526006190111822
0,1,1,2,high_normal,positive_0p15_left_early_loading_v2_M1:1349:0,positive_0p15_left_early_loading_v2_M1,False,0.9998463633171674,0.9960274469625442
0,1,1,2,high_normal,ice_native_0p15_v02:2639:0,ice_native_0p15_v02,False,0.9998518724284123,0.508439410741195
0,1,1,2,high_normal,supplemental_positive_v8_l02:2459:0,supplemental_positive_v8_l02,False,0.999854056822255,0.9960096470819838
0,1,1,2,high_normal,positive_0p15_right_early_loading_v2_M1:889:0,positive_0p15_right_early_loading_v2_M1,False,0.9998588957242297,0.0001053638952535558
0,1,1,2,high_normal,positive_0p20_right_mid_loading_early_stance_v2_M1:2629:0,positive_0p20_right_mid_loading_early_stance_v2_M1,False,0.9998590072872244,0.5835077293873067
0,1,1,2,high_normal,ice_native_0p20_v02:1089:0,ice_native_0p20_v02,False,0.999861648567623,0.08557535016302135
0,1,1,2,high_normal,positive_0p10_left_mid_loading_early_stance_v2_M1:2039:0,positive_0p10_left_mid_loading_early_stance_v2_M1,False,0.9998633171761888,0.6748818117346299
0,1,1,2,high_normal,positive_0p10_left_mid_loading_early_stance_v2_M1:1729:1,positive_0p10_left_mid_loading_early_stance_v2_M1,False,0.9998637742028502,0.25809911935127866
0,1,1,2,high_normal,positive_0p15_right_mid_loading_early_stance_v2_M1:1999:0,positive_0p15_right_mid_loading_early_stance_v2_M1,False,0.9998641787873156,0.07455900435080492
0,1,1,2,high_normal,positive_0p20_right_mid_loading_early_stance_native_strong_ice_v2:1969:0,positive_0p20_right_mid_loading_early_stance_native_strong_ice_v2,False,0.9998647725484622,0.08345673226745133
0,1,1,2,high_normal,ice_native_0p20_v02:2759:0,ice_native_0p20_v02,False,0.9998659004999252,0.7080555594788633
0,1,1,2,high_normal,positive_0p15_right_mid_loading_early_stance_native_strong_ice_v2:1949:0,positive_0p15_right_mid_loading_early_stance_native_strong_ice_v2,False,0.999869875397795,0.0026602708779348066
0,1,1,2,high_normal,positive_0p20_right_mid_loading_early_stance_v2_M1:1989:0,positive_0p20_right_mid_loading_early_stance_v2_M1,False,0.9998727180558824,0.25306229493985116
0,1,1,2,high_normal,positive_0p10_left_mid_loading_early_stance_v2_M1:2079:0,positive_0p10_left_mid_loading_early_stance_v2_M1,False,0.999873708546243,0.9446969871461169
0,1,1,2,high_normal,positive_0p20_right_mid_loading_early_stance_native_strong_ice_v2:1999:0,positive_0p20_right_mid_loading_early_stance_native_strong_ice_v2,False,0.9998760753982632,0.26700189950227965
0,1,1,2,high_normal,positive_0p20_left_early_loading_v2_M1:719:0,positive_0p20_left_early_loading_v2_M1,False,0.999876131147698,0.9990483186046881
0,1,1,2,high_normal,positive_0p15_left_mid_loading_early_stance_native_strong_ice_v2:2879:1,positive_0p15_left_mid_loading_early_stance_native_strong_ice_v2,False,0.9998784699405249,0.05431132514222998
0,1,1,2,high_normal,positive_0p15_left_early_loading_v2_M1:479:1,positive_0p15_left_early_loading_v2_M1,False,0.9998801317113685,0.06341729191209486
0,1,1,2,high_normal,positive_0p10_right_mid_late_stance_v2_M1:1809:1,positive_0p10_right_mid_late_stance_v2_M1,False,0.9998814497353792,0.033681994689771795
0,1,1,2,high_normal,ice_native_0p20_v02:789:0,ice_native_0p20_v02,False,0.9998842542813142,0.21646143929156175
0,1,1,2,high_normal,ice_native_0p10_v02:2879:0,ice_native_0p10_v02,False,0.9998848455373159,0.19657451809453527
0,1,1,2,high_normal,ice_native_0p15_v02:1089:0,ice_native_0p15_v02,False,0.9998865798514379,0.008381218976727813
0,1,1,2,high_normal,positive_0p15_left_early_loading_v2_M1:499:1,positive_0p15_left_early_loading_v2_M1,False,0.9998865996495923,0.29322409717693526
0,1,1,2,high_normal,positive_0p20_right_mid_late_stance_v2_M1:2969:1,positive_0p20_right_mid_late_stance_v2_M1,False,0.9998894093053118,0.9967126719966518
0,1,1,2,high_normal,ice_native_0p10_v02:1269:1,ice_native_0p10_v02,False,0.9998905603426612,0.9755689764177251
0,1,1,2,high_normal,ice_native_0p20_v02:849:0,ice_native_0p20_v02,False,0.9998931191958791,0.8484909197873551
0,1,1,2,high_normal,positive_0p20_left_mid_late_stance_v2_M1:269:0,positive_0p20_left_mid_late_stance_v2_M1,False,0.9998946584064828,0.9974050682926592
0,1,1,2,high_normal,positive_0p10_right_early_loading_native_strong_ice_v2:429:1,positive_0p10_right_early_loading_native_strong_ice_v2,False,0.9998970109484742,0.9817519724307131
0,1,1,2,high_normal,ice_native_0p20_v02:1069:0,ice_native_0p20_v02,False,0.9998993497363297,0.010888588073600429
0,1,1,2,high_normal,ice_native_0p10_v02:1279:1,ice_native_0p10_v02,False,0.9998997835508016,0.9996065303316825
0,1,1,2,high_normal,positive_0p20_right_mid_loading_early_stance_native_strong_ice_v2:1979:0,positive_0p20_right_mid_loading_early_stance_native_strong_ice_v2,False,0.999903734546078,0.13882240432534654
0,1,1,2,high_normal,positive_0p15_left_early_loading_v2_M1:509:1,positive_0p15_left_early_loading_v2_M1,False,0.9999054326337165,0.524744266191887
0,1,1,2,high_normal,positive_0p15_left_early_loading_v2_M1:529:1,positive_0p15_left_early_loading_v2_M1,False,0.9999063757185669,0.008411875843034438
0,1,1,2,high_normal,positive_0p10_left_mid_late_stance_native_strong_ice_v2:939:0,positive_0p10_left_mid_late_stance_native_strong_ice_v2,False,0.999909949556822,0.635113464265253
0,1,1,2,high_normal,positive_0p10_left_mid_late_stance_native_strong_ice_v2:1159:1,positive_0p10_left_mid_late_stance_native_strong_ice_v2,False,0.9999100875506574,0.2655829135576621
0,1,1,2,high_normal,supplemental_positive_v8_l02:1809:0,supplemental_positive_v8_l02,False,0.9999116817826592,0.4982138798083534
0,1,1,2,high_normal,positive_0p10_left_mid_late_stance_native_strong_ice_v2:2689:0,positive_0p10_left_mid_late_stance_native_strong_ice_v2,False,0.9999128807421399,0.2904513562228634
0,1,1,2,high_normal,positive_0p10_right_mid_late_stance_v2_M1:1769:1,positive_0p10_right_mid_late_stance_v2_M1,False,0.9999175185915204,0.796931592370531
0,1,1,2,high_normal,positive_0p20_left_mid_late_stance_v2_M1:2349:1,positive_0p20_left_mid_late_stance_v2_M1,False,0.9999189303684595,0.07317341374810578
0,1,1,2,high_normal,positive_0p15_right_mid_loading_early_stance_v2_M1:1979:0,positive_0p15_right_mid_loading_early_stance_v2_M1,False,0.9999240265930859,0.06059260187369984
0,1,1,2,high_normal,positive_0p20_right_mid_loading_early_stance_v2_M1:2019:0,positive_0p20_right_mid_loading_early_stance_v2_M1,False,0.9999242534093004,0.3968188698495736
0,1,1,2,high_normal,positive_0p10_right_mid_late_stance_v2_M1:1209:1,positive_0p10_right_mid_late_stance_v2_M1,False,0.9999246482733549,0.9720460512034984
0,1,1,2,high_normal,ice_native_0p15_v02:819:0,ice_native_0p15_v02,False,0.9999250180648881,0.48281066608299006
0,1,1,2,high_normal,ice_native_0p15_v02:849:0,ice_native_0p15_v02,False,0.9999262675086618,0.350051262520641
0,1,1,2,high_normal,positive_0p15_left_mid_loading_early_stance_native_strong_ice_v2:2889:1,positive_0p15_left_mid_loading_early_stance_native_strong_ice_v2,False,0.999926969465528,0.06127874244849566
0,1,1,2,high_normal,positive_0p10_left_early_loading_native_strong_ice_v2:799:0,positive_0p10_left_early_loading_native_strong_ice_v2,False,0.9999276331664381,0.07163323886330494
0,1,1,2,high_normal,positive_0p15_left_mid_loading_early_stance_native_strong_ice_v2:2899:1,positive_0p15_left_mid_loading_early_stance_native_strong_ice_v2,False,0.9999276947189828,0.12473844862770525
0,1,1,2,high_normal,positive_0p20_right_mid_loading_early_stance_native_strong_ice_v2:1989:0,positive_0p20_right_mid_loading_early_stance_native_strong_ice_v2,False,0.9999278864982223,0.2127149700378503
0,1,1,2,high_normal,positive_0p10_left_mid_loading_early_stance_native_strong_ice_v2:1119:1,positive_0p10_left_mid_loading_early_stance_native_strong_ice_v2,False,0.9999300571734848,0.20451359997877167
0,1,1,2,high_normal,positive_0p10_left_mid_late_stance_native_strong_ice_v2:2119:0,positive_0p10_left_mid_late_stance_native_strong_ice_v2,False,0.9999305427139217,0.04581200141715461
0,1,1,2,high_normal,ice_native_0p20_v02:2449:1,ice_native_0p20_v02,False,0.9999314668070742,0.11042168312602178
0,1,1,2,high_normal,positive_0p20_right_mid_loading_early_stance_native_strong_ice_v2:2629:0,positive_0p20_right_mid_loading_early_stance_native_strong_ice_v2,False,0.999931583528627,0.3151965067256388
0,1,1,2,high_normal,positive_0p15_left_mid_loading_early_stance_native_strong_ice_v2:1109:1,positive_0p15_left_mid_loading_early_stance_native_strong_ice_v2,False,0.9999316470052846,0.004541665577584436
0,1,1,2,high_normal,ice_native_0p10_v02:2159:1,ice_native_0p10_v02,False,0.999933113621317,0.2871269017508515
0,1,1,2,high_normal,positive_0p15_left_mid_loading_early_stance_native_strong_ice_v2:2909:1,positive_0p15_left_mid_loading_early_stance_native_strong_ice_v2,False,0.9999334383872981,0.04195428921510483
0,1,1,2,high_normal,positive_0p10_right_mid_loading_early_stance_native_strong_ice_v2:2629:0,positive_0p10_right_mid_loading_early_stance_native_strong_ice_v2,False,0.999933834799948,0.35774480509861006
0,1,1,2,high_normal,positive_0p10_left_mid_loading_early_stance_native_strong_ice_v2:2909:1,positive_0p10_left_mid_loading_early_stance_native_strong_ice_v2,False,0.999933860064821,0.5535473473854559
0,1,1,2,high_normal,ice_native_0p20_v02:2399:1,ice_native_0p20_v02,False,0.9999358804581819,0.9938926771520591
0,1,1,2,high_normal,positive_0p15_right_mid_loading_early_stance_v2_M1:2639:0,positive_0p15_right_mid_loading_early_stance_v2_M1,False,0.9999369532473988,0.24855548909153982
0,1,1,2,high_normal,positive_0p20_left_mid_late_stance_v2_M1:2719:0,positive_0p20_left_mid_late_stance_v2_M1,False,0.9999402768223423,0.997628923584935
0,1,1,2,high_normal,positive_0p20_right_mid_loading_early_stance_native_strong_ice_v2:1439:0,positive_0p20_right_mid_loading_early_stance_native_strong_ice_v2,False,0.9999433554509606,0.5063018525869254
0,1,1,2,high_normal,positive_0p20_left_mid_loading_early_stance_native_strong_ice_v2:1919:0,positive_0p20_left_mid_loading_early_stance_native_strong_ice_v2,False,0.9999439830112987,0.9961298382171605
0,1,1,2,high_normal,positive_0p20_right_mid_late_stance_v2_M1:589:1,positive_0p20_right_mid_late_stance_v2_M1,False,0.9999452650322456,0.4577919951385717
0,1,1,2,high_normal,positive_0p20_right_mid_late_stance_native_strong_ice_v2:1159:1,positive_0p20_right_mid_late_stance_native_strong_ice_v2,False,0.9999457452699407,0.9614393080184237
0,1,1,2,high_normal,positive_0p20_right_mid_loading_early_stance_native_strong_ice_v2:2639:0,positive_0p20_right_mid_loading_early_stance_native_strong_ice_v2,False,0.9999458963805338,0.3346689649075406
0,1,1,2,high_normal,positive_0p20_left_early_loading_v2_M1:1389:0,positive_0p20_left_early_loading_v2_M1,False,0.9999462711386157,0.08311630833588843
0,1,1,2,high_normal,ice_native_0p15_v02:2259:1,ice_native_0p15_v02,False,0.9999470865907653,0.5554403619608745
0,1,1,2,high_normal,positive_0p20_right_mid_late_stance_v2_M1:2959:1,positive_0p20_right_mid_late_stance_v2_M1,False,0.9999478964757296,0.898805132125268
0,1,1,2,high_normal,positive_0p20_right_mid_loading_early_stance_native_strong_ice_v2:1429:0,positive_0p20_right_mid_loading_early_stance_native_strong_ice_v2,False,0.9999481568272282,0.48356290990500006
0,1,1,2,high_normal,positive_0p15_left_mid_late_stance_native_strong_ice_v2:2109:0,positive_0p15_left_mid_late_stance_native_strong_ice_v2,False,0.9999490561225687,0.03455696813899646
0,1,1,2,high_normal,supplemental_positive_v8_l02:2409:0,supplemental_positive_v8_l02,False,0.9999499447735981,0.44908825889051335
0,1,1,2,high_normal,positive_0p15_left_early_loading_v2_M1:1759:1,positive_0p15_left_early_loading_v2_M1,False,0.9999502747572191,0.028142921953658622
0,1,1,2,high_normal,positive_0p20_left_mid_late_stance_v2_M1:1549:0,positive_0p20_left_mid_late_stance_v2_M1,False,0.9999509854386414,0.9951696118031488
0,1,1,2,high_normal,positive_0p20_right_mid_late_stance_v2_M1:2979:1,positive_0p20_right_mid_late_stance_v2_M1,False,0.9999522385210811,0.9704584757267033
0,1,1,2,high_normal,positive_0p20_right_mid_loading_early_stance_native_strong_ice_v2:2649:0,positive_0p20_right_mid_loading_early_stance_native_strong_ice_v2,False,0.9999535312389215,0.4793786348217612
0,1,1,2,high_normal,positive_0p15_right_early_loading_v2_M1:1129:1,positive_0p15_right_early_loading_v2_M1,False,0.9999543460524701,9.751277112408829e-06
0,1,1,2,high_normal,positive_0p15_left_mid_late_stance_native_strong_ice_v2:1139:1,positive_0p15_left_mid_late_stance_native_strong_ice_v2,False,0.999954400408928,0.8575864725246493
0,1,1,2,high_normal,positive_0p20_right_mid_loading_early_stance_v2_M1:1999:0,positive_0p20_right_mid_loading_early_stance_v2_M1,False,0.9999546277696991,0.3233962753667083
0,1,1,2,high_normal,positive_0p20_right_mid_late_stance_native_strong_ice_v2:1169:1,positive_0p20_right_mid_late_stance_native_strong_ice_v2,False,0.9999549194448434,0.9441565991675203
0,1,1,2,high_normal,positive_0p20_right_mid_late_stance_v2_M1:1199:1,positive_0p20_right_mid_late_stance_v2_M1,False,0.9999549238935411,0.4143070895274888
0,1,1,2,high_normal,ice_native_0p15_v02:2629:0,ice_native_0p15_v02,False,0.9999551587071762,0.4735963089220924
0,1,1,2,high_normal,positive_0p20_right_mid_late_stance_native_strong_ice_v2:1179:1,positive_0p20_right_mid_late_stance_native_strong_ice_v2,False,0.9999563876095832,0.6971874870702749
0,1,1,2,high_normal,positive_0p10_left_early_loading_native_strong_ice_v2:509:1,positive_0p10_left_early_loading_native_strong_ice_v2,False,0.999958888518755,0.871024318957417
0,1,1,2,high_normal,positive_0p15_right_mid_loading_early_stance_native_strong_ice_v2:1989:0,positive_0p15_right_mid_loading_early_stance_native_strong_ice_v2,False,0.999959677277116,0.0010730088306549774
0,1,1,2,high_normal,positive_0p10_right_mid_late_stance_v2_M1:2989:1,positive_0p10_right_mid_late_stance_v2_M1,False,0.9999606705522662,0.03316239662614585
0,1,1,2,high_normal,positive_0p15_left_mid_loading_early_stance_native_strong_ice_v2:2919:1,positive_0p15_left_mid_loading_early_stance_native_strong_ice_v2,False,0.9999612852256187,0.059497635206345025
0,1,1,2,high_normal,positive_0p10_right_mid_loading_early_stance_native_strong_ice_v2:2619:0,positive_0p10_right_mid_loading_early_stance_native_strong_ice_v2,False,0.9999621623613669,0.3618918918350012
0,1,1,2,high_normal,positive_0p10_right_mid_late_stance_v2_M1:1779:1,positive_0p10_right_mid_late_stance_v2_M1,False,0.9999625785256674,0.5417940692618539
0,1,1,2,high_normal,positive_0p20_left_early_loading_v2_M1:529:1,positive_0p20_left_early_loading_v2_M1,False,0.9999627460773712,0.0018829591439828812
0,1,1,2,high_normal,positive_0p15_right_mid_loading_early_stance_v2_M1:2609:0,positive_0p15_right_mid_loading_early_stance_v2_M1,False,0.9999629600734015,0.1731221576848956
0,1,1,2,high_normal,positive_0p20_left_mid_late_stance_v2_M1:2709:0,positive_0p20_left_mid_late_stance_v2_M1,False,0.9999638064411646,0.9964644314549568
0,1,1,2,high_normal,ice_native_0p20_v02:809:0,ice_native_0p20_v02,False,0.9999644825172311,0.851869429803276
0,1,1,2,high_normal,ice_native_0p20_v02:2439:1,ice_native_0p20_v02,False,0.9999645926419196,0.24592405712283014
0,1,1,2,high_normal,positive_0p15_right_mid_loading_early_stance_native_strong_ice_v2:1389:0,positive_0p15_right_mid_loading_early_stance_native_strong_ice_v2,False,0.999964920531254,0.037064853008477255
0,1,1,2,high_normal,positive_0p20_left_mid_loading_early_stance_native_strong_ice_v2:1689:1,positive_0p20_left_mid_loading_early_stance_native_strong_ice_v2,False,0.999967340336315,0.24760352040720393
0,1,1,2,high_normal,positive_0p15_right_mid_loading_early_stance_v2_M1:2649:0,positive_0p15_right_mid_loading_early_stance_v2_M1,False,0.9999680872481211,0.26269746726830556
0,1,1,2,high_normal,ice_native_0p15_v02:2249:1,ice_native_0p15_v02,False,0.9999686680595327,0.9294361977429492
0,1,1,2,high_normal,positive_0p20_right_mid_loading_early_stance_v2_M1:2639:0,positive_0p20_right_mid_loading_early_stance_v2_M1,False,0.9999686909165164,0.6451441469252068
0,1,1,2,high_normal,positive_0p10_right_mid_loading_early_stance_native_strong_ice_v2:2609:0,positive_0p10_right_mid_loading_early_stance_native_strong_ice_v2,False,0.9999691194857581,0.3524123634944087
0,1,1,2,high_normal,ice_native_0p20_v02:1439:0,ice_native_0p20_v02,False,0.9999703987947355,0.7813582275792875
0,1,1,2,high_normal,ice_native_0p20_v02:1449:0,ice_native_0p20_v02,False,0.9999709294282239,0.07486161115888477
0,1,1,2,high_normal,positive_0p20_right_mid_loading_early_stance_native_strong_ice_v2:2669:0,positive_0p20_right_mid_loading_early_stance_native_strong_ice_v2,False,0.99997135850055,0.2506621182959128
0,1,1,2,high_normal,positive_0p20_right_mid_late_stance_native_strong_ice_v2:589:1,positive_0p20_right_mid_late_stance_native_strong_ice_v2,False,0.9999718401490766,0.9122290270584379
0,1,1,2,high_normal,positive_0p15_right_mid_loading_early_stance_v2_M1:2629:0,positive_0p15_right_mid_loading_early_stance_v2_M1,False,0.9999719399547443,0.2236327485051145
0,1,1,2,high_normal,positive_0p15_right_mid_loading_early_stance_native_strong_ice_v2:1379:0,positive_0p15_right_mid_loading_early_stance_native_strong_ice_v2,False,0.9999733195163911,0.028655099822674442
0,1,1,2,high_normal,positive_0p10_left_early_loading_native_strong_ice_v2:499:1,positive_0p10_left_early_loading_native_strong_ice_v2,False,0.9999738802647203,0.780470345832707
0,1,1,2,high_normal,ice_native_0p15_v02:789:0,ice_native_0p15_v02,False,0.9999747885755152,0.5280159886121163
0,1,1,2,high_normal,positive_0p15_right_mid_late_stance_native_strong_ice_v2:1739:1,positive_0p15_right_mid_late_stance_native_strong_ice_v2,False,0.9999748547939038,0.9911030002648558
0,1,1,2,high_normal,positive_0p10_right_mid_late_stance_v2_M1:2999:1,positive_0p10_right_mid_late_stance_v2_M1,False,0.9999749388463195,0.03754187753996229
0,1,1,2,high_normal,ice_native_0p20_v02:819:0,ice_native_0p20_v02,False,0.9999749499408959,0.48925721462684363
0,1,1,2,high_normal,positive_0p10_left_mid_late_stance_native_strong_ice_v2:1149:1,positive_0p10_left_mid_late_stance_native_strong_ice_v2,False,0.9999752196774,0.11363689085069038
0,1,1,2,high_normal,positive_0p10_left_mid_loading_early_stance_native_strong_ice_v2:2919:1,positive_0p10_left_mid_loading_early_stance_native_strong_ice_v2,False,0.9999752860872595,0.5145834761019354
0,1,1,2,high_normal,positive_0p20_right_mid_loading_early_stance_native_strong_ice_v2:2659:0,positive_0p20_right_mid_loading_early_stance_native_strong_ice_v2,False,0.9999759082587183,0.4397942434386441
0,1,1,2,high_normal,supplemental_positive_v8_l02:659:0,supplemental_positive_v8_l02,False,0.999976819653421,0.62663045892541
0,1,1,2,high_normal,positive_0p20_right_mid_late_stance_v2_M1:1209:1,positive_0p20_right_mid_late_stance_v2_M1,False,0.9999769174966537,0.8586569152391154
0,1,1,2,high_normal,positive_0p20_right_mid_late_stance_native_strong_ice_v2:2949:1,positive_0p20_right_mid_late_stance_native_strong_ice_v2,False,0.9999769465082882,0.9943715661415324
0,1,1,2,high_normal,positive_0p15_right_mid_loading_early_stance_v2_M1:2619:0,positive_0p15_right_mid_loading_early_stance_v2_M1,False,0.9999771110470946,0.21883945039999608
0,1,1,2,high_normal,positive_0p10_left_mid_late_stance_native_strong_ice_v2:2109:0,positive_0p10_left_mid_late_stance_native_strong_ice_v2,False,0.9999771134267335,0.04488468634561946
0,1,1,2,high_normal,positive_0p10_right_early_loading_native_strong_ice_v2:869:0,positive_0p10_right_early_loading_native_strong_ice_v2,False,0.9999771851526884,0.035234251213690705
0,1,1,2,high_normal,positive_0p20_right_mid_loading_early_stance_native_strong_ice_v2:1459:0,positive_0p20_right_mid_loading_early_stance_native_strong_ice_v2,False,0.9999773237201122,0.13241020055806546
0,1,1,2,high_normal,positive_0p15_right_mid_late_stance_native_strong_ice_v2:679:1,positive_0p15_right_mid_late_stance_native_strong_ice_v2,False,0.9999778264169887,0.05019676163932537
0,1,1,2,high_normal,positive_0p15_right_mid_late_stance_native_strong_ice_v2:2959:1,positive_0p15_right_mid_late_stance_native_strong_ice_v2,False,0.999978588577555,0.9565025675037504
0,1,1,2,high_normal,positive_0p20_right_mid_late_stance_native_strong_ice_v2:2939:1,positive_0p20_right_mid_late_stance_native_strong_ice_v2,False,0.9999795695222025,0.9964771427427709
0,1,1,2,high_normal,positive_0p20_right_mid_late_stance_v2_M1:1789:1,positive_0p20_right_mid_late_stance_v2_M1,False,0.9999798781936025,0.9635276306562814
0,1,1,2,high_normal,positive_0p20_left_mid_late_stance_v2_M1:1539:0,positive_0p20_left_mid_late_stance_v2_M1,False,0.9999804627172495,0.9959474828840785
0,1,1,2,high_normal,positive_0p20_left_mid_late_stance_v2_M1:1559:0,positive_0p20_left_mid_late_stance_v2_M1,False,0.9999810175510282,0.9958997668082032
0,1,1,2,high_normal,positive_0p20_left_early_loading_v2_M1:699:0,positive_0p20_left_early_loading_v2_M1,False,0.9999816747489316,0.9884406036414989
0,1,1,2,high_normal,positive_0p15_right_mid_loading_early_stance_native_strong_ice_v2:1969:0,positive_0p15_right_mid_loading_early_stance_native_strong_ice_v2,False,0.9999817865288448,0.005790381464510608
0,1,1,2,high_normal,positive_0p10_right_mid_loading_early_stance_native_strong_ice_v2:1979:0,positive_0p10_right_mid_loading_early_stance_native_strong_ice_v2,False,0.9999823472704629,0.001038167618538699
0,1,1,2,high_normal,positive_0p10_right_mid_late_stance_v2_M1:609:1,positive_0p10_right_mid_late_stance_v2_M1,False,0.9999823852545098,0.9785933713251193
0,1,1,2,high_normal,positive_0p20_left_early_loading_v2_M1:499:1,positive_0p20_left_early_loading_v2_M1,False,0.9999837632746864,0.36049004413273644
0,1,1,2,high_normal,positive_0p20_right_mid_late_stance_native_strong_ice_v2:1779:1,positive_0p20_right_mid_late_stance_native_strong_ice_v2,False,0.9999848754206118,0.8927316876044583
0,1,1,2,high_normal,positive_0p20_left_early_loading_v2_M1:709:0,positive_0p20_left_early_loading_v2_M1,False,0.9999851446028685,0.9992356527711967
0,1,1,2,high_normal,positive_0p10_right_mid_late_stance_v2_M1:1799:1,positive_0p10_right_mid_late_stance_v2_M1,False,0.9999860321618232,0.042022765263185845
0,1,1,2,high_normal,positive_0p15_right_early_loading_native_strong_ice_v2:879:0,positive_0p15_right_early_loading_native_strong_ice_v2,False,0.9999869915786163,0.03329474236184494
0,1,1,2,high_normal,positive_0p20_right_mid_late_stance_v2_M1:1799:1,positive_0p20_right_mid_late_stance_v2_M1,False,0.9999870337186465,0.9649388440911573
0,1,1,2,high_normal,positive_0p20_right_mid_loading_early_stance_v2_M1:2009:0,positive_0p20_right_mid_loading_early_stance_v2_M1,False,0.9999874454216903,0.35011168971447076
0,1,1,2,high_normal,ice_native_0p15_v02:809:0,ice_native_0p15_v02,False,0.9999875073605357,0.776106150032016
0,1,1,2,high_normal,positive_0p20_right_mid_loading_early_stance_native_strong_ice_v2:1449:0,positive_0p20_right_mid_loading_early_stance_native_strong_ice_v2,False,0.999987603741013,0.6506532027026961
0,1,1,2,high_normal,positive_0p10_right_mid_loading_early_stance_native_strong_ice_v2:2009:0,positive_0p10_right_mid_loading_early_stance_native_strong_ice_v2,False,0.9999879251040664,0.0016056794485711768
0,1,1,2,high_normal,ice_native_0p20_v02:1469:0,ice_native_0p20_v02,False,0.9999879541346639,0.3047321413860782
0,1,1,2,high_normal,positive_0p20_left_mid_late_stance_v2_M1:259:0,positive_0p20_left_mid_late_stance_v2_M1,False,0.9999885448315873,0.9566849824796609
0,1,1,2,high_normal,positive_0p15_right_mid_loading_early_stance_native_strong_ice_v2:1959:0,positive_0p15_right_mid_loading_early_stance_native_strong_ice_v2,False,0.9999888009307676,0.010086700592429429
0,1,1,2,high_normal,ice_native_0p15_v02:2589:0,ice_native_0p15_v02,False,0.999989081597237,9.502163661911164e-05
0,1,1,2,high_normal,positive_0p20_left_mid_loading_early_stance_v2_M1:1729:1,positive_0p20_left_mid_loading_early_stance_v2_M1,False,0.9999898508912443,0.015577679389855156
0,1,1,2,high_normal,positive_0p10_left_mid_late_stance_native_strong_ice_v2:2079:0,positive_0p10_left_mid_late_stance_native_strong_ice_v2,False,0.9999904388199431,0.951024381216337
0,1,1,2,high_normal,positive_0p20_left_mid_late_stance_v2_M1:2699:0,positive_0p20_left_mid_late_stance_v2_M1,False,0.9999908386752838,0.994877010548056
0,1,1,2,high_normal,positive_0p20_right_mid_loading_early_stance_v2_M1:2649:0,positive_0p20_right_mid_loading_early_stance_v2_M1,False,0.9999914803982587,0.6929063608186754
0,1,1,2,high_normal,positive_0p15_left_mid_late_stance_native_strong_ice_v2:2069:0,positive_0p15_left_mid_late_stance_native_strong_ice_v2,False,0.9999916829338812,0.9642649718344085
0,1,1,2,high_normal,positive_0p20_left_mid_late_stance_v2_M1:1529:0,positive_0p20_left_mid_late_stance_v2_M1,False,0.9999917638348762,0.991572689908343
0,1,1,2,high_normal,supplemental_positive_v8_l02:629:0,supplemental_positive_v8_l02,False,0.9999922291111031,0.34066783095648456
0,1,1,2,high_normal,positive_0p10_left_mid_late_stance_native_strong_ice_v2:2069:0,positive_0p10_left_mid_late_stance_native_strong_ice_v2,False,0.9999928257213033,0.787614430394099
0,1,1,2,high_normal,positive_0p15_left_mid_late_stance_native_strong_ice_v2:509:1,positive_0p15_left_mid_late_stance_native_strong_ice_v2,False,0.9999930346846556,0.4888347078951433
0,1,1,2,high_normal,supplemental_positive_v8_l02:2429:0,supplemental_positive_v8_l02,False,0.9999933192917986,0.9359144179284732
0,1,1,2,high_normal,positive_0p10_left_early_loading_native_strong_ice_v2:1429:0,positive_0p10_left_early_loading_native_strong_ice_v2,False,0.9999935814760741,0.9690137173772436
0,1,1,2,high_normal,positive_0p20_left_mid_loading_early_stance_native_strong_ice_v2:1699:1,positive_0p20_left_mid_loading_early_stance_native_strong_ice_v2,False,0.9999937198172033,0.2708574080951939
0,1,1,2,high_normal,positive_0p15_right_mid_loading_early_stance_native_strong_ice_v2:2499:0,positive_0p15_right_mid_loading_early_stance_native_strong_ice_v2,False,0.9999938440187719,0.004632350824411672
0,1,1,2,high_normal,positive_0p15_right_mid_loading_early_stance_v2_M1:1449:0,positive_0p15_right_mid_loading_early_stance_v2_M1,False,0.99999425149764,0.5916779652637647
0,1,1,2,high_normal,ice_native_0p20_v02:779:0,ice_native_0p20_v02,False,0.9999946299565691,0.7599092610404323
0,1,1,2,high_normal,ice_native_0p15_v02:769:0,ice_native_0p15_v02,False,0.9999950282766062,0.9355491974053786
0,1,1,2,high_normal,positive_0p15_right_mid_late_stance_native_strong_ice_v2:1749:1,positive_0p15_right_mid_late_stance_native_strong_ice_v2,False,0.9999952846475213,0.9953515960711713
0,1,1,2,high_normal,positive_0p10_right_mid_loading_early_stance_native_strong_ice_v2:1449:0,positive_0p10_right_mid_loading_early_stance_native_strong_ice_v2,False,0.9999953968735915,0.03742990665667324
0,1,1,2,high_normal,positive_0p20_right_mid_late_stance_native_strong_ice_v2:599:1,positive_0p20_right_mid_late_stance_native_strong_ice_v2,False,0.9999956966896622,0.9560511427650157
0,1,1,2,high_normal,positive_0p20_right_mid_late_stance_v2_M1:609:1,positive_0p20_right_mid_late_stance_v2_M1,False,0.9999957000026525,0.9388073944506561
0,1,1,2,high_normal,supplemental_positive_v8_l02:2439:0,supplemental_positive_v8_l02,False,0.9999961675777104,0.9893572338521263
0,1,1,2,high_normal,ice_native_0p20_v02:2719:0,ice_native_0p20_v02,False,0.9999962981717251,0.9988096421619239
0,1,1,2,high_normal,supplemental_positive_v8_l02:1819:0,supplemental_positive_v8_l02,False,0.9999963239827365,0.972743803131548
0,1,1,2,high_normal,ice_native_0p20_v02:1079:0,ice_native_0p20_v02,False,0.9999964608851936,0.017366095959775216
0,1,1,2,high_normal,positive_0p20_left_mid_late_stance_v2_M1:2689:0,positive_0p20_left_mid_late_stance_v2_M1,False,0.9999967221543824,0.9740388659171348
0,1,1,2,high_normal,positive_0p10_right_mid_loading_early_stance_native_strong_ice_v2:1999:0,positive_0p10_right_mid_loading_early_stance_native_strong_ice_v2,False,0.9999974408799722,0.003810377222879589
0,1,1,2,high_normal,positive_0p10_right_mid_late_stance_v2_M1:589:1,positive_0p10_right_mid_late_stance_v2_M1,False,0.9999975519222547,0.7501384167508109
0,1,1,2,high_normal,positive_0p15_left_early_loading_v2_M1:699:0,positive_0p15_left_early_loading_v2_M1,False,0.9999975813732784,0.9964812130618487
0,1,1,2,high_normal,positive_0p15_left_mid_late_stance_native_strong_ice_v2:2099:0,positive_0p15_left_mid_late_stance_native_strong_ice_v2,False,0.9999976232300045,0.06292107241437805
0,1,1,2,high_normal,positive_0p20_left_early_loading_v2_M1:859:0,positive_0p20_left_early_loading_v2_M1,False,0.9999978022197663,1.1608218712219203e-05
0,1,1,2,high_normal,positive_0p20_left_mid_loading_early_stance_native_strong_ice_v2:1719:1,positive_0p20_left_mid_loading_early_stance_native_strong_ice_v2,False,0.9999978726826266,0.0482124341375471
0,1,1,2,high_normal,positive_0p20_right_mid_late_stance_v2_M1:599:1,positive_0p20_right_mid_late_stance_v2_M1,False,0.9999979033249422,0.8388249860889323
0,1,1,2,high_normal,ice_native_0p20_v02:1459:0,ice_native_0p20_v02,False,0.9999980563091327,0.021312583180353516
0,1,1,2,high_normal,positive_0p10_right_mid_loading_early_stance_native_strong_ice_v2:1989:0,positive_0p10_right_mid_loading_early_stance_native_strong_ice_v2,False,0.9999981610424926,0.0005572859951039788
0,1,1,2,high_normal,positive_0p20_left_mid_loading_early_stance_native_strong_ice_v2:1709:1,positive_0p20_left_mid_loading_early_stance_native_strong_ice_v2,False,0.9999981898584526,0.14373003901949655
0,1,1,2,high_normal,ice_native_0p20_v02:1689:1,ice_native_0p20_v02,False,0.9999983298040391,0.9994833993574191
0,1,1,2,high_normal,ice_native_0p20_v02:839:0,ice_native_0p20_v02,False,0.9999984832055325,0.9209028862464713
0,1,1,2,high_normal,ice_native_0p20_v02:1679:1,ice_native_0p20_v02,False,0.999998522497752,0.9988374925055636
0,1,1,2,high_normal,positive_0p20_right_mid_loading_early_stance_v2_M1:1449:0,positive_0p20_right_mid_loading_early_stance_v2_M1,False,0.9999986733188445,0.5408910792387124
0,1,1,2,high_normal,positive_0p20_left_mid_late_stance_v2_M1:1509:0,positive_0p20_left_mid_late_stance_v2_M1,False,0.9999986971245161,0.8466707145741006
0,1,1,2,high_normal,positive_0p20_left_mid_late_stance_v2_M1:1519:0,positive_0p20_left_mid_late_stance_v2_M1,False,0.9999987173956446,0.9822505324396072
0,1,1,2,high_normal,positive_0p15_left_early_loading_v2_M1:689:0,positive_0p15_left_early_loading_v2_M1,False,0.9999987696353839,0.9972384590562853
0,1,1,2,high_normal,positive_0p10_right_mid_loading_early_stance_native_strong_ice_v2:2639:0,positive_0p10_right_mid_loading_early_stance_native_strong_ice_v2,False,0.9999988767976461,0.3034498236637271
0,1,1,2,high_normal,positive_0p20_left_early_loading_v2_M1:689:0,positive_0p20_left_early_loading_v2_M1,False,0.9999990278208596,0.9975236704756717
0,1,1,2,high_normal,ice_native_0p15_v02:779:0,ice_native_0p15_v02,False,0.9999991944661618,0.8787239094906746
0,1,1,2,high_normal,positive_0p10_right_mid_late_stance_v2_M1:599:1,positive_0p10_right_mid_late_stance_v2_M1,False,0.9999992909741953,0.9477593051668248
0,1,1,2,high_normal,ice_native_0p20_v02:2669:0,ice_native_0p20_v02,False,0.9999993287889044,0.4690257491993324
0,1,1,2,high_normal,positive_0p15_right_early_loading_native_strong_ice_v2:869:0,positive_0p15_right_early_loading_native_strong_ice_v2,False,0.9999994492671553,0.004234589825720645
0,1,1,2,high_normal,ice_native_0p15_v02:2239:1,ice_native_0p15_v02,False,0.9999994994572304,0.9600320319534247
0,1,1,2,high_normal,positive_0p10_right_mid_late_stance_v2_M1:1269:1,positive_0p10_right_mid_late_stance_v2_M1,False,0.9999995414241887,0.1468246622258668
0,1,1,2,high_normal,ice_native_0p15_v02:2599:0,ice_native_0p15_v02,False,0.9999995806418731,0.001610646175867739
0,1,1,2,high_normal,ice_native_0p20_v02:2709:0,ice_native_0p20_v02,False,0.9999996649069854,0.9998245727630843
0,1,1,2,high_normal,ice_native_0p15_v02:1959:1,ice_native_0p15_v02,False,0.9999997256870543,0.9735861828863761
0,1,1,2,high_normal,positive_0p10_right_mid_late_stance_v2_M1:1189:1,positive_0p10_right_mid_late_stance_v2_M1,False,0.9999997777376218,0.6243033639230652
0,1,1,2,high_normal,ice_native_0p20_v02:2819:0,ice_native_0p20_v02,False,0.9999998159856031,0.7936068792473786
0,1,1,2,high_normal,positive_0p20_right_early_loading_v2_M1:879:0,positive_0p20_right_early_loading_v2_M1,False,0.9999998385428029,0.00010391352856063462
0,1,1,2,high_normal,positive_0p10_right_mid_late_stance_v2_M1:1199:1,positive_0p10_right_mid_late_stance_v2_M1,False,0.9999998387155906,0.6858055197819058
0,1,1,2,high_normal,positive_0p20_right_mid_late_stance_v2_M1:1779:1,positive_0p20_right_mid_late_stance_v2_M1,False,0.9999998510455379,0.753774948754886
0,1,1,2,high_normal,positive_0p10_left_mid_loading_early_stance_v2_M1:2049:0,positive_0p10_left_mid_loading_early_stance_v2_M1,False,0.9999998707589208,0.9880116459591534
0,1,1,2,high_normal,positive_0p10_right_early_loading_v2_M1:879:0,positive_0p10_right_early_loading_v2_M1,False,0.999999920556723,0.00050003927736282
0,1,1,2,high_normal,positive_0p15_right_early_loading_v2_M1:879:0,positive_0p15_right_early_loading_v2_M1,False,0.9999999692853361,6.736151898320879e-05
0,1,1,2,high_normal,positive_0p10_right_early_loading_native_strong_ice_v2:859:0,positive_0p10_right_early_loading_native_strong_ice_v2,False,0.999999983336774,0.004409801238574631
0,1,1,2,high_normal,ice_native_0p20_v02:1669:1,ice_native_0p20_v02,False,0.9999999917775858,0.9998069472282357
0,1,1,2,high_normal,ice_native_0p15_v02:799:0,ice_native_0p15_v02,False,0.9999999924384223,0.9460670211211598
0,1,1,2,high_normal,ice_native_0p15_v02:1949:1,ice_native_0p15_v02,False,0.9999999930207659,0.7297250917297667
0,1,1,2,high_normal,positive_0p15_right_early_loading_native_strong_ice_v2:859:0,positive_0p15_right_early_loading_native_strong_ice_v2,False,0.9999999935576054,0.00033251861113689995
0,1,1,2,high_normal,positive_0p10_left_early_loading_native_strong_ice_v2:1129:1,positive_0p10_left_early_loading_native_strong_ice_v2,False,0.9999999980557888,0.005014628927444316
0,1,1,2,high_normal,positive_0p20_right_early_loading_native_strong_ice_v2:879:0,positive_0p20_right_early_loading_native_strong_ice_v2,False,0.9999999985635206,0.02889106138411387
0,1,1,2,high_normal,positive_0p20_right_early_loading_native_strong_ice_v2:869:0,positive_0p20_right_early_loading_native_strong_ice_v2,False,0.9999999990774953,0.02304074356740417
0,1,1,2,high_normal,ice_native_0p20_v02:799:0,ice_native_0p20_v02,False,0.999999999209334,0.9815388366277731
0,1,1,2,high_normal,positive_0p10_left_early_loading_native_strong_ice_v2:1139:1,positive_0p10_left_early_loading_native_strong_ice_v2,False,0.9999999996048285,0.09623045689008335
0,1,1,2,high_normal,positive_0p20_right_early_loading_native_strong_ice_v2:859:0,positive_0p20_right_early_loading_native_strong_ice_v2,False,0.9999999997912261,0.0037206772885406652
0,1,1,2,high_normal,ice_native_0p20_v02:1649:1,ice_native_0p20_v02,False,0.9999999999964955,0.9999616449661403
0,1,1,2,high_normal,ice_native_0p20_v02:2699:0,ice_native_0p20_v02,False,0.9999999999988518,0.9999894413127601
0,1,1,2,high_normal,ice_native_0p20_v02:2679:0,ice_native_0p20_v02,False,0.9999999999993101,0.9884411833765366
0,1,1,2,high_normal,ice_native_0p20_v02:1659:1,ice_native_0p20_v02,False,0.9999999999997455,0.9999451177312237
0,1,1,2,high_normal,ice_native_0p20_v02:2689:0,ice_native_0p20_v02,False,0.9999999999999991,0.8246364866156812
0,1,1,2,high_early_precursor,positive_0p20_left_mid_late_stance_v2_M1:2049:0,positive_0p20_left_mid_late_stance_v2_M1,False,0.4390855111010217,0.6971547527296575
0,1,1,2,high_early_precursor,positive_0p20_right_mid_loading_early_stance_v2_M1:1609:1,positive_0p20_right_mid_loading_early_stance_v2_M1,False,0.4531383379210137,0.9304570900043505
0,1,1,2,high_early_precursor,positive_0p15_left_mid_late_stance_native_strong_ice_v2:1309:0,positive_0p15_left_mid_late_stance_native_strong_ice_v2,False,0.45355891700940554,0.8644485899436507
0,1,1,2,high_early_precursor,sand_solref_interpolation_2of3_0p10_v02:1799:0,sand_solref_interpolation_2of3_0p10_v02,False,0.45866395536362214,0.9775752669368604
0,1,1,2,high_early_precursor,positive_0p20_right_mid_loading_early_stance_v2_M1:439:1,positive_0p20_right_mid_loading_early_stance_v2_M1,False,0.4799582882300678,0.4976462286660344
0,1,1,2,high_early_precursor,sand_solref_interpolation_5of6_stronger_v2_0p20_v02:419:0,sand_solref_interpolation_5of6_stronger_v2_0p20_v02,False,0.4802394529788898,0.08290273005643334
0,1,1,2,high_early_precursor,sand_solref_interpolation_5of6_stronger_v2_0p10_v02:1659:0,sand_solref_interpolation_5of6_stronger_v2_0p10_v02,False,0.48708763421431445,0.9565667465457497
0,1,1,2,high_early_precursor,positive_0p15_left_mid_loading_early_stance_v2_M1:1929:0,positive_0p15_left_mid_loading_early_stance_v2_M1,False,0.5156644387642639,0.47327351845789917
0,1,1,2,high_early_precursor,positive_0p20_right_mid_late_stance_v2_M1:2339:1,positive_0p20_right_mid_late_stance_v2_M1,False,0.5276020445900916,0.44709326353799644
0,1,1,2,high_early_precursor,sand_solref_interpolation_5of6_stronger_v2_0p20_v02:409:0,sand_solref_interpolation_5of6_stronger_v2_0p20_v02,False,0.5339105734952582,0.04629144746463207
0,1,1,2,high_early_precursor,positive_0p10_left_mid_loading_early_stance_v2_M1:1299:0,positive_0p10_left_mid_loading_early_stance_v2_M1,False,0.5429244866012378,0.3184765593220235
0,1,1,2,high_early_precursor,sand_solref_interpolation_2of3_0p10_v02:1659:0,sand_solref_interpolation_2of3_0p10_v02,False,0.550778597304028,0.9124849697468644
0,1,1,2,high_early_precursor,positive_0p20_right_mid_late_stance_v2_M1:2229:1,positive_0p20_right_mid_late_stance_v2_M1,False,0.5530615690804204,0.9204045405893736
0,1,1,2,high_early_precursor,sand_solref_interpolation_5of6_stronger_v2_0p20_v02:479:0,sand_solref_interpolation_5of6_stronger_v2_0p20_v02,False,0.5680576873565473,0.016790203227258434
0,1,1,2,high_early_precursor,positive_0p15_right_mid_loading_early_stance_v2_M1:1599:1,positive_0p15_right_mid_loading_early_stance_v2_M1,False,0.5768889225330822,0.9493796773999358
0,1,1,2,high_early_precursor,positive_0p20_left_mid_loading_early_stance_native_strong_ice_v2:1969:0,positive_0p20_left_mid_loading_early_stance_native_strong_ice_v2,False,0.6036821631293953,0.44181905119973364
0,1,1,2,high_early_precursor,positive_0p15_right_mid_late_stance_native_strong_ice_v2:1019:1,positive_0p15_right_mid_late_stance_native_strong_ice_v2,False,0.60797486071264,0.8617821204891252
0,1,1,2,high_early_precursor,sand_solref_interpolation_5of6_stronger_v2_0p20_v02:469:0,sand_solref_interpolation_5of6_stronger_v2_0p20_v02,False,0.6700589978250885,0.05977559857954308
0,1,1,2,high_early_precursor,positive_0p15_left_mid_loading_early_stance_native_strong_ice_v2:729:0,positive_0p15_left_mid_loading_early_stance_native_strong_ice_v2,False,0.6895573948738295,0.3416616731771464
0,1,1,2,high_early_precursor,sand_solref_interpolation_5of6_stronger_v2_0p20_v02:399:0,sand_solref_interpolation_5of6_stronger_v2_0p20_v02,False,0.7305052148769019,0.036888936384483505
0,1,1,2,high_early_precursor,positive_0p15_left_mid_late_stance_native_strong_ice_v2:1319:0,positive_0p15_left_mid_late_stance_native_strong_ice_v2,False,0.7421863406118916,0.8770225416667895
0,1,1,2,high_early_precursor,positive_0p15_left_mid_loading_early_stance_v2_M1:1919:0,positive_0p15_left_mid_loading_early_stance_v2_M1,False,0.762314189162204,0.7947177440569214
0,1,1,2,high_early_precursor,positive_0p20_left_mid_loading_early_stance_v2_M1:1289:0,positive_0p20_left_mid_loading_early_stance_v2_M1,False,0.7855947039857741,0.5294780060855312
0,1,1,2,high_early_precursor,positive_0p10_left_mid_loading_early_stance_native_strong_ice_v2:1379:0,positive_0p10_left_mid_loading_early_stance_native_strong_ice_v2,False,0.7885873549415923,0.4167163928766928
0,1,1,2,high_early_precursor,sand_solref_interpolation_5of6_stronger_v2_0p10_v02:1749:0,sand_solref_interpolation_5of6_stronger_v2_0p10_v02,False,0.8310400068305382,0.9994927467684793
0,1,1,2,high_early_precursor,positive_0p20_left_mid_loading_early_stance_v2_M1:1899:0,positive_0p20_left_mid_loading_early_stance_v2_M1,False,0.8499374195278178,0.34788125877257614
0,1,1,2,high_early_precursor,positive_0p15_right_mid_loading_early_stance_v2_M1:1669:1,positive_0p15_right_mid_loading_early_stance_v2_M1,False,0.8535340050300271,0.9708117512657974
0,1,1,2,high_early_precursor,positive_0p20_left_mid_late_stance_v2_M1:2059:0,positive_0p20_left_mid_late_stance_v2_M1,False,0.8603377232609292,0.6894515357672479
0,1,1,2,high_early_precursor,positive_0p15_left_mid_loading_early_stance_native_strong_ice_v2:769:0,positive_0p15_left_mid_loading_early_stance_native_strong_ice_v2,False,0.86374100040983,0.8928109087287409
0,1,1,2,high_early_precursor,ice_native_0p10_v02:749:0,ice_native_0p10_v02,False,0.8656766055301393,0.7574945082919026
0,1,1,2,high_early_precursor,positive_0p15_right_mid_loading_early_stance_v2_M1:1679:1,positive_0p15_right_mid_loading_early_stance_v2_M1,False,0.869213667033768,0.9863102613101864
0,1,1,2,high_early_precursor,ice_native_0p15_v02:1409:0,ice_native_0p15_v02,False,0.8738036795865933,0.9307206989028775
0,1,1,2,high_early_precursor,positive_0p15_right_mid_loading_early_stance_native_strong_ice_v2:489:1,positive_0p15_right_mid_loading_early_stance_native_strong_ice_v2,False,0.8795200336647716,0.9805982652936448
0,1,1,2,high_early_precursor,positive_0p15_right_mid_loading_early_stance_native_strong_ice_v2:499:1,positive_0p15_right_mid_loading_early_stance_native_strong_ice_v2,False,0.8987640270978194,0.9901993472784553
0,1,1,2,high_early_precursor,positive_0p10_left_mid_loading_early_stance_native_strong_ice_v2:1369:0,positive_0p10_left_mid_loading_early_stance_native_strong_ice_v2,False,0.9149266517572452,0.13670961240591104
0,1,1,2,high_early_precursor,ice_native_0p10_v02:2219:1,ice_native_0p10_v02,False,0.9258646460330074,0.9167257407908385
0,1,1,2,high_early_precursor,positive_0p15_left_mid_loading_early_stance_native_strong_ice_v2:749:0,positive_0p15_left_mid_loading_early_stance_native_strong_ice_v2,False,0.9356156968234242,0.8445947673511124
0,1,1,2,high_early_precursor,positive_0p15_left_mid_loading_early_stance_v2_M1:1949:0,positive_0p15_left_mid_loading_early_stance_v2_M1,False,0.9402704994595691,0.825037036274548
0,1,1,2,high_early_precursor,positive_0p20_left_mid_loading_early_stance_native_strong_ice_v2:1959:0,positive_0p20_left_mid_loading_early_stance_native_strong_ice_v2,False,0.9409282465053503,0.5954801899693923
0,1,1,2,high_early_precursor,positive_0p10_left_mid_loading_early_stance_native_strong_ice_v2:1359:0,positive_0p10_left_mid_loading_early_stance_native_strong_ice_v2,False,0.9417225604511122,0.25903918587600155
0,1,1,2,high_early_precursor,positive_0p15_right_mid_loading_early_stance_v2_M1:1639:1,positive_0p15_right_mid_loading_early_stance_v2_M1,False,0.9444740263377286,0.9325777558955519
0,1,1,2,high_early_precursor,positive_0p15_left_mid_loading_early_stance_v2_M1:1959:0,positive_0p15_left_mid_loading_early_stance_v2_M1,False,0.9480133177725779,0.9407122153677759
0,1,1,2,high_early_precursor,positive_0p15_left_mid_loading_early_stance_v2_M1:1939:0,positive_0p15_left_mid_loading_early_stance_v2_M1,False,0.9575518737180398,0.783025526255055
0,1,1,2,high_early_precursor,ice_native_0p10_v02:2209:1,ice_native_0p10_v02,False,0.9695190815544348,0.9941929524134356
0,1,1,2,high_early_precursor,positive_0p15_right_mid_loading_early_stance_v2_M1:1649:1,positive_0p15_right_mid_loading_early_stance_v2_M1,False,0.9715665765358846,0.9299360286481372
0,1,1,2,high_early_precursor,positive_0p15_right_mid_loading_early_stance_native_strong_ice_v2:1669:1,positive_0p15_right_mid_loading_early_stance_native_strong_ice_v2,False,0.974102125367897,0.6995322443207523
0,1,1,2,high_early_precursor,positive_0p15_left_mid_loading_early_stance_v2_M1:1999:0,positive_0p15_left_mid_loading_early_stance_v2_M1,False,0.9830262645998998,0.6307042089056694
0,1,1,2,high_early_precursor,sand_solref_interpolation_5of6_stronger_v2_0p10_v02:1759:0,sand_solref_interpolation_5of6_stronger_v2_0p10_v02,False,0.985622531771746,0.9991276250957762
0,1,1,2,high_early_precursor,positive_0p15_right_mid_loading_early_stance_v2_M1:1659:1,positive_0p15_right_mid_loading_early_stance_v2_M1,False,0.9862607397736534,0.9765510141310078
0,1,1,2,high_early_precursor,positive_0p15_left_mid_loading_early_stance_v2_M1:1969:0,positive_0p15_left_mid_loading_early_stance_v2_M1,False,0.9871797085913487,0.8264921224426834
0,1,1,2,high_early_precursor,sand_solref_interpolation_3of4_stronger_v2_0p10_v02:1799:0,sand_solref_interpolation_3of4_stronger_v2_0p10_v02,False,0.9885002949299561,0.9984032136752673
0,1,1,2,high_early_precursor,ice_native_0p10_v02:759:0,ice_native_0p10_v02,False,0.9900162785013283,0.8427536555760978
0,1,1,2,high_early_precursor,ice_native_0p10_v02:989:1,ice_native_0p10_v02,False,0.9901275268934409,0.8906757331679663
0,1,1,2,high_early_precursor,positive_0p15_right_mid_loading_early_stance_v2_M1:1629:1,positive_0p15_right_mid_loading_early_stance_v2_M1,False,0.9935482424760876,0.9509861428794658
0,1,1,2,high_early_precursor,positive_0p15_left_mid_loading_early_stance_v2_M1:1989:0,positive_0p15_left_mid_loading_early_stance_v2_M1,False,0.9939772555361881,0.9743742008675916
0,1,1,2,high_early_precursor,positive_0p15_left_mid_loading_early_stance_v2_M1:1979:0,positive_0p15_left_mid_loading_early_stance_v2_M1,False,0.99488445095394,0.9221963041616902
0,1,1,2,high_early_precursor,positive_0p15_right_mid_loading_early_stance_native_strong_ice_v2:1659:1,positive_0p15_right_mid_loading_early_stance_native_strong_ice_v2,False,0.9954206120147429,0.6992457057845944
0,1,1,2,high_early_precursor,ice_native_0p10_v02:819:0,ice_native_0p10_v02,False,0.9959940039869989,0.4968486168154797
0,1,1,2,high_early_precursor,positive_0p15_left_mid_loading_early_stance_native_strong_ice_v2:759:0,positive_0p15_left_mid_loading_early_stance_native_strong_ice_v2,False,0.9973749755426135,0.9380852459012304
0,1,1,2,high_early_precursor,ice_native_0p10_v02:2199:1,ice_native_0p10_v02,False,0.9987748854668912,0.7284383795868996
0,1,1,2,high_early_precursor,sand_solref_interpolation_2of3_0p10_v02:1809:0,sand_solref_interpolation_2of3_0p10_v02,False,0.9991940158084066,0.9600185050343817
0,1,1,2,high_early_precursor,sand_solref_interpolation_5of6_stronger_v2_0p10_v02:1769:0,sand_solref_interpolation_5of6_stronger_v2_0p10_v02,False,0.9993527730275052,0.9991082088381215
0,1,1,2,high_early_precursor,ice_native_0p10_v02:789:0,ice_native_0p10_v02,False,0.9994321733248586,0.4893485651324305
0,1,1,2,high_early_precursor,sand_solref_interpolation_2of3_0p10_v02:1819:0,sand_solref_interpolation_2of3_0p10_v02,False,0.9995163066840983,0.9896299934880168
0,1,1,2,high_early_precursor,ice_native_0p10_v02:2189:1,ice_native_0p10_v02,False,0.9995236460242136,0.3991398254410072
0,1,1,2,high_early_precursor,sand_solref_interpolation_3of4_stronger_v2_0p10_v02:1809:0,sand_solref_interpolation_3of4_stronger_v2_0p10_v02,False,0.9995559108746619,0.9994505201507163
0,1,1,2,high_early_precursor,ice_native_0p10_v02:2179:1,ice_native_0p10_v02,False,0.9997720917053283,0.952865198046919
0,1,1,2,high_early_precursor,sand_solref_interpolation_3of4_stronger_v2_0p10_v02:1839:0,sand_solref_interpolation_3of4_stronger_v2_0p10_v02,False,0.9998661370849391,0.9999234272087758
0,1,1,2,high_early_precursor,ice_native_0p10_v02:829:0,ice_native_0p10_v02,False,0.9998750590278154,0.9761608002898519
0,1,1,2,high_early_precursor,sand_solref_interpolation_3of4_stronger_v2_0p10_v02:1819:0,sand_solref_interpolation_3of4_stronger_v2_0p10_v02,False,0.9999369998209265,0.999911827007899
0,1,1,2,high_early_precursor,ice_native_0p10_v02:769:0,ice_native_0p10_v02,False,0.9999373350955068,0.8962773432535037
0,1,1,2,high_early_precursor,ice_native_0p15_v02:1399:0,ice_native_0p15_v02,False,0.9999490720159063,0.9218090555628302
0,1,1,2,high_early_precursor,ice_native_0p10_v02:809:0,ice_native_0p10_v02,False,0.9999738850249444,0.600188698405692
0,1,1,2,high_early_precursor,sand_solref_interpolation_5of6_stronger_v2_0p10_v02:1779:0,sand_solref_interpolation_5of6_stronger_v2_0p10_v02,False,0.9999878350189986,0.999705682761678
0,1,1,2,high_early_precursor,ice_native_0p20_v02:989:1,ice_native_0p20_v02,False,0.9999880114716155,0.3019909843616447
0,1,1,2,high_early_precursor,ice_native_0p10_v02:779:0,ice_native_0p10_v02,False,0.9999931118100248,0.9236486795216077
0,1,1,2,high_early_precursor,sand_solref_interpolation_5of6_stronger_v2_0p10_v02:1789:0,sand_solref_interpolation_5of6_stronger_v2_0p10_v02,False,0.9999935501093367,0.9999043163041224
0,1,1,2,high_early_precursor,sand_solref_interpolation_2of3_0p10_v02:1839:0,sand_solref_interpolation_2of3_0p10_v02,False,0.9999936359301556,0.9996372014501346
0,1,1,2,high_early_precursor,ice_native_0p15_v02:999:1,ice_native_0p15_v02,False,0.999997389426252,0.9762975831452738
0,1,1,2,high_early_precursor,sand_solref_interpolation_3of4_stronger_v2_0p10_v02:1829:0,sand_solref_interpolation_3of4_stronger_v2_0p10_v02,False,0.9999974522980561,0.9999605346600879
0,1,1,2,high_early_precursor,sand_solref_interpolation_2of3_0p10_v02:1829:0,sand_solref_interpolation_2of3_0p10_v02,False,0.9999981596416748,0.9976654357142191
0,1,1,2,high_early_precursor,ice_native_0p15_v02:2009:0,ice_native_0p15_v02,False,0.999999681818845,0.9277180356302845
0,1,1,2,high_early_precursor,ice_native_0p15_v02:989:1,ice_native_0p15_v02,False,0.9999999201476076,0.7668711983111817
0,1,1,2,high_early_precursor,ice_native_0p10_v02:799:0,ice_native_0p10_v02,False,0.9999999555071339,0.969514300622572
0,1,1,2,high_early_precursor,ice_native_0p10_v02:1999:0,ice_native_0p10_v02,False,0.9999999847450742,0.9844678173351186
0,1,1,2,high_early_precursor,ice_native_0p15_v02:2019:0,ice_native_0p15_v02,False,0.9999999980264556,0.847970644304127
0,1,1,2,wrong_foot,ice_native_0p15_v02:1089:0,ice_native_0p15_v02,False,0.9998865798514379,0.008381218976727813
0,1,1,2,wrong_foot,ice_native_0p20_v02:1069:0,ice_native_0p20_v02,False,0.9998993497363297,0.010888588073600429
0,1,1,2,wrong_foot,ice_native_0p20_v02:1079:0,ice_native_0p20_v02,False,0.9999964608851936,0.017366095959775216
0,1,1,2,wrong_foot,positive_0p20_right_early_loading_native_strong_ice_v2:869:0,positive_0p20_right_early_loading_native_strong_ice_v2,False,0.9999999990774953,0.02304074356740417
0,1,1,2,wrong_foot,positive_0p20_right_early_loading_native_strong_ice_v2:879:0,positive_0p20_right_early_loading_native_strong_ice_v2,False,0.9999999985635206,0.02889106138411387
0,1,1,2,wrong_foot,positive_0p15_right_early_loading_native_strong_ice_v2:879:0,positive_0p15_right_early_loading_native_strong_ice_v2,False,0.9999869915786163,0.03329474236184494
0,1,1,2,wrong_foot,positive_0p10_right_early_loading_native_strong_ice_v2:869:0,positive_0p10_right_early_loading_native_strong_ice_v2,False,0.9999771851526884,0.035234251213690705
0,1,1,2,wrong_foot,positive_0p10_right_early_loading_native_strong_ice_v2:879:0,positive_0p10_right_early_loading_native_strong_ice_v2,False,0.9970333815327905,0.07490044320759158
0,1,1,2,wrong_foot,positive_0p10_left_early_loading_native_strong_ice_v2:1149:1,positive_0p10_left_early_loading_native_strong_ice_v2,False,0.9989144192981458,0.08211873390746237
0,1,1,2,wrong_foot,ice_native_0p20_v02:1089:0,ice_native_0p20_v02,False,0.999861648567623,0.08557535016302135
0,1,1,2,wrong_foot,positive_0p10_left_early_loading_native_strong_ice_v2:1139:1,positive_0p10_left_early_loading_native_strong_ice_v2,False,0.9999999996048285,0.09623045689008335
0,1,1,2,wrong_foot,ice_native_0p10_v02:2779:0,ice_native_0p10_v02,False,0.9450642649148878,0.23449417935609967
0,1,1,2,wrong_foot,ice_native_0p10_v02:2879:0,ice_native_0p10_v02,False,0.9998848455373159,0.19657451809453527
0,1,1,2,wrong_foot,ice_native_0p10_v02:2149:1,ice_native_0p10_v02,False,0.9961250261471728,0.2100514240190288
0,1,1,2,wrong_foot,ice_native_0p10_v02:2159:1,ice_native_0p10_v02,False,0.999933113621317,0.2871269017508515
0,1,1,2,wrong_foot,ice_native_0p10_v02:2849:0,ice_native_0p10_v02,False,0.4417678242113524,0.8602795745960589
0,1,1,2,wrong_foot,ice_native_0p10_v02:2869:0,ice_native_0p10_v02,False,0.9877708522163372,0.3180247354532091
0,1,1,2,wrong_foot,ice_native_0p10_v02:2189:1,ice_native_0p10_v02,False,0.9995236460242136,0.3991398254410072
0,1,1,2,wrong_foot,ice_native_0p10_v02:2839:0,ice_native_0p10_v02,False,0.7857649588122155,0.6752451796308878
0,1,1,2,wrong_foot,ice_native_0p10_v02:2829:0,ice_native_0p10_v02,False,0.9433809988840937,0.635277795932407
0,1,1,2,wrong_foot,ice_native_0p10_v02:2199:1,ice_native_0p10_v02,False,0.9987748854668912,0.7284383795868996
0,1,1,2,wrong_foot,ice_native_0p10_v02:2219:1,ice_native_0p10_v02,False,0.9258646460330074,0.9167257407908385
0,1,1,2,wrong_foot,ice_native_0p10_v02:2179:1,ice_native_0p10_v02,False,0.9997720917053283,0.952865198046919
0,1,1,2,wrong_foot,ice_native_0p10_v02:2209:1,ice_native_0p10_v02,False,0.9695190815544348,0.9941929524134356
1,0,2,0,high_normal,positive_0p10_left_mid_loading_early_stance_native_strong_ice_v0:1459:1,positive_0p10_left_mid_loading_early_stance_native_strong_ice_v0,False,0.999999973662592,0.00018762702863865156
1,0,2,0,high_normal,positive_0p10_left_mid_loading_early_stance_v0_M1:2019:1,positive_0p10_left_mid_loading_early_stance_v0_M1,False,0.9999999745508064,5.882519306473072e-06
1,0,2,0,high_normal,positive_0p20_left_early_loading_native_strong_ice_v0:1389:1,positive_0p20_left_early_loading_native_strong_ice_v0,False,0.9999999769529014,0.2494152950616968
1,0,2,0,high_normal,positive_0p10_left_early_loading_native_strong_ice_v0:719:1,positive_0p10_left_early_loading_native_strong_ice_v0,False,0.9999999771407594,1.724612272725133e-07
1,0,2,0,high_normal,positive_0p10_left_mid_loading_early_stance_native_strong_ice_v0:2089:1,positive_0p10_left_mid_loading_early_stance_native_strong_ice_v0,False,0.999999977142266,0.002522332230360686
1,0,2,0,high_normal,positive_0p20_left_early_loading_native_strong_ice_v0:1349:1,positive_0p20_left_early_loading_native_strong_ice_v0,False,0.9999999774582168,0.011187542185043935
1,0,2,0,high_normal,positive_0p10_left_early_loading_native_strong_ice_v0:1409:0,positive_0p10_left_early_loading_native_strong_ice_v0,False,0.9999999775373621,1.7501851423412572e-05
1,0,2,0,high_normal,supplemental_positive_v8_l06:1749:0,supplemental_positive_v8_l06,False,0.9999999786949343,0.9449388484442668
1,0,2,0,high_normal,positive_0p10_left_mid_loading_early_stance_native_strong_ice_v0:2649:1,positive_0p10_left_mid_loading_early_stance_native_strong_ice_v0,False,0.9999999791663738,0.019699315166941577
1,0,2,0,high_normal,positive_0p20_left_early_loading_native_strong_ice_v0:719:1,positive_0p20_left_early_loading_native_strong_ice_v0,False,0.9999999794657894,6.933983692967926e-07
1,0,2,0,high_normal,positive_0p10_right_mid_loading_early_stance_native_strong_ice_v0:1709:0,positive_0p10_right_mid_loading_early_stance_native_strong_ice_v0,False,0.9999999797865038,0.00030712342406045783
1,0,2,0,high_normal,positive_0p10_left_early_loading_native_strong_ice_v0:1509:1,positive_0p10_left_early_loading_native_strong_ice_v0,False,0.9999999798329875,0.2517849876309709
1,0,2,0,high_normal,positive_0p15_left_early_loading_native_strong_ice_v0:819:1,positive_0p15_left_early_loading_native_strong_ice_v0,False,0.9999999800683335,1.480149613948403e-06
1,0,2,0,high_normal,positive_0p15_right_mid_loading_early_stance_native_strong_ice_v0:2359:0,positive_0p15_right_mid_loading_early_stance_native_strong_ice_v0,False,0.9999999819038553,0.2225028206875994
1,0,2,0,high_normal,ice_native_0p15_v00:1739:0,ice_native_0p15_v00,False,0.9999999819503168,0.9935272476044442
1,0,2,0,high_normal,positive_0p10_right_mid_loading_early_stance_native_strong_ice_v0:1699:0,positive_0p10_right_mid_loading_early_stance_native_strong_ice_v0,False,0.999999982246418,0.00012016791369322391
1,0,2,0,high_normal,positive_0p15_left_early_loading_native_strong_ice_v0:859:1,positive_0p15_left_early_loading_native_strong_ice_v0,False,0.9999999822796707,1.3622917733811669e-05
1,0,2,0,high_normal,positive_0p15_right_mid_loading_early_stance_native_strong_ice_v0:2419:0,positive_0p15_right_mid_loading_early_stance_native_strong_ice_v0,False,0.9999999829298559,0.00011884026388969149
1,0,2,0,high_normal,positive_0p20_left_early_loading_native_strong_ice_v0:909:1,positive_0p20_left_early_loading_native_strong_ice_v0,False,0.9999999830322709,0.00043716951599885893
1,0,2,0,high_normal,positive_0p15_left_mid_loading_early_stance_native_strong_ice_v0:2049:1,positive_0p15_left_mid_loading_early_stance_native_strong_ice_v0,False,0.9999999833203398,0.0003904290278584787
1,0,2,0,high_normal,ice_native_0p10_v03:789:0,ice_native_0p10_v03,False,0.9999999838803901,0.00010548817408750968
1,0,2,0,high_normal,positive_0p10_left_mid_late_stance_native_strong_ice_v0:1929:0,positive_0p10_left_mid_late_stance_native_strong_ice_v0,False,0.9999999839350777,0.9868162890823335
1,0,2,0,high_normal,ice_native_0p15_v03:1749:1,ice_native_0p15_v03,False,0.9999999847709398,0.030626215711055484
1,0,2,0,high_normal,positive_0p10_left_early_loading_native_strong_ice_v0:1479:1,positive_0p10_left_early_loading_native_strong_ice_v0,False,0.9999999848695129,0.4627995373643295
1,0,2,0,high_normal,positive_0p20_left_mid_loading_early_stance_native_strong_ice_v0:2639:1,positive_0p20_left_mid_loading_early_stance_native_strong_ice_v0,False,0.9999999854833455,1.268118041064283e-05
1,0,2,0,high_normal,positive_0p20_left_mid_loading_early_stance_native_strong_ice_v0:1419:1,positive_0p20_left_mid_loading_early_stance_native_strong_ice_v0,False,0.999999986528999,6.508442021887426e-08
1,0,2,0,high_normal,positive_0p20_left_early_loading_native_strong_ice_v0:899:1,positive_0p20_left_early_loading_native_strong_ice_v0,False,0.9999999867922211,4.4575156476213835e-05
1,0,2,0,high_normal,positive_0p10_right_mid_late_stance_native_strong_ice_v0:2229:1,positive_0p10_right_mid_late_stance_native_strong_ice_v0,False,0.9999999869261127,0.9479966134830612
1,0,2,0,high_normal,ice_native_0p15_v03:689:0,ice_native_0p15_v03,False,0.9999999872064224,0.8606142124265811
1,0,2,0,high_normal,positive_0p20_right_mid_loading_early_stance_native_strong_ice_v0:1789:0,positive_0p20_right_mid_loading_early_stance_native_strong_ice_v0,False,0.9999999874362117,3.2616488970762264e-05
1,0,2,0,high_normal,positive_0p10_right_mid_loading_early_stance_native_strong_ice_v0:1769:0,positive_0p10_right_mid_loading_early_stance_native_strong_ice_v0,False,0.9999999876833346,0.000438709963111364
1,0,2,0,high_normal,positive_0p15_left_early_loading_native_strong_ice_v0:1439:1,positive_0p15_left_early_loading_native_strong_ice_v0,False,0.999999988205385,6.150281050942416e-08
1,0,2,0,high_normal,positive_0p20_left_early_loading_native_strong_ice_v0:679:1,positive_0p20_left_early_loading_native_strong_ice_v0,False,0.9999999882943481,2.8658654045471336e-05
1,0,2,0,high_normal,supplemental_positive_v8_l09:2279:0,supplemental_positive_v8_l09,False,0.9999999885433756,0.960818204009508
1,0,2,0,high_normal,ice_native_0p10_v03:749:0,ice_native_0p10_v03,False,0.9999999886075169,0.03900327545808908
1,0,2,0,high_normal,positive_0p10_right_early_loading_native_strong_ice_v0:519:0,positive_0p10_right_early_loading_native_strong_ice_v0,False,0.9999999889119319,0.00038110295413190453
1,0,2,0,high_normal,ice_native_0p10_v03:739:0,ice_native_0p10_v03,False,0.9999999891088728,0.14698971084185056
1,0,2,0,high_normal,positive_0p10_left_mid_loading_early_stance_native_strong_ice_v0:1439:1,positive_0p10_left_mid_loading_early_stance_native_strong_ice_v0,False,0.9999999896388435,0.0002757863316570522
1,0,2,0,high_normal,positive_0p10_left_mid_loading_early_stance_v0_M1:1429:1,positive_0p10_left_mid_loading_early_stance_v0_M1,False,0.9999999899756612,1.3313909830928743e-06
1,0,2,0,high_normal,positive_0p10_left_early_loading_native_strong_ice_v0:839:0,positive_0p10_left_early_loading_native_strong_ice_v0,False,0.999999990160814,0.039848142586204394
1,0,2,0,high_normal,ice_native_0p15_v03:1959:0,ice_native_0p15_v03,False,0.9999999906157445,0.4750364655168503
1,0,2,0,high_normal,positive_0p10_left_early_loading_v0_M1:1619:0,positive_0p10_left_early_loading_v0_M1,False,0.9999999907747193,2.8324443947919907e-06
1,0,2,0,high_normal,positive_0p10_left_mid_loading_early_stance_v0_M1:2109:1,positive_0p10_left_mid_loading_early_stance_v0_M1,False,0.9999999909951837,0.00312221642828111
1,0,2,0,high_normal,positive_0p10_left_early_loading_v0_M1:1459:1,positive_0p10_left_early_loading_v0_M1,False,0.9999999910448968,6.2842172352078135e-15
1,0,2,0,high_normal,ice_native_0p15_v03:709:0,ice_native_0p15_v03,False,0.9999999912751053,0.69103654838553
1,0,2,0,high_normal,ice_native_0p20_v03:799:0,ice_native_0p20_v03,False,0.9999999921842161,0.002875150596553734
1,0,2,0,high_normal,positive_0p10_left_early_loading_v0_M1:1509:1,positive_0p10_left_early_loading_v0_M1,False,0.9999999921880317,1.1234373881423555e-07
1,0,2,0,high_normal,positive_0p10_right_mid_late_stance_v0_M1:1649:1,positive_0p10_right_mid_late_stance_v0_M1,False,0.9999999923327297,0.8995442180098825
1,0,2,0,high_normal,supplemental_positive_v8_l06:1129:0,supplemental_positive_v8_l06,False,0.999999992400343,0.9695520732648802
1,0,2,0,high_normal,positive_0p15_right_mid_late_stance_v0_M1:2839:1,positive_0p15_right_mid_late_stance_v0_M1,False,0.9999999930097385,0.8701755894243319
1,0,2,0,high_normal,positive_0p10_right_mid_late_stance_v0_M1:2229:1,positive_0p10_right_mid_late_stance_v0_M1,False,0.9999999933604464,0.9253010763540432
1,0,2,0,high_normal,ice_native_0p15_v00:1709:0,ice_native_0p15_v00,False,0.9999999935855195,0.9790792074149035
1,0,2,0,high_normal,positive_0p10_left_early_loading_native_strong_ice_v0:829:1,positive_0p10_left_early_loading_native_strong_ice_v0,False,0.9999999937620327,4.173937622836544e-06
1,0,2,0,high_normal,ice_native_0p20_v03:689:0,ice_native_0p20_v03,False,0.9999999938140529,0.9747093481838378
1,0,2,0,high_normal,positive_0p20_left_early_loading_native_strong_ice_v0:809:1,positive_0p20_left_early_loading_native_strong_ice_v0,False,0.9999999943524307,3.7978931450195775e-07
1,0,2,0,high_normal,supplemental_positive_v8_l03:2429:0,supplemental_positive_v8_l03,False,0.99999999448186,0.981890380313384
1,0,2,0,high_normal,positive_0p15_left_early_loading_native_strong_ice_v0:809:1,positive_0p15_left_early_loading_native_strong_ice_v0,False,0.9999999946212825,5.284981975452418e-07
1,0,2,0,high_normal,supplemental_positive_v8_l06:2339:0,supplemental_positive_v8_l06,False,0.9999999946238025,0.9388415548029182
1,0,2,0,high_normal,positive_0p10_right_mid_late_stance_native_strong_ice_v0:2829:1,positive_0p10_right_mid_late_stance_native_strong_ice_v0,False,0.9999999948431986,0.9468101162725745
1,0,2,0,high_normal,positive_0p15_right_mid_loading_early_stance_native_strong_ice_v0:1819:0,positive_0p15_right_mid_loading_early_stance_native_strong_ice_v0,False,0.9999999949945702,3.7521938752946134e-07
1,0,2,0,high_normal,positive_0p10_right_mid_late_stance_v0_M1:2839:1,positive_0p10_right_mid_late_stance_v0_M1,False,0.9999999951687792,0.8973643459612209
1,0,2,0,high_normal,positive_0p15_left_mid_loading_early_stance_native_strong_ice_v0:2629:1,positive_0p15_left_mid_loading_early_stance_native_strong_ice_v0,False,0.9999999952830165,3.2051048719500395e-07
1,0,2,0,high_normal,ice_native_0p15_v00:1719:0,ice_native_0p15_v00,False,0.9999999953000167,0.999878008750657
1,0,2,0,high_normal,ice_native_0p20_v03:809:0,ice_native_0p20_v03,False,0.9999999954052061,0.0006730583122315074
1,0,2,0,high_normal,positive_0p10_left_early_loading_native_strong_ice_v0:1429:0,positive_0p10_left_early_loading_native_strong_ice_v0,False,0.9999999956174039,8.43928501716871e-07
1,0,2,0,high_normal,positive_0p10_right_mid_late_stance_native_strong_ice_v0:2809:1,positive_0p10_right_mid_late_stance_native_strong_ice_v0,False,0.9999999956200707,0.9675413572988418
1,0,2,0,high_normal,ice_native_0p20_v03:2019:0,ice_native_0p20_v03,False,0.9999999957023449,1.5698162683722942e-06
1,0,2,0,high_normal,positive_0p15_left_mid_loading_early_stance_native_strong_ice_v0:2699:1,positive_0p15_left_mid_loading_early_stance_native_strong_ice_v0,False,0.9999999957867067,0.0007736806328112144
1,0,2,0,high_normal,positive_0p20_left_mid_loading_early_stance_native_strong_ice_v0:2659:1,positive_0p20_left_mid_loading_early_stance_native_strong_ice_v0,False,0.9999999958860657,0.03609738324011907
1,0,2,0,high_normal,positive_0p10_right_mid_loading_early_stance_native_strong_ice_v0:1789:0,positive_0p10_right_mid_loading_early_stance_native_strong_ice_v0,False,0.9999999959133952,5.5927314945734316e-05
1,0,2,0,high_normal,positive_0p15_right_mid_loading_early_stance_native_strong_ice_v0:1829:0,positive_0p15_right_mid_loading_early_stance_native_strong_ice_v0,False,0.9999999959593875,1.0044293574857083e-06
1,0,2,0,high_normal,positive_0p10_right_early_loading_native_strong_ice_v0:919:0,positive_0p10_right_early_loading_native_strong_ice_v0,False,0.9999999960279364,0.0002470800043511898
1,0,2,0,high_normal,positive_0p15_left_early_loading_v0_M1:1489:1,positive_0p15_left_early_loading_v0_M1,False,0.9999999961249775,3.843855788330418e-10
1,0,2,0,high_normal,positive_0p20_left_mid_loading_early_stance_native_strong_ice_v0:2629:1,positive_0p20_left_mid_loading_early_stance_native_strong_ice_v0,False,0.9999999962034964,5.535436274932467e-06
1,0,2,0,high_normal,positive_0p20_left_mid_loading_early_stance_native_strong_ice_v0:2049:1,positive_0p20_left_mid_loading_early_stance_native_strong_ice_v0,False,0.9999999964348913,0.00045743361497809984
1,0,2,0,high_normal,positive_0p15_left_early_loading_native_strong_ice_v0:849:1,positive_0p15_left_early_loading_native_strong_ice_v0,False,0.999999996441334,0.0001433279346405918
1,0,2,0,high_normal,positive_0p10_left_early_loading_native_strong_ice_v0:869:1,positive_0p10_left_early_loading_native_strong_ice_v0,False,0.9999999964824191,4.569687870206368e-06
1,0,2,0,high_normal,positive_0p10_right_mid_loading_early_stance_native_strong_ice_v0:1779:0,positive_0p10_right_mid_loading_early_stance_native_strong_ice_v0,False,0.9999999966491626,0.00013084410769447586
1,0,2,0,high_normal,positive_0p20_left_early_loading_native_strong_ice_v0:1289:1,positive_0p20_left_early_loading_native_strong_ice_v0,False,0.9999999966603956,0.7948835732517934
1,0,2,0,high_normal,ice_native_0p10_v00:879:0,ice_native_0p10_v00,False,0.9999999967891224,0.0567434542490419
1,0,2,0,high_normal,positive_0p10_left_early_loading_v0_M1:2079:1,positive_0p10_left_early_loading_v0_M1,False,0.999999996797108,0.0016007469628504147
1,0,2,0,high_normal,supplemental_positive_v8_l06:2349:0,supplemental_positive_v8_l06,False,0.9999999968986182,0.961412949168442
1,0,2,0,high_normal,positive_0p15_right_mid_loading_early_stance_native_strong_ice_v0:2429:0,positive_0p15_right_mid_loading_early_stance_native_strong_ice_v0,False,0.999999996903806,5.310476146248994e-05
1,0,2,0,high_normal,positive_0p20_left_mid_loading_early_stance_native_strong_ice_v0:1399:1,positive_0p20_left_mid_loading_early_stance_native_strong_ice_v0,False,0.9999999969101834,1.3781311569536455e-08
1,0,2,0,high_normal,ice_native_0p15_v03:2099:1,ice_native_0p15_v03,False,0.999999996956275,0.9134220274419985
1,0,2,0,high_normal,ice_native_0p10_v00:2409:0,ice_native_0p10_v00,False,0.9999999969743574,1.0952395070397514e-06
1,0,2,0,high_normal,positive_0p15_left_early_loading_native_strong_ice_v0:1259:1,positive_0p15_left_early_loading_native_strong_ice_v0,False,0.9999999969842377,0.011745669855651055
1,0,2,0,high_normal,positive_0p10_right_mid_late_stance_native_strong_ice_v0:1619:1,positive_0p10_right_mid_late_stance_native_strong_ice_v0,False,0.999999997004182,0.9100515582097798
1,0,2,0,high_normal,ice_native_0p10_v00:1669:0,ice_native_0p10_v00,False,0.9999999970613713,0.05761950436183079
1,0,2,0,high_normal,positive_0p20_left_early_loading_native_strong_ice_v0:1299:1,positive_0p20_left_early_loading_native_strong_ice_v0,False,0.9999999971334548,0.436589808820517
1,0,2,0,high_normal,positive_0p10_right_mid_loading_early_stance_native_strong_ice_v0:1809:0,positive_0p10_right_mid_loading_early_stance_native_strong_ice_v0,False,0.9999999971490647,2.958564351951123e-05
1,0,2,0,high_normal,positive_0p10_right_mid_late_stance_native_strong_ice_v0:1589:1,positive_0p10_right_mid_late_stance_native_strong_ice_v0,False,0.999999997318078,0.9824238669597783
1,0,2,0,high_normal,positive_0p20_left_early_loading_native_strong_ice_v0:1379:1,positive_0p20_left_early_loading_native_strong_ice_v0,False,0.9999999973811218,0.5199033196552787
1,0,2,0,high_normal,positive_0p10_left_early_loading_native_strong_ice_v0:1459:1,positive_0p10_left_early_loading_native_strong_ice_v0,False,0.9999999974140601,0.47438036805950606
1,0,2,0,high_normal,ice_native_0p20_v03:699:0,ice_native_0p20_v03,False,0.9999999976022516,0.967920581784071
1,0,2,0,high_normal,positive_0p10_left_mid_loading_early_stance_v0_M1:2039:1,positive_0p10_left_mid_loading_early_stance_v0_M1,False,0.9999999976931686,5.150147965666151e-05
1,0,2,0,high_normal,positive_0p10_left_early_loading_native_strong_ice_v0:849:0,positive_0p10_left_early_loading_native_strong_ice_v0,False,0.9999999977058507,0.006866273129491331
1,0,2,0,high_normal,positive_0p10_right_mid_late_stance_v0_M1:1639:1,positive_0p10_right_mid_late_stance_v0_M1,False,0.9999999978696317,0.9507614182239338
1,0,2,0,high_normal,positive_0p20_left_early_loading_native_strong_ice_v0:869:1,positive_0p20_left_early_loading_native_strong_ice_v0,False,0.9999999980050982,1.3424660074632045e-05
1,0,2,0,high_normal,positive_0p10_right_mid_late_stance_v0_M1:2239:1,positive_0p10_right_mid_late_stance_v0_M1,False,0.9999999980941876,0.8773551717453499
1,0,2,0,high_normal,positive_0p15_right_mid_late_stance_v0_M1:2829:1,positive_0p15_right_mid_late_stance_v0_M1,False,0.9999999981035139,0.92293976531301
1,0,2,0,high_normal,positive_0p10_left_early_loading_native_strong_ice_v0:1539:1,positive_0p10_left_early_loading_native_strong_ice_v0,False,0.9999999983893315,0.01812406350425259
1,0,2,0,high_normal,positive_0p20_left_early_loading_native_strong_ice_v0:799:1,positive_0p20_left_early_loading_native_strong_ice_v0,False,0.9999999984130163,5.549551922545954e-07
1,0,2,0,high_normal,positive_0p10_right_mid_loading_early_stance_native_strong_ice_v0:1759:0,positive_0p10_right_mid_loading_early_stance_native_strong_ice_v0,False,0.9999999984215058,0.0076914363323744624
1,0,2,0,high_normal,ice_native_0p15_v03:559:1,ice_native_0p15_v03,False,0.9999999984783048,0.5025152532682657
1,0,2,0,high_normal,ice_native_0p20_v03:549:0,ice_native_0p20_v03,False,0.9999999985700734,0.0007442931301042659
1,0,2,0,high_normal,positive_0p15_left_early_loading_native_strong_ice_v0:869:1,positive_0p15_left_early_loading_native_strong_ice_v0,False,0.9999999986268167,9.09335455591085e-06
1,0,2,0,high_normal,positive_0p15_left_early_loading_native_strong_ice_v0:869:0,positive_0p15_left_early_loading_native_strong_ice_v0,False,0.9999999986413681,0.00017620722111463276
1,0,2,0,high_normal,positive_0p10_left_early_loading_native_strong_ice_v0:1489:1,positive_0p10_left_early_loading_native_strong_ice_v0,False,0.999999998686282,0.6855369339772865
1,0,2,0,high_normal,positive_0p15_left_mid_loading_early_stance_native_strong_ice_v0:1439:1,positive_0p15_left_mid_loading_early_stance_native_strong_ice_v0,False,0.9999999987326986,2.1341118675650027e-05
1,0,2,0,high_normal,ice_native_0p20_v03:2009:0,ice_native_0p20_v03,False,0.9999999988432715,1.2623491332487916e-07
1,0,2,0,high_normal,positive_0p10_right_mid_loading_early_stance_native_strong_ice_v0:1799:0,positive_0p10_right_mid_loading_early_stance_native_strong_ice_v0,False,0.9999999988577108,5.244289633938286e-05
1,0,2,0,high_normal,positive_0p20_left_early_loading_native_strong_ice_v0:819:1,positive_0p20_left_early_loading_native_strong_ice_v0,False,0.9999999988839012,1.5508880074271679e-06
1,0,2,0,high_normal,positive_0p15_left_mid_loading_early_stance_native_strong_ice_v0:1429:1,positive_0p15_left_mid_loading_early_stance_native_strong_ice_v0,False,0.9999999988890915,2.331073127378505e-06
1,0,2,0,high_normal,positive_0p20_left_early_loading_native_strong_ice_v0:889:1,positive_0p20_left_early_loading_native_strong_ice_v0,False,0.999999998891731,0.00020233002732165156
1,0,2,0,high_normal,positive_0p15_left_early_loading_native_strong_ice_v0:859:0,positive_0p15_left_early_loading_native_strong_ice_v0,False,0.9999999990709738,0.0010127055755802838
1,0,2,0,high_normal,positive_0p15_left_early_loading_native_strong_ice_v0:839:1,positive_0p15_left_early_loading_native_strong_ice_v0,False,0.9999999991356552,0.00013391260602698313
1,0,2,0,high_normal,positive_0p10_right_mid_loading_early_stance_native_strong_ice_v0:1829:0,positive_0p10_right_mid_loading_early_stance_native_strong_ice_v0,False,0.9999999993070388,4.1400400976004424e-06
1,0,2,0,high_normal,positive_0p15_right_mid_late_stance_v0_M1:2229:1,positive_0p15_right_mid_late_stance_v0_M1,False,0.9999999993205497,0.9381975925645561
1,0,2,0,high_normal,positive_0p15_left_early_loading_native_strong_ice_v0:1449:1,positive_0p15_left_early_loading_native_strong_ice_v0,False,0.9999999993558661,0.0001401205567042937
1,0,2,0,high_normal,positive_0p15_left_early_loading_native_strong_ice_v0:829:1,positive_0p15_left_early_loading_native_strong_ice_v0,False,0.9999999993638062,5.988962622725888e-06
1,0,2,0,high_normal,positive_0p15_right_mid_loading_early_stance_native_strong_ice_v0:1759:0,positive_0p15_right_mid_loading_early_stance_native_strong_ice_v0,False,0.9999999993687354,0.0018060059760528374
1,0,2,0,high_normal,positive_0p15_right_mid_loading_early_stance_native_strong_ice_v0:1749:0,positive_0p15_right_mid_loading_early_stance_native_strong_ice_v0,False,0.9999999993785158,0.02781039686452226
1,0,2,0,high_normal,positive_0p10_left_early_loading_v0_M1:2099:1,positive_0p10_left_early_loading_v0_M1,False,0.9999999993818525,3.497197206079226e-09
1,0,2,0,high_normal,positive_0p15_right_mid_loading_early_stance_native_strong_ice_v0:1769:0,positive_0p15_right_mid_loading_early_stance_native_strong_ice_v0,False,0.9999999994093454,0.00016661450780960577
1,0,2,0,high_normal,ice_native_0p15_v03:679:0,ice_native_0p15_v03,False,0.9999999994371391,0.878590405155169
1,0,2,0,high_normal,positive_0p20_right_mid_loading_early_stance_native_strong_ice_v0:1119:0,positive_0p20_right_mid_loading_early_stance_native_strong_ice_v0,False,0.9999999994695774,0.00011842525770735285
1,0,2,0,high_normal,positive_0p15_left_early_loading_v0_M1:1499:1,positive_0p15_left_early_loading_v0_M1,False,0.9999999995073645,1.0061034040678237e-09
1,0,2,0,high_normal,ice_native_0p10_v03:759:0,ice_native_0p10_v03,False,0.9999999996113325,0.012604215032803097
1,0,2,0,high_normal,positive_0p20_left_early_loading_native_strong_ice_v0:829:1,positive_0p20_left_early_loading_native_strong_ice_v0,False,0.9999999996477316,2.906373428416033e-06
1,0,2,0,high_normal,positive_0p15_right_mid_loading_early_stance_native_strong_ice_v0:1789:0,positive_0p15_right_mid_loading_early_stance_native_strong_ice_v0,False,0.9999999996574738,1.063776420946218e-05
1,0,2,0,high_normal,positive_0p10_left_early_loading_native_strong_ice_v0:1469:1,positive_0p10_left_early_loading_native_strong_ice_v0,False,0.9999999996682056,0.21339010944001138
1,0,2,0,high_normal,positive_0p20_left_mid_loading_early_stance_native_strong_ice_v0:1409:1,positive_0p20_left_mid_loading_early_stance_native_strong_ice_v0,False,0.9999999996712912,2.3971223757548444e-08
1,0,2,0,high_normal,positive_0p10_right_mid_loading_early_stance_native_strong_ice_v0:1819:0,positive_0p10_right_mid_loading_early_stance_native_strong_ice_v0,False,0.9999999996771305,9.096016258560501e-06
1,0,2,0,high_normal,positive_0p20_right_mid_loading_early_stance_native_strong_ice_v0:1689:0,positive_0p20_right_mid_loading_early_stance_native_strong_ice_v0,False,0.9999999996803322,3.96904235684771e-06
1,0,2,0,high_normal,positive_0p15_right_mid_loading_early_stance_native_strong_ice_v0:1839:0,positive_0p15_right_mid_loading_early_stance_native_strong_ice_v0,False,0.9999999996924562,0.011351699273382879
1,0,2,0,high_normal,positive_0p15_left_mid_loading_early_stance_native_strong_ice_v0:1449:1,positive_0p15_left_mid_loading_early_stance_native_strong_ice_v0,False,0.9999999997123346,0.0008931372816213866
1,0,2,0,high_normal,positive_0p10_right_early_loading_native_strong_ice_v0:909:0,positive_0p10_right_early_loading_native_strong_ice_v0,False,0.9999999997211084,0.012304676331588755
1,0,2,0,high_normal,positive_0p15_right_mid_loading_early_stance_native_strong_ice_v0:1739:0,positive_0p15_right_mid_loading_early_stance_native_strong_ice_v0,False,0.9999999997358988,0.278285168663075
1,0,2,0,high_normal,positive_0p15_right_mid_loading_early_stance_native_strong_ice_v0:1779:0,positive_0p15_right_mid_loading_early_stance_native_strong_ice_v0,False,0.9999999997604698,3.6151120777497304e-05
1,0,2,0,high_normal,positive_0p10_right_mid_loading_early_stance_native_strong_ice_v0:1839:0,positive_0p10_right_mid_loading_early_stance_native_strong_ice_v0,False,0.999999999762361,0.0406788451371974
1,0,2,0,high_normal,positive_0p10_left_mid_loading_early_stance_native_strong_ice_v0:1429:1,positive_0p10_left_mid_loading_early_stance_native_strong_ice_v0,False,0.99999999976856,6.197254308271321e-05
1,0,2,0,high_normal,positive_0p10_left_mid_loading_early_stance_native_strong_ice_v0:1479:1,positive_0p10_left_mid_loading_early_stance_native_strong_ice_v0,False,0.9999999997930886,0.1995121297690337
1,0,2,0,high_normal,positive_0p20_left_early_loading_native_strong_ice_v0:1359:1,positive_0p20_left_early_loading_native_strong_ice_v0,False,0.999999999806849,0.1800256758108662
1,0,2,0,high_normal,positive_0p10_right_early_loading_v0_M1:939:0,positive_0p10_right_early_loading_v0_M1,False,0.9999999998104343,0.0001435800642487466
1,0,2,0,high_normal,positive_0p10_left_early_loading_v0_M1:1489:1,positive_0p10_left_early_loading_v0_M1,False,0.9999999998159197,2.0508952557979126e-11
1,0,2,0,high_normal,positive_0p10_left_early_loading_native_strong_ice_v0:679:1,positive_0p10_left_early_loading_native_strong_ice_v0,False,0.9999999998313489,4.04649362557259e-07
1,0,2,0,high_normal,positive_0p15_right_mid_loading_early_stance_native_strong_ice_v0:1799:0,positive_0p15_right_mid_loading_early_stance_native_strong_ice_v0,False,0.999999999845794,5.330321765927987e-06
1,0,2,0,high_normal,positive_0p15_left_early_loading_native_strong_ice_v0:879:1,positive_0p15_left_early_loading_native_strong_ice_v0,False,0.9999999998465092,5.2909418642601316e-05
1,0,2,0,high_normal,ice_native_0p15_v03:699:0,ice_native_0p15_v03,False,0.9999999998540867,0.8958420444430765
1,0,2,0,high_normal,positive_0p20_left_early_loading_native_strong_ice_v0:839:1,positive_0p20_left_early_loading_native_strong_ice_v0,False,0.9999999998657745,4.616063990479012e-05
1,0,2,0,high_normal,positive_0p15_left_early_loading_v0_M1:1579:0,positive_0p15_left_early_loading_v0_M1,False,0.9999999998713651,2.851125555143558e-06
1,0,2,0,high_normal,positive_0p15_left_early_loading_v0_M1:1469:1,positive_0p15_left_early_loading_v0_M1,False,0.9999999998885276,1.9916354814422764e-10
1,0,2,0,high_normal,positive_0p10_right_mid_late_stance_native_strong_ice_v0:1609:1,positive_0p10_right_mid_late_stance_native_strong_ice_v0,False,0.9999999998892357,0.8700890945269059
1,0,2,0,high_normal,positive_0p15_right_early_loading_native_strong_ice_v0:909:0,positive_0p15_right_early_loading_native_strong_ice_v0,False,0.9999999998901261,0.0008812934097077627
1,0,2,0,high_normal,positive_0p10_left_mid_loading_early_stance_native_strong_ice_v0:2039:1,positive_0p10_left_mid_loading_early_stance_native_strong_ice_v0,False,0.999999999890361,0.009619749821857421
1,0,2,0,high_normal,positive_0p20_left_early_loading_native_strong_ice_v0:879:1,positive_0p20_left_early_loading_native_strong_ice_v0,False,0.9999999999048352,2.008315908764713e-05
1,0,2,0,high_normal,positive_0p20_right_early_loading_native_strong_ice_v0:929:0,positive_0p20_right_early_loading_native_strong_ice_v0,False,0.9999999999212987,3.5196689964358926e-06
1,0,2,0,high_normal,ice_native_0p20_v03:559:0,ice_native_0p20_v03,False,0.9999999999235019,0.02377681970919092
1,0,2,0,high_normal,positive_0p15_right_mid_loading_early_stance_native_strong_ice_v0:1809:0,positive_0p15_right_mid_loading_early_stance_native_strong_ice_v0,False,0.9999999999266074,7.979369208999343e-07
1,0,2,0,high_normal,positive_0p15_right_early_loading_v0_M1:929:0,positive_0p15_right_early_loading_v0_M1,False,0.9999999999271842,0.4316229982242368
1,0,2,0,high_normal,positive_0p10_left_early_loading_v0_M1:2089:1,positive_0p10_left_early_loading_v0_M1,False,0.9999999999294955,4.232531140670269e-05
1,0,2,0,high_normal,positive_0p15_right_mid_late_stance_v0_M1:1639:1,positive_0p15_right_mid_late_stance_v0_M1,False,0.9999999999323443,0.940202187584363
1,0,2,0,high_normal,positive_0p20_left_early_loading_native_strong_ice_v0:849:1,positive_0p20_left_early_loading_native_strong_ice_v0,False,0.9999999999375184,2.6890448416765313e-05
1,0,2,0,high_normal,positive_0p15_right_mid_late_stance_v0_M1:1629:1,positive_0p15_right_mid_late_stance_v0_M1,False,0.9999999999410643,0.9491702765850091
1,0,2,0,high_normal,positive_0p10_left_early_loading_v0_M1:1499:1,positive_0p10_left_early_loading_v0_M1,False,0.9999999999433218,2.872594904012311e-10
1,0,2,0,high_normal,ice_native_0p10_v00:889:0,ice_native_0p10_v00,False,0.9999999999448859,0.006916531837276825
1,0,2,0,high_normal,positive_0p10_right_early_loading_native_strong_ice_v0:1409:0,positive_0p10_right_early_loading_native_strong_ice_v0,False,0.9999999999703244,2.081465982382212e-08
1,0,2,0,high_normal,positive_0p10_left_early_loading_v0_M1:1479:1,positive_0p10_left_early_loading_v0_M1,False,0.9999999999703577,6.733700715919077e-12
1,0,2,0,high_normal,positive_0p15_left_early_loading_v0_M1:1479:1,positive_0p15_left_early_loading_v0_M1,False,0.9999999999745759,4.679314343489362e-10
1,0,2,0,high_normal,positive_0p15_left_early_loading_v0_M1:1619:0,positive_0p15_left_early_loading_v0_M1,False,0.9999999999830738,2.7216366026414644e-07
1,0,2,0,high_normal,positive_0p10_left_early_loading_native_strong_ice_v0:859:0,positive_0p10_left_early_loading_native_strong_ice_v0,False,0.999999999987143,0.007320156599997749
1,0,2,0,high_normal,positive_0p10_left_early_loading_native_strong_ice_v0:1529:1,positive_0p10_left_early_loading_native_strong_ice_v0,False,0.9999999999896145,0.027490059347089597
1,0,2,0,high_normal,positive_0p20_left_early_loading_native_strong_ice_v0:859:1,positive_0p20_left_early_loading_native_strong_ice_v0,False,0.9999999999898912,5.9269014085252866e-05
1,0,2,0,high_normal,positive_0p10_left_early_loading_native_strong_ice_v0:1519:1,positive_0p10_left_early_loading_native_strong_ice_v0,False,0.9999999999923519,0.23514764262932464
1,0,2,0,high_normal,positive_0p20_right_mid_loading_early_stance_native_strong_ice_v0:1679:0,positive_0p20_right_mid_loading_early_stance_native_strong_ice_v0,False,0.9999999999927436,1.0832763289947995e-06
1,0,2,0,high_normal,ice_native_0p15_v03:2109:1,ice_native_0p15_v03,False,0.9999999999942688,0.7614816689408631
1,0,2,0,high_normal,positive_0p10_left_mid_loading_early_stance_native_strong_ice_v0:2029:1,positive_0p10_left_mid_loading_early_stance_native_strong_ice_v0,False,0.9999999999960938,0.004050876666906359
1,0,2,0,high_normal,positive_0p10_left_mid_loading_early_stance_native_strong_ice_v0:2019:1,positive_0p10_left_mid_loading_early_stance_native_strong_ice_v0,False,0.999999999996892,0.0001709496712008848
1,0,2,0,high_normal,positive_0p20_right_early_loading_native_strong_ice_v0:919:0,positive_0p20_right_early_loading_native_strong_ice_v0,False,0.9999999999968983,4.354350639821311e-06
1,0,2,0,high_normal,positive_0p10_left_mid_loading_early_stance_native_strong_ice_v0:1469:1,positive_0p10_left_mid_loading_early_stance_native_strong_ice_v0,False,0.9999999999975746,0.14842680855045182
1,0,2,0,high_normal,positive_0p20_left_mid_loading_early_stance_native_strong_ice_v0:1389:1,positive_0p20_left_mid_loading_early_stance_native_strong_ice_v0,False,0.9999999999982085,7.059012320793442e-07
1,0,2,0,high_normal,positive_0p10_left_early_loading_v0_M1:1469:1,positive_0p10_left_early_loading_v0_M1,False,0.9999999999984517,9.866644351812909e-13
1,0,2,0,high_normal,positive_0p15_right_early_loading_v0_M1:939:0,positive_0p15_right_early_loading_v0_M1,False,0.999999999998602,0.020457622471770073
1,0,2,0,high_normal,positive_0p20_left_mid_loading_early_stance_native_strong_ice_v0:2649:1,positive_0p20_left_mid_loading_early_stance_native_strong_ice_v0,False,0.9999999999995288,0.14958980725117632
1,0,2,0,high_normal,positive_0p20_right_early_loading_v0_M1:939:0,positive_0p20_right_early_loading_v0_M1,False,0.999999999999595,0.6742090079492751
1,0,2,0,high_normal,positive_0p10_left_early_loading_v0_M1:2119:1,positive_0p10_left_early_loading_v0_M1,False,0.9999999999998748,5.292121338502834e-10
1,0,2,0,high_normal,positive_0p10_left_early_loading_v0_M1:2069:1,positive_0p10_left_early_loading_v0_M1,False,0.9999999999998763,0.9827572749417234
1,0,2,0,high_normal,positive_0p15_left_mid_loading_early_stance_native_strong_ice_v0:2619:1,positive_0p15_left_mid_loading_early_stance_native_strong_ice_v0,False,0.9999999999998932,2.0189848356742584e-07
1,0,2,0,high_normal,positive_0p15_left_early_loading_v0_M1:1589:0,positive_0p15_left_early_loading_v0_M1,False,0.9999999999999434,5.049139025143051e-06
1,0,2,0,high_normal,positive_0p20_right_mid_loading_early_stance_native_strong_ice_v0:1669:0,positive_0p20_right_mid_loading_early_stance_native_strong_ice_v0,False,0.999999999999964,1.1449915310285205e-07
1,0,2,0,high_normal,positive_0p10_left_early_loading_v0_M1:1599:0,positive_0p10_left_early_loading_v0_M1,False,0.9999999999999656,3.40443850313831e-09
1,0,2,0,high_normal,positive_0p15_left_mid_loading_early_stance_native_strong_ice_v0:2609:1,positive_0p15_left_mid_loading_early_stance_native_strong_ice_v0,False,0.9999999999999789,1.338457412140612e-06
1,0,2,0,high_normal,positive_0p10_left_early_loading_v0_M1:2109:1,positive_0p10_left_early_loading_v0_M1,False,0.9999999999999973,2.9379549789962267e-08
1,0,2,0,high_normal,positive_0p10_left_early_loading_v0_M1:2139:1,positive_0p10_left_early_loading_v0_M1,False,0.9999999999999978,1.0983039960545667e-05
1,0,2,0,high_normal,positive_0p15_left_early_loading_v0_M1:1709:1,positive_0p15_left_early_loading_v0_M1,False,0.9999999999999998,0.9824796757683198
1,0,2,0,high_normal,positive_0p15_left_early_loading_v0_M1:1719:1,positive_0p15_left_early_loading_v0_M1,False,0.9999999999999998,0.766970182133285
1,0,2,0,high_normal,positive_0p10_right_early_loading_native_strong_ice_v0:1369:0,positive_0p10_right_early_loading_native_strong_ice_v0,False,1.0,1.0430489482240606e-14
1,0,2,0,high_normal,positive_0p10_right_early_loading_native_strong_ice_v0:1379:0,positive_0p10_right_early_loading_native_strong_ice_v0,False,1.0,2.3407949158258253e-13
1,0,2,0,high_normal,positive_0p10_right_early_loading_native_strong_ice_v0:1389:0,positive_0p10_right_early_loading_native_strong_ice_v0,False,1.0,5.882783051867976e-11
1,0,2,0,high_normal,positive_0p10_right_early_loading_native_strong_ice_v0:1399:0,positive_0p10_right_early_loading_native_strong_ice_v0,False,1.0,2.745532633746129e-10
1,0,2,0,high_normal,positive_0p15_left_mid_loading_early_stance_native_strong_ice_v0:2589:1,positive_0p15_left_mid_loading_early_stance_native_strong_ice_v0,False,1.0,4.343118698945314e-08
1,0,2,0,high_normal,positive_0p15_left_mid_loading_early_stance_native_strong_ice_v0:2599:1,positive_0p15_left_mid_loading_early_stance_native_strong_ice_v0,False,1.0,2.3403715271339872e-08
1,0,2,0,high_normal,positive_0p15_right_early_loading_native_strong_ice_v0:1369:0,positive_0p15_right_early_loading_native_strong_ice_v0,False,1.0,1.6185150696109543e-10
1,0,2,0,high_normal,positive_0p15_right_early_loading_native_strong_ice_v0:1379:0,positive_0p15_right_early_loading_native_strong_ice_v0,False,1.0,2.0678536029973286e-09
1,0,2,0,high_normal,positive_0p15_right_early_loading_native_strong_ice_v0:1389:0,positive_0p15_right_early_loading_native_strong_ice_v0,False,1.0,0.00023224785700963152
1,0,2,0,high_normal,positive_0p10_left_early_loading_v0_M1:1709:1,positive_0p10_left_early_loading_v0_M1,False,1.0,0.03547138426435076
1,0,2,0,high_normal,positive_0p10_left_early_loading_v0_M1:1719:1,positive_0p10_left_early_loading_v0_M1,False,1.0,0.5522868662090521
1,0,2,0,high_normal,positive_0p10_left_early_loading_v0_M1:1729:1,positive_0p10_left_early_loading_v0_M1,False,1.0,0.9980016777766638
1,0,2,0,high_normal,positive_0p10_left_early_loading_v0_M1:1739:1,positive_0p10_left_early_loading_v0_M1,False,1.0,0.5497903152897006
1,0,2,0,high_normal,positive_0p10_left_early_loading_v0_M1:1749:1,positive_0p10_left_early_loading_v0_M1,False,1.0,0.04382697540509759
1,0,2,0,high_normal,positive_0p10_left_early_loading_v0_M1:1759:1,positive_0p10_left_early_loading_v0_M1,False,1.0,0.0008135965382809912
1,0,2,0,high_normal,positive_0p10_left_early_loading_v0_M1:1769:1,positive_0p10_left_early_loading_v0_M1,False,1.0,0.0006849131460733704
1,0,2,0,high_normal,positive_0p10_left_early_loading_v0_M1:1779:1,positive_0p10_left_early_loading_v0_M1,False,1.0,0.0006767229448834442
1,0,2,0,high_normal,positive_0p10_left_early_loading_v0_M1:1789:1,positive_0p10_left_early_loading_v0_M1,False,1.0,0.00046623332379267673
1,0,2,0,high_normal,positive_0p10_left_early_loading_v0_M1:1799:1,positive_0p10_left_early_loading_v0_M1,False,1.0,0.000416100308446033
1,0,2,0,high_normal,positive_0p10_left_early_loading_v0_M1:2019:1,positive_0p10_left_early_loading_v0_M1,False,1.0,0.9999999999999991
1,0,2,0,high_normal,positive_0p10_left_early_loading_v0_M1:2029:1,positive_0p10_left_early_loading_v0_M1,False,1.0,0.9999999999997882
1,0,2,0,high_normal,positive_0p10_left_early_loading_v0_M1:2039:1,positive_0p10_left_early_loading_v0_M1,False,1.0,0.9999924115723354
1,0,2,0,high_normal,positive_0p10_left_early_loading_v0_M1:2049:1,positive_0p10_left_early_loading_v0_M1,False,1.0,0.9996291974124136
1,0,2,0,high_normal,positive_0p10_left_early_loading_v0_M1:2059:1,positive_0p10_left_early_loading_v0_M1,False,1.0,0.9959957322308925
1,0,2,0,high_normal,positive_0p10_left_early_loading_v0_M1:2129:1,positive_0p10_left_early_loading_v0_M1,False,1.0,3.1467908219973202e-09
1,0,2,0,high_normal,positive_0p10_right_early_loading_v0_M1:1419:0,positive_0p10_right_early_loading_v0_M1,False,1.0,3.624594347920832e-08
1,0,2,0,high_normal,positive_0p10_right_early_loading_v0_M1:1429:0,positive_0p10_right_early_loading_v0_M1,False,1.0,0.0007219452131711472
1,0,2,0,high_normal,positive_0p10_right_early_loading_v0_M1:1439:0,positive_0p10_right_early_loading_v0_M1,False,1.0,2.702843209955982e-06
1,0,2,0,high_normal,positive_0p10_right_early_loading_v0_M1:1469:0,positive_0p10_right_early_loading_v0_M1,False,1.0,4.099875508556219e-06
1,0,2,0,high_normal,positive_0p10_right_early_loading_v0_M1:1479:0,positive_0p10_right_early_loading_v0_M1,False,1.0,5.4487586743313985e-05
1,0,2,0,high_normal,positive_0p15_left_early_loading_v0_M1:1729:1,positive_0p15_left_early_loading_v0_M1,False,1.0,0.9969296415290138
1,0,2,0,high_normal,positive_0p15_left_early_loading_v0_M1:1739:1,positive_0p15_left_early_loading_v0_M1,False,1.0,0.998824356956873
1,0,2,0,high_normal,positive_0p15_left_early_loading_v0_M1:1749:1,positive_0p15_left_early_loading_v0_M1,False,1.0,0.999949565791705
1,0,2,0,high_normal,positive_0p15_left_early_loading_v0_M1:1759:1,positive_0p15_left_early_loading_v0_M1,False,1.0,0.9798651724237235
1,0,2,0,high_normal,positive_0p15_left_early_loading_v0_M1:1769:1,positive_0p15_left_early_loading_v0_M1,False,1.0,0.9767873246921347
1,0,2,0,high_normal,positive_0p15_left_early_loading_v0_M1:1779:1,positive_0p15_left_early_loading_v0_M1,False,1.0,0.84312250611361
1,0,2,0,high_normal,positive_0p15_left_early_loading_v0_M1:1789:1,positive_0p15_left_early_loading_v0_M1,False,1.0,0.5419995254708218
1,0,2,0,high_normal,positive_0p15_left_early_loading_v0_M1:1799:1,positive_0p15_left_early_loading_v0_M1,False,1.0,0.8283573149977976
1,0,2,0,high_normal,positive_0p15_left_early_loading_v0_M1:1809:1,positive_0p15_left_early_loading_v0_M1,False,1.0,0.8783695129787751
1,0,2,0,high_normal,positive_0p15_left_early_loading_v0_M1:1819:1,positive_0p15_left_early_loading_v0_M1,False,1.0,0.6802098845182617
1,0,2,0,high_normal,positive_0p15_left_early_loading_v0_M1:1989:1,positive_0p15_left_early_loading_v0_M1,False,1.0,0.9999999789629135
1,0,2,0,high_normal,positive_0p15_left_early_loading_v0_M1:1999:1,positive_0p15_left_early_loading_v0_M1,False,1.0,0.9987296340044194
1,0,2,0,high_normal,positive_0p15_left_early_loading_v0_M1:2009:1,positive_0p15_left_early_loading_v0_M1,False,1.0,0.9444014660717833
1,0,2,0,high_normal,positive_0p15_left_early_loading_v0_M1:2019:1,positive_0p15_left_early_loading_v0_M1,False,1.0,0.5507909571997992
1,0,2,0,high_normal,positive_0p15_left_early_loading_v0_M1:2029:1,positive_0p15_left_early_loading_v0_M1,False,1.0,0.6753071703948147
1,0,2,0,high_normal,positive_0p15_left_early_loading_v0_M1:2039:1,positive_0p15_left_early_loading_v0_M1,False,1.0,0.002473174053164923
1,0,2,0,high_normal,positive_0p15_left_early_loading_v0_M1:2079:1,positive_0p15_left_early_loading_v0_M1,False,1.0,6.023499932311092e-17
1,0,2,0,high_normal,positive_0p15_left_early_loading_v0_M1:2089:1,positive_0p15_left_early_loading_v0_M1,False,1.0,1.8339813596790463e-13
1,0,2,0,high_normal,positive_0p15_left_early_loading_v0_M1:2109:1,positive_0p15_left_early_loading_v0_M1,False,1.0,1.0135831717863853e-07
1,0,2,0,high_normal,positive_0p15_left_early_loading_v0_M1:2119:1,positive_0p15_left_early_loading_v0_M1,False,1.0,8.939350736795643e-05
1,0,2,0,high_normal,positive_0p15_right_early_loading_v0_M1:1419:0,positive_0p15_right_early_loading_v0_M1,False,1.0,1.548616836957593e-11
1,0,2,0,high_normal,positive_0p15_right_early_loading_v0_M1:1429:0,positive_0p15_right_early_loading_v0_M1,False,1.0,1.737065326411561e-07
1,0,2,0,high_normal,positive_0p15_right_early_loading_v0_M1:1439:0,positive_0p15_right_early_loading_v0_M1,False,1.0,1.2657441714336288e-06
1,0,2,0,high_normal,positive_0p15_right_early_loading_v0_M1:1449:0,positive_0p15_right_early_loading_v0_M1,False,1.0,4.67740411365141e-06
1,0,2,0,high_normal,positive_0p15_right_early_loading_v0_M1:1459:0,positive_0p15_right_early_loading_v0_M1,False,1.0,7.950384763934037e-09
1,0,2,0,high_normal,positive_0p15_right_early_loading_v0_M1:1469:0,positive_0p15_right_early_loading_v0_M1,False,1.0,7.497564910416256e-08
1,0,2,0,high_normal,positive_0p15_right_early_loading_v0_M1:1479:0,positive_0p15_right_early_loading_v0_M1,False,1.0,6.24802530935591e-08
1,0,2,0,high_normal,positive_0p20_right_early_loading_v0_M1:1409:0,positive_0p20_right_early_loading_v0_M1,False,1.0,4.292151988635431e-10
1,0,2,0,high_normal,positive_0p20_right_early_loading_v0_M1:1419:0,positive_0p20_right_early_loading_v0_M1,False,1.0,5.927590557070085e-11
1,0,2,0,high_early_precursor,positive_0p20_right_mid_late_stance_native_strong_ice_v0:859:1,positive_0p20_right_mid_late_stance_native_strong_ice_v0,False,0.7225579992516278,0.8730649879888708
1,0,2,0,high_early_precursor,ice_native_0p10_v03:2799:1,ice_native_0p10_v03,False,0.7292665701734906,0.002587757030589552
1,0,2,0,high_early_precursor,ice_native_0p10_v03:2669:1,ice_native_0p10_v03,False,0.7295306236766467,0.9997784063571095
1,0,2,0,high_early_precursor,ice_native_0p15_v03:2519:0,ice_native_0p15_v03,False,0.7585703804332168,0.0011502538885350994
1,0,2,0,high_early_precursor,supplemental_positive_v8_l09:2829:0,supplemental_positive_v8_l09,False,0.7700824666157037,0.8286343177227339
1,0,2,0,high_early_precursor,positive_0p15_right_mid_loading_early_stance_v0_M1:2079:1,positive_0p15_right_mid_loading_early_stance_v0_M1,False,0.7735212967143261,0.5591101112433374
1,0,2,0,high_early_precursor,positive_0p20_left_mid_loading_early_stance_v0_M1:2429:0,positive_0p20_left_mid_loading_early_stance_v0_M1,False,0.7816042524842302,0.6609376077755568
1,0,2,0,high_early_precursor,positive_0p10_right_mid_late_stance_native_strong_ice_v0:889:1,positive_0p10_right_mid_late_stance_native_strong_ice_v0,False,0.7841174483127172,0.16269118083782227
1,0,2,0,high_early_precursor,positive_0p20_right_mid_late_stance_native_strong_ice_v0:369:1,positive_0p20_right_mid_late_stance_native_strong_ice_v0,False,0.7880637371736938,0.13346996302883413
1,0,2,0,high_early_precursor,positive_0p20_left_mid_late_stance_native_strong_ice_v0:2469:0,positive_0p20_left_mid_late_stance_native_strong_ice_v0,False,0.7951581947373177,0.3466583112180403
1,0,2,0,high_early_precursor,positive_0p15_right_mid_loading_early_stance_native_strong_ice_v0:1419:1,positive_0p15_right_mid_loading_early_stance_native_strong_ice_v0,False,0.7965889334035263,0.08110427493352974
1,0,2,0,high_early_precursor,positive_0p10_left_mid_loading_early_stance_v0_M1:2349:0,positive_0p10_left_mid_loading_early_stance_v0_M1,False,0.8086825313860234,0.08833420400690525
1,0,2,0,high_early_precursor,positive_0p10_right_mid_late_stance_native_strong_ice_v0:939:1,positive_0p10_right_mid_late_stance_native_strong_ice_v0,False,0.8108577322463951,0.0662658784510997
1,0,2,0,high_early_precursor,positive_0p20_right_mid_late_stance_native_strong_ice_v0:1469:1,positive_0p20_right_mid_late_stance_native_strong_ice_v0,False,0.8327943329698259,0.8529020800702686
1,0,2,0,high_early_precursor,positive_0p15_right_mid_loading_early_stance_native_strong_ice_v0:2039:1,positive_0p15_right_mid_loading_early_stance_native_strong_ice_v0,False,0.8375412054263949,0.34393851928228025
1,0,2,0,high_early_precursor,positive_0p10_left_mid_loading_early_stance_v0_M1:1769:0,positive_0p10_left_mid_loading_early_stance_v0_M1,False,0.846283365739807,0.8973187938805839
1,0,2,0,high_early_precursor,positive_0p15_right_mid_late_stance_v0_M1:989:1,positive_0p15_right_mid_late_stance_v0_M1,False,0.8747386047435736,0.5212780656687028
1,0,2,0,high_early_precursor,positive_0p20_left_mid_loading_early_stance_v0_M1:2379:0,positive_0p20_left_mid_loading_early_stance_v0_M1,False,0.8887786363604875,0.3959797272098204
1,0,2,0,high_early_precursor,positive_0p15_right_mid_loading_early_stance_v0_M1:239:1,positive_0p15_right_mid_loading_early_stance_v0_M1,False,0.8896560974201435,0.872219991517435
1,0,2,0,high_early_precursor,positive_0p15_right_mid_loading_early_stance_native_strong_ice_v0:239:1,positive_0p15_right_mid_loading_early_stance_native_strong_ice_v0,False,0.8944044555031144,0.8710730421103038
1,0,2,0,high_early_precursor,positive_0p15_right_mid_late_stance_v0_M1:239:1,positive_0p15_right_mid_late_stance_v0_M1,False,0.8963166820527859,0.8707926055805757
1,0,2,0,high_early_precursor,positive_0p10_right_mid_late_stance_native_strong_ice_v0:849:1,positive_0p10_right_mid_late_stance_native_strong_ice_v0,False,0.904433470851527,0.532176069502697
1,0,2,0,high_early_precursor,ice_native_0p10_v03:2769:1,ice_native_0p10_v03,False,0.9099060715169646,0.0021178953603794926
1,0,2,0,high_early_precursor,positive_0p20_right_mid_late_stance_native_strong_ice_v0:2039:1,positive_0p20_right_mid_late_stance_native_strong_ice_v0,False,0.9169015069138706,0.926962382250769
1,0,2,0,high_early_precursor,positive_0p10_right_mid_loading_early_stance_native_strong_ice_v0:939:1,positive_0p10_right_mid_loading_early_stance_native_strong_ice_v0,False,0.9178383731142062,0.9313705502173031
1,0,2,0,high_early_precursor,positive_0p20_right_mid_late_stance_native_strong_ice_v0:1559:1,positive_0p20_right_mid_late_stance_native_strong_ice_v0,False,0.923655250230818,0.17303072582299767
1,0,2,0,high_early_precursor,positive_0p20_right_mid_late_stance_native_strong_ice_v0:299:1,positive_0p20_right_mid_late_stance_native_strong_ice_v0,False,0.9283019435173058,0.49747272697921613
1,0,2,0,high_early_precursor,positive_0p20_right_mid_late_stance_native_strong_ice_v0:279:1,positive_0p20_right_mid_late_stance_native_strong_ice_v0,False,0.9290702352110584,0.9217921973278322
1,0,2,0,high_early_precursor,ice_native_0p10_v03:1519:1,ice_native_0p10_v03,False,0.9297938101744118,0.017259945946808877
1,0,2,0,high_early_precursor,positive_0p20_right_mid_late_stance_native_strong_ice_v0:289:1,positive_0p20_right_mid_late_stance_native_strong_ice_v0,False,0.9362033346586283,0.8769924136471926
1,0,2,0,high_early_precursor,positive_0p20_right_mid_late_stance_native_strong_ice_v0:1459:1,positive_0p20_right_mid_late_stance_native_strong_ice_v0,False,0.9412830939016472,0.9889734998620922
1,0,2,0,high_early_precursor,positive_0p15_right_mid_loading_early_stance_v0_M1:279:1,positive_0p15_right_mid_loading_early_stance_v0_M1,False,0.9441347815299924,0.9004037041137707
1,0,2,0,high_early_precursor,positive_0p10_right_mid_loading_early_stance_native_strong_ice_v0:949:1,positive_0p10_right_mid_loading_early_stance_native_strong_ice_v0,False,0.9497529840442297,0.8676761062516948
1,0,2,0,high_early_precursor,positive_0p10_right_mid_loading_early_stance_v0_M1:849:1,positive_0p10_right_mid_loading_early_stance_v0_M1,False,0.9501814238987616,0.799834500123746
1,0,2,0,high_early_precursor,positive_0p20_right_mid_late_stance_native_strong_ice_v0:2059:1,positive_0p20_right_mid_late_stance_native_strong_ice_v0,False,0.9523778526380965,0.9096689294731065
1,0,2,0,high_early_precursor,positive_0p20_left_mid_loading_early_stance_v0_M1:2399:0,positive_0p20_left_mid_loading_early_stance_v0_M1,False,0.9524524805615963,0.886377306994941
1,0,2,0,high_early_precursor,positive_0p20_right_mid_late_stance_native_strong_ice_v0:2159:1,positive_0p20_right_mid_late_stance_native_strong_ice_v0,False,0.9527055357772656,0.24423924060319216
1,0,2,0,high_early_precursor,positive_0p20_left_mid_loading_early_stance_v0_M1:2419:0,positive_0p20_left_mid_loading_early_stance_v0_M1,False,0.9549933879905911,0.8961358810746947
1,0,2,0,high_early_precursor,positive_0p10_right_mid_late_stance_native_strong_ice_v0:949:1,positive_0p10_right_mid_late_stance_native_strong_ice_v0,False,0.9570049937177489,0.04969123414232259
1,0,2,0,high_early_precursor,positive_0p20_left_mid_loading_early_stance_v0_M1:2409:0,positive_0p20_left_mid_loading_early_stance_v0_M1,False,0.961434517684762,0.9220153259980739
1,0,2,0,high_early_precursor,ice_native_0p10_v03:2829:1,ice_native_0p10_v03,False,0.9652854082131735,0.19581022754224675
1,0,2,0,high_early_precursor,positive_0p20_right_mid_late_stance_native_strong_ice_v0:1449:1,positive_0p20_right_mid_late_stance_native_strong_ice_v0,False,0.9665824089938212,0.9314418214550226
1,0,2,0,high_early_precursor,positive_0p20_left_mid_loading_early_stance_v0_M1:2369:0,positive_0p20_left_mid_loading_early_stance_v0_M1,False,0.9693936772564005,0.6584149675345548
1,0,2,0,high_early_precursor,positive_0p20_left_mid_loading_early_stance_v0_M1:2389:0,positive_0p20_left_mid_loading_early_stance_v0_M1,False,0.9694544027742233,0.9138410071790732
1,0,2,0,high_early_precursor,positive_0p20_right_mid_late_stance_native_strong_ice_v0:2049:1,positive_0p20_right_mid_late_stance_native_strong_ice_v0,False,0.980660172186294,0.9800888510438993
1,0,2,0,high_early_precursor,positive_0p10_right_mid_loading_early_stance_v0_M1:869:1,positive_0p10_right_mid_loading_early_stance_v0_M1,False,0.9870456175599389,0.5770134092817313
1,0,2,0,high_early_precursor,ice_native_0p10_v03:2689:1,ice_native_0p10_v03,False,0.9878686501420629,0.012839175156877887
1,0,2,0,high_early_precursor,positive_0p20_right_mid_late_stance_native_strong_ice_v0:239:1,positive_0p20_right_mid_late_stance_native_strong_ice_v0,False,0.9881714492510882,0.7792377934180044
1,0,2,0,high_early_precursor,positive_0p20_right_mid_loading_early_stance_native_strong_ice_v0:239:1,positive_0p20_right_mid_loading_early_stance_native_strong_ice_v0,False,0.9881760038193098,0.7791999516947257
1,0,2,0,high_early_precursor,positive_0p10_right_mid_late_stance_native_strong_ice_v0:869:1,positive_0p10_right_mid_late_stance_native_strong_ice_v0,False,0.989616803895801,0.577951180482285
1,0,2,0,high_early_precursor,ice_native_0p10_v03:2839:1,ice_native_0p10_v03,False,0.9901972102169998,0.005019595336349604
1,0,2,0,high_early_precursor,positive_0p10_right_mid_late_stance_native_strong_ice_v0:859:1,positive_0p10_right_mid_late_stance_native_strong_ice_v0,False,0.9911122702862016,0.9033196485184712
1,0,2,0,high_early_precursor,positive_0p10_right_mid_late_stance_native_strong_ice_v0:879:1,positive_0p10_right_mid_late_stance_native_strong_ice_v0,False,0.9917670214404453,0.5389861644873838
1,0,2,0,high_early_precursor,positive_0p10_left_mid_loading_early_stance_v0_M1:2359:0,positive_0p10_left_mid_loading_early_stance_v0_M1,False,0.9918088845326746,0.9492597748866822
1,0,2,0,high_early_precursor,positive_0p10_right_mid_loading_early_stance_v0_M1:859:1,positive_0p10_right_mid_loading_early_stance_v0_M1,False,0.9930808301064019,0.8357271409455147
1,0,2,0,high_early_precursor,positive_0p10_right_mid_late_stance_native_strong_ice_v0:959:1,positive_0p10_right_mid_late_stance_native_strong_ice_v0,False,0.9938038612324009,0.06837244823702454
1,0,2,0,high_early_precursor,positive_0p10_right_mid_loading_early_stance_v0_M1:299:1,positive_0p10_right_mid_loading_early_stance_v0_M1,False,0.9966165083817117,0.8773176470262323
1,0,2,0,high_early_precursor,ice_native_0p10_v03:2819:1,ice_native_0p10_v03,False,0.9968360553658822,0.00031164502222259604
1,0,2,0,high_early_precursor,positive_0p15_right_mid_loading_early_stance_v0_M1:289:1,positive_0p15_right_mid_loading_early_stance_v0_M1,False,0.9977529243093664,0.9490131149020139
1,0,2,0,high_early_precursor,ice_native_0p10_v03:1499:1,ice_native_0p10_v03,False,0.9982502383518181,0.731911692572625
1,0,2,0,high_early_precursor,positive_0p10_right_mid_loading_early_stance_v0_M1:879:1,positive_0p10_right_mid_loading_early_stance_v0_M1,False,0.9983196396703686,0.8729946519232509
1,0,2,0,high_early_precursor,positive_0p10_right_mid_loading_early_stance_v0_M1:919:1,positive_0p10_right_mid_loading_early_stance_v0_M1,False,0.9983514030851065,0.9406411778690037
1,0,2,0,high_early_precursor,ice_native_0p15_v03:2529:0,ice_native_0p15_v03,False,0.9984963752828432,0.008168952828420284
1,0,2,0,high_early_precursor,ice_native_0p10_v03:2139:1,ice_native_0p10_v03,False,0.9985571609188345,0.6694272239176664
1,0,2,0,high_early_precursor,ice_native_0p10_v03:2779:1,ice_native_0p10_v03,False,0.9987492010959793,0.0110878776843999
1,0,2,0,high_early_precursor,positive_0p10_right_mid_loading_early_stance_v0_M1:899:1,positive_0p10_right_mid_loading_early_stance_v0_M1,False,0.9991989064586969,0.7538350928347856
1,0,2,0,high_early_precursor,positive_0p10_right_mid_loading_early_stance_v0_M1:909:1,positive_0p10_right_mid_loading_early_stance_v0_M1,False,0.9992167094899205,0.8063446372336939
1,0,2,0,high_early_precursor,ice_native_0p10_v03:1509:1,ice_native_0p10_v03,False,0.9993512025821215,0.0019059885810044346
1,0,2,0,high_early_precursor,ice_native_0p10_v03:1459:1,ice_native_0p10_v03,False,0.9995452306114443,0.3831030541019348
1,0,2,0,high_early_precursor,ice_native_0p10_v03:2859:1,ice_native_0p10_v03,False,0.999601732646107,0.003200808428714361
1,0,2,0,high_early_precursor,positive_0p10_right_mid_loading_early_stance_v0_M1:889:1,positive_0p10_right_mid_loading_early_stance_v0_M1,False,0.9997494502018653,0.9516217376446919
1,0,2,0,high_early_precursor,ice_native_0p10_v03:2849:1,ice_native_0p10_v03,False,0.9997868112322578,0.003843001404738132
1,0,2,0,high_early_precursor,ice_native_0p10_v03:2679:1,ice_native_0p10_v03,False,0.999823300375389,0.982718405808361
1,0,2,0,high_early_precursor,ice_native_0p20_v03:1339:0,ice_native_0p20_v03,False,0.9998920505353506,0.18374938744553135
1,0,2,0,high_early_precursor,ice_native_0p10_v03:2869:1,ice_native_0p10_v03,False,0.9999624396086298,0.0046384514891704975
1,0,2,0,high_early_precursor,ice_native_0p20_v03:1369:0,ice_native_0p20_v03,False,0.9999732522792397,0.999983534622414
1,0,2,0,high_early_precursor,positive_0p15_right_mid_loading_early_stance_v0_M1:299:1,positive_0p15_right_mid_loading_early_stance_v0_M1,False,0.9999790408142172,0.9764059769352162
1,0,2,0,high_early_precursor,ice_native_0p20_v03:2129:1,ice_native_0p20_v03,False,0.9999886663351005,0.997798806040447
1,0,2,0,high_early_precursor,ice_native_0p10_v03:1489:1,ice_native_0p10_v03,False,0.9999938493847514,0.9998833887847259
1,0,2,0,high_early_precursor,ice_native_0p10_v03:2129:1,ice_native_0p10_v03,False,0.9999964905583395,0.05410318358256845
1,0,2,0,high_early_precursor,ice_native_0p20_v00:1799:1,ice_native_0p20_v00,False,0.9999967486275237,0.9978799550471773
1,0,2,0,high_early_precursor,ice_native_0p10_v03:1469:1,ice_native_0p10_v03,False,0.9999984932918105,0.9500501854916206
1,0,2,0,high_early_precursor,ice_native_0p20_v03:1359:0,ice_native_0p20_v03,False,0.999999632454596,0.9940186506997555
1,0,2,0,high_early_precursor,ice_native_0p20_v03:2139:1,ice_native_0p20_v03,False,0.9999997438708373,0.9998198494549603
1,0,2,0,high_early_precursor,ice_native_0p20_v00:1789:1,ice_native_0p20_v00,False,0.9999999689151385,0.9954883365533133
1,0,2,0,high_early_precursor,ice_native_0p10_v03:1479:1,ice_native_0p10_v03,False,0.9999999785078821,0.9991119200441012
1,0,2,0,high_early_precursor,ice_native_0p20_v03:1349:0,ice_native_0p20_v03,False,0.9999999870442058,0.7849033267647262
1,0,2,0,high_early_precursor,ice_native_0p20_v00:1779:1,ice_native_0p20_v00,False,0.9999999969617794,0.9894251045435977
1,0,2,0,high_early_precursor,ice_native_0p15_v03:2539:0,ice_native_0p15_v03,False,0.9999999999525979,0.3099651057872834
1,0,2,0,wrong_foot,ice_native_0p10_v03:2779:1,ice_native_0p10_v03,False,0.9987492010959793,0.0110878776843999
1,0,2,0,wrong_foot,ice_native_0p15_v00:1819:0,ice_native_0p15_v00,False,0.9956746729210408,0.015208651335341054
1,0,2,0,wrong_foot,positive_0p10_right_early_loading_native_strong_ice_v0:909:0,positive_0p10_right_early_loading_native_strong_ice_v0,False,0.9999999997211084,0.012304676331588755
1,0,2,0,wrong_foot,ice_native_0p20_v00:919:1,ice_native_0p20_v00,False,0.08916001123466848,0.9256788563326316
1,0,2,0,wrong_foot,positive_0p10_left_early_loading_native_strong_ice_v0:1539:1,positive_0p10_left_early_loading_native_strong_ice_v0,False,0.9999999983893315,0.01812406350425259
1,0,2,0,wrong_foot,ice_native_0p15_v00:1809:0,ice_native_0p15_v00,False,0.9982936538574269,0.02518223485915795
1,0,2,0,wrong_foot,positive_0p10_left_early_loading_native_strong_ice_v0:1529:1,positive_0p10_left_early_loading_native_strong_ice_v0,False,0.9999999999896145,0.027490059347089597
1,0,2,0,wrong_foot,ice_native_0p15_v00:2929:0,ice_native_0p15_v00,False,0.9977852951135984,0.037913898622085364
1,0,2,0,wrong_foot,ice_native_0p15_v00:1829:0,ice_native_0p15_v00,False,0.9912207130761058,0.049155655676303166
1,0,2,0,wrong_foot,ice_native_0p15_v00:2559:0,ice_native_0p15_v00,False,0.9999866641657451,0.051172892186668914
1,0,2,0,wrong_foot,ice_native_0p15_v00:1779:0,ice_native_0p15_v00,False,0.22069127436196537,0.8517762154776204
1,0,2,0,wrong_foot,positive_0p10_left_early_loading_native_strong_ice_v0:1549:1,positive_0p10_left_early_loading_native_strong_ice_v0,False,0.9999955301258926,0.1303182229162103
1,0,2,0,wrong_foot,ice_native_0p15_v00:1799:0,ice_native_0p15_v00,False,0.9975874553679127,0.16002324918906732
1,0,2,0,wrong_foot,positive_0p10_left_early_loading_native_strong_ice_v0:1519:1,positive_0p10_left_early_loading_native_strong_ice_v0,False,0.9999999999923519,0.23514764262932464
1,0,2,0,wrong_foot,ice_native_0p15_v00:2469:0,ice_native_0p15_v00,False,0.6335120067287827,0.6172208566834142
1,0,2,0,wrong_foot,ice_native_0p10_v03:2659:1,ice_native_0p10_v03,False,0.285973459777107,0.9990093227312121
1,0,2,0,wrong_foot,ice_native_0p10_v00:939:0,ice_native_0p10_v00,False,0.6975174298359683,0.6741548879255522
1,0,2,0,wrong_foot,ice_native_0p10_v03:1459:1,ice_native_0p10_v03,False,0.9995452306114443,0.3831030541019348
1,0,2,0,wrong_foot,ice_native_0p15_v00:1789:0,ice_native_0p15_v00,False,0.9573782114835403,0.6102008141818319
1,0,2,0,wrong_foot,ice_native_0p15_v00:2909:0,ice_native_0p15_v00,False,0.8365966580306686,0.7568823146987771
1,0,2,0,wrong_foot,ice_native_0p10_v03:2669:1,ice_native_0p10_v03,False,0.7295306236766467,0.9997784063571095
1,0,2,0,wrong_foot,ice_native_0p10_v03:1499:1,ice_native_0p10_v03,False,0.9982502383518181,0.731911692572625
1,0,2,0,wrong_foot,ice_native_0p15_v00:2899:0,ice_native_0p15_v00,False,0.966275256243786,0.9012658537664899
1,0,2,0,wrong_foot,ice_native_0p10_v03:1469:1,ice_native_0p10_v03,False,0.9999984932918105,0.9500501854916206
1,0,2,0,wrong_foot,ice_native_0p10_v03:2679:1,ice_native_0p10_v03,False,0.999823300375389,0.982718405808361
1,0,2,0,wrong_foot,ice_native_0p20_v00:1779:1,ice_native_0p20_v00,False,0.9999999969617794,0.9894251045435977
1,0,2,0,wrong_foot,ice_native_0p20_v00:1789:1,ice_native_0p20_v00,False,0.9999999689151385,0.9954883365533133
1,0,2,0,wrong_foot,ice_native_0p20_v00:1799:1,ice_native_0p20_v00,False,0.9999967486275237,0.9978799550471773
1,0,2,0,wrong_foot,ice_native_0p10_v03:1479:1,ice_native_0p10_v03,False,0.9999999785078821,0.9991119200441012
1,0,2,0,wrong_foot,ice_native_0p10_v03:1489:1,ice_native_0p10_v03,False,0.9999938493847514,0.9998833887847259
1,1,0,2,high_normal,supplemental_positive_v8_l02:2439:0,supplemental_positive_v8_l02,False,0.9999951111475062,0.9783177544068633
1,1,0,2,high_normal,positive_0p15_right_mid_loading_early_stance_native_strong_ice_v2:1239:0,positive_0p15_right_mid_loading_early_stance_native_strong_ice_v2,False,0.9999951434556728,0.0002755940246746489
1,1,0,2,high_normal,positive_0p15_left_mid_late_stance_native_strong_ice_v2:1699:1,positive_0p15_left_mid_late_stance_native_strong_ice_v2,False,0.999995254419398,0.0009230384076399528
1,1,0,2,high_normal,positive_0p10_right_mid_late_stance_v2_M1:609:1,positive_0p10_right_mid_late_stance_v2_M1,False,0.9999952860422388,0.992687568931934
1,1,0,2,high_normal,positive_0p15_right_mid_loading_early_stance_native_strong_ice_v2:1619:1,positive_0p15_right_mid_loading_early_stance_native_strong_ice_v2,False,0.9999953336033963,0.9873139876268942
1,1,0,2,high_normal,positive_0p15_left_mid_loading_early_stance_native_strong_ice_v2:2239:1,positive_0p15_left_mid_loading_early_stance_native_strong_ice_v2,False,0.9999955655639425,0.031462044392166974
1,1,0,2,high_normal,positive_0p20_left_early_loading_v2_M1:1969:0,positive_0p20_left_early_loading_v2_M1,False,0.9999955966042845,0.029779782385544018
1,1,0,2,high_normal,positive_0p15_right_mid_loading_early_stance_native_strong_ice_v2:2449:0,positive_0p15_right_mid_loading_early_stance_native_strong_ice_v2,False,0.9999957808727844,0.0012506370180601616
1,1,0,2,high_normal,ice_native_0p20_v02:1729:1,ice_native_0p20_v02,False,0.9999958140218635,0.9996139281802591
1,1,0,2,high_normal,positive_0p15_left_mid_loading_early_stance_native_strong_ice_v2:1089:1,positive_0p15_left_mid_loading_early_stance_native_strong_ice_v2,False,0.9999958328054229,0.0001081626921435089
1,1,0,2,high_normal,positive_0p20_left_mid_late_stance_v2_M1:979:0,positive_0p20_left_mid_late_stance_v2_M1,False,0.9999959118763695,0.8418394275443101
1,1,0,2,high_normal,positive_0p20_left_mid_loading_early_stance_native_strong_ice_v2:2799:1,positive_0p20_left_mid_loading_early_stance_native_strong_ice_v2,False,0.9999959712126936,0.04905115502485989
1,1,0,2,high_normal,positive_0p10_right_early_loading_v2_M1:1089:0,positive_0p10_right_early_loading_v2_M1,False,0.9999960347227469,0.24761477535809884
1,1,0,2,high_normal,positive_0p15_left_mid_loading_early_stance_v2_M1:1629:1,positive_0p15_left_mid_loading_early_stance_v2_M1,False,0.9999960938314927,0.10515083820064948
1,1,0,2,high_normal,positive_0p15_right_mid_loading_early_stance_native_strong_ice_v2:2439:0,positive_0p15_right_mid_loading_early_stance_native_strong_ice_v2,False,0.9999961117344184,0.006524557126227429
1,1,0,2,high_normal,positive_0p10_left_mid_loading_early_stance_native_strong_ice_v2:2199:1,positive_0p10_left_mid_loading_early_stance_native_strong_ice_v2,False,0.9999962494440351,0.012733710050284676
1,1,0,2,high_normal,positive_0p15_right_mid_loading_early_stance_v2_M1:1099:1,positive_0p15_right_mid_loading_early_stance_v2_M1,False,0.9999962590271853,0.5230991290730873
1,1,0,2,high_normal,positive_0p10_left_early_loading_native_strong_ice_v2:1549:0,positive_0p10_left_early_loading_native_strong_ice_v2,False,0.9999963056487452,0.000943839908584542
1,1,0,2,high_normal,positive_0p15_left_mid_loading_early_stance_native_strong_ice_v2:1669:1,positive_0p15_left_mid_loading_early_stance_native_strong_ice_v2,False,0.9999963560038025,0.0044367985330804535
1,1,0,2,high_normal,positive_0p10_left_early_loading_native_strong_ice_v2:509:1,positive_0p10_left_early_loading_native_strong_ice_v2,False,0.9999964469101038,0.9069489720003581
1,1,0,2,high_normal,ice_native_0p20_v02:2759:0,ice_native_0p20_v02,False,0.9999964828899544,0.8509985918804543
1,1,0,2,high_normal,positive_0p20_left_mid_loading_early_stance_native_strong_ice_v2:2789:1,positive_0p20_left_mid_loading_early_stance_native_strong_ice_v2,False,0.9999965192647616,0.04743848454504754
1,1,0,2,high_normal,positive_0p15_right_mid_loading_early_stance_native_strong_ice_v2:1259:0,positive_0p15_right_mid_loading_early_stance_native_strong_ice_v2,False,0.9999965697506533,7.532569099189544e-05
1,1,0,2,high_normal,positive_0p10_left_mid_loading_early_stance_native_strong_ice_v2:2259:1,positive_0p10_left_mid_loading_early_stance_native_strong_ice_v2,False,0.9999965926925078,0.009404493028220016
1,1,0,2,high_normal,positive_0p15_left_mid_loading_early_stance_native_strong_ice_v2:1689:1,positive_0p15_left_mid_loading_early_stance_native_strong_ice_v2,False,0.9999966389034793,0.004881861021792145
1,1,0,2,high_normal,positive_0p20_left_mid_loading_early_stance_native_strong_ice_v2:2839:1,positive_0p20_left_mid_loading_early_stance_native_strong_ice_v2,False,0.9999967641309327,0.041028083510812476
1,1,0,2,high_normal,positive_0p20_left_mid_loading_early_stance_v2_M1:2219:1,positive_0p20_left_mid_loading_early_stance_v2_M1,False,0.9999968694953779,0.02263013633704008
1,1,0,2,high_normal,positive_0p20_right_mid_loading_early_stance_native_strong_ice_v2:1319:0,positive_0p20_right_mid_loading_early_stance_native_strong_ice_v2,False,0.9999968990400031,0.024870980141200302
1,1,0,2,high_normal,positive_0p20_right_mid_loading_early_stance_v2_M1:2509:0,positive_0p20_right_mid_loading_early_stance_v2_M1,False,0.9999969129141575,0.4667501194939103
1,1,0,2,high_normal,positive_0p10_left_mid_loading_early_stance_native_strong_ice_v2:2289:1,positive_0p10_left_mid_loading_early_stance_native_strong_ice_v2,False,0.9999970035154314,0.010453269943730024
1,1,0,2,high_normal,positive_0p10_left_mid_loading_early_stance_native_strong_ice_v2:1009:1,positive_0p10_left_mid_loading_early_stance_native_strong_ice_v2,False,0.9999971000735003,3.5025124974392005e-05
1,1,0,2,high_normal,positive_0p15_left_mid_loading_early_stance_native_strong_ice_v2:1679:1,positive_0p15_left_mid_loading_early_stance_native_strong_ice_v2,False,0.999997279542359,0.0028515941329805396
1,1,0,2,high_normal,positive_0p20_right_mid_late_stance_v2_M1:1779:1,positive_0p20_right_mid_late_stance_v2_M1,False,0.9999973395832075,0.8772580331506132
1,1,0,2,high_normal,positive_0p10_left_mid_loading_early_stance_v2_M1:2839:1,positive_0p10_left_mid_loading_early_stance_v2_M1,False,0.9999974242717112,0.008841832417833593
1,1,0,2,high_normal,positive_0p20_right_early_loading_native_strong_ice_v2:869:0,positive_0p20_right_early_loading_native_strong_ice_v2,False,0.9999974564962527,0.00012087390450779968
1,1,0,2,high_normal,positive_0p15_left_mid_loading_early_stance_native_strong_ice_v2:1649:1,positive_0p15_left_mid_loading_early_stance_native_strong_ice_v2,False,0.9999975502393957,0.009386571633451767
1,1,0,2,high_normal,positive_0p20_right_mid_loading_early_stance_native_strong_ice_v2:2499:0,positive_0p20_right_mid_loading_early_stance_native_strong_ice_v2,False,0.9999975740581512,0.14766458009207614
1,1,0,2,high_normal,positive_0p20_left_mid_loading_early_stance_v2_M1:2169:1,positive_0p20_left_mid_loading_early_stance_v2_M1,False,0.9999976144796593,0.8177942559182557
1,1,0,2,high_normal,positive_0p15_left_mid_late_stance_native_strong_ice_v2:1719:1,positive_0p15_left_mid_late_stance_native_strong_ice_v2,False,0.9999976831489356,0.00026536411598027213
1,1,0,2,high_normal,positive_0p15_left_mid_loading_early_stance_native_strong_ice_v2:1659:1,positive_0p15_left_mid_loading_early_stance_native_strong_ice_v2,False,0.9999979085641436,0.005583488309162928
1,1,0,2,high_normal,positive_0p10_left_early_loading_native_strong_ice_v2:809:1,positive_0p10_left_early_loading_native_strong_ice_v2,False,0.9999979274139823,0.004761318632997275
1,1,0,2,high_normal,positive_0p10_left_mid_loading_early_stance_native_strong_ice_v2:1029:1,positive_0p10_left_mid_loading_early_stance_native_strong_ice_v2,False,0.9999979631489996,1.876435653707002e-05
1,1,0,2,high_normal,positive_0p15_left_mid_late_stance_native_strong_ice_v2:1659:1,positive_0p15_left_mid_late_stance_native_strong_ice_v2,False,0.9999980224579357,0.0024794909634060997
1,1,0,2,high_normal,positive_0p15_left_mid_loading_early_stance_native_strong_ice_v2:1579:1,positive_0p15_left_mid_loading_early_stance_native_strong_ice_v2,False,0.9999981090937244,0.15728091541881922
1,1,0,2,high_normal,positive_0p20_right_mid_loading_early_stance_native_strong_ice_v2:2519:0,positive_0p20_right_mid_loading_early_stance_native_strong_ice_v2,False,0.9999981288700063,0.15483612905844404
1,1,0,2,high_normal,positive_0p10_right_mid_loading_early_stance_native_strong_ice_v2:1299:0,positive_0p10_right_mid_loading_early_stance_native_strong_ice_v2,False,0.9999981807879916,0.2612036535437902
1,1,0,2,high_normal,positive_0p15_left_mid_loading_early_stance_native_strong_ice_v2:1049:1,positive_0p15_left_mid_loading_early_stance_native_strong_ice_v2,False,0.999998183916364,0.00018738628020105178
1,1,0,2,high_normal,positive_0p10_left_mid_loading_early_stance_v2_M1:1639:1,positive_0p10_left_mid_loading_early_stance_v2_M1,False,0.9999982054546385,0.00015427688905588218
1,1,0,2,high_normal,positive_0p15_left_mid_loading_early_stance_native_strong_ice_v2:1079:1,positive_0p15_left_mid_loading_early_stance_native_strong_ice_v2,False,0.9999982266696023,0.00010670704021738858
1,1,0,2,high_normal,positive_0p20_left_mid_loading_early_stance_native_strong_ice_v2:2289:1,positive_0p20_left_mid_loading_early_stance_native_strong_ice_v2,False,0.9999982506046621,0.0010018116161143115
1,1,0,2,high_normal,positive_0p15_right_mid_loading_early_stance_v2_M1:1119:1,positive_0p15_right_mid_loading_early_stance_v2_M1,False,0.9999982674141326,0.9457437700476224
1,1,0,2,high_normal,positive_0p10_right_mid_loading_early_stance_v2_M1:1629:1,positive_0p10_right_mid_loading_early_stance_v2_M1,False,0.9999982718923636,0.9217977509731016
1,1,0,2,high_normal,positive_0p20_right_mid_late_stance_native_strong_ice_v2:1769:1,positive_0p20_right_mid_late_stance_native_strong_ice_v2,False,0.9999982901138975,0.9594688194247729
1,1,0,2,high_normal,positive_0p20_left_mid_loading_early_stance_native_strong_ice_v2:2829:1,positive_0p20_left_mid_loading_early_stance_native_strong_ice_v2,False,0.9999983047624114,0.07225705732901191
1,1,0,2,high_normal,supplemental_positive_v8_l02:629:0,supplemental_positive_v8_l02,False,0.9999983802120382,0.6782044239420616
1,1,0,2,high_normal,positive_0p15_left_mid_loading_early_stance_native_strong_ice_v2:1059:1,positive_0p15_left_mid_loading_early_stance_native_strong_ice_v2,False,0.9999984177539658,0.00012034719946521533
1,1,0,2,high_normal,positive_0p20_left_early_loading_v2_M1:879:1,positive_0p20_left_early_loading_v2_M1,False,0.9999984360847247,1.6437307158602303e-06
1,1,0,2,high_normal,positive_0p15_left_mid_loading_early_stance_native_strong_ice_v2:1069:1,positive_0p15_left_mid_loading_early_stance_native_strong_ice_v2,False,0.9999984537004128,0.00012714256505393594
1,1,0,2,high_normal,positive_0p10_left_early_loading_native_strong_ice_v2:1149:1,positive_0p10_left_early_loading_native_strong_ice_v2,False,0.9999984725431316,0.0040003174823772395
1,1,0,2,high_normal,positive_0p10_right_mid_loading_early_stance_v2_M1:589:1,positive_0p10_right_mid_loading_early_stance_v2_M1,False,0.9999985079342046,0.8336145223714241
1,1,0,2,high_normal,positive_0p15_left_mid_loading_early_stance_native_strong_ice_v2:2199:1,positive_0p15_left_mid_loading_early_stance_native_strong_ice_v2,False,0.9999985410573657,0.0854228347321216
1,1,0,2,high_normal,positive_0p10_left_mid_loading_early_stance_native_strong_ice_v2:1039:1,positive_0p10_left_mid_loading_early_stance_native_strong_ice_v2,False,0.9999986177598813,3.214230498012055e-06
1,1,0,2,high_normal,positive_0p10_right_mid_loading_early_stance_native_strong_ice_v2:709:0,positive_0p10_right_mid_loading_early_stance_native_strong_ice_v2,False,0.999998619584022,0.0016491252793145665
1,1,0,2,high_normal,positive_0p20_right_mid_late_stance_v2_M1:599:1,positive_0p20_right_mid_late_stance_v2_M1,False,0.9999986530391318,0.9440212785330978
1,1,0,2,high_normal,positive_0p15_left_mid_loading_early_stance_native_strong_ice_v2:2229:1,positive_0p15_left_mid_loading_early_stance_native_strong_ice_v2,False,0.9999986900242709,0.0968553546411508
1,1,0,2,high_normal,positive_0p20_right_mid_late_stance_native_strong_ice_v2:2959:1,positive_0p20_right_mid_late_stance_native_strong_ice_v2,False,0.9999987321995966,0.9973920445713712
1,1,0,2,high_normal,positive_0p10_right_mid_loading_early_stance_v2_M1:579:1,positive_0p10_right_mid_loading_early_stance_v2_M1,False,0.9999987342600685,0.9179034269769828
1,1,0,2,high_normal,positive_0p15_right_mid_loading_early_stance_v2_M1:2529:0,positive_0p15_right_mid_loading_early_stance_v2_M1,False,0.9999987361780142,0.054116867026735585
1,1,0,2,high_normal,positive_0p15_left_mid_late_stance_native_strong_ice_v2:2069:0,positive_0p15_left_mid_late_stance_native_strong_ice_v2,False,0.999998749418123,0.9582390240585917
1,1,0,2,high_normal,positive_0p20_right_mid_loading_early_stance_v2_M1:2519:0,positive_0p20_right_mid_loading_early_stance_v2_M1,False,0.9999987777656975,0.16126494287802617
1,1,0,2,high_normal,positive_0p15_left_mid_loading_early_stance_v2_M1:1619:1,positive_0p15_left_mid_loading_early_stance_v2_M1,False,0.9999987790573214,0.01872630029391076
1,1,0,2,high_normal,positive_0p15_left_mid_loading_early_stance_native_strong_ice_v2:2189:1,positive_0p15_left_mid_loading_early_stance_native_strong_ice_v2,False,0.999998812047633,0.03173210616923654
1,1,0,2,high_normal,positive_0p15_right_early_loading_native_strong_ice_v2:569:0,positive_0p15_right_early_loading_native_strong_ice_v2,False,0.9999988189726957,0.02519313567814183
1,1,0,2,high_normal,positive_0p15_left_mid_loading_early_stance_native_strong_ice_v2:969:1,positive_0p15_left_mid_loading_early_stance_native_strong_ice_v2,False,0.9999988332930624,0.027371034823973364
1,1,0,2,high_normal,positive_0p10_left_mid_loading_early_stance_native_strong_ice_v2:1689:1,positive_0p10_left_mid_loading_early_stance_native_strong_ice_v2,False,0.9999988956100214,0.03688429563215689
1,1,0,2,high_normal,positive_0p20_right_mid_late_stance_native_strong_ice_v2:2989:1,positive_0p20_right_mid_late_stance_native_strong_ice_v2,False,0.9999988980865394,0.9839066680989699
1,1,0,2,high_normal,positive_0p15_left_mid_loading_early_stance_native_strong_ice_v2:469:1,positive_0p15_left_mid_loading_early_stance_native_strong_ice_v2,False,0.9999989181262228,0.016101979850046626
1,1,0,2,high_normal,positive_0p10_right_early_loading_v2_M1:1599:0,positive_0p10_right_early_loading_v2_M1,False,0.9999989346056628,3.0433470714630876e-05
1,1,0,2,high_normal,positive_0p15_left_mid_loading_early_stance_native_strong_ice_v2:1039:1,positive_0p15_left_mid_loading_early_stance_native_strong_ice_v2,False,0.999999023401218,0.00018376558147728035
1,1,0,2,high_normal,positive_0p10_left_mid_loading_early_stance_native_strong_ice_v2:1649:1,positive_0p10_left_mid_loading_early_stance_native_strong_ice_v2,False,0.9999990313456554,0.09521911951812667
1,1,0,2,high_normal,positive_0p15_left_mid_loading_early_stance_native_strong_ice_v2:1609:1,positive_0p15_left_mid_loading_early_stance_native_strong_ice_v2,False,0.9999990777090477,0.00789425857743289
1,1,0,2,high_normal,positive_0p20_right_mid_late_stance_native_strong_ice_v2:589:1,positive_0p20_right_mid_late_stance_native_strong_ice_v2,False,0.9999991153141514,0.9760804874133668
1,1,0,2,high_normal,positive_0p10_left_mid_loading_early_stance_native_strong_ice_v2:2209:1,positive_0p10_left_mid_loading_early_stance_native_strong_ice_v2,False,0.9999991225662491,0.15452026595168086
1,1,0,2,high_normal,positive_0p15_right_mid_loading_early_stance_v2_M1:2919:1,positive_0p15_right_mid_loading_early_stance_v2_M1,False,0.9999991231179495,0.8839241026826801
1,1,0,2,high_normal,positive_0p10_right_mid_loading_early_stance_native_strong_ice_v2:2489:0,positive_0p10_right_mid_loading_early_stance_native_strong_ice_v2,False,0.999999145040114,0.09312292199702656
1,1,0,2,high_normal,positive_0p15_left_mid_late_stance_native_strong_ice_v2:1649:1,positive_0p15_left_mid_late_stance_native_strong_ice_v2,False,0.9999991564204775,0.00031514754001856914
1,1,0,2,high_normal,positive_0p15_left_early_loading_v2_M1:1979:0,positive_0p15_left_early_loading_v2_M1,False,0.9999991762398119,0.7307336606414172
1,1,0,2,high_normal,positive_0p10_right_mid_loading_early_stance_native_strong_ice_v2:719:0,positive_0p10_right_mid_loading_early_stance_native_strong_ice_v2,False,0.99999921636565,0.02077228168188327
1,1,0,2,high_normal,positive_0p10_left_mid_loading_early_stance_native_strong_ice_v2:2249:1,positive_0p10_left_mid_loading_early_stance_native_strong_ice_v2,False,0.9999992178336665,0.02501713452455303
1,1,0,2,high_normal,positive_0p15_right_mid_loading_early_stance_native_strong_ice_v2:1249:0,positive_0p15_right_mid_loading_early_stance_native_strong_ice_v2,False,0.9999992229306908,6.764035758865625e-05
1,1,0,2,high_normal,positive_0p10_left_mid_loading_early_stance_native_strong_ice_v2:1019:1,positive_0p10_left_mid_loading_early_stance_native_strong_ice_v2,False,0.9999992250473145,4.9245752628700716e-05
1,1,0,2,high_normal,ice_native_0p20_v02:2129:1,ice_native_0p20_v02,False,0.9999992436472332,0.9260547466754555
1,1,0,2,high_normal,positive_0p20_right_mid_loading_early_stance_native_strong_ice_v2:1309:0,positive_0p20_right_mid_loading_early_stance_native_strong_ice_v2,False,0.9999992602179094,0.1483186902546743
1,1,0,2,high_normal,positive_0p10_left_mid_loading_early_stance_native_strong_ice_v2:1609:1,positive_0p10_left_mid_loading_early_stance_native_strong_ice_v2,False,0.9999992607693358,0.003332267747030728
1,1,0,2,high_normal,positive_0p10_left_early_loading_native_strong_ice_v2:1139:1,positive_0p10_left_early_loading_native_strong_ice_v2,False,0.9999992783934213,0.00016714482521801175
1,1,0,2,high_normal,positive_0p20_left_early_loading_v2_M1:909:1,positive_0p20_left_early_loading_v2_M1,False,0.9999992944963138,1.1470267851556029e-07
1,1,0,2,high_normal,positive_0p10_right_mid_loading_early_stance_native_strong_ice_v2:2469:0,positive_0p10_right_mid_loading_early_stance_native_strong_ice_v2,False,0.9999993019153345,0.15113310900525267
1,1,0,2,high_normal,ice_native_0p20_v02:2819:0,ice_native_0p20_v02,False,0.999999329162052,0.00022522575586758777
1,1,0,2,high_normal,positive_0p10_right_early_loading_native_strong_ice_v2:589:0,positive_0p10_right_early_loading_native_strong_ice_v2,False,0.9999993422133991,0.044042558654212347
1,1,0,2,high_normal,positive_0p10_left_mid_loading_early_stance_native_strong_ice_v2:1629:1,positive_0p10_left_mid_loading_early_stance_native_strong_ice_v2,False,0.9999993479670123,0.011646431934880411
1,1,0,2,high_normal,positive_0p10_right_mid_loading_early_stance_native_strong_ice_v2:2919:1,positive_0p10_right_mid_loading_early_stance_native_strong_ice_v2,False,0.9999993503025217,0.9663410960183152
1,1,0,2,high_normal,positive_0p10_left_mid_loading_early_stance_native_strong_ice_v2:2829:1,positive_0p10_left_mid_loading_early_stance_native_strong_ice_v2,False,0.9999993647562694,5.242413410912327e-05
1,1,0,2,high_normal,positive_0p20_right_early_loading_v2_M1:1609:0,positive_0p20_right_early_loading_v2_M1,False,0.9999993896169814,0.912719754124493
1,1,0,2,high_normal,positive_0p15_left_mid_loading_early_stance_native_strong_ice_v2:1019:1,positive_0p15_left_mid_loading_early_stance_native_strong_ice_v2,False,0.9999993957071692,0.00025276320169234813
1,1,0,2,high_normal,sand_solref_interpolation_5of6_stronger_v2_0p20_v02:1289:1,sand_solref_interpolation_5of6_stronger_v2_0p20_v02,False,0.9999994130822981,0.8785863567112864
1,1,0,2,high_normal,positive_0p15_left_mid_loading_early_stance_native_strong_ice_v2:1619:1,positive_0p15_left_mid_loading_early_stance_native_strong_ice_v2,False,0.9999994199592412,0.008314594419379887
1,1,0,2,high_normal,ice_native_0p20_v02:2119:1,ice_native_0p20_v02,False,0.999999435832153,0.6629285967999715
1,1,0,2,high_normal,positive_0p15_right_early_loading_v2_M1:1599:0,positive_0p15_right_early_loading_v2_M1,False,0.9999994371843278,8.015509140335871e-05
1,1,0,2,high_normal,positive_0p20_right_mid_loading_early_stance_native_strong_ice_v2:1289:0,positive_0p20_right_mid_loading_early_stance_native_strong_ice_v2,False,0.9999994372874939,0.5851228088250817
1,1,0,2,high_normal,positive_0p15_left_early_loading_v2_M1:529:1,positive_0p15_left_early_loading_v2_M1,False,0.9999994543378512,0.3967866358727971
1,1,0,2,high_normal,positive_0p15_right_mid_loading_early_stance_native_strong_ice_v2:2129:0,positive_0p15_right_mid_loading_early_stance_native_strong_ice_v2,False,0.9999994656039555,0.00020594080870473016
1,1,0,2,high_normal,supplemental_positive_v8_l02:1829:0,supplemental_positive_v8_l02,False,0.9999994834553082,0.998506159415816
1,1,0,2,high_normal,positive_0p15_left_mid_late_stance_native_strong_ice_v2:1629:1,positive_0p15_left_mid_late_stance_native_strong_ice_v2,False,0.9999994911078028,4.80113198411879e-05
1,1,0,2,high_normal,positive_0p15_left_mid_loading_early_stance_native_strong_ice_v2:1029:1,positive_0p15_left_mid_loading_early_stance_native_strong_ice_v2,False,0.9999995013358713,8.699156109096138e-05
1,1,0,2,high_normal,positive_0p15_right_early_loading_v2_M1:899:0,positive_0p15_right_early_loading_v2_M1,False,0.9999995216107501,0.0014635373570882878
1,1,0,2,high_normal,positive_0p10_left_early_loading_native_strong_ice_v2:859:1,positive_0p10_left_early_loading_native_strong_ice_v2,False,0.9999995433212937,7.443472208423233e-06
1,1,0,2,high_normal,positive_0p15_right_mid_loading_early_stance_native_strong_ice_v2:2509:0,positive_0p15_right_mid_loading_early_stance_native_strong_ice_v2,False,0.9999995734140302,0.00018722389786114183
1,1,0,2,high_normal,positive_0p20_right_mid_loading_early_stance_v2_M1:2499:0,positive_0p20_right_mid_loading_early_stance_v2_M1,False,0.9999995739507163,0.41177928487121873
1,1,0,2,high_normal,ice_native_0p15_v02:1959:1,ice_native_0p15_v02,False,0.9999995996262594,0.984493764317703
1,1,0,2,high_normal,positive_0p10_right_early_loading_v2_M1:589:0,positive_0p10_right_early_loading_v2_M1,False,0.9999996035122161,0.32445483648878853
1,1,0,2,high_normal,positive_0p20_right_mid_loading_early_stance_native_strong_ice_v2:1299:0,positive_0p20_right_mid_loading_early_stance_native_strong_ice_v2,False,0.9999996301446021,0.40256858647424354
1,1,0,2,high_normal,positive_0p20_left_early_loading_v2_M1:2199:1,positive_0p20_left_early_loading_v2_M1,False,0.9999996343057179,0.8212354827975565
1,1,0,2,high_normal,positive_0p10_right_mid_loading_early_stance_native_strong_ice_v2:2509:0,positive_0p10_right_mid_loading_early_stance_native_strong_ice_v2,False,0.9999996451972388,0.07519514294322867
1,1,0,2,high_normal,positive_0p10_right_mid_late_stance_v2_M1:1769:1,positive_0p10_right_mid_late_stance_v2_M1,False,0.9999996491547235,0.9232077435761137
1,1,0,2,high_normal,positive_0p15_left_early_loading_v2_M1:869:1,positive_0p15_left_early_loading_v2_M1,False,0.9999996554732559,1.6638528479387858e-05
1,1,0,2,high_normal,positive_0p20_right_mid_late_stance_native_strong_ice_v2:2939:1,positive_0p20_right_mid_late_stance_native_strong_ice_v2,False,0.9999996774239722,0.9889270701247098
1,1,0,2,high_normal,positive_0p10_left_mid_loading_early_stance_native_strong_ice_v2:2239:1,positive_0p10_left_mid_loading_early_stance_native_strong_ice_v2,False,0.9999997045782907,0.021514070659139465
1,1,0,2,high_normal,positive_0p15_left_mid_late_stance_native_strong_ice_v2:1639:1,positive_0p15_left_mid_late_stance_native_strong_ice_v2,False,0.999999707801876,0.00036131689683994707
1,1,0,2,high_normal,positive_0p15_right_mid_late_stance_native_strong_ice_v2:2969:1,positive_0p15_right_mid_late_stance_native_strong_ice_v2,False,0.9999997543390979,0.9962454054658539
1,1,0,2,high_normal,positive_0p15_left_mid_loading_early_stance_native_strong_ice_v2:1639:1,positive_0p15_left_mid_loading_early_stance_native_strong_ice_v2,False,0.9999997623102393,0.014735098413637621
1,1,0,2,high_normal,positive_0p10_left_mid_loading_early_stance_native_strong_ice_v2:1669:1,positive_0p10_left_mid_loading_early_stance_native_strong_ice_v2,False,0.9999997741970029,0.006518204032931744
1,1,0,2,high_normal,positive_0p15_right_mid_loading_early_stance_native_strong_ice_v2:2139:0,positive_0p15_right_mid_loading_early_stance_native_strong_ice_v2,False,0.999999780322547,0.0008618309995653054
1,1,0,2,high_normal,positive_0p20_right_mid_late_stance_native_strong_ice_v2:2949:1,positive_0p20_right_mid_late_stance_native_strong_ice_v2,False,0.9999997951464425,0.9683985807388428
1,1,0,2,high_normal,positive_0p10_left_mid_loading_early_stance_native_strong_ice_v2:1049:1,positive_0p10_left_mid_loading_early_stance_native_strong_ice_v2,False,0.9999998016841654,2.2147260083224878e-05
1,1,0,2,high_normal,positive_0p20_right_mid_late_stance_v2_M1:2969:1,positive_0p20_right_mid_late_stance_v2_M1,False,0.9999998066117951,0.9712949554782051
1,1,0,2,high_normal,positive_0p15_left_early_loading_v2_M1:1869:1,positive_0p15_left_early_loading_v2_M1,False,0.9999998179092727,0.890181083392061
1,1,0,2,high_normal,ice_native_0p20_v02:2109:1,ice_native_0p20_v02,False,0.9999998196697014,0.6462612806197119
1,1,0,2,high_normal,positive_0p20_left_early_loading_v2_M1:529:1,positive_0p20_left_early_loading_v2_M1,False,0.999999820187696,0.36765438036055975
1,1,0,2,high_normal,positive_0p10_right_mid_late_stance_v2_M1:589:1,positive_0p10_right_mid_late_stance_v2_M1,False,0.9999998217183885,0.7601156163280507
1,1,0,2,high_normal,positive_0p20_right_mid_late_stance_native_strong_ice_v2:2979:1,positive_0p20_right_mid_late_stance_native_strong_ice_v2,False,0.9999998229525511,0.9830191421541824
1,1,0,2,high_normal,positive_0p15_left_mid_late_stance_native_strong_ice_v2:2059:0,positive_0p15_left_mid_late_stance_native_strong_ice_v2,False,0.999999840515127,0.9866314945979937
1,1,0,2,high_normal,positive_0p20_left_mid_loading_early_stance_native_strong_ice_v2:1629:1,positive_0p20_left_mid_loading_early_stance_native_strong_ice_v2,False,0.9999998494104123,0.00021971161086290714
1,1,0,2,high_normal,ice_native_0p10_v02:2159:1,ice_native_0p10_v02,False,0.9999998508706538,0.298030774245865
1,1,0,2,high_normal,ice_native_0p15_v02:2229:0,ice_native_0p15_v02,False,0.9999998509586492,0.00032508302362287014
1,1,0,2,high_normal,positive_0p10_right_early_loading_v2_M1:1579:0,positive_0p10_right_early_loading_v2_M1,False,0.9999998576404264,3.0616408598756875e-08
1,1,0,2,high_normal,positive_0p10_left_mid_loading_early_stance_native_strong_ice_v2:1679:1,positive_0p10_left_mid_loading_early_stance_native_strong_ice_v2,False,0.999999857796664,0.0034320008629631043
1,1,0,2,high_normal,positive_0p15_right_mid_loading_early_stance_v2_M1:2479:0,positive_0p15_right_mid_loading_early_stance_v2_M1,False,0.9999998583360469,0.2366674933982647
1,1,0,2,high_normal,positive_0p15_right_mid_late_stance_native_strong_ice_v2:1749:1,positive_0p15_right_mid_late_stance_native_strong_ice_v2,False,0.9999998597500624,0.9893761415699427
1,1,0,2,high_normal,positive_0p15_right_mid_loading_early_stance_v2_M1:2469:0,positive_0p15_right_mid_loading_early_stance_v2_M1,False,0.9999998660929204,0.3411421552405326
1,1,0,2,high_normal,positive_0p15_right_mid_loading_early_stance_native_strong_ice_v2:2429:0,positive_0p15_right_mid_loading_early_stance_native_strong_ice_v2,False,0.9999998701431829,0.071112618462113
1,1,0,2,high_normal,positive_0p10_left_early_loading_native_strong_ice_v2:839:1,positive_0p10_left_early_loading_native_strong_ice_v2,False,0.9999998726995813,0.0017022410183467709
1,1,0,2,high_normal,positive_0p20_left_mid_loading_early_stance_native_strong_ice_v2:2819:1,positive_0p20_left_mid_loading_early_stance_native_strong_ice_v2,False,0.9999998894921545,0.5803150153985721
1,1,0,2,high_normal,positive_0p10_left_mid_loading_early_stance_native_strong_ice_v2:2229:1,positive_0p10_left_mid_loading_early_stance_native_strong_ice_v2,False,0.9999998933792418,0.02450014499477088
1,1,0,2,high_normal,positive_0p15_right_mid_late_stance_native_strong_ice_v2:1739:1,positive_0p15_right_mid_late_stance_native_strong_ice_v2,False,0.999999900947131,0.9739970237925505
1,1,0,2,high_normal,positive_0p15_left_mid_loading_early_stance_native_strong_ice_v2:1629:1,positive_0p15_left_mid_loading_early_stance_native_strong_ice_v2,False,0.9999999089604527,0.007803834607580269
1,1,0,2,high_normal,positive_0p15_right_mid_loading_early_stance_v2_M1:2519:0,positive_0p15_right_mid_loading_early_stance_v2_M1,False,0.9999999108720907,0.14026202166895332
1,1,0,2,high_normal,positive_0p10_left_mid_loading_early_stance_native_strong_ice_v2:1639:1,positive_0p10_left_mid_loading_early_stance_native_strong_ice_v2,False,0.9999999114209918,0.03243380745288985
1,1,0,2,high_normal,positive_0p10_left_mid_loading_early_stance_native_strong_ice_v2:2219:1,positive_0p10_left_mid_loading_early_stance_native_strong_ice_v2,False,0.9999999189865957,0.036247277019895205
1,1,0,2,high_normal,positive_0p10_right_early_loading_v2_M1:1409:1,positive_0p10_right_early_loading_v2_M1,False,0.9999999228896996,0.022523136700199245
1,1,0,2,high_normal,positive_0p15_left_mid_loading_early_stance_native_strong_ice_v2:1589:1,positive_0p15_left_mid_loading_early_stance_native_strong_ice_v2,False,0.9999999253861485,0.11100301912703683
1,1,0,2,high_normal,positive_0p10_left_early_loading_native_strong_ice_v2:849:1,positive_0p10_left_early_loading_native_strong_ice_v2,False,0.999999926585902,1.9400317694638423e-05
1,1,0,2,high_normal,positive_0p10_left_mid_loading_early_stance_native_strong_ice_v2:1659:1,positive_0p10_left_mid_loading_early_stance_native_strong_ice_v2,False,0.9999999311103135,0.026290312192467764
1,1,0,2,high_normal,positive_0p15_right_mid_loading_early_stance_v2_M1:2489:0,positive_0p15_right_mid_loading_early_stance_v2_M1,False,0.9999999330870784,0.7178390841058165
1,1,0,2,high_normal,positive_0p20_right_mid_late_stance_native_strong_ice_v2:579:1,positive_0p20_right_mid_late_stance_native_strong_ice_v2,False,0.9999999411134798,0.97933942100757
1,1,0,2,high_normal,ice_native_0p20_v02:2709:0,ice_native_0p20_v02,False,0.9999999454253182,0.4201895629673161
1,1,0,2,high_normal,positive_0p15_left_mid_loading_early_stance_native_strong_ice_v2:2219:1,positive_0p15_left_mid_loading_early_stance_native_strong_ice_v2,False,0.9999999489791193,0.4434379613468582
1,1,0,2,high_normal,positive_0p20_left_mid_loading_early_stance_v2_M1:2229:1,positive_0p20_left_mid_loading_early_stance_v2_M1,False,0.9999999493300603,0.020830658331598903
1,1,0,2,high_normal,positive_0p10_right_mid_loading_early_stance_native_strong_ice_v2:2499:0,positive_0p10_right_mid_loading_early_stance_native_strong_ice_v2,False,0.999999952014022,0.5131611806568747
1,1,0,2,high_normal,positive_0p20_right_mid_loading_early_stance_v2_M1:2469:0,positive_0p20_right_mid_loading_early_stance_v2_M1,False,0.999999953170382,0.03909359618276678
1,1,0,2,high_normal,positive_0p10_left_mid_loading_early_stance_native_strong_ice_v2:2839:1,positive_0p10_left_mid_loading_early_stance_native_strong_ice_v2,False,0.9999999548755354,0.0003460647483153724
1,1,0,2,high_normal,positive_0p15_left_early_loading_v2_M1:879:1,positive_0p15_left_early_loading_v2_M1,False,0.9999999554137613,1.4219093460148644e-07
1,1,0,2,high_normal,supplemental_positive_v8_l02:2429:0,supplemental_positive_v8_l02,False,0.9999999568437269,0.9895766039453429
1,1,0,2,high_normal,positive_0p20_left_early_loading_v2_M1:2219:1,positive_0p20_left_early_loading_v2_M1,False,0.9999999571380304,0.9503651756778284
1,1,0,2,high_normal,positive_0p20_left_mid_loading_early_stance_native_strong_ice_v2:2809:1,positive_0p20_left_mid_loading_early_stance_native_strong_ice_v2,False,0.9999999583646064,0.05288837872672567
1,1,0,2,high_normal,positive_0p20_left_early_loading_v2_M1:1959:0,positive_0p20_left_early_loading_v2_M1,False,0.999999964216234,0.008455438240555503
1,1,0,2,high_normal,positive_0p20_right_mid_late_stance_native_strong_ice_v2:2969:1,positive_0p20_right_mid_late_stance_native_strong_ice_v2,False,0.9999999648186116,0.9856548784263685
1,1,0,2,high_normal,ice_native_0p10_v02:2149:1,ice_native_0p10_v02,False,0.9999999661079944,0.6099865241695186
1,1,0,2,high_normal,positive_0p20_right_mid_loading_early_stance_v2_M1:2489:0,positive_0p20_right_mid_loading_early_stance_v2_M1,False,0.9999999689176601,0.19309125992525
1,1,0,2,high_normal,positive_0p10_right_mid_loading_early_stance_native_strong_ice_v2:1289:0,positive_0p10_right_mid_loading_early_stance_native_strong_ice_v2,False,0.9999999707060805,0.04246488337788377
1,1,0,2,high_normal,positive_0p10_left_mid_loading_early_stance_native_strong_ice_v2:1619:1,positive_0p10_left_mid_loading_early_stance_native_strong_ice_v2,False,0.9999999707117173,0.02315070788960536
1,1,0,2,high_normal,sand_solref_interpolation_2of3_0p20_v02:1279:1,sand_solref_interpolation_2of3_0p20_v02,False,0.9999999710029699,0.9575446029312629
1,1,0,2,high_normal,positive_0p10_left_early_loading_native_strong_ice_v2:819:1,positive_0p10_left_early_loading_native_strong_ice_v2,False,0.9999999715921505,0.08599091713871557
1,1,0,2,high_normal,positive_0p20_left_early_loading_v2_M1:869:0,positive_0p20_left_early_loading_v2_M1,False,0.9999999724636787,0.9218466731273319
1,1,0,2,high_normal,supplemental_positive_v8_l02:1819:0,supplemental_positive_v8_l02,False,0.999999973620912,0.996649339861808
1,1,0,2,high_normal,positive_0p20_right_mid_late_stance_v2_M1:579:1,positive_0p20_right_mid_late_stance_v2_M1,False,0.9999999781704372,0.2231171594798628
1,1,0,2,high_normal,positive_0p20_right_early_loading_v2_M1:1649:0,positive_0p20_right_early_loading_v2_M1,False,0.9999999799925405,0.9913122025811253
1,1,0,2,high_normal,positive_0p15_left_mid_loading_early_stance_native_strong_ice_v2:2209:1,positive_0p15_left_mid_loading_early_stance_native_strong_ice_v2,False,0.9999999809784464,0.014132017486517635
1,1,0,2,high_normal,positive_0p15_left_early_loading_v2_M1:1969:0,positive_0p15_left_early_loading_v2_M1,False,0.999999982043123,0.566475639203821
1,1,0,2,high_normal,positive_0p10_left_early_loading_native_strong_ice_v2:829:1,positive_0p10_left_early_loading_native_strong_ice_v2,False,0.9999999840615756,0.03648799711362813
1,1,0,2,high_normal,positive_0p10_right_early_loading_native_strong_ice_v2:569:0,positive_0p10_right_early_loading_native_strong_ice_v2,False,0.9999999848443502,0.02614797405641318
1,1,0,2,high_normal,positive_0p20_left_early_loading_v2_M1:2209:1,positive_0p20_left_early_loading_v2_M1,False,0.9999999852059005,0.9344388718233366
1,1,0,2,high_normal,ice_native_0p20_v02:1719:1,ice_native_0p20_v02,False,0.9999999896895589,0.7840456213217151
1,1,0,2,high_normal,ice_native_0p20_v02:2989:1,ice_native_0p20_v02,False,0.9999999901605877,0.905244609605765
1,1,0,2,high_normal,positive_0p15_right_mid_loading_early_stance_v2_M1:2499:0,positive_0p15_right_mid_loading_early_stance_v2_M1,False,0.9999999905901905,0.6353320507083808
1,1,0,2,high_normal,ice_native_0p20_v02:1309:1,ice_native_0p20_v02,False,0.9999999923227444,0.30124081891174204
1,1,0,2,high_normal,positive_0p10_right_mid_loading_early_stance_native_strong_ice_v2:2449:0,positive_0p10_right_mid_loading_early_stance_native_strong_ice_v2,False,0.9999999928529864,0.1754024334386418
1,1,0,2,high_normal,positive_0p20_right_mid_late_stance_v2_M1:589:1,positive_0p20_right_mid_late_stance_v2_M1,False,0.9999999933157653,0.9853821790714532
1,1,0,2,high_normal,positive_0p15_right_early_loading_native_strong_ice_v2:1499:0,positive_0p15_right_early_loading_native_strong_ice_v2,False,0.9999999936189188,1.245065233304439e-13
1,1,0,2,high_normal,ice_native_0p20_v02:2699:0,ice_native_0p20_v02,False,0.9999999938743385,0.02374417238048006
1,1,0,2,high_normal,sand_solref_interpolation_3of4_stronger_v2_0p10_v02:1929:1,sand_solref_interpolation_3of4_stronger_v2_0p10_v02,False,0.9999999942719551,0.9836093267524857
1,1,0,2,high_normal,positive_0p20_left_early_loading_v2_M1:899:1,positive_0p20_left_early_loading_v2_M1,False,0.9999999944175815,1.0776730255026861e-08
1,1,0,2,high_normal,positive_0p20_right_mid_loading_early_stance_native_strong_ice_v2:1269:0,positive_0p20_right_mid_loading_early_stance_native_strong_ice_v2,False,0.9999999948793155,0.6975332993296548
1,1,0,2,high_normal,positive_0p15_left_early_loading_v2_M1:859:0,positive_0p15_left_early_loading_v2_M1,False,0.9999999957141894,0.19673529433985998
1,1,0,2,high_normal,positive_0p15_right_early_loading_native_strong_ice_v2:579:0,positive_0p15_right_early_loading_native_strong_ice_v2,False,0.9999999963575488,0.008219648828143682
1,1,0,2,high_normal,positive_0p15_left_early_loading_v2_M1:1909:0,positive_0p15_left_early_loading_v2_M1,False,0.9999999972262152,0.917981909732504
1,1,0,2,high_normal,positive_0p15_left_early_loading_v2_M1:889:1,positive_0p15_left_early_loading_v2_M1,False,0.9999999974312315,7.285032994372622e-07
1,1,0,2,high_normal,ice_native_0p20_v02:2859:0,ice_native_0p20_v02,False,0.9999999976227598,0.0042637051042492945
1,1,0,2,high_normal,positive_0p15_right_mid_loading_early_stance_v2_M1:2509:0,positive_0p15_right_mid_loading_early_stance_v2_M1,False,0.9999999977307079,0.32638190122351796
1,1,0,2,high_normal,ice_native_0p20_v02:1699:1,ice_native_0p20_v02,False,0.999999997838303,0.900147583425495
1,1,0,2,high_normal,positive_0p15_right_early_loading_native_strong_ice_v2:1509:0,positive_0p15_right_early_loading_native_strong_ice_v2,False,0.9999999983744319,1.3785327060239549e-12
1,1,0,2,high_normal,positive_0p10_right_early_loading_v2_M1:1569:0,positive_0p10_right_early_loading_v2_M1,False,0.9999999984578836,2.965672287924994e-06
1,1,0,2,high_normal,positive_0p15_left_early_loading_v2_M1:1949:0,positive_0p15_left_early_loading_v2_M1,False,0.9999999985789969,0.6005077138548088
1,1,0,2,high_normal,positive_0p20_left_early_loading_v2_M1:889:1,positive_0p20_left_early_loading_v2_M1,False,0.9999999986242043,1.289633403809362e-07
1,1,0,2,high_normal,ice_native_0p20_v02:1709:1,ice_native_0p20_v02,False,0.9999999987572288,0.9797557354099494
1,1,0,2,high_normal,positive_0p15_left_early_loading_v2_M1:1859:0,positive_0p15_left_early_loading_v2_M1,False,0.9999999989630195,0.7334808996877813
1,1,0,2,high_normal,positive_0p15_left_early_loading_v2_M1:1929:0,positive_0p15_left_early_loading_v2_M1,False,0.9999999992167412,0.935903999555583
1,1,0,2,high_normal,positive_0p10_right_early_loading_native_strong_ice_v2:579:0,positive_0p10_right_early_loading_native_strong_ice_v2,False,0.9999999992659454,0.07715911960079619
1,1,0,2,high_normal,positive_0p15_left_early_loading_v2_M1:1839:0,positive_0p15_left_early_loading_v2_M1,False,0.9999999993684618,0.737704307071839
1,1,0,2,high_normal,positive_0p15_left_early_loading_v2_M1:1899:0,positive_0p15_left_early_loading_v2_M1,False,0.9999999994565936,0.9691636269898861
1,1,0,2,high_normal,positive_0p15_left_early_loading_v2_M1:859:1,positive_0p15_left_early_loading_v2_M1,False,0.999999999496616,0.004569135206302476
1,1,0,2,high_normal,positive_0p15_left_early_loading_v2_M1:1919:0,positive_0p15_left_early_loading_v2_M1,False,0.9999999995421636,0.934853476259024
1,1,0,2,high_normal,positive_0p15_left_early_loading_v2_M1:1879:0,positive_0p15_left_early_loading_v2_M1,False,0.9999999995572757,0.9074702155966377
1,1,0,2,high_normal,positive_0p20_left_early_loading_v2_M1:2249:1,positive_0p20_left_early_loading_v2_M1,False,0.9999999996191615,0.9993108454353031
1,1,0,2,high_normal,positive_0p15_right_early_loading_v2_M1:1569:0,positive_0p15_right_early_loading_v2_M1,False,0.9999999996359772,7.519564507269207e-05
1,1,0,2,high_normal,ice_native_0p20_v02:2519:1,ice_native_0p20_v02,False,0.9999999997215432,0.014333033009734883
1,1,0,2,high_normal,positive_0p15_right_early_loading_v2_M1:1609:0,positive_0p15_right_early_loading_v2_M1,False,0.9999999997367879,0.008378997620401016
1,1,0,2,high_normal,ice_native_0p20_v02:2869:0,ice_native_0p20_v02,False,0.9999999997642206,0.05073873594623607
1,1,0,2,high_normal,positive_0p20_right_early_loading_v2_M1:1659:0,positive_0p20_right_early_loading_v2_M1,False,0.9999999998233766,0.022162753844238423
1,1,0,2,high_normal,sand_solref_interpolation_3of4_stronger_v2_0p20_v02:1289:1,sand_solref_interpolation_3of4_stronger_v2_0p20_v02,False,0.9999999998281917,0.9743950765947454
1,1,0,2,high_normal,ice_native_0p20_v02:2529:1,ice_native_0p20_v02,False,0.9999999998610127,0.01904146225730791
1,1,0,2,high_normal,positive_0p20_right_early_loading_v2_M1:1669:0,positive_0p20_right_early_loading_v2_M1,False,0.9999999999175,0.04615142462032662
1,1,0,2,high_normal,positive_0p20_left_early_loading_v2_M1:869:1,positive_0p20_left_early_loading_v2_M1,False,0.9999999999198572,0.003627832629164646
1,1,0,2,high_normal,positive_0p15_left_early_loading_v2_M1:1889:0,positive_0p15_left_early_loading_v2_M1,False,0.9999999999656064,0.9705349631213513
1,1,0,2,high_normal,positive_0p10_right_early_loading_native_strong_ice_v2:559:0,positive_0p10_right_early_loading_native_strong_ice_v2,False,0.9999999999723539,0.15771296763360565
1,1,0,2,high_normal,positive_0p10_right_early_loading_native_strong_ice_v2:1539:0,positive_0p10_right_early_loading_native_strong_ice_v2,False,0.9999999999772164,1.4979699589072144e-09
1,1,0,2,high_normal,positive_0p20_left_early_loading_v2_M1:2229:1,positive_0p20_left_early_loading_v2_M1,False,0.9999999999823979,0.9838326808419823
1,1,0,2,high_normal,sand_solref_interpolation_2of3_0p20_v02:1289:1,sand_solref_interpolation_2of3_0p20_v02,False,0.9999999999940086,0.9999573222492824
1,1,0,2,high_normal,positive_0p20_left_early_loading_v2_M1:2239:1,positive_0p20_left_early_loading_v2_M1,False,0.9999999999977924,0.9989577511701674
1,1,0,2,high_normal,positive_0p15_left_early_loading_v2_M1:1849:0,positive_0p15_left_early_loading_v2_M1,False,0.9999999999994775,0.9537151384747973
1,1,0,2,high_normal,positive_0p15_right_early_loading_v2_M1:1619:0,positive_0p15_right_early_loading_v2_M1,False,0.9999999999998512,9.78022101470427e-06
1,1,0,2,high_normal,sand_solref_interpolation_3of4_stronger_v2_0p10_v02:1939:1,sand_solref_interpolation_3of4_stronger_v2_0p10_v02,False,0.9999999999999412,0.4860428523488684
1,1,0,2,high_normal,ice_native_0p20_v02:1969:1,ice_native_0p20_v02,False,0.999999999999988,0.9559506423158199
1,1,0,2,high_normal,positive_0p10_right_early_loading_native_strong_ice_v2:1529:0,positive_0p10_right_early_loading_native_strong_ice_v2,False,0.9999999999999929,7.484199874355028e-10
1,1,0,2,high_normal,ice_native_0p20_v02:2549:1,ice_native_0p20_v02,False,0.9999999999999956,0.036414153232833854
1,1,0,2,high_normal,positive_0p10_right_early_loading_native_strong_ice_v2:1499:0,positive_0p10_right_early_loading_native_strong_ice_v2,False,0.9999999999999987,1.2298161518653842e-14
1,1,0,2,high_normal,positive_0p10_right_early_loading_native_strong_ice_v2:1509:0,positive_0p10_right_early_loading_native_strong_ice_v2,False,0.9999999999999996,1.9438362574644684e-13
1,1,0,2,high_normal,positive_0p10_right_early_loading_native_strong_ice_v2:1519:0,positive_0p10_right_early_loading_native_strong_ice_v2,False,0.9999999999999998,1.0669168992841605e-11
1,1,0,2,high_normal,sand_solref_interpolation_3of4_stronger_v2_0p10_v02:1949:1,sand_solref_interpolation_3of4_stronger_v2_0p10_v02,False,1.0,0.9999904896324913
1,1,0,2,high_normal,sand_solref_interpolation_3of4_stronger_v2_0p10_v02:1959:1,sand_solref_interpolation_3of4_stronger_v2_0p10_v02,False,1.0,0.9999995078855247
1,1,0,2,high_normal,ice_native_0p20_v02:2559:1,ice_native_0p20_v02,False,1.0,0.03201192255676505
1,1,0,2,high_normal,positive_0p10_right_early_loading_v2_M1:1549:0,positive_0p10_right_early_loading_v2_M1,False,1.0,3.1602163098534364e-09
1,1,0,2,high_normal,positive_0p10_right_early_loading_v2_M1:1559:0,positive_0p10_right_early_loading_v2_M1,False,1.0,1.0970324836420876e-05
1,1,0,2,high_normal,positive_0p10_right_early_loading_v2_M1:1609:0,positive_0p10_right_early_loading_v2_M1,False,1.0,0.0010843982292974429
1,1,0,2,high_normal,positive_0p15_right_early_loading_v2_M1:1559:0,positive_0p15_right_early_loading_v2_M1,False,1.0,0.0041521267392416765
1,1,0,2,high_normal,positive_0p20_right_early_loading_v2_M1:1589:0,positive_0p20_right_early_loading_v2_M1,False,1.0,0.36343471149376966
1,1,0,2,high_normal,positive_0p20_right_early_loading_v2_M1:1599:0,positive_0p20_right_early_loading_v2_M1,False,1.0,0.5618593284217952
1,1,0,2,high_early_precursor,sand_solref_interpolation_2of3_0p20_v02:619:0,sand_solref_interpolation_2of3_0p20_v02,False,0.6307632378352857,0.5825494458818954
1,1,0,2,high_early_precursor,positive_0p20_left_mid_loading_early_stance_v2_M1:1899:0,positive_0p20_left_mid_loading_early_stance_v2_M1,False,0.6441068846235917,0.6628805511071704
1,1,0,2,high_early_precursor,sand_solref_interpolation_2of3_0p20_v02:479:0,sand_solref_interpolation_2of3_0p20_v02,False,0.6514274725103297,0.8425392639781207
1,1,0,2,high_early_precursor,sand_solref_interpolation_2of3_0p20_v02:579:0,sand_solref_interpolation_2of3_0p20_v02,False,0.6550391499470326,0.027964168288304978
1,1,0,2,high_early_precursor,positive_0p15_right_mid_loading_early_stance_v2_M1:2159:1,positive_0p15_right_mid_loading_early_stance_v2_M1,False,0.6562895020138986,0.03319843346560709
1,1,0,2,high_early_precursor,positive_0p20_right_mid_late_stance_v2_M1:2229:1,positive_0p20_right_mid_late_stance_v2_M1,False,0.6575162573698435,0.459725322276765
1,1,0,2,high_early_precursor,positive_0p20_left_mid_loading_early_stance_native_strong_ice_v2:1969:0,positive_0p20_left_mid_loading_early_stance_native_strong_ice_v2,False,0.6853628682699615,0.29270054397558415
1,1,0,2,high_early_precursor,sand_solref_interpolation_2of3_0p20_v02:609:0,sand_solref_interpolation_2of3_0p20_v02,False,0.687415657685502,0.8423085409345861
1,1,0,2,high_early_precursor,sand_solref_interpolation_5of6_stronger_v2_0p20_v02:519:0,sand_solref_interpolation_5of6_stronger_v2_0p20_v02,False,0.6976073845177163,0.0710334018833874
1,1,0,2,high_early_precursor,sand_solref_interpolation_2of3_0p20_v02:659:0,sand_solref_interpolation_2of3_0p20_v02,False,0.7039751882674826,0.017335915701410697
1,1,0,2,high_early_precursor,positive_0p15_left_mid_loading_early_stance_native_strong_ice_v2:719:0,positive_0p15_left_mid_loading_early_stance_native_strong_ice_v2,False,0.7121072033460176,0.32110398371020177
1,1,0,2,high_early_precursor,positive_0p10_left_mid_loading_early_stance_v2_M1:729:0,positive_0p10_left_mid_loading_early_stance_v2_M1,False,0.713856759846858,0.18812991426146228
1,1,0,2,high_early_precursor,positive_0p15_right_mid_loading_early_stance_v2_M1:1619:1,positive_0p15_right_mid_loading_early_stance_v2_M1,False,0.7402778571668587,0.7695753665861106
1,1,0,2,high_early_precursor,sand_solref_interpolation_3of4_stronger_v2_0p20_v02:669:0,sand_solref_interpolation_3of4_stronger_v2_0p20_v02,False,0.7520250498151333,0.06122679062000582
1,1,0,2,high_early_precursor,sand_solref_interpolation_3of4_stronger_v2_0p20_v02:499:0,sand_solref_interpolation_3of4_stronger_v2_0p20_v02,False,0.7703251542818904,0.17515498076325522
1,1,0,2,high_early_precursor,sand_solref_interpolation_2of3_0p20_v02:669:0,sand_solref_interpolation_2of3_0p20_v02,False,0.7715350223310625,0.05793363340665776
1,1,0,2,high_early_precursor,sand_solref_interpolation_2of3_0p10_v02:1829:0,sand_solref_interpolation_2of3_0p10_v02,False,0.7781783468749671,0.9857438850942609
1,1,0,2,high_early_precursor,positive_0p15_left_mid_loading_early_stance_v2_M1:1919:0,positive_0p15_left_mid_loading_early_stance_v2_M1,False,0.7805356602543674,0.8779963401534844
1,1,0,2,high_early_precursor,sand_solref_interpolation_3of4_stronger_v2_0p20_v02:649:0,sand_solref_interpolation_3of4_stronger_v2_0p20_v02,False,0.7825661131191285,0.21526726279685843
1,1,0,2,high_early_precursor,positive_0p15_right_mid_loading_early_stance_v2_M1:1649:1,positive_0p15_right_mid_loading_early_stance_v2_M1,False,0.7895355284368331,0.9829462163199559
1,1,0,2,high_early_precursor,ice_native_0p15_v02:1399:0,ice_native_0p15_v02,False,0.8035482085076004,0.9994777342518514
1,1,0,2,high_early_precursor,sand_solref_interpolation_2of3_0p20_v02:629:0,sand_solref_interpolation_2of3_0p20_v02,False,0.8112436560751511,0.3483991569854792
1,1,0,2,high_early_precursor,positive_0p15_left_mid_loading_early_stance_v2_M1:1999:0,positive_0p15_left_mid_loading_early_stance_v2_M1,False,0.8142887737973092,0.9913683255857404
1,1,0,2,high_early_precursor,sand_solref_interpolation_3of4_stronger_v2_0p20_v02:479:0,sand_solref_interpolation_3of4_stronger_v2_0p20_v02,False,0.8229256047507268,0.6806027128705191
1,1,0,2,high_early_precursor,positive_0p15_right_mid_loading_early_stance_v2_M1:1659:1,positive_0p15_right_mid_loading_early_stance_v2_M1,False,0.8257272019672861,0.9815921482240856
1,1,0,2,high_early_precursor,positive_0p15_right_mid_loading_early_stance_v2_M1:1669:1,positive_0p15_right_mid_loading_early_stance_v2_M1,False,0.8322412001031076,0.9703342772091011
1,1,0,2,high_early_precursor,positive_0p15_right_mid_loading_early_stance_native_strong_ice_v2:469:1,positive_0p15_right_mid_loading_early_stance_native_strong_ice_v2,False,0.8333423768499334,0.49542012859743956
1,1,0,2,high_early_precursor,sand_solref_interpolation_5of6_stronger_v2_0p20_v02:509:0,sand_solref_interpolation_5of6_stronger_v2_0p20_v02,False,0.8550669730462541,0.20915821638358514
1,1,0,2,high_early_precursor,positive_0p20_right_mid_late_stance_v2_M1:2339:1,positive_0p20_right_mid_late_stance_v2_M1,False,0.88266628958226,0.8044505423648384
1,1,0,2,high_early_precursor,sand_solref_interpolation_3of4_stronger_v2_0p20_v02:659:0,sand_solref_interpolation_3of4_stronger_v2_0p20_v02,False,0.8854778665353086,0.20220758887058612
1,1,0,2,high_early_precursor,positive_0p10_left_mid_loading_early_stance_native_strong_ice_v2:1359:0,positive_0p10_left_mid_loading_early_stance_native_strong_ice_v2,False,0.8970244330335859,0.2922970844166176
1,1,0,2,high_early_precursor,ice_native_0p10_v02:799:0,ice_native_0p10_v02,False,0.8993163056610622,0.9899921206476552
1,1,0,2,high_early_precursor,sand_solref_interpolation_2of3_0p20_v02:589:0,sand_solref_interpolation_2of3_0p20_v02,False,0.9098473272223266,0.03943181276410409
1,1,0,2,high_early_precursor,sand_solref_interpolation_3of4_stronger_v2_0p10_v02:1809:0,sand_solref_interpolation_3of4_stronger_v2_0p10_v02,False,0.9208920916721269,0.9963497811867045
1,1,0,2,high_early_precursor,positive_0p20_left_mid_late_stance_v2_M1:2059:0,positive_0p20_left_mid_late_stance_v2_M1,False,0.9227839069339516,0.9164334504359386
1,1,0,2,high_early_precursor,positive_0p10_left_mid_loading_early_stance_native_strong_ice_v2:1369:0,positive_0p10_left_mid_loading_early_stance_native_strong_ice_v2,False,0.9253833860351394,0.5077107198504454
1,1,0,2,high_early_precursor,sand_solref_interpolation_2of3_0p10_v02:1839:0,sand_solref_interpolation_2of3_0p10_v02,False,0.9256725397701129,0.9917106754928219
1,1,0,2,high_early_precursor,sand_solref_interpolation_2of3_0p10_v02:1849:1,sand_solref_interpolation_2of3_0p10_v02,False,0.926507851855531,0.937414000569644
1,1,0,2,high_early_precursor,positive_0p15_left_mid_late_stance_native_strong_ice_v2:739:0,positive_0p15_left_mid_late_stance_native_strong_ice_v2,False,0.9304038627526089,0.7489714400157871
1,1,0,2,high_early_precursor,positive_0p10_left_mid_loading_early_stance_v2_M1:739:0,positive_0p10_left_mid_loading_early_stance_v2_M1,False,0.9338368995407266,0.43682602167690177
1,1,0,2,high_early_precursor,positive_0p15_left_mid_late_stance_native_strong_ice_v2:749:0,positive_0p15_left_mid_late_stance_native_strong_ice_v2,False,0.9413346444570065,0.8354616326178856
1,1,0,2,high_early_precursor,ice_native_0p10_v02:789:0,ice_native_0p10_v02,False,0.9440463461209122,0.9726962007390638
1,1,0,2,high_early_precursor,positive_0p20_left_mid_loading_early_stance_native_strong_ice_v2:1979:0,positive_0p20_left_mid_loading_early_stance_native_strong_ice_v2,False,0.9450108711719644,0.9234775460005352
1,1,0,2,high_early_precursor,sand_solref_interpolation_2of3_0p20_v02:649:0,sand_solref_interpolation_2of3_0p20_v02,False,0.9475846736838431,0.4758228098463608
1,1,0,2,high_early_precursor,sand_solref_interpolation_5of6_stronger_v2_0p20_v02:489:0,sand_solref_interpolation_5of6_stronger_v2_0p20_v02,False,0.9488744055430305,0.4633216782675429
1,1,0,2,high_early_precursor,positive_0p10_right_mid_loading_early_stance_v2_M1:2229:1,positive_0p10_right_mid_loading_early_stance_v2_M1,False,0.9500193620792253,0.2509111780755555
1,1,0,2,high_early_precursor,positive_0p15_left_mid_loading_early_stance_native_strong_ice_v2:729:0,positive_0p15_left_mid_loading_early_stance_native_strong_ice_v2,False,0.9589271916259321,0.5288722444091345
1,1,0,2,high_early_precursor,positive_0p15_left_mid_loading_early_stance_native_strong_ice_v2:739:0,positive_0p15_left_mid_loading_early_stance_native_strong_ice_v2,False,0.9655070652812381,0.7341867752931793
1,1,0,2,high_early_precursor,positive_0p15_left_mid_loading_early_stance_v2_M1:1939:0,positive_0p15_left_mid_loading_early_stance_v2_M1,False,0.9669586670935172,0.9413093479345641
1,1,0,2,high_early_precursor,positive_0p15_right_mid_loading_early_stance_v2_M1:1629:1,positive_0p15_right_mid_loading_early_stance_v2_M1,False,0.9694396858031518,0.7479160570321548
1,1,0,2,high_early_precursor,positive_0p20_left_mid_loading_early_stance_v2_M1:759:0,positive_0p20_left_mid_loading_early_stance_v2_M1,False,0.9701286566776232,0.47612372946766063
1,1,0,2,high_early_precursor,sand_solref_interpolation_2of3_0p20_v02:599:0,sand_solref_interpolation_2of3_0p20_v02,False,0.9703413312923902,0.09552871987371456
1,1,0,2,high_early_precursor,positive_0p20_left_mid_loading_early_stance_native_strong_ice_v2:1959:0,positive_0p20_left_mid_loading_early_stance_native_strong_ice_v2,False,0.972940001548515,0.19891492475492223
1,1,0,2,high_early_precursor,positive_0p15_left_mid_loading_early_stance_v2_M1:1989:0,positive_0p15_left_mid_loading_early_stance_v2_M1,False,0.9816772701941554,0.998030120269555
1,1,0,2,high_early_precursor,positive_0p20_left_mid_loading_early_stance_v2_M1:749:0,positive_0p20_left_mid_loading_early_stance_v2_M1,False,0.9820981192461287,0.28527674253420676
1,1,0,2,high_early_precursor,sand_solref_interpolation_5of6_stronger_v2_0p20_v02:499:0,sand_solref_interpolation_5of6_stronger_v2_0p20_v02,False,0.9822454544646393,0.1977437713996132
1,1,0,2,high_early_precursor,positive_0p15_left_mid_loading_early_stance_v2_M1:1949:0,positive_0p15_left_mid_loading_early_stance_v2_M1,False,0.982790032711385,0.9948210203850055
1,1,0,2,high_early_precursor,positive_0p20_left_mid_loading_early_stance_native_strong_ice_v2:769:0,positive_0p20_left_mid_loading_early_stance_native_strong_ice_v2,False,0.987117312327043,0.4103239200694645
1,1,0,2,high_early_precursor,positive_0p15_left_mid_loading_early_stance_v2_M1:1959:0,positive_0p15_left_mid_loading_early_stance_v2_M1,False,0.9901265501667588,0.9653513217185637
1,1,0,2,high_early_precursor,sand_solref_interpolation_2of3_0p10_v02:1859:1,sand_solref_interpolation_2of3_0p10_v02,False,0.990502871580166,0.8856845446012785
1,1,0,2,high_early_precursor,positive_0p10_left_mid_loading_early_stance_v2_M1:749:0,positive_0p10_left_mid_loading_early_stance_v2_M1,False,0.9945152268888651,0.657552086458448
1,1,0,2,high_early_precursor,positive_0p10_left_mid_loading_early_stance_native_strong_ice_v2:1379:0,positive_0p10_left_mid_loading_early_stance_native_strong_ice_v2,False,0.9955346732710532,0.8728160555249469
1,1,0,2,high_early_precursor,positive_0p15_right_mid_loading_early_stance_v2_M1:1639:1,positive_0p15_right_mid_loading_early_stance_v2_M1,False,0.9960943545759093,0.9879366953075519
1,1,0,2,high_early_precursor,sand_solref_interpolation_3of4_stronger_v2_0p10_v02:1819:0,sand_solref_interpolation_3of4_stronger_v2_0p10_v02,False,0.9969748556321016,0.9973843200458022
1,1,0,2,high_early_precursor,positive_0p15_right_mid_loading_early_stance_v2_M1:2169:1,positive_0p15_right_mid_loading_early_stance_v2_M1,False,0.997200936116669,0.7441326116403845
1,1,0,2,high_early_precursor,positive_0p15_left_mid_loading_early_stance_native_strong_ice_v2:769:0,positive_0p15_left_mid_loading_early_stance_native_strong_ice_v2,False,0.9981773633925761,0.7781791517186272
1,1,0,2,high_early_precursor,ice_native_0p10_v02:809:0,ice_native_0p10_v02,False,0.9987154757075987,0.9969603354330833
1,1,0,2,high_early_precursor,ice_native_0p20_v02:989:1,ice_native_0p20_v02,False,0.9991384644298712,0.373030936149364
1,1,0,2,high_early_precursor,sand_solref_interpolation_3of4_stronger_v2_0p10_v02:1829:0,sand_solref_interpolation_3of4_stronger_v2_0p10_v02,False,0.9991793744115008,0.9991786684193388
1,1,0,2,high_early_precursor,sand_solref_interpolation_3of4_stronger_v2_0p10_v02:1839:0,sand_solref_interpolation_3of4_stronger_v2_0p10_v02,False,0.9992157335977845,0.9992509056348662
1,1,0,2,high_early_precursor,positive_0p15_left_mid_loading_early_stance_v2_M1:1969:0,positive_0p15_left_mid_loading_early_stance_v2_M1,False,0.9992890856458857,0.9941773227044644
1,1,0,2,high_early_precursor,ice_native_0p10_v02:819:0,ice_native_0p10_v02,False,0.9994375281940582,0.9934897102347358
1,1,0,2,high_early_precursor,positive_0p15_left_mid_loading_early_stance_v2_M1:1979:0,positive_0p15_left_mid_loading_early_stance_v2_M1,False,0.9996566866328637,0.9974929839778123
1,1,0,2,high_early_precursor,positive_0p20_left_mid_loading_early_stance_native_strong_ice_v2:779:0,positive_0p20_left_mid_loading_early_stance_native_strong_ice_v2,False,0.9997598558249737,0.8150207182637652
1,1,0,2,high_early_precursor,positive_0p15_right_mid_loading_early_stance_native_strong_ice_v2:2699:1,positive_0p15_right_mid_loading_early_stance_native_strong_ice_v2,False,0.9999377572430688,0.9198123762816367
1,1,0,2,high_early_precursor,positive_0p15_left_mid_loading_early_stance_native_strong_ice_v2:749:0,positive_0p15_left_mid_loading_early_stance_native_strong_ice_v2,False,0.9999724071869791,0.890127131923246
1,1,0,2,high_early_precursor,positive_0p15_left_mid_loading_early_stance_native_strong_ice_v2:759:0,positive_0p15_left_mid_loading_early_stance_native_strong_ice_v2,False,0.999977986831421,0.9532676772046277
1,1,0,2,high_early_precursor,positive_0p15_right_mid_loading_early_stance_native_strong_ice_v2:2129:1,positive_0p15_right_mid_loading_early_stance_native_strong_ice_v2,False,0.9999964548422389,0.7806182445020321
1,1,0,2,high_early_precursor,ice_native_0p15_v02:989:1,ice_native_0p15_v02,False,0.9999973614912367,0.9387123739133479
1,1,0,2,high_early_precursor,ice_native_0p15_v02:999:1,ice_native_0p15_v02,False,0.9999980397210686,0.8782565766629614
1,1,0,2,high_early_precursor,ice_native_0p10_v02:989:1,ice_native_0p10_v02,False,0.9999999153131854,0.6588929949427766
1,1,0,2,high_early_precursor,ice_native_0p10_v02:2219:1,ice_native_0p10_v02,False,0.9999999910466263,0.989893301072272
1,1,0,2,high_early_precursor,ice_native_0p10_v02:2189:1,ice_native_0p10_v02,False,0.9999999976127407,0.5463291360404966
1,1,0,2,high_early_precursor,ice_native_0p10_v02:2199:1,ice_native_0p10_v02,False,0.9999999980606002,0.9858036483561758
1,1,0,2,high_early_precursor,ice_native_0p10_v02:2209:1,ice_native_0p10_v02,False,0.9999999998842468,0.6015907635977473
1,1,0,2,high_early_precursor,ice_native_0p10_v02:2179:1,ice_native_0p10_v02,False,0.9999999999025564,0.6578196568552325
1,1,0,2,wrong_foot,sand_solref_interpolation_5of6_stronger_v2_0p20_v02:1229:1,sand_solref_interpolation_5of6_stronger_v2_0p20_v02,False,0.9129441737088418,0.8868868929104875
1,1,0,2,wrong_foot,sand_solref_interpolation_3of4_stronger_v2_0p20_v02:1279:1,sand_solref_interpolation_3of4_stronger_v2_0p20_v02,False,0.9999911311243946,0.8257904786040611
1,1,0,2,wrong_foot,sand_solref_interpolation_5of6_stronger_v2_0p20_v02:1209:1,sand_solref_interpolation_5of6_stronger_v2_0p20_v02,False,0.8535673619637745,0.973160140613439
1,1,0,2,wrong_foot,sand_solref_interpolation_5of6_stronger_v2_0p20_v02:1179:1,sand_solref_interpolation_5of6_stronger_v2_0p20_v02,False,0.8786774092044828,0.9646323515769306
1,1,0,2,wrong_foot,sand_solref_interpolation_5of6_stronger_v2_0p20_v02:1199:1,sand_solref_interpolation_5of6_stronger_v2_0p20_v02,False,0.8809434519611041,0.9820030696667669
1,1,0,2,wrong_foot,sand_solref_interpolation_2of3_0p10_v02:1849:1,sand_solref_interpolation_2of3_0p10_v02,False,0.926507851855531,0.937414000569644
1,1,0,2,wrong_foot,sand_solref_interpolation_3of4_stronger_v2_0p20_v02:1229:1,sand_solref_interpolation_3of4_stronger_v2_0p20_v02,False,0.9864441977867178,0.8833522970880572
1,1,0,2,wrong_foot,sand_solref_interpolation_3of4_stronger_v2_0p20_v02:1219:1,sand_solref_interpolation_3of4_stronger_v2_0p20_v02,False,0.9372149886195181,0.938464079541458
1,1,0,2,wrong_foot,sand_solref_interpolation_2of3_0p10_v02:1859:1,sand_solref_interpolation_2of3_0p10_v02,False,0.990502871580166,0.8856845446012785
1,1,0,2,wrong_foot,sand_solref_interpolation_5of6_stronger_v2_0p20_v02:1289:1,sand_solref_interpolation_5of6_stronger_v2_0p20_v02,False,0.9999994130822981,0.8785863567112864
1,1,0,2,wrong_foot,sand_solref_interpolation_2of3_0p20_v02:1229:1,sand_solref_interpolation_2of3_0p20_v02,False,0.9951124623848291,0.8895918720654286
1,1,0,2,wrong_foot,sand_solref_interpolation_2of3_0p20_v02:1219:1,sand_solref_interpolation_2of3_0p20_v02,False,0.9507521525339911,0.9368462328746752
1,1,0,2,wrong_foot,ice_native_0p10_v02:489:0,ice_native_0p10_v02,False,0.9999369640823176,0.9054912812516153
1,1,0,2,wrong_foot,sand_solref_interpolation_2of3_0p20_v02:1249:1,sand_solref_interpolation_2of3_0p20_v02,False,0.9998713322120246,0.9157579264402436
1,1,0,2,wrong_foot,sand_solref_interpolation_5of6_stronger_v2_0p10_v02:1899:1,sand_solref_interpolation_5of6_stronger_v2_0p10_v02,False,0.9863815581400384,0.9585708634556401
1,1,0,2,wrong_foot,sand_solref_interpolation_2of3_0p20_v02:1279:1,sand_solref_interpolation_2of3_0p20_v02,False,0.9999999710029699,0.9575446029312629
1,1,0,2,wrong_foot,sand_solref_interpolation_3of4_stronger_v2_0p20_v02:1289:1,sand_solref_interpolation_3of4_stronger_v2_0p20_v02,False,0.9999999998281917,0.9743950765947454
1,1,0,2,wrong_foot,sand_solref_interpolation_2of3_0p20_v02:1269:1,sand_solref_interpolation_2of3_0p20_v02,False,0.9999804339305548,0.9799613535836462
1,1,0,2,wrong_foot,sand_solref_interpolation_3of4_stronger_v2_0p10_v02:1929:1,sand_solref_interpolation_3of4_stronger_v2_0p10_v02,False,0.9999999942719551,0.9836093267524857
1,1,0,2,wrong_foot,ice_native_0p10_v02:2199:1,ice_native_0p10_v02,False,0.9999999980606002,0.9858036483561758
1,1,0,2,wrong_foot,ice_native_0p10_v02:2219:1,ice_native_0p10_v02,False,0.9999999910466263,0.989893301072272
1,1,0,2,wrong_foot,sand_solref_interpolation_2of3_0p20_v02:1289:1,sand_solref_interpolation_2of3_0p20_v02,False,0.9999999999940086,0.9999573222492824
1,1,0,2,wrong_foot,sand_solref_interpolation_3of4_stronger_v2_0p10_v02:1949:1,sand_solref_interpolation_3of4_stronger_v2_0p10_v02,False,1.0,0.9999904896324913
1,1,0,2,wrong_foot,sand_solref_interpolation_3of4_stronger_v2_0p10_v02:1959:1,sand_solref_interpolation_3of4_stronger_v2_0p10_v02,False,1.0,0.9999995078855247
2,0,1,0,high_normal,positive_0p10_right_early_loading_native_strong_ice_v0:519:0,positive_0p10_right_early_loading_native_strong_ice_v0,False,0.9998924205005707,0.17031355431046655
2,0,1,0,high_normal,positive_0p15_right_mid_late_stance_v0_M1:2829:1,positive_0p15_right_mid_late_stance_v0_M1,False,0.9998945565406385,0.9927960010318176
2,0,1,0,high_normal,positive_0p10_right_mid_late_stance_v0_M1:2829:1,positive_0p10_right_mid_late_stance_v0_M1,False,0.9998949881668714,0.654113830303401
2,0,1,0,high_normal,supplemental_positive_v8_l06:2369:0,supplemental_positive_v8_l06,False,0.9998956711327703,0.8621821485114352
2,0,1,0,high_normal,positive_0p20_left_mid_loading_early_stance_native_strong_ice_v0:1559:1,positive_0p20_left_mid_loading_early_stance_native_strong_ice_v0,False,0.9998962719473605,0.3571025552644836
2,0,1,0,high_normal,positive_0p10_right_mid_loading_early_stance_native_strong_ice_v0:2499:0,positive_0p10_right_mid_loading_early_stance_native_strong_ice_v0,False,0.999896272571144,0.27350427133777633
2,0,1,0,high_normal,ice_native_0p15_v03:1869:0,ice_native_0p15_v03,False,0.9998969972740893,0.0717919592115349
2,0,1,0,high_normal,positive_0p10_right_early_loading_native_strong_ice_v0:569:0,positive_0p10_right_early_loading_native_strong_ice_v0,False,0.999898293733826,0.09029468676177305
2,0,1,0,high_normal,ice_native_0p10_v03:709:0,ice_native_0p10_v03,False,0.9998997299488857,0.31792265499484473
2,0,1,0,high_normal,positive_0p20_right_early_loading_v0_M1:559:0,positive_0p20_right_early_loading_v0_M1,False,0.9999003850292122,0.10549838320926055
2,0,1,0,high_normal,positive_0p10_left_mid_late_stance_native_strong_ice_v0:1929:0,positive_0p10_left_mid_late_stance_native_strong_ice_v0,False,0.9999030108928951,0.995562989307187
2,0,1,0,high_normal,positive_0p10_right_early_loading_native_strong_ice_v0:539:0,positive_0p10_right_early_loading_native_strong_ice_v0,False,0.9999031268677527,0.2543122375824669
2,0,1,0,high_normal,ice_native_0p20_v00:1129:0,ice_native_0p20_v00,False,0.9999065304514486,0.9824165339847131
2,0,1,0,high_normal,positive_0p20_right_early_loading_v0_M1:289:1,positive_0p20_right_early_loading_v0_M1,False,0.9999070599271354,0.07667437459775385
2,0,1,0,high_normal,positive_0p20_right_early_loading_native_strong_ice_v0:729:0,positive_0p20_right_early_loading_native_strong_ice_v0,False,0.999908646374116,0.0019920289130705275
2,0,1,0,high_normal,positive_0p15_right_early_loading_native_strong_ice_v0:579:0,positive_0p15_right_early_loading_native_strong_ice_v0,False,0.9999112106767765,0.1380883542902314
2,0,1,0,high_normal,supplemental_positive_v8_l03:1809:0,supplemental_positive_v8_l03,False,0.999911678004604,0.49818012870987594
2,0,1,0,high_normal,positive_0p10_right_mid_loading_early_stance_native_strong_ice_v0:2049:1,positive_0p10_right_mid_loading_early_stance_native_strong_ice_v0,False,0.9999122105340168,0.9648755174112323
2,0,1,0,high_normal,ice_native_0p15_v00:379:1,ice_native_0p15_v00,False,0.9999155571003767,0.0001046781902356408
2,0,1,0,high_normal,positive_0p15_left_mid_loading_early_stance_native_strong_ice_v0:2979:0,positive_0p15_left_mid_loading_early_stance_native_strong_ice_v0,False,0.9999181917342127,0.9944023569352677
2,0,1,0,high_normal,positive_0p10_left_mid_late_stance_native_strong_ice_v0:2779:1,positive_0p10_left_mid_late_stance_native_strong_ice_v0,False,0.9999193055108867,0.03552032271858546
2,0,1,0,high_normal,positive_0p10_right_mid_late_stance_native_strong_ice_v0:2219:1,positive_0p10_right_mid_late_stance_native_strong_ice_v0,False,0.9999206476828316,0.8730430279312648
2,0,1,0,high_normal,ice_native_0p15_v00:2869:0,ice_native_0p15_v00,False,0.999921417038274,0.5978706489908356
2,0,1,0,high_normal,positive_0p10_right_mid_loading_early_stance_native_strong_ice_v0:2509:0,positive_0p10_right_mid_loading_early_stance_native_strong_ice_v0,False,0.9999223939546857,0.2622489026890466
2,0,1,0,high_normal,positive_0p15_right_mid_loading_early_stance_native_strong_ice_v0:1839:0,positive_0p15_right_mid_loading_early_stance_native_strong_ice_v0,False,0.9999224080896918,0.015872590372009533
2,0,1,0,high_normal,positive_0p10_left_mid_loading_early_stance_v0_M1:1609:1,positive_0p10_left_mid_loading_early_stance_v0_M1,False,0.9999231132749848,0.43468438588746566
2,0,1,0,high_normal,positive_0p10_right_mid_late_stance_v0_M1:2259:1,positive_0p10_right_mid_late_stance_v0_M1,False,0.9999238518074651,0.9912492518813155
2,0,1,0,high_normal,positive_0p15_right_mid_loading_early_stance_native_strong_ice_v0:1819:0,positive_0p15_right_mid_loading_early_stance_native_strong_ice_v0,False,0.9999258215354734,0.0009335349497228022
2,0,1,0,high_normal,positive_0p15_right_mid_late_stance_v0_M1:2519:0,positive_0p15_right_mid_late_stance_v0_M1,False,0.9999263299540265,0.6480650229703364
2,0,1,0,high_normal,positive_0p10_right_mid_loading_early_stance_native_strong_ice_v0:1739:0,positive_0p10_right_mid_loading_early_stance_native_strong_ice_v0,False,0.9999267942892269,0.03144643177857773
2,0,1,0,high_normal,positive_0p15_right_early_loading_v0_M1:559:0,positive_0p15_right_early_loading_v0_M1,False,0.999928321837567,0.19795394578019085
2,0,1,0,high_normal,positive_0p15_right_mid_loading_early_stance_native_strong_ice_v0:1859:0,positive_0p15_right_mid_loading_early_stance_native_strong_ice_v0,False,0.9999289289195594,0.22511612651565865
2,0,1,0,high_normal,positive_0p10_left_mid_late_stance_native_strong_ice_v0:1609:1,positive_0p10_left_mid_late_stance_native_strong_ice_v0,False,0.9999308469042155,0.0670080362666001
2,0,1,0,high_normal,positive_0p10_right_mid_loading_early_stance_native_strong_ice_v0:2489:0,positive_0p10_right_mid_loading_early_stance_native_strong_ice_v0,False,0.9999308933335015,0.24403047571501754
2,0,1,0,high_normal,positive_0p15_right_mid_loading_early_stance_native_strong_ice_v0:2459:0,positive_0p15_right_mid_loading_early_stance_native_strong_ice_v0,False,0.9999335948742909,0.3400099422619366
2,0,1,0,high_normal,positive_0p15_right_early_loading_native_strong_ice_v0:939:1,positive_0p15_right_early_loading_native_strong_ice_v0,False,0.9999358749384382,0.14181485366784632
2,0,1,0,high_normal,positive_0p20_left_mid_loading_early_stance_native_strong_ice_v0:2159:1,positive_0p20_left_mid_loading_early_stance_native_strong_ice_v0,False,0.9999385181150462,0.009248091451321237
2,0,1,0,high_normal,ice_native_0p20_v00:1229:0,ice_native_0p20_v00,False,0.9999394266265876,0.10393519696843237
2,0,1,0,high_normal,positive_0p20_right_early_loading_native_strong_ice_v0:539:0,positive_0p20_right_early_loading_native_strong_ice_v0,False,0.9999397537597562,0.3645850976830842
2,0,1,0,high_normal,positive_0p15_right_mid_loading_early_stance_v0_M1:1329:0,positive_0p15_right_mid_loading_early_stance_v0_M1,False,0.9999427773713039,0.0023959497073703026
2,0,1,0,high_normal,ice_native_0p15_v03:1829:0,ice_native_0p15_v03,False,0.9999428585757797,0.65410018391771
2,0,1,0,high_normal,positive_0p20_right_mid_late_stance_native_strong_ice_v0:1859:0,positive_0p20_right_mid_late_stance_native_strong_ice_v0,False,0.9999430862823611,0.004292811194510565
2,0,1,0,high_normal,positive_0p10_right_mid_late_stance_native_strong_ice_v0:2209:1,positive_0p10_right_mid_late_stance_native_strong_ice_v0,False,0.9999431964973038,0.9555815905570573
2,0,1,0,high_normal,positive_0p10_right_mid_late_stance_v0_M1:1029:1,positive_0p10_right_mid_late_stance_v0_M1,False,0.9999437071713503,0.6529222599952097
2,0,1,0,high_normal,positive_0p20_right_mid_late_stance_native_strong_ice_v0:1869:0,positive_0p20_right_mid_late_stance_native_strong_ice_v0,False,0.9999454503263517,0.0008893137481212485
2,0,1,0,high_normal,positive_0p10_right_early_loading_v0_M1:989:1,positive_0p10_right_early_loading_v0_M1,False,0.999945604331653,7.729474818177272e-05
2,0,1,0,high_normal,positive_0p20_left_mid_late_stance_native_strong_ice_v0:1629:1,positive_0p20_left_mid_late_stance_native_strong_ice_v0,False,0.9999460077856517,0.1060696120149939
2,0,1,0,high_normal,positive_0p20_right_mid_loading_early_stance_native_strong_ice_v0:1849:0,positive_0p20_right_mid_loading_early_stance_native_strong_ice_v0,False,0.999947426076179,0.31091023646544785
2,0,1,0,high_normal,positive_0p20_right_mid_loading_early_stance_native_strong_ice_v0:1839:0,positive_0p20_right_mid_loading_early_stance_native_strong_ice_v0,False,0.9999496479575503,0.2101456488677397
2,0,1,0,high_normal,supplemental_positive_v8_l03:2409:0,supplemental_positive_v8_l03,False,0.999949942971113,0.449072533480119
2,0,1,0,high_normal,positive_0p20_left_mid_loading_early_stance_native_strong_ice_v0:1569:1,positive_0p20_left_mid_loading_early_stance_native_strong_ice_v0,False,0.9999507816160378,0.1629586713284799
2,0,1,0,high_normal,positive_0p20_left_mid_late_stance_native_strong_ice_v0:2209:1,positive_0p20_left_mid_late_stance_native_strong_ice_v0,False,0.99995093332458,0.17834418716423986
2,0,1,0,high_normal,positive_0p10_right_mid_loading_early_stance_v0_M1:1319:0,positive_0p10_right_mid_loading_early_stance_v0_M1,False,0.9999511573527426,0.05812750967755503
2,0,1,0,high_normal,positive_0p10_right_mid_late_stance_native_strong_ice_v0:2819:1,positive_0p10_right_mid_late_stance_native_strong_ice_v0,False,0.9999512462853941,0.8929521734927434
2,0,1,0,high_normal,positive_0p15_right_mid_late_stance_v0_M1:1629:1,positive_0p15_right_mid_late_stance_v0_M1,False,0.9999524896578731,0.9742619433255768
2,0,1,0,high_normal,positive_0p10_right_mid_late_stance_v0_M1:2249:1,positive_0p10_right_mid_late_stance_v0_M1,False,0.999953710722751,0.9839486895583787
2,0,1,0,high_normal,positive_0p20_right_mid_late_stance_native_strong_ice_v0:1849:0,positive_0p20_right_mid_late_stance_native_strong_ice_v0,False,0.9999541883751886,0.0023865605683484202
2,0,1,0,high_normal,positive_0p10_right_mid_late_stance_v0_M1:2849:1,positive_0p10_right_mid_late_stance_v0_M1,False,0.999954872958317,0.9212781088577108
2,0,1,0,high_normal,positive_0p15_left_early_loading_v0_M1:1059:0,positive_0p15_left_early_loading_v0_M1,False,0.9999571821022507,0.09572112611616167
2,0,1,0,high_normal,ice_native_0p20_v03:739:0,ice_native_0p20_v03,False,0.9999578059663403,0.9947451796930469
2,0,1,0,high_normal,positive_0p15_right_mid_late_stance_v0_M1:2209:1,positive_0p15_right_mid_late_stance_v0_M1,False,0.9999582996418536,0.9714805507562836
2,0,1,0,high_normal,positive_0p20_right_early_loading_native_strong_ice_v0:959:0,positive_0p20_right_early_loading_native_strong_ice_v0,False,0.9999583291578086,0.2626522836537356
2,0,1,0,high_normal,ice_native_0p15_v03:559:1,ice_native_0p15_v03,False,0.9999600130394433,0.3772099365917422
2,0,1,0,high_normal,positive_0p10_right_mid_late_stance_native_strong_ice_v0:1249:0,positive_0p10_right_mid_late_stance_native_strong_ice_v0,False,0.9999600956045763,0.009191118487230806
2,0,1,0,high_normal,positive_0p10_left_mid_loading_early_stance_native_strong_ice_v0:1529:1,positive_0p10_left_mid_loading_early_stance_native_strong_ice_v0,False,0.999960934158594,0.04294835555584845
2,0,1,0,high_normal,positive_0p15_right_early_loading_native_strong_ice_v0:569:0,positive_0p15_right_early_loading_native_strong_ice_v0,False,0.9999621845918432,0.14131001920073685
2,0,1,0,high_normal,positive_0p10_left_mid_loading_early_stance_v0_M1:2179:1,positive_0p10_left_mid_loading_early_stance_v0_M1,False,0.9999625408517975,0.6848817663013083
2,0,1,0,high_normal,ice_native_0p20_v03:659:0,ice_native_0p20_v03,False,0.9999635794594729,0.43418173806044746
2,0,1,0,high_normal,ice_native_0p15_v03:729:0,ice_native_0p15_v03,False,0.9999637382550265,0.9688036738517087
2,0,1,0,high_normal,positive_0p10_right_mid_late_stance_native_strong_ice_v0:2839:1,positive_0p10_right_mid_late_stance_native_strong_ice_v0,False,0.9999638599473454,0.975047001838658
2,0,1,0,high_normal,ice_native_0p15_v03:629:0,ice_native_0p15_v03,False,0.9999642608513052,0.23477716950064467
2,0,1,0,high_normal,positive_0p15_right_early_loading_native_strong_ice_v0:559:0,positive_0p15_right_early_loading_native_strong_ice_v0,False,0.999965511654973,0.43802340371039633
2,0,1,0,high_normal,ice_native_0p20_v03:749:0,ice_native_0p20_v03,False,0.9999658862022341,0.9991869429710183
2,0,1,0,high_normal,positive_0p15_right_early_loading_native_strong_ice_v0:549:0,positive_0p15_right_early_loading_native_strong_ice_v0,False,0.9999673594392823,0.6675809905667996
2,0,1,0,high_normal,positive_0p15_left_mid_loading_early_stance_native_strong_ice_v0:2759:1,positive_0p15_left_mid_loading_early_stance_native_strong_ice_v0,False,0.9999681464201245,0.8600507546484453
2,0,1,0,high_normal,positive_0p10_right_mid_loading_early_stance_native_strong_ice_v0:1259:0,positive_0p10_right_mid_loading_early_stance_native_strong_ice_v0,False,0.9999693243513049,0.13138439724413561
2,0,1,0,high_normal,ice_native_0p20_v03:2659:0,ice_native_0p20_v03,False,0.9999695129644915,0.027500603722541147
2,0,1,0,high_normal,positive_0p10_right_mid_late_stance_native_strong_ice_v0:1259:0,positive_0p10_right_mid_late_stance_native_strong_ice_v0,False,0.9999705655482307,0.006947645772033662
2,0,1,0,high_normal,ice_native_0p15_v03:1929:0,ice_native_0p15_v03,False,0.9999707371303197,0.9350257683040148
2,0,1,0,high_normal,supplemental_positive_v8_l06:2929:0,supplemental_positive_v8_l06,False,0.9999708053004236,0.21288117474800425
2,0,1,0,high_normal,positive_0p10_left_mid_loading_early_stance_native_strong_ice_v0:1549:1,positive_0p10_left_mid_loading_early_stance_native_strong_ice_v0,False,0.9999715603847966,0.018769535902634627
2,0,1,0,high_normal,ice_native_0p15_v03:1819:0,ice_native_0p15_v03,False,0.9999717188753301,0.658586862932107
2,0,1,0,high_normal,positive_0p10_right_mid_loading_early_stance_native_strong_ice_v0:1869:0,positive_0p10_right_mid_loading_early_stance_native_strong_ice_v0,False,0.9999719351958664,0.33695787888829176
2,0,1,0,high_normal,positive_0p15_right_mid_loading_early_stance_native_strong_ice_v0:2489:0,positive_0p15_right_mid_loading_early_stance_native_strong_ice_v0,False,0.9999734298354213,0.4997106280629775
2,0,1,0,high_normal,ice_native_0p10_v03:699:0,ice_native_0p10_v03,False,0.9999734694327479,0.08738847433917032
2,0,1,0,high_normal,ice_native_0p20_v00:1119:0,ice_native_0p20_v00,False,0.9999738799328431,0.9974182271866898
2,0,1,0,high_normal,positive_0p10_right_mid_loading_early_stance_native_strong_ice_v0:339:1,positive_0p10_right_mid_loading_early_stance_native_strong_ice_v0,False,0.9999743687808438,0.894923221741782
2,0,1,0,high_normal,positive_0p20_right_mid_loading_early_stance_native_strong_ice_v0:1309:0,positive_0p20_right_mid_loading_early_stance_native_strong_ice_v0,False,0.9999744773605088,0.28324316437250163
2,0,1,0,high_normal,positive_0p10_left_mid_late_stance_native_strong_ice_v0:2789:1,positive_0p10_left_mid_late_stance_native_strong_ice_v0,False,0.9999749763469297,0.006730621641703203
2,0,1,0,high_normal,supplemental_positive_v8_l09:2289:0,supplemental_positive_v8_l09,False,0.9999751094081132,0.9931076432511994
2,0,1,0,high_normal,positive_0p10_right_mid_loading_early_stance_native_strong_ice_v0:1819:0,positive_0p10_right_mid_loading_early_stance_native_strong_ice_v0,False,0.9999754556363873,0.0028355247478783693
2,0,1,0,high_normal,positive_0p10_right_mid_loading_early_stance_native_strong_ice_v0:1229:0,positive_0p10_right_mid_loading_early_stance_native_strong_ice_v0,False,0.999975556786404,0.20805328989462782
2,0,1,0,high_normal,supplemental_positive_v8_l09:2269:0,supplemental_positive_v8_l09,False,0.9999757887993213,0.9489551083082944
2,0,1,0,high_normal,supplemental_positive_v8_l03:659:0,supplemental_positive_v8_l03,False,0.9999767940115155,0.6265831892441776
2,0,1,0,high_normal,ice_native_0p15_v00:2559:0,ice_native_0p15_v00,False,0.9999779292769165,0.007064932704695542
2,0,1,0,high_normal,positive_0p20_right_early_loading_v0_M1:609:0,positive_0p20_right_early_loading_v0_M1,False,0.9999794373097388,0.1472643329014226
2,0,1,0,high_normal,supplemental_positive_v8_l09:459:0,supplemental_positive_v8_l09,False,0.9999796696654006,0.9790164716667306
2,0,1,0,high_normal,positive_0p15_right_mid_loading_early_stance_native_strong_ice_v0:2479:0,positive_0p15_right_mid_loading_early_stance_native_strong_ice_v0,False,0.9999802070887811,0.47941707297827346
2,0,1,0,high_normal,positive_0p20_left_mid_late_stance_native_strong_ice_v0:2199:1,positive_0p20_left_mid_late_stance_native_strong_ice_v0,False,0.999980440914457,0.334804662977773
2,0,1,0,high_normal,positive_0p10_right_mid_late_stance_native_strong_ice_v0:2229:1,positive_0p10_right_mid_late_stance_native_strong_ice_v0,False,0.999980761635827,0.9766913497219145
2,0,1,0,high_normal,positive_0p15_right_early_loading_native_strong_ice_v0:709:0,positive_0p15_right_early_loading_native_strong_ice_v0,False,0.9999808334616798,5.622649927987148e-05
2,0,1,0,high_normal,positive_0p15_right_mid_late_stance_v0_M1:2229:1,positive_0p15_right_mid_late_stance_v0_M1,False,0.9999816509085071,0.9451477063612816
2,0,1,0,high_normal,supplemental_positive_v8_l06:1149:0,supplemental_positive_v8_l06,False,0.999982795354203,0.9994368436784973
2,0,1,0,high_normal,supplemental_positive_v8_l09:2319:0,supplemental_positive_v8_l09,False,0.9999829817685936,0.9957025008190724
2,0,1,0,high_normal,supplemental_positive_v8_l06:2949:0,supplemental_positive_v8_l06,False,0.9999833773425607,0.027484722391091412
2,0,1,0,high_normal,positive_0p15_left_early_loading_v0_M1:899:1,positive_0p15_left_early_loading_v0_M1,False,0.9999836258881587,0.5787447805721023
2,0,1,0,high_normal,ice_native_0p15_v03:1919:0,ice_native_0p15_v03,False,0.9999837845812323,0.8395317558170643
2,0,1,0,high_normal,positive_0p15_right_mid_loading_early_stance_native_strong_ice_v0:2469:0,positive_0p15_right_mid_loading_early_stance_native_strong_ice_v0,False,0.9999840233937016,0.47858664978456333
2,0,1,0,high_normal,positive_0p15_right_early_loading_native_strong_ice_v0:949:1,positive_0p15_right_early_loading_native_strong_ice_v0,False,0.999984129844619,0.6037841061025644
2,0,1,0,high_normal,positive_0p10_right_mid_late_stance_v0_M1:2859:1,positive_0p10_right_mid_late_stance_v0_M1,False,0.9999845310575854,0.9658969341686476
2,0,1,0,high_normal,positive_0p10_left_mid_loading_early_stance_native_strong_ice_v0:2149:1,positive_0p10_left_mid_loading_early_stance_native_strong_ice_v0,False,0.9999851320856622,0.011061952322245302
2,0,1,0,high_normal,supplemental_positive_v8_l09:489:0,supplemental_positive_v8_l09,False,0.9999854268454906,0.8449899996607602
2,0,1,0,high_normal,positive_0p10_right_mid_loading_early_stance_native_strong_ice_v0:1249:0,positive_0p10_right_mid_loading_early_stance_native_strong_ice_v0,False,0.9999855472029676,0.06459284795001959
2,0,1,0,high_normal,positive_0p15_right_mid_late_stance_v0_M1:1639:1,positive_0p15_right_mid_late_stance_v0_M1,False,0.9999858107951228,0.9522339680327107
2,0,1,0,high_normal,supplemental_positive_v8_l06:1159:0,supplemental_positive_v8_l06,False,0.9999863045539176,0.9988397076677996
2,0,1,0,high_normal,ice_native_0p20_v03:639:0,ice_native_0p20_v03,False,0.9999871083880026,0.807125851820189
2,0,1,0,high_normal,ice_native_0p20_v03:1589:1,ice_native_0p20_v03,False,0.999987736148952,0.9912038063372268
2,0,1,0,high_normal,positive_0p15_right_early_loading_native_strong_ice_v0:529:0,positive_0p15_right_early_loading_native_strong_ice_v0,False,0.999987750926648,0.26780567907990427
2,0,1,0,high_normal,positive_0p10_left_mid_late_stance_native_strong_ice_v0:1949:0,positive_0p10_left_mid_late_stance_native_strong_ice_v0,False,0.9999878982637678,0.9992128529718478
2,0,1,0,high_normal,positive_0p15_left_mid_loading_early_stance_native_strong_ice_v0:2769:1,positive_0p15_left_mid_loading_early_stance_native_strong_ice_v0,False,0.9999879279775762,0.8692083987828013
2,0,1,0,high_normal,positive_0p10_left_mid_loading_early_stance_native_strong_ice_v0:369:1,positive_0p10_left_mid_loading_early_stance_native_strong_ice_v0,False,0.9999881293122078,0.36965108376832007
2,0,1,0,high_normal,positive_0p20_right_early_loading_v0_M1:589:0,positive_0p20_right_early_loading_v0_M1,False,0.9999886671038988,0.4834353481282534
2,0,1,0,high_normal,supplemental_positive_v8_l06:1739:0,supplemental_positive_v8_l06,False,0.9999887950649922,0.9904689807625632
2,0,1,0,high_normal,positive_0p10_right_mid_late_stance_v0_M1:2839:1,positive_0p10_right_mid_late_stance_v0_M1,False,0.9999888710995024,0.8261883667499205
2,0,1,0,high_normal,ice_native_0p10_v03:629:0,ice_native_0p10_v03,False,0.9999891376189426,0.15517851011566808
2,0,1,0,high_normal,positive_0p15_right_mid_late_stance_v0_M1:1619:1,positive_0p15_right_mid_late_stance_v0_M1,False,0.9999896308131673,0.8446606749564598
2,0,1,0,high_normal,positive_0p20_right_early_loading_v0_M1:599:0,positive_0p20_right_early_loading_v0_M1,False,0.999990080148162,0.28469827462041153
2,0,1,0,high_normal,positive_0p10_left_mid_loading_early_stance_v0_M1:2189:1,positive_0p10_left_mid_loading_early_stance_v0_M1,False,0.9999901601945433,0.6078126633606082
2,0,1,0,high_normal,supplemental_positive_v8_l09:449:0,supplemental_positive_v8_l09,False,0.9999901608002209,0.966857518467755
2,0,1,0,high_normal,ice_native_0p10_v03:639:0,ice_native_0p10_v03,False,0.9999905493396245,0.009931229486826985
2,0,1,0,high_normal,positive_0p10_right_mid_late_stance_native_strong_ice_v0:1609:1,positive_0p10_right_mid_late_stance_native_strong_ice_v0,False,0.9999907746643849,0.9954562681132908
2,0,1,0,high_normal,ice_native_0p20_v03:649:0,ice_native_0p20_v03,False,0.9999908672652754,0.6946246026209225
2,0,1,0,high_normal,positive_0p15_right_mid_loading_early_stance_v0_M1:1319:0,positive_0p15_right_mid_loading_early_stance_v0_M1,False,0.9999909324637896,0.019171449428673135
2,0,1,0,high_normal,positive_0p10_right_mid_loading_early_stance_native_strong_ice_v0:1859:0,positive_0p10_right_mid_loading_early_stance_native_strong_ice_v0,False,0.9999911159134091,0.41147191798242416
2,0,1,0,high_normal,positive_0p15_right_mid_late_stance_v0_M1:1609:1,positive_0p15_right_mid_late_stance_v0_M1,False,0.9999913141045209,0.9926474673154686
2,0,1,0,high_normal,supplemental_positive_v8_l09:1099:0,supplemental_positive_v8_l09,False,0.999991752204463,0.1839644763368917
2,0,1,0,high_normal,positive_0p10_left_mid_loading_early_stance_native_strong_ice_v0:2139:1,positive_0p10_left_mid_loading_early_stance_native_strong_ice_v0,False,0.9999919746780463,0.022022534205031394
2,0,1,0,high_normal,ice_native_0p15_v00:2859:0,ice_native_0p15_v00,False,0.9999921899367256,0.8971472550318509
2,0,1,0,high_normal,positive_0p10_left_mid_loading_early_stance_native_strong_ice_v0:1559:1,positive_0p10_left_mid_loading_early_stance_native_strong_ice_v0,False,0.9999921931958221,0.06053142538195447
2,0,1,0,high_normal,positive_0p10_right_mid_loading_early_stance_native_strong_ice_v0:1239:0,positive_0p10_right_mid_loading_early_stance_native_strong_ice_v0,False,0.9999922045091473,0.11854462180662119
2,0,1,0,high_normal,supplemental_positive_v8_l03:629:0,supplemental_positive_v8_l03,False,0.9999922272653574,0.3406371824003919
2,0,1,0,high_normal,ice_native_0p15_v03:1899:0,ice_native_0p15_v03,False,0.9999923099210666,0.30803196337807737
2,0,1,0,high_normal,positive_0p10_right_mid_late_stance_native_strong_ice_v0:2809:1,positive_0p10_right_mid_late_stance_native_strong_ice_v0,False,0.9999923823957689,0.9935862110453649
2,0,1,0,high_normal,supplemental_positive_v8_l09:2299:0,supplemental_positive_v8_l09,False,0.9999923837153983,0.9943680691417387
2,0,1,0,high_normal,supplemental_positive_v8_l06:1759:0,supplemental_positive_v8_l06,False,0.9999925366191479,0.9956712592840713
2,0,1,0,high_normal,positive_0p10_right_mid_loading_early_stance_native_strong_ice_v0:1849:0,positive_0p10_right_mid_loading_early_stance_native_strong_ice_v0,False,0.9999929726314718,0.3549373759216237
2,0,1,0,high_normal,positive_0p10_right_mid_late_stance_native_strong_ice_v0:1589:1,positive_0p10_right_mid_late_stance_native_strong_ice_v0,False,0.9999931121632687,0.997175923661535
2,0,1,0,high_normal,positive_0p10_right_mid_late_stance_native_strong_ice_v0:1269:0,positive_0p10_right_mid_late_stance_native_strong_ice_v0,False,0.9999932643094841,0.0022587786254925
2,0,1,0,high_normal,positive_0p10_right_mid_late_stance_v0_M1:2229:1,positive_0p10_right_mid_late_stance_v0_M1,False,0.9999932758272493,0.9554849344029369
2,0,1,0,high_normal,supplemental_positive_v8_l03:2429:0,supplemental_positive_v8_l03,False,0.9999933191502,0.9359128698479531
2,0,1,0,high_normal,supplemental_positive_v8_l06:1729:0,supplemental_positive_v8_l06,False,0.9999933225676282,0.3685667622099046
2,0,1,0,high_normal,ice_native_0p10_v03:1959:1,ice_native_0p10_v03,False,0.9999936478179562,0.002359561120347101
2,0,1,0,high_normal,positive_0p15_right_mid_loading_early_stance_native_strong_ice_v0:1229:0,positive_0p15_right_mid_loading_early_stance_native_strong_ice_v0,False,0.999994075569236,0.046397637595396876
2,0,1,0,high_normal,positive_0p20_right_early_loading_v0_M1:569:0,positive_0p20_right_early_loading_v0_M1,False,0.9999941030168078,0.38225402392741326
2,0,1,0,high_normal,positive_0p15_right_mid_late_stance_v0_M1:2239:1,positive_0p15_right_mid_late_stance_v0_M1,False,0.999994213816195,0.962779405629523
2,0,1,0,high_normal,supplemental_positive_v8_l06:2959:0,supplemental_positive_v8_l06,False,0.9999943438423186,0.027986227989934907
2,0,1,0,high_normal,positive_0p15_right_mid_late_stance_v0_M1:2839:1,positive_0p15_right_mid_late_stance_v0_M1,False,0.9999943796017942,0.9630584420267014
2,0,1,0,high_normal,positive_0p15_right_mid_loading_early_stance_native_strong_ice_v0:1849:0,positive_0p15_right_mid_loading_early_stance_native_strong_ice_v0,False,0.9999943906865831,0.03132402011367021
2,0,1,0,high_normal,positive_0p20_right_early_loading_native_strong_ice_v0:959:1,positive_0p20_right_early_loading_native_strong_ice_v0,False,0.9999945500186946,0.6102101076001306
2,0,1,0,high_normal,positive_0p20_left_mid_late_stance_native_strong_ice_v0:2189:1,positive_0p20_left_mid_late_stance_native_strong_ice_v0,False,0.9999947722521325,0.011592502910942404
2,0,1,0,high_normal,supplemental_positive_v8_l00:2509:0,supplemental_positive_v8_l00,False,0.999995417955839,0.05569225252209392
2,0,1,0,high_normal,supplemental_positive_v8_l09:1089:0,supplemental_positive_v8_l09,False,0.9999955618643959,0.3286493280404043
2,0,1,0,high_normal,ice_native_0p15_v03:719:0,ice_native_0p15_v03,False,0.9999956508193854,0.9111666213376552
2,0,1,0,high_normal,supplemental_positive_v8_l06:2329:0,supplemental_positive_v8_l06,False,0.9999957377104074,0.24079778909163016
2,0,1,0,high_normal,positive_0p20_right_early_loading_v0_M1:759:0,positive_0p20_right_early_loading_v0_M1,False,0.9999957859077213,0.027026734156914464
2,0,1,0,high_normal,supplemental_positive_v8_l06:1749:0,supplemental_positive_v8_l06,False,0.9999957903412079,0.9930325974445402
2,0,1,0,high_normal,supplemental_positive_v8_l03:2439:0,supplemental_positive_v8_l03,False,0.9999961675885364,0.9893570044958321
2,0,1,0,high_normal,supplemental_positive_v8_l03:1819:0,supplemental_positive_v8_l03,False,0.9999963236439731,0.9727410117783992
2,0,1,0,high_normal,positive_0p10_right_mid_late_stance_native_strong_ice_v0:529:1,positive_0p10_right_mid_late_stance_native_strong_ice_v0,False,0.9999967907529421,0.8022190827063528
2,0,1,0,high_normal,positive_0p10_right_mid_late_stance_native_strong_ice_v0:1619:1,positive_0p10_right_mid_late_stance_native_strong_ice_v0,False,0.9999972777879954,0.9871807307217431
2,0,1,0,high_normal,positive_0p10_right_mid_late_stance_v0_M1:1659:1,positive_0p10_right_mid_late_stance_v0_M1,False,0.9999973850795381,0.9383471480121148
2,0,1,0,high_normal,ice_native_0p20_v00:1039:0,ice_native_0p20_v00,False,0.9999974188302931,0.9933488099314786
2,0,1,0,high_normal,positive_0p15_left_early_loading_v0_M1:2009:1,positive_0p15_left_early_loading_v0_M1,False,0.9999975989276237,9.441130724971618e-14
2,0,1,0,high_normal,supplemental_positive_v8_l06:1139:0,supplemental_positive_v8_l06,False,0.9999978150722986,0.9906925973087606
2,0,1,0,high_normal,ice_native_0p10_v03:1819:1,ice_native_0p10_v03,False,0.9999979423617852,0.10528624329280875
2,0,1,0,high_normal,positive_0p10_right_mid_loading_early_stance_native_strong_ice_v0:1829:0,positive_0p10_right_mid_loading_early_stance_native_strong_ice_v0,False,0.9999979862075101,0.0025234936272780103
2,0,1,0,high_normal,supplemental_positive_v8_l09:1069:0,supplemental_positive_v8_l09,False,0.9999980181994914,0.08443655597764016
2,0,1,0,high_normal,positive_0p10_left_mid_loading_early_stance_native_strong_ice_v0:1539:1,positive_0p10_left_mid_loading_early_stance_native_strong_ice_v0,False,0.9999981671130167,0.020595016827600288
2,0,1,0,high_normal,positive_0p10_left_mid_late_stance_native_strong_ice_v0:1939:0,positive_0p10_left_mid_late_stance_native_strong_ice_v0,False,0.9999983068260108,0.9916553003849723
2,0,1,0,high_normal,positive_0p20_right_mid_late_stance_native_strong_ice_v0:1269:0,positive_0p20_right_mid_late_stance_native_strong_ice_v0,False,0.9999985233634876,0.0027963946934995458
2,0,1,0,high_normal,supplemental_positive_v8_l06:2359:0,supplemental_positive_v8_l06,False,0.9999986408264773,0.9704455005500753
2,0,1,0,high_normal,positive_0p10_right_mid_late_stance_v0_M1:2239:1,positive_0p10_right_mid_late_stance_v0_M1,False,0.99999864961982,0.9018511002110152
2,0,1,0,high_normal,positive_0p15_right_early_loading_native_strong_ice_v0:539:0,positive_0p15_right_early_loading_native_strong_ice_v0,False,0.9999986696911636,0.2967639281885811
2,0,1,0,high_normal,positive_0p20_right_early_loading_v0_M1:579:0,positive_0p20_right_early_loading_v0_M1,False,0.9999987757445874,0.4964906898892888
2,0,1,0,high_normal,ice_native_0p20_v03:719:0,ice_native_0p20_v03,False,0.9999988766790577,0.9910885406442542
2,0,1,0,high_normal,positive_0p10_right_early_loading_v0_M1:739:0,positive_0p10_right_early_loading_v0_M1,False,0.9999989382095397,0.0003568765608370109
2,0,1,0,high_normal,ice_native_0p10_v03:689:0,ice_native_0p10_v03,False,0.9999991829883395,0.07011085035674058
2,0,1,0,high_normal,positive_0p10_right_mid_late_stance_v0_M1:1059:1,positive_0p10_right_mid_late_stance_v0_M1,False,0.9999991883479269,0.7926650972278585
2,0,1,0,high_normal,ice_native_0p20_v03:1599:1,ice_native_0p20_v03,False,0.999999234587401,0.9112062244217932
2,0,1,0,high_normal,positive_0p10_right_mid_late_stance_v0_M1:1649:1,positive_0p10_right_mid_late_stance_v0_M1,False,0.9999993915377831,0.7327117119504061
2,0,1,0,high_normal,supplemental_positive_v8_l09:1079:0,supplemental_positive_v8_l09,False,0.9999993950796393,0.06190334396136148
2,0,1,0,high_normal,positive_0p10_right_mid_late_stance_v0_M1:1049:1,positive_0p10_right_mid_late_stance_v0_M1,False,0.999999429886373,0.7316591922190036
2,0,1,0,high_normal,positive_0p15_right_mid_loading_early_stance_native_strong_ice_v0:1829:0,positive_0p15_right_mid_loading_early_stance_native_strong_ice_v0,False,0.9999994371216043,0.0010863821717461244
2,0,1,0,high_normal,positive_0p15_right_early_loading_v0_M1:749:0,positive_0p15_right_early_loading_v0_M1,False,0.9999994669491746,0.0017674911943362484
2,0,1,0,high_normal,ice_native_0p20_v03:729:0,ice_native_0p20_v03,False,0.9999995245210946,0.9992722467854916
2,0,1,0,high_normal,supplemental_positive_v8_l06:1129:0,supplemental_positive_v8_l06,False,0.9999995290785295,0.9825974337781788
2,0,1,0,high_normal,positive_0p10_right_mid_late_stance_v0_M1:1639:1,positive_0p10_right_mid_late_stance_v0_M1,False,0.9999995512163049,0.7208742220673918
2,0,1,0,high_normal,ice_native_0p20_v03:689:0,ice_native_0p20_v03,False,0.9999995739150364,0.9823738522085939
2,0,1,0,high_normal,ice_native_0p15_v00:2769:0,ice_native_0p15_v00,False,0.9999995919008904,0.6268856124451917
2,0,1,0,high_normal,ice_native_0p10_v03:649:0,ice_native_0p10_v03,False,0.9999996192798315,0.05340691583368169
2,0,1,0,high_normal,positive_0p10_right_mid_loading_early_stance_native_strong_ice_v0:1879:0,positive_0p10_right_mid_loading_early_stance_native_strong_ice_v0,False,0.9999996267668402,0.3615866512823291
2,0,1,0,high_normal,ice_native_0p20_v00:1219:0,ice_native_0p20_v00,False,0.9999996526084801,0.0848219161729399
2,0,1,0,high_normal,positive_0p20_right_mid_late_stance_native_strong_ice_v0:1109:1,positive_0p20_right_mid_late_stance_native_strong_ice_v0,False,0.9999997044129719,0.02629758364570825
2,0,1,0,high_normal,ice_native_0p20_v03:1579:1,ice_native_0p20_v03,False,0.9999997095203679,0.9870325786800461
2,0,1,0,high_normal,positive_0p10_right_early_loading_native_strong_ice_v0:709:0,positive_0p10_right_early_loading_native_strong_ice_v0,False,0.9999997439424745,8.072172373497789e-05
2,0,1,0,high_normal,ice_native_0p20_v03:699:0,ice_native_0p20_v03,False,0.9999997518535008,0.9921039106183184
2,0,1,0,high_normal,supplemental_positive_v8_l09:2279:0,supplemental_positive_v8_l09,False,0.9999997806402842,0.8294898901164365
2,0,1,0,high_normal,ice_native_0p20_v03:709:0,ice_native_0p20_v03,False,0.9999997883776351,0.9961910059551722
2,0,1,0,high_normal,ice_native_0p15_v00:2789:0,ice_native_0p15_v00,False,0.999999792130143,0.815989656790364
2,0,1,0,high_normal,ice_native_0p10_v03:669:0,ice_native_0p10_v03,False,0.9999997924845299,0.2380046742813761
2,0,1,0,high_normal,ice_native_0p10_v00:459:0,ice_native_0p10_v00,False,0.9999997939889951,0.9999887659900999
2,0,1,0,high_normal,positive_0p15_left_early_loading_v0_M1:1079:0,positive_0p15_left_early_loading_v0_M1,False,0.99999980445888,0.8350530551502037
2,0,1,0,high_normal,ice_native_0p15_v03:639:0,ice_native_0p15_v03,False,0.9999998261089997,0.3689756410726346
2,0,1,0,high_normal,ice_native_0p15_v00:2799:0,ice_native_0p15_v00,False,0.9999998762124653,0.29311670907633386
2,0,1,0,high_normal,positive_0p10_right_mid_late_stance_v0_M1:1039:1,positive_0p10_right_mid_late_stance_v0_M1,False,0.9999998996806233,0.5113754810802997
2,0,1,0,high_normal,ice_native_0p15_v03:659:0,ice_native_0p15_v03,False,0.9999999165357246,0.2511626516650264
2,0,1,0,high_normal,positive_0p10_left_early_loading_v0_M1:2029:1,positive_0p10_left_early_loading_v0_M1,False,0.9999999187135336,3.643941125963806e-14
2,0,1,0,high_normal,ice_native_0p10_v03:659:0,ice_native_0p10_v03,False,0.9999999331080627,0.09906007193884354
2,0,1,0,high_normal,ice_native_0p10_v03:679:0,ice_native_0p10_v03,False,0.9999999373034377,0.3816175879154066
2,0,1,0,high_normal,ice_native_0p15_v03:649:0,ice_native_0p15_v03,False,0.9999999477885365,0.1376487989748419
2,0,1,0,high_normal,positive_0p20_right_early_loading_v0_M1:749:0,positive_0p20_right_early_loading_v0_M1,False,0.9999999608799837,0.0011065465424637108
2,0,1,0,high_normal,ice_native_0p15_v03:709:0,ice_native_0p15_v03,False,0.9999999613648624,0.9881463226999144
2,0,1,0,high_normal,supplemental_positive_v8_l06:2339:0,supplemental_positive_v8_l06,False,0.9999999617751375,0.5579732069252329
2,0,1,0,high_normal,positive_0p15_right_mid_loading_early_stance_native_strong_ice_v0:1239:0,positive_0p15_right_mid_loading_early_stance_native_strong_ice_v0,False,0.9999999619317642,0.03200873932992974
2,0,1,0,high_normal,supplemental_positive_v8_l06:2349:0,supplemental_positive_v8_l06,False,0.9999999745785471,0.8774887166299847
2,0,1,0,high_normal,ice_native_0p15_v00:2779:0,ice_native_0p15_v00,False,0.9999999873859801,0.9244681805441763
2,0,1,0,high_normal,positive_0p20_right_early_loading_native_strong_ice_v0:719:0,positive_0p20_right_early_loading_native_strong_ice_v0,False,0.9999999888610281,0.0022126020936988635
2,0,1,0,high_normal,positive_0p15_right_early_loading_v0_M1:739:0,positive_0p15_right_early_loading_v0_M1,False,0.999999990705888,0.000132186833128221
2,0,1,0,high_normal,positive_0p15_right_mid_loading_early_stance_native_strong_ice_v0:1249:0,positive_0p15_right_mid_loading_early_stance_native_strong_ice_v0,False,0.9999999933240458,0.0494829234365697
2,0,1,0,high_normal,ice_native_0p15_v03:679:0,ice_native_0p15_v03,False,0.9999999933580783,0.9100121380976953
2,0,1,0,high_normal,ice_native_0p15_v03:699:0,ice_native_0p15_v03,False,0.9999999956639367,0.9874911628880448
2,0,1,0,high_normal,ice_native_0p15_v03:689:0,ice_native_0p15_v03,False,0.9999999972932117,0.9344521758930109
2,0,1,0,high_normal,positive_0p15_left_early_loading_v0_M1:1069:0,positive_0p15_left_early_loading_v0_M1,False,0.9999999993288526,0.9216139222108851
2,0,1,0,high_normal,ice_native_0p15_v03:669:0,ice_native_0p15_v03,False,0.9999999995530691,0.8026977430397171
2,0,1,0,high_normal,ice_native_0p20_v03:1559:1,ice_native_0p20_v03,False,0.9999999995841413,0.9996265243629658
2,0,1,0,high_normal,positive_0p15_right_early_loading_native_strong_ice_v0:719:0,positive_0p15_right_early_loading_native_strong_ice_v0,False,0.9999999997636548,0.0012533321497966922
2,0,1,0,high_normal,positive_0p15_left_early_loading_v0_M1:2019:1,positive_0p15_left_early_loading_v0_M1,False,0.999999999908175,1.8078840604424436e-16
2,0,1,0,high_normal,ice_native_0p20_v03:1569:1,ice_native_0p20_v03,False,0.9999999999313107,0.9983120726434277
2,0,1,0,high_normal,ice_native_0p20_v03:1549:1,ice_native_0p20_v03,False,0.9999999999437128,0.8468066625589962
2,0,1,0,high_normal,positive_0p10_right_early_loading_native_strong_ice_v0:719:0,positive_0p10_right_early_loading_native_strong_ice_v0,False,0.9999999999938416,0.0069147452386393565
2,0,1,0,high_normal,ice_native_0p10_v00:449:0,ice_native_0p10_v00,False,0.9999999999959297,0.9999461776931076
2,0,1,0,high_normal,positive_0p15_left_early_loading_v0_M1:1989:1,positive_0p15_left_early_loading_v0_M1,False,0.9999999999988696,1.6594717527068693e-10
2,0,1,0,high_normal,positive_0p15_left_early_loading_v0_M1:1999:1,positive_0p15_left_early_loading_v0_M1,False,0.9999999999993165,1.8266887295704795e-11
2,0,1,0,high_normal,ice_native_0p10_v00:429:0,ice_native_0p10_v00,False,0.9999999999999649,0.9865095736794832
2,0,1,0,high_normal,ice_native_0p10_v00:439:0,ice_native_0p10_v00,False,1.0,0.9907332633971615
2,0,1,0,high_normal,ice_native_0p10_v00:2029:0,ice_native_0p10_v00,False,1.0,1.0
2,0,1,0,high_normal,ice_native_0p10_v00:2039:0,ice_native_0p10_v00,False,1.0,8.75651076269652e-27
2,0,1,0,high_normal,ice_native_0p10_v00:2049:0,ice_native_0p10_v00,False,1.0,8.75651076269652e-27
2,0,1,0,high_normal,ice_native_0p10_v00:2059:0,ice_native_0p10_v00,False,1.0,8.75651076269652e-27
2,0,1,0,high_normal,ice_native_0p10_v00:2069:0,ice_native_0p10_v00,False,1.0,8.75651076269652e-27
2,0,1,0,high_normal,ice_native_0p20_v00:2199:0,ice_native_0p20_v00,False,1.0,1.0
2,0,1,0,high_normal,ice_native_0p20_v00:2209:0,ice_native_0p20_v00,False,1.0,1.0
2,0,1,0,high_normal,ice_native_0p20_v00:2219:0,ice_native_0p20_v00,False,1.0,8.75651076269652e-27
2,0,1,0,high_normal,ice_native_0p20_v00:2229:0,ice_native_0p20_v00,False,1.0,8.75651076269652e-27
2,0,1,0,high_normal,ice_native_0p20_v00:2239:0,ice_native_0p20_v00,False,1.0,8.75651076269652e-27
2,0,1,0,high_normal,positive_0p10_left_early_loading_v0_M1:2019:1,positive_0p10_left_early_loading_v0_M1,False,1.0,2.000504366781233e-12
2,0,1,0,high_early_precursor,positive_0p20_right_mid_late_stance_native_strong_ice_v0:2139:1,positive_0p20_right_mid_late_stance_native_strong_ice_v0,False,0.4631819270946634,0.5232941954368513
2,0,1,0,high_early_precursor,sand_solref_interpolation_5of6_stronger_v2_0p15_v03:1509:0,sand_solref_interpolation_5of6_stronger_v2_0p15_v03,False,0.4685513423943156,0.8722046030294921
2,0,1,0,high_early_precursor,sand_solref_interpolation_2of3_0p15_v03:1519:0,sand_solref_interpolation_2of3_0p15_v03,False,0.49895324063501256,0.8812312730095692
2,0,1,0,high_early_precursor,positive_0p20_left_mid_late_stance_native_strong_ice_v0:2379:0,positive_0p20_left_mid_late_stance_native_strong_ice_v0,False,0.5238141361429066,0.8500864935619633
2,0,1,0,high_early_precursor,positive_0p10_right_mid_loading_early_stance_v0_M1:209:1,positive_0p10_right_mid_loading_early_stance_v0_M1,False,0.5297117706773556,0.05486039007725619
2,0,1,0,high_early_precursor,positive_0p10_right_mid_late_stance_v0_M1:209:1,positive_0p10_right_mid_late_stance_v0_M1,False,0.5318380073887926,0.05467038286142364
2,0,1,0,high_early_precursor,positive_0p15_right_mid_late_stance_v0_M1:989:1,positive_0p15_right_mid_late_stance_v0_M1,False,0.5333922694492751,0.6482091451061769
2,0,1,0,high_early_precursor,sand_solref_interpolation_2of3_0p15_v03:1529:0,sand_solref_interpolation_2of3_0p15_v03,False,0.5478147828633817,0.9255451136403549
2,0,1,0,high_early_precursor,positive_0p15_right_mid_loading_early_stance_native_strong_ice_v0:1419:1,positive_0p15_right_mid_loading_early_stance_native_strong_ice_v0,False,0.5650017885747682,0.8426218186291408
2,0,1,0,high_early_precursor,positive_0p10_right_mid_late_stance_native_strong_ice_v0:849:1,positive_0p10_right_mid_late_stance_native_strong_ice_v0,False,0.593125651298859,0.5418284776914019
2,0,1,0,high_early_precursor,positive_0p10_right_mid_late_stance_native_strong_ice_v0:959:1,positive_0p10_right_mid_late_stance_native_strong_ice_v0,False,0.6099488882631495,0.43730956780136043
2,0,1,0,high_early_precursor,ice_native_0p20_v00:1799:1,ice_native_0p20_v00,False,0.6416056852667984,0.5201418008330985
2,0,1,0,high_early_precursor,sand_solref_interpolation_5of6_stronger_v2_0p15_v03:1569:0,sand_solref_interpolation_5of6_stronger_v2_0p15_v03,False,0.6446048062269408,0.9994446109183025
2,0,1,0,high_early_precursor,positive_0p10_right_mid_late_stance_v0_M1:399:1,positive_0p10_right_mid_late_stance_v0_M1,False,0.6447790951408124,0.2009364762098269
2,0,1,0,high_early_precursor,positive_0p20_left_mid_late_stance_native_strong_ice_v0:2359:0,positive_0p20_left_mid_late_stance_native_strong_ice_v0,False,0.6580956804087643,0.6947527766996947
2,0,1,0,high_early_precursor,positive_0p10_right_mid_late_stance_native_strong_ice_v0:859:1,positive_0p10_right_mid_late_stance_native_strong_ice_v0,False,0.6637012902825422,0.4885962750137296
2,0,1,0,high_early_precursor,ice_native_0p15_v03:2769:1,ice_native_0p15_v03,False,0.6736929782849308,0.9997276304147149
2,0,1,0,high_early_precursor,positive_0p20_right_mid_late_stance_native_strong_ice_v0:2069:1,positive_0p20_right_mid_late_stance_native_strong_ice_v0,False,0.6919877231629973,0.7607689730053683
2,0,1,0,high_early_precursor,positive_0p20_left_mid_late_stance_native_strong_ice_v0:2469:0,positive_0p20_left_mid_late_stance_native_strong_ice_v0,False,0.6950381925121885,0.7140648534208699
2,0,1,0,high_early_precursor,ice_native_0p20_v00:1219:1,ice_native_0p20_v00,False,0.7368641589167475,0.06538792044033606
2,0,1,0,high_early_precursor,positive_0p20_right_mid_late_stance_native_strong_ice_v0:2059:1,positive_0p20_right_mid_late_stance_native_strong_ice_v0,False,0.7394729370985734,0.80128252203463
2,0,1,0,high_early_precursor,positive_0p20_right_mid_late_stance_native_strong_ice_v0:1449:1,positive_0p20_right_mid_late_stance_native_strong_ice_v0,False,0.7443250609364181,0.9694560714627128
2,0,1,0,high_early_precursor,positive_0p15_right_mid_loading_early_stance_native_strong_ice_v0:2039:1,positive_0p15_right_mid_loading_early_stance_native_strong_ice_v0,False,0.7535533294982328,0.755544709621297
2,0,1,0,high_early_precursor,positive_0p20_right_mid_late_stance_native_strong_ice_v0:2149:1,positive_0p20_right_mid_late_stance_native_strong_ice_v0,False,0.7693615883978643,0.6845160739716738
2,0,1,0,high_early_precursor,positive_0p10_right_mid_loading_early_stance_v0_M1:889:1,positive_0p10_right_mid_loading_early_stance_v0_M1,False,0.7831298202707861,0.660822986710441
2,0,1,0,high_early_precursor,sand_solref_interpolation_2of3_0p15_v03:1559:0,sand_solref_interpolation_2of3_0p15_v03,False,0.7974012057838755,0.9849815060408637
2,0,1,0,high_early_precursor,positive_0p10_right_mid_loading_early_stance_v0_M1:859:1,positive_0p10_right_mid_loading_early_stance_v0_M1,False,0.8090201987906523,0.6562637699131723
2,0,1,0,high_early_precursor,positive_0p20_left_mid_loading_early_stance_v0_M1:2359:0,positive_0p20_left_mid_loading_early_stance_v0_M1,False,0.809086191113226,0.30009926591377717
2,0,1,0,high_early_precursor,sand_solref_interpolation_2of3_0p15_v03:1539:0,sand_solref_interpolation_2of3_0p15_v03,False,0.8203457560241797,0.9507000227416227
2,0,1,0,high_early_precursor,ice_native_0p10_v03:1469:1,ice_native_0p10_v03,False,0.8370936268980509,0.8936824417954831
2,0,1,0,high_early_precursor,sand_solref_interpolation_5of6_stronger_v2_0p15_v03:1519:0,sand_solref_interpolation_5of6_stronger_v2_0p15_v03,False,0.8400804861975872,0.9131818255181218
2,0,1,0,high_early_precursor,ice_native_0p10_v03:2129:1,ice_native_0p10_v03,False,0.8461879870746828,0.48016793393080764
2,0,1,0,high_early_precursor,positive_0p20_right_mid_late_stance_native_strong_ice_v0:2159:1,positive_0p20_right_mid_late_stance_native_strong_ice_v0,False,0.8637132726548843,0.7090051638201466
2,0,1,0,high_early_precursor,positive_0p20_left_mid_loading_early_stance_v0_M1:2389:0,positive_0p20_left_mid_loading_early_stance_v0_M1,False,0.8839268678179872,0.8845217527658576
2,0,1,0,high_early_precursor,positive_0p20_right_mid_late_stance_native_strong_ice_v0:2049:1,positive_0p20_right_mid_late_stance_native_strong_ice_v0,False,0.894481250973953,0.6764138998987348
2,0,1,0,high_early_precursor,supplemental_positive_v8_l09:2829:0,supplemental_positive_v8_l09,False,0.897215650781752,0.8260013286487436
2,0,1,0,high_early_precursor,sand_solref_interpolation_2of3_0p15_v03:1549:0,sand_solref_interpolation_2of3_0p15_v03,False,0.9015466525263354,0.9754089674079421
2,0,1,0,high_early_precursor,ice_native_0p10_v00:969:0,ice_native_0p10_v00,False,0.9036921000155878,0.8538763766625068
2,0,1,0,high_early_precursor,positive_0p10_right_mid_loading_early_stance_v0_M1:299:1,positive_0p10_right_mid_loading_early_stance_v0_M1,False,0.9058470553057214,0.08353331750971747
2,0,1,0,high_early_precursor,ice_native_0p10_v03:1459:1,ice_native_0p10_v03,False,0.9156662526389794,0.4858135486919785
2,0,1,0,high_early_precursor,positive_0p10_right_mid_loading_early_stance_v0_M1:879:1,positive_0p10_right_mid_loading_early_stance_v0_M1,False,0.9171629655803542,0.7118182504043506
2,0,1,0,high_early_precursor,positive_0p20_left_mid_loading_early_stance_v0_M1:2449:0,positive_0p20_left_mid_loading_early_stance_v0_M1,False,0.9206623555384814,0.7198257434757194
2,0,1,0,high_early_precursor,positive_0p20_left_mid_loading_early_stance_v0_M1:2379:0,positive_0p20_left_mid_loading_early_stance_v0_M1,False,0.929399737628192,0.4904855110607324
2,0,1,0,high_early_precursor,sand_solref_interpolation_5of6_stronger_v2_0p15_v03:1609:0,sand_solref_interpolation_5of6_stronger_v2_0p15_v03,False,0.9330950337637888,0.9998941974550412
2,0,1,0,high_early_precursor,sand_solref_interpolation_5of6_stronger_v2_0p15_v03:1589:0,sand_solref_interpolation_5of6_stronger_v2_0p15_v03,False,0.9352768290621943,0.9995127742250725
2,0,1,0,high_early_precursor,sand_solref_interpolation_5of6_stronger_v2_0p15_v03:1529:0,sand_solref_interpolation_5of6_stronger_v2_0p15_v03,False,0.9356029626421034,0.9702473286085194
2,0,1,0,high_early_precursor,positive_0p15_right_mid_loading_early_stance_v0_M1:299:1,positive_0p15_right_mid_loading_early_stance_v0_M1,False,0.9458121503589337,0.06356150067618663
2,0,1,0,high_early_precursor,sand_solref_interpolation_2of3_0p15_v03:1649:0,sand_solref_interpolation_2of3_0p15_v03,False,0.9481700676982138,0.9981397893595828
2,0,1,0,high_early_precursor,positive_0p20_left_mid_loading_early_stance_v0_M1:2439:0,positive_0p20_left_mid_loading_early_stance_v0_M1,False,0.9493647682384535,0.8821259960270414
2,0,1,0,high_early_precursor,sand_solref_interpolation_5of6_stronger_v2_0p15_v03:1549:0,sand_solref_interpolation_5of6_stronger_v2_0p15_v03,False,0.9701867628693045,0.9957860778427946
2,0,1,0,high_early_precursor,sand_solref_interpolation_5of6_stronger_v2_0p15_v03:1559:0,sand_solref_interpolation_5of6_stronger_v2_0p15_v03,False,0.9706896654698538,0.9952391494448114
2,0,1,0,high_early_precursor,sand_solref_interpolation_5of6_stronger_v2_0p15_v03:1539:0,sand_solref_interpolation_5of6_stronger_v2_0p15_v03,False,0.970968197509315,0.9800600439591531
2,0,1,0,high_early_precursor,sand_solref_interpolation_3of4_stronger_v2_0p15_v03:1659:0,sand_solref_interpolation_3of4_stronger_v2_0p15_v03,False,0.9716457554008955,0.9991840065877696
2,0,1,0,high_early_precursor,ice_native_0p20_v00:1229:1,ice_native_0p20_v00,False,0.9789772027499211,0.028547932415006395
2,0,1,0,high_early_precursor,sand_solref_interpolation_5of6_stronger_v2_0p15_v03:1629:0,sand_solref_interpolation_5of6_stronger_v2_0p15_v03,False,0.9812047927909846,0.9996420367518788
2,0,1,0,high_early_precursor,positive_0p20_left_mid_loading_early_stance_v0_M1:2399:0,positive_0p20_left_mid_loading_early_stance_v0_M1,False,0.9832022392206912,0.891997687618008
2,0,1,0,high_early_precursor,positive_0p20_right_mid_late_stance_native_strong_ice_v0:2039:1,positive_0p20_right_mid_late_stance_native_strong_ice_v0,False,0.9856466036104106,0.8321026166804593
2,0,1,0,high_early_precursor,positive_0p10_left_mid_loading_early_stance_v0_M1:2359:0,positive_0p10_left_mid_loading_early_stance_v0_M1,False,0.9901234017355072,0.9855945658562314
2,0,1,0,high_early_precursor,positive_0p10_left_mid_loading_early_stance_v0_M1:1769:0,positive_0p10_left_mid_loading_early_stance_v0_M1,False,0.9913510392554912,0.8912097443148809
2,0,1,0,high_early_precursor,sand_solref_interpolation_5of6_stronger_v2_0p15_v03:1599:0,sand_solref_interpolation_5of6_stronger_v2_0p15_v03,False,0.9928795072120356,0.9987610437514461
2,0,1,0,high_early_precursor,positive_0p20_left_mid_loading_early_stance_v0_M1:2429:0,positive_0p20_left_mid_loading_early_stance_v0_M1,False,0.9930688610852768,0.9692880630427329
2,0,1,0,high_early_precursor,positive_0p20_left_mid_loading_early_stance_v0_M1:2419:0,positive_0p20_left_mid_loading_early_stance_v0_M1,False,0.995103161387907,0.9455226231511706
2,0,1,0,high_early_precursor,positive_0p10_right_mid_loading_early_stance_v0_M1:899:1,positive_0p10_right_mid_loading_early_stance_v0_M1,False,0.9951303231024864,0.9504689739528871
2,0,1,0,high_early_precursor,positive_0p20_left_mid_loading_early_stance_v0_M1:2369:0,positive_0p20_left_mid_loading_early_stance_v0_M1,False,0.996464073418109,0.5080025506421687
2,0,1,0,high_early_precursor,positive_0p20_left_mid_loading_early_stance_v0_M1:2409:0,positive_0p20_left_mid_loading_early_stance_v0_M1,False,0.99661958782406,0.6316711564912628
2,0,1,0,high_early_precursor,positive_0p20_left_mid_late_stance_native_strong_ice_v0:2369:0,positive_0p20_left_mid_late_stance_native_strong_ice_v0,False,0.9975237867646145,0.8148976794078875
2,0,1,0,high_early_precursor,positive_0p10_right_mid_loading_early_stance_v0_M1:909:1,positive_0p10_right_mid_loading_early_stance_v0_M1,False,0.9980290829071868,0.9696486416528889
2,0,1,0,high_early_precursor,positive_0p10_right_mid_loading_early_stance_v0_M1:919:1,positive_0p10_right_mid_loading_early_stance_v0_M1,False,0.9981030434949846,0.9975390183375797
2,0,1,0,high_early_precursor,ice_native_0p15_v03:2779:1,ice_native_0p15_v03,False,0.9982838718202788,0.9996105397720794
2,0,1,0,high_early_precursor,ice_native_0p10_v03:1449:1,ice_native_0p10_v03,False,0.9984065914204212,0.8746241010658665
2,0,1,0,high_early_precursor,ice_native_0p10_v03:2139:1,ice_native_0p10_v03,False,0.998762883798172,0.919202586746037
2,0,1,0,high_early_precursor,sand_solref_interpolation_3of4_stronger_v2_0p15_v03:1679:0,sand_solref_interpolation_3of4_stronger_v2_0p15_v03,False,0.9988587430174263,0.9997211232447323
2,0,1,0,high_early_precursor,sand_solref_interpolation_2of3_0p15_v03:1659:0,sand_solref_interpolation_2of3_0p15_v03,False,0.9996992553667196,0.9994374396677028
2,0,1,0,high_early_precursor,sand_solref_interpolation_3of4_stronger_v2_0p15_v03:1669:0,sand_solref_interpolation_3of4_stronger_v2_0p15_v03,False,0.9997043690337892,0.9993709951314951
2,0,1,0,high_early_precursor,positive_0p10_right_mid_loading_early_stance_native_strong_ice_v0:949:1,positive_0p10_right_mid_loading_early_stance_native_strong_ice_v0,False,0.9997324815140353,0.6351308807584479
2,0,1,0,high_early_precursor,positive_0p10_right_mid_loading_early_stance_native_strong_ice_v0:939:1,positive_0p10_right_mid_loading_early_stance_native_strong_ice_v0,False,0.9998482798440088,0.8469189801412846
2,0,1,0,high_early_precursor,sand_solref_interpolation_3of4_stronger_v2_0p15_v03:1689:0,sand_solref_interpolation_3of4_stronger_v2_0p15_v03,False,0.9998641183487188,0.9999695337055229
2,0,1,0,high_early_precursor,sand_solref_interpolation_2of3_0p15_v03:1669:0,sand_solref_interpolation_2of3_0p15_v03,False,0.9999906112967785,0.9997509848330045
2,0,1,0,high_early_precursor,ice_native_0p15_v03:2759:1,ice_native_0p15_v03,False,0.9999955484701745,0.9995739670063838
2,0,1,0,high_early_precursor,ice_native_0p20_v03:1329:0,ice_native_0p20_v03,False,0.9999957766623173,0.6463377351355407
2,0,1,0,high_early_precursor,ice_native_0p15_v03:2739:1,ice_native_0p15_v03,False,0.9999988558093886,0.9918519834643214
2,0,1,0,high_early_precursor,ice_native_0p20_v03:1359:0,ice_native_0p20_v03,False,0.9999988744332869,0.9982737770280853
2,0,1,0,high_early_precursor,ice_native_0p20_v03:1349:0,ice_native_0p20_v03,False,0.9999999802820536,0.9832839985373789
2,0,1,0,high_early_precursor,ice_native_0p15_v03:2749:1,ice_native_0p15_v03,False,0.9999999960572887,0.9991470613309769
2,0,1,0,high_early_precursor,ice_native_0p20_v03:1369:0,ice_native_0p20_v03,False,0.9999999996817945,0.9810205112321522
2,0,1,0,high_early_precursor,ice_native_0p15_v03:2529:0,ice_native_0p15_v03,False,0.9999999997520701,0.9295138214115708
2,0,1,0,high_early_precursor,ice_native_0p15_v03:2539:0,ice_native_0p15_v03,False,0.9999999999776119,0.9841438300188898
2,0,1,0,high_early_precursor,ice_native_0p20_v03:1339:0,ice_native_0p20_v03,False,0.9999999999938578,0.9756923096920108
2,0,1,0,high_early_precursor,ice_native_0p15_v03:2519:0,ice_native_0p15_v03,False,0.9999999999994589,0.9992829739494872
2,0,1,0,wrong_foot,ice_native_0p20_v00:929:1,ice_native_0p20_v00,False,0.999566706324895,0.14797624403116133
2,0,1,0,wrong_foot,ice_native_0p15_v00:1889:0,ice_native_0p15_v00,False,0.22359022132460765,0.9353321011429349
2,0,1,0,wrong_foot,ice_native_0p20_v00:1799:1,ice_native_0p20_v00,False,0.6416056852667984,0.5201418008330985
2,0,1,0,wrong_foot,ice_native_0p20_v03:1879:0,ice_native_0p20_v03,False,0.9972724705132854,0.19037857855542523
2,0,1,0,wrong_foot,ice_native_0p20_v03:1839:0,ice_native_0p20_v03,False,0.9777536882724859,0.2550465015419894
2,0,1,0,wrong_foot,ice_native_0p15_v00:919:1,ice_native_0p15_v00,False,0.9952102286402781,0.24022471085493946
2,0,1,0,wrong_foot,ice_native_0p10_v03:1479:1,ice_native_0p10_v03,False,0.2915413901798519,0.9572750669849084
2,0,1,0,wrong_foot,positive_0p10_left_early_loading_native_strong_ice_v0:1519:1,positive_0p10_left_early_loading_native_strong_ice_v0,False,0.873915640790308,0.39893485826457786
2,0,1,0,wrong_foot,positive_0p10_left_early_loading_native_strong_ice_v0:1529:1,positive_0p10_left_early_loading_native_strong_ice_v0,False,0.9803576455662475,0.30266603876223264
2,0,1,0,wrong_foot,ice_native_0p15_v00:2969:0,ice_native_0p15_v00,False,0.49294007914328747,0.836463218389952
2,0,1,0,wrong_foot,ice_native_0p20_v03:1899:0,ice_native_0p20_v03,False,0.9882998225649234,0.39809359530953636
2,0,1,0,wrong_foot,ice_native_0p20_v03:2069:0,ice_native_0p20_v03,False,0.42182994211632724,0.9663778310189787
2,0,1,0,wrong_foot,ice_native_0p15_v00:1819:0,ice_native_0p15_v00,False,0.5075089450568491,0.8808876343989442
2,0,1,0,wrong_foot,ice_native_0p10_v03:1459:1,ice_native_0p10_v03,False,0.9156662526389794,0.4858135486919785
2,0,1,0,wrong_foot,ice_native_0p15_v00:1869:0,ice_native_0p15_v00,False,0.41913707305510545,0.9826021953587661
2,0,1,0,wrong_foot,ice_native_0p15_v00:2959:0,ice_native_0p15_v00,False,0.8731971687978362,0.5414906168901138
2,0,1,0,wrong_foot,ice_native_0p20_v03:1919:0,ice_native_0p20_v03,False,0.8804930819147633,0.5493901316589447
2,0,1,0,wrong_foot,ice_native_0p15_v00:1839:0,ice_native_0p15_v00,False,0.49471597167671233,0.9759264392390623
2,0,1,0,wrong_foot,ice_native_0p15_v00:2899:0,ice_native_0p15_v00,False,0.9283653150166316,0.6034502864297958
2,0,1,0,wrong_foot,ice_native_0p20_v03:1889:0,ice_native_0p20_v03,False,0.999680152740105,0.5862966958074408
2,0,1,0,wrong_foot,ice_native_0p20_v00:919:1,ice_native_0p20_v00,False,0.9992458401304735,0.6049810581508833
2,0,1,0,wrong_foot,ice_native_0p20_v03:1929:0,ice_native_0p20_v03,False,0.8385293981079645,0.7702780085772379
2,0,1,0,wrong_foot,ice_native_0p15_v00:1209:0,ice_native_0p15_v00,False,0.9998902141390756,0.619608773114327
2,0,1,0,wrong_foot,ice_native_0p15_v00:1899:0,ice_native_0p15_v00,False,0.9987071112717484,0.6612483995766133
2,0,1,0,wrong_foot,ice_native_0p20_v03:2669:0,ice_native_0p20_v03,False,0.6653956636313584,0.9996434761707115
2,0,1,0,wrong_foot,ice_native_0p10_v03:1469:1,ice_native_0p10_v03,False,0.8370936268980509,0.8936824417954831
2,0,1,0,wrong_foot,ice_native_0p15_v00:1829:0,ice_native_0p15_v00,False,0.8220614958933512,0.9167811678691351
2,0,1,0,wrong_foot,ice_native_0p10_v03:1449:1,ice_native_0p10_v03,False,0.9984065914204212,0.8746241010658665
2,0,1,0,wrong_foot,ice_native_0p20_v00:579:0,ice_native_0p20_v00,False,0.8920941358499352,0.9892347175841885
2,0,1,0,wrong_foot,ice_native_0p20_v00:559:0,ice_native_0p20_v00,False,0.9083946542214123,0.9885230764226628
2,1,0,1,high_normal,positive_0p20_left_early_loading_v1_M1:1719:0,positive_0p20_left_early_loading_v1_M1,False,0.9999993598908138,0.9946903757058361
2,1,0,1,high_normal,positive_0p15_right_mid_loading_early_stance_native_strong_ice_v1:909:0,positive_0p15_right_mid_loading_early_stance_native_strong_ice_v1,False,0.9999993781408328,0.002013928712034341
2,1,0,1,high_normal,positive_0p15_left_mid_loading_early_stance_native_strong_ice_v1:669:1,positive_0p15_left_mid_loading_early_stance_native_strong_ice_v1,False,0.9999993841688708,0.01669033356612877
2,1,0,1,high_normal,positive_0p10_right_mid_loading_early_stance_native_strong_ice_v1:2219:0,positive_0p10_right_mid_loading_early_stance_native_strong_ice_v1,False,0.9999993901378561,0.003932048855293063
2,1,0,1,high_normal,positive_0p15_left_early_loading_v1_M1:479:1,positive_0p15_left_early_loading_v1_M1,False,0.9999993930843398,0.01307427403303963
2,1,0,1,high_normal,positive_0p20_left_early_loading_v1_M1:1699:0,positive_0p20_left_early_loading_v1_M1,False,0.999999398375135,0.6713635002515146
2,1,0,1,high_normal,positive_0p10_left_mid_late_stance_v1_M1:1749:0,positive_0p10_left_mid_late_stance_v1_M1,False,0.9999994027530462,0.7490998632841254
2,1,0,1,high_normal,positive_0p20_right_mid_loading_early_stance_v1_M1:2139:0,positive_0p20_right_mid_loading_early_stance_v1_M1,False,0.9999994169949202,0.04373096323059639
2,1,0,1,high_normal,positive_0p15_left_mid_late_stance_native_strong_ice_v1:699:1,positive_0p15_left_mid_late_stance_native_strong_ice_v1,False,0.9999994198037454,0.00020397074191098115
2,1,0,1,high_normal,supplemental_positive_v8_l01:1829:0,supplemental_positive_v8_l01,False,0.9999994310506122,0.9840443204307396
2,1,0,1,high_normal,ice_native_0p10_v01:2639:1,ice_native_0p10_v01,False,0.9999994393497481,0.0011664134664521218
2,1,0,1,high_normal,positive_0p10_left_mid_loading_early_stance_native_strong_ice_v1:669:1,positive_0p10_left_mid_loading_early_stance_native_strong_ice_v1,False,0.999999442756993,0.0018402806535054057
2,1,0,1,high_normal,positive_0p20_right_mid_loading_early_stance_native_strong_ice_v1:949:0,positive_0p20_right_mid_loading_early_stance_native_strong_ice_v1,False,0.9999994456501884,0.08314621698512362
2,1,0,1,high_normal,positive_0p10_left_early_loading_v1_M1:499:1,positive_0p10_left_early_loading_v1_M1,False,0.9999994465181378,0.00017730236457410225
2,1,0,1,high_normal,positive_0p10_right_early_loading_v1_M1:1459:0,positive_0p10_right_early_loading_v1_M1,False,0.9999994701758994,3.825555200760998e-08
2,1,0,1,high_normal,positive_0p15_left_early_loading_native_strong_ice_v1:479:1,positive_0p15_left_early_loading_native_strong_ice_v1,False,0.9999994905478202,1.182426415991602e-05
2,1,0,1,high_normal,positive_0p15_left_mid_loading_early_stance_native_strong_ice_v1:619:1,positive_0p15_left_mid_loading_early_stance_native_strong_ice_v1,False,0.9999995048594166,0.03475990938177625
2,1,0,1,high_normal,sand_solref_interpolation_5of6_stronger_v2_0p10_v04:2159:0,sand_solref_interpolation_5of6_stronger_v2_0p10_v04,False,0.9999995180596846,0.9999258758008738
2,1,0,1,high_normal,positive_0p10_right_mid_loading_early_stance_v1_M1:1229:1,positive_0p10_right_mid_loading_early_stance_v1_M1,False,0.9999995243265105,0.9826000414108085
2,1,0,1,high_normal,sand_solref_interpolation_2of3_0p10_v04:2539:0,sand_solref_interpolation_2of3_0p10_v04,False,0.9999995245412816,0.9991495199598294
2,1,0,1,high_normal,positive_0p10_left_mid_loading_early_stance_native_strong_ice_v1:619:1,positive_0p10_left_mid_loading_early_stance_native_strong_ice_v1,False,0.999999566348134,0.0320392347016859
2,1,0,1,high_normal,positive_0p10_left_mid_loading_early_stance_v1_M1:1879:1,positive_0p10_left_mid_loading_early_stance_v1_M1,False,0.9999995707039506,0.19871989034713877
2,1,0,1,high_normal,positive_0p10_left_mid_loading_early_stance_native_strong_ice_v1:2479:1,positive_0p10_left_mid_loading_early_stance_native_strong_ice_v1,False,0.9999995720574164,8.943338494880491e-05
2,1,0,1,high_normal,positive_0p20_left_mid_loading_early_stance_native_strong_ice_v1:1679:0,positive_0p20_left_mid_loading_early_stance_native_strong_ice_v1,False,0.9999995819023179,0.9884586386409447
2,1,0,1,high_normal,positive_0p10_right_early_loading_v1_M1:1009:0,positive_0p10_right_early_loading_v1_M1,False,0.9999995820432855,1.931925471683782e-06
2,1,0,1,high_normal,positive_0p15_left_mid_loading_early_stance_native_strong_ice_v1:1899:1,positive_0p15_left_mid_loading_early_stance_native_strong_ice_v1,False,0.9999995917003759,0.009274902649548817
2,1,0,1,high_normal,sand_solref_interpolation_3of4_stronger_v2_0p10_v04:2039:0,sand_solref_interpolation_3of4_stronger_v2_0p10_v04,False,0.9999996000996048,0.903537148833884
2,1,0,1,high_normal,ice_native_0p10_v01:2589:1,ice_native_0p10_v01,False,0.9999996083025575,0.20350330372013548
2,1,0,1,high_normal,positive_0p15_left_mid_loading_early_stance_native_strong_ice_v1:1909:1,positive_0p15_left_mid_loading_early_stance_native_strong_ice_v1,False,0.999999610022583,0.0065959958750465295
2,1,0,1,high_normal,positive_0p15_left_mid_late_stance_native_strong_ice_v1:1129:0,positive_0p15_left_mid_late_stance_native_strong_ice_v1,False,0.9999996115101365,0.9987123907308348
2,1,0,1,high_normal,positive_0p15_right_mid_late_stance_v1_M1:2019:1,positive_0p15_right_mid_late_stance_v1_M1,False,0.999999620899918,0.9270045601163984
2,1,0,1,high_normal,positive_0p10_right_early_loading_v1_M1:1559:0,positive_0p10_right_early_loading_v1_M1,False,0.9999996238801736,0.001788380711583181
2,1,0,1,high_normal,positive_0p15_left_mid_late_stance_native_strong_ice_v1:689:1,positive_0p15_left_mid_late_stance_native_strong_ice_v1,False,0.9999996246048882,5.089531537435078e-05
2,1,0,1,high_normal,positive_0p15_left_early_loading_v1_M1:519:1,positive_0p15_left_early_loading_v1_M1,False,0.9999996317967249,3.761561507508881e-07
2,1,0,1,high_normal,positive_0p20_left_early_loading_native_strong_ice_v1:1429:1,positive_0p20_left_early_loading_native_strong_ice_v1,False,0.9999996333343911,0.16372734511764678
2,1,0,1,high_normal,positive_0p10_left_early_loading_v1_M1:2119:1,positive_0p10_left_early_loading_v1_M1,False,0.999999646352882,0.15048536844547067
2,1,0,1,high_normal,positive_0p20_left_mid_loading_early_stance_native_strong_ice_v1:1309:1,positive_0p20_left_mid_loading_early_stance_native_strong_ice_v1,False,0.9999996543040528,0.015417847286183164
2,1,0,1,high_normal,sand_solref_interpolation_2of3_0p15_v01:1619:0,sand_solref_interpolation_2of3_0p15_v01,False,0.999999658959591,0.9223198517830093
2,1,0,1,high_normal,positive_0p10_right_mid_loading_early_stance_native_strong_ice_v1:2699:0,positive_0p10_right_mid_loading_early_stance_native_strong_ice_v1,False,0.9999996597808415,0.05916054376943062
2,1,0,1,high_normal,positive_0p10_left_mid_loading_early_stance_native_strong_ice_v1:1689:0,positive_0p10_left_mid_loading_early_stance_native_strong_ice_v1,False,0.9999996636376597,0.997277526417411
2,1,0,1,high_normal,positive_0p20_right_mid_loading_early_stance_native_strong_ice_v1:1499:0,positive_0p20_right_mid_loading_early_stance_native_strong_ice_v1,False,0.9999996699667134,0.00012925508504831997
2,1,0,1,high_normal,positive_0p10_left_early_loading_native_strong_ice_v1:449:1,positive_0p10_left_early_loading_native_strong_ice_v1,False,0.9999996886315708,0.004257749196600391
2,1,0,1,high_normal,positive_0p10_right_mid_loading_early_stance_native_strong_ice_v1:2209:0,positive_0p10_right_mid_loading_early_stance_native_strong_ice_v1,False,0.9999996903008772,0.004276727462676296
2,1,0,1,high_normal,positive_0p15_right_early_loading_native_strong_ice_v1:429:0,positive_0p15_right_early_loading_native_strong_ice_v1,False,0.9999996927280541,0.03150000001511072
2,1,0,1,high_normal,positive_0p10_right_mid_loading_early_stance_native_strong_ice_v1:2709:0,positive_0p10_right_mid_loading_early_stance_native_strong_ice_v1,False,0.9999996992769257,0.0023484137559085095
2,1,0,1,high_normal,ice_native_0p15_v04:279:0,ice_native_0p15_v04,False,0.9999996997451839,0.9624826814666174
2,1,0,1,high_normal,positive_0p20_left_mid_loading_early_stance_native_strong_ice_v1:1319:1,positive_0p20_left_mid_loading_early_stance_native_strong_ice_v1,False,0.9999996999294304,0.0069902228882353385
2,1,0,1,high_normal,positive_0p10_left_mid_loading_early_stance_native_strong_ice_v1:659:1,positive_0p10_left_mid_loading_early_stance_native_strong_ice_v1,False,0.9999997174570082,0.015145423320277615
2,1,0,1,high_normal,positive_0p20_left_mid_loading_early_stance_native_strong_ice_v1:1339:1,positive_0p20_left_mid_loading_early_stance_native_strong_ice_v1,False,0.9999997201769398,0.006208801729562031
2,1,0,1,high_normal,positive_0p20_right_early_loading_v1_M1:449:0,positive_0p20_right_early_loading_v1_M1,False,0.9999997277806117,0.09762889231376078
2,1,0,1,high_normal,positive_0p10_right_early_loading_v1_M1:799:0,positive_0p10_right_early_loading_v1_M1,False,0.9999997319100778,1.7228776189759115e-06
2,1,0,1,high_normal,positive_0p20_left_early_loading_native_strong_ice_v1:1109:1,positive_0p20_left_early_loading_native_strong_ice_v1,False,0.9999997351247398,0.49681482717807135
2,1,0,1,high_normal,positive_0p10_right_mid_loading_early_stance_native_strong_ice_v1:2679:0,positive_0p10_right_mid_loading_early_stance_native_strong_ice_v1,False,0.9999997502911737,0.0327085881366359
2,1,0,1,high_normal,positive_0p10_right_mid_loading_early_stance_native_strong_ice_v1:2199:0,positive_0p10_right_mid_loading_early_stance_native_strong_ice_v1,False,0.9999997650300935,0.00343117659719176
2,1,0,1,high_normal,positive_0p10_right_mid_loading_early_stance_native_strong_ice_v1:2159:0,positive_0p10_right_mid_loading_early_stance_native_strong_ice_v1,False,0.9999997850204942,1.382346816241912e-05
2,1,0,1,high_normal,positive_0p20_left_mid_loading_early_stance_native_strong_ice_v1:1329:1,positive_0p20_left_mid_loading_early_stance_native_strong_ice_v1,False,0.9999997861882426,0.00557542583929233
2,1,0,1,high_normal,positive_0p10_right_mid_loading_early_stance_native_strong_ice_v1:2169:0,positive_0p10_right_mid_loading_early_stance_native_strong_ice_v1,False,0.9999997874213918,0.0005417351791370444
2,1,0,1,high_normal,positive_0p15_left_mid_late_stance_native_strong_ice_v1:1119:0,positive_0p15_left_mid_late_stance_native_strong_ice_v1,False,0.9999997904284266,0.8429073789253207
2,1,0,1,high_normal,positive_0p10_left_early_loading_native_strong_ice_v1:499:1,positive_0p10_left_early_loading_native_strong_ice_v1,False,0.9999997924410926,9.990644714635384e-07
2,1,0,1,high_normal,positive_0p20_right_early_loading_v1_M1:799:0,positive_0p20_right_early_loading_v1_M1,False,0.9999997961055893,2.167948353075303e-05
2,1,0,1,high_normal,ice_native_0p10_v01:1089:0,ice_native_0p10_v01,False,0.9999997962183789,0.006446041833748408
2,1,0,1,high_normal,positive_0p10_right_early_loading_v1_M1:1539:0,positive_0p10_right_early_loading_v1_M1,False,0.9999998001293506,2.123046887590047e-06
2,1,0,1,high_normal,sand_solref_interpolation_3of4_stronger_v2_0p10_v04:2369:0,sand_solref_interpolation_3of4_stronger_v2_0p10_v04,False,0.9999998018326601,0.06491352348331607
2,1,0,1,high_normal,positive_0p10_left_mid_loading_early_stance_v1_M1:1289:1,positive_0p10_left_mid_loading_early_stance_v1_M1,False,0.9999998063788109,0.0027811718468748045
2,1,0,1,high_normal,positive_0p20_right_mid_late_stance_native_strong_ice_v1:2719:0,positive_0p20_right_mid_late_stance_native_strong_ice_v1,False,0.999999814965927,0.005667569337613604
2,1,0,1,high_normal,positive_0p10_left_mid_late_stance_native_strong_ice_v1:2949:0,positive_0p10_left_mid_late_stance_native_strong_ice_v1,False,0.9999998163378072,0.9612339477110902
2,1,0,1,high_normal,positive_0p10_right_mid_loading_early_stance_native_strong_ice_v1:2809:0,positive_0p10_right_mid_loading_early_stance_native_strong_ice_v1,False,0.999999819058255,0.00177164819155984
2,1,0,1,high_normal,positive_0p20_left_early_loading_v1_M1:1669:0,positive_0p20_left_early_loading_v1_M1,False,0.9999998223501056,0.004751201357418127
2,1,0,1,high_normal,positive_0p15_right_mid_loading_early_stance_native_strong_ice_v1:959:0,positive_0p15_right_mid_loading_early_stance_native_strong_ice_v1,False,0.9999998272363574,0.14900951218625022
2,1,0,1,high_normal,positive_0p10_left_early_loading_native_strong_ice_v1:829:1,positive_0p10_left_early_loading_native_strong_ice_v1,False,0.9999998288485399,8.414701797041505e-05
2,1,0,1,high_normal,positive_0p10_right_mid_loading_early_stance_native_strong_ice_v1:2819:0,positive_0p10_right_mid_loading_early_stance_native_strong_ice_v1,False,0.9999998303902656,0.0014361645223195706
2,1,0,1,high_normal,sand_solref_interpolation_3of4_stronger_v2_0p10_v04:2679:0,sand_solref_interpolation_3of4_stronger_v2_0p10_v04,False,0.9999998400644936,0.6948809630189513
2,1,0,1,high_normal,positive_0p20_left_mid_loading_early_stance_native_strong_ice_v1:1239:1,positive_0p20_left_mid_loading_early_stance_native_strong_ice_v1,False,0.9999998484592917,0.014700598306518587
2,1,0,1,high_normal,positive_0p10_right_early_loading_native_strong_ice_v1:789:0,positive_0p10_right_early_loading_native_strong_ice_v1,False,0.9999998485331668,9.554313292849e-05
2,1,0,1,high_normal,positive_0p15_right_mid_late_stance_native_strong_ice_v1:2599:1,positive_0p15_right_mid_late_stance_native_strong_ice_v1,False,0.999999850354863,0.9913300400973221
2,1,0,1,high_normal,positive_0p15_left_early_loading_v1_M1:1119:1,positive_0p15_left_early_loading_v1_M1,False,0.9999998521961829,0.7331681802609321
2,1,0,1,high_normal,ice_native_0p20_v01:1079:0,ice_native_0p20_v01,False,0.9999998563195889,0.017719571424349878
2,1,0,1,high_normal,positive_0p20_right_mid_late_stance_v1_M1:2019:1,positive_0p20_right_mid_late_stance_v1_M1,False,0.9999998597603154,0.905774379569734
2,1,0,1,high_normal,positive_0p10_left_mid_loading_early_stance_native_strong_ice_v1:2489:1,positive_0p10_left_mid_loading_early_stance_native_strong_ice_v1,False,0.9999998614566165,0.00041190572369735807
2,1,0,1,high_normal,positive_0p20_left_mid_loading_early_stance_native_strong_ice_v1:1249:1,positive_0p20_left_mid_loading_early_stance_native_strong_ice_v1,False,0.9999998622746228,0.0014473177223785522
2,1,0,1,high_normal,positive_0p15_left_mid_loading_early_stance_native_strong_ice_v1:1869:1,positive_0p15_left_mid_loading_early_stance_native_strong_ice_v1,False,0.9999998626322752,0.19322688233981605
2,1,0,1,high_normal,positive_0p20_left_mid_loading_early_stance_native_strong_ice_v1:1289:1,positive_0p20_left_mid_loading_early_stance_native_strong_ice_v1,False,0.9999998735629443,0.14905457191664181
2,1,0,1,high_normal,positive_0p10_left_mid_loading_early_stance_native_strong_ice_v1:639:1,positive_0p10_left_mid_loading_early_stance_native_strong_ice_v1,False,0.9999998775819491,0.01868471942273142
2,1,0,1,high_normal,positive_0p20_right_early_loading_v1_M1:1639:0,positive_0p20_right_early_loading_v1_M1,False,0.9999998784164777,0.9471600756581826
2,1,0,1,high_normal,positive_0p15_left_mid_loading_early_stance_native_strong_ice_v1:1889:1,positive_0p15_left_mid_loading_early_stance_native_strong_ice_v1,False,0.9999998800190026,0.03513420151011119
2,1,0,1,high_normal,positive_0p10_left_mid_late_stance_native_strong_ice_v1:2929:0,positive_0p10_left_mid_late_stance_native_strong_ice_v1,False,0.9999998820642223,0.7754626997917811
2,1,0,1,high_normal,ice_native_0p15_v04:2989:0,ice_native_0p15_v04,False,0.9999998862145755,0.9934561346789651
2,1,0,1,high_normal,positive_0p20_left_mid_loading_early_stance_native_strong_ice_v1:1229:1,positive_0p20_left_mid_loading_early_stance_native_strong_ice_v1,False,0.9999998885245991,0.11324006982549374
2,1,0,1,high_normal,positive_0p15_left_mid_loading_early_stance_v1_M1:479:0,positive_0p15_left_mid_loading_early_stance_v1_M1,False,0.9999998888744287,0.9281591943808359
2,1,0,1,high_normal,sand_solref_interpolation_2of3_0p10_v04:1859:0,sand_solref_interpolation_2of3_0p10_v04,False,0.9999998908499333,0.8463392627236832
2,1,0,1,high_normal,ice_native_0p10_v04:569:1,ice_native_0p10_v04,False,0.9999998909119688,0.007900243050309137
2,1,0,1,high_normal,positive_0p10_left_early_loading_v1_M1:1099:1,positive_0p10_left_early_loading_v1_M1,False,0.9999998935284604,0.02120164915980372
2,1,0,1,high_normal,positive_0p20_right_early_loading_v1_M1:1649:0,positive_0p20_right_early_loading_v1_M1,False,0.9999998949331209,0.9865222521865071
2,1,0,1,high_normal,positive_0p15_left_mid_loading_early_stance_native_strong_ice_v1:659:1,positive_0p15_left_mid_loading_early_stance_native_strong_ice_v1,False,0.9999998969644359,0.17179921955951497
2,1,0,1,high_normal,positive_0p10_right_early_loading_v1_M1:1169:1,positive_0p10_right_early_loading_v1_M1,False,0.9999999005643395,0.9989605794925017
2,1,0,1,high_normal,positive_0p10_right_mid_loading_early_stance_native_strong_ice_v1:2189:0,positive_0p10_right_mid_loading_early_stance_native_strong_ice_v1,False,0.9999999013592731,0.004942490438978584
2,1,0,1,high_normal,positive_0p10_left_early_loading_v1_M1:829:1,positive_0p10_left_early_loading_v1_M1,False,0.9999999025181052,8.220558996638181e-05
2,1,0,1,high_normal,positive_0p10_right_mid_loading_early_stance_native_strong_ice_v1:2179:0,positive_0p10_right_mid_loading_early_stance_native_strong_ice_v1,False,0.9999999042059812,0.006424735435020924
2,1,0,1,high_normal,sand_solref_interpolation_5of6_stronger_v2_0p10_v04:2689:0,sand_solref_interpolation_5of6_stronger_v2_0p10_v04,False,0.9999999092216261,0.012738916709499557
2,1,0,1,high_normal,positive_0p15_left_mid_loading_early_stance_native_strong_ice_v1:1279:1,positive_0p15_left_mid_loading_early_stance_native_strong_ice_v1,False,0.9999999135385199,0.008658240065310224
2,1,0,1,high_normal,positive_0p10_left_mid_loading_early_stance_native_strong_ice_v1:1679:0,positive_0p10_left_mid_loading_early_stance_native_strong_ice_v1,False,0.9999999137949839,0.97739373528153
2,1,0,1,high_normal,positive_0p15_left_early_loading_native_strong_ice_v1:449:1,positive_0p15_left_early_loading_native_strong_ice_v1,False,0.9999999175194297,0.014957568420153179
2,1,0,1,high_normal,positive_0p10_left_early_loading_native_strong_ice_v1:489:1,positive_0p10_left_early_loading_native_strong_ice_v1,False,0.9999999209527324,9.113886270581889e-07
2,1,0,1,high_normal,positive_0p10_right_mid_late_stance_native_strong_ice_v1:1429:1,positive_0p10_right_mid_late_stance_native_strong_ice_v1,False,0.9999999256291363,0.9509960279816491
2,1,0,1,high_normal,positive_0p20_left_early_loading_v1_M1:1119:1,positive_0p20_left_early_loading_v1_M1,False,0.9999999264388905,0.21717914052071324
2,1,0,1,high_normal,positive_0p20_left_mid_loading_early_stance_native_strong_ice_v1:1269:1,positive_0p20_left_mid_loading_early_stance_native_strong_ice_v1,False,0.9999999294207064,0.0001360295183386761
2,1,0,1,high_normal,positive_0p15_left_mid_loading_early_stance_v1_M1:489:0,positive_0p15_left_mid_loading_early_stance_v1_M1,False,0.9999999334058274,0.9592620893933337
2,1,0,1,high_normal,positive_0p15_right_mid_loading_early_stance_native_strong_ice_v1:2149:0,positive_0p15_right_mid_loading_early_stance_native_strong_ice_v1,False,0.9999999363169362,0.0004467063295114579
2,1,0,1,high_normal,positive_0p10_right_mid_loading_early_stance_native_strong_ice_v1:2069:0,positive_0p10_right_mid_loading_early_stance_native_strong_ice_v1,False,0.9999999426192598,0.0007544539308077789
2,1,0,1,high_normal,positive_0p10_right_early_loading_v1_M1:1159:1,positive_0p10_right_early_loading_v1_M1,False,0.9999999455421932,0.998166564429419
2,1,0,1,high_normal,positive_0p10_left_mid_loading_early_stance_v1_M1:1279:1,positive_0p10_left_mid_loading_early_stance_v1_M1,False,0.9999999470294055,0.003383807986229633
2,1,0,1,high_normal,positive_0p15_left_early_loading_native_strong_ice_v1:459:1,positive_0p15_left_early_loading_native_strong_ice_v1,False,0.9999999481059354,0.004483928408850777
2,1,0,1,high_normal,positive_0p10_right_mid_loading_early_stance_v1_M1:1249:1,positive_0p10_right_mid_loading_early_stance_v1_M1,False,0.9999999489468899,0.991203955902486
2,1,0,1,high_normal,positive_0p10_right_early_loading_native_strong_ice_v1:1149:1,positive_0p10_right_early_loading_native_strong_ice_v1,False,0.9999999500581747,0.7171904257875681
2,1,0,1,high_normal,positive_0p10_right_mid_loading_early_stance_native_strong_ice_v1:2789:0,positive_0p10_right_mid_loading_early_stance_native_strong_ice_v1,False,0.9999999515335066,0.003646186682468068
2,1,0,1,high_normal,positive_0p15_left_mid_late_stance_native_strong_ice_v1:679:1,positive_0p15_left_mid_late_stance_native_strong_ice_v1,False,0.999999953551325,3.1790751707579035e-05
2,1,0,1,high_normal,positive_0p20_right_mid_late_stance_v1_M1:849:1,positive_0p20_right_mid_late_stance_v1_M1,False,0.9999999539395755,0.9980924900322622
2,1,0,1,high_normal,ice_native_0p10_v01:1109:0,ice_native_0p10_v01,False,0.9999999571783523,0.36792124941699195
2,1,0,1,high_normal,positive_0p10_right_early_loading_v1_M1:1549:0,positive_0p10_right_early_loading_v1_M1,False,0.9999999579519778,6.821333565656203e-05
2,1,0,1,high_normal,ice_native_0p10_v01:1189:0,ice_native_0p10_v01,False,0.9999999636191186,0.0008114655188901539
2,1,0,1,high_normal,sand_solref_interpolation_5of6_stronger_v2_0p10_v04:1939:0,sand_solref_interpolation_5of6_stronger_v2_0p10_v04,False,0.9999999640877677,0.013601761753366852
2,1,0,1,high_normal,positive_0p20_left_early_loading_native_strong_ice_v1:499:1,positive_0p20_left_early_loading_native_strong_ice_v1,False,0.9999999651435966,4.7860662770673994e-06
2,1,0,1,high_normal,positive_0p20_left_mid_loading_early_stance_native_strong_ice_v1:1279:1,positive_0p20_left_mid_loading_early_stance_native_strong_ice_v1,False,0.9999999696159836,0.006123183986396276
2,1,0,1,high_normal,positive_0p15_left_early_loading_native_strong_ice_v1:489:1,positive_0p15_left_early_loading_native_strong_ice_v1,False,0.9999999715518951,5.796831570564111e-06
2,1,0,1,high_normal,positive_0p15_left_early_loading_native_strong_ice_v1:499:1,positive_0p15_left_early_loading_native_strong_ice_v1,False,0.9999999720422713,2.2447112156468096e-06
2,1,0,1,high_normal,positive_0p20_left_mid_loading_early_stance_native_strong_ice_v1:2439:1,positive_0p20_left_mid_loading_early_stance_native_strong_ice_v1,False,0.9999999720609004,0.18533935435332752
2,1,0,1,high_normal,positive_0p15_left_mid_loading_early_stance_native_strong_ice_v1:1809:1,positive_0p15_left_mid_loading_early_stance_native_strong_ice_v1,False,0.9999999727377414,0.9773590456019118
2,1,0,1,high_normal,positive_0p15_left_mid_loading_early_stance_native_strong_ice_v1:1879:1,positive_0p15_left_mid_loading_early_stance_native_strong_ice_v1,False,0.9999999737966379,0.19091182759401273
2,1,0,1,high_normal,ice_native_0p15_v01:2439:0,ice_native_0p15_v01,False,0.9999999753863297,0.0008284039436231787
2,1,0,1,high_normal,positive_0p10_right_mid_loading_early_stance_native_strong_ice_v1:2799:0,positive_0p10_right_mid_loading_early_stance_native_strong_ice_v1,False,0.9999999759758681,0.0026530819357794035
2,1,0,1,high_normal,positive_0p10_right_early_loading_v1_M1:789:0,positive_0p10_right_early_loading_v1_M1,False,0.9999999762010768,9.447489180904097e-06
2,1,0,1,high_normal,sand_solref_interpolation_5of6_stronger_v2_0p15_v01:1599:0,sand_solref_interpolation_5of6_stronger_v2_0p15_v01,False,0.9999999788937011,0.9854706726224687
2,1,0,1,high_normal,positive_0p10_right_mid_loading_early_stance_native_strong_ice_v1:2779:0,positive_0p10_right_mid_loading_early_stance_native_strong_ice_v1,False,0.9999999793895658,0.004397706703340507
2,1,0,1,high_normal,positive_0p10_right_early_loading_v1_M1:1519:0,positive_0p10_right_early_loading_v1_M1,False,0.9999999805893635,1.179048930930644e-07
2,1,0,1,high_normal,positive_0p10_right_mid_loading_early_stance_native_strong_ice_v1:2759:0,positive_0p10_right_mid_loading_early_stance_native_strong_ice_v1,False,0.999999980736331,0.0001715198864398104
2,1,0,1,high_normal,positive_0p10_left_early_loading_v1_M1:869:0,positive_0p10_left_early_loading_v1_M1,False,0.9999999808735952,0.9997950854319158
2,1,0,1,high_normal,ice_native_0p15_v01:2449:0,ice_native_0p15_v01,False,0.9999999810315562,3.944982186640122e-05
2,1,0,1,high_normal,positive_0p10_left_early_loading_native_strong_ice_v1:459:1,positive_0p10_left_early_loading_native_strong_ice_v1,False,0.9999999817447766,0.006467640100726049
2,1,0,1,high_normal,ice_native_0p15_v01:2359:1,ice_native_0p15_v01,False,0.9999999828374594,0.13785881798234267
2,1,0,1,high_normal,sand_solref_interpolation_3of4_stronger_v2_0p15_v01:1599:0,sand_solref_interpolation_3of4_stronger_v2_0p15_v01,False,0.9999999834897362,0.9495061985094191
2,1,0,1,high_normal,positive_0p10_left_early_loading_v1_M1:519:1,positive_0p10_left_early_loading_v1_M1,False,0.9999999839980207,7.342951729410842e-06
2,1,0,1,high_normal,positive_0p20_left_early_loading_v1_M1:1719:1,positive_0p20_left_early_loading_v1_M1,False,0.9999999850788677,0.9999999047690662
2,1,0,1,high_normal,positive_0p15_left_mid_loading_early_stance_native_strong_ice_v1:639:1,positive_0p15_left_mid_loading_early_stance_native_strong_ice_v1,False,0.9999999851635843,0.010000190256292259
2,1,0,1,high_normal,positive_0p15_right_early_loading_native_strong_ice_v1:779:0,positive_0p15_right_early_loading_native_strong_ice_v1,False,0.9999999853078323,0.00028229302357584356
2,1,0,1,high_normal,positive_0p20_left_mid_loading_early_stance_native_strong_ice_v1:1259:1,positive_0p20_left_mid_loading_early_stance_native_strong_ice_v1,False,0.999999985317007,0.00025989589123472307
2,1,0,1,high_normal,positive_0p20_right_early_loading_native_strong_ice_v1:429:0,positive_0p20_right_early_loading_native_strong_ice_v1,False,0.9999999855005635,0.027092426934771426
2,1,0,1,high_normal,positive_0p20_right_early_loading_v1_M1:1619:0,positive_0p20_right_early_loading_v1_M1,False,0.9999999857344297,0.0005105139882183013
2,1,0,1,high_normal,positive_0p10_left_early_loading_v1_M1:2079:0,positive_0p10_left_early_loading_v1_M1,False,0.999999985841479,0.45632045085362216
2,1,0,1,high_normal,ice_native_0p10_v01:1079:0,ice_native_0p10_v01,False,0.9999999864293048,0.02264731883728691
2,1,0,1,high_normal,sand_solref_interpolation_5of6_stronger_v2_0p10_v01:1349:1,sand_solref_interpolation_5of6_stronger_v2_0p10_v01,False,0.9999999875832238,0.8681936676291636
2,1,0,1,high_normal,ice_native_0p10_v04:2459:1,ice_native_0p10_v04,False,0.9999999883708509,0.004443425586932026
2,1,0,1,high_normal,sand_solref_interpolation_5of6_stronger_v2_0p10_v04:1919:0,sand_solref_interpolation_5of6_stronger_v2_0p10_v04,False,0.9999999885549263,0.011703360730101713
2,1,0,1,high_normal,positive_0p20_left_early_loading_native_strong_ice_v1:459:1,positive_0p20_left_early_loading_native_strong_ice_v1,False,0.9999999887344792,0.04492077178147703
2,1,0,1,high_normal,positive_0p10_left_early_loading_v1_M1:479:1,positive_0p10_left_early_loading_v1_M1,False,0.9999999896797466,0.08089553102676873
2,1,0,1,high_normal,sand_solref_interpolation_5of6_stronger_v2_0p10_v04:1929:0,sand_solref_interpolation_5of6_stronger_v2_0p10_v04,False,0.9999999897813608,0.021501896350470725
2,1,0,1,high_normal,positive_0p15_left_early_loading_v1_M1:1969:1,positive_0p15_left_early_loading_v1_M1,False,0.9999999903700044,0.9996568912418825
2,1,0,1,high_normal,ice_native_0p10_v01:1119:0,ice_native_0p10_v01,False,0.9999999921127741,0.21616935225254472
2,1,0,1,high_normal,positive_0p10_left_mid_loading_early_stance_native_strong_ice_v1:649:1,positive_0p10_left_mid_loading_early_stance_native_strong_ice_v1,False,0.9999999927037588,0.04892558003796101
2,1,0,1,high_normal,positive_0p20_left_mid_loading_early_stance_native_strong_ice_v1:2429:1,positive_0p20_left_mid_loading_early_stance_native_strong_ice_v1,False,0.9999999930791343,0.35405083312195246
2,1,0,1,high_normal,positive_0p15_left_mid_loading_early_stance_native_strong_ice_v1:1859:1,positive_0p15_left_mid_loading_early_stance_native_strong_ice_v1,False,0.9999999933980126,0.007790299421908859
2,1,0,1,high_normal,ice_native_0p10_v01:2619:1,ice_native_0p10_v01,False,0.9999999942225364,0.00685823154437345
2,1,0,1,high_normal,sand_solref_interpolation_5of6_stronger_v2_0p10_v04:2069:0,sand_solref_interpolation_5of6_stronger_v2_0p10_v04,False,0.999999994352688,0.9930633111684055
2,1,0,1,high_normal,positive_0p20_left_early_loading_v1_M1:1929:1,positive_0p20_left_early_loading_v1_M1,False,0.9999999943633537,0.013351535887899505
2,1,0,1,high_normal,positive_0p20_right_early_loading_native_strong_ice_v1:769:0,positive_0p20_right_early_loading_native_strong_ice_v1,False,0.9999999950158651,1.972371656977829e-05
2,1,0,1,high_normal,positive_0p10_right_early_loading_v1_M1:1499:0,positive_0p10_right_early_loading_v1_M1,False,0.9999999953800089,1.5097239005590773e-06
2,1,0,1,high_normal,positive_0p15_left_early_loading_native_strong_ice_v1:469:1,positive_0p15_left_early_loading_native_strong_ice_v1,False,0.9999999956821137,0.0006495538042172225
2,1,0,1,high_normal,positive_0p10_left_mid_late_stance_v1_M1:1129:0,positive_0p10_left_mid_late_stance_v1_M1,False,0.9999999961468238,0.992345532796407
2,1,0,1,high_normal,positive_0p10_right_mid_loading_early_stance_native_strong_ice_v1:2719:0,positive_0p10_right_mid_loading_early_stance_native_strong_ice_v1,False,0.9999999963525976,9.950842304810532e-05
2,1,0,1,high_normal,positive_0p10_left_mid_loading_early_stance_v1_M1:1869:1,positive_0p10_left_mid_loading_early_stance_v1_M1,False,0.9999999966539908,0.22539754195132922
2,1,0,1,high_normal,positive_0p10_right_mid_loading_early_stance_v1_M1:1259:1,positive_0p10_right_mid_loading_early_stance_v1_M1,False,0.9999999973326754,0.9953914392417926
2,1,0,1,high_normal,positive_0p15_right_early_loading_native_strong_ice_v1:749:0,positive_0p15_right_early_loading_native_strong_ice_v1,False,0.9999999975657781,0.012710404360686284
2,1,0,1,high_normal,positive_0p20_left_early_loading_v1_M1:1129:1,positive_0p20_left_early_loading_v1_M1,False,0.9999999977979224,0.029893303956431777
2,1,0,1,high_normal,positive_0p10_right_early_loading_v1_M1:1659:0,positive_0p10_right_early_loading_v1_M1,False,0.9999999978908451,0.99999988165031
2,1,0,1,high_normal,positive_0p10_right_early_loading_native_strong_ice_v1:749:0,positive_0p10_right_early_loading_native_strong_ice_v1,False,0.999999998070606,0.0009138545813358575
2,1,0,1,high_normal,positive_0p10_left_early_loading_v1_M1:859:0,positive_0p10_left_early_loading_v1_M1,False,0.999999998070666,0.9983216436485428
2,1,0,1,high_normal,ice_native_0p15_v01:2059:1,ice_native_0p15_v01,False,0.9999999981443908,0.4077293892573951
2,1,0,1,high_normal,positive_0p20_right_early_loading_v1_M1:1569:0,positive_0p20_right_early_loading_v1_M1,False,0.9999999982120455,0.0006617787473161147
2,1,0,1,high_normal,positive_0p15_right_mid_late_stance_native_strong_ice_v1:2589:1,positive_0p15_right_mid_late_stance_native_strong_ice_v1,False,0.9999999982403711,0.9997917227881344
2,1,0,1,high_normal,positive_0p10_left_early_loading_v1_M1:509:1,positive_0p10_left_early_loading_v1_M1,False,0.9999999983020595,2.40042018758661e-05
2,1,0,1,high_normal,sand_solref_interpolation_3of4_stronger_v2_0p10_v04:2129:0,sand_solref_interpolation_3of4_stronger_v2_0p10_v04,False,0.9999999983619372,0.9999625605782602
2,1,0,1,high_normal,positive_0p20_left_early_loading_v1_M1:1959:1,positive_0p20_left_early_loading_v1_M1,False,0.9999999983926631,0.37274109604850586
2,1,0,1,high_normal,positive_0p20_left_early_loading_native_strong_ice_v1:449:1,positive_0p20_left_early_loading_native_strong_ice_v1,False,0.999999998467461,0.21438624219708985
2,1,0,1,high_normal,positive_0p15_left_mid_loading_early_stance_native_strong_ice_v1:649:1,positive_0p15_left_mid_loading_early_stance_native_strong_ice_v1,False,0.9999999985843906,0.1349436384508408
2,1,0,1,high_normal,positive_0p15_left_early_loading_v1_M1:1129:1,positive_0p15_left_early_loading_v1_M1,False,0.9999999990400505,0.21598677272414724
2,1,0,1,high_normal,positive_0p10_left_early_loading_native_strong_ice_v1:469:1,positive_0p10_left_early_loading_native_strong_ice_v1,False,0.9999999991562634,0.00011811136605676542
2,1,0,1,high_normal,sand_solref_interpolation_2of3_0p10_v04:2149:0,sand_solref_interpolation_2of3_0p10_v04,False,0.9999999992643624,1.2063607672971217e-07
2,1,0,1,high_normal,positive_0p10_right_early_loading_v1_M1:1669:0,positive_0p10_right_early_loading_v1_M1,False,0.9999999993218505,0.999999991391063
2,1,0,1,high_normal,positive_0p15_right_mid_loading_early_stance_native_strong_ice_v1:949:0,positive_0p15_right_mid_loading_early_stance_native_strong_ice_v1,False,0.9999999994397684,0.01812807513788606
2,1,0,1,high_normal,positive_0p15_right_early_loading_native_strong_ice_v1:1139:1,positive_0p15_right_early_loading_native_strong_ice_v1,False,0.9999999995285993,0.36559351779453225
2,1,0,1,high_normal,positive_0p20_left_early_loading_native_strong_ice_v1:469:1,positive_0p20_left_early_loading_native_strong_ice_v1,False,0.9999999995301492,0.0013869713129738696
2,1,0,1,high_normal,positive_0p10_left_early_loading_native_strong_ice_v1:479:1,positive_0p10_left_early_loading_native_strong_ice_v1,False,0.9999999995326545,4.974256929711044e-06
2,1,0,1,high_normal,positive_0p20_right_early_loading_native_strong_ice_v1:759:0,positive_0p20_right_early_loading_native_strong_ice_v1,False,0.9999999995498983,0.00029343872992281905
2,1,0,1,high_normal,positive_0p20_right_early_loading_v1_M1:1609:0,positive_0p20_right_early_loading_v1_M1,False,0.9999999996664546,8.078805401201344e-05
2,1,0,1,high_normal,positive_0p10_right_early_loading_v1_M1:1599:0,positive_0p10_right_early_loading_v1_M1,False,0.9999999996673177,0.9999999863454121
2,1,0,1,high_normal,positive_0p10_right_early_loading_native_strong_ice_v1:1139:1,positive_0p10_right_early_loading_native_strong_ice_v1,False,0.9999999996775772,0.7723551222600957
2,1,0,1,high_normal,positive_0p20_left_early_loading_native_strong_ice_v1:489:1,positive_0p20_left_early_loading_native_strong_ice_v1,False,0.9999999997205558,9.403545263100052e-06
2,1,0,1,high_normal,ice_native_0p15_v04:2959:0,ice_native_0p15_v04,False,0.999999999793044,0.9995776436255434
2,1,0,1,high_normal,positive_0p20_left_early_loading_native_strong_ice_v1:479:1,positive_0p20_left_early_loading_native_strong_ice_v1,False,0.9999999998217584,0.00014317775965825777
2,1,0,1,high_normal,sand_solref_interpolation_5of6_stronger_v2_0p10_v01:1359:1,sand_solref_interpolation_5of6_stronger_v2_0p10_v01,False,0.9999999998279638,0.6073640911547905
2,1,0,1,high_normal,positive_0p20_right_early_loading_v1_M1:789:0,positive_0p20_right_early_loading_v1_M1,False,0.9999999998362472,8.931473270280528e-06
2,1,0,1,high_normal,ice_native_0p20_v01:1429:1,ice_native_0p20_v01,False,0.9999999998398934,0.8918959264681712
2,1,0,1,high_normal,positive_0p10_right_early_loading_v1_M1:1609:0,positive_0p10_right_early_loading_v1_M1,False,0.9999999998466571,0.9999992896906844
2,1,0,1,high_normal,positive_0p15_right_early_loading_native_strong_ice_v1:1129:1,positive_0p15_right_early_loading_native_strong_ice_v1,False,0.9999999998800733,0.7975042393872297
2,1,0,1,high_normal,positive_0p10_right_early_loading_native_strong_ice_v1:759:0,positive_0p10_right_early_loading_native_strong_ice_v1,False,0.9999999998900393,0.01750162185263495
2,1,0,1,high_normal,positive_0p20_right_early_loading_native_strong_ice_v1:1119:1,positive_0p20_right_early_loading_native_strong_ice_v1,False,0.9999999998962237,0.33568897810416254
2,1,0,1,high_normal,sand_solref_interpolation_5of6_stronger_v2_0p10_v04:2149:0,sand_solref_interpolation_5of6_stronger_v2_0p10_v04,False,0.9999999999259928,0.9963894643092346
2,1,0,1,high_normal,positive_0p15_right_early_loading_native_strong_ice_v1:769:0,positive_0p15_right_early_loading_native_strong_ice_v1,False,0.99999999993337,0.0017084587563506173
2,1,0,1,high_normal,sand_solref_interpolation_3of4_stronger_v2_0p10_v01:1409:1,sand_solref_interpolation_3of4_stronger_v2_0p10_v01,False,0.9999999999455857,0.9999978898229389
2,1,0,1,high_normal,positive_0p15_right_early_loading_native_strong_ice_v1:759:0,positive_0p15_right_early_loading_native_strong_ice_v1,False,0.999999999952857,0.008532819529047476
2,1,0,1,high_normal,ice_native_0p20_v01:1439:1,ice_native_0p20_v01,False,0.9999999999535212,0.9078141748057702
2,1,0,1,high_normal,ice_native_0p10_v04:2959:1,ice_native_0p10_v04,False,0.9999999999607554,0.9999999997442341
2,1,0,1,high_normal,ice_native_0p20_v01:2769:1,ice_native_0p20_v01,False,0.999999999974964,0.06046357645941655
2,1,0,1,high_normal,positive_0p10_right_mid_loading_early_stance_native_strong_ice_v1:2669:0,positive_0p10_right_mid_loading_early_stance_native_strong_ice_v1,False,0.9999999999779445,0.04664496447930756
2,1,0,1,high_normal,positive_0p20_right_early_loading_native_strong_ice_v1:1139:1,positive_0p20_right_early_loading_native_strong_ice_v1,False,0.9999999999803322,0.9988686237381668
2,1,0,1,high_normal,ice_native_0p20_v01:2779:1,ice_native_0p20_v01,False,0.9999999999815685,0.13297791925671038
2,1,0,1,high_normal,ice_native_0p20_v01:1479:1,ice_native_0p20_v01,False,0.9999999999833824,0.2343213907574261
2,1,0,1,high_normal,positive_0p20_left_early_loading_v1_M1:1969:1,positive_0p20_left_early_loading_v1_M1,False,0.9999999999899805,0.8241890167636372
2,1,0,1,high_normal,sand_solref_interpolation_5of6_stronger_v2_0p10_v04:2079:0,sand_solref_interpolation_5of6_stronger_v2_0p10_v04,False,0.9999999999931135,0.9456615902813649
2,1,0,1,high_normal,ice_native_0p20_v04:2009:0,ice_native_0p20_v04,False,0.9999999999937854,0.8257209020171317
2,1,0,1,high_normal,positive_0p10_right_early_loading_native_strong_ice_v1:779:0,positive_0p10_right_early_loading_native_strong_ice_v1,False,0.9999999999949829,0.00027785703033133657
2,1,0,1,high_normal,sand_solref_interpolation_2of3_0p10_v04:2829:0,sand_solref_interpolation_2of3_0p10_v04,False,0.9999999999969227,0.9817779202213411
2,1,0,1,high_normal,positive_0p15_left_early_loading_v1_M1:1979:1,positive_0p15_left_early_loading_v1_M1,False,0.9999999999969389,0.999936013584072
2,1,0,1,high_normal,ice_native_0p20_v01:1119:0,ice_native_0p20_v01,False,0.999999999997772,0.06811949828550738
2,1,0,1,high_normal,positive_0p10_right_early_loading_native_strong_ice_v1:769:0,positive_0p10_right_early_loading_native_strong_ice_v1,False,0.9999999999979476,0.003031945332484986
2,1,0,1,high_normal,positive_0p20_right_early_loading_v1_M1:1659:0,positive_0p20_right_early_loading_v1_M1,False,0.9999999999985145,0.9989981538591365
2,1,0,1,high_normal,positive_0p20_right_early_loading_v1_M1:1669:0,positive_0p20_right_early_loading_v1_M1,False,0.9999999999985332,0.9999285912631648
2,1,0,1,high_normal,positive_0p20_right_early_loading_v1_M1:1579:0,positive_0p20_right_early_loading_v1_M1,False,0.999999999999468,0.0008073229906834618
2,1,0,1,high_normal,positive_0p10_right_early_loading_v1_M1:1509:0,positive_0p10_right_early_loading_v1_M1,False,0.9999999999994704,6.312243233136922e-06
2,1,0,1,high_normal,positive_0p20_left_early_loading_v1_M1:1979:1,positive_0p20_left_early_loading_v1_M1,False,0.999999999999496,0.7145383902512199
2,1,0,1,high_normal,sand_solref_interpolation_3of4_stronger_v2_0p10_v04:2049:0,sand_solref_interpolation_3of4_stronger_v2_0p10_v04,False,0.999999999999563,0.996004942108783
2,1,0,1,high_normal,sand_solref_interpolation_5of6_stronger_v2_0p10_v04:2139:0,sand_solref_interpolation_5of6_stronger_v2_0p10_v04,False,0.9999999999995677,0.6273758228727218
2,1,0,1,high_normal,positive_0p20_right_early_loading_v1_M1:1709:0,positive_0p20_right_early_loading_v1_M1,False,0.9999999999996922,0.9949789266883482
2,1,0,1,high_normal,ice_native_0p15_v01:2319:0,ice_native_0p15_v01,False,0.9999999999998308,0.00020888905050839296
2,1,0,1,high_normal,sand_solref_interpolation_5of6_stronger_v2_0p10_v04:2099:0,sand_solref_interpolation_5of6_stronger_v2_0p10_v04,False,0.9999999999999325,0.4890104349702806
2,1,0,1,high_normal,positive_0p15_left_early_loading_v1_M1:1099:1,positive_0p15_left_early_loading_v1_M1,False,0.9999999999999818,0.01276758237270178
2,1,0,1,high_normal,positive_0p20_right_early_loading_v1_M1:1589:0,positive_0p20_right_early_loading_v1_M1,False,0.9999999999999878,0.00017635593409904608
2,1,0,1,high_normal,positive_0p20_right_early_loading_v1_M1:1599:0,positive_0p20_right_early_loading_v1_M1,False,0.9999999999999889,1.874550872461195e-05
2,1,0,1,high_normal,sand_solref_interpolation_5of6_stronger_v2_0p10_v04:2119:0,sand_solref_interpolation_5of6_stronger_v2_0p10_v04,False,0.99999999999999,0.02088222231332026
2,1,0,1,high_normal,positive_0p20_right_early_loading_native_strong_ice_v1:1129:1,positive_0p20_right_early_loading_native_strong_ice_v1,False,0.9999999999999929,0.5629743622194245
2,1,0,1,high_normal,sand_solref_interpolation_5of6_stronger_v2_0p10_v04:2129:0,sand_solref_interpolation_5of6_stronger_v2_0p10_v04,False,0.9999999999999942,0.38025745838297187
2,1,0,1,high_normal,sand_solref_interpolation_5of6_stronger_v2_0p10_v04:2089:0,sand_solref_interpolation_5of6_stronger_v2_0p10_v04,False,0.9999999999999976,0.9192705192963225
2,1,0,1,high_normal,sand_solref_interpolation_3of4_stronger_v2_0p10_v04:2059:0,sand_solref_interpolation_3of4_stronger_v2_0p10_v04,False,0.9999999999999982,0.9254461744673907
2,1,0,1,high_normal,sand_solref_interpolation_5of6_stronger_v2_0p10_v04:2109:0,sand_solref_interpolation_5of6_stronger_v2_0p10_v04,False,0.9999999999999989,0.005542228833974493
2,1,0,1,high_normal,positive_0p10_right_early_loading_v1_M1:1639:0,positive_0p10_right_early_loading_v1_M1,False,0.9999999999999998,0.9999995738607461
2,1,0,1,high_normal,positive_0p10_right_early_loading_v1_M1:1649:0,positive_0p10_right_early_loading_v1_M1,False,0.9999999999999998,0.9999999159983433
2,1,0,1,high_normal,positive_0p20_right_early_loading_v1_M1:1679:0,positive_0p20_right_early_loading_v1_M1,False,0.9999999999999998,0.9998116098976044
2,1,0,1,high_normal,sand_solref_interpolation_3of4_stronger_v2_0p10_v04:2069:0,sand_solref_interpolation_3of4_stronger_v2_0p10_v04,False,1.0,0.18382616522735584
2,1,0,1,high_normal,sand_solref_interpolation_3of4_stronger_v2_0p10_v04:2079:0,sand_solref_interpolation_3of4_stronger_v2_0p10_v04,False,1.0,0.04232941441959398
2,1,0,1,high_normal,sand_solref_interpolation_3of4_stronger_v2_0p10_v04:2089:0,sand_solref_interpolation_3of4_stronger_v2_0p10_v04,False,1.0,0.001670150712917906
2,1,0,1,high_normal,sand_solref_interpolation_3of4_stronger_v2_0p10_v04:2099:0,sand_solref_interpolation_3of4_stronger_v2_0p10_v04,False,1.0,0.014059905227727019
2,1,0,1,high_normal,sand_solref_interpolation_3of4_stronger_v2_0p10_v04:2109:0,sand_solref_interpolation_3of4_stronger_v2_0p10_v04,False,1.0,0.9532921805313259
2,1,0,1,high_normal,sand_solref_interpolation_3of4_stronger_v2_0p10_v04:2119:0,sand_solref_interpolation_3of4_stronger_v2_0p10_v04,False,1.0,0.8958138273172005
2,1,0,1,high_normal,positive_0p10_right_early_loading_v1_M1:1619:0,positive_0p10_right_early_loading_v1_M1,False,1.0,0.999999384329535
2,1,0,1,high_normal,positive_0p10_right_early_loading_v1_M1:1629:0,positive_0p10_right_early_loading_v1_M1,False,1.0,0.9999998491904626
2,1,0,1,high_normal,positive_0p20_right_early_loading_v1_M1:1689:0,positive_0p20_right_early_loading_v1_M1,False,1.0,0.9999960764175126
2,1,0,1,high_normal,positive_0p20_right_early_loading_v1_M1:1699:0,positive_0p20_right_early_loading_v1_M1,False,1.0,0.9999267004160927
2,1,0,1,high_early_precursor,ice_native_0p10_v01:579:1,ice_native_0p10_v01,False,0.846486824926344,0.29964035863714
2,1,0,1,high_early_precursor,ice_native_0p10_v04:1069:0,ice_native_0p10_v04,False,0.8493242604664542,0.11833292889575571
2,1,0,1,high_early_precursor,positive_0p20_left_early_loading_native_strong_ice_v1:1299:0,positive_0p20_left_early_loading_native_strong_ice_v1,False,0.8511595881529602,0.04805672951896634
2,1,0,1,high_early_precursor,ice_native_0p20_v04:969:1,ice_native_0p20_v04,False,0.8533716779400989,0.06597492465747946
2,1,0,1,high_early_precursor,sand_solref_interpolation_3of4_stronger_v2_0p10_v04:2229:1,sand_solref_interpolation_3of4_stronger_v2_0p10_v04,False,0.8553281606040877,0.9998298321280489
2,1,0,1,high_early_precursor,supplemental_positive_v8_l01:1179:0,supplemental_positive_v8_l01,False,0.8561172851567848,0.9379282631444329
2,1,0,1,high_early_precursor,sand_solref_interpolation_5of6_stronger_v2_0p10_v04:2149:1,sand_solref_interpolation_5of6_stronger_v2_0p10_v04,False,0.8578975887110435,7.605539637405632e-07
2,1,0,1,high_early_precursor,positive_0p20_left_mid_loading_early_stance_v1_M1:419:0,positive_0p20_left_mid_loading_early_stance_v1_M1,False,0.8588362518211676,0.030047041796977658
2,1,0,1,high_early_precursor,sand_solref_interpolation_5of6_stronger_v2_0p10_v01:609:0,sand_solref_interpolation_5of6_stronger_v2_0p10_v01,False,0.8721028566510507,0.8412670583518554
2,1,0,1,high_early_precursor,sand_solref_interpolation_5of6_stronger_v2_0p10_v01:639:0,sand_solref_interpolation_5of6_stronger_v2_0p10_v01,False,0.877424497612222,0.043826128244309336
2,1,0,1,high_early_precursor,sand_solref_interpolation_5of6_stronger_v2_0p10_v04:1689:1,sand_solref_interpolation_5of6_stronger_v2_0p10_v04,False,0.8865627427910769,0.43320335862026266
2,1,0,1,high_early_precursor,positive_0p15_right_mid_late_stance_v1_M1:1409:1,positive_0p15_right_mid_late_stance_v1_M1,False,0.8871380219667875,0.9425110084717419
2,1,0,1,high_early_precursor,ice_native_0p10_v01:559:1,ice_native_0p10_v01,False,0.8902568766233316,0.4476922699084078
2,1,0,1,high_early_precursor,positive_0p20_left_early_loading_native_strong_ice_v1:1289:0,positive_0p20_left_early_loading_native_strong_ice_v1,False,0.8924445186833284,0.014825256399660319
2,1,0,1,high_early_precursor,positive_0p15_left_early_loading_native_strong_ice_v1:1209:0,positive_0p15_left_early_loading_native_strong_ice_v1,False,0.8992345589852789,0.025592810634339293
2,1,0,1,high_early_precursor,ice_native_0p20_v04:1049:0,ice_native_0p20_v04,False,0.8997184390864437,0.01497995398246111
2,1,0,1,high_early_precursor,sand_solref_interpolation_3of4_stronger_v2_0p10_v04:1669:1,sand_solref_interpolation_3of4_stronger_v2_0p10_v04,False,0.9011019480313684,0.10697995013299748
2,1,0,1,high_early_precursor,sand_solref_interpolation_5of6_stronger_v2_0p10_v01:999:0,sand_solref_interpolation_5of6_stronger_v2_0p10_v01,False,0.9029646080974173,0.8890470888183257
2,1,0,1,high_early_precursor,sand_solref_interpolation_5of6_stronger_v2_0p10_v01:629:0,sand_solref_interpolation_5of6_stronger_v2_0p10_v01,False,0.9069309904197008,0.16352056181077837
2,1,0,1,high_early_precursor,ice_native_0p10_v04:2099:1,ice_native_0p10_v04,False,0.9170977488943554,0.06487936740993777
2,1,0,1,high_early_precursor,positive_0p10_left_early_loading_v1_M1:1359:0,positive_0p10_left_early_loading_v1_M1,False,0.9206205419856462,0.1632764563068976
2,1,0,1,high_early_precursor,sand_solref_interpolation_5of6_stronger_v2_0p10_v01:619:0,sand_solref_interpolation_5of6_stronger_v2_0p10_v01,False,0.9259227392738285,0.20377536801270515
2,1,0,1,high_early_precursor,positive_0p10_left_mid_loading_early_stance_native_strong_ice_v1:949:0,positive_0p10_left_mid_loading_early_stance_native_strong_ice_v1,False,0.9315539769970556,0.5030483158474148
2,1,0,1,high_early_precursor,ice_native_0p20_v04:2379:0,ice_native_0p20_v04,False,0.9333341572698103,0.07686231292456537
2,1,0,1,high_early_precursor,ice_native_0p20_v01:2389:1,ice_native_0p20_v01,False,0.9344848703423929,0.8012051405643332
2,1,0,1,high_early_precursor,positive_0p15_left_early_loading_native_strong_ice_v1:1219:0,positive_0p15_left_early_loading_native_strong_ice_v1,False,0.9365912676155322,0.2651820136013824
2,1,0,1,high_early_precursor,positive_0p15_right_mid_loading_early_stance_v1_M1:2499:1,positive_0p15_right_mid_loading_early_stance_v1_M1,False,0.9373251217484866,0.9854097516093557
2,1,0,1,high_early_precursor,sand_solref_interpolation_3of4_stronger_v2_0p10_v04:1659:1,sand_solref_interpolation_3of4_stronger_v2_0p10_v04,False,0.9388763713078,0.08597125100598829
2,1,0,1,high_early_precursor,ice_native_0p20_v04:729:1,ice_native_0p20_v04,False,0.9429396643193956,1.2048841740184351e-06
2,1,0,1,high_early_precursor,positive_0p10_left_early_loading_v1_M1:1399:0,positive_0p10_left_early_loading_v1_M1,False,0.9474555883743843,0.2257029727196787
2,1,0,1,high_early_precursor,sand_solref_interpolation_3of4_stronger_v2_0p10_v04:1649:1,sand_solref_interpolation_3of4_stronger_v2_0p10_v04,False,0.9538239578000159,0.15111543755209453
2,1,0,1,high_early_precursor,positive_0p20_left_early_loading_v1_M1:1329:0,positive_0p20_left_early_loading_v1_M1,False,0.9603007487129094,0.5518999214956696
2,1,0,1,high_early_precursor,positive_0p15_right_mid_late_stance_v1_M1:829:1,positive_0p15_right_mid_late_stance_v1_M1,False,0.962275361866523,0.9428510002224927
2,1,0,1,high_early_precursor,sand_solref_interpolation_5of6_stronger_v2_0p10_v04:1699:1,sand_solref_interpolation_5of6_stronger_v2_0p10_v04,False,0.9654469267679558,0.6960068100151503
2,1,0,1,high_early_precursor,positive_0p20_left_early_loading_v1_M1:1339:0,positive_0p20_left_early_loading_v1_M1,False,0.9667563354825206,0.5748012598746627
2,1,0,1,high_early_precursor,positive_0p15_right_mid_loading_early_stance_v1_M1:2509:1,positive_0p15_right_mid_loading_early_stance_v1_M1,False,0.9680218203141053,0.9530444308141153
2,1,0,1,high_early_precursor,positive_0p15_right_mid_loading_early_stance_v1_M1:769:1,positive_0p15_right_mid_loading_early_stance_v1_M1,False,0.9710920827220632,0.9475857940865172
2,1,0,1,high_early_precursor,positive_0p10_left_mid_loading_early_stance_v1_M1:379:0,positive_0p10_left_mid_loading_early_stance_v1_M1,False,0.97608415765593,0.8734851446092247
2,1,0,1,high_early_precursor,sand_solref_interpolation_5of6_stronger_v2_0p10_v04:1639:1,sand_solref_interpolation_5of6_stronger_v2_0p10_v04,False,0.9763514294128186,0.028727095979184845
2,1,0,1,high_early_precursor,sand_solref_interpolation_3of4_stronger_v2_0p10_v04:2219:1,sand_solref_interpolation_3of4_stronger_v2_0p10_v04,False,0.9788771663502561,0.9999590975153689
2,1,0,1,high_early_precursor,sand_solref_interpolation_3of4_stronger_v2_0p10_v04:1689:1,sand_solref_interpolation_3of4_stronger_v2_0p10_v04,False,0.9790912338120122,0.41023625015292503
2,1,0,1,high_early_precursor,positive_0p10_left_mid_loading_early_stance_v1_M1:409:0,positive_0p10_left_mid_loading_early_stance_v1_M1,False,0.9804170971049361,0.3252559070576557
2,1,0,1,high_early_precursor,positive_0p15_right_mid_loading_early_stance_v1_M1:2479:1,positive_0p15_right_mid_loading_early_stance_v1_M1,False,0.9824069765928443,0.9340560830263788
2,1,0,1,high_early_precursor,sand_solref_interpolation_5of6_stronger_v2_0p10_v04:2219:1,sand_solref_interpolation_5of6_stronger_v2_0p10_v04,False,0.9852056537636015,0.24418259164757466
2,1,0,1,high_early_precursor,sand_solref_interpolation_3of4_stronger_v2_0p10_v04:1699:1,sand_solref_interpolation_3of4_stronger_v2_0p10_v04,False,0.987314035823346,0.6075361805428895
2,1,0,1,high_early_precursor,positive_0p15_left_early_loading_v1_M1:1339:0,positive_0p15_left_early_loading_v1_M1,False,0.9893464631545398,0.8260021532595951
2,1,0,1,high_early_precursor,ice_native_0p15_v04:1379:1,ice_native_0p15_v04,False,0.9909965893342512,0.5821155918814196
2,1,0,1,high_early_precursor,ice_native_0p20_v04:2319:0,ice_native_0p20_v04,False,0.9923595788736177,0.7767024232979428
2,1,0,1,high_early_precursor,ice_native_0p20_v04:2339:0,ice_native_0p20_v04,False,0.9928957258459624,0.002500447158970416
2,1,0,1,high_early_precursor,ice_native_0p20_v04:2349:0,ice_native_0p20_v04,False,0.9931123802296153,0.011722304086795896
2,1,0,1,high_early_precursor,positive_0p10_left_mid_loading_early_stance_native_strong_ice_v1:959:0,positive_0p10_left_mid_loading_early_stance_native_strong_ice_v1,False,0.9939138004698287,0.8548704685523226
2,1,0,1,high_early_precursor,positive_0p20_left_early_loading_v1_M1:1299:0,positive_0p20_left_early_loading_v1_M1,False,0.9939366529903344,0.010434445145375601
2,1,0,1,high_early_precursor,ice_native_0p20_v04:2359:0,ice_native_0p20_v04,False,0.9950534434658342,0.005253769566499758
2,1,0,1,high_early_precursor,positive_0p20_left_mid_loading_early_stance_v1_M1:379:0,positive_0p20_left_mid_loading_early_stance_v1_M1,False,0.9952774762776464,0.964802608812849
2,1,0,1,high_early_precursor,sand_solref_interpolation_3of4_stronger_v2_0p10_v04:1639:1,sand_solref_interpolation_3of4_stronger_v2_0p10_v04,False,0.9959789257041185,0.028573512294031204
2,1,0,1,high_early_precursor,sand_solref_interpolation_5of6_stronger_v2_0p10_v04:1719:1,sand_solref_interpolation_5of6_stronger_v2_0p10_v04,False,0.9962113690868405,0.9502109731678432
2,1,0,1,high_early_precursor,positive_0p20_left_mid_loading_early_stance_v1_M1:409:0,positive_0p20_left_mid_loading_early_stance_v1_M1,False,0.9962849286511307,0.025042454169301388
2,1,0,1,high_early_precursor,sand_solref_interpolation_5of6_stronger_v2_0p10_v04:2159:1,sand_solref_interpolation_5of6_stronger_v2_0p10_v04,False,0.9966571828856836,1.2957275257765727e-06
2,1,0,1,high_early_precursor,sand_solref_interpolation_3of4_stronger_v2_0p10_v04:2129:1,sand_solref_interpolation_3of4_stronger_v2_0p10_v04,False,0.996821448022168,6.097371158630665e-10
2,1,0,1,high_early_precursor,sand_solref_interpolation_5of6_stronger_v2_0p10_v04:2359:1,sand_solref_interpolation_5of6_stronger_v2_0p10_v04,False,0.9972168153903366,0.932930564503995
2,1,0,1,high_early_precursor,sand_solref_interpolation_5of6_stronger_v2_0p10_v04:2209:1,sand_solref_interpolation_5of6_stronger_v2_0p10_v04,False,0.9976754719817926,0.0056945035901257764
2,1,0,1,high_early_precursor,positive_0p20_left_early_loading_v1_M1:1349:0,positive_0p20_left_early_loading_v1_M1,False,0.9976875099633989,0.8708428281071913
2,1,0,1,high_early_precursor,positive_0p20_left_early_loading_v1_M1:1319:0,positive_0p20_left_early_loading_v1_M1,False,0.9979274023081763,0.8175726862241139
2,1,0,1,high_early_precursor,sand_solref_interpolation_5of6_stronger_v2_0p10_v04:1709:1,sand_solref_interpolation_5of6_stronger_v2_0p10_v04,False,0.9979908986507655,0.8984328983746602
2,1,0,1,high_early_precursor,ice_native_0p20_v01:2379:1,ice_native_0p20_v01,False,0.9982188188837106,0.38549929608164885
2,1,0,1,high_early_precursor,sand_solref_interpolation_5of6_stronger_v2_0p10_v04:2269:1,sand_solref_interpolation_5of6_stronger_v2_0p10_v04,False,0.9983576849871584,0.999993470210972
2,1,0,1,high_early_precursor,sand_solref_interpolation_3of4_stronger_v2_0p10_v04:2119:1,sand_solref_interpolation_3of4_stronger_v2_0p10_v04,False,0.9984085894298275,2.5266925389717192e-08
2,1,0,1,high_early_precursor,sand_solref_interpolation_3of4_stronger_v2_0p10_v04:2199:1,sand_solref_interpolation_3of4_stronger_v2_0p10_v04,False,0.9985448817835012,0.5611424882873609
2,1,0,1,high_early_precursor,sand_solref_interpolation_3of4_stronger_v2_0p10_v04:2179:1,sand_solref_interpolation_3of4_stronger_v2_0p10_v04,False,0.9988196146604514,0.0010440274448048116
2,1,0,1,high_early_precursor,positive_0p10_left_early_loading_v1_M1:1369:0,positive_0p10_left_early_loading_v1_M1,False,0.9989527990572503,0.6333327936931832
2,1,0,1,high_early_precursor,positive_0p10_left_mid_loading_early_stance_v1_M1:439:0,positive_0p10_left_mid_loading_early_stance_v1_M1,False,0.9990353984590599,0.16042803846093148
2,1,0,1,high_early_precursor,positive_0p15_right_mid_loading_early_stance_v1_M1:2489:1,positive_0p15_right_mid_loading_early_stance_v1_M1,False,0.9991137665471258,0.9904828821251198
2,1,0,1,high_early_precursor,positive_0p10_left_early_loading_v1_M1:1389:0,positive_0p10_left_early_loading_v1_M1,False,0.9991680261904937,0.332599820604645
2,1,0,1,high_early_precursor,sand_solref_interpolation_5of6_stronger_v2_0p10_v04:2259:1,sand_solref_interpolation_5of6_stronger_v2_0p10_v04,False,0.9991815930731638,0.9999991258657625
2,1,0,1,high_early_precursor,positive_0p15_right_mid_loading_early_stance_v1_M1:759:1,positive_0p15_right_mid_loading_early_stance_v1_M1,False,0.9991865816693868,0.7554472805125972
2,1,0,1,high_early_precursor,positive_0p15_left_early_loading_v1_M1:1319:0,positive_0p15_left_early_loading_v1_M1,False,0.9992184236265986,0.3748792441932643
2,1,0,1,high_early_precursor,positive_0p15_right_mid_loading_early_stance_v1_M1:709:1,positive_0p15_right_mid_loading_early_stance_v1_M1,False,0.9992745701825876,0.8295025988185213
2,1,0,1,high_early_precursor,positive_0p15_right_mid_loading_early_stance_v1_M1:749:1,positive_0p15_right_mid_loading_early_stance_v1_M1,False,0.9993013707956722,0.3353464806061809
2,1,0,1,high_early_precursor,positive_0p20_left_early_loading_native_strong_ice_v1:1309:0,positive_0p20_left_early_loading_native_strong_ice_v1,False,0.9993735629741962,0.5472973293726539
2,1,0,1,high_early_precursor,sand_solref_interpolation_3of4_stronger_v2_0p10_v04:2189:1,sand_solref_interpolation_3of4_stronger_v2_0p10_v04,False,0.9994045174308268,0.026706042298023872
2,1,0,1,high_early_precursor,sand_solref_interpolation_3of4_stronger_v2_0p10_v04:1709:1,sand_solref_interpolation_3of4_stronger_v2_0p10_v04,False,0.9994840395669508,0.8499798183104291
2,1,0,1,high_early_precursor,sand_solref_interpolation_3of4_stronger_v2_0p10_v04:2139:1,sand_solref_interpolation_3of4_stronger_v2_0p10_v04,False,0.9995387478752707,1.143518852745328e-06
2,1,0,1,high_early_precursor,positive_0p15_left_early_loading_v1_M1:1349:0,positive_0p15_left_early_loading_v1_M1,False,0.9995459930571663,0.8458036775032097
2,1,0,1,high_early_precursor,positive_0p15_left_early_loading_v1_M1:1329:0,positive_0p15_left_early_loading_v1_M1,False,0.9996288669205922,0.24356788737750001
2,1,0,1,high_early_precursor,sand_solref_interpolation_3of4_stronger_v2_0p10_v04:1719:1,sand_solref_interpolation_3of4_stronger_v2_0p10_v04,False,0.99973829096264,0.949615822716458
2,1,0,1,high_early_precursor,sand_solref_interpolation_5of6_stronger_v2_0p10_v04:2329:1,sand_solref_interpolation_5of6_stronger_v2_0p10_v04,False,0.9997586500612256,0.9999980515324438
2,1,0,1,high_early_precursor,positive_0p20_left_early_loading_native_strong_ice_v1:1319:0,positive_0p20_left_early_loading_native_strong_ice_v1,False,0.9999151076327644,0.6081463964849417
2,1,0,1,high_early_precursor,positive_0p10_left_mid_loading_early_stance_v1_M1:389:0,positive_0p10_left_mid_loading_early_stance_v1_M1,False,0.9999178765111074,0.9130433230870286
2,1,0,1,high_early_precursor,sand_solref_interpolation_3of4_stronger_v2_0p10_v04:1729:1,sand_solref_interpolation_3of4_stronger_v2_0p10_v04,False,0.9999198242225342,0.981320868064837
2,1,0,1,high_early_precursor,positive_0p20_left_early_loading_v1_M1:1309:0,positive_0p20_left_early_loading_v1_M1,False,0.9999331016089353,0.16663477008996877
2,1,0,1,high_early_precursor,sand_solref_interpolation_5of6_stronger_v2_0p10_v04:2319:1,sand_solref_interpolation_5of6_stronger_v2_0p10_v04,False,0.9999453300290401,0.9999977023232307
2,1,0,1,high_early_precursor,sand_solref_interpolation_3of4_stronger_v2_0p10_v04:2169:1,sand_solref_interpolation_3of4_stronger_v2_0p10_v04,False,0.9999582803971683,0.0002294910474726566
2,1,0,1,high_early_precursor,sand_solref_interpolation_5of6_stronger_v2_0p10_v04:1729:1,sand_solref_interpolation_5of6_stronger_v2_0p10_v04,False,0.9999657962784245,0.9919390412627489
2,1,0,1,high_early_precursor,sand_solref_interpolation_5of6_stronger_v2_0p10_v04:2339:1,sand_solref_interpolation_5of6_stronger_v2_0p10_v04,False,0.9999658309986356,0.9999977107646608
2,1,0,1,high_early_precursor,positive_0p10_left_early_loading_v1_M1:1379:0,positive_0p10_left_early_loading_v1_M1,False,0.9999704809100624,0.8549323250518249
2,1,0,1,high_early_precursor,sand_solref_interpolation_5of6_stronger_v2_0p10_v04:1739:1,sand_solref_interpolation_5of6_stronger_v2_0p10_v04,False,0.9999746025229881,0.9969656786991135
2,1,0,1,high_early_precursor,sand_solref_interpolation_5of6_stronger_v2_0p10_v04:2349:1,sand_solref_interpolation_5of6_stronger_v2_0p10_v04,False,0.9999818960682829,0.9979132352363587
2,1,0,1,high_early_precursor,ice_native_0p20_v01:2369:1,ice_native_0p20_v01,False,0.9999875950381426,0.8226701796166112
2,1,0,1,high_early_precursor,positive_0p20_left_mid_loading_early_stance_v1_M1:389:0,positive_0p20_left_mid_loading_early_stance_v1_M1,False,0.9999878558877745,0.9240787302648926
2,1,0,1,high_early_precursor,sand_solref_interpolation_3of4_stronger_v2_0p10_v04:2149:1,sand_solref_interpolation_3of4_stronger_v2_0p10_v04,False,0.9999881244656453,8.21650859127026e-06
2,1,0,1,high_early_precursor,sand_solref_interpolation_5of6_stronger_v2_0p10_v04:1749:1,sand_solref_interpolation_5of6_stronger_v2_0p10_v04,False,0.9999885346094478,0.9982491229589943
2,1,0,1,high_early_precursor,ice_native_0p20_v01:2359:1,ice_native_0p20_v01,False,0.9999900218414318,0.5110742931437662
2,1,0,1,high_early_precursor,sand_solref_interpolation_5of6_stronger_v2_0p10_v04:2179:1,sand_solref_interpolation_5of6_stronger_v2_0p10_v04,False,0.9999900311302947,8.680194501381183e-07
2,1,0,1,high_early_precursor,sand_solref_interpolation_5of6_stronger_v2_0p10_v04:2189:1,sand_solref_interpolation_5of6_stronger_v2_0p10_v04,False,0.9999917878068949,3.0688947646724e-05
2,1,0,1,high_early_precursor,sand_solref_interpolation_5of6_stronger_v2_0p10_v04:2199:1,sand_solref_interpolation_5of6_stronger_v2_0p10_v04,False,0.9999928705822395,0.0008334454102989108
2,1,0,1,high_early_precursor,sand_solref_interpolation_5of6_stronger_v2_0p10_v04:2279:1,sand_solref_interpolation_5of6_stronger_v2_0p10_v04,False,0.9999940533019386,0.9999975283906102
2,1,0,1,high_early_precursor,sand_solref_interpolation_5of6_stronger_v2_0p10_v04:2289:1,sand_solref_interpolation_5of6_stronger_v2_0p10_v04,False,0.9999950938976138,0.9999910162752824
2,1,0,1,high_early_precursor,sand_solref_interpolation_3of4_stronger_v2_0p10_v04:1739:1,sand_solref_interpolation_3of4_stronger_v2_0p10_v04,False,0.9999969031590438,0.9958754833209064
2,1,0,1,high_early_precursor,positive_0p15_right_mid_loading_early_stance_v1_M1:719:1,positive_0p15_right_mid_loading_early_stance_v1_M1,False,0.9999978608337047,0.977919309943575
2,1,0,1,high_early_precursor,sand_solref_interpolation_5of6_stronger_v2_0p10_v04:2309:1,sand_solref_interpolation_5of6_stronger_v2_0p10_v04,False,0.9999984581920127,0.9999952588440806
2,1,0,1,high_early_precursor,sand_solref_interpolation_5of6_stronger_v2_0p10_v04:2299:1,sand_solref_interpolation_5of6_stronger_v2_0p10_v04,False,0.9999985794895078,0.9999927022293051
2,1,0,1,high_early_precursor,ice_native_0p20_v01:2339:1,ice_native_0p20_v01,False,0.9999992718485189,0.922099299473327
2,1,0,1,high_early_precursor,ice_native_0p20_v01:2349:1,ice_native_0p20_v01,False,0.9999993480461393,0.056878062121199675
2,1,0,1,high_early_precursor,sand_solref_interpolation_5of6_stronger_v2_0p10_v04:2169:1,sand_solref_interpolation_5of6_stronger_v2_0p10_v04,False,0.999999718551991,3.3110639963065845e-07
2,1,0,1,high_early_precursor,sand_solref_interpolation_3of4_stronger_v2_0p10_v04:1749:1,sand_solref_interpolation_3of4_stronger_v2_0p10_v04,False,0.9999997832352371,0.999601465806136
2,1,0,1,high_early_precursor,sand_solref_interpolation_3of4_stronger_v2_0p10_v04:2159:1,sand_solref_interpolation_3of4_stronger_v2_0p10_v04,False,0.9999999083815578,6.682762459602121e-05
2,1,0,1,wrong_foot,sand_solref_interpolation_5of6_stronger_v2_0p10_v01:1349:1,sand_solref_interpolation_5of6_stronger_v2_0p10_v01,False,0.9999999875832238,0.8681936676291636
2,1,0,1,wrong_foot,sand_solref_interpolation_5of6_stronger_v2_0p10_v01:1289:1,sand_solref_interpolation_5of6_stronger_v2_0p10_v01,False,0.8740458135589455,0.9997820551922444
2,1,0,1,wrong_foot,sand_solref_interpolation_2of3_0p10_v04:1849:0,sand_solref_interpolation_2of3_0p10_v04,False,0.9999597865553813,0.8838345474393446
2,1,0,1,wrong_foot,sand_solref_interpolation_3of4_stronger_v2_0p10_v04:2479:0,sand_solref_interpolation_3of4_stronger_v2_0p10_v04,False,0.9078985564450139,0.9778077242855865
2,1,0,1,wrong_foot,sand_solref_interpolation_2of3_0p15_v01:1579:0,sand_solref_interpolation_2of3_0p15_v01,False,0.934753755465996,0.952198392712629
2,1,0,1,wrong_foot,sand_solref_interpolation_2of3_0p15_v01:1589:0,sand_solref_interpolation_2of3_0p15_v01,False,0.9366212182350728,0.9548505066353908
2,1,0,1,wrong_foot,sand_solref_interpolation_3of4_stronger_v2_0p15_v01:1569:0,sand_solref_interpolation_3of4_stronger_v2_0p15_v01,False,0.9988656789950312,0.8952243362447428
2,1,0,1,wrong_foot,sand_solref_interpolation_2of3_0p10_v04:1869:0,sand_solref_interpolation_2of3_0p10_v04,False,0.9945434421766861,0.9065452564074425
2,1,0,1,wrong_foot,sand_solref_interpolation_3of4_stronger_v2_0p10_v01:1379:1,sand_solref_interpolation_3of4_stronger_v2_0p10_v01,False,0.9933860761121571,0.9151846534825845
2,1,0,1,wrong_foot,ice_native_0p20_v01:2339:1,ice_native_0p20_v01,False,0.9999992718485189,0.922099299473327
2,1,0,1,wrong_foot,sand_solref_interpolation_2of3_0p15_v01:1619:0,sand_solref_interpolation_2of3_0p15_v01,False,0.999999658959591,0.9223198517830093
2,1,0,1,wrong_foot,sand_solref_interpolation_3of4_stronger_v2_0p10_v04:2469:0,sand_solref_interpolation_3of4_stronger_v2_0p10_v04,False,0.9694483040853111,0.9551837782153583
2,1,0,1,wrong_foot,ice_native_0p20_v01:2299:1,ice_native_0p20_v01,False,0.9999993077505118,0.9306615765508741
2,1,0,1,wrong_foot,sand_solref_interpolation_3of4_stronger_v2_0p15_v01:1619:0,sand_solref_interpolation_3of4_stronger_v2_0p15_v01,False,0.9997627001223023,0.9322906587038341
2,1,0,1,wrong_foot,sand_solref_interpolation_3of4_stronger_v2_0p10_v01:1369:1,sand_solref_interpolation_3of4_stronger_v2_0p10_v01,False,0.9898607289285057,0.9489706207860569
2,1,0,1,wrong_foot,sand_solref_interpolation_5of6_stronger_v2_0p15_v01:1569:0,sand_solref_interpolation_5of6_stronger_v2_0p15_v01,False,0.9999613693475516,0.9399700444365984
2,1,0,1,wrong_foot,sand_solref_interpolation_3of4_stronger_v2_0p15_v01:1599:0,sand_solref_interpolation_3of4_stronger_v2_0p15_v01,False,0.9999999834897362,0.9495061985094191
2,1,0,1,wrong_foot,sand_solref_interpolation_3of4_stronger_v2_0p15_v01:1589:0,sand_solref_interpolation_3of4_stronger_v2_0p15_v01,False,0.9999012778107358,0.9620973799330538
2,1,0,1,wrong_foot,sand_solref_interpolation_5of6_stronger_v2_0p15_v01:1639:0,sand_solref_interpolation_5of6_stronger_v2_0p15_v01,False,0.9998909129658515,0.9635293829663968
2,1,0,1,wrong_foot,sand_solref_interpolation_5of6_stronger_v2_0p15_v01:1559:0,sand_solref_interpolation_5of6_stronger_v2_0p15_v01,False,0.9999142817353442,0.9653820721570606
2,1,0,1,wrong_foot,ice_native_0p15_v01:1089:1,ice_native_0p15_v01,False,0.9712730342505506,0.9941292501526625
2,1,0,1,wrong_foot,sand_solref_interpolation_5of6_stronger_v2_0p15_v01:1589:0,sand_solref_interpolation_5of6_stronger_v2_0p15_v01,False,0.9999895438005433,0.9672911357020039
2,1,0,1,wrong_foot,sand_solref_interpolation_3of4_stronger_v2_0p15_v01:1579:0,sand_solref_interpolation_3of4_stronger_v2_0p15_v01,False,0.9998828685540379,0.9700140130080861
2,1,0,1,wrong_foot,sand_solref_interpolation_5of6_stronger_v2_0p10_v01:1299:1,sand_solref_interpolation_5of6_stronger_v2_0p10_v01,False,0.9772009733751161,0.999654264696086
2,1,0,1,wrong_foot,sand_solref_interpolation_5of6_stronger_v2_0p10_v01:1279:1,sand_solref_interpolation_5of6_stronger_v2_0p10_v01,False,0.9776011765568436,0.9994228568029818
2,1,0,1,wrong_foot,sand_solref_interpolation_5of6_stronger_v2_0p15_v01:1619:0,sand_solref_interpolation_5of6_stronger_v2_0p15_v01,False,0.9949598137086195,0.9855584220900468
2,1,0,1,wrong_foot,sand_solref_interpolation_2of3_0p15_v01:1609:0,sand_solref_interpolation_2of3_0p15_v01,False,0.9999661567825663,0.9839176981177195
2,1,0,1,wrong_foot,sand_solref_interpolation_5of6_stronger_v2_0p15_v01:1599:0,sand_solref_interpolation_5of6_stronger_v2_0p15_v01,False,0.9999999788937011,0.9854706726224687
2,1,0,1,wrong_foot,sand_solref_interpolation_5of6_stronger_v2_0p10_v01:1319:1,sand_solref_interpolation_5of6_stronger_v2_0p10_v01,False,0.9875807435057313,0.9985534003712067
2,1,0,1,wrong_foot,sand_solref_interpolation_5of6_stronger_v2_0p10_v01:1339:1,sand_solref_interpolation_5of6_stronger_v2_0p10_v01,False,0.9998405944722488,0.9919167858864018
2,1,0,1,wrong_foot,sand_solref_interpolation_5of6_stronger_v2_0p15_v01:1579:0,sand_solref_interpolation_5of6_stronger_v2_0p15_v01,False,0.999993582182978,0.9935825887975049
2,1,0,1,wrong_foot,sand_solref_interpolation_3of4_stronger_v2_0p15_v01:1609:0,sand_solref_interpolation_3of4_stronger_v2_0p15_v01,False,0.9997065715360915,0.9958811718686017
2,1,0,1,wrong_foot,sand_solref_interpolation_5of6_stronger_v2_0p10_v01:1329:1,sand_solref_interpolation_5of6_stronger_v2_0p10_v01,False,0.9999524646367772,0.9957227503702251
2,1,0,1,wrong_foot,ice_native_0p10_v04:2999:1,ice_native_0p10_v04,False,0.9966837122433055,0.9999996325790768
2,1,0,1,wrong_foot,sand_solref_interpolation_5of6_stronger_v2_0p15_v01:1609:0,sand_solref_interpolation_5of6_stronger_v2_0p15_v01,False,0.9997042781188902,0.998316551746442
2,1,0,1,wrong_foot,sand_solref_interpolation_5of6_stronger_v2_0p10_v01:1309:1,sand_solref_interpolation_5of6_stronger_v2_0p10_v01,False,0.9986036734001584,0.9995427563113549
2,1,0,1,wrong_foot,ice_native_0p20_v01:2319:1,ice_native_0p20_v01,False,0.9999595724797811,0.9982194662468741
2,1,0,1,wrong_foot,sand_solref_interpolation_3of4_stronger_v2_0p10_v01:1389:1,sand_solref_interpolation_3of4_stronger_v2_0p10_v01,False,0.9999165438810016,0.9994849421125543
2,1,0,1,wrong_foot,sand_solref_interpolation_3of4_stronger_v2_0p10_v01:1399:1,sand_solref_interpolation_3of4_stronger_v2_0p10_v01,False,0.9999971475372544,0.9996316543669937
2,1,0,1,wrong_foot,ice_native_0p10_v04:2979:1,ice_native_0p10_v04,False,0.9999327553417775,0.9999992985113966
2,1,0,1,wrong_foot,sand_solref_interpolation_3of4_stronger_v2_0p10_v04:2689:0,sand_solref_interpolation_3of4_stronger_v2_0p10_v04,False,0.9999988161777357,0.9999368681510096
2,1,0,1,wrong_foot,positive_0p15_left_early_loading_v1_M1:1979:1,positive_0p15_left_early_loading_v1_M1,False,0.9999999999969389,0.999936013584072
2,1,0,1,wrong_foot,ice_native_0p10_v04:2939:1,ice_native_0p10_v04,False,0.9999854813126166,0.9999994769650513
2,1,0,1,wrong_foot,ice_native_0p10_v04:2989:1,ice_native_0p10_v04,False,0.9999974547607821,0.9999993612985192
2,1,0,1,wrong_foot,sand_solref_interpolation_3of4_stronger_v2_0p10_v01:1409:1,sand_solref_interpolation_3of4_stronger_v2_0p10_v01,False,0.9999999999455857,0.9999978898229389
2,1,0,1,wrong_foot,ice_native_0p10_v04:2949:1,ice_native_0p10_v04,False,0.999999215706558,0.9999999726473828
2,1,0,1,wrong_foot,ice_native_0p10_v04:2959:1,ice_native_0p10_v04,False,0.9999999999607554,0.9999999997442341
