candidate_id,evaluation_scope,config_id,state_threshold,proposal_threshold,early_margin,normal_margin,foot_threshold,persistence_endpoints,hysteresis,run_count,actionable_episode_count,raw_actionable_argmax_detected,proposal_detected,verifier_detected,V4_masked_verifier_detected,persistence_detected,stable_episode_detection_detected,raw_actionable_argmax_recall,proposal_recall,verifier_recall,V4_masked_verifier_recall,persistence_recall,stable_episode_detection_recall,actionable_episode_detected,actionable_episode_recall,speed_total,speed_detected,speed_recall,minimum_speed_recall,foot_total,foot_detected,affected_foot_count,affected_foot_correct,affected_foot_accuracy,normal_run_fp,normal_contact_episode_fp,too_early,air_firing,touchdown_firing,invalid_firing,post_fall_firing,latch_carryover,cross_foot_violation,future_leakage,actionable_runs,detected_runs,median_warning_margin_ms,p95_warning_margin_ms,median_late_latency_ms,p95_late_latency_ms,contact_loss_resets,touchdown_resets,fall_boundary_resets,invalid_mask_resets,zero_safety_pass,variant,seed,diagnostic_only,selected_or_frozen,grid_frozen_before_scores,maximum_recall_run_fp_zero,maximum_recall_contact_episode_fp_zero,maximum_recall_too_early_zero,maximum_recall_all_three_zero,minimum_run_fp_at_recall_ge_0p80,minimum_contact_episode_fp_at_recall_ge_0p80,minimum_too_early_at_recall_ge_0p80
F0_seed_202608241,DIAGNOSTIC_OOF_PARETO,s0.45_p0.45_e0.15_n0.10_f0.60_k1_h0.00,0.45,0.45,0.15,0.1,0.6,1,0.0,333,471,432,432,393,385,375,330,0.9171974522292994,0.9171974522292994,0.8343949044585988,0.8174097664543525,0.7961783439490446,0.7006369426751592,330,0.7006369426751592,"{""0.10"":165,""0.15"":156,""0.20"":150}","{""0.10"":115,""0.15"":115,""0.20"":100}","{""0.10"":0.696969696969697,""0.15"":0.7371794871794872,""0.20"":0.6666666666666666}",0.6666666666666666,"{""left"":229,""right"":242}","{""left"":157,""right"":173}",359,309,0.8607242339832869,12,424,61,0,0,0,0,0,50,0,125,113,55.0,91.0,0.0,35.85000000000008,73782,6973,100,0,False,F0,202608241,True,False,True,0.5626326963906582,0.0,0.0,0.0,UNACHIEVABLE,UNACHIEVABLE,UNACHIEVABLE
F0_seed_202608241,DIAGNOSTIC_OOF_PARETO,s0.45_p0.45_e0.15_n0.10_f0.60_k1_h0.05,0.45,0.45,0.15,0.1,0.6,1,0.05,333,471,432,432,393,385,375,330,0.9171974522292994,0.9171974522292994,0.8343949044585988,0.8174097664543525,0.7961783439490446,0.7006369426751592,330,0.7006369426751592,"{""0.10"":165,""0.15"":156,""0.20"":150}","{""0.10"":115,""0.15"":115,""0.20"":100}","{""0.10"":0.696969696969697,""0.15"":0.7371794871794872,""0.20"":0.6666666666666666}",0.6666666666666666,"{""left"":229,""right"":242}","{""left"":157,""right"":173}",359,309,0.8607242339832869,12,424,61,0,0,0,0,0,50,0,125,113,55.0,91.0,0.0,35.85000000000008,73782,6973,100,0,False,F0,202608241,True,False,True,0.5626326963906582,0.0,0.0,0.0,UNACHIEVABLE,UNACHIEVABLE,UNACHIEVABLE
F0_seed_202608241,DIAGNOSTIC_OOF_PARETO,s0.45_p0.45_e0.15_n0.10_f0.60_k2_h0.00,0.45,0.45,0.15,0.1,0.6,2,0.0,333,471,432,432,393,385,332,310,0.9171974522292994,0.9171974522292994,0.8343949044585988,0.8174097664543525,0.7048832271762208,0.6581740976645435,310,0.6581740976645435,"{""0.10"":165,""0.15"":156,""0.20"":150}","{""0.10"":112,""0.15"":106,""0.20"":92}","{""0.10"":0.6787878787878788,""0.15"":0.6794871794871795,""0.20"":0.6133333333333333}",0.6133333333333333,"{""left"":229,""right"":242}","{""left"":147,""right"":163}",332,301,0.9066265060240963,3,274,34,0,0,0,0,0,31,0,125,117,46.0,85.0,0.0,30.55000000000001,73782,6973,100,0,False,F0,202608241,True,False,True,0.5626326963906582,0.0,0.0,0.0,UNACHIEVABLE,UNACHIEVABLE,UNACHIEVABLE
F0_seed_202608241,DIAGNOSTIC_OOF_PARETO,s0.45_p0.45_e0.15_n0.10_f0.60_k2_h0.05,0.45,0.45,0.15,0.1,0.6,2,0.05,333,471,432,432,393,385,332,310,0.9171974522292994,0.9171974522292994,0.8343949044585988,0.8174097664543525,0.7048832271762208,0.6581740976645435,310,0.6581740976645435,"{""0.10"":165,""0.15"":156,""0.20"":150}","{""0.10"":112,""0.15"":106,""0.20"":92}","{""0.10"":0.6787878787878788,""0.15"":0.6794871794871795,""0.20"":0.6133333333333333}",0.6133333333333333,"{""left"":229,""right"":242}","{""left"":147,""right"":163}",332,301,0.9066265060240963,3,274,34,0,0,0,0,0,31,0,125,117,46.0,85.0,0.0,30.55000000000001,73782,6973,100,0,False,F0,202608241,True,False,True,0.5626326963906582,0.0,0.0,0.0,UNACHIEVABLE,UNACHIEVABLE,UNACHIEVABLE
F0_seed_202608241,DIAGNOSTIC_OOF_PARETO,s0.45_p0.45_e0.15_n0.10_f0.60_k3_h0.00,0.45,0.45,0.15,0.1,0.6,3,0.0,333,471,432,432,393,385,276,265,0.9171974522292994,0.9171974522292994,0.8343949044585988,0.8174097664543525,0.5859872611464968,0.5626326963906582,265,0.5626326963906582,"{""0.10"":165,""0.15"":156,""0.20"":150}","{""0.10"":100,""0.15"":89,""0.20"":76}","{""0.10"":0.6060606060606061,""0.15"":0.5705128205128205,""0.20"":0.5066666666666667}",0.5066666666666667,"{""left"":229,""right"":242}","{""left"":127,""right"":138}",281,260,0.9252669039145908,0,181,16,0,0,0,0,0,21,0,125,114,38.0,81.59999999999997,0.0,48.79999999999998,73782,6973,100,0,False,F0,202608241,True,False,True,0.5626326963906582,0.0,0.0,0.0,UNACHIEVABLE,UNACHIEVABLE,UNACHIEVABLE
F0_seed_202608241,DIAGNOSTIC_OOF_PARETO,s0.45_p0.45_e0.15_n0.10_f0.60_k3_h0.05,0.45,0.45,0.15,0.1,0.6,3,0.05,333,471,432,432,393,385,276,265,0.9171974522292994,0.9171974522292994,0.8343949044585988,0.8174097664543525,0.5859872611464968,0.5626326963906582,265,0.5626326963906582,"{""0.10"":165,""0.15"":156,""0.20"":150}","{""0.10"":100,""0.15"":89,""0.20"":76}","{""0.10"":0.6060606060606061,""0.15"":0.5705128205128205,""0.20"":0.5066666666666667}",0.5066666666666667,"{""left"":229,""right"":242}","{""left"":127,""right"":138}",281,260,0.9252669039145908,0,181,16,0,0,0,0,0,21,0,125,114,38.0,81.59999999999997,0.0,48.79999999999998,73782,6973,100,0,False,F0,202608241,True,False,True,0.5626326963906582,0.0,0.0,0.0,UNACHIEVABLE,UNACHIEVABLE,UNACHIEVABLE
F0_seed_202608241,DIAGNOSTIC_OOF_PARETO,s0.45_p0.45_e0.25_n0.20_f0.60_k1_h0.00,0.45,0.45,0.25,0.2,0.6,1,0.0,333,471,432,432,393,385,375,331,0.9171974522292994,0.9171974522292994,0.8343949044585988,0.8174097664543525,0.7961783439490446,0.70276008492569,331,0.70276008492569,"{""0.10"":165,""0.15"":156,""0.20"":150}","{""0.10"":115,""0.15"":116,""0.20"":100}","{""0.10"":0.696969696969697,""0.15"":0.7435897435897436,""0.20"":0.6666666666666666}",0.6666666666666666,"{""left"":229,""right"":242}","{""left"":157,""right"":174}",360,310,0.8611111111111112,12,423,60,0,0,0,0,0,50,0,125,113,55.0,91.0,0.0,35.5,73782,6973,100,0,False,F0,202608241,True,False,True,0.5626326963906582,0.0,0.0,0.0,UNACHIEVABLE,UNACHIEVABLE,UNACHIEVABLE
F0_seed_202608241,DIAGNOSTIC_OOF_PARETO,s0.45_p0.45_e0.25_n0.20_f0.60_k1_h0.05,0.45,0.45,0.25,0.2,0.6,1,0.05,333,471,432,432,393,385,375,331,0.9171974522292994,0.9171974522292994,0.8343949044585988,0.8174097664543525,0.7961783439490446,0.70276008492569,331,0.70276008492569,"{""0.10"":165,""0.15"":156,""0.20"":150}","{""0.10"":115,""0.15"":116,""0.20"":100}","{""0.10"":0.696969696969697,""0.15"":0.7435897435897436,""0.20"":0.6666666666666666}",0.6666666666666666,"{""left"":229,""right"":242}","{""left"":157,""right"":174}",360,310,0.8611111111111112,12,423,60,0,0,0,0,0,50,0,125,113,55.0,91.0,0.0,35.5,73782,6973,100,0,False,F0,202608241,True,False,True,0.5626326963906582,0.0,0.0,0.0,UNACHIEVABLE,UNACHIEVABLE,UNACHIEVABLE
F0_seed_202608241,DIAGNOSTIC_OOF_PARETO,s0.45_p0.45_e0.25_n0.20_f0.60_k2_h0.00,0.45,0.45,0.25,0.2,0.6,2,0.0,333,471,432,432,393,385,329,307,0.9171974522292994,0.9171974522292994,0.8343949044585988,0.8174097664543525,0.6985138004246284,0.6518046709129511,307,0.6518046709129511,"{""0.10"":165,""0.15"":156,""0.20"":150}","{""0.10"":112,""0.15"":105,""0.20"":90}","{""0.10"":0.6787878787878788,""0.15"":0.6730769230769231,""0.20"":0.6}",0.6,"{""left"":229,""right"":242}","{""left"":146,""right"":161}",329,298,0.9057750759878419,3,273,33,0,0,0,0,0,31,0,125,116,45.0,85.0,0.0,30.69999999999999,73782,6973,100,0,False,F0,202608241,True,False,True,0.5626326963906582,0.0,0.0,0.0,UNACHIEVABLE,UNACHIEVABLE,UNACHIEVABLE
F0_seed_202608241,DIAGNOSTIC_OOF_PARETO,s0.45_p0.45_e0.25_n0.20_f0.60_k2_h0.05,0.45,0.45,0.25,0.2,0.6,2,0.05,333,471,432,432,393,385,329,307,0.9171974522292994,0.9171974522292994,0.8343949044585988,0.8174097664543525,0.6985138004246284,0.6518046709129511,307,0.6518046709129511,"{""0.10"":165,""0.15"":156,""0.20"":150}","{""0.10"":112,""0.15"":105,""0.20"":90}","{""0.10"":0.6787878787878788,""0.15"":0.6730769230769231,""0.20"":0.6}",0.6,"{""left"":229,""right"":242}","{""left"":146,""right"":161}",329,298,0.9057750759878419,3,273,33,0,0,0,0,0,31,0,125,116,45.0,85.0,0.0,30.69999999999999,73782,6973,100,0,False,F0,202608241,True,False,True,0.5626326963906582,0.0,0.0,0.0,UNACHIEVABLE,UNACHIEVABLE,UNACHIEVABLE
F0_seed_202608241,DIAGNOSTIC_OOF_PARETO,s0.45_p0.45_e0.25_n0.20_f0.60_k3_h0.00,0.45,0.45,0.25,0.2,0.6,3,0.0,333,471,432,432,393,385,274,263,0.9171974522292994,0.9171974522292994,0.8343949044585988,0.8174097664543525,0.5817409766454352,0.5583864118895966,263,0.5583864118895966,"{""0.10"":165,""0.15"":156,""0.20"":150}","{""0.10"":100,""0.15"":88,""0.20"":75}","{""0.10"":0.6060606060606061,""0.15"":0.5641025641025641,""0.20"":0.5}",0.5,"{""left"":229,""right"":242}","{""left"":126,""right"":137}",279,258,0.9247311827956989,0,179,16,0,0,0,0,0,21,0,125,114,38.0,79.89999999999998,0.0,51.69999999999993,73782,6973,100,0,False,F0,202608241,True,False,True,0.5626326963906582,0.0,0.0,0.0,UNACHIEVABLE,UNACHIEVABLE,UNACHIEVABLE
F0_seed_202608241,DIAGNOSTIC_OOF_PARETO,s0.45_p0.45_e0.25_n0.20_f0.60_k3_h0.05,0.45,0.45,0.25,0.2,0.6,3,0.05,333,471,432,432,393,385,274,263,0.9171974522292994,0.9171974522292994,0.8343949044585988,0.8174097664543525,0.5817409766454352,0.5583864118895966,263,0.5583864118895966,"{""0.10"":165,""0.15"":156,""0.20"":150}","{""0.10"":100,""0.15"":88,""0.20"":75}","{""0.10"":0.6060606060606061,""0.15"":0.5641025641025641,""0.20"":0.5}",0.5,"{""left"":229,""right"":242}","{""left"":126,""right"":137}",279,258,0.9247311827956989,0,179,16,0,0,0,0,0,21,0,125,114,38.0,79.89999999999998,0.0,51.69999999999993,73782,6973,100,0,False,F0,202608241,True,False,True,0.5626326963906582,0.0,0.0,0.0,UNACHIEVABLE,UNACHIEVABLE,UNACHIEVABLE
F0_seed_202608241,DIAGNOSTIC_OOF_PARETO,s0.55_p0.55_e0.15_n0.10_f0.60_k1_h0.00,0.55,0.55,0.15,0.1,0.6,1,0.0,333,471,432,427,386,378,369,332,0.9171974522292994,0.9065817409766455,0.8195329087048833,0.802547770700637,0.7834394904458599,0.7048832271762208,332,0.7048832271762208,"{""0.10"":165,""0.15"":156,""0.20"":150}","{""0.10"":117,""0.15"":114,""0.20"":101}","{""0.10"":0.7090909090909091,""0.15"":0.7307692307692307,""0.20"":0.6733333333333333}",0.6733333333333333,"{""left"":229,""right"":242}","{""left"":160,""right"":172}",361,312,0.8642659279778393,11,409,53,0,0,0,0,0,49,0,125,115,55.0,92.0,0.0,38.44999999999999,73782,6973,100,0,False,F0,202608241,True,False,True,0.5626326963906582,0.0,0.0,0.0,UNACHIEVABLE,UNACHIEVABLE,UNACHIEVABLE
F0_seed_202608241,DIAGNOSTIC_OOF_PARETO,s0.55_p0.55_e0.15_n0.10_f0.60_k1_h0.05,0.55,0.55,0.15,0.1,0.6,1,0.05,333,471,432,427,386,378,369,332,0.9171974522292994,0.9065817409766455,0.8195329087048833,0.802547770700637,0.7834394904458599,0.7048832271762208,332,0.7048832271762208,"{""0.10"":165,""0.15"":156,""0.20"":150}","{""0.10"":117,""0.15"":114,""0.20"":101}","{""0.10"":0.7090909090909091,""0.15"":0.7307692307692307,""0.20"":0.6733333333333333}",0.6733333333333333,"{""left"":229,""right"":242}","{""left"":160,""right"":172}",361,312,0.8642659279778393,11,409,53,0,0,0,0,0,49,0,125,115,55.0,92.0,0.0,38.44999999999999,73782,6973,100,0,False,F0,202608241,True,False,True,0.5626326963906582,0.0,0.0,0.0,UNACHIEVABLE,UNACHIEVABLE,UNACHIEVABLE
F0_seed_202608241,DIAGNOSTIC_OOF_PARETO,s0.55_p0.55_e0.15_n0.10_f0.60_k2_h0.00,0.55,0.55,0.15,0.1,0.6,2,0.0,333,471,432,427,386,378,319,302,0.9171974522292994,0.9065817409766455,0.8195329087048833,0.802547770700637,0.6772823779193206,0.6411889596602972,302,0.6411889596602972,"{""0.10"":165,""0.15"":156,""0.20"":150}","{""0.10"":111,""0.15"":103,""0.20"":88}","{""0.10"":0.6727272727272727,""0.15"":0.6602564102564102,""0.20"":0.5866666666666667}",0.5866666666666667,"{""left"":229,""right"":242}","{""left"":143,""right"":159}",323,292,0.9040247678018576,3,259,28,0,0,0,0,0,31,0,125,117,46.0,83.0,0.0,30.94999999999999,73782,6973,100,0,False,F0,202608241,True,False,True,0.5626326963906582,0.0,0.0,0.0,UNACHIEVABLE,UNACHIEVABLE,UNACHIEVABLE
F0_seed_202608241,DIAGNOSTIC_OOF_PARETO,s0.55_p0.55_e0.15_n0.10_f0.60_k2_h0.05,0.55,0.55,0.15,0.1,0.6,2,0.05,333,471,432,427,386,378,319,302,0.9171974522292994,0.9065817409766455,0.8195329087048833,0.802547770700637,0.6772823779193206,0.6411889596602972,302,0.6411889596602972,"{""0.10"":165,""0.15"":156,""0.20"":150}","{""0.10"":111,""0.15"":103,""0.20"":88}","{""0.10"":0.6727272727272727,""0.15"":0.6602564102564102,""0.20"":0.5866666666666667}",0.5866666666666667,"{""left"":229,""right"":242}","{""left"":143,""right"":159}",323,292,0.9040247678018576,3,259,28,0,0,0,0,0,31,0,125,117,46.0,83.0,0.0,30.94999999999999,73782,6973,100,0,False,F0,202608241,True,False,True,0.5626326963906582,0.0,0.0,0.0,UNACHIEVABLE,UNACHIEVABLE,UNACHIEVABLE
F0_seed_202608241,DIAGNOSTIC_OOF_PARETO,s0.55_p0.55_e0.15_n0.10_f0.60_k3_h0.00,0.55,0.55,0.15,0.1,0.6,3,0.0,333,471,432,427,386,378,261,255,0.9171974522292994,0.9065817409766455,0.8195329087048833,0.802547770700637,0.554140127388535,0.5414012738853503,255,0.5414012738853503,"{""0.10"":165,""0.15"":156,""0.20"":150}","{""0.10"":98,""0.15"":86,""0.20"":71}","{""0.10"":0.593939393939394,""0.15"":0.5512820512820513,""0.20"":0.47333333333333333}",0.47333333333333333,"{""left"":229,""right"":242}","{""left"":124,""right"":131}",271,249,0.9188191881918819,0,174,11,0,0,0,0,0,22,0,125,116,37.0,75.0,0.0,60.69999999999985,73782,6973,100,0,False,F0,202608241,True,False,True,0.5626326963906582,0.0,0.0,0.0,UNACHIEVABLE,UNACHIEVABLE,UNACHIEVABLE
F0_seed_202608241,DIAGNOSTIC_OOF_PARETO,s0.55_p0.55_e0.15_n0.10_f0.60_k3_h0.05,0.55,0.55,0.15,0.1,0.6,3,0.05,333,471,432,427,386,378,261,255,0.9171974522292994,0.9065817409766455,0.8195329087048833,0.802547770700637,0.554140127388535,0.5414012738853503,255,0.5414012738853503,"{""0.10"":165,""0.15"":156,""0.20"":150}","{""0.10"":98,""0.15"":86,""0.20"":71}","{""0.10"":0.593939393939394,""0.15"":0.5512820512820513,""0.20"":0.47333333333333333}",0.47333333333333333,"{""left"":229,""right"":242}","{""left"":124,""right"":131}",271,249,0.9188191881918819,0,174,11,0,0,0,0,0,22,0,125,116,37.0,75.0,0.0,60.69999999999985,73782,6973,100,0,False,F0,202608241,True,False,True,0.5626326963906582,0.0,0.0,0.0,UNACHIEVABLE,UNACHIEVABLE,UNACHIEVABLE
F0_seed_202608241,DIAGNOSTIC_OOF_PARETO,s0.55_p0.55_e0.25_n0.20_f0.60_k1_h0.00,0.55,0.55,0.25,0.2,0.6,1,0.0,333,471,432,427,386,378,369,332,0.9171974522292994,0.9065817409766455,0.8195329087048833,0.802547770700637,0.7834394904458599,0.7048832271762208,332,0.7048832271762208,"{""0.10"":165,""0.15"":156,""0.20"":150}","{""0.10"":117,""0.15"":114,""0.20"":101}","{""0.10"":0.7090909090909091,""0.15"":0.7307692307692307,""0.20"":0.6733333333333333}",0.6733333333333333,"{""left"":229,""right"":242}","{""left"":160,""right"":172}",361,312,0.8642659279778393,11,408,53,0,0,0,0,0,49,0,125,115,55.0,92.0,0.0,38.44999999999999,73782,6973,100,0,False,F0,202608241,True,False,True,0.5626326963906582,0.0,0.0,0.0,UNACHIEVABLE,UNACHIEVABLE,UNACHIEVABLE
F0_seed_202608241,DIAGNOSTIC_OOF_PARETO,s0.55_p0.55_e0.25_n0.20_f0.60_k1_h0.05,0.55,0.55,0.25,0.2,0.6,1,0.05,333,471,432,427,386,378,369,332,0.9171974522292994,0.9065817409766455,0.8195329087048833,0.802547770700637,0.7834394904458599,0.7048832271762208,332,0.7048832271762208,"{""0.10"":165,""0.15"":156,""0.20"":150}","{""0.10"":117,""0.15"":114,""0.20"":101}","{""0.10"":0.7090909090909091,""0.15"":0.7307692307692307,""0.20"":0.6733333333333333}",0.6733333333333333,"{""left"":229,""right"":242}","{""left"":160,""right"":172}",361,312,0.8642659279778393,11,408,53,0,0,0,0,0,49,0,125,115,55.0,92.0,0.0,38.44999999999999,73782,6973,100,0,False,F0,202608241,True,False,True,0.5626326963906582,0.0,0.0,0.0,UNACHIEVABLE,UNACHIEVABLE,UNACHIEVABLE
F0_seed_202608241,DIAGNOSTIC_OOF_PARETO,s0.55_p0.55_e0.25_n0.20_f0.60_k2_h0.00,0.55,0.55,0.25,0.2,0.6,2,0.0,333,471,432,427,386,378,318,301,0.9171974522292994,0.9065817409766455,0.8195329087048833,0.802547770700637,0.6751592356687898,0.6390658174097664,301,0.6390658174097664,"{""0.10"":165,""0.15"":156,""0.20"":150}","{""0.10"":111,""0.15"":103,""0.20"":87}","{""0.10"":0.6727272727272727,""0.15"":0.6602564102564102,""0.20"":0.58}",0.58,"{""left"":229,""right"":242}","{""left"":143,""right"":158}",322,291,0.9037267080745341,3,258,27,0,0,0,0,0,31,0,125,117,46.0,83.0,0.0,36.0,73782,6973,100,0,False,F0,202608241,True,False,True,0.5626326963906582,0.0,0.0,0.0,UNACHIEVABLE,UNACHIEVABLE,UNACHIEVABLE
F0_seed_202608241,DIAGNOSTIC_OOF_PARETO,s0.55_p0.55_e0.25_n0.20_f0.60_k2_h0.05,0.55,0.55,0.25,0.2,0.6,2,0.05,333,471,432,427,386,378,318,301,0.9171974522292994,0.9065817409766455,0.8195329087048833,0.802547770700637,0.6751592356687898,0.6390658174097664,301,0.6390658174097664,"{""0.10"":165,""0.15"":156,""0.20"":150}","{""0.10"":111,""0.15"":103,""0.20"":87}","{""0.10"":0.6727272727272727,""0.15"":0.6602564102564102,""0.20"":0.58}",0.58,"{""left"":229,""right"":242}","{""left"":143,""right"":158}",322,291,0.9037267080745341,3,258,27,0,0,0,0,0,31,0,125,117,46.0,83.0,0.0,36.0,73782,6973,100,0,False,F0,202608241,True,False,True,0.5626326963906582,0.0,0.0,0.0,UNACHIEVABLE,UNACHIEVABLE,UNACHIEVABLE
F0_seed_202608241,DIAGNOSTIC_OOF_PARETO,s0.55_p0.55_e0.25_n0.20_f0.60_k3_h0.00,0.55,0.55,0.25,0.2,0.6,3,0.0,333,471,432,427,386,378,260,254,0.9171974522292994,0.9065817409766455,0.8195329087048833,0.802547770700637,0.5520169851380042,0.5392781316348195,254,0.5392781316348195,"{""0.10"":165,""0.15"":156,""0.20"":150}","{""0.10"":98,""0.15"":85,""0.20"":71}","{""0.10"":0.593939393939394,""0.15"":0.5448717948717948,""0.20"":0.47333333333333333}",0.47333333333333333,"{""left"":229,""right"":242}","{""left"":123,""right"":131}",270,248,0.9185185185185185,0,173,11,0,0,0,0,0,22,0,125,116,37.0,75.0,0.0,61.14999999999995,73782,6973,100,0,False,F0,202608241,True,False,True,0.5626326963906582,0.0,0.0,0.0,UNACHIEVABLE,UNACHIEVABLE,UNACHIEVABLE
F0_seed_202608241,DIAGNOSTIC_OOF_PARETO,s0.55_p0.55_e0.25_n0.20_f0.60_k3_h0.05,0.55,0.55,0.25,0.2,0.6,3,0.05,333,471,432,427,386,378,260,254,0.9171974522292994,0.9065817409766455,0.8195329087048833,0.802547770700637,0.5520169851380042,0.5392781316348195,254,0.5392781316348195,"{""0.10"":165,""0.15"":156,""0.20"":150}","{""0.10"":98,""0.15"":85,""0.20"":71}","{""0.10"":0.593939393939394,""0.15"":0.5448717948717948,""0.20"":0.47333333333333333}",0.47333333333333333,"{""left"":229,""right"":242}","{""left"":123,""right"":131}",270,248,0.9185185185185185,0,173,11,0,0,0,0,0,22,0,125,116,37.0,75.0,0.0,61.14999999999995,73782,6973,100,0,False,F0,202608241,True,False,True,0.5626326963906582,0.0,0.0,0.0,UNACHIEVABLE,UNACHIEVABLE,UNACHIEVABLE
F0_seed_202608241,DIAGNOSTIC_OOF_PARETO,s0.65_p0.65_e0.15_n0.10_f0.60_k1_h0.00,0.65,0.65,0.15,0.1,0.6,1,0.0,333,471,432,425,376,367,359,331,0.9171974522292994,0.9023354564755839,0.7983014861995754,0.7791932059447984,0.7622080679405521,0.70276008492569,331,0.70276008492569,"{""0.10"":165,""0.15"":156,""0.20"":150}","{""0.10"":117,""0.15"":115,""0.20"":99}","{""0.10"":0.7090909090909091,""0.15"":0.7371794871794872,""0.20"":0.66}",0.66,"{""left"":229,""right"":242}","{""left"":160,""right"":171}",358,313,0.8743016759776536,9,391,44,0,0,0,0,0,45,0,125,118,54.0,91.5,0.0,39.5,73782,6973,100,0,False,F0,202608241,True,False,True,0.5626326963906582,0.0,0.0,0.0,UNACHIEVABLE,UNACHIEVABLE,UNACHIEVABLE
F0_seed_202608241,DIAGNOSTIC_OOF_PARETO,s0.65_p0.65_e0.15_n0.10_f0.60_k1_h0.05,0.65,0.65,0.15,0.1,0.6,1,0.05,333,471,432,425,376,367,359,331,0.9171974522292994,0.9023354564755839,0.7983014861995754,0.7791932059447984,0.7622080679405521,0.70276008492569,331,0.70276008492569,"{""0.10"":165,""0.15"":156,""0.20"":150}","{""0.10"":117,""0.15"":115,""0.20"":99}","{""0.10"":0.7090909090909091,""0.15"":0.7371794871794872,""0.20"":0.66}",0.66,"{""left"":229,""right"":242}","{""left"":160,""right"":171}",358,313,0.8743016759776536,9,391,44,0,0,0,0,0,45,0,125,118,54.0,91.5,0.0,39.5,73782,6973,100,0,False,F0,202608241,True,False,True,0.5626326963906582,0.0,0.0,0.0,UNACHIEVABLE,UNACHIEVABLE,UNACHIEVABLE
F0_seed_202608241,DIAGNOSTIC_OOF_PARETO,s0.65_p0.65_e0.15_n0.10_f0.60_k2_h0.00,0.65,0.65,0.15,0.1,0.6,2,0.0,333,471,432,425,376,367,298,282,0.9171974522292994,0.9023354564755839,0.7983014861995754,0.7791932059447984,0.6326963906581741,0.5987261146496815,282,0.5987261146496815,"{""0.10"":165,""0.15"":156,""0.20"":150}","{""0.10"":103,""0.15"":99,""0.20"":80}","{""0.10"":0.6242424242424243,""0.15"":0.6346153846153846,""0.20"":0.5333333333333333}",0.5333333333333333,"{""left"":229,""right"":242}","{""left"":130,""right"":152}",304,274,0.9013157894736842,3,236,25,0,0,0,0,0,30,0,125,114,45.0,82.94999999999999,0.0,38.849999999999966,73782,6973,100,0,False,F0,202608241,True,False,True,0.5626326963906582,0.0,0.0,0.0,UNACHIEVABLE,UNACHIEVABLE,UNACHIEVABLE
F0_seed_202608241,DIAGNOSTIC_OOF_PARETO,s0.65_p0.65_e0.15_n0.10_f0.60_k2_h0.05,0.65,0.65,0.15,0.1,0.6,2,0.05,333,471,432,425,376,367,298,282,0.9171974522292994,0.9023354564755839,0.7983014861995754,0.7791932059447984,0.6326963906581741,0.5987261146496815,282,0.5987261146496815,"{""0.10"":165,""0.15"":156,""0.20"":150}","{""0.10"":103,""0.15"":99,""0.20"":80}","{""0.10"":0.6242424242424243,""0.15"":0.6346153846153846,""0.20"":0.5333333333333333}",0.5333333333333333,"{""left"":229,""right"":242}","{""left"":130,""right"":152}",304,274,0.9013157894736842,3,236,25,0,0,0,0,0,30,0,125,114,45.0,82.94999999999999,0.0,38.849999999999966,73782,6973,100,0,False,F0,202608241,True,False,True,0.5626326963906582,0.0,0.0,0.0,UNACHIEVABLE,UNACHIEVABLE,UNACHIEVABLE
F0_seed_202608241,DIAGNOSTIC_OOF_PARETO,s0.65_p0.65_e0.15_n0.10_f0.60_k3_h0.00,0.65,0.65,0.15,0.1,0.6,3,0.0,333,471,432,425,376,367,233,229,0.9171974522292994,0.9023354564755839,0.7983014861995754,0.7791932059447984,0.49469214437367304,0.4861995753715499,229,0.4861995753715499,"{""0.10"":165,""0.15"":156,""0.20"":150}","{""0.10"":87,""0.15"":75,""0.20"":67}","{""0.10"":0.5272727272727272,""0.15"":0.4807692307692308,""0.20"":0.44666666666666666}",0.44666666666666666,"{""left"":229,""right"":242}","{""left"":106,""right"":123}",248,225,0.907258064516129,0,152,8,0,0,0,0,0,23,0,125,111,37.0,73.0,0.0,94.79999999999998,73782,6973,100,0,False,F0,202608241,True,False,True,0.5626326963906582,0.0,0.0,0.0,UNACHIEVABLE,UNACHIEVABLE,UNACHIEVABLE
F0_seed_202608241,DIAGNOSTIC_OOF_PARETO,s0.65_p0.65_e0.15_n0.10_f0.60_k3_h0.05,0.65,0.65,0.15,0.1,0.6,3,0.05,333,471,432,425,376,367,233,229,0.9171974522292994,0.9023354564755839,0.7983014861995754,0.7791932059447984,0.49469214437367304,0.4861995753715499,229,0.4861995753715499,"{""0.10"":165,""0.15"":156,""0.20"":150}","{""0.10"":87,""0.15"":75,""0.20"":67}","{""0.10"":0.5272727272727272,""0.15"":0.4807692307692308,""0.20"":0.44666666666666666}",0.44666666666666666,"{""left"":229,""right"":242}","{""left"":106,""right"":123}",248,225,0.907258064516129,0,152,8,0,0,0,0,0,23,0,125,111,37.0,73.0,0.0,94.79999999999998,73782,6973,100,0,False,F0,202608241,True,False,True,0.5626326963906582,0.0,0.0,0.0,UNACHIEVABLE,UNACHIEVABLE,UNACHIEVABLE
F0_seed_202608241,DIAGNOSTIC_OOF_PARETO,s0.65_p0.65_e0.25_n0.20_f0.60_k1_h0.00,0.65,0.65,0.25,0.2,0.6,1,0.0,333,471,432,425,376,367,359,331,0.9171974522292994,0.9023354564755839,0.7983014861995754,0.7791932059447984,0.7622080679405521,0.70276008492569,331,0.70276008492569,"{""0.10"":165,""0.15"":156,""0.20"":150}","{""0.10"":117,""0.15"":115,""0.20"":99}","{""0.10"":0.7090909090909091,""0.15"":0.7371794871794872,""0.20"":0.66}",0.66,"{""left"":229,""right"":242}","{""left"":160,""right"":171}",358,313,0.8743016759776536,9,391,44,0,0,0,0,0,45,0,125,118,54.0,91.5,0.0,39.5,73782,6973,100,0,False,F0,202608241,True,False,True,0.5626326963906582,0.0,0.0,0.0,UNACHIEVABLE,UNACHIEVABLE,UNACHIEVABLE
F0_seed_202608241,DIAGNOSTIC_OOF_PARETO,s0.65_p0.65_e0.25_n0.20_f0.60_k1_h0.05,0.65,0.65,0.25,0.2,0.6,1,0.05,333,471,432,425,376,367,359,331,0.9171974522292994,0.9023354564755839,0.7983014861995754,0.7791932059447984,0.7622080679405521,0.70276008492569,331,0.70276008492569,"{""0.10"":165,""0.15"":156,""0.20"":150}","{""0.10"":117,""0.15"":115,""0.20"":99}","{""0.10"":0.7090909090909091,""0.15"":0.7371794871794872,""0.20"":0.66}",0.66,"{""left"":229,""right"":242}","{""left"":160,""right"":171}",358,313,0.8743016759776536,9,391,44,0,0,0,0,0,45,0,125,118,54.0,91.5,0.0,39.5,73782,6973,100,0,False,F0,202608241,True,False,True,0.5626326963906582,0.0,0.0,0.0,UNACHIEVABLE,UNACHIEVABLE,UNACHIEVABLE
F0_seed_202608241,DIAGNOSTIC_OOF_PARETO,s0.65_p0.65_e0.25_n0.20_f0.60_k2_h0.00,0.65,0.65,0.25,0.2,0.6,2,0.0,333,471,432,425,376,367,298,282,0.9171974522292994,0.9023354564755839,0.7983014861995754,0.7791932059447984,0.6326963906581741,0.5987261146496815,282,0.5987261146496815,"{""0.10"":165,""0.15"":156,""0.20"":150}","{""0.10"":103,""0.15"":99,""0.20"":80}","{""0.10"":0.6242424242424243,""0.15"":0.6346153846153846,""0.20"":0.5333333333333333}",0.5333333333333333,"{""left"":229,""right"":242}","{""left"":130,""right"":152}",304,274,0.9013157894736842,3,236,25,0,0,0,0,0,30,0,125,114,45.0,82.94999999999999,0.0,38.849999999999966,73782,6973,100,0,False,F0,202608241,True,False,True,0.5626326963906582,0.0,0.0,0.0,UNACHIEVABLE,UNACHIEVABLE,UNACHIEVABLE
F0_seed_202608241,DIAGNOSTIC_OOF_PARETO,s0.65_p0.65_e0.25_n0.20_f0.60_k2_h0.05,0.65,0.65,0.25,0.2,0.6,2,0.05,333,471,432,425,376,367,298,282,0.9171974522292994,0.9023354564755839,0.7983014861995754,0.7791932059447984,0.6326963906581741,0.5987261146496815,282,0.5987261146496815,"{""0.10"":165,""0.15"":156,""0.20"":150}","{""0.10"":103,""0.15"":99,""0.20"":80}","{""0.10"":0.6242424242424243,""0.15"":0.6346153846153846,""0.20"":0.5333333333333333}",0.5333333333333333,"{""left"":229,""right"":242}","{""left"":130,""right"":152}",304,274,0.9013157894736842,3,236,25,0,0,0,0,0,30,0,125,114,45.0,82.94999999999999,0.0,38.849999999999966,73782,6973,100,0,False,F0,202608241,True,False,True,0.5626326963906582,0.0,0.0,0.0,UNACHIEVABLE,UNACHIEVABLE,UNACHIEVABLE
F0_seed_202608241,DIAGNOSTIC_OOF_PARETO,s0.65_p0.65_e0.25_n0.20_f0.60_k3_h0.00,0.65,0.65,0.25,0.2,0.6,3,0.0,333,471,432,425,376,367,233,229,0.9171974522292994,0.9023354564755839,0.7983014861995754,0.7791932059447984,0.49469214437367304,0.4861995753715499,229,0.4861995753715499,"{""0.10"":165,""0.15"":156,""0.20"":150}","{""0.10"":87,""0.15"":75,""0.20"":67}","{""0.10"":0.5272727272727272,""0.15"":0.4807692307692308,""0.20"":0.44666666666666666}",0.44666666666666666,"{""left"":229,""right"":242}","{""left"":106,""right"":123}",248,225,0.907258064516129,0,152,8,0,0,0,0,0,23,0,125,111,37.0,73.0,0.0,94.79999999999998,73782,6973,100,0,False,F0,202608241,True,False,True,0.5626326963906582,0.0,0.0,0.0,UNACHIEVABLE,UNACHIEVABLE,UNACHIEVABLE
F0_seed_202608241,DIAGNOSTIC_OOF_PARETO,s0.65_p0.65_e0.25_n0.20_f0.60_k3_h0.05,0.65,0.65,0.25,0.2,0.6,3,0.05,333,471,432,425,376,367,233,229,0.9171974522292994,0.9023354564755839,0.7983014861995754,0.7791932059447984,0.49469214437367304,0.4861995753715499,229,0.4861995753715499,"{""0.10"":165,""0.15"":156,""0.20"":150}","{""0.10"":87,""0.15"":75,""0.20"":67}","{""0.10"":0.5272727272727272,""0.15"":0.4807692307692308,""0.20"":0.44666666666666666}",0.44666666666666666,"{""left"":229,""right"":242}","{""left"":106,""right"":123}",248,225,0.907258064516129,0,152,8,0,0,0,0,0,23,0,125,111,37.0,73.0,0.0,94.79999999999998,73782,6973,100,0,False,F0,202608241,True,False,True,0.5626326963906582,0.0,0.0,0.0,UNACHIEVABLE,UNACHIEVABLE,UNACHIEVABLE
F0_seed_202608241,DIAGNOSTIC_OOF_PARETO,s0.75_p0.75_e0.15_n0.10_f0.60_k1_h0.00,0.75,0.75,0.15,0.1,0.6,1,0.0,333,471,432,407,355,346,338,318,0.9171974522292994,0.8641188959660298,0.7537154989384289,0.7346072186836518,0.7176220806794055,0.6751592356687898,318,0.6751592356687898,"{""0.10"":165,""0.15"":156,""0.20"":150}","{""0.10"":113,""0.15"":110,""0.20"":95}","{""0.10"":0.6848484848484848,""0.15"":0.7051282051282052,""0.20"":0.6333333333333333}",0.6333333333333333,"{""left"":229,""right"":242}","{""left"":151,""right"":167}",346,304,0.8786127167630058,4,346,32,0,0,0,0,0,42,0,125,120,51.0,88.0,0.0,46.14999999999998,73782,6973,100,0,False,F0,202608241,True,False,True,0.5626326963906582,0.0,0.0,0.0,UNACHIEVABLE,UNACHIEVABLE,UNACHIEVABLE
F0_seed_202608241,DIAGNOSTIC_OOF_PARETO,s0.75_p0.75_e0.15_n0.10_f0.60_k1_h0.05,0.75,0.75,0.15,0.1,0.6,1,0.05,333,471,432,407,355,346,338,318,0.9171974522292994,0.8641188959660298,0.7537154989384289,0.7346072186836518,0.7176220806794055,0.6751592356687898,318,0.6751592356687898,"{""0.10"":165,""0.15"":156,""0.20"":150}","{""0.10"":113,""0.15"":110,""0.20"":95}","{""0.10"":0.6848484848484848,""0.15"":0.7051282051282052,""0.20"":0.6333333333333333}",0.6333333333333333,"{""left"":229,""right"":242}","{""left"":151,""right"":167}",346,304,0.8786127167630058,4,346,32,0,0,0,0,0,42,0,125,120,51.0,88.0,0.0,46.14999999999998,73782,6973,100,0,False,F0,202608241,True,False,True,0.5626326963906582,0.0,0.0,0.0,UNACHIEVABLE,UNACHIEVABLE,UNACHIEVABLE
F0_seed_202608241,DIAGNOSTIC_OOF_PARETO,s0.75_p0.75_e0.15_n0.10_f0.60_k2_h0.00,0.75,0.75,0.15,0.1,0.6,2,0.0,333,471,432,407,355,346,268,261,0.9171974522292994,0.8641188959660298,0.7537154989384289,0.7346072186836518,0.5690021231422505,0.554140127388535,261,0.554140127388535,"{""0.10"":165,""0.15"":156,""0.20"":150}","{""0.10"":97,""0.15"":89,""0.20"":75}","{""0.10"":0.5878787878787879,""0.15"":0.5705128205128205,""0.20"":0.5}",0.5,"{""left"":229,""right"":242}","{""left"":116,""right"":145}",281,254,0.9039145907473309,0,204,15,0,0,0,0,0,27,0,125,117,44.0,79.0,0.0,48.0,73782,6973,100,0,False,F0,202608241,True,False,True,0.5626326963906582,0.0,0.0,0.0,UNACHIEVABLE,UNACHIEVABLE,UNACHIEVABLE
F0_seed_202608241,DIAGNOSTIC_OOF_PARETO,s0.75_p0.75_e0.15_n0.10_f0.60_k2_h0.05,0.75,0.75,0.15,0.1,0.6,2,0.05,333,471,432,407,355,346,268,261,0.9171974522292994,0.8641188959660298,0.7537154989384289,0.7346072186836518,0.5690021231422505,0.554140127388535,261,0.554140127388535,"{""0.10"":165,""0.15"":156,""0.20"":150}","{""0.10"":97,""0.15"":89,""0.20"":75}","{""0.10"":0.5878787878787879,""0.15"":0.5705128205128205,""0.20"":0.5}",0.5,"{""left"":229,""right"":242}","{""left"":116,""right"":145}",281,254,0.9039145907473309,0,204,15,0,0,0,0,0,27,0,125,117,44.0,79.0,0.0,48.0,73782,6973,100,0,False,F0,202608241,True,False,True,0.5626326963906582,0.0,0.0,0.0,UNACHIEVABLE,UNACHIEVABLE,UNACHIEVABLE
F0_seed_202608241,DIAGNOSTIC_OOF_PARETO,s0.75_p0.75_e0.15_n0.10_f0.60_k3_h0.00,0.75,0.75,0.15,0.1,0.6,3,0.0,333,471,432,407,355,346,199,196,0.9171974522292994,0.8641188959660298,0.7537154989384289,0.7346072186836518,0.42250530785562634,0.416135881104034,196,0.416135881104034,"{""0.10"":165,""0.15"":156,""0.20"":150}","{""0.10"":70,""0.15"":66,""0.20"":60}","{""0.10"":0.42424242424242425,""0.15"":0.4230769230769231,""0.20"":0.4}",0.4,"{""left"":229,""right"":242}","{""left"":92,""right"":104}",213,193,0.9061032863849765,0,126,5,0,0,0,0,0,20,0,125,106,37.5,72.25,0.0,96.0,73782,6973,100,0,False,F0,202608241,True,False,True,0.5626326963906582,0.0,0.0,0.0,UNACHIEVABLE,UNACHIEVABLE,UNACHIEVABLE
F0_seed_202608241,DIAGNOSTIC_OOF_PARETO,s0.75_p0.75_e0.15_n0.10_f0.60_k3_h0.05,0.75,0.75,0.15,0.1,0.6,3,0.05,333,471,432,407,355,346,199,196,0.9171974522292994,0.8641188959660298,0.7537154989384289,0.7346072186836518,0.42250530785562634,0.416135881104034,196,0.416135881104034,"{""0.10"":165,""0.15"":156,""0.20"":150}","{""0.10"":70,""0.15"":66,""0.20"":60}","{""0.10"":0.42424242424242425,""0.15"":0.4230769230769231,""0.20"":0.4}",0.4,"{""left"":229,""right"":242}","{""left"":92,""right"":104}",213,193,0.9061032863849765,0,126,5,0,0,0,0,0,20,0,125,106,37.5,72.25,0.0,96.0,73782,6973,100,0,False,F0,202608241,True,False,True,0.5626326963906582,0.0,0.0,0.0,UNACHIEVABLE,UNACHIEVABLE,UNACHIEVABLE
F0_seed_202608241,DIAGNOSTIC_OOF_PARETO,s0.75_p0.75_e0.25_n0.20_f0.60_k1_h0.00,0.75,0.75,0.25,0.2,0.6,1,0.0,333,471,432,407,355,346,338,318,0.9171974522292994,0.8641188959660298,0.7537154989384289,0.7346072186836518,0.7176220806794055,0.6751592356687898,318,0.6751592356687898,"{""0.10"":165,""0.15"":156,""0.20"":150}","{""0.10"":113,""0.15"":110,""0.20"":95}","{""0.10"":0.6848484848484848,""0.15"":0.7051282051282052,""0.20"":0.6333333333333333}",0.6333333333333333,"{""left"":229,""right"":242}","{""left"":151,""right"":167}",346,304,0.8786127167630058,4,346,32,0,0,0,0,0,42,0,125,120,51.0,88.0,0.0,46.14999999999998,73782,6973,100,0,False,F0,202608241,True,False,True,0.5626326963906582,0.0,0.0,0.0,UNACHIEVABLE,UNACHIEVABLE,UNACHIEVABLE
F0_seed_202608241,DIAGNOSTIC_OOF_PARETO,s0.75_p0.75_e0.25_n0.20_f0.60_k1_h0.05,0.75,0.75,0.25,0.2,0.6,1,0.05,333,471,432,407,355,346,338,318,0.9171974522292994,0.8641188959660298,0.7537154989384289,0.7346072186836518,0.7176220806794055,0.6751592356687898,318,0.6751592356687898,"{""0.10"":165,""0.15"":156,""0.20"":150}","{""0.10"":113,""0.15"":110,""0.20"":95}","{""0.10"":0.6848484848484848,""0.15"":0.7051282051282052,""0.20"":0.6333333333333333}",0.6333333333333333,"{""left"":229,""right"":242}","{""left"":151,""right"":167}",346,304,0.8786127167630058,4,346,32,0,0,0,0,0,42,0,125,120,51.0,88.0,0.0,46.14999999999998,73782,6973,100,0,False,F0,202608241,True,False,True,0.5626326963906582,0.0,0.0,0.0,UNACHIEVABLE,UNACHIEVABLE,UNACHIEVABLE
F0_seed_202608241,DIAGNOSTIC_OOF_PARETO,s0.75_p0.75_e0.25_n0.20_f0.60_k2_h0.00,0.75,0.75,0.25,0.2,0.6,2,0.0,333,471,432,407,355,346,268,261,0.9171974522292994,0.8641188959660298,0.7537154989384289,0.7346072186836518,0.5690021231422505,0.554140127388535,261,0.554140127388535,"{""0.10"":165,""0.15"":156,""0.20"":150}","{""0.10"":97,""0.15"":89,""0.20"":75}","{""0.10"":0.5878787878787879,""0.15"":0.5705128205128205,""0.20"":0.5}",0.5,"{""left"":229,""right"":242}","{""left"":116,""right"":145}",281,254,0.9039145907473309,0,204,15,0,0,0,0,0,27,0,125,117,44.0,79.0,0.0,48.0,73782,6973,100,0,False,F0,202608241,True,False,True,0.5626326963906582,0.0,0.0,0.0,UNACHIEVABLE,UNACHIEVABLE,UNACHIEVABLE
F0_seed_202608241,DIAGNOSTIC_OOF_PARETO,s0.75_p0.75_e0.25_n0.20_f0.60_k2_h0.05,0.75,0.75,0.25,0.2,0.6,2,0.05,333,471,432,407,355,346,268,261,0.9171974522292994,0.8641188959660298,0.7537154989384289,0.7346072186836518,0.5690021231422505,0.554140127388535,261,0.554140127388535,"{""0.10"":165,""0.15"":156,""0.20"":150}","{""0.10"":97,""0.15"":89,""0.20"":75}","{""0.10"":0.5878787878787879,""0.15"":0.5705128205128205,""0.20"":0.5}",0.5,"{""left"":229,""right"":242}","{""left"":116,""right"":145}",281,254,0.9039145907473309,0,204,15,0,0,0,0,0,27,0,125,117,44.0,79.0,0.0,48.0,73782,6973,100,0,False,F0,202608241,True,False,True,0.5626326963906582,0.0,0.0,0.0,UNACHIEVABLE,UNACHIEVABLE,UNACHIEVABLE
F0_seed_202608241,DIAGNOSTIC_OOF_PARETO,s0.75_p0.75_e0.25_n0.20_f0.60_k3_h0.00,0.75,0.75,0.25,0.2,0.6,3,0.0,333,471,432,407,355,346,199,196,0.9171974522292994,0.8641188959660298,0.7537154989384289,0.7346072186836518,0.42250530785562634,0.416135881104034,196,0.416135881104034,"{""0.10"":165,""0.15"":156,""0.20"":150}","{""0.10"":70,""0.15"":66,""0.20"":60}","{""0.10"":0.42424242424242425,""0.15"":0.4230769230769231,""0.20"":0.4}",0.4,"{""left"":229,""right"":242}","{""left"":92,""right"":104}",213,193,0.9061032863849765,0,126,5,0,0,0,0,0,20,0,125,106,37.5,72.25,0.0,96.0,73782,6973,100,0,False,F0,202608241,True,False,True,0.5626326963906582,0.0,0.0,0.0,UNACHIEVABLE,UNACHIEVABLE,UNACHIEVABLE
F0_seed_202608241,DIAGNOSTIC_OOF_PARETO,s0.75_p0.75_e0.25_n0.20_f0.60_k3_h0.05,0.75,0.75,0.25,0.2,0.6,3,0.05,333,471,432,407,355,346,199,196,0.9171974522292994,0.8641188959660298,0.7537154989384289,0.7346072186836518,0.42250530785562634,0.416135881104034,196,0.416135881104034,"{""0.10"":165,""0.15"":156,""0.20"":150}","{""0.10"":70,""0.15"":66,""0.20"":60}","{""0.10"":0.42424242424242425,""0.15"":0.4230769230769231,""0.20"":0.4}",0.4,"{""left"":229,""right"":242}","{""left"":92,""right"":104}",213,193,0.9061032863849765,0,126,5,0,0,0,0,0,20,0,125,106,37.5,72.25,0.0,96.0,73782,6973,100,0,False,F0,202608241,True,False,True,0.5626326963906582,0.0,0.0,0.0,UNACHIEVABLE,UNACHIEVABLE,UNACHIEVABLE
F0_seed_202608241,DIAGNOSTIC_OOF_PARETO,s0.85_p0.85_e0.15_n0.10_f0.60_k1_h0.00,0.85,0.85,0.15,0.1,0.6,1,0.0,333,471,432,371,316,307,303,288,0.9171974522292994,0.7876857749469215,0.6709129511677282,0.6518046709129511,0.643312101910828,0.6114649681528662,288,0.6114649681528662,"{""0.10"":165,""0.15"":156,""0.20"":150}","{""0.10"":104,""0.15"":97,""0.20"":87}","{""0.10"":0.6303030303030303,""0.15"":0.6217948717948718,""0.20"":0.58}",0.58,"{""left"":229,""right"":242}","{""left"":133,""right"":155}",315,276,0.8761904761904762,3,310,23,0,0,0,0,0,39,0,125,120,50.0,88.0,0.0,52.0,73782,6973,100,0,False,F0,202608241,True,False,True,0.5626326963906582,0.0,0.0,0.0,UNACHIEVABLE,UNACHIEVABLE,UNACHIEVABLE
F0_seed_202608241,DIAGNOSTIC_OOF_PARETO,s0.85_p0.85_e0.15_n0.10_f0.60_k1_h0.05,0.85,0.85,0.15,0.1,0.6,1,0.05,333,471,432,371,316,307,303,288,0.9171974522292994,0.7876857749469215,0.6709129511677282,0.6518046709129511,0.643312101910828,0.6114649681528662,288,0.6114649681528662,"{""0.10"":165,""0.15"":156,""0.20"":150}","{""0.10"":104,""0.15"":97,""0.20"":87}","{""0.10"":0.6303030303030303,""0.15"":0.6217948717948718,""0.20"":0.58}",0.58,"{""left"":229,""right"":242}","{""left"":133,""right"":155}",315,276,0.8761904761904762,3,310,23,0,0,0,0,0,39,0,125,120,50.0,88.0,0.0,52.0,73782,6973,100,0,False,F0,202608241,True,False,True,0.5626326963906582,0.0,0.0,0.0,UNACHIEVABLE,UNACHIEVABLE,UNACHIEVABLE
F0_seed_202608241,DIAGNOSTIC_OOF_PARETO,s0.85_p0.85_e0.15_n0.10_f0.60_k2_h0.00,0.85,0.85,0.15,0.1,0.6,2,0.0,333,471,432,371,316,307,224,218,0.9171974522292994,0.7876857749469215,0.6709129511677282,0.6518046709129511,0.47558386411889597,0.46284501061571126,218,0.46284501061571126,"{""0.10"":165,""0.15"":156,""0.20"":150}","{""0.10"":79,""0.15"":72,""0.20"":67}","{""0.10"":0.47878787878787876,""0.15"":0.46153846153846156,""0.20"":0.44666666666666666}",0.44666666666666666,"{""left"":229,""right"":242}","{""left"":104,""right"":114}",236,212,0.8983050847457628,0,167,10,0,0,0,0,0,24,0,125,108,45.0,78.14999999999998,0.0,61.14999999999998,73782,6973,100,0,False,F0,202608241,True,False,True,0.5626326963906582,0.0,0.0,0.0,UNACHIEVABLE,UNACHIEVABLE,UNACHIEVABLE
F0_seed_202608241,DIAGNOSTIC_OOF_PARETO,s0.85_p0.85_e0.15_n0.10_f0.60_k2_h0.05,0.85,0.85,0.15,0.1,0.6,2,0.05,333,471,432,371,316,307,224,218,0.9171974522292994,0.7876857749469215,0.6709129511677282,0.6518046709129511,0.47558386411889597,0.46284501061571126,218,0.46284501061571126,"{""0.10"":165,""0.15"":156,""0.20"":150}","{""0.10"":79,""0.15"":72,""0.20"":67}","{""0.10"":0.47878787878787876,""0.15"":0.46153846153846156,""0.20"":0.44666666666666666}",0.44666666666666666,"{""left"":229,""right"":242}","{""left"":104,""right"":114}",236,212,0.8983050847457628,0,167,10,0,0,0,0,0,24,0,125,108,45.0,78.14999999999998,0.0,61.14999999999998,73782,6973,100,0,False,F0,202608241,True,False,True,0.5626326963906582,0.0,0.0,0.0,UNACHIEVABLE,UNACHIEVABLE,UNACHIEVABLE
F0_seed_202608241,DIAGNOSTIC_OOF_PARETO,s0.85_p0.85_e0.15_n0.10_f0.60_k3_h0.00,0.85,0.85,0.15,0.1,0.6,3,0.0,333,471,432,371,316,307,164,162,0.9171974522292994,0.7876857749469215,0.6709129511677282,0.6518046709129511,0.3481953290870488,0.34394904458598724,162,0.34394904458598724,"{""0.10"":165,""0.15"":156,""0.20"":150}","{""0.10"":56,""0.15"":51,""0.20"":55}","{""0.10"":0.3393939393939394,""0.15"":0.3269230769230769,""0.20"":0.36666666666666664}",0.3269230769230769,"{""left"":229,""right"":242}","{""left"":78,""right"":84}",180,160,0.8888888888888888,0,103,3,0,0,0,0,0,20,0,125,92,36.0,69.94999999999999,0.0,113.7999999999995,73782,6973,100,0,False,F0,202608241,True,False,True,0.5626326963906582,0.0,0.0,0.0,UNACHIEVABLE,UNACHIEVABLE,UNACHIEVABLE
F0_seed_202608241,DIAGNOSTIC_OOF_PARETO,s0.85_p0.85_e0.15_n0.10_f0.60_k3_h0.05,0.85,0.85,0.15,0.1,0.6,3,0.05,333,471,432,371,316,307,164,162,0.9171974522292994,0.7876857749469215,0.6709129511677282,0.6518046709129511,0.3481953290870488,0.34394904458598724,162,0.34394904458598724,"{""0.10"":165,""0.15"":156,""0.20"":150}","{""0.10"":56,""0.15"":51,""0.20"":55}","{""0.10"":0.3393939393939394,""0.15"":0.3269230769230769,""0.20"":0.36666666666666664}",0.3269230769230769,"{""left"":229,""right"":242}","{""left"":78,""right"":84}",180,160,0.8888888888888888,0,103,3,0,0,0,0,0,20,0,125,92,36.0,69.94999999999999,0.0,113.7999999999995,73782,6973,100,0,False,F0,202608241,True,False,True,0.5626326963906582,0.0,0.0,0.0,UNACHIEVABLE,UNACHIEVABLE,UNACHIEVABLE
F0_seed_202608241,DIAGNOSTIC_OOF_PARETO,s0.85_p0.85_e0.25_n0.20_f0.60_k1_h0.00,0.85,0.85,0.25,0.2,0.6,1,0.0,333,471,432,371,316,307,303,288,0.9171974522292994,0.7876857749469215,0.6709129511677282,0.6518046709129511,0.643312101910828,0.6114649681528662,288,0.6114649681528662,"{""0.10"":165,""0.15"":156,""0.20"":150}","{""0.10"":104,""0.15"":97,""0.20"":87}","{""0.10"":0.6303030303030303,""0.15"":0.6217948717948718,""0.20"":0.58}",0.58,"{""left"":229,""right"":242}","{""left"":133,""right"":155}",315,276,0.8761904761904762,3,310,23,0,0,0,0,0,39,0,125,120,50.0,88.0,0.0,52.0,73782,6973,100,0,False,F0,202608241,True,False,True,0.5626326963906582,0.0,0.0,0.0,UNACHIEVABLE,UNACHIEVABLE,UNACHIEVABLE
F0_seed_202608241,DIAGNOSTIC_OOF_PARETO,s0.85_p0.85_e0.25_n0.20_f0.60_k1_h0.05,0.85,0.85,0.25,0.2,0.6,1,0.05,333,471,432,371,316,307,303,288,0.9171974522292994,0.7876857749469215,0.6709129511677282,0.6518046709129511,0.643312101910828,0.6114649681528662,288,0.6114649681528662,"{""0.10"":165,""0.15"":156,""0.20"":150}","{""0.10"":104,""0.15"":97,""0.20"":87}","{""0.10"":0.6303030303030303,""0.15"":0.6217948717948718,""0.20"":0.58}",0.58,"{""left"":229,""right"":242}","{""left"":133,""right"":155}",315,276,0.8761904761904762,3,310,23,0,0,0,0,0,39,0,125,120,50.0,88.0,0.0,52.0,73782,6973,100,0,False,F0,202608241,True,False,True,0.5626326963906582,0.0,0.0,0.0,UNACHIEVABLE,UNACHIEVABLE,UNACHIEVABLE
F0_seed_202608241,DIAGNOSTIC_OOF_PARETO,s0.85_p0.85_e0.25_n0.20_f0.60_k2_h0.00,0.85,0.85,0.25,0.2,0.6,2,0.0,333,471,432,371,316,307,224,218,0.9171974522292994,0.7876857749469215,0.6709129511677282,0.6518046709129511,0.47558386411889597,0.46284501061571126,218,0.46284501061571126,"{""0.10"":165,""0.15"":156,""0.20"":150}","{""0.10"":79,""0.15"":72,""0.20"":67}","{""0.10"":0.47878787878787876,""0.15"":0.46153846153846156,""0.20"":0.44666666666666666}",0.44666666666666666,"{""left"":229,""right"":242}","{""left"":104,""right"":114}",236,212,0.8983050847457628,0,167,10,0,0,0,0,0,24,0,125,108,45.0,78.14999999999998,0.0,61.14999999999998,73782,6973,100,0,False,F0,202608241,True,False,True,0.5626326963906582,0.0,0.0,0.0,UNACHIEVABLE,UNACHIEVABLE,UNACHIEVABLE
F0_seed_202608241,DIAGNOSTIC_OOF_PARETO,s0.85_p0.85_e0.25_n0.20_f0.60_k2_h0.05,0.85,0.85,0.25,0.2,0.6,2,0.05,333,471,432,371,316,307,224,218,0.9171974522292994,0.7876857749469215,0.6709129511677282,0.6518046709129511,0.47558386411889597,0.46284501061571126,218,0.46284501061571126,"{""0.10"":165,""0.15"":156,""0.20"":150}","{""0.10"":79,""0.15"":72,""0.20"":67}","{""0.10"":0.47878787878787876,""0.15"":0.46153846153846156,""0.20"":0.44666666666666666}",0.44666666666666666,"{""left"":229,""right"":242}","{""left"":104,""right"":114}",236,212,0.8983050847457628,0,167,10,0,0,0,0,0,24,0,125,108,45.0,78.14999999999998,0.0,61.14999999999998,73782,6973,100,0,False,F0,202608241,True,False,True,0.5626326963906582,0.0,0.0,0.0,UNACHIEVABLE,UNACHIEVABLE,UNACHIEVABLE
F0_seed_202608241,DIAGNOSTIC_OOF_PARETO,s0.85_p0.85_e0.25_n0.20_f0.60_k3_h0.00,0.85,0.85,0.25,0.2,0.6,3,0.0,333,471,432,371,316,307,164,162,0.9171974522292994,0.7876857749469215,0.6709129511677282,0.6518046709129511,0.3481953290870488,0.34394904458598724,162,0.34394904458598724,"{""0.10"":165,""0.15"":156,""0.20"":150}","{""0.10"":56,""0.15"":51,""0.20"":55}","{""0.10"":0.3393939393939394,""0.15"":0.3269230769230769,""0.20"":0.36666666666666664}",0.3269230769230769,"{""left"":229,""right"":242}","{""left"":78,""right"":84}",180,160,0.8888888888888888,0,103,3,0,0,0,0,0,20,0,125,92,36.0,69.94999999999999,0.0,113.7999999999995,73782,6973,100,0,False,F0,202608241,True,False,True,0.5626326963906582,0.0,0.0,0.0,UNACHIEVABLE,UNACHIEVABLE,UNACHIEVABLE
F0_seed_202608241,DIAGNOSTIC_OOF_PARETO,s0.85_p0.85_e0.25_n0.20_f0.60_k3_h0.05,0.85,0.85,0.25,0.2,0.6,3,0.05,333,471,432,371,316,307,164,162,0.9171974522292994,0.7876857749469215,0.6709129511677282,0.6518046709129511,0.3481953290870488,0.34394904458598724,162,0.34394904458598724,"{""0.10"":165,""0.15"":156,""0.20"":150}","{""0.10"":56,""0.15"":51,""0.20"":55}","{""0.10"":0.3393939393939394,""0.15"":0.3269230769230769,""0.20"":0.36666666666666664}",0.3269230769230769,"{""left"":229,""right"":242}","{""left"":78,""right"":84}",180,160,0.8888888888888888,0,103,3,0,0,0,0,0,20,0,125,92,36.0,69.94999999999999,0.0,113.7999999999995,73782,6973,100,0,False,F0,202608241,True,False,True,0.5626326963906582,0.0,0.0,0.0,UNACHIEVABLE,UNACHIEVABLE,UNACHIEVABLE
F0_seed_202608241,DIAGNOSTIC_OOF_PARETO,s0.65_p0.55_e0.15_n0.10_f0.60_k1_h0.00,0.65,0.55,0.15,0.1,0.6,1,0.0,333,471,432,427,382,375,365,329,0.9171974522292994,0.9065817409766455,0.8110403397027601,0.7961783439490446,0.7749469214437368,0.6985138004246284,329,0.6985138004246284,"{""0.10"":165,""0.15"":156,""0.20"":150}","{""0.10"":116,""0.15"":113,""0.20"":100}","{""0.10"":0.703030303030303,""0.15"":0.7243589743589743,""0.20"":0.6666666666666666}",0.6666666666666666,"{""left"":229,""right"":242}","{""left"":159,""right"":170}",357,311,0.8711484593837535,9,400,52,0,0,0,0,0,46,0,125,115,55.0,92.0,0.0,38.599999999999966,73782,6973,100,0,False,F0,202608241,True,False,True,0.5626326963906582,0.0,0.0,0.0,UNACHIEVABLE,UNACHIEVABLE,UNACHIEVABLE
F0_seed_202608241,DIAGNOSTIC_OOF_PARETO,s0.65_p0.55_e0.15_n0.10_f0.60_k1_h0.05,0.65,0.55,0.15,0.1,0.6,1,0.05,333,471,432,427,382,375,365,329,0.9171974522292994,0.9065817409766455,0.8110403397027601,0.7961783439490446,0.7749469214437368,0.6985138004246284,329,0.6985138004246284,"{""0.10"":165,""0.15"":156,""0.20"":150}","{""0.10"":116,""0.15"":113,""0.20"":100}","{""0.10"":0.703030303030303,""0.15"":0.7243589743589743,""0.20"":0.6666666666666666}",0.6666666666666666,"{""left"":229,""right"":242}","{""left"":159,""right"":170}",357,311,0.8711484593837535,9,400,52,0,0,0,0,0,46,0,125,115,55.0,92.0,0.0,38.599999999999966,73782,6973,100,0,False,F0,202608241,True,False,True,0.5626326963906582,0.0,0.0,0.0,UNACHIEVABLE,UNACHIEVABLE,UNACHIEVABLE
F0_seed_202608241,DIAGNOSTIC_OOF_PARETO,s0.65_p0.55_e0.15_n0.10_f0.60_k2_h0.00,0.65,0.55,0.15,0.1,0.6,2,0.0,333,471,432,427,382,375,313,297,0.9171974522292994,0.9065817409766455,0.8110403397027601,0.7961783439490446,0.6645435244161358,0.6305732484076433,297,0.6305732484076433,"{""0.10"":165,""0.15"":156,""0.20"":150}","{""0.10"":108,""0.15"":103,""0.20"":86}","{""0.10"":0.6545454545454545,""0.15"":0.6602564102564102,""0.20"":0.5733333333333334}",0.5733333333333334,"{""left"":229,""right"":242}","{""left"":141,""right"":156}",318,287,0.9025157232704403,3,252,26,0,0,0,0,0,31,0,125,117,46.0,83.0,0.0,36.0,73782,6973,100,0,False,F0,202608241,True,False,True,0.5626326963906582,0.0,0.0,0.0,UNACHIEVABLE,UNACHIEVABLE,UNACHIEVABLE
F0_seed_202608241,DIAGNOSTIC_OOF_PARETO,s0.65_p0.55_e0.15_n0.10_f0.60_k2_h0.05,0.65,0.55,0.15,0.1,0.6,2,0.05,333,471,432,427,382,375,313,297,0.9171974522292994,0.9065817409766455,0.8110403397027601,0.7961783439490446,0.6645435244161358,0.6305732484076433,297,0.6305732484076433,"{""0.10"":165,""0.15"":156,""0.20"":150}","{""0.10"":108,""0.15"":103,""0.20"":86}","{""0.10"":0.6545454545454545,""0.15"":0.6602564102564102,""0.20"":0.5733333333333334}",0.5733333333333334,"{""left"":229,""right"":242}","{""left"":141,""right"":156}",318,287,0.9025157232704403,3,252,26,0,0,0,0,0,31,0,125,117,46.0,83.0,0.0,36.0,73782,6973,100,0,False,F0,202608241,True,False,True,0.5626326963906582,0.0,0.0,0.0,UNACHIEVABLE,UNACHIEVABLE,UNACHIEVABLE
F0_seed_202608241,DIAGNOSTIC_OOF_PARETO,s0.65_p0.55_e0.15_n0.10_f0.60_k3_h0.00,0.65,0.55,0.15,0.1,0.6,3,0.0,333,471,432,427,382,375,254,248,0.9171974522292994,0.9065817409766455,0.8110403397027601,0.7961783439490446,0.5392781316348195,0.5265392781316348,248,0.5265392781316348,"{""0.10"":165,""0.15"":156,""0.20"":150}","{""0.10"":96,""0.15"":82,""0.20"":70}","{""0.10"":0.5818181818181818,""0.15"":0.5256410256410257,""0.20"":0.4666666666666667}",0.4666666666666667,"{""left"":229,""right"":242}","{""left"":119,""right"":129}",265,242,0.9132075471698113,0,169,11,0,0,0,0,0,23,0,125,116,38.0,75.0,0.0,63.849999999999795,73782,6973,100,0,False,F0,202608241,True,False,True,0.5626326963906582,0.0,0.0,0.0,UNACHIEVABLE,UNACHIEVABLE,UNACHIEVABLE
F0_seed_202608241,DIAGNOSTIC_OOF_PARETO,s0.65_p0.55_e0.15_n0.10_f0.60_k3_h0.05,0.65,0.55,0.15,0.1,0.6,3,0.05,333,471,432,427,382,375,254,248,0.9171974522292994,0.9065817409766455,0.8110403397027601,0.7961783439490446,0.5392781316348195,0.5265392781316348,248,0.5265392781316348,"{""0.10"":165,""0.15"":156,""0.20"":150}","{""0.10"":96,""0.15"":82,""0.20"":70}","{""0.10"":0.5818181818181818,""0.15"":0.5256410256410257,""0.20"":0.4666666666666667}",0.4666666666666667,"{""left"":229,""right"":242}","{""left"":119,""right"":129}",265,242,0.9132075471698113,0,169,11,0,0,0,0,0,23,0,125,116,38.0,75.0,0.0,63.849999999999795,73782,6973,100,0,False,F0,202608241,True,False,True,0.5626326963906582,0.0,0.0,0.0,UNACHIEVABLE,UNACHIEVABLE,UNACHIEVABLE
F0_seed_202608241,DIAGNOSTIC_OOF_PARETO,s0.65_p0.55_e0.25_n0.20_f0.60_k1_h0.00,0.65,0.55,0.25,0.2,0.6,1,0.0,333,471,432,427,382,375,365,329,0.9171974522292994,0.9065817409766455,0.8110403397027601,0.7961783439490446,0.7749469214437368,0.6985138004246284,329,0.6985138004246284,"{""0.10"":165,""0.15"":156,""0.20"":150}","{""0.10"":116,""0.15"":113,""0.20"":100}","{""0.10"":0.703030303030303,""0.15"":0.7243589743589743,""0.20"":0.6666666666666666}",0.6666666666666666,"{""left"":229,""right"":242}","{""left"":159,""right"":170}",357,311,0.8711484593837535,9,400,52,0,0,0,0,0,46,0,125,115,55.0,92.0,0.0,38.599999999999966,73782,6973,100,0,False,F0,202608241,True,False,True,0.5626326963906582,0.0,0.0,0.0,UNACHIEVABLE,UNACHIEVABLE,UNACHIEVABLE
F0_seed_202608241,DIAGNOSTIC_OOF_PARETO,s0.65_p0.55_e0.25_n0.20_f0.60_k1_h0.05,0.65,0.55,0.25,0.2,0.6,1,0.05,333,471,432,427,382,375,365,329,0.9171974522292994,0.9065817409766455,0.8110403397027601,0.7961783439490446,0.7749469214437368,0.6985138004246284,329,0.6985138004246284,"{""0.10"":165,""0.15"":156,""0.20"":150}","{""0.10"":116,""0.15"":113,""0.20"":100}","{""0.10"":0.703030303030303,""0.15"":0.7243589743589743,""0.20"":0.6666666666666666}",0.6666666666666666,"{""left"":229,""right"":242}","{""left"":159,""right"":170}",357,311,0.8711484593837535,9,400,52,0,0,0,0,0,46,0,125,115,55.0,92.0,0.0,38.599999999999966,73782,6973,100,0,False,F0,202608241,True,False,True,0.5626326963906582,0.0,0.0,0.0,UNACHIEVABLE,UNACHIEVABLE,UNACHIEVABLE
F0_seed_202608241,DIAGNOSTIC_OOF_PARETO,s0.65_p0.55_e0.25_n0.20_f0.60_k2_h0.00,0.65,0.55,0.25,0.2,0.6,2,0.0,333,471,432,427,382,375,313,297,0.9171974522292994,0.9065817409766455,0.8110403397027601,0.7961783439490446,0.6645435244161358,0.6305732484076433,297,0.6305732484076433,"{""0.10"":165,""0.15"":156,""0.20"":150}","{""0.10"":108,""0.15"":103,""0.20"":86}","{""0.10"":0.6545454545454545,""0.15"":0.6602564102564102,""0.20"":0.5733333333333334}",0.5733333333333334,"{""left"":229,""right"":242}","{""left"":141,""right"":156}",318,287,0.9025157232704403,3,252,26,0,0,0,0,0,31,0,125,117,46.0,83.0,0.0,36.0,73782,6973,100,0,False,F0,202608241,True,False,True,0.5626326963906582,0.0,0.0,0.0,UNACHIEVABLE,UNACHIEVABLE,UNACHIEVABLE
F0_seed_202608241,DIAGNOSTIC_OOF_PARETO,s0.65_p0.55_e0.25_n0.20_f0.60_k2_h0.05,0.65,0.55,0.25,0.2,0.6,2,0.05,333,471,432,427,382,375,313,297,0.9171974522292994,0.9065817409766455,0.8110403397027601,0.7961783439490446,0.6645435244161358,0.6305732484076433,297,0.6305732484076433,"{""0.10"":165,""0.15"":156,""0.20"":150}","{""0.10"":108,""0.15"":103,""0.20"":86}","{""0.10"":0.6545454545454545,""0.15"":0.6602564102564102,""0.20"":0.5733333333333334}",0.5733333333333334,"{""left"":229,""right"":242}","{""left"":141,""right"":156}",318,287,0.9025157232704403,3,252,26,0,0,0,0,0,31,0,125,117,46.0,83.0,0.0,36.0,73782,6973,100,0,False,F0,202608241,True,False,True,0.5626326963906582,0.0,0.0,0.0,UNACHIEVABLE,UNACHIEVABLE,UNACHIEVABLE
F0_seed_202608241,DIAGNOSTIC_OOF_PARETO,s0.65_p0.55_e0.25_n0.20_f0.60_k3_h0.00,0.65,0.55,0.25,0.2,0.6,3,0.0,333,471,432,427,382,375,254,248,0.9171974522292994,0.9065817409766455,0.8110403397027601,0.7961783439490446,0.5392781316348195,0.5265392781316348,248,0.5265392781316348,"{""0.10"":165,""0.15"":156,""0.20"":150}","{""0.10"":96,""0.15"":82,""0.20"":70}","{""0.10"":0.5818181818181818,""0.15"":0.5256410256410257,""0.20"":0.4666666666666667}",0.4666666666666667,"{""left"":229,""right"":242}","{""left"":119,""right"":129}",265,242,0.9132075471698113,0,169,11,0,0,0,0,0,23,0,125,116,38.0,75.0,0.0,63.849999999999795,73782,6973,100,0,False,F0,202608241,True,False,True,0.5626326963906582,0.0,0.0,0.0,UNACHIEVABLE,UNACHIEVABLE,UNACHIEVABLE
F0_seed_202608241,DIAGNOSTIC_OOF_PARETO,s0.65_p0.55_e0.25_n0.20_f0.60_k3_h0.05,0.65,0.55,0.25,0.2,0.6,3,0.05,333,471,432,427,382,375,254,248,0.9171974522292994,0.9065817409766455,0.8110403397027601,0.7961783439490446,0.5392781316348195,0.5265392781316348,248,0.5265392781316348,"{""0.10"":165,""0.15"":156,""0.20"":150}","{""0.10"":96,""0.15"":82,""0.20"":70}","{""0.10"":0.5818181818181818,""0.15"":0.5256410256410257,""0.20"":0.4666666666666667}",0.4666666666666667,"{""left"":229,""right"":242}","{""left"":119,""right"":129}",265,242,0.9132075471698113,0,169,11,0,0,0,0,0,23,0,125,116,38.0,75.0,0.0,63.849999999999795,73782,6973,100,0,False,F0,202608241,True,False,True,0.5626326963906582,0.0,0.0,0.0,UNACHIEVABLE,UNACHIEVABLE,UNACHIEVABLE
F0_seed_202608241,DIAGNOSTIC_OOF_PARETO,s0.55_p0.65_e0.15_n0.10_f0.60_k1_h0.00,0.55,0.65,0.15,0.1,0.6,1,0.0,333,471,432,425,381,371,363,334,0.9171974522292994,0.9023354564755839,0.8089171974522293,0.7876857749469215,0.7707006369426752,0.7091295116772823,334,0.7091295116772823,"{""0.10"":165,""0.15"":156,""0.20"":150}","{""0.10"":118,""0.15"":116,""0.20"":100}","{""0.10"":0.7151515151515152,""0.15"":0.7435897435897436,""0.20"":0.6666666666666666}",0.6666666666666666,"{""left"":229,""right"":242}","{""left"":161,""right"":173}",362,314,0.8674033149171271,11,399,46,0,0,0,0,0,48,0,125,118,54.0,91.34999999999997,0.0,39.0499999999999,73782,6973,100,0,False,F0,202608241,True,False,True,0.5626326963906582,0.0,0.0,0.0,UNACHIEVABLE,UNACHIEVABLE,UNACHIEVABLE
F0_seed_202608241,DIAGNOSTIC_OOF_PARETO,s0.55_p0.65_e0.15_n0.10_f0.60_k1_h0.05,0.55,0.65,0.15,0.1,0.6,1,0.05,333,471,432,425,381,371,363,334,0.9171974522292994,0.9023354564755839,0.8089171974522293,0.7876857749469215,0.7707006369426752,0.7091295116772823,334,0.7091295116772823,"{""0.10"":165,""0.15"":156,""0.20"":150}","{""0.10"":118,""0.15"":116,""0.20"":100}","{""0.10"":0.7151515151515152,""0.15"":0.7435897435897436,""0.20"":0.6666666666666666}",0.6666666666666666,"{""left"":229,""right"":242}","{""left"":161,""right"":173}",362,314,0.8674033149171271,11,399,46,0,0,0,0,0,48,0,125,118,54.0,91.34999999999997,0.0,39.0499999999999,73782,6973,100,0,False,F0,202608241,True,False,True,0.5626326963906582,0.0,0.0,0.0,UNACHIEVABLE,UNACHIEVABLE,UNACHIEVABLE
F0_seed_202608241,DIAGNOSTIC_OOF_PARETO,s0.55_p0.65_e0.15_n0.10_f0.60_k2_h0.00,0.55,0.65,0.15,0.1,0.6,2,0.0,333,471,432,425,381,371,302,285,0.9171974522292994,0.9023354564755839,0.8089171974522293,0.7876857749469215,0.6411889596602972,0.6050955414012739,285,0.6050955414012739,"{""0.10"":165,""0.15"":156,""0.20"":150}","{""0.10"":106,""0.15"":99,""0.20"":80}","{""0.10"":0.6424242424242425,""0.15"":0.6346153846153846,""0.20"":0.5333333333333333}",0.5333333333333333,"{""left"":229,""right"":242}","{""left"":132,""right"":153}",307,277,0.9022801302931596,3,240,25,0,0,0,0,0,30,0,125,114,45.0,82.80000000000001,0.0,36.0,73782,6973,100,0,False,F0,202608241,True,False,True,0.5626326963906582,0.0,0.0,0.0,UNACHIEVABLE,UNACHIEVABLE,UNACHIEVABLE
F0_seed_202608241,DIAGNOSTIC_OOF_PARETO,s0.55_p0.65_e0.15_n0.10_f0.60_k2_h0.05,0.55,0.65,0.15,0.1,0.6,2,0.05,333,471,432,425,381,371,302,285,0.9171974522292994,0.9023354564755839,0.8089171974522293,0.7876857749469215,0.6411889596602972,0.6050955414012739,285,0.6050955414012739,"{""0.10"":165,""0.15"":156,""0.20"":150}","{""0.10"":106,""0.15"":99,""0.20"":80}","{""0.10"":0.6424242424242425,""0.15"":0.6346153846153846,""0.20"":0.5333333333333333}",0.5333333333333333,"{""left"":229,""right"":242}","{""left"":132,""right"":153}",307,277,0.9022801302931596,3,240,25,0,0,0,0,0,30,0,125,114,45.0,82.80000000000001,0.0,36.0,73782,6973,100,0,False,F0,202608241,True,False,True,0.5626326963906582,0.0,0.0,0.0,UNACHIEVABLE,UNACHIEVABLE,UNACHIEVABLE
F0_seed_202608241,DIAGNOSTIC_OOF_PARETO,s0.55_p0.65_e0.15_n0.10_f0.60_k3_h0.00,0.55,0.65,0.15,0.1,0.6,3,0.0,333,471,432,425,381,371,240,236,0.9171974522292994,0.9023354564755839,0.8089171974522293,0.7876857749469215,0.5095541401273885,0.5010615711252654,236,0.5010615711252654,"{""0.10"":165,""0.15"":156,""0.20"":150}","{""0.10"":90,""0.15"":79,""0.20"":67}","{""0.10"":0.5454545454545454,""0.15"":0.5064102564102564,""0.20"":0.44666666666666666}",0.44666666666666666,"{""left"":229,""right"":242}","{""left"":113,""right"":123}",255,232,0.9098039215686274,0,154,8,0,0,0,0,0,23,0,125,113,36.0,73.0,0.0,93.75,73782,6973,100,0,False,F0,202608241,True,False,True,0.5626326963906582,0.0,0.0,0.0,UNACHIEVABLE,UNACHIEVABLE,UNACHIEVABLE
F0_seed_202608241,DIAGNOSTIC_OOF_PARETO,s0.55_p0.65_e0.15_n0.10_f0.60_k3_h0.05,0.55,0.65,0.15,0.1,0.6,3,0.05,333,471,432,425,381,371,240,236,0.9171974522292994,0.9023354564755839,0.8089171974522293,0.7876857749469215,0.5095541401273885,0.5010615711252654,236,0.5010615711252654,"{""0.10"":165,""0.15"":156,""0.20"":150}","{""0.10"":90,""0.15"":79,""0.20"":67}","{""0.10"":0.5454545454545454,""0.15"":0.5064102564102564,""0.20"":0.44666666666666666}",0.44666666666666666,"{""left"":229,""right"":242}","{""left"":113,""right"":123}",255,232,0.9098039215686274,0,154,8,0,0,0,0,0,23,0,125,113,36.0,73.0,0.0,93.75,73782,6973,100,0,False,F0,202608241,True,False,True,0.5626326963906582,0.0,0.0,0.0,UNACHIEVABLE,UNACHIEVABLE,UNACHIEVABLE
F0_seed_202608241,DIAGNOSTIC_OOF_PARETO,s0.55_p0.65_e0.25_n0.20_f0.60_k1_h0.00,0.55,0.65,0.25,0.2,0.6,1,0.0,333,471,432,425,381,371,363,334,0.9171974522292994,0.9023354564755839,0.8089171974522293,0.7876857749469215,0.7707006369426752,0.7091295116772823,334,0.7091295116772823,"{""0.10"":165,""0.15"":156,""0.20"":150}","{""0.10"":118,""0.15"":116,""0.20"":100}","{""0.10"":0.7151515151515152,""0.15"":0.7435897435897436,""0.20"":0.6666666666666666}",0.6666666666666666,"{""left"":229,""right"":242}","{""left"":161,""right"":173}",362,314,0.8674033149171271,11,398,45,0,0,0,0,0,48,0,125,118,53.5,91.34999999999997,0.0,39.0499999999999,73782,6973,100,0,False,F0,202608241,True,False,True,0.5626326963906582,0.0,0.0,0.0,UNACHIEVABLE,UNACHIEVABLE,UNACHIEVABLE
F0_seed_202608241,DIAGNOSTIC_OOF_PARETO,s0.55_p0.65_e0.25_n0.20_f0.60_k1_h0.05,0.55,0.65,0.25,0.2,0.6,1,0.05,333,471,432,425,381,371,363,334,0.9171974522292994,0.9023354564755839,0.8089171974522293,0.7876857749469215,0.7707006369426752,0.7091295116772823,334,0.7091295116772823,"{""0.10"":165,""0.15"":156,""0.20"":150}","{""0.10"":118,""0.15"":116,""0.20"":100}","{""0.10"":0.7151515151515152,""0.15"":0.7435897435897436,""0.20"":0.6666666666666666}",0.6666666666666666,"{""left"":229,""right"":242}","{""left"":161,""right"":173}",362,314,0.8674033149171271,11,398,45,0,0,0,0,0,48,0,125,118,53.5,91.34999999999997,0.0,39.0499999999999,73782,6973,100,0,False,F0,202608241,True,False,True,0.5626326963906582,0.0,0.0,0.0,UNACHIEVABLE,UNACHIEVABLE,UNACHIEVABLE
F0_seed_202608241,DIAGNOSTIC_OOF_PARETO,s0.55_p0.65_e0.25_n0.20_f0.60_k2_h0.00,0.55,0.65,0.25,0.2,0.6,2,0.0,333,471,432,425,381,371,302,285,0.9171974522292994,0.9023354564755839,0.8089171974522293,0.7876857749469215,0.6411889596602972,0.6050955414012739,285,0.6050955414012739,"{""0.10"":165,""0.15"":156,""0.20"":150}","{""0.10"":106,""0.15"":99,""0.20"":80}","{""0.10"":0.6424242424242425,""0.15"":0.6346153846153846,""0.20"":0.5333333333333333}",0.5333333333333333,"{""left"":229,""right"":242}","{""left"":132,""right"":153}",307,277,0.9022801302931596,3,240,25,0,0,0,0,0,30,0,125,114,45.0,82.80000000000001,0.0,36.0,73782,6973,100,0,False,F0,202608241,True,False,True,0.5626326963906582,0.0,0.0,0.0,UNACHIEVABLE,UNACHIEVABLE,UNACHIEVABLE
F0_seed_202608241,DIAGNOSTIC_OOF_PARETO,s0.55_p0.65_e0.25_n0.20_f0.60_k2_h0.05,0.55,0.65,0.25,0.2,0.6,2,0.05,333,471,432,425,381,371,302,285,0.9171974522292994,0.9023354564755839,0.8089171974522293,0.7876857749469215,0.6411889596602972,0.6050955414012739,285,0.6050955414012739,"{""0.10"":165,""0.15"":156,""0.20"":150}","{""0.10"":106,""0.15"":99,""0.20"":80}","{""0.10"":0.6424242424242425,""0.15"":0.6346153846153846,""0.20"":0.5333333333333333}",0.5333333333333333,"{""left"":229,""right"":242}","{""left"":132,""right"":153}",307,277,0.9022801302931596,3,240,25,0,0,0,0,0,30,0,125,114,45.0,82.80000000000001,0.0,36.0,73782,6973,100,0,False,F0,202608241,True,False,True,0.5626326963906582,0.0,0.0,0.0,UNACHIEVABLE,UNACHIEVABLE,UNACHIEVABLE
F0_seed_202608241,DIAGNOSTIC_OOF_PARETO,s0.55_p0.65_e0.25_n0.20_f0.60_k3_h0.00,0.55,0.65,0.25,0.2,0.6,3,0.0,333,471,432,425,381,371,239,235,0.9171974522292994,0.9023354564755839,0.8089171974522293,0.7876857749469215,0.5074309978768577,0.4989384288747346,235,0.4989384288747346,"{""0.10"":165,""0.15"":156,""0.20"":150}","{""0.10"":90,""0.15"":78,""0.20"":67}","{""0.10"":0.5454545454545454,""0.15"":0.5,""0.20"":0.44666666666666666}",0.44666666666666666,"{""left"":229,""right"":242}","{""left"":112,""right"":123}",254,231,0.9094488188976378,0,153,8,0,0,0,0,0,23,0,125,113,36.0,73.0,0.0,93.89999999999995,73782,6973,100,0,False,F0,202608241,True,False,True,0.5626326963906582,0.0,0.0,0.0,UNACHIEVABLE,UNACHIEVABLE,UNACHIEVABLE
F0_seed_202608241,DIAGNOSTIC_OOF_PARETO,s0.55_p0.65_e0.25_n0.20_f0.60_k3_h0.05,0.55,0.65,0.25,0.2,0.6,3,0.05,333,471,432,425,381,371,239,235,0.9171974522292994,0.9023354564755839,0.8089171974522293,0.7876857749469215,0.5074309978768577,0.4989384288747346,235,0.4989384288747346,"{""0.10"":165,""0.15"":156,""0.20"":150}","{""0.10"":90,""0.15"":78,""0.20"":67}","{""0.10"":0.5454545454545454,""0.15"":0.5,""0.20"":0.44666666666666666}",0.44666666666666666,"{""left"":229,""right"":242}","{""left"":112,""right"":123}",254,231,0.9094488188976378,0,153,8,0,0,0,0,0,23,0,125,113,36.0,73.0,0.0,93.89999999999995,73782,6973,100,0,False,F0,202608241,True,False,True,0.5626326963906582,0.0,0.0,0.0,UNACHIEVABLE,UNACHIEVABLE,UNACHIEVABLE
F0_seed_202608242,DIAGNOSTIC_OOF_PARETO,s0.45_p0.45_e0.15_n0.10_f0.60_k1_h0.00,0.45,0.45,0.15,0.1,0.6,1,0.0,333,471,428,438,396,392,383,343,0.9087048832271762,0.9299363057324841,0.8407643312101911,0.832271762208068,0.8131634819532909,0.7282377919320594,343,0.7282377919320594,"{""0.10"":165,""0.15"":156,""0.20"":150}","{""0.10"":124,""0.15"":112,""0.20"":107}","{""0.10"":0.7515151515151515,""0.15"":0.717948717948718,""0.20"":0.7133333333333334}",0.7133333333333334,"{""left"":229,""right"":242}","{""left"":164,""right"":179}",368,321,0.8722826086956522,8,396,52,0,0,0,0,0,47,0,125,115,52.0,93.0,0.0,31.799999999999955,73782,6973,100,0,False,F0,202608242,True,False,True,0.6963906581740976,0.0,0.0,0.0,UNACHIEVABLE,UNACHIEVABLE,UNACHIEVABLE
F0_seed_202608242,DIAGNOSTIC_OOF_PARETO,s0.45_p0.45_e0.15_n0.10_f0.60_k1_h0.05,0.45,0.45,0.15,0.1,0.6,1,0.05,333,471,428,438,396,392,383,343,0.9087048832271762,0.9299363057324841,0.8407643312101911,0.832271762208068,0.8131634819532909,0.7282377919320594,343,0.7282377919320594,"{""0.10"":165,""0.15"":156,""0.20"":150}","{""0.10"":124,""0.15"":112,""0.20"":107}","{""0.10"":0.7515151515151515,""0.15"":0.717948717948718,""0.20"":0.7133333333333334}",0.7133333333333334,"{""left"":229,""right"":242}","{""left"":164,""right"":179}",368,321,0.8722826086956522,8,396,52,0,0,0,0,0,47,0,125,115,52.0,93.0,0.0,31.799999999999955,73782,6973,100,0,False,F0,202608242,True,False,True,0.6963906581740976,0.0,0.0,0.0,UNACHIEVABLE,UNACHIEVABLE,UNACHIEVABLE
F0_seed_202608242,DIAGNOSTIC_OOF_PARETO,s0.45_p0.45_e0.15_n0.10_f0.60_k2_h0.00,0.45,0.45,0.15,0.1,0.6,2,0.0,333,471,428,438,396,392,335,317,0.9087048832271762,0.9299363057324841,0.8407643312101911,0.832271762208068,0.7112526539278131,0.673036093418259,317,0.673036093418259,"{""0.10"":165,""0.15"":156,""0.20"":150}","{""0.10"":111,""0.15"":109,""0.20"":97}","{""0.10"":0.6727272727272727,""0.15"":0.6987179487179487,""0.20"":0.6466666666666666}",0.6466666666666666,"{""left"":229,""right"":242}","{""left"":151,""right"":166}",340,306,0.9,0,258,30,0,0,0,0,0,34,0,125,117,47.0,88.0,0.0,50.79999999999984,73782,6973,100,0,False,F0,202608242,True,False,True,0.6963906581740976,0.0,0.0,0.0,UNACHIEVABLE,UNACHIEVABLE,UNACHIEVABLE
F0_seed_202608242,DIAGNOSTIC_OOF_PARETO,s0.45_p0.45_e0.15_n0.10_f0.60_k2_h0.05,0.45,0.45,0.15,0.1,0.6,2,0.05,333,471,428,438,396,392,335,317,0.9087048832271762,0.9299363057324841,0.8407643312101911,0.832271762208068,0.7112526539278131,0.673036093418259,317,0.673036093418259,"{""0.10"":165,""0.15"":156,""0.20"":150}","{""0.10"":111,""0.15"":109,""0.20"":97}","{""0.10"":0.6727272727272727,""0.15"":0.6987179487179487,""0.20"":0.6466666666666666}",0.6466666666666666,"{""left"":229,""right"":242}","{""left"":151,""right"":166}",340,306,0.9,0,258,30,0,0,0,0,0,34,0,125,117,47.0,88.0,0.0,50.79999999999984,73782,6973,100,0,False,F0,202608242,True,False,True,0.6963906581740976,0.0,0.0,0.0,UNACHIEVABLE,UNACHIEVABLE,UNACHIEVABLE
F0_seed_202608242,DIAGNOSTIC_OOF_PARETO,s0.45_p0.45_e0.15_n0.10_f0.60_k3_h0.00,0.45,0.45,0.15,0.1,0.6,3,0.0,333,471,428,438,396,392,279,270,0.9087048832271762,0.9299363057324841,0.8407643312101911,0.832271762208068,0.5923566878980892,0.5732484076433121,270,0.5732484076433121,"{""0.10"":165,""0.15"":156,""0.20"":150}","{""0.10"":94,""0.15"":91,""0.20"":85}","{""0.10"":0.5696969696969697,""0.15"":0.5833333333333334,""0.20"":0.5666666666666667}",0.5666666666666667,"{""left"":229,""right"":242}","{""left"":132,""right"":138}",288,264,0.9166666666666666,0,175,19,0,0,0,0,0,24,0,125,117,37.0,79.54999999999998,0.0,98.74999999999991,73782,6973,100,0,False,F0,202608242,True,False,True,0.6963906581740976,0.0,0.0,0.0,UNACHIEVABLE,UNACHIEVABLE,UNACHIEVABLE
F0_seed_202608242,DIAGNOSTIC_OOF_PARETO,s0.45_p0.45_e0.15_n0.10_f0.60_k3_h0.05,0.45,0.45,0.15,0.1,0.6,3,0.05,333,471,428,438,396,392,279,270,0.9087048832271762,0.9299363057324841,0.8407643312101911,0.832271762208068,0.5923566878980892,0.5732484076433121,270,0.5732484076433121,"{""0.10"":165,""0.15"":156,""0.20"":150}","{""0.10"":94,""0.15"":91,""0.20"":85}","{""0.10"":0.5696969696969697,""0.15"":0.5833333333333334,""0.20"":0.5666666666666667}",0.5666666666666667,"{""left"":229,""right"":242}","{""left"":132,""right"":138}",288,264,0.9166666666666666,0,175,19,0,0,0,0,0,24,0,125,117,37.0,79.54999999999998,0.0,98.74999999999991,73782,6973,100,0,False,F0,202608242,True,False,True,0.6963906581740976,0.0,0.0,0.0,UNACHIEVABLE,UNACHIEVABLE,UNACHIEVABLE
F0_seed_202608242,DIAGNOSTIC_OOF_PARETO,s0.45_p0.45_e0.25_n0.20_f0.60_k1_h0.00,0.45,0.45,0.25,0.2,0.6,1,0.0,333,471,428,438,395,391,382,344,0.9087048832271762,0.9299363057324841,0.8386411889596603,0.8301486199575372,0.8110403397027601,0.7303609341825902,344,0.7303609341825902,"{""0.10"":165,""0.15"":156,""0.20"":150}","{""0.10"":124,""0.15"":113,""0.20"":107}","{""0.10"":0.7515151515151515,""0.15"":0.7243589743589743,""0.20"":0.7133333333333334}",0.7133333333333334,"{""left"":229,""right"":242}","{""left"":164,""right"":180}",369,322,0.8726287262872628,1,388,50,0,0,0,0,0,47,0,125,115,52.5,93.0,0.0,31.699999999999932,73782,6973,100,0,False,F0,202608242,True,False,True,0.6963906581740976,0.0,0.0,0.0,UNACHIEVABLE,UNACHIEVABLE,UNACHIEVABLE
F0_seed_202608242,DIAGNOSTIC_OOF_PARETO,s0.45_p0.45_e0.25_n0.20_f0.60_k1_h0.05,0.45,0.45,0.25,0.2,0.6,1,0.05,333,471,428,438,395,391,382,344,0.9087048832271762,0.9299363057324841,0.8386411889596603,0.8301486199575372,0.8110403397027601,0.7303609341825902,344,0.7303609341825902,"{""0.10"":165,""0.15"":156,""0.20"":150}","{""0.10"":124,""0.15"":113,""0.20"":107}","{""0.10"":0.7515151515151515,""0.15"":0.7243589743589743,""0.20"":0.7133333333333334}",0.7133333333333334,"{""left"":229,""right"":242}","{""left"":164,""right"":180}",369,322,0.8726287262872628,1,388,50,0,0,0,0,0,47,0,125,115,52.5,93.0,0.0,31.699999999999932,73782,6973,100,0,False,F0,202608242,True,False,True,0.6963906581740976,0.0,0.0,0.0,UNACHIEVABLE,UNACHIEVABLE,UNACHIEVABLE
F0_seed_202608242,DIAGNOSTIC_OOF_PARETO,s0.45_p0.45_e0.25_n0.20_f0.60_k2_h0.00,0.45,0.45,0.25,0.2,0.6,2,0.0,333,471,428,438,395,391,335,317,0.9087048832271762,0.9299363057324841,0.8386411889596603,0.8301486199575372,0.7112526539278131,0.673036093418259,317,0.673036093418259,"{""0.10"":165,""0.15"":156,""0.20"":150}","{""0.10"":111,""0.15"":109,""0.20"":97}","{""0.10"":0.6727272727272727,""0.15"":0.6987179487179487,""0.20"":0.6466666666666666}",0.6466666666666666,"{""left"":229,""right"":242}","{""left"":151,""right"":166}",340,306,0.9,0,256,30,0,0,0,0,0,34,0,125,117,46.0,87.19999999999999,0.0,50.79999999999984,73782,6973,100,0,False,F0,202608242,True,False,True,0.6963906581740976,0.0,0.0,0.0,UNACHIEVABLE,UNACHIEVABLE,UNACHIEVABLE
F0_seed_202608242,DIAGNOSTIC_OOF_PARETO,s0.45_p0.45_e0.25_n0.20_f0.60_k2_h0.05,0.45,0.45,0.25,0.2,0.6,2,0.05,333,471,428,438,395,391,335,317,0.9087048832271762,0.9299363057324841,0.8386411889596603,0.8301486199575372,0.7112526539278131,0.673036093418259,317,0.673036093418259,"{""0.10"":165,""0.15"":156,""0.20"":150}","{""0.10"":111,""0.15"":109,""0.20"":97}","{""0.10"":0.6727272727272727,""0.15"":0.6987179487179487,""0.20"":0.6466666666666666}",0.6466666666666666,"{""left"":229,""right"":242}","{""left"":151,""right"":166}",340,306,0.9,0,256,30,0,0,0,0,0,34,0,125,117,46.0,87.19999999999999,0.0,50.79999999999984,73782,6973,100,0,False,F0,202608242,True,False,True,0.6963906581740976,0.0,0.0,0.0,UNACHIEVABLE,UNACHIEVABLE,UNACHIEVABLE
F0_seed_202608242,DIAGNOSTIC_OOF_PARETO,s0.45_p0.45_e0.25_n0.20_f0.60_k3_h0.00,0.45,0.45,0.25,0.2,0.6,3,0.0,333,471,428,438,395,391,278,269,0.9087048832271762,0.9299363057324841,0.8386411889596603,0.8301486199575372,0.5902335456475584,0.5711252653927813,269,0.5711252653927813,"{""0.10"":165,""0.15"":156,""0.20"":150}","{""0.10"":94,""0.15"":91,""0.20"":84}","{""0.10"":0.5696969696969697,""0.15"":0.5833333333333334,""0.20"":0.56}",0.56,"{""left"":229,""right"":242}","{""left"":131,""right"":138}",287,263,0.9163763066202091,0,174,19,0,0,0,0,0,24,0,125,117,36.0,79.6,0.0,98.99999999999997,73782,6973,100,0,False,F0,202608242,True,False,True,0.6963906581740976,0.0,0.0,0.0,UNACHIEVABLE,UNACHIEVABLE,UNACHIEVABLE
F0_seed_202608242,DIAGNOSTIC_OOF_PARETO,s0.45_p0.45_e0.25_n0.20_f0.60_k3_h0.05,0.45,0.45,0.25,0.2,0.6,3,0.05,333,471,428,438,395,391,278,269,0.9087048832271762,0.9299363057324841,0.8386411889596603,0.8301486199575372,0.5902335456475584,0.5711252653927813,269,0.5711252653927813,"{""0.10"":165,""0.15"":156,""0.20"":150}","{""0.10"":94,""0.15"":91,""0.20"":84}","{""0.10"":0.5696969696969697,""0.15"":0.5833333333333334,""0.20"":0.56}",0.56,"{""left"":229,""right"":242}","{""left"":131,""right"":138}",287,263,0.9163763066202091,0,174,19,0,0,0,0,0,24,0,125,117,36.0,79.6,0.0,98.99999999999997,73782,6973,100,0,False,F0,202608242,True,False,True,0.6963906581740976,0.0,0.0,0.0,UNACHIEVABLE,UNACHIEVABLE,UNACHIEVABLE
F0_seed_202608242,DIAGNOSTIC_OOF_PARETO,s0.55_p0.55_e0.15_n0.10_f0.60_k1_h0.00,0.55,0.55,0.15,0.1,0.6,1,0.0,333,471,428,433,379,371,364,330,0.9087048832271762,0.9193205944798302,0.8046709129511678,0.7876857749469215,0.772823779193206,0.7006369426751592,330,0.7006369426751592,"{""0.10"":165,""0.15"":156,""0.20"":150}","{""0.10"":117,""0.15"":110,""0.20"":103}","{""0.10"":0.7090909090909091,""0.15"":0.7051282051282052,""0.20"":0.6866666666666666}",0.6866666666666666,"{""left"":229,""right"":242}","{""left"":159,""right"":171}",359,315,0.8774373259052924,1,376,47,0,0,0,0,0,44,0,125,116,55.0,92.0,0.0,29.55000000000001,73782,6973,100,0,False,F0,202608242,True,False,True,0.6963906581740976,0.0,0.0,0.0,UNACHIEVABLE,UNACHIEVABLE,UNACHIEVABLE
F0_seed_202608242,DIAGNOSTIC_OOF_PARETO,s0.55_p0.55_e0.15_n0.10_f0.60_k1_h0.05,0.55,0.55,0.15,0.1,0.6,1,0.05,333,471,428,433,379,371,364,330,0.9087048832271762,0.9193205944798302,0.8046709129511678,0.7876857749469215,0.772823779193206,0.7006369426751592,330,0.7006369426751592,"{""0.10"":165,""0.15"":156,""0.20"":150}","{""0.10"":117,""0.15"":110,""0.20"":103}","{""0.10"":0.7090909090909091,""0.15"":0.7051282051282052,""0.20"":0.6866666666666666}",0.6866666666666666,"{""left"":229,""right"":242}","{""left"":159,""right"":171}",359,315,0.8774373259052924,1,376,47,0,0,0,0,0,44,0,125,116,55.0,92.0,0.0,29.55000000000001,73782,6973,100,0,False,F0,202608242,True,False,True,0.6963906581740976,0.0,0.0,0.0,UNACHIEVABLE,UNACHIEVABLE,UNACHIEVABLE
F0_seed_202608242,DIAGNOSTIC_OOF_PARETO,s0.55_p0.55_e0.15_n0.10_f0.60_k2_h0.00,0.55,0.55,0.15,0.1,0.6,2,0.0,333,471,428,433,379,371,320,303,0.9087048832271762,0.9193205944798302,0.8046709129511678,0.7876857749469215,0.6794055201698513,0.643312101910828,303,0.643312101910828,"{""0.10"":165,""0.15"":156,""0.20"":150}","{""0.10"":107,""0.15"":103,""0.20"":93}","{""0.10"":0.6484848484848484,""0.15"":0.6602564102564102,""0.20"":0.62}",0.62,"{""left"":229,""right"":242}","{""left"":145,""right"":158}",327,294,0.8990825688073395,0,243,27,0,0,0,0,0,33,0,125,117,46.0,83.0,0.0,47.399999999999864,73782,6973,100,0,False,F0,202608242,True,False,True,0.6963906581740976,0.0,0.0,0.0,UNACHIEVABLE,UNACHIEVABLE,UNACHIEVABLE
F0_seed_202608242,DIAGNOSTIC_OOF_PARETO,s0.55_p0.55_e0.15_n0.10_f0.60_k2_h0.05,0.55,0.55,0.15,0.1,0.6,2,0.05,333,471,428,433,379,371,320,303,0.9087048832271762,0.9193205944798302,0.8046709129511678,0.7876857749469215,0.6794055201698513,0.643312101910828,303,0.643312101910828,"{""0.10"":165,""0.15"":156,""0.20"":150}","{""0.10"":107,""0.15"":103,""0.20"":93}","{""0.10"":0.6484848484848484,""0.15"":0.6602564102564102,""0.20"":0.62}",0.62,"{""left"":229,""right"":242}","{""left"":145,""right"":158}",327,294,0.8990825688073395,0,243,27,0,0,0,0,0,33,0,125,117,46.0,83.0,0.0,47.399999999999864,73782,6973,100,0,False,F0,202608242,True,False,True,0.6963906581740976,0.0,0.0,0.0,UNACHIEVABLE,UNACHIEVABLE,UNACHIEVABLE
F0_seed_202608242,DIAGNOSTIC_OOF_PARETO,s0.55_p0.55_e0.15_n0.10_f0.60_k3_h0.00,0.55,0.55,0.15,0.1,0.6,3,0.0,333,471,428,433,379,371,258,250,0.9087048832271762,0.9193205944798302,0.8046709129511678,0.7876857749469215,0.5477707006369427,0.5307855626326964,250,0.5307855626326964,"{""0.10"":165,""0.15"":156,""0.20"":150}","{""0.10"":89,""0.15"":81,""0.20"":80}","{""0.10"":0.5393939393939394,""0.15"":0.5192307692307693,""0.20"":0.5333333333333333}",0.5192307692307693,"{""left"":229,""right"":242}","{""left"":122,""right"":128}",270,245,0.9074074074074074,0,165,16,0,0,0,0,0,25,0,125,115,36.0,78.54999999999998,0.0,98.74999999999991,73782,6973,100,0,False,F0,202608242,True,False,True,0.6963906581740976,0.0,0.0,0.0,UNACHIEVABLE,UNACHIEVABLE,UNACHIEVABLE
F0_seed_202608242,DIAGNOSTIC_OOF_PARETO,s0.55_p0.55_e0.15_n0.10_f0.60_k3_h0.05,0.55,0.55,0.15,0.1,0.6,3,0.05,333,471,428,433,379,371,258,250,0.9087048832271762,0.9193205944798302,0.8046709129511678,0.7876857749469215,0.5477707006369427,0.5307855626326964,250,0.5307855626326964,"{""0.10"":165,""0.15"":156,""0.20"":150}","{""0.10"":89,""0.15"":81,""0.20"":80}","{""0.10"":0.5393939393939394,""0.15"":0.5192307692307693,""0.20"":0.5333333333333333}",0.5192307692307693,"{""left"":229,""right"":242}","{""left"":122,""right"":128}",270,245,0.9074074074074074,0,165,16,0,0,0,0,0,25,0,125,115,36.0,78.54999999999998,0.0,98.74999999999991,73782,6973,100,0,False,F0,202608242,True,False,True,0.6963906581740976,0.0,0.0,0.0,UNACHIEVABLE,UNACHIEVABLE,UNACHIEVABLE
F0_seed_202608242,DIAGNOSTIC_OOF_PARETO,s0.55_p0.55_e0.25_n0.20_f0.60_k1_h0.00,0.55,0.55,0.25,0.2,0.6,1,0.0,333,471,428,433,378,370,363,329,0.9087048832271762,0.9193205944798302,0.802547770700637,0.7855626326963907,0.7707006369426752,0.6985138004246284,329,0.6985138004246284,"{""0.10"":165,""0.15"":156,""0.20"":150}","{""0.10"":117,""0.15"":110,""0.20"":102}","{""0.10"":0.7090909090909091,""0.15"":0.7051282051282052,""0.20"":0.68}",0.68,"{""left"":229,""right"":242}","{""left"":158,""right"":171}",358,314,0.8770949720670391,1,375,47,0,0,0,0,0,44,0,125,116,55.0,91.59999999999997,0.0,29.599999999999966,73782,6973,100,0,False,F0,202608242,True,False,True,0.6963906581740976,0.0,0.0,0.0,UNACHIEVABLE,UNACHIEVABLE,UNACHIEVABLE
F0_seed_202608242,DIAGNOSTIC_OOF_PARETO,s0.55_p0.55_e0.25_n0.20_f0.60_k1_h0.05,0.55,0.55,0.25,0.2,0.6,1,0.05,333,471,428,433,378,370,363,329,0.9087048832271762,0.9193205944798302,0.802547770700637,0.7855626326963907,0.7707006369426752,0.6985138004246284,329,0.6985138004246284,"{""0.10"":165,""0.15"":156,""0.20"":150}","{""0.10"":117,""0.15"":110,""0.20"":102}","{""0.10"":0.7090909090909091,""0.15"":0.7051282051282052,""0.20"":0.68}",0.68,"{""left"":229,""right"":242}","{""left"":158,""right"":171}",358,314,0.8770949720670391,1,375,47,0,0,0,0,0,44,0,125,116,55.0,91.59999999999997,0.0,29.599999999999966,73782,6973,100,0,False,F0,202608242,True,False,True,0.6963906581740976,0.0,0.0,0.0,UNACHIEVABLE,UNACHIEVABLE,UNACHIEVABLE
F0_seed_202608242,DIAGNOSTIC_OOF_PARETO,s0.55_p0.55_e0.25_n0.20_f0.60_k2_h0.00,0.55,0.55,0.25,0.2,0.6,2,0.0,333,471,428,433,378,370,319,302,0.9087048832271762,0.9193205944798302,0.802547770700637,0.7855626326963907,0.6772823779193206,0.6411889596602972,302,0.6411889596602972,"{""0.10"":165,""0.15"":156,""0.20"":150}","{""0.10"":107,""0.15"":103,""0.20"":92}","{""0.10"":0.6484848484848484,""0.15"":0.6602564102564102,""0.20"":0.6133333333333333}",0.6133333333333333,"{""left"":229,""right"":242}","{""left"":145,""right"":157}",326,293,0.8987730061349694,0,241,27,0,0,0,0,0,33,0,125,117,45.5,83.0,0.0,47.69999999999993,73782,6973,100,0,False,F0,202608242,True,False,True,0.6963906581740976,0.0,0.0,0.0,UNACHIEVABLE,UNACHIEVABLE,UNACHIEVABLE
F0_seed_202608242,DIAGNOSTIC_OOF_PARETO,s0.55_p0.55_e0.25_n0.20_f0.60_k2_h0.05,0.55,0.55,0.25,0.2,0.6,2,0.05,333,471,428,433,378,370,319,302,0.9087048832271762,0.9193205944798302,0.802547770700637,0.7855626326963907,0.6772823779193206,0.6411889596602972,302,0.6411889596602972,"{""0.10"":165,""0.15"":156,""0.20"":150}","{""0.10"":107,""0.15"":103,""0.20"":92}","{""0.10"":0.6484848484848484,""0.15"":0.6602564102564102,""0.20"":0.6133333333333333}",0.6133333333333333,"{""left"":229,""right"":242}","{""left"":145,""right"":157}",326,293,0.8987730061349694,0,241,27,0,0,0,0,0,33,0,125,117,45.5,83.0,0.0,47.69999999999993,73782,6973,100,0,False,F0,202608242,True,False,True,0.6963906581740976,0.0,0.0,0.0,UNACHIEVABLE,UNACHIEVABLE,UNACHIEVABLE
F0_seed_202608242,DIAGNOSTIC_OOF_PARETO,s0.55_p0.55_e0.25_n0.20_f0.60_k3_h0.00,0.55,0.55,0.25,0.2,0.6,3,0.0,333,471,428,433,378,370,256,248,0.9087048832271762,0.9193205944798302,0.802547770700637,0.7855626326963907,0.5435244161358811,0.5265392781316348,248,0.5265392781316348,"{""0.10"":165,""0.15"":156,""0.20"":150}","{""0.10"":89,""0.15"":81,""0.20"":78}","{""0.10"":0.5393939393939394,""0.15"":0.5192307692307693,""0.20"":0.52}",0.5192307692307693,"{""left"":229,""right"":242}","{""left"":121,""right"":127}",268,243,0.9067164179104478,0,164,16,0,0,0,0,0,25,0,125,115,35.5,78.64999999999998,0.0,99.24999999999989,73782,6973,100,0,False,F0,202608242,True,False,True,0.6963906581740976,0.0,0.0,0.0,UNACHIEVABLE,UNACHIEVABLE,UNACHIEVABLE
F0_seed_202608242,DIAGNOSTIC_OOF_PARETO,s0.55_p0.55_e0.25_n0.20_f0.60_k3_h0.05,0.55,0.55,0.25,0.2,0.6,3,0.05,333,471,428,433,378,370,256,248,0.9087048832271762,0.9193205944798302,0.802547770700637,0.7855626326963907,0.5435244161358811,0.5265392781316348,248,0.5265392781316348,"{""0.10"":165,""0.15"":156,""0.20"":150}","{""0.10"":89,""0.15"":81,""0.20"":78}","{""0.10"":0.5393939393939394,""0.15"":0.5192307692307693,""0.20"":0.52}",0.5192307692307693,"{""left"":229,""right"":242}","{""left"":121,""right"":127}",268,243,0.9067164179104478,0,164,16,0,0,0,0,0,25,0,125,115,35.5,78.64999999999998,0.0,99.24999999999989,73782,6973,100,0,False,F0,202608242,True,False,True,0.6963906581740976,0.0,0.0,0.0,UNACHIEVABLE,UNACHIEVABLE,UNACHIEVABLE
F0_seed_202608242,DIAGNOSTIC_OOF_PARETO,s0.65_p0.65_e0.15_n0.10_f0.60_k1_h0.00,0.65,0.65,0.15,0.1,0.6,1,0.0,333,471,428,426,368,360,354,327,0.9087048832271762,0.9044585987261147,0.7813163481953291,0.7643312101910829,0.7515923566878981,0.6942675159235668,327,0.6942675159235668,"{""0.10"":165,""0.15"":156,""0.20"":150}","{""0.10"":115,""0.15"":109,""0.20"":103}","{""0.10"":0.696969696969697,""0.15"":0.6987179487179487,""0.20"":0.6866666666666666}",0.6866666666666666,"{""left"":229,""right"":242}","{""left"":156,""right"":171}",358,312,0.8715083798882681,0,362,41,0,0,0,0,0,46,0,125,117,53.0,90.0,0.0,26.0,73782,6973,100,0,False,F0,202608242,True,False,True,0.6963906581740976,0.0,0.0,0.0,UNACHIEVABLE,UNACHIEVABLE,UNACHIEVABLE
F0_seed_202608242,DIAGNOSTIC_OOF_PARETO,s0.65_p0.65_e0.15_n0.10_f0.60_k1_h0.05,0.65,0.65,0.15,0.1,0.6,1,0.05,333,471,428,426,368,360,354,327,0.9087048832271762,0.9044585987261147,0.7813163481953291,0.7643312101910829,0.7515923566878981,0.6942675159235668,327,0.6942675159235668,"{""0.10"":165,""0.15"":156,""0.20"":150}","{""0.10"":115,""0.15"":109,""0.20"":103}","{""0.10"":0.696969696969697,""0.15"":0.6987179487179487,""0.20"":0.6866666666666666}",0.6866666666666666,"{""left"":229,""right"":242}","{""left"":156,""right"":171}",358,312,0.8715083798882681,0,362,41,0,0,0,0,0,46,0,125,117,53.0,90.0,0.0,26.0,73782,6973,100,0,False,F0,202608242,True,False,True,0.6963906581740976,0.0,0.0,0.0,UNACHIEVABLE,UNACHIEVABLE,UNACHIEVABLE
F0_seed_202608242,DIAGNOSTIC_OOF_PARETO,s0.65_p0.65_e0.15_n0.10_f0.60_k2_h0.00,0.65,0.65,0.15,0.1,0.6,2,0.0,333,471,428,426,368,360,288,274,0.9087048832271762,0.9044585987261147,0.7813163481953291,0.7643312101910829,0.6114649681528662,0.5817409766454352,274,0.5817409766454352,"{""0.10"":165,""0.15"":156,""0.20"":150}","{""0.10"":98,""0.15"":93,""0.20"":83}","{""0.10"":0.593939393939394,""0.15"":0.5961538461538461,""0.20"":0.5533333333333333}",0.5533333333333333,"{""left"":229,""right"":242}","{""left"":128,""right"":146}",299,267,0.8929765886287625,0,224,24,0,0,0,0,0,32,0,125,116,45.5,83.0,0.0,71.34999999999997,73782,6973,100,0,False,F0,202608242,True,False,True,0.6963906581740976,0.0,0.0,0.0,UNACHIEVABLE,UNACHIEVABLE,UNACHIEVABLE
F0_seed_202608242,DIAGNOSTIC_OOF_PARETO,s0.65_p0.65_e0.15_n0.10_f0.60_k2_h0.05,0.65,0.65,0.15,0.1,0.6,2,0.05,333,471,428,426,368,360,288,274,0.9087048832271762,0.9044585987261147,0.7813163481953291,0.7643312101910829,0.6114649681528662,0.5817409766454352,274,0.5817409766454352,"{""0.10"":165,""0.15"":156,""0.20"":150}","{""0.10"":98,""0.15"":93,""0.20"":83}","{""0.10"":0.593939393939394,""0.15"":0.5961538461538461,""0.20"":0.5533333333333333}",0.5533333333333333,"{""left"":229,""right"":242}","{""left"":128,""right"":146}",299,267,0.8929765886287625,0,224,24,0,0,0,0,0,32,0,125,116,45.5,83.0,0.0,71.34999999999997,73782,6973,100,0,False,F0,202608242,True,False,True,0.6963906581740976,0.0,0.0,0.0,UNACHIEVABLE,UNACHIEVABLE,UNACHIEVABLE
F0_seed_202608242,DIAGNOSTIC_OOF_PARETO,s0.65_p0.65_e0.15_n0.10_f0.60_k3_h0.00,0.65,0.65,0.15,0.1,0.6,3,0.0,333,471,428,426,368,360,220,214,0.9087048832271762,0.9044585987261147,0.7813163481953291,0.7643312101910829,0.46709129511677283,0.4543524416135881,214,0.4543524416135881,"{""0.10"":165,""0.15"":156,""0.20"":150}","{""0.10"":82,""0.15"":70,""0.20"":62}","{""0.10"":0.49696969696969695,""0.15"":0.44871794871794873,""0.20"":0.41333333333333333}",0.41333333333333333,"{""left"":229,""right"":242}","{""left"":103,""right"":111}",233,210,0.9012875536480687,0,145,12,0,0,0,0,0,23,0,125,108,37.5,78.35,0.0,97.74999999999997,73782,6973,100,0,False,F0,202608242,True,False,True,0.6963906581740976,0.0,0.0,0.0,UNACHIEVABLE,UNACHIEVABLE,UNACHIEVABLE
F0_seed_202608242,DIAGNOSTIC_OOF_PARETO,s0.65_p0.65_e0.15_n0.10_f0.60_k3_h0.05,0.65,0.65,0.15,0.1,0.6,3,0.05,333,471,428,426,368,360,220,214,0.9087048832271762,0.9044585987261147,0.7813163481953291,0.7643312101910829,0.46709129511677283,0.4543524416135881,214,0.4543524416135881,"{""0.10"":165,""0.15"":156,""0.20"":150}","{""0.10"":82,""0.15"":70,""0.20"":62}","{""0.10"":0.49696969696969695,""0.15"":0.44871794871794873,""0.20"":0.41333333333333333}",0.41333333333333333,"{""left"":229,""right"":242}","{""left"":103,""right"":111}",233,210,0.9012875536480687,0,145,12,0,0,0,0,0,23,0,125,108,37.5,78.35,0.0,97.74999999999997,73782,6973,100,0,False,F0,202608242,True,False,True,0.6963906581740976,0.0,0.0,0.0,UNACHIEVABLE,UNACHIEVABLE,UNACHIEVABLE
F0_seed_202608242,DIAGNOSTIC_OOF_PARETO,s0.65_p0.65_e0.25_n0.20_f0.60_k1_h0.00,0.65,0.65,0.25,0.2,0.6,1,0.0,333,471,428,426,368,360,354,327,0.9087048832271762,0.9044585987261147,0.7813163481953291,0.7643312101910829,0.7515923566878981,0.6942675159235668,327,0.6942675159235668,"{""0.10"":165,""0.15"":156,""0.20"":150}","{""0.10"":115,""0.15"":109,""0.20"":103}","{""0.10"":0.696969696969697,""0.15"":0.6987179487179487,""0.20"":0.6866666666666666}",0.6866666666666666,"{""left"":229,""right"":242}","{""left"":156,""right"":171}",358,312,0.8715083798882681,0,362,41,0,0,0,0,0,46,0,125,117,53.0,90.0,0.0,26.0,73782,6973,100,0,False,F0,202608242,True,False,True,0.6963906581740976,0.0,0.0,0.0,UNACHIEVABLE,UNACHIEVABLE,UNACHIEVABLE
F0_seed_202608242,DIAGNOSTIC_OOF_PARETO,s0.65_p0.65_e0.25_n0.20_f0.60_k1_h0.05,0.65,0.65,0.25,0.2,0.6,1,0.05,333,471,428,426,368,360,354,327,0.9087048832271762,0.9044585987261147,0.7813163481953291,0.7643312101910829,0.7515923566878981,0.6942675159235668,327,0.6942675159235668,"{""0.10"":165,""0.15"":156,""0.20"":150}","{""0.10"":115,""0.15"":109,""0.20"":103}","{""0.10"":0.696969696969697,""0.15"":0.6987179487179487,""0.20"":0.6866666666666666}",0.6866666666666666,"{""left"":229,""right"":242}","{""left"":156,""right"":171}",358,312,0.8715083798882681,0,362,41,0,0,0,0,0,46,0,125,117,53.0,90.0,0.0,26.0,73782,6973,100,0,False,F0,202608242,True,False,True,0.6963906581740976,0.0,0.0,0.0,UNACHIEVABLE,UNACHIEVABLE,UNACHIEVABLE
F0_seed_202608242,DIAGNOSTIC_OOF_PARETO,s0.65_p0.65_e0.25_n0.20_f0.60_k2_h0.00,0.65,0.65,0.25,0.2,0.6,2,0.0,333,471,428,426,368,360,288,274,0.9087048832271762,0.9044585987261147,0.7813163481953291,0.7643312101910829,0.6114649681528662,0.5817409766454352,274,0.5817409766454352,"{""0.10"":165,""0.15"":156,""0.20"":150}","{""0.10"":98,""0.15"":93,""0.20"":83}","{""0.10"":0.593939393939394,""0.15"":0.5961538461538461,""0.20"":0.5533333333333333}",0.5533333333333333,"{""left"":229,""right"":242}","{""left"":128,""right"":146}",299,267,0.8929765886287625,0,224,24,0,0,0,0,0,32,0,125,116,45.5,83.0,0.0,71.34999999999997,73782,6973,100,0,False,F0,202608242,True,False,True,0.6963906581740976,0.0,0.0,0.0,UNACHIEVABLE,UNACHIEVABLE,UNACHIEVABLE
F0_seed_202608242,DIAGNOSTIC_OOF_PARETO,s0.65_p0.65_e0.25_n0.20_f0.60_k2_h0.05,0.65,0.65,0.25,0.2,0.6,2,0.05,333,471,428,426,368,360,288,274,0.9087048832271762,0.9044585987261147,0.7813163481953291,0.7643312101910829,0.6114649681528662,0.5817409766454352,274,0.5817409766454352,"{""0.10"":165,""0.15"":156,""0.20"":150}","{""0.10"":98,""0.15"":93,""0.20"":83}","{""0.10"":0.593939393939394,""0.15"":0.5961538461538461,""0.20"":0.5533333333333333}",0.5533333333333333,"{""left"":229,""right"":242}","{""left"":128,""right"":146}",299,267,0.8929765886287625,0,224,24,0,0,0,0,0,32,0,125,116,45.5,83.0,0.0,71.34999999999997,73782,6973,100,0,False,F0,202608242,True,False,True,0.6963906581740976,0.0,0.0,0.0,UNACHIEVABLE,UNACHIEVABLE,UNACHIEVABLE
F0_seed_202608242,DIAGNOSTIC_OOF_PARETO,s0.65_p0.65_e0.25_n0.20_f0.60_k3_h0.00,0.65,0.65,0.25,0.2,0.6,3,0.0,333,471,428,426,368,360,220,214,0.9087048832271762,0.9044585987261147,0.7813163481953291,0.7643312101910829,0.46709129511677283,0.4543524416135881,214,0.4543524416135881,"{""0.10"":165,""0.15"":156,""0.20"":150}","{""0.10"":82,""0.15"":70,""0.20"":62}","{""0.10"":0.49696969696969695,""0.15"":0.44871794871794873,""0.20"":0.41333333333333333}",0.41333333333333333,"{""left"":229,""right"":242}","{""left"":103,""right"":111}",233,210,0.9012875536480687,0,145,12,0,0,0,0,0,23,0,125,108,37.5,78.35,0.0,97.74999999999997,73782,6973,100,0,False,F0,202608242,True,False,True,0.6963906581740976,0.0,0.0,0.0,UNACHIEVABLE,UNACHIEVABLE,UNACHIEVABLE
F0_seed_202608242,DIAGNOSTIC_OOF_PARETO,s0.65_p0.65_e0.25_n0.20_f0.60_k3_h0.05,0.65,0.65,0.25,0.2,0.6,3,0.05,333,471,428,426,368,360,220,214,0.9087048832271762,0.9044585987261147,0.7813163481953291,0.7643312101910829,0.46709129511677283,0.4543524416135881,214,0.4543524416135881,"{""0.10"":165,""0.15"":156,""0.20"":150}","{""0.10"":82,""0.15"":70,""0.20"":62}","{""0.10"":0.49696969696969695,""0.15"":0.44871794871794873,""0.20"":0.41333333333333333}",0.41333333333333333,"{""left"":229,""right"":242}","{""left"":103,""right"":111}",233,210,0.9012875536480687,0,145,12,0,0,0,0,0,23,0,125,108,37.5,78.35,0.0,97.74999999999997,73782,6973,100,0,False,F0,202608242,True,False,True,0.6963906581740976,0.0,0.0,0.0,UNACHIEVABLE,UNACHIEVABLE,UNACHIEVABLE
F0_seed_202608242,DIAGNOSTIC_OOF_PARETO,s0.75_p0.75_e0.15_n0.10_f0.60_k1_h0.00,0.75,0.75,0.15,0.1,0.6,1,0.0,333,471,428,407,352,344,338,316,0.9087048832271762,0.8641188959660298,0.7473460721868365,0.7303609341825902,0.7176220806794055,0.6709129511677282,316,0.6709129511677282,"{""0.10"":165,""0.15"":156,""0.20"":150}","{""0.10"":113,""0.15"":104,""0.20"":99}","{""0.10"":0.6848484848484848,""0.15"":0.6666666666666666,""0.20"":0.66}",0.66,"{""left"":229,""right"":242}","{""left"":150,""right"":166}",344,307,0.8924418604651163,0,327,34,0,0,0,0,0,37,0,125,116,52.5,89.0,0.0,26.0,73782,6973,100,0,False,F0,202608242,True,False,True,0.6963906581740976,0.0,0.0,0.0,UNACHIEVABLE,UNACHIEVABLE,UNACHIEVABLE
F0_seed_202608242,DIAGNOSTIC_OOF_PARETO,s0.75_p0.75_e0.15_n0.10_f0.60_k1_h0.05,0.75,0.75,0.15,0.1,0.6,1,0.05,333,471,428,407,352,344,338,316,0.9087048832271762,0.8641188959660298,0.7473460721868365,0.7303609341825902,0.7176220806794055,0.6709129511677282,316,0.6709129511677282,"{""0.10"":165,""0.15"":156,""0.20"":150}","{""0.10"":113,""0.15"":104,""0.20"":99}","{""0.10"":0.6848484848484848,""0.15"":0.6666666666666666,""0.20"":0.66}",0.66,"{""left"":229,""right"":242}","{""left"":150,""right"":166}",344,307,0.8924418604651163,0,327,34,0,0,0,0,0,37,0,125,116,52.5,89.0,0.0,26.0,73782,6973,100,0,False,F0,202608242,True,False,True,0.6963906581740976,0.0,0.0,0.0,UNACHIEVABLE,UNACHIEVABLE,UNACHIEVABLE
F0_seed_202608242,DIAGNOSTIC_OOF_PARETO,s0.75_p0.75_e0.15_n0.10_f0.60_k2_h0.00,0.75,0.75,0.15,0.1,0.6,2,0.0,333,471,428,407,352,344,262,253,0.9087048832271762,0.8641188959660298,0.7473460721868365,0.7303609341825902,0.5562632696390658,0.5371549893842887,253,0.5371549893842887,"{""0.10"":165,""0.15"":156,""0.20"":150}","{""0.10"":94,""0.15"":83,""0.20"":76}","{""0.10"":0.5696969696969697,""0.15"":0.532051282051282,""0.20"":0.5066666666666667}",0.5066666666666667,"{""left"":229,""right"":242}","{""left"":115,""right"":138}",277,246,0.8880866425992779,0,201,15,0,0,0,0,0,31,0,125,111,46.0,82.39999999999998,0.0,80.5999999999998,73782,6973,100,0,False,F0,202608242,True,False,True,0.6963906581740976,0.0,0.0,0.0,UNACHIEVABLE,UNACHIEVABLE,UNACHIEVABLE
F0_seed_202608242,DIAGNOSTIC_OOF_PARETO,s0.75_p0.75_e0.15_n0.10_f0.60_k2_h0.05,0.75,0.75,0.15,0.1,0.6,2,0.05,333,471,428,407,352,344,262,253,0.9087048832271762,0.8641188959660298,0.7473460721868365,0.7303609341825902,0.5562632696390658,0.5371549893842887,253,0.5371549893842887,"{""0.10"":165,""0.15"":156,""0.20"":150}","{""0.10"":94,""0.15"":83,""0.20"":76}","{""0.10"":0.5696969696969697,""0.15"":0.532051282051282,""0.20"":0.5066666666666667}",0.5066666666666667,"{""left"":229,""right"":242}","{""left"":115,""right"":138}",277,246,0.8880866425992779,0,201,15,0,0,0,0,0,31,0,125,111,46.0,82.39999999999998,0.0,80.5999999999998,73782,6973,100,0,False,F0,202608242,True,False,True,0.6963906581740976,0.0,0.0,0.0,UNACHIEVABLE,UNACHIEVABLE,UNACHIEVABLE
F0_seed_202608242,DIAGNOSTIC_OOF_PARETO,s0.75_p0.75_e0.15_n0.10_f0.60_k3_h0.00,0.75,0.75,0.15,0.1,0.6,3,0.0,333,471,428,407,352,344,201,195,0.9087048832271762,0.8641188959660298,0.7473460721868365,0.7303609341825902,0.4267515923566879,0.4140127388535032,195,0.4140127388535032,"{""0.10"":165,""0.15"":156,""0.20"":150}","{""0.10"":77,""0.15"":64,""0.20"":54}","{""0.10"":0.4666666666666667,""0.15"":0.41025641025641024,""0.20"":0.36}",0.36,"{""left"":229,""right"":242}","{""left"":92,""right"":103}",212,191,0.9009433962264151,0,124,8,0,0,0,0,0,21,0,125,103,38.0,74.29999999999998,0.0,104.6999999999995,73782,6973,100,0,False,F0,202608242,True,False,True,0.6963906581740976,0.0,0.0,0.0,UNACHIEVABLE,UNACHIEVABLE,UNACHIEVABLE
F0_seed_202608242,DIAGNOSTIC_OOF_PARETO,s0.75_p0.75_e0.15_n0.10_f0.60_k3_h0.05,0.75,0.75,0.15,0.1,0.6,3,0.05,333,471,428,407,352,344,201,195,0.9087048832271762,0.8641188959660298,0.7473460721868365,0.7303609341825902,0.4267515923566879,0.4140127388535032,195,0.4140127388535032,"{""0.10"":165,""0.15"":156,""0.20"":150}","{""0.10"":77,""0.15"":64,""0.20"":54}","{""0.10"":0.4666666666666667,""0.15"":0.41025641025641024,""0.20"":0.36}",0.36,"{""left"":229,""right"":242}","{""left"":92,""right"":103}",212,191,0.9009433962264151,0,124,8,0,0,0,0,0,21,0,125,103,38.0,74.29999999999998,0.0,104.6999999999995,73782,6973,100,0,False,F0,202608242,True,False,True,0.6963906581740976,0.0,0.0,0.0,UNACHIEVABLE,UNACHIEVABLE,UNACHIEVABLE
F0_seed_202608242,DIAGNOSTIC_OOF_PARETO,s0.75_p0.75_e0.25_n0.20_f0.60_k1_h0.00,0.75,0.75,0.25,0.2,0.6,1,0.0,333,471,428,407,352,344,338,316,0.9087048832271762,0.8641188959660298,0.7473460721868365,0.7303609341825902,0.7176220806794055,0.6709129511677282,316,0.6709129511677282,"{""0.10"":165,""0.15"":156,""0.20"":150}","{""0.10"":113,""0.15"":104,""0.20"":99}","{""0.10"":0.6848484848484848,""0.15"":0.6666666666666666,""0.20"":0.66}",0.66,"{""left"":229,""right"":242}","{""left"":150,""right"":166}",344,307,0.8924418604651163,0,327,34,0,0,0,0,0,37,0,125,116,52.5,89.0,0.0,26.0,73782,6973,100,0,False,F0,202608242,True,False,True,0.6963906581740976,0.0,0.0,0.0,UNACHIEVABLE,UNACHIEVABLE,UNACHIEVABLE
F0_seed_202608242,DIAGNOSTIC_OOF_PARETO,s0.75_p0.75_e0.25_n0.20_f0.60_k1_h0.05,0.75,0.75,0.25,0.2,0.6,1,0.05,333,471,428,407,352,344,338,316,0.9087048832271762,0.8641188959660298,0.7473460721868365,0.7303609341825902,0.7176220806794055,0.6709129511677282,316,0.6709129511677282,"{""0.10"":165,""0.15"":156,""0.20"":150}","{""0.10"":113,""0.15"":104,""0.20"":99}","{""0.10"":0.6848484848484848,""0.15"":0.6666666666666666,""0.20"":0.66}",0.66,"{""left"":229,""right"":242}","{""left"":150,""right"":166}",344,307,0.8924418604651163,0,327,34,0,0,0,0,0,37,0,125,116,52.5,89.0,0.0,26.0,73782,6973,100,0,False,F0,202608242,True,False,True,0.6963906581740976,0.0,0.0,0.0,UNACHIEVABLE,UNACHIEVABLE,UNACHIEVABLE
F0_seed_202608242,DIAGNOSTIC_OOF_PARETO,s0.75_p0.75_e0.25_n0.20_f0.60_k2_h0.00,0.75,0.75,0.25,0.2,0.6,2,0.0,333,471,428,407,352,344,262,253,0.9087048832271762,0.8641188959660298,0.7473460721868365,0.7303609341825902,0.5562632696390658,0.5371549893842887,253,0.5371549893842887,"{""0.10"":165,""0.15"":156,""0.20"":150}","{""0.10"":94,""0.15"":83,""0.20"":76}","{""0.10"":0.5696969696969697,""0.15"":0.532051282051282,""0.20"":0.5066666666666667}",0.5066666666666667,"{""left"":229,""right"":242}","{""left"":115,""right"":138}",277,246,0.8880866425992779,0,201,15,0,0,0,0,0,31,0,125,111,46.0,82.39999999999998,0.0,80.5999999999998,73782,6973,100,0,False,F0,202608242,True,False,True,0.6963906581740976,0.0,0.0,0.0,UNACHIEVABLE,UNACHIEVABLE,UNACHIEVABLE
F0_seed_202608242,DIAGNOSTIC_OOF_PARETO,s0.75_p0.75_e0.25_n0.20_f0.60_k2_h0.05,0.75,0.75,0.25,0.2,0.6,2,0.05,333,471,428,407,352,344,262,253,0.9087048832271762,0.8641188959660298,0.7473460721868365,0.7303609341825902,0.5562632696390658,0.5371549893842887,253,0.5371549893842887,"{""0.10"":165,""0.15"":156,""0.20"":150}","{""0.10"":94,""0.15"":83,""0.20"":76}","{""0.10"":0.5696969696969697,""0.15"":0.532051282051282,""0.20"":0.5066666666666667}",0.5066666666666667,"{""left"":229,""right"":242}","{""left"":115,""right"":138}",277,246,0.8880866425992779,0,201,15,0,0,0,0,0,31,0,125,111,46.0,82.39999999999998,0.0,80.5999999999998,73782,6973,100,0,False,F0,202608242,True,False,True,0.6963906581740976,0.0,0.0,0.0,UNACHIEVABLE,UNACHIEVABLE,UNACHIEVABLE
F0_seed_202608242,DIAGNOSTIC_OOF_PARETO,s0.75_p0.75_e0.25_n0.20_f0.60_k3_h0.00,0.75,0.75,0.25,0.2,0.6,3,0.0,333,471,428,407,352,344,201,195,0.9087048832271762,0.8641188959660298,0.7473460721868365,0.7303609341825902,0.4267515923566879,0.4140127388535032,195,0.4140127388535032,"{""0.10"":165,""0.15"":156,""0.20"":150}","{""0.10"":77,""0.15"":64,""0.20"":54}","{""0.10"":0.4666666666666667,""0.15"":0.41025641025641024,""0.20"":0.36}",0.36,"{""left"":229,""right"":242}","{""left"":92,""right"":103}",212,191,0.9009433962264151,0,124,8,0,0,0,0,0,21,0,125,103,38.0,74.29999999999998,0.0,104.6999999999995,73782,6973,100,0,False,F0,202608242,True,False,True,0.6963906581740976,0.0,0.0,0.0,UNACHIEVABLE,UNACHIEVABLE,UNACHIEVABLE
F0_seed_202608242,DIAGNOSTIC_OOF_PARETO,s0.75_p0.75_e0.25_n0.20_f0.60_k3_h0.05,0.75,0.75,0.25,0.2,0.6,3,0.05,333,471,428,407,352,344,201,195,0.9087048832271762,0.8641188959660298,0.7473460721868365,0.7303609341825902,0.4267515923566879,0.4140127388535032,195,0.4140127388535032,"{""0.10"":165,""0.15"":156,""0.20"":150}","{""0.10"":77,""0.15"":64,""0.20"":54}","{""0.10"":0.4666666666666667,""0.15"":0.41025641025641024,""0.20"":0.36}",0.36,"{""left"":229,""right"":242}","{""left"":92,""right"":103}",212,191,0.9009433962264151,0,124,8,0,0,0,0,0,21,0,125,103,38.0,74.29999999999998,0.0,104.6999999999995,73782,6973,100,0,False,F0,202608242,True,False,True,0.6963906581740976,0.0,0.0,0.0,UNACHIEVABLE,UNACHIEVABLE,UNACHIEVABLE
F0_seed_202608242,DIAGNOSTIC_OOF_PARETO,s0.85_p0.85_e0.15_n0.10_f0.60_k1_h0.00,0.85,0.85,0.15,0.1,0.6,1,0.0,333,471,428,377,315,304,299,280,0.9087048832271762,0.8004246284501062,0.6687898089171974,0.6454352441613588,0.6348195329087049,0.5944798301486199,280,0.5944798301486199,"{""0.10"":165,""0.15"":156,""0.20"":150}","{""0.10"":101,""0.15"":90,""0.20"":89}","{""0.10"":0.6121212121212121,""0.15"":0.5769230769230769,""0.20"":0.5933333333333334}",0.5769230769230769,"{""left"":229,""right"":242}","{""left"":127,""right"":153}",309,273,0.883495145631068,0,287,27,0,0,0,0,0,36,0,125,114,52.0,88.05000000000001,0.0,32.30000000000007,73782,6973,100,0,False,F0,202608242,True,False,True,0.6963906581740976,0.0,0.0,0.0,UNACHIEVABLE,UNACHIEVABLE,UNACHIEVABLE
F0_seed_202608242,DIAGNOSTIC_OOF_PARETO,s0.85_p0.85_e0.15_n0.10_f0.60_k1_h0.05,0.85,0.85,0.15,0.1,0.6,1,0.05,333,471,428,377,315,304,299,281,0.9087048832271762,0.8004246284501062,0.6687898089171974,0.6454352441613588,0.6348195329087049,0.5966029723991507,281,0.5966029723991507,"{""0.10"":165,""0.15"":156,""0.20"":150}","{""0.10"":102,""0.15"":90,""0.20"":89}","{""0.10"":0.6181818181818182,""0.15"":0.5769230769230769,""0.20"":0.5933333333333334}",0.5769230769230769,"{""left"":229,""right"":242}","{""left"":128,""right"":153}",309,273,0.883495145631068,0,287,27,0,0,0,0,0,36,0,125,114,52.0,88.0,0.0,32.0,73782,6973,100,0,False,F0,202608242,True,False,True,0.6963906581740976,0.0,0.0,0.0,UNACHIEVABLE,UNACHIEVABLE,UNACHIEVABLE
F0_seed_202608242,DIAGNOSTIC_OOF_PARETO,s0.85_p0.85_e0.15_n0.10_f0.60_k2_h0.00,0.85,0.85,0.15,0.1,0.6,2,0.0,333,471,428,377,315,304,226,221,0.9087048832271762,0.8004246284501062,0.6687898089171974,0.6454352441613588,0.47983014861995754,0.4692144373673036,221,0.4692144373673036,"{""0.10"":165,""0.15"":156,""0.20"":150}","{""0.10"":81,""0.15"":71,""0.20"":69}","{""0.10"":0.4909090909090909,""0.15"":0.4551282051282051,""0.20"":0.46}",0.4551282051282051,"{""left"":229,""right"":242}","{""left"":98,""right"":123}",245,217,0.8857142857142857,0,169,10,0,0,0,0,0,28,0,125,109,45.0,83.0,0.0,115.0,73782,6973,100,0,False,F0,202608242,True,False,True,0.6963906581740976,0.0,0.0,0.0,UNACHIEVABLE,UNACHIEVABLE,UNACHIEVABLE
F0_seed_202608242,DIAGNOSTIC_OOF_PARETO,s0.85_p0.85_e0.15_n0.10_f0.60_k2_h0.05,0.85,0.85,0.15,0.1,0.6,2,0.05,333,471,428,377,315,304,226,222,0.9087048832271762,0.8004246284501062,0.6687898089171974,0.6454352441613588,0.47983014861995754,0.4713375796178344,222,0.4713375796178344,"{""0.10"":165,""0.15"":156,""0.20"":150}","{""0.10"":82,""0.15"":71,""0.20"":69}","{""0.10"":0.49696969696969695,""0.15"":0.4551282051282051,""0.20"":0.46}",0.4551282051282051,"{""left"":229,""right"":242}","{""left"":99,""right"":123}",245,217,0.8857142857142857,0,169,10,0,0,0,0,0,28,0,125,109,45.0,82.94999999999999,0.0,114.5499999999999,73782,6973,100,0,False,F0,202608242,True,False,True,0.6963906581740976,0.0,0.0,0.0,UNACHIEVABLE,UNACHIEVABLE,UNACHIEVABLE
F0_seed_202608242,DIAGNOSTIC_OOF_PARETO,s0.85_p0.85_e0.15_n0.10_f0.60_k3_h0.00,0.85,0.85,0.15,0.1,0.6,3,0.0,333,471,428,377,315,304,168,165,0.9087048832271762,0.8004246284501062,0.6687898089171974,0.6454352441613588,0.35668789808917195,0.3503184713375796,165,0.3503184713375796,"{""0.10"":165,""0.15"":156,""0.20"":150}","{""0.10"":63,""0.15"":53,""0.20"":49}","{""0.10"":0.38181818181818183,""0.15"":0.33974358974358976,""0.20"":0.32666666666666666}",0.32666666666666666,"{""left"":229,""right"":242}","{""left"":80,""right"":85}",182,164,0.9010989010989011,0,111,6,0,0,0,0,0,18,0,125,96,36.0,74.79999999999998,0.0,126.59999999999997,73782,6973,100,0,False,F0,202608242,True,False,True,0.6963906581740976,0.0,0.0,0.0,UNACHIEVABLE,UNACHIEVABLE,UNACHIEVABLE
F0_seed_202608242,DIAGNOSTIC_OOF_PARETO,s0.85_p0.85_e0.15_n0.10_f0.60_k3_h0.05,0.85,0.85,0.15,0.1,0.6,3,0.05,333,471,428,377,315,304,168,165,0.9087048832271762,0.8004246284501062,0.6687898089171974,0.6454352441613588,0.35668789808917195,0.3503184713375796,165,0.3503184713375796,"{""0.10"":165,""0.15"":156,""0.20"":150}","{""0.10"":63,""0.15"":53,""0.20"":49}","{""0.10"":0.38181818181818183,""0.15"":0.33974358974358976,""0.20"":0.32666666666666666}",0.32666666666666666,"{""left"":229,""right"":242}","{""left"":80,""right"":85}",182,164,0.9010989010989011,0,111,6,0,0,0,0,0,18,0,125,96,36.0,74.79999999999998,0.0,126.59999999999997,73782,6973,100,0,False,F0,202608242,True,False,True,0.6963906581740976,0.0,0.0,0.0,UNACHIEVABLE,UNACHIEVABLE,UNACHIEVABLE
F0_seed_202608242,DIAGNOSTIC_OOF_PARETO,s0.85_p0.85_e0.25_n0.20_f0.60_k1_h0.00,0.85,0.85,0.25,0.2,0.6,1,0.0,333,471,428,377,315,304,299,280,0.9087048832271762,0.8004246284501062,0.6687898089171974,0.6454352441613588,0.6348195329087049,0.5944798301486199,280,0.5944798301486199,"{""0.10"":165,""0.15"":156,""0.20"":150}","{""0.10"":101,""0.15"":90,""0.20"":89}","{""0.10"":0.6121212121212121,""0.15"":0.5769230769230769,""0.20"":0.5933333333333334}",0.5769230769230769,"{""left"":229,""right"":242}","{""left"":127,""right"":153}",309,273,0.883495145631068,0,287,27,0,0,0,0,0,36,0,125,114,52.0,88.05000000000001,0.0,32.30000000000007,73782,6973,100,0,False,F0,202608242,True,False,True,0.6963906581740976,0.0,0.0,0.0,UNACHIEVABLE,UNACHIEVABLE,UNACHIEVABLE
F0_seed_202608242,DIAGNOSTIC_OOF_PARETO,s0.85_p0.85_e0.25_n0.20_f0.60_k1_h0.05,0.85,0.85,0.25,0.2,0.6,1,0.05,333,471,428,377,315,304,299,281,0.9087048832271762,0.8004246284501062,0.6687898089171974,0.6454352441613588,0.6348195329087049,0.5966029723991507,281,0.5966029723991507,"{""0.10"":165,""0.15"":156,""0.20"":150}","{""0.10"":102,""0.15"":90,""0.20"":89}","{""0.10"":0.6181818181818182,""0.15"":0.5769230769230769,""0.20"":0.5933333333333334}",0.5769230769230769,"{""left"":229,""right"":242}","{""left"":128,""right"":153}",309,273,0.883495145631068,0,287,27,0,0,0,0,0,36,0,125,114,52.0,88.0,0.0,32.0,73782,6973,100,0,False,F0,202608242,True,False,True,0.6963906581740976,0.0,0.0,0.0,UNACHIEVABLE,UNACHIEVABLE,UNACHIEVABLE
F0_seed_202608242,DIAGNOSTIC_OOF_PARETO,s0.85_p0.85_e0.25_n0.20_f0.60_k2_h0.00,0.85,0.85,0.25,0.2,0.6,2,0.0,333,471,428,377,315,304,226,221,0.9087048832271762,0.8004246284501062,0.6687898089171974,0.6454352441613588,0.47983014861995754,0.4692144373673036,221,0.4692144373673036,"{""0.10"":165,""0.15"":156,""0.20"":150}","{""0.10"":81,""0.15"":71,""0.20"":69}","{""0.10"":0.4909090909090909,""0.15"":0.4551282051282051,""0.20"":0.46}",0.4551282051282051,"{""left"":229,""right"":242}","{""left"":98,""right"":123}",245,217,0.8857142857142857,0,169,10,0,0,0,0,0,28,0,125,109,45.0,83.0,0.0,115.0,73782,6973,100,0,False,F0,202608242,True,False,True,0.6963906581740976,0.0,0.0,0.0,UNACHIEVABLE,UNACHIEVABLE,UNACHIEVABLE
F0_seed_202608242,DIAGNOSTIC_OOF_PARETO,s0.85_p0.85_e0.25_n0.20_f0.60_k2_h0.05,0.85,0.85,0.25,0.2,0.6,2,0.05,333,471,428,377,315,304,226,222,0.9087048832271762,0.8004246284501062,0.6687898089171974,0.6454352441613588,0.47983014861995754,0.4713375796178344,222,0.4713375796178344,"{""0.10"":165,""0.15"":156,""0.20"":150}","{""0.10"":82,""0.15"":71,""0.20"":69}","{""0.10"":0.49696969696969695,""0.15"":0.4551282051282051,""0.20"":0.46}",0.4551282051282051,"{""left"":229,""right"":242}","{""left"":99,""right"":123}",245,217,0.8857142857142857,0,169,10,0,0,0,0,0,28,0,125,109,45.0,82.94999999999999,0.0,114.5499999999999,73782,6973,100,0,False,F0,202608242,True,False,True,0.6963906581740976,0.0,0.0,0.0,UNACHIEVABLE,UNACHIEVABLE,UNACHIEVABLE
F0_seed_202608242,DIAGNOSTIC_OOF_PARETO,s0.85_p0.85_e0.25_n0.20_f0.60_k3_h0.00,0.85,0.85,0.25,0.2,0.6,3,0.0,333,471,428,377,315,304,168,165,0.9087048832271762,0.8004246284501062,0.6687898089171974,0.6454352441613588,0.35668789808917195,0.3503184713375796,165,0.3503184713375796,"{""0.10"":165,""0.15"":156,""0.20"":150}","{""0.10"":63,""0.15"":53,""0.20"":49}","{""0.10"":0.38181818181818183,""0.15"":0.33974358974358976,""0.20"":0.32666666666666666}",0.32666666666666666,"{""left"":229,""right"":242}","{""left"":80,""right"":85}",182,164,0.9010989010989011,0,111,6,0,0,0,0,0,18,0,125,96,36.0,74.79999999999998,0.0,126.59999999999997,73782,6973,100,0,False,F0,202608242,True,False,True,0.6963906581740976,0.0,0.0,0.0,UNACHIEVABLE,UNACHIEVABLE,UNACHIEVABLE
F0_seed_202608242,DIAGNOSTIC_OOF_PARETO,s0.85_p0.85_e0.25_n0.20_f0.60_k3_h0.05,0.85,0.85,0.25,0.2,0.6,3,0.05,333,471,428,377,315,304,168,165,0.9087048832271762,0.8004246284501062,0.6687898089171974,0.6454352441613588,0.35668789808917195,0.3503184713375796,165,0.3503184713375796,"{""0.10"":165,""0.15"":156,""0.20"":150}","{""0.10"":63,""0.15"":53,""0.20"":49}","{""0.10"":0.38181818181818183,""0.15"":0.33974358974358976,""0.20"":0.32666666666666666}",0.32666666666666666,"{""left"":229,""right"":242}","{""left"":80,""right"":85}",182,164,0.9010989010989011,0,111,6,0,0,0,0,0,18,0,125,96,36.0,74.79999999999998,0.0,126.59999999999997,73782,6973,100,0,False,F0,202608242,True,False,True,0.6963906581740976,0.0,0.0,0.0,UNACHIEVABLE,UNACHIEVABLE,UNACHIEVABLE
F0_seed_202608242,DIAGNOSTIC_OOF_PARETO,s0.65_p0.55_e0.15_n0.10_f0.60_k1_h0.00,0.65,0.55,0.15,0.1,0.6,1,0.0,333,471,428,433,375,368,361,328,0.9087048832271762,0.9193205944798302,0.7961783439490446,0.7813163481953291,0.7664543524416136,0.6963906581740976,328,0.6963906581740976,"{""0.10"":165,""0.15"":156,""0.20"":150}","{""0.10"":116,""0.15"":110,""0.20"":102}","{""0.10"":0.703030303030303,""0.15"":0.7051282051282052,""0.20"":0.68}",0.68,"{""left"":229,""right"":242}","{""left"":157,""right"":171}",358,314,0.8770949720670391,0,372,47,0,0,0,0,0,44,0,125,116,55.0,91.64999999999998,0.0,27.949999999999932,73782,6973,100,0,False,F0,202608242,True,False,True,0.6963906581740976,0.0,0.0,0.0,UNACHIEVABLE,UNACHIEVABLE,UNACHIEVABLE
F0_seed_202608242,DIAGNOSTIC_OOF_PARETO,s0.65_p0.55_e0.15_n0.10_f0.60_k1_h0.05,0.65,0.55,0.15,0.1,0.6,1,0.05,333,471,428,433,375,368,361,328,0.9087048832271762,0.9193205944798302,0.7961783439490446,0.7813163481953291,0.7664543524416136,0.6963906581740976,328,0.6963906581740976,"{""0.10"":165,""0.15"":156,""0.20"":150}","{""0.10"":116,""0.15"":110,""0.20"":102}","{""0.10"":0.703030303030303,""0.15"":0.7051282051282052,""0.20"":0.68}",0.68,"{""left"":229,""right"":242}","{""left"":157,""right"":171}",358,314,0.8770949720670391,0,372,47,0,0,0,0,0,44,0,125,116,55.0,91.64999999999998,0.0,27.949999999999932,73782,6973,100,0,False,F0,202608242,True,False,True,0.6963906581740976,0.0,0.0,0.0,UNACHIEVABLE,UNACHIEVABLE,UNACHIEVABLE
F0_seed_202608242,DIAGNOSTIC_OOF_PARETO,s0.65_p0.55_e0.15_n0.10_f0.60_k2_h0.00,0.65,0.55,0.15,0.1,0.6,2,0.0,333,471,428,433,375,368,308,291,0.9087048832271762,0.9193205944798302,0.7961783439490446,0.7813163481953291,0.6539278131634819,0.6178343949044586,291,0.6178343949044586,"{""0.10"":165,""0.15"":156,""0.20"":150}","{""0.10"":104,""0.15"":100,""0.20"":87}","{""0.10"":0.6303030303030303,""0.15"":0.6410256410256411,""0.20"":0.58}",0.58,"{""left"":229,""right"":242}","{""left"":138,""right"":153}",315,284,0.9015873015873016,0,237,27,0,0,0,0,0,31,0,125,117,46.0,83.5,0.0,55.0,73782,6973,100,0,False,F0,202608242,True,False,True,0.6963906581740976,0.0,0.0,0.0,UNACHIEVABLE,UNACHIEVABLE,UNACHIEVABLE
F0_seed_202608242,DIAGNOSTIC_OOF_PARETO,s0.65_p0.55_e0.15_n0.10_f0.60_k2_h0.05,0.65,0.55,0.15,0.1,0.6,2,0.05,333,471,428,433,375,368,308,291,0.9087048832271762,0.9193205944798302,0.7961783439490446,0.7813163481953291,0.6539278131634819,0.6178343949044586,291,0.6178343949044586,"{""0.10"":165,""0.15"":156,""0.20"":150}","{""0.10"":104,""0.15"":100,""0.20"":87}","{""0.10"":0.6303030303030303,""0.15"":0.6410256410256411,""0.20"":0.58}",0.58,"{""left"":229,""right"":242}","{""left"":138,""right"":153}",315,284,0.9015873015873016,0,237,27,0,0,0,0,0,31,0,125,117,46.0,83.5,0.0,55.0,73782,6973,100,0,False,F0,202608242,True,False,True,0.6963906581740976,0.0,0.0,0.0,UNACHIEVABLE,UNACHIEVABLE,UNACHIEVABLE
F0_seed_202608242,DIAGNOSTIC_OOF_PARETO,s0.65_p0.55_e0.15_n0.10_f0.60_k3_h0.00,0.65,0.55,0.15,0.1,0.6,3,0.0,333,471,428,433,375,368,243,236,0.9087048832271762,0.9193205944798302,0.7961783439490446,0.7813163481953291,0.5159235668789809,0.5010615711252654,236,0.5010615711252654,"{""0.10"":165,""0.15"":156,""0.20"":150}","{""0.10"":86,""0.15"":77,""0.20"":73}","{""0.10"":0.5212121212121212,""0.15"":0.4935897435897436,""0.20"":0.4866666666666667}",0.4866666666666667,"{""left"":229,""right"":242}","{""left"":116,""right"":120}",257,232,0.9027237354085603,0,161,16,0,0,0,0,0,25,0,125,112,36.0,79.0,0.0,97.25,73782,6973,100,0,False,F0,202608242,True,False,True,0.6963906581740976,0.0,0.0,0.0,UNACHIEVABLE,UNACHIEVABLE,UNACHIEVABLE
F0_seed_202608242,DIAGNOSTIC_OOF_PARETO,s0.65_p0.55_e0.15_n0.10_f0.60_k3_h0.05,0.65,0.55,0.15,0.1,0.6,3,0.05,333,471,428,433,375,368,243,236,0.9087048832271762,0.9193205944798302,0.7961783439490446,0.7813163481953291,0.5159235668789809,0.5010615711252654,236,0.5010615711252654,"{""0.10"":165,""0.15"":156,""0.20"":150}","{""0.10"":86,""0.15"":77,""0.20"":73}","{""0.10"":0.5212121212121212,""0.15"":0.4935897435897436,""0.20"":0.4866666666666667}",0.4866666666666667,"{""left"":229,""right"":242}","{""left"":116,""right"":120}",257,232,0.9027237354085603,0,161,16,0,0,0,0,0,25,0,125,112,36.0,79.0,0.0,97.25,73782,6973,100,0,False,F0,202608242,True,False,True,0.6963906581740976,0.0,0.0,0.0,UNACHIEVABLE,UNACHIEVABLE,UNACHIEVABLE
F0_seed_202608242,DIAGNOSTIC_OOF_PARETO,s0.65_p0.55_e0.25_n0.20_f0.60_k1_h0.00,0.65,0.55,0.25,0.2,0.6,1,0.0,333,471,428,433,375,368,361,328,0.9087048832271762,0.9193205944798302,0.7961783439490446,0.7813163481953291,0.7664543524416136,0.6963906581740976,328,0.6963906581740976,"{""0.10"":165,""0.15"":156,""0.20"":150}","{""0.10"":116,""0.15"":110,""0.20"":102}","{""0.10"":0.703030303030303,""0.15"":0.7051282051282052,""0.20"":0.68}",0.68,"{""left"":229,""right"":242}","{""left"":157,""right"":171}",358,314,0.8770949720670391,0,372,47,0,0,0,0,0,44,0,125,116,55.0,91.64999999999998,0.0,27.949999999999932,73782,6973,100,0,False,F0,202608242,True,False,True,0.6963906581740976,0.0,0.0,0.0,UNACHIEVABLE,UNACHIEVABLE,UNACHIEVABLE
F0_seed_202608242,DIAGNOSTIC_OOF_PARETO,s0.65_p0.55_e0.25_n0.20_f0.60_k1_h0.05,0.65,0.55,0.25,0.2,0.6,1,0.05,333,471,428,433,375,368,361,328,0.9087048832271762,0.9193205944798302,0.7961783439490446,0.7813163481953291,0.7664543524416136,0.6963906581740976,328,0.6963906581740976,"{""0.10"":165,""0.15"":156,""0.20"":150}","{""0.10"":116,""0.15"":110,""0.20"":102}","{""0.10"":0.703030303030303,""0.15"":0.7051282051282052,""0.20"":0.68}",0.68,"{""left"":229,""right"":242}","{""left"":157,""right"":171}",358,314,0.8770949720670391,0,372,47,0,0,0,0,0,44,0,125,116,55.0,91.64999999999998,0.0,27.949999999999932,73782,6973,100,0,False,F0,202608242,True,False,True,0.6963906581740976,0.0,0.0,0.0,UNACHIEVABLE,UNACHIEVABLE,UNACHIEVABLE
F0_seed_202608242,DIAGNOSTIC_OOF_PARETO,s0.65_p0.55_e0.25_n0.20_f0.60_k2_h0.00,0.65,0.55,0.25,0.2,0.6,2,0.0,333,471,428,433,375,368,308,291,0.9087048832271762,0.9193205944798302,0.7961783439490446,0.7813163481953291,0.6539278131634819,0.6178343949044586,291,0.6178343949044586,"{""0.10"":165,""0.15"":156,""0.20"":150}","{""0.10"":104,""0.15"":100,""0.20"":87}","{""0.10"":0.6303030303030303,""0.15"":0.6410256410256411,""0.20"":0.58}",0.58,"{""left"":229,""right"":242}","{""left"":138,""right"":153}",315,284,0.9015873015873016,0,237,27,0,0,0,0,0,31,0,125,117,46.0,83.5,0.0,55.0,73782,6973,100,0,False,F0,202608242,True,False,True,0.6963906581740976,0.0,0.0,0.0,UNACHIEVABLE,UNACHIEVABLE,UNACHIEVABLE
F0_seed_202608242,DIAGNOSTIC_OOF_PARETO,s0.65_p0.55_e0.25_n0.20_f0.60_k2_h0.05,0.65,0.55,0.25,0.2,0.6,2,0.05,333,471,428,433,375,368,308,291,0.9087048832271762,0.9193205944798302,0.7961783439490446,0.7813163481953291,0.6539278131634819,0.6178343949044586,291,0.6178343949044586,"{""0.10"":165,""0.15"":156,""0.20"":150}","{""0.10"":104,""0.15"":100,""0.20"":87}","{""0.10"":0.6303030303030303,""0.15"":0.6410256410256411,""0.20"":0.58}",0.58,"{""left"":229,""right"":242}","{""left"":138,""right"":153}",315,284,0.9015873015873016,0,237,27,0,0,0,0,0,31,0,125,117,46.0,83.5,0.0,55.0,73782,6973,100,0,False,F0,202608242,True,False,True,0.6963906581740976,0.0,0.0,0.0,UNACHIEVABLE,UNACHIEVABLE,UNACHIEVABLE
F0_seed_202608242,DIAGNOSTIC_OOF_PARETO,s0.65_p0.55_e0.25_n0.20_f0.60_k3_h0.00,0.65,0.55,0.25,0.2,0.6,3,0.0,333,471,428,433,375,368,243,236,0.9087048832271762,0.9193205944798302,0.7961783439490446,0.7813163481953291,0.5159235668789809,0.5010615711252654,236,0.5010615711252654,"{""0.10"":165,""0.15"":156,""0.20"":150}","{""0.10"":86,""0.15"":77,""0.20"":73}","{""0.10"":0.5212121212121212,""0.15"":0.4935897435897436,""0.20"":0.4866666666666667}",0.4866666666666667,"{""left"":229,""right"":242}","{""left"":116,""right"":120}",257,232,0.9027237354085603,0,161,16,0,0,0,0,0,25,0,125,112,36.0,79.0,0.0,97.25,73782,6973,100,0,False,F0,202608242,True,False,True,0.6963906581740976,0.0,0.0,0.0,UNACHIEVABLE,UNACHIEVABLE,UNACHIEVABLE
F0_seed_202608242,DIAGNOSTIC_OOF_PARETO,s0.65_p0.55_e0.25_n0.20_f0.60_k3_h0.05,0.65,0.55,0.25,0.2,0.6,3,0.05,333,471,428,433,375,368,243,236,0.9087048832271762,0.9193205944798302,0.7961783439490446,0.7813163481953291,0.5159235668789809,0.5010615711252654,236,0.5010615711252654,"{""0.10"":165,""0.15"":156,""0.20"":150}","{""0.10"":86,""0.15"":77,""0.20"":73}","{""0.10"":0.5212121212121212,""0.15"":0.4935897435897436,""0.20"":0.4866666666666667}",0.4866666666666667,"{""left"":229,""right"":242}","{""left"":116,""right"":120}",257,232,0.9027237354085603,0,161,16,0,0,0,0,0,25,0,125,112,36.0,79.0,0.0,97.25,73782,6973,100,0,False,F0,202608242,True,False,True,0.6963906581740976,0.0,0.0,0.0,UNACHIEVABLE,UNACHIEVABLE,UNACHIEVABLE
F0_seed_202608242,DIAGNOSTIC_OOF_PARETO,s0.55_p0.65_e0.15_n0.10_f0.60_k1_h0.00,0.55,0.65,0.15,0.1,0.6,1,0.0,333,471,428,426,371,362,356,328,0.9087048832271762,0.9044585987261147,0.7876857749469215,0.7685774946921444,0.7558386411889597,0.6963906581740976,328,0.6963906581740976,"{""0.10"":165,""0.15"":156,""0.20"":150}","{""0.10"":115,""0.15"":109,""0.20"":104}","{""0.10"":0.696969696969697,""0.15"":0.6987179487179487,""0.20"":0.6933333333333334}",0.6933333333333334,"{""left"":229,""right"":242}","{""left"":157,""right"":171}",358,312,0.8715083798882681,1,367,42,0,0,0,0,0,46,0,125,117,53.0,90.64999999999998,0.0,27.949999999999932,73782,6973,100,0,False,F0,202608242,True,False,True,0.6963906581740976,0.0,0.0,0.0,UNACHIEVABLE,UNACHIEVABLE,UNACHIEVABLE
F0_seed_202608242,DIAGNOSTIC_OOF_PARETO,s0.55_p0.65_e0.15_n0.10_f0.60_k1_h0.05,0.55,0.65,0.15,0.1,0.6,1,0.05,333,471,428,426,371,362,356,328,0.9087048832271762,0.9044585987261147,0.7876857749469215,0.7685774946921444,0.7558386411889597,0.6963906581740976,328,0.6963906581740976,"{""0.10"":165,""0.15"":156,""0.20"":150}","{""0.10"":115,""0.15"":109,""0.20"":104}","{""0.10"":0.696969696969697,""0.15"":0.6987179487179487,""0.20"":0.6933333333333334}",0.6933333333333334,"{""left"":229,""right"":242}","{""left"":157,""right"":171}",358,312,0.8715083798882681,1,367,42,0,0,0,0,0,46,0,125,117,53.0,90.64999999999998,0.0,27.949999999999932,73782,6973,100,0,False,F0,202608242,True,False,True,0.6963906581740976,0.0,0.0,0.0,UNACHIEVABLE,UNACHIEVABLE,UNACHIEVABLE
F0_seed_202608242,DIAGNOSTIC_OOF_PARETO,s0.55_p0.65_e0.15_n0.10_f0.60_k2_h0.00,0.55,0.65,0.15,0.1,0.6,2,0.0,333,471,428,426,371,362,302,288,0.9087048832271762,0.9044585987261147,0.7876857749469215,0.7685774946921444,0.6411889596602972,0.6114649681528662,288,0.6114649681528662,"{""0.10"":165,""0.15"":156,""0.20"":150}","{""0.10"":102,""0.15"":95,""0.20"":91}","{""0.10"":0.6181818181818182,""0.15"":0.6089743589743589,""0.20"":0.6066666666666667}",0.6066666666666667,"{""left"":229,""right"":242}","{""left"":136,""right"":152}",311,278,0.8938906752411575,0,229,24,0,0,0,0,0,33,0,125,117,45.0,83.0,0.0,62.94999999999948,73782,6973,100,0,False,F0,202608242,True,False,True,0.6963906581740976,0.0,0.0,0.0,UNACHIEVABLE,UNACHIEVABLE,UNACHIEVABLE
F0_seed_202608242,DIAGNOSTIC_OOF_PARETO,s0.55_p0.65_e0.15_n0.10_f0.60_k2_h0.05,0.55,0.65,0.15,0.1,0.6,2,0.05,333,471,428,426,371,362,302,288,0.9087048832271762,0.9044585987261147,0.7876857749469215,0.7685774946921444,0.6411889596602972,0.6114649681528662,288,0.6114649681528662,"{""0.10"":165,""0.15"":156,""0.20"":150}","{""0.10"":102,""0.15"":95,""0.20"":91}","{""0.10"":0.6181818181818182,""0.15"":0.6089743589743589,""0.20"":0.6066666666666667}",0.6066666666666667,"{""left"":229,""right"":242}","{""left"":136,""right"":152}",311,278,0.8938906752411575,0,229,24,0,0,0,0,0,33,0,125,117,45.0,83.0,0.0,62.94999999999948,73782,6973,100,0,False,F0,202608242,True,False,True,0.6963906581740976,0.0,0.0,0.0,UNACHIEVABLE,UNACHIEVABLE,UNACHIEVABLE
F0_seed_202608242,DIAGNOSTIC_OOF_PARETO,s0.55_p0.65_e0.15_n0.10_f0.60_k3_h0.00,0.55,0.65,0.15,0.1,0.6,3,0.0,333,471,428,426,371,362,235,229,0.9087048832271762,0.9044585987261147,0.7876857749469215,0.7685774946921444,0.4989384288747346,0.4861995753715499,229,0.4861995753715499,"{""0.10"":165,""0.15"":156,""0.20"":150}","{""0.10"":84,""0.15"":74,""0.20"":71}","{""0.10"":0.509090909090909,""0.15"":0.47435897435897434,""0.20"":0.47333333333333333}",0.47333333333333333,"{""left"":229,""right"":242}","{""left"":110,""right"":119}",247,224,0.9068825910931174,0,148,12,0,0,0,0,0,23,0,125,112,37.0,76.79999999999998,0.0,98.99999999999997,73782,6973,100,0,False,F0,202608242,True,False,True,0.6963906581740976,0.0,0.0,0.0,UNACHIEVABLE,UNACHIEVABLE,UNACHIEVABLE
F0_seed_202608242,DIAGNOSTIC_OOF_PARETO,s0.55_p0.65_e0.15_n0.10_f0.60_k3_h0.05,0.55,0.65,0.15,0.1,0.6,3,0.05,333,471,428,426,371,362,235,229,0.9087048832271762,0.9044585987261147,0.7876857749469215,0.7685774946921444,0.4989384288747346,0.4861995753715499,229,0.4861995753715499,"{""0.10"":165,""0.15"":156,""0.20"":150}","{""0.10"":84,""0.15"":74,""0.20"":71}","{""0.10"":0.509090909090909,""0.15"":0.47435897435897434,""0.20"":0.47333333333333333}",0.47333333333333333,"{""left"":229,""right"":242}","{""left"":110,""right"":119}",247,224,0.9068825910931174,0,148,12,0,0,0,0,0,23,0,125,112,37.0,76.79999999999998,0.0,98.99999999999997,73782,6973,100,0,False,F0,202608242,True,False,True,0.6963906581740976,0.0,0.0,0.0,UNACHIEVABLE,UNACHIEVABLE,UNACHIEVABLE
F0_seed_202608242,DIAGNOSTIC_OOF_PARETO,s0.55_p0.65_e0.25_n0.20_f0.60_k1_h0.00,0.55,0.65,0.25,0.2,0.6,1,0.0,333,471,428,426,371,362,356,328,0.9087048832271762,0.9044585987261147,0.7876857749469215,0.7685774946921444,0.7558386411889597,0.6963906581740976,328,0.6963906581740976,"{""0.10"":165,""0.15"":156,""0.20"":150}","{""0.10"":115,""0.15"":109,""0.20"":104}","{""0.10"":0.696969696969697,""0.15"":0.6987179487179487,""0.20"":0.6933333333333334}",0.6933333333333334,"{""left"":229,""right"":242}","{""left"":157,""right"":171}",358,312,0.8715083798882681,1,366,42,0,0,0,0,0,46,0,125,117,53.0,90.0,0.0,27.949999999999932,73782,6973,100,0,False,F0,202608242,True,False,True,0.6963906581740976,0.0,0.0,0.0,UNACHIEVABLE,UNACHIEVABLE,UNACHIEVABLE
F0_seed_202608242,DIAGNOSTIC_OOF_PARETO,s0.55_p0.65_e0.25_n0.20_f0.60_k1_h0.05,0.55,0.65,0.25,0.2,0.6,1,0.05,333,471,428,426,371,362,356,328,0.9087048832271762,0.9044585987261147,0.7876857749469215,0.7685774946921444,0.7558386411889597,0.6963906581740976,328,0.6963906581740976,"{""0.10"":165,""0.15"":156,""0.20"":150}","{""0.10"":115,""0.15"":109,""0.20"":104}","{""0.10"":0.696969696969697,""0.15"":0.6987179487179487,""0.20"":0.6933333333333334}",0.6933333333333334,"{""left"":229,""right"":242}","{""left"":157,""right"":171}",358,312,0.8715083798882681,1,366,42,0,0,0,0,0,46,0,125,117,53.0,90.0,0.0,27.949999999999932,73782,6973,100,0,False,F0,202608242,True,False,True,0.6963906581740976,0.0,0.0,0.0,UNACHIEVABLE,UNACHIEVABLE,UNACHIEVABLE
F0_seed_202608242,DIAGNOSTIC_OOF_PARETO,s0.55_p0.65_e0.25_n0.20_f0.60_k2_h0.00,0.55,0.65,0.25,0.2,0.6,2,0.0,333,471,428,426,371,362,300,286,0.9087048832271762,0.9044585987261147,0.7876857749469215,0.7685774946921444,0.6369426751592356,0.6072186836518046,286,0.6072186836518046,"{""0.10"":165,""0.15"":156,""0.20"":150}","{""0.10"":102,""0.15"":95,""0.20"":89}","{""0.10"":0.6181818181818182,""0.15"":0.6089743589743589,""0.20"":0.5933333333333334}",0.5933333333333334,"{""left"":229,""right"":242}","{""left"":135,""right"":151}",309,276,0.8932038834951457,0,227,24,0,0,0,0,0,33,0,125,117,45.0,83.0,0.0,65.25,73782,6973,100,0,False,F0,202608242,True,False,True,0.6963906581740976,0.0,0.0,0.0,UNACHIEVABLE,UNACHIEVABLE,UNACHIEVABLE
F0_seed_202608242,DIAGNOSTIC_OOF_PARETO,s0.55_p0.65_e0.25_n0.20_f0.60_k2_h0.05,0.55,0.65,0.25,0.2,0.6,2,0.05,333,471,428,426,371,362,300,286,0.9087048832271762,0.9044585987261147,0.7876857749469215,0.7685774946921444,0.6369426751592356,0.6072186836518046,286,0.6072186836518046,"{""0.10"":165,""0.15"":156,""0.20"":150}","{""0.10"":102,""0.15"":95,""0.20"":89}","{""0.10"":0.6181818181818182,""0.15"":0.6089743589743589,""0.20"":0.5933333333333334}",0.5933333333333334,"{""left"":229,""right"":242}","{""left"":135,""right"":151}",309,276,0.8932038834951457,0,227,24,0,0,0,0,0,33,0,125,117,45.0,83.0,0.0,65.25,73782,6973,100,0,False,F0,202608242,True,False,True,0.6963906581740976,0.0,0.0,0.0,UNACHIEVABLE,UNACHIEVABLE,UNACHIEVABLE
F0_seed_202608242,DIAGNOSTIC_OOF_PARETO,s0.55_p0.65_e0.25_n0.20_f0.60_k3_h0.00,0.55,0.65,0.25,0.2,0.6,3,0.0,333,471,428,426,371,362,233,227,0.9087048832271762,0.9044585987261147,0.7876857749469215,0.7685774946921444,0.49469214437367304,0.4819532908704883,227,0.4819532908704883,"{""0.10"":165,""0.15"":156,""0.20"":150}","{""0.10"":84,""0.15"":74,""0.20"":69}","{""0.10"":0.509090909090909,""0.15"":0.47435897435897434,""0.20"":0.46}",0.46,"{""left"":229,""right"":242}","{""left"":109,""right"":118}",245,222,0.9061224489795918,0,147,12,0,0,0,0,0,23,0,125,112,37.0,77.09999999999997,0.0,99.49999999999994,73782,6973,100,0,False,F0,202608242,True,False,True,0.6963906581740976,0.0,0.0,0.0,UNACHIEVABLE,UNACHIEVABLE,UNACHIEVABLE
F0_seed_202608242,DIAGNOSTIC_OOF_PARETO,s0.55_p0.65_e0.25_n0.20_f0.60_k3_h0.05,0.55,0.65,0.25,0.2,0.6,3,0.05,333,471,428,426,371,362,233,227,0.9087048832271762,0.9044585987261147,0.7876857749469215,0.7685774946921444,0.49469214437367304,0.4819532908704883,227,0.4819532908704883,"{""0.10"":165,""0.15"":156,""0.20"":150}","{""0.10"":84,""0.15"":74,""0.20"":69}","{""0.10"":0.509090909090909,""0.15"":0.47435897435897434,""0.20"":0.46}",0.46,"{""left"":229,""right"":242}","{""left"":109,""right"":118}",245,222,0.9061224489795918,0,147,12,0,0,0,0,0,23,0,125,112,37.0,77.09999999999997,0.0,99.49999999999994,73782,6973,100,0,False,F0,202608242,True,False,True,0.6963906581740976,0.0,0.0,0.0,UNACHIEVABLE,UNACHIEVABLE,UNACHIEVABLE
F0_seed_202608243,DIAGNOSTIC_OOF_PARETO,s0.45_p0.45_e0.15_n0.10_f0.60_k1_h0.00,0.45,0.45,0.15,0.1,0.6,1,0.0,333,471,428,437,398,387,375,331,0.9087048832271762,0.9278131634819533,0.8450106157112527,0.821656050955414,0.7961783439490446,0.70276008492569,331,0.70276008492569,"{""0.10"":165,""0.15"":156,""0.20"":150}","{""0.10"":115,""0.15"":113,""0.20"":103}","{""0.10"":0.696969696969697,""0.15"":0.7243589743589743,""0.20"":0.6866666666666666}",0.6866666666666666,"{""left"":229,""right"":242}","{""left"":154,""right"":177}",355,308,0.8676056338028169,21,425,58,0,0,0,0,0,47,0,125,112,54.0,92.0,0.0,35.0,73782,6973,100,0,False,F0,202608243,True,False,True,0.5626326963906582,0.0,0.0,0.0,UNACHIEVABLE,UNACHIEVABLE,UNACHIEVABLE
F0_seed_202608243,DIAGNOSTIC_OOF_PARETO,s0.45_p0.45_e0.15_n0.10_f0.60_k1_h0.05,0.45,0.45,0.15,0.1,0.6,1,0.05,333,471,428,437,398,387,375,331,0.9087048832271762,0.9278131634819533,0.8450106157112527,0.821656050955414,0.7961783439490446,0.70276008492569,331,0.70276008492569,"{""0.10"":165,""0.15"":156,""0.20"":150}","{""0.10"":115,""0.15"":113,""0.20"":103}","{""0.10"":0.696969696969697,""0.15"":0.7243589743589743,""0.20"":0.6866666666666666}",0.6866666666666666,"{""left"":229,""right"":242}","{""left"":154,""right"":177}",355,308,0.8676056338028169,21,425,58,0,0,0,0,0,47,0,125,112,54.0,92.0,0.0,35.0,73782,6973,100,0,False,F0,202608243,True,False,True,0.5626326963906582,0.0,0.0,0.0,UNACHIEVABLE,UNACHIEVABLE,UNACHIEVABLE
F0_seed_202608243,DIAGNOSTIC_OOF_PARETO,s0.45_p0.45_e0.15_n0.10_f0.60_k2_h0.00,0.45,0.45,0.15,0.1,0.6,2,0.0,333,471,428,437,398,387,326,307,0.9087048832271762,0.9278131634819533,0.8450106157112527,0.821656050955414,0.692144373673036,0.6518046709129511,307,0.6518046709129511,"{""0.10"":165,""0.15"":156,""0.20"":150}","{""0.10"":109,""0.15"":102,""0.20"":96}","{""0.10"":0.6606060606060606,""0.15"":0.6538461538461539,""0.20"":0.64}",0.64,"{""left"":229,""right"":242}","{""left"":146,""right"":161}",326,298,0.9141104294478528,9,270,31,0,0,0,0,0,28,0,125,116,46.0,87.09999999999997,0.0,69.59999999999991,73782,6973,100,0,False,F0,202608243,True,False,True,0.5626326963906582,0.0,0.0,0.0,UNACHIEVABLE,UNACHIEVABLE,UNACHIEVABLE
F0_seed_202608243,DIAGNOSTIC_OOF_PARETO,s0.45_p0.45_e0.15_n0.10_f0.60_k2_h0.05,0.45,0.45,0.15,0.1,0.6,2,0.05,333,471,428,437,398,387,326,307,0.9087048832271762,0.9278131634819533,0.8450106157112527,0.821656050955414,0.692144373673036,0.6518046709129511,307,0.6518046709129511,"{""0.10"":165,""0.15"":156,""0.20"":150}","{""0.10"":109,""0.15"":102,""0.20"":96}","{""0.10"":0.6606060606060606,""0.15"":0.6538461538461539,""0.20"":0.64}",0.64,"{""left"":229,""right"":242}","{""left"":146,""right"":161}",326,298,0.9141104294478528,9,270,31,0,0,0,0,0,28,0,125,116,46.0,87.09999999999997,0.0,69.59999999999991,73782,6973,100,0,False,F0,202608243,True,False,True,0.5626326963906582,0.0,0.0,0.0,UNACHIEVABLE,UNACHIEVABLE,UNACHIEVABLE
F0_seed_202608243,DIAGNOSTIC_OOF_PARETO,s0.45_p0.45_e0.15_n0.10_f0.60_k3_h0.00,0.45,0.45,0.15,0.1,0.6,3,0.0,333,471,428,437,398,387,272,265,0.9087048832271762,0.9278131634819533,0.8450106157112527,0.821656050955414,0.5774946921443737,0.5626326963906582,265,0.5626326963906582,"{""0.10"":165,""0.15"":156,""0.20"":150}","{""0.10"":99,""0.15"":84,""0.20"":82}","{""0.10"":0.6,""0.15"":0.5384615384615384,""0.20"":0.5466666666666666}",0.5384615384615384,"{""left"":229,""right"":242}","{""left"":125,""right"":140}",286,262,0.916083916083916,0,179,15,0,0,0,0,0,24,0,125,116,37.0,81.39999999999995,0.0,76.59999999999988,73782,6973,100,0,False,F0,202608243,True,False,True,0.5626326963906582,0.0,0.0,0.0,UNACHIEVABLE,UNACHIEVABLE,UNACHIEVABLE
F0_seed_202608243,DIAGNOSTIC_OOF_PARETO,s0.45_p0.45_e0.15_n0.10_f0.60_k3_h0.05,0.45,0.45,0.15,0.1,0.6,3,0.05,333,471,428,437,398,387,272,265,0.9087048832271762,0.9278131634819533,0.8450106157112527,0.821656050955414,0.5774946921443737,0.5626326963906582,265,0.5626326963906582,"{""0.10"":165,""0.15"":156,""0.20"":150}","{""0.10"":99,""0.15"":84,""0.20"":82}","{""0.10"":0.6,""0.15"":0.5384615384615384,""0.20"":0.5466666666666666}",0.5384615384615384,"{""left"":229,""right"":242}","{""left"":125,""right"":140}",286,262,0.916083916083916,0,179,15,0,0,0,0,0,24,0,125,116,37.0,81.39999999999995,0.0,76.59999999999988,73782,6973,100,0,False,F0,202608243,True,False,True,0.5626326963906582,0.0,0.0,0.0,UNACHIEVABLE,UNACHIEVABLE,UNACHIEVABLE
F0_seed_202608243,DIAGNOSTIC_OOF_PARETO,s0.45_p0.45_e0.25_n0.20_f0.60_k1_h0.00,0.45,0.45,0.25,0.2,0.6,1,0.0,333,471,428,437,397,385,373,330,0.9087048832271762,0.9278131634819533,0.8428874734607219,0.8174097664543525,0.7919320594479831,0.7006369426751592,330,0.7006369426751592,"{""0.10"":165,""0.15"":156,""0.20"":150}","{""0.10"":115,""0.15"":112,""0.20"":103}","{""0.10"":0.696969696969697,""0.15"":0.717948717948718,""0.20"":0.6866666666666666}",0.6866666666666666,"{""left"":229,""right"":242}","{""left"":153,""right"":177}",353,307,0.8696883852691218,19,421,57,0,0,0,0,0,46,0,125,111,54.5,92.0,0.0,35.30000000000007,73782,6973,100,0,False,F0,202608243,True,False,True,0.5626326963906582,0.0,0.0,0.0,UNACHIEVABLE,UNACHIEVABLE,UNACHIEVABLE
F0_seed_202608243,DIAGNOSTIC_OOF_PARETO,s0.45_p0.45_e0.25_n0.20_f0.60_k1_h0.05,0.45,0.45,0.25,0.2,0.6,1,0.05,333,471,428,437,397,385,373,330,0.9087048832271762,0.9278131634819533,0.8428874734607219,0.8174097664543525,0.7919320594479831,0.7006369426751592,330,0.7006369426751592,"{""0.10"":165,""0.15"":156,""0.20"":150}","{""0.10"":115,""0.15"":112,""0.20"":103}","{""0.10"":0.696969696969697,""0.15"":0.717948717948718,""0.20"":0.6866666666666666}",0.6866666666666666,"{""left"":229,""right"":242}","{""left"":153,""right"":177}",353,307,0.8696883852691218,19,421,57,0,0,0,0,0,46,0,125,111,54.5,92.0,0.0,35.30000000000007,73782,6973,100,0,False,F0,202608243,True,False,True,0.5626326963906582,0.0,0.0,0.0,UNACHIEVABLE,UNACHIEVABLE,UNACHIEVABLE
F0_seed_202608243,DIAGNOSTIC_OOF_PARETO,s0.45_p0.45_e0.25_n0.20_f0.60_k2_h0.00,0.45,0.45,0.25,0.2,0.6,2,0.0,333,471,428,437,397,385,325,306,0.9087048832271762,0.9278131634819533,0.8428874734607219,0.8174097664543525,0.6900212314225053,0.6496815286624203,306,0.6496815286624203,"{""0.10"":165,""0.15"":156,""0.20"":150}","{""0.10"":109,""0.15"":102,""0.20"":95}","{""0.10"":0.6606060606060606,""0.15"":0.6538461538461539,""0.20"":0.6333333333333333}",0.6333333333333333,"{""left"":229,""right"":242}","{""left"":145,""right"":161}",325,297,0.9138461538461539,9,268,31,0,0,0,0,0,28,0,125,116,45.5,85.0,0.0,70.0,73782,6973,100,0,False,F0,202608243,True,False,True,0.5626326963906582,0.0,0.0,0.0,UNACHIEVABLE,UNACHIEVABLE,UNACHIEVABLE
F0_seed_202608243,DIAGNOSTIC_OOF_PARETO,s0.45_p0.45_e0.25_n0.20_f0.60_k2_h0.05,0.45,0.45,0.25,0.2,0.6,2,0.05,333,471,428,437,397,385,325,306,0.9087048832271762,0.9278131634819533,0.8428874734607219,0.8174097664543525,0.6900212314225053,0.6496815286624203,306,0.6496815286624203,"{""0.10"":165,""0.15"":156,""0.20"":150}","{""0.10"":109,""0.15"":102,""0.20"":95}","{""0.10"":0.6606060606060606,""0.15"":0.6538461538461539,""0.20"":0.6333333333333333}",0.6333333333333333,"{""left"":229,""right"":242}","{""left"":145,""right"":161}",325,297,0.9138461538461539,9,268,31,0,0,0,0,0,28,0,125,116,45.5,85.0,0.0,70.0,73782,6973,100,0,False,F0,202608243,True,False,True,0.5626326963906582,0.0,0.0,0.0,UNACHIEVABLE,UNACHIEVABLE,UNACHIEVABLE
F0_seed_202608243,DIAGNOSTIC_OOF_PARETO,s0.45_p0.45_e0.25_n0.20_f0.60_k3_h0.00,0.45,0.45,0.25,0.2,0.6,3,0.0,333,471,428,437,397,385,270,263,0.9087048832271762,0.9278131634819533,0.8428874734607219,0.8174097664543525,0.5732484076433121,0.5583864118895966,263,0.5583864118895966,"{""0.10"":165,""0.15"":156,""0.20"":150}","{""0.10"":99,""0.15"":84,""0.20"":80}","{""0.10"":0.6,""0.15"":0.5384615384615384,""0.20"":0.5333333333333333}",0.5333333333333333,"{""left"":229,""right"":242}","{""left"":124,""right"":139}",284,260,0.9154929577464789,0,177,15,0,0,0,0,0,24,0,125,115,36.0,81.69999999999993,0.0,77.29999999999984,73782,6973,100,0,False,F0,202608243,True,False,True,0.5626326963906582,0.0,0.0,0.0,UNACHIEVABLE,UNACHIEVABLE,UNACHIEVABLE
F0_seed_202608243,DIAGNOSTIC_OOF_PARETO,s0.45_p0.45_e0.25_n0.20_f0.60_k3_h0.05,0.45,0.45,0.25,0.2,0.6,3,0.05,333,471,428,437,397,385,270,263,0.9087048832271762,0.9278131634819533,0.8428874734607219,0.8174097664543525,0.5732484076433121,0.5583864118895966,263,0.5583864118895966,"{""0.10"":165,""0.15"":156,""0.20"":150}","{""0.10"":99,""0.15"":84,""0.20"":80}","{""0.10"":0.6,""0.15"":0.5384615384615384,""0.20"":0.5333333333333333}",0.5333333333333333,"{""left"":229,""right"":242}","{""left"":124,""right"":139}",284,260,0.9154929577464789,0,177,15,0,0,0,0,0,24,0,125,115,36.0,81.69999999999993,0.0,77.29999999999984,73782,6973,100,0,False,F0,202608243,True,False,True,0.5626326963906582,0.0,0.0,0.0,UNACHIEVABLE,UNACHIEVABLE,UNACHIEVABLE
F0_seed_202608243,DIAGNOSTIC_OOF_PARETO,s0.55_p0.55_e0.15_n0.10_f0.60_k1_h0.00,0.55,0.55,0.15,0.1,0.6,1,0.0,333,471,428,433,394,381,371,336,0.9087048832271762,0.9193205944798302,0.8365180467091295,0.8089171974522293,0.7876857749469215,0.7133757961783439,336,0.7133757961783439,"{""0.10"":165,""0.15"":156,""0.20"":150}","{""0.10"":117,""0.15"":116,""0.20"":103}","{""0.10"":0.7090909090909091,""0.15"":0.7435897435897436,""0.20"":0.6866666666666666}",0.6866666666666666,"{""left"":229,""right"":242}","{""left"":158,""right"":178}",357,312,0.8739495798319328,19,402,48,0,0,0,0,0,45,0,125,114,54.0,91.25,0.0,33.5,73782,6973,100,0,False,F0,202608243,True,False,True,0.5626326963906582,0.0,0.0,0.0,UNACHIEVABLE,UNACHIEVABLE,UNACHIEVABLE
F0_seed_202608243,DIAGNOSTIC_OOF_PARETO,s0.55_p0.55_e0.15_n0.10_f0.60_k1_h0.05,0.55,0.55,0.15,0.1,0.6,1,0.05,333,471,428,433,394,381,371,336,0.9087048832271762,0.9193205944798302,0.8365180467091295,0.8089171974522293,0.7876857749469215,0.7133757961783439,336,0.7133757961783439,"{""0.10"":165,""0.15"":156,""0.20"":150}","{""0.10"":117,""0.15"":116,""0.20"":103}","{""0.10"":0.7090909090909091,""0.15"":0.7435897435897436,""0.20"":0.6866666666666666}",0.6866666666666666,"{""left"":229,""right"":242}","{""left"":158,""right"":178}",357,312,0.8739495798319328,19,402,48,0,0,0,0,0,45,0,125,114,54.0,91.25,0.0,33.5,73782,6973,100,0,False,F0,202608243,True,False,True,0.5626326963906582,0.0,0.0,0.0,UNACHIEVABLE,UNACHIEVABLE,UNACHIEVABLE
F0_seed_202608243,DIAGNOSTIC_OOF_PARETO,s0.55_p0.55_e0.15_n0.10_f0.60_k2_h0.00,0.55,0.55,0.15,0.1,0.6,2,0.0,333,471,428,433,394,381,314,298,0.9087048832271762,0.9193205944798302,0.8365180467091295,0.8089171974522293,0.6666666666666666,0.6326963906581741,298,0.6326963906581741,"{""0.10"":165,""0.15"":156,""0.20"":150}","{""0.10"":104,""0.15"":100,""0.20"":94}","{""0.10"":0.6303030303030303,""0.15"":0.6410256410256411,""0.20"":0.6266666666666667}",0.6266666666666667,"{""left"":229,""right"":242}","{""left"":143,""right"":155}",316,289,0.9145569620253164,9,247,26,0,0,0,0,0,27,0,125,116,45.5,83.0,0.0,58.04999999999984,73782,6973,100,0,False,F0,202608243,True,False,True,0.5626326963906582,0.0,0.0,0.0,UNACHIEVABLE,UNACHIEVABLE,UNACHIEVABLE
F0_seed_202608243,DIAGNOSTIC_OOF_PARETO,s0.55_p0.55_e0.15_n0.10_f0.60_k2_h0.05,0.55,0.55,0.15,0.1,0.6,2,0.05,333,471,428,433,394,381,314,298,0.9087048832271762,0.9193205944798302,0.8365180467091295,0.8089171974522293,0.6666666666666666,0.6326963906581741,298,0.6326963906581741,"{""0.10"":165,""0.15"":156,""0.20"":150}","{""0.10"":104,""0.15"":100,""0.20"":94}","{""0.10"":0.6303030303030303,""0.15"":0.6410256410256411,""0.20"":0.6266666666666667}",0.6266666666666667,"{""left"":229,""right"":242}","{""left"":143,""right"":155}",316,289,0.9145569620253164,9,247,26,0,0,0,0,0,27,0,125,116,45.5,83.0,0.0,58.04999999999984,73782,6973,100,0,False,F0,202608243,True,False,True,0.5626326963906582,0.0,0.0,0.0,UNACHIEVABLE,UNACHIEVABLE,UNACHIEVABLE
F0_seed_202608243,DIAGNOSTIC_OOF_PARETO,s0.55_p0.55_e0.15_n0.10_f0.60_k3_h0.00,0.55,0.55,0.15,0.1,0.6,3,0.0,333,471,428,433,394,381,254,248,0.9087048832271762,0.9193205944798302,0.8365180467091295,0.8089171974522293,0.5392781316348195,0.5265392781316348,248,0.5265392781316348,"{""0.10"":165,""0.15"":156,""0.20"":150}","{""0.10"":91,""0.15"":77,""0.20"":80}","{""0.10"":0.5515151515151515,""0.15"":0.4935897435897436,""0.20"":0.5333333333333333}",0.4935897435897436,"{""left"":229,""right"":242}","{""left"":116,""right"":132}",270,246,0.9111111111111111,0,166,12,0,0,0,0,0,24,0,125,114,36.5,74.64999999999998,0.0,85.2999999999995,73782,6973,100,0,False,F0,202608243,True,False,True,0.5626326963906582,0.0,0.0,0.0,UNACHIEVABLE,UNACHIEVABLE,UNACHIEVABLE
F0_seed_202608243,DIAGNOSTIC_OOF_PARETO,s0.55_p0.55_e0.15_n0.10_f0.60_k3_h0.05,0.55,0.55,0.15,0.1,0.6,3,0.05,333,471,428,433,394,381,254,248,0.9087048832271762,0.9193205944798302,0.8365180467091295,0.8089171974522293,0.5392781316348195,0.5265392781316348,248,0.5265392781316348,"{""0.10"":165,""0.15"":156,""0.20"":150}","{""0.10"":91,""0.15"":77,""0.20"":80}","{""0.10"":0.5515151515151515,""0.15"":0.4935897435897436,""0.20"":0.5333333333333333}",0.4935897435897436,"{""left"":229,""right"":242}","{""left"":116,""right"":132}",270,246,0.9111111111111111,0,166,12,0,0,0,0,0,24,0,125,114,36.5,74.64999999999998,0.0,85.2999999999995,73782,6973,100,0,False,F0,202608243,True,False,True,0.5626326963906582,0.0,0.0,0.0,UNACHIEVABLE,UNACHIEVABLE,UNACHIEVABLE
F0_seed_202608243,DIAGNOSTIC_OOF_PARETO,s0.55_p0.55_e0.25_n0.20_f0.60_k1_h0.00,0.55,0.55,0.25,0.2,0.6,1,0.0,333,471,428,433,393,380,370,336,0.9087048832271762,0.9193205944798302,0.8343949044585988,0.8067940552016986,0.7855626326963907,0.7133757961783439,336,0.7133757961783439,"{""0.10"":165,""0.15"":156,""0.20"":150}","{""0.10"":118,""0.15"":115,""0.20"":103}","{""0.10"":0.7151515151515152,""0.15"":0.7371794871794872,""0.20"":0.6866666666666666}",0.6866666666666666,"{""left"":229,""right"":242}","{""left"":158,""right"":178}",356,312,0.8764044943820225,19,400,47,0,0,0,0,0,44,0,125,113,54.0,91.25,0.0,33.5,73782,6973,100,0,False,F0,202608243,True,False,True,0.5626326963906582,0.0,0.0,0.0,UNACHIEVABLE,UNACHIEVABLE,UNACHIEVABLE
F0_seed_202608243,DIAGNOSTIC_OOF_PARETO,s0.55_p0.55_e0.25_n0.20_f0.60_k1_h0.05,0.55,0.55,0.25,0.2,0.6,1,0.05,333,471,428,433,393,380,370,336,0.9087048832271762,0.9193205944798302,0.8343949044585988,0.8067940552016986,0.7855626326963907,0.7133757961783439,336,0.7133757961783439,"{""0.10"":165,""0.15"":156,""0.20"":150}","{""0.10"":118,""0.15"":115,""0.20"":103}","{""0.10"":0.7151515151515152,""0.15"":0.7371794871794872,""0.20"":0.6866666666666666}",0.6866666666666666,"{""left"":229,""right"":242}","{""left"":158,""right"":178}",356,312,0.8764044943820225,19,400,47,0,0,0,0,0,44,0,125,113,54.0,91.25,0.0,33.5,73782,6973,100,0,False,F0,202608243,True,False,True,0.5626326963906582,0.0,0.0,0.0,UNACHIEVABLE,UNACHIEVABLE,UNACHIEVABLE
F0_seed_202608243,DIAGNOSTIC_OOF_PARETO,s0.55_p0.55_e0.25_n0.20_f0.60_k2_h0.00,0.55,0.55,0.25,0.2,0.6,2,0.0,333,471,428,433,393,380,312,296,0.9087048832271762,0.9193205944798302,0.8343949044585988,0.8067940552016986,0.6624203821656051,0.6284501061571125,296,0.6284501061571125,"{""0.10"":165,""0.15"":156,""0.20"":150}","{""0.10"":104,""0.15"":100,""0.20"":92}","{""0.10"":0.6303030303030303,""0.15"":0.6410256410256411,""0.20"":0.6133333333333333}",0.6133333333333333,"{""left"":229,""right"":242}","{""left"":142,""right"":154}",314,287,0.9140127388535032,9,245,26,0,0,0,0,0,27,0,125,116,45.0,83.0,0.0,58.75,73782,6973,100,0,False,F0,202608243,True,False,True,0.5626326963906582,0.0,0.0,0.0,UNACHIEVABLE,UNACHIEVABLE,UNACHIEVABLE
F0_seed_202608243,DIAGNOSTIC_OOF_PARETO,s0.55_p0.55_e0.25_n0.20_f0.60_k2_h0.05,0.55,0.55,0.25,0.2,0.6,2,0.05,333,471,428,433,393,380,312,296,0.9087048832271762,0.9193205944798302,0.8343949044585988,0.8067940552016986,0.6624203821656051,0.6284501061571125,296,0.6284501061571125,"{""0.10"":165,""0.15"":156,""0.20"":150}","{""0.10"":104,""0.15"":100,""0.20"":92}","{""0.10"":0.6303030303030303,""0.15"":0.6410256410256411,""0.20"":0.6133333333333333}",0.6133333333333333,"{""left"":229,""right"":242}","{""left"":142,""right"":154}",314,287,0.9140127388535032,9,245,26,0,0,0,0,0,27,0,125,116,45.0,83.0,0.0,58.75,73782,6973,100,0,False,F0,202608243,True,False,True,0.5626326963906582,0.0,0.0,0.0,UNACHIEVABLE,UNACHIEVABLE,UNACHIEVABLE
F0_seed_202608243,DIAGNOSTIC_OOF_PARETO,s0.55_p0.55_e0.25_n0.20_f0.60_k3_h0.00,0.55,0.55,0.25,0.2,0.6,3,0.0,333,471,428,433,393,380,253,247,0.9087048832271762,0.9193205944798302,0.8343949044585988,0.8067940552016986,0.5371549893842887,0.524416135881104,247,0.524416135881104,"{""0.10"":165,""0.15"":156,""0.20"":150}","{""0.10"":91,""0.15"":77,""0.20"":79}","{""0.10"":0.5515151515151515,""0.15"":0.4935897435897436,""0.20"":0.5266666666666666}",0.4935897435897436,"{""left"":229,""right"":242}","{""left"":116,""right"":131}",269,245,0.9107806691449815,0,165,12,0,0,0,0,0,24,0,125,114,36.0,74.69999999999999,0.0,86.39999999999975,73782,6973,100,0,False,F0,202608243,True,False,True,0.5626326963906582,0.0,0.0,0.0,UNACHIEVABLE,UNACHIEVABLE,UNACHIEVABLE
F0_seed_202608243,DIAGNOSTIC_OOF_PARETO,s0.55_p0.55_e0.25_n0.20_f0.60_k3_h0.05,0.55,0.55,0.25,0.2,0.6,3,0.05,333,471,428,433,393,380,253,247,0.9087048832271762,0.9193205944798302,0.8343949044585988,0.8067940552016986,0.5371549893842887,0.524416135881104,247,0.524416135881104,"{""0.10"":165,""0.15"":156,""0.20"":150}","{""0.10"":91,""0.15"":77,""0.20"":79}","{""0.10"":0.5515151515151515,""0.15"":0.4935897435897436,""0.20"":0.5266666666666666}",0.4935897435897436,"{""left"":229,""right"":242}","{""left"":116,""right"":131}",269,245,0.9107806691449815,0,165,12,0,0,0,0,0,24,0,125,114,36.0,74.69999999999999,0.0,86.39999999999975,73782,6973,100,0,False,F0,202608243,True,False,True,0.5626326963906582,0.0,0.0,0.0,UNACHIEVABLE,UNACHIEVABLE,UNACHIEVABLE
F0_seed_202608243,DIAGNOSTIC_OOF_PARETO,s0.65_p0.65_e0.15_n0.10_f0.60_k1_h0.00,0.65,0.65,0.15,0.1,0.6,1,0.0,333,471,428,425,382,370,361,331,0.9087048832271762,0.9023354564755839,0.8110403397027601,0.7855626326963907,0.7664543524416136,0.70276008492569,331,0.70276008492569,"{""0.10"":165,""0.15"":156,""0.20"":150}","{""0.10"":117,""0.15"":113,""0.20"":101}","{""0.10"":0.7090909090909091,""0.15"":0.7243589743589743,""0.20"":0.6733333333333333}",0.6733333333333333,"{""left"":229,""right"":242}","{""left"":155,""right"":176}",350,311,0.8885714285714286,19,364,41,0,0,0,0,0,39,0,125,113,52.0,89.0,0.0,31.5,73782,6973,100,0,False,F0,202608243,True,False,True,0.5626326963906582,0.0,0.0,0.0,UNACHIEVABLE,UNACHIEVABLE,UNACHIEVABLE
F0_seed_202608243,DIAGNOSTIC_OOF_PARETO,s0.65_p0.65_e0.15_n0.10_f0.60_k1_h0.05,0.65,0.65,0.15,0.1,0.6,1,0.05,333,471,428,425,382,370,361,331,0.9087048832271762,0.9023354564755839,0.8110403397027601,0.7855626326963907,0.7664543524416136,0.70276008492569,331,0.70276008492569,"{""0.10"":165,""0.15"":156,""0.20"":150}","{""0.10"":117,""0.15"":113,""0.20"":101}","{""0.10"":0.7090909090909091,""0.15"":0.7243589743589743,""0.20"":0.6733333333333333}",0.6733333333333333,"{""left"":229,""right"":242}","{""left"":155,""right"":176}",350,311,0.8885714285714286,19,364,41,0,0,0,0,0,39,0,125,113,52.0,89.0,0.0,31.5,73782,6973,100,0,False,F0,202608243,True,False,True,0.5626326963906582,0.0,0.0,0.0,UNACHIEVABLE,UNACHIEVABLE,UNACHIEVABLE
F0_seed_202608243,DIAGNOSTIC_OOF_PARETO,s0.65_p0.65_e0.15_n0.10_f0.60_k2_h0.00,0.65,0.65,0.15,0.1,0.6,2,0.0,333,471,428,425,382,370,289,274,0.9087048832271762,0.9023354564755839,0.8110403397027601,0.7855626326963907,0.613588110403397,0.5817409766454352,274,0.5817409766454352,"{""0.10"":165,""0.15"":156,""0.20"":150}","{""0.10"":93,""0.15"":95,""0.20"":86}","{""0.10"":0.5636363636363636,""0.15"":0.6089743589743589,""0.20"":0.5733333333333334}",0.5636363636363636,"{""left"":229,""right"":242}","{""left"":128,""right"":146}",292,265,0.9075342465753424,9,227,23,0,0,0,0,0,27,0,125,113,45.0,80.69999999999993,0.0,60.94999999999942,73782,6973,100,0,False,F0,202608243,True,False,True,0.5626326963906582,0.0,0.0,0.0,UNACHIEVABLE,UNACHIEVABLE,UNACHIEVABLE
F0_seed_202608243,DIAGNOSTIC_OOF_PARETO,s0.65_p0.65_e0.15_n0.10_f0.60_k2_h0.05,0.65,0.65,0.15,0.1,0.6,2,0.05,333,471,428,425,382,370,289,274,0.9087048832271762,0.9023354564755839,0.8110403397027601,0.7855626326963907,0.613588110403397,0.5817409766454352,274,0.5817409766454352,"{""0.10"":165,""0.15"":156,""0.20"":150}","{""0.10"":93,""0.15"":95,""0.20"":86}","{""0.10"":0.5636363636363636,""0.15"":0.6089743589743589,""0.20"":0.5733333333333334}",0.5636363636363636,"{""left"":229,""right"":242}","{""left"":128,""right"":146}",292,265,0.9075342465753424,9,227,23,0,0,0,0,0,27,0,125,113,45.0,80.69999999999993,0.0,60.94999999999942,73782,6973,100,0,False,F0,202608243,True,False,True,0.5626326963906582,0.0,0.0,0.0,UNACHIEVABLE,UNACHIEVABLE,UNACHIEVABLE
F0_seed_202608243,DIAGNOSTIC_OOF_PARETO,s0.65_p0.65_e0.15_n0.10_f0.60_k3_h0.00,0.65,0.65,0.15,0.1,0.6,3,0.0,333,471,428,425,382,370,227,221,0.9087048832271762,0.9023354564755839,0.8110403397027601,0.7855626326963907,0.4819532908704883,0.4692144373673036,221,0.4692144373673036,"{""0.10"":165,""0.15"":156,""0.20"":150}","{""0.10"":83,""0.15"":67,""0.20"":71}","{""0.10"":0.503030303030303,""0.15"":0.42948717948717946,""0.20"":0.47333333333333333}",0.42948717948717946,"{""left"":229,""right"":242}","{""left"":103,""right"":118}",242,219,0.9049586776859504,0,140,9,0,0,0,0,0,23,0,125,110,37.0,73.0,0.0,101.0,73782,6973,100,0,False,F0,202608243,True,False,True,0.5626326963906582,0.0,0.0,0.0,UNACHIEVABLE,UNACHIEVABLE,UNACHIEVABLE
F0_seed_202608243,DIAGNOSTIC_OOF_PARETO,s0.65_p0.65_e0.15_n0.10_f0.60_k3_h0.05,0.65,0.65,0.15,0.1,0.6,3,0.05,333,471,428,425,382,370,227,221,0.9087048832271762,0.9023354564755839,0.8110403397027601,0.7855626326963907,0.4819532908704883,0.4692144373673036,221,0.4692144373673036,"{""0.10"":165,""0.15"":156,""0.20"":150}","{""0.10"":83,""0.15"":67,""0.20"":71}","{""0.10"":0.503030303030303,""0.15"":0.42948717948717946,""0.20"":0.47333333333333333}",0.42948717948717946,"{""left"":229,""right"":242}","{""left"":103,""right"":118}",242,219,0.9049586776859504,0,140,9,0,0,0,0,0,23,0,125,110,37.0,73.0,0.0,101.0,73782,6973,100,0,False,F0,202608243,True,False,True,0.5626326963906582,0.0,0.0,0.0,UNACHIEVABLE,UNACHIEVABLE,UNACHIEVABLE
F0_seed_202608243,DIAGNOSTIC_OOF_PARETO,s0.65_p0.65_e0.25_n0.20_f0.60_k1_h0.00,0.65,0.65,0.25,0.2,0.6,1,0.0,333,471,428,425,382,370,361,331,0.9087048832271762,0.9023354564755839,0.8110403397027601,0.7855626326963907,0.7664543524416136,0.70276008492569,331,0.70276008492569,"{""0.10"":165,""0.15"":156,""0.20"":150}","{""0.10"":117,""0.15"":113,""0.20"":101}","{""0.10"":0.7090909090909091,""0.15"":0.7243589743589743,""0.20"":0.6733333333333333}",0.6733333333333333,"{""left"":229,""right"":242}","{""left"":155,""right"":176}",350,311,0.8885714285714286,19,364,41,0,0,0,0,0,39,0,125,113,52.0,89.0,0.0,31.5,73782,6973,100,0,False,F0,202608243,True,False,True,0.5626326963906582,0.0,0.0,0.0,UNACHIEVABLE,UNACHIEVABLE,UNACHIEVABLE
F0_seed_202608243,DIAGNOSTIC_OOF_PARETO,s0.65_p0.65_e0.25_n0.20_f0.60_k1_h0.05,0.65,0.65,0.25,0.2,0.6,1,0.05,333,471,428,425,382,370,361,331,0.9087048832271762,0.9023354564755839,0.8110403397027601,0.7855626326963907,0.7664543524416136,0.70276008492569,331,0.70276008492569,"{""0.10"":165,""0.15"":156,""0.20"":150}","{""0.10"":117,""0.15"":113,""0.20"":101}","{""0.10"":0.7090909090909091,""0.15"":0.7243589743589743,""0.20"":0.6733333333333333}",0.6733333333333333,"{""left"":229,""right"":242}","{""left"":155,""right"":176}",350,311,0.8885714285714286,19,364,41,0,0,0,0,0,39,0,125,113,52.0,89.0,0.0,31.5,73782,6973,100,0,False,F0,202608243,True,False,True,0.5626326963906582,0.0,0.0,0.0,UNACHIEVABLE,UNACHIEVABLE,UNACHIEVABLE
F0_seed_202608243,DIAGNOSTIC_OOF_PARETO,s0.65_p0.65_e0.25_n0.20_f0.60_k2_h0.00,0.65,0.65,0.25,0.2,0.6,2,0.0,333,471,428,425,382,370,289,274,0.9087048832271762,0.9023354564755839,0.8110403397027601,0.7855626326963907,0.613588110403397,0.5817409766454352,274,0.5817409766454352,"{""0.10"":165,""0.15"":156,""0.20"":150}","{""0.10"":93,""0.15"":95,""0.20"":86}","{""0.10"":0.5636363636363636,""0.15"":0.6089743589743589,""0.20"":0.5733333333333334}",0.5636363636363636,"{""left"":229,""right"":242}","{""left"":128,""right"":146}",292,265,0.9075342465753424,9,227,23,0,0,0,0,0,27,0,125,113,45.0,80.69999999999993,0.0,60.94999999999942,73782,6973,100,0,False,F0,202608243,True,False,True,0.5626326963906582,0.0,0.0,0.0,UNACHIEVABLE,UNACHIEVABLE,UNACHIEVABLE
F0_seed_202608243,DIAGNOSTIC_OOF_PARETO,s0.65_p0.65_e0.25_n0.20_f0.60_k2_h0.05,0.65,0.65,0.25,0.2,0.6,2,0.05,333,471,428,425,382,370,289,274,0.9087048832271762,0.9023354564755839,0.8110403397027601,0.7855626326963907,0.613588110403397,0.5817409766454352,274,0.5817409766454352,"{""0.10"":165,""0.15"":156,""0.20"":150}","{""0.10"":93,""0.15"":95,""0.20"":86}","{""0.10"":0.5636363636363636,""0.15"":0.6089743589743589,""0.20"":0.5733333333333334}",0.5636363636363636,"{""left"":229,""right"":242}","{""left"":128,""right"":146}",292,265,0.9075342465753424,9,227,23,0,0,0,0,0,27,0,125,113,45.0,80.69999999999993,0.0,60.94999999999942,73782,6973,100,0,False,F0,202608243,True,False,True,0.5626326963906582,0.0,0.0,0.0,UNACHIEVABLE,UNACHIEVABLE,UNACHIEVABLE
F0_seed_202608243,DIAGNOSTIC_OOF_PARETO,s0.65_p0.65_e0.25_n0.20_f0.60_k3_h0.00,0.65,0.65,0.25,0.2,0.6,3,0.0,333,471,428,425,382,370,227,221,0.9087048832271762,0.9023354564755839,0.8110403397027601,0.7855626326963907,0.4819532908704883,0.4692144373673036,221,0.4692144373673036,"{""0.10"":165,""0.15"":156,""0.20"":150}","{""0.10"":83,""0.15"":67,""0.20"":71}","{""0.10"":0.503030303030303,""0.15"":0.42948717948717946,""0.20"":0.47333333333333333}",0.42948717948717946,"{""left"":229,""right"":242}","{""left"":103,""right"":118}",242,219,0.9049586776859504,0,140,9,0,0,0,0,0,23,0,125,110,37.0,73.0,0.0,101.0,73782,6973,100,0,False,F0,202608243,True,False,True,0.5626326963906582,0.0,0.0,0.0,UNACHIEVABLE,UNACHIEVABLE,UNACHIEVABLE
F0_seed_202608243,DIAGNOSTIC_OOF_PARETO,s0.65_p0.65_e0.25_n0.20_f0.60_k3_h0.05,0.65,0.65,0.25,0.2,0.6,3,0.05,333,471,428,425,382,370,227,221,0.9087048832271762,0.9023354564755839,0.8110403397027601,0.7855626326963907,0.4819532908704883,0.4692144373673036,221,0.4692144373673036,"{""0.10"":165,""0.15"":156,""0.20"":150}","{""0.10"":83,""0.15"":67,""0.20"":71}","{""0.10"":0.503030303030303,""0.15"":0.42948717948717946,""0.20"":0.47333333333333333}",0.42948717948717946,"{""left"":229,""right"":242}","{""left"":103,""right"":118}",242,219,0.9049586776859504,0,140,9,0,0,0,0,0,23,0,125,110,37.0,73.0,0.0,101.0,73782,6973,100,0,False,F0,202608243,True,False,True,0.5626326963906582,0.0,0.0,0.0,UNACHIEVABLE,UNACHIEVABLE,UNACHIEVABLE
F0_seed_202608243,DIAGNOSTIC_OOF_PARETO,s0.75_p0.75_e0.15_n0.10_f0.60_k1_h0.00,0.75,0.75,0.15,0.1,0.6,1,0.0,333,471,428,409,361,350,342,319,0.9087048832271762,0.8683651804670913,0.7664543524416136,0.7430997876857749,0.7261146496815286,0.6772823779193206,319,0.6772823779193206,"{""0.10"":165,""0.15"":156,""0.20"":150}","{""0.10"":111,""0.15"":108,""0.20"":100}","{""0.10"":0.6727272727272727,""0.15"":0.6923076923076923,""0.20"":0.6666666666666666}",0.6666666666666666,"{""left"":229,""right"":242}","{""left"":147,""right"":172}",337,302,0.8961424332344213,15,332,31,0,0,0,0,0,35,0,125,116,52.0,88.0,0.0,38.69999999999976,73782,6973,100,0,False,F0,202608243,True,False,True,0.5626326963906582,0.0,0.0,0.0,UNACHIEVABLE,UNACHIEVABLE,UNACHIEVABLE
F0_seed_202608243,DIAGNOSTIC_OOF_PARETO,s0.75_p0.75_e0.15_n0.10_f0.60_k1_h0.05,0.75,0.75,0.15,0.1,0.6,1,0.05,333,471,428,409,361,350,342,319,0.9087048832271762,0.8683651804670913,0.7664543524416136,0.7430997876857749,0.7261146496815286,0.6772823779193206,319,0.6772823779193206,"{""0.10"":165,""0.15"":156,""0.20"":150}","{""0.10"":111,""0.15"":108,""0.20"":100}","{""0.10"":0.6727272727272727,""0.15"":0.6923076923076923,""0.20"":0.6666666666666666}",0.6666666666666666,"{""left"":229,""right"":242}","{""left"":147,""right"":172}",337,302,0.8961424332344213,15,332,31,0,0,0,0,0,35,0,125,116,52.0,88.0,0.0,38.69999999999976,73782,6973,100,0,False,F0,202608243,True,False,True,0.5626326963906582,0.0,0.0,0.0,UNACHIEVABLE,UNACHIEVABLE,UNACHIEVABLE
F0_seed_202608243,DIAGNOSTIC_OOF_PARETO,s0.75_p0.75_e0.15_n0.10_f0.60_k2_h0.00,0.75,0.75,0.15,0.1,0.6,2,0.0,333,471,428,409,361,350,261,250,0.9087048832271762,0.8683651804670913,0.7664543524416136,0.7430997876857749,0.554140127388535,0.5307855626326964,250,0.5307855626326964,"{""0.10"":165,""0.15"":156,""0.20"":150}","{""0.10"":89,""0.15"":81,""0.20"":80}","{""0.10"":0.5393939393939394,""0.15"":0.5192307692307693,""0.20"":0.5333333333333333}",0.5192307692307693,"{""left"":229,""right"":242}","{""left"":116,""right"":134}",270,243,0.9,8,205,17,0,0,0,0,0,27,0,125,111,45.0,79.54999999999998,0.0,55.69999999999976,73782,6973,100,0,False,F0,202608243,True,False,True,0.5626326963906582,0.0,0.0,0.0,UNACHIEVABLE,UNACHIEVABLE,UNACHIEVABLE
F0_seed_202608243,DIAGNOSTIC_OOF_PARETO,s0.75_p0.75_e0.15_n0.10_f0.60_k2_h0.05,0.75,0.75,0.15,0.1,0.6,2,0.05,333,471,428,409,361,350,261,250,0.9087048832271762,0.8683651804670913,0.7664543524416136,0.7430997876857749,0.554140127388535,0.5307855626326964,250,0.5307855626326964,"{""0.10"":165,""0.15"":156,""0.20"":150}","{""0.10"":89,""0.15"":81,""0.20"":80}","{""0.10"":0.5393939393939394,""0.15"":0.5192307692307693,""0.20"":0.5333333333333333}",0.5192307692307693,"{""left"":229,""right"":242}","{""left"":116,""right"":134}",270,243,0.9,8,205,17,0,0,0,0,0,27,0,125,111,45.0,79.54999999999998,0.0,55.69999999999976,73782,6973,100,0,False,F0,202608243,True,False,True,0.5626326963906582,0.0,0.0,0.0,UNACHIEVABLE,UNACHIEVABLE,UNACHIEVABLE
F0_seed_202608243,DIAGNOSTIC_OOF_PARETO,s0.75_p0.75_e0.15_n0.10_f0.60_k3_h0.00,0.75,0.75,0.15,0.1,0.6,3,0.0,333,471,428,409,361,350,201,197,0.9087048832271762,0.8683651804670913,0.7664543524416136,0.7430997876857749,0.4267515923566879,0.4182590233545648,197,0.4182590233545648,"{""0.10"":165,""0.15"":156,""0.20"":150}","{""0.10"":73,""0.15"":61,""0.20"":63}","{""0.10"":0.44242424242424244,""0.15"":0.391025641025641,""0.20"":0.42}",0.391025641025641,"{""left"":229,""right"":242}","{""left"":96,""right"":101}",216,196,0.9074074074074074,0,123,4,0,0,0,0,0,20,0,125,105,35.0,73.0,0.0,103.79999999999984,73782,6973,100,0,False,F0,202608243,True,False,True,0.5626326963906582,0.0,0.0,0.0,UNACHIEVABLE,UNACHIEVABLE,UNACHIEVABLE
F0_seed_202608243,DIAGNOSTIC_OOF_PARETO,s0.75_p0.75_e0.15_n0.10_f0.60_k3_h0.05,0.75,0.75,0.15,0.1,0.6,3,0.05,333,471,428,409,361,350,201,197,0.9087048832271762,0.8683651804670913,0.7664543524416136,0.7430997876857749,0.4267515923566879,0.4182590233545648,197,0.4182590233545648,"{""0.10"":165,""0.15"":156,""0.20"":150}","{""0.10"":73,""0.15"":61,""0.20"":63}","{""0.10"":0.44242424242424244,""0.15"":0.391025641025641,""0.20"":0.42}",0.391025641025641,"{""left"":229,""right"":242}","{""left"":96,""right"":101}",216,196,0.9074074074074074,0,123,4,0,0,0,0,0,20,0,125,105,35.0,73.0,0.0,103.79999999999984,73782,6973,100,0,False,F0,202608243,True,False,True,0.5626326963906582,0.0,0.0,0.0,UNACHIEVABLE,UNACHIEVABLE,UNACHIEVABLE
F0_seed_202608243,DIAGNOSTIC_OOF_PARETO,s0.75_p0.75_e0.25_n0.20_f0.60_k1_h0.00,0.75,0.75,0.25,0.2,0.6,1,0.0,333,471,428,409,361,350,342,319,0.9087048832271762,0.8683651804670913,0.7664543524416136,0.7430997876857749,0.7261146496815286,0.6772823779193206,319,0.6772823779193206,"{""0.10"":165,""0.15"":156,""0.20"":150}","{""0.10"":111,""0.15"":108,""0.20"":100}","{""0.10"":0.6727272727272727,""0.15"":0.6923076923076923,""0.20"":0.6666666666666666}",0.6666666666666666,"{""left"":229,""right"":242}","{""left"":147,""right"":172}",337,302,0.8961424332344213,15,332,31,0,0,0,0,0,35,0,125,116,52.0,88.0,0.0,38.69999999999976,73782,6973,100,0,False,F0,202608243,True,False,True,0.5626326963906582,0.0,0.0,0.0,UNACHIEVABLE,UNACHIEVABLE,UNACHIEVABLE
F0_seed_202608243,DIAGNOSTIC_OOF_PARETO,s0.75_p0.75_e0.25_n0.20_f0.60_k1_h0.05,0.75,0.75,0.25,0.2,0.6,1,0.05,333,471,428,409,361,350,342,319,0.9087048832271762,0.8683651804670913,0.7664543524416136,0.7430997876857749,0.7261146496815286,0.6772823779193206,319,0.6772823779193206,"{""0.10"":165,""0.15"":156,""0.20"":150}","{""0.10"":111,""0.15"":108,""0.20"":100}","{""0.10"":0.6727272727272727,""0.15"":0.6923076923076923,""0.20"":0.6666666666666666}",0.6666666666666666,"{""left"":229,""right"":242}","{""left"":147,""right"":172}",337,302,0.8961424332344213,15,332,31,0,0,0,0,0,35,0,125,116,52.0,88.0,0.0,38.69999999999976,73782,6973,100,0,False,F0,202608243,True,False,True,0.5626326963906582,0.0,0.0,0.0,UNACHIEVABLE,UNACHIEVABLE,UNACHIEVABLE
F0_seed_202608243,DIAGNOSTIC_OOF_PARETO,s0.75_p0.75_e0.25_n0.20_f0.60_k2_h0.00,0.75,0.75,0.25,0.2,0.6,2,0.0,333,471,428,409,361,350,261,250,0.9087048832271762,0.8683651804670913,0.7664543524416136,0.7430997876857749,0.554140127388535,0.5307855626326964,250,0.5307855626326964,"{""0.10"":165,""0.15"":156,""0.20"":150}","{""0.10"":89,""0.15"":81,""0.20"":80}","{""0.10"":0.5393939393939394,""0.15"":0.5192307692307693,""0.20"":0.5333333333333333}",0.5192307692307693,"{""left"":229,""right"":242}","{""left"":116,""right"":134}",270,243,0.9,8,205,17,0,0,0,0,0,27,0,125,111,45.0,79.54999999999998,0.0,55.69999999999976,73782,6973,100,0,False,F0,202608243,True,False,True,0.5626326963906582,0.0,0.0,0.0,UNACHIEVABLE,UNACHIEVABLE,UNACHIEVABLE
F0_seed_202608243,DIAGNOSTIC_OOF_PARETO,s0.75_p0.75_e0.25_n0.20_f0.60_k2_h0.05,0.75,0.75,0.25,0.2,0.6,2,0.05,333,471,428,409,361,350,261,250,0.9087048832271762,0.8683651804670913,0.7664543524416136,0.7430997876857749,0.554140127388535,0.5307855626326964,250,0.5307855626326964,"{""0.10"":165,""0.15"":156,""0.20"":150}","{""0.10"":89,""0.15"":81,""0.20"":80}","{""0.10"":0.5393939393939394,""0.15"":0.5192307692307693,""0.20"":0.5333333333333333}",0.5192307692307693,"{""left"":229,""right"":242}","{""left"":116,""right"":134}",270,243,0.9,8,205,17,0,0,0,0,0,27,0,125,111,45.0,79.54999999999998,0.0,55.69999999999976,73782,6973,100,0,False,F0,202608243,True,False,True,0.5626326963906582,0.0,0.0,0.0,UNACHIEVABLE,UNACHIEVABLE,UNACHIEVABLE
F0_seed_202608243,DIAGNOSTIC_OOF_PARETO,s0.75_p0.75_e0.25_n0.20_f0.60_k3_h0.00,0.75,0.75,0.25,0.2,0.6,3,0.0,333,471,428,409,361,350,201,197,0.9087048832271762,0.8683651804670913,0.7664543524416136,0.7430997876857749,0.4267515923566879,0.4182590233545648,197,0.4182590233545648,"{""0.10"":165,""0.15"":156,""0.20"":150}","{""0.10"":73,""0.15"":61,""0.20"":63}","{""0.10"":0.44242424242424244,""0.15"":0.391025641025641,""0.20"":0.42}",0.391025641025641,"{""left"":229,""right"":242}","{""left"":96,""right"":101}",216,196,0.9074074074074074,0,123,4,0,0,0,0,0,20,0,125,105,35.0,73.0,0.0,103.79999999999984,73782,6973,100,0,False,F0,202608243,True,False,True,0.5626326963906582,0.0,0.0,0.0,UNACHIEVABLE,UNACHIEVABLE,UNACHIEVABLE
F0_seed_202608243,DIAGNOSTIC_OOF_PARETO,s0.75_p0.75_e0.25_n0.20_f0.60_k3_h0.05,0.75,0.75,0.25,0.2,0.6,3,0.05,333,471,428,409,361,350,201,197,0.9087048832271762,0.8683651804670913,0.7664543524416136,0.7430997876857749,0.4267515923566879,0.4182590233545648,197,0.4182590233545648,"{""0.10"":165,""0.15"":156,""0.20"":150}","{""0.10"":73,""0.15"":61,""0.20"":63}","{""0.10"":0.44242424242424244,""0.15"":0.391025641025641,""0.20"":0.42}",0.391025641025641,"{""left"":229,""right"":242}","{""left"":96,""right"":101}",216,196,0.9074074074074074,0,123,4,0,0,0,0,0,20,0,125,105,35.0,73.0,0.0,103.79999999999984,73782,6973,100,0,False,F0,202608243,True,False,True,0.5626326963906582,0.0,0.0,0.0,UNACHIEVABLE,UNACHIEVABLE,UNACHIEVABLE
F0_seed_202608243,DIAGNOSTIC_OOF_PARETO,s0.85_p0.85_e0.15_n0.10_f0.60_k1_h0.00,0.85,0.85,0.15,0.1,0.6,1,0.0,333,471,428,386,329,318,310,294,0.9087048832271762,0.8195329087048833,0.6985138004246284,0.6751592356687898,0.6581740976645435,0.6242038216560509,294,0.6242038216560509,"{""0.10"":165,""0.15"":156,""0.20"":150}","{""0.10"":101,""0.15"":99,""0.20"":94}","{""0.10"":0.6121212121212121,""0.15"":0.6346153846153846,""0.20"":0.6266666666666667}",0.6121212121212121,"{""left"":229,""right"":242}","{""left"":129,""right"":165}",314,281,0.8949044585987261,12,291,25,0,0,0,0,0,33,0,125,115,50.0,88.0,0.0,59.349999999999284,73782,6973,100,0,False,F0,202608243,True,False,True,0.5626326963906582,0.0,0.0,0.0,UNACHIEVABLE,UNACHIEVABLE,UNACHIEVABLE
F0_seed_202608243,DIAGNOSTIC_OOF_PARETO,s0.85_p0.85_e0.15_n0.10_f0.60_k1_h0.05,0.85,0.85,0.15,0.1,0.6,1,0.05,333,471,428,386,329,318,310,295,0.9087048832271762,0.8195329087048833,0.6985138004246284,0.6751592356687898,0.6581740976645435,0.6263269639065817,295,0.6263269639065817,"{""0.10"":165,""0.15"":156,""0.20"":150}","{""0.10"":102,""0.15"":99,""0.20"":94}","{""0.10"":0.6181818181818182,""0.15"":0.6346153846153846,""0.20"":0.6266666666666667}",0.6181818181818182,"{""left"":229,""right"":242}","{""left"":130,""right"":165}",314,281,0.8949044585987261,12,291,25,0,0,0,0,0,33,0,125,115,50.0,88.0,0.0,58.30000000000024,73782,6973,100,0,False,F0,202608243,True,False,True,0.5626326963906582,0.0,0.0,0.0,UNACHIEVABLE,UNACHIEVABLE,UNACHIEVABLE
F0_seed_202608243,DIAGNOSTIC_OOF_PARETO,s0.85_p0.85_e0.15_n0.10_f0.60_k2_h0.00,0.85,0.85,0.15,0.1,0.6,2,0.0,333,471,428,386,329,318,219,213,0.9087048832271762,0.8195329087048833,0.6985138004246284,0.6751592356687898,0.46496815286624205,0.45222929936305734,213,0.45222929936305734,"{""0.10"":165,""0.15"":156,""0.20"":150}","{""0.10"":76,""0.15"":69,""0.20"":68}","{""0.10"":0.46060606060606063,""0.15"":0.4423076923076923,""0.20"":0.4533333333333333}",0.4423076923076923,"{""left"":229,""right"":242}","{""left"":98,""right"":115}",236,210,0.8898305084745762,3,162,11,0,0,0,0,0,26,0,125,104,43.0,78.0,0.0,86.19999999999982,73782,6973,100,0,False,F0,202608243,True,False,True,0.5626326963906582,0.0,0.0,0.0,UNACHIEVABLE,UNACHIEVABLE,UNACHIEVABLE
F0_seed_202608243,DIAGNOSTIC_OOF_PARETO,s0.85_p0.85_e0.15_n0.10_f0.60_k2_h0.05,0.85,0.85,0.15,0.1,0.6,2,0.05,333,471,428,386,329,318,219,213,0.9087048832271762,0.8195329087048833,0.6985138004246284,0.6751592356687898,0.46496815286624205,0.45222929936305734,213,0.45222929936305734,"{""0.10"":165,""0.15"":156,""0.20"":150}","{""0.10"":76,""0.15"":69,""0.20"":68}","{""0.10"":0.46060606060606063,""0.15"":0.4423076923076923,""0.20"":0.4533333333333333}",0.4423076923076923,"{""left"":229,""right"":242}","{""left"":98,""right"":115}",236,210,0.8898305084745762,3,162,11,0,0,0,0,0,26,0,125,104,43.0,78.0,0.0,86.19999999999982,73782,6973,100,0,False,F0,202608243,True,False,True,0.5626326963906582,0.0,0.0,0.0,UNACHIEVABLE,UNACHIEVABLE,UNACHIEVABLE
F0_seed_202608243,DIAGNOSTIC_OOF_PARETO,s0.85_p0.85_e0.15_n0.10_f0.60_k3_h0.00,0.85,0.85,0.15,0.1,0.6,3,0.0,333,471,428,386,329,318,167,165,0.9087048832271762,0.8195329087048833,0.6985138004246284,0.6751592356687898,0.35456475583864117,0.3503184713375796,165,0.3503184713375796,"{""0.10"":165,""0.15"":156,""0.20"":150}","{""0.10"":59,""0.15"":52,""0.20"":54}","{""0.10"":0.3575757575757576,""0.15"":0.3333333333333333,""0.20"":0.36}",0.3333333333333333,"{""left"":229,""right"":242}","{""left"":79,""right"":86}",184,164,0.8913043478260869,0,108,2,0,0,0,0,0,20,0,125,92,35.0,71.19999999999993,0.0,99.39999999999986,73782,6973,100,0,False,F0,202608243,True,False,True,0.5626326963906582,0.0,0.0,0.0,UNACHIEVABLE,UNACHIEVABLE,UNACHIEVABLE
F0_seed_202608243,DIAGNOSTIC_OOF_PARETO,s0.85_p0.85_e0.15_n0.10_f0.60_k3_h0.05,0.85,0.85,0.15,0.1,0.6,3,0.05,333,471,428,386,329,318,167,165,0.9087048832271762,0.8195329087048833,0.6985138004246284,0.6751592356687898,0.35456475583864117,0.3503184713375796,165,0.3503184713375796,"{""0.10"":165,""0.15"":156,""0.20"":150}","{""0.10"":59,""0.15"":52,""0.20"":54}","{""0.10"":0.3575757575757576,""0.15"":0.3333333333333333,""0.20"":0.36}",0.3333333333333333,"{""left"":229,""right"":242}","{""left"":79,""right"":86}",184,164,0.8913043478260869,0,108,2,0,0,0,0,0,20,0,125,92,35.0,71.19999999999993,0.0,99.39999999999986,73782,6973,100,0,False,F0,202608243,True,False,True,0.5626326963906582,0.0,0.0,0.0,UNACHIEVABLE,UNACHIEVABLE,UNACHIEVABLE
F0_seed_202608243,DIAGNOSTIC_OOF_PARETO,s0.85_p0.85_e0.25_n0.20_f0.60_k1_h0.00,0.85,0.85,0.25,0.2,0.6,1,0.0,333,471,428,386,329,318,310,294,0.9087048832271762,0.8195329087048833,0.6985138004246284,0.6751592356687898,0.6581740976645435,0.6242038216560509,294,0.6242038216560509,"{""0.10"":165,""0.15"":156,""0.20"":150}","{""0.10"":101,""0.15"":99,""0.20"":94}","{""0.10"":0.6121212121212121,""0.15"":0.6346153846153846,""0.20"":0.6266666666666667}",0.6121212121212121,"{""left"":229,""right"":242}","{""left"":129,""right"":165}",314,281,0.8949044585987261,12,291,25,0,0,0,0,0,33,0,125,115,50.0,88.0,0.0,59.349999999999284,73782,6973,100,0,False,F0,202608243,True,False,True,0.5626326963906582,0.0,0.0,0.0,UNACHIEVABLE,UNACHIEVABLE,UNACHIEVABLE
F0_seed_202608243,DIAGNOSTIC_OOF_PARETO,s0.85_p0.85_e0.25_n0.20_f0.60_k1_h0.05,0.85,0.85,0.25,0.2,0.6,1,0.05,333,471,428,386,329,318,310,295,0.9087048832271762,0.8195329087048833,0.6985138004246284,0.6751592356687898,0.6581740976645435,0.6263269639065817,295,0.6263269639065817,"{""0.10"":165,""0.15"":156,""0.20"":150}","{""0.10"":102,""0.15"":99,""0.20"":94}","{""0.10"":0.6181818181818182,""0.15"":0.6346153846153846,""0.20"":0.6266666666666667}",0.6181818181818182,"{""left"":229,""right"":242}","{""left"":130,""right"":165}",314,281,0.8949044585987261,12,291,25,0,0,0,0,0,33,0,125,115,50.0,88.0,0.0,58.30000000000024,73782,6973,100,0,False,F0,202608243,True,False,True,0.5626326963906582,0.0,0.0,0.0,UNACHIEVABLE,UNACHIEVABLE,UNACHIEVABLE
F0_seed_202608243,DIAGNOSTIC_OOF_PARETO,s0.85_p0.85_e0.25_n0.20_f0.60_k2_h0.00,0.85,0.85,0.25,0.2,0.6,2,0.0,333,471,428,386,329,318,219,213,0.9087048832271762,0.8195329087048833,0.6985138004246284,0.6751592356687898,0.46496815286624205,0.45222929936305734,213,0.45222929936305734,"{""0.10"":165,""0.15"":156,""0.20"":150}","{""0.10"":76,""0.15"":69,""0.20"":68}","{""0.10"":0.46060606060606063,""0.15"":0.4423076923076923,""0.20"":0.4533333333333333}",0.4423076923076923,"{""left"":229,""right"":242}","{""left"":98,""right"":115}",236,210,0.8898305084745762,3,162,11,0,0,0,0,0,26,0,125,104,43.0,78.0,0.0,86.19999999999982,73782,6973,100,0,False,F0,202608243,True,False,True,0.5626326963906582,0.0,0.0,0.0,UNACHIEVABLE,UNACHIEVABLE,UNACHIEVABLE
F0_seed_202608243,DIAGNOSTIC_OOF_PARETO,s0.85_p0.85_e0.25_n0.20_f0.60_k2_h0.05,0.85,0.85,0.25,0.2,0.6,2,0.05,333,471,428,386,329,318,219,213,0.9087048832271762,0.8195329087048833,0.6985138004246284,0.6751592356687898,0.46496815286624205,0.45222929936305734,213,0.45222929936305734,"{""0.10"":165,""0.15"":156,""0.20"":150}","{""0.10"":76,""0.15"":69,""0.20"":68}","{""0.10"":0.46060606060606063,""0.15"":0.4423076923076923,""0.20"":0.4533333333333333}",0.4423076923076923,"{""left"":229,""right"":242}","{""left"":98,""right"":115}",236,210,0.8898305084745762,3,162,11,0,0,0,0,0,26,0,125,104,43.0,78.0,0.0,86.19999999999982,73782,6973,100,0,False,F0,202608243,True,False,True,0.5626326963906582,0.0,0.0,0.0,UNACHIEVABLE,UNACHIEVABLE,UNACHIEVABLE
F0_seed_202608243,DIAGNOSTIC_OOF_PARETO,s0.85_p0.85_e0.25_n0.20_f0.60_k3_h0.00,0.85,0.85,0.25,0.2,0.6,3,0.0,333,471,428,386,329,318,167,165,0.9087048832271762,0.8195329087048833,0.6985138004246284,0.6751592356687898,0.35456475583864117,0.3503184713375796,165,0.3503184713375796,"{""0.10"":165,""0.15"":156,""0.20"":150}","{""0.10"":59,""0.15"":52,""0.20"":54}","{""0.10"":0.3575757575757576,""0.15"":0.3333333333333333,""0.20"":0.36}",0.3333333333333333,"{""left"":229,""right"":242}","{""left"":79,""right"":86}",184,164,0.8913043478260869,0,108,2,0,0,0,0,0,20,0,125,92,35.0,71.19999999999993,0.0,99.39999999999986,73782,6973,100,0,False,F0,202608243,True,False,True,0.5626326963906582,0.0,0.0,0.0,UNACHIEVABLE,UNACHIEVABLE,UNACHIEVABLE
F0_seed_202608243,DIAGNOSTIC_OOF_PARETO,s0.85_p0.85_e0.25_n0.20_f0.60_k3_h0.05,0.85,0.85,0.25,0.2,0.6,3,0.05,333,471,428,386,329,318,167,165,0.9087048832271762,0.8195329087048833,0.6985138004246284,0.6751592356687898,0.35456475583864117,0.3503184713375796,165,0.3503184713375796,"{""0.10"":165,""0.15"":156,""0.20"":150}","{""0.10"":59,""0.15"":52,""0.20"":54}","{""0.10"":0.3575757575757576,""0.15"":0.3333333333333333,""0.20"":0.36}",0.3333333333333333,"{""left"":229,""right"":242}","{""left"":79,""right"":86}",184,164,0.8913043478260869,0,108,2,0,0,0,0,0,20,0,125,92,35.0,71.19999999999993,0.0,99.39999999999986,73782,6973,100,0,False,F0,202608243,True,False,True,0.5626326963906582,0.0,0.0,0.0,UNACHIEVABLE,UNACHIEVABLE,UNACHIEVABLE
F0_seed_202608243,DIAGNOSTIC_OOF_PARETO,s0.65_p0.55_e0.15_n0.10_f0.60_k1_h0.00,0.65,0.55,0.15,0.1,0.6,1,0.0,333,471,428,433,390,377,368,334,0.9087048832271762,0.9193205944798302,0.8280254777070064,0.8004246284501062,0.7813163481953291,0.7091295116772823,334,0.7091295116772823,"{""0.10"":165,""0.15"":156,""0.20"":150}","{""0.10"":117,""0.15"":114,""0.20"":103}","{""0.10"":0.7090909090909091,""0.15"":0.7307692307692307,""0.20"":0.6866666666666666}",0.6866666666666666,"{""left"":229,""right"":242}","{""left"":157,""right"":177}",353,311,0.8810198300283286,19,389,47,0,0,0,0,0,42,0,125,113,54.0,91.34999999999997,0.0,34.099999999999795,73782,6973,100,0,False,F0,202608243,True,False,True,0.5626326963906582,0.0,0.0,0.0,UNACHIEVABLE,UNACHIEVABLE,UNACHIEVABLE
F0_seed_202608243,DIAGNOSTIC_OOF_PARETO,s0.65_p0.55_e0.15_n0.10_f0.60_k1_h0.05,0.65,0.55,0.15,0.1,0.6,1,0.05,333,471,428,433,390,377,368,334,0.9087048832271762,0.9193205944798302,0.8280254777070064,0.8004246284501062,0.7813163481953291,0.7091295116772823,334,0.7091295116772823,"{""0.10"":165,""0.15"":156,""0.20"":150}","{""0.10"":117,""0.15"":114,""0.20"":103}","{""0.10"":0.7090909090909091,""0.15"":0.7307692307692307,""0.20"":0.6866666666666666}",0.6866666666666666,"{""left"":229,""right"":242}","{""left"":157,""right"":177}",353,311,0.8810198300283286,19,389,47,0,0,0,0,0,42,0,125,113,54.0,91.34999999999997,0.0,34.099999999999795,73782,6973,100,0,False,F0,202608243,True,False,True,0.5626326963906582,0.0,0.0,0.0,UNACHIEVABLE,UNACHIEVABLE,UNACHIEVABLE
F0_seed_202608243,DIAGNOSTIC_OOF_PARETO,s0.65_p0.55_e0.15_n0.10_f0.60_k2_h0.00,0.65,0.55,0.15,0.1,0.6,2,0.0,333,471,428,433,390,377,309,293,0.9087048832271762,0.9193205944798302,0.8280254777070064,0.8004246284501062,0.6560509554140127,0.6220806794055201,293,0.6220806794055201,"{""0.10"":165,""0.15"":156,""0.20"":150}","{""0.10"":103,""0.15"":99,""0.20"":91}","{""0.10"":0.6242424242424243,""0.15"":0.6346153846153846,""0.20"":0.6066666666666667}",0.6066666666666667,"{""left"":229,""right"":242}","{""left"":141,""right"":152}",311,284,0.9131832797427653,9,244,26,0,0,0,0,0,27,0,125,116,45.0,83.0,0.0,59.79999999999984,73782,6973,100,0,False,F0,202608243,True,False,True,0.5626326963906582,0.0,0.0,0.0,UNACHIEVABLE,UNACHIEVABLE,UNACHIEVABLE
F0_seed_202608243,DIAGNOSTIC_OOF_PARETO,s0.65_p0.55_e0.15_n0.10_f0.60_k2_h0.05,0.65,0.55,0.15,0.1,0.6,2,0.05,333,471,428,433,390,377,309,293,0.9087048832271762,0.9193205944798302,0.8280254777070064,0.8004246284501062,0.6560509554140127,0.6220806794055201,293,0.6220806794055201,"{""0.10"":165,""0.15"":156,""0.20"":150}","{""0.10"":103,""0.15"":99,""0.20"":91}","{""0.10"":0.6242424242424243,""0.15"":0.6346153846153846,""0.20"":0.6066666666666667}",0.6066666666666667,"{""left"":229,""right"":242}","{""left"":141,""right"":152}",311,284,0.9131832797427653,9,244,26,0,0,0,0,0,27,0,125,116,45.0,83.0,0.0,59.79999999999984,73782,6973,100,0,False,F0,202608243,True,False,True,0.5626326963906582,0.0,0.0,0.0,UNACHIEVABLE,UNACHIEVABLE,UNACHIEVABLE
F0_seed_202608243,DIAGNOSTIC_OOF_PARETO,s0.65_p0.55_e0.15_n0.10_f0.60_k3_h0.00,0.65,0.55,0.15,0.1,0.6,3,0.0,333,471,428,433,390,377,247,241,0.9087048832271762,0.9193205944798302,0.8280254777070064,0.8004246284501062,0.524416135881104,0.5116772823779193,241,0.5116772823779193,"{""0.10"":165,""0.15"":156,""0.20"":150}","{""0.10"":91,""0.15"":75,""0.20"":75}","{""0.10"":0.5515151515151515,""0.15"":0.4807692307692308,""0.20"":0.5}",0.4807692307692308,"{""left"":229,""right"":242}","{""left"":115,""right"":126}",262,239,0.9122137404580153,0,161,12,0,0,0,0,0,23,0,125,114,36.0,75.0,0.0,93.0,73782,6973,100,0,False,F0,202608243,True,False,True,0.5626326963906582,0.0,0.0,0.0,UNACHIEVABLE,UNACHIEVABLE,UNACHIEVABLE
F0_seed_202608243,DIAGNOSTIC_OOF_PARETO,s0.65_p0.55_e0.15_n0.10_f0.60_k3_h0.05,0.65,0.55,0.15,0.1,0.6,3,0.05,333,471,428,433,390,377,247,241,0.9087048832271762,0.9193205944798302,0.8280254777070064,0.8004246284501062,0.524416135881104,0.5116772823779193,241,0.5116772823779193,"{""0.10"":165,""0.15"":156,""0.20"":150}","{""0.10"":91,""0.15"":75,""0.20"":75}","{""0.10"":0.5515151515151515,""0.15"":0.4807692307692308,""0.20"":0.5}",0.4807692307692308,"{""left"":229,""right"":242}","{""left"":115,""right"":126}",262,239,0.9122137404580153,0,161,12,0,0,0,0,0,23,0,125,114,36.0,75.0,0.0,93.0,73782,6973,100,0,False,F0,202608243,True,False,True,0.5626326963906582,0.0,0.0,0.0,UNACHIEVABLE,UNACHIEVABLE,UNACHIEVABLE
F0_seed_202608243,DIAGNOSTIC_OOF_PARETO,s0.65_p0.55_e0.25_n0.20_f0.60_k1_h0.00,0.65,0.55,0.25,0.2,0.6,1,0.0,333,471,428,433,390,377,368,334,0.9087048832271762,0.9193205944798302,0.8280254777070064,0.8004246284501062,0.7813163481953291,0.7091295116772823,334,0.7091295116772823,"{""0.10"":165,""0.15"":156,""0.20"":150}","{""0.10"":117,""0.15"":114,""0.20"":103}","{""0.10"":0.7090909090909091,""0.15"":0.7307692307692307,""0.20"":0.6866666666666666}",0.6866666666666666,"{""left"":229,""right"":242}","{""left"":157,""right"":177}",353,311,0.8810198300283286,19,389,47,0,0,0,0,0,42,0,125,113,54.0,91.34999999999997,0.0,34.099999999999795,73782,6973,100,0,False,F0,202608243,True,False,True,0.5626326963906582,0.0,0.0,0.0,UNACHIEVABLE,UNACHIEVABLE,UNACHIEVABLE
F0_seed_202608243,DIAGNOSTIC_OOF_PARETO,s0.65_p0.55_e0.25_n0.20_f0.60_k1_h0.05,0.65,0.55,0.25,0.2,0.6,1,0.05,333,471,428,433,390,377,368,334,0.9087048832271762,0.9193205944798302,0.8280254777070064,0.8004246284501062,0.7813163481953291,0.7091295116772823,334,0.7091295116772823,"{""0.10"":165,""0.15"":156,""0.20"":150}","{""0.10"":117,""0.15"":114,""0.20"":103}","{""0.10"":0.7090909090909091,""0.15"":0.7307692307692307,""0.20"":0.6866666666666666}",0.6866666666666666,"{""left"":229,""right"":242}","{""left"":157,""right"":177}",353,311,0.8810198300283286,19,389,47,0,0,0,0,0,42,0,125,113,54.0,91.34999999999997,0.0,34.099999999999795,73782,6973,100,0,False,F0,202608243,True,False,True,0.5626326963906582,0.0,0.0,0.0,UNACHIEVABLE,UNACHIEVABLE,UNACHIEVABLE
F0_seed_202608243,DIAGNOSTIC_OOF_PARETO,s0.65_p0.55_e0.25_n0.20_f0.60_k2_h0.00,0.65,0.55,0.25,0.2,0.6,2,0.0,333,471,428,433,390,377,309,293,0.9087048832271762,0.9193205944798302,0.8280254777070064,0.8004246284501062,0.6560509554140127,0.6220806794055201,293,0.6220806794055201,"{""0.10"":165,""0.15"":156,""0.20"":150}","{""0.10"":103,""0.15"":99,""0.20"":91}","{""0.10"":0.6242424242424243,""0.15"":0.6346153846153846,""0.20"":0.6066666666666667}",0.6066666666666667,"{""left"":229,""right"":242}","{""left"":141,""right"":152}",311,284,0.9131832797427653,9,244,26,0,0,0,0,0,27,0,125,116,45.0,83.0,0.0,59.79999999999984,73782,6973,100,0,False,F0,202608243,True,False,True,0.5626326963906582,0.0,0.0,0.0,UNACHIEVABLE,UNACHIEVABLE,UNACHIEVABLE
F0_seed_202608243,DIAGNOSTIC_OOF_PARETO,s0.65_p0.55_e0.25_n0.20_f0.60_k2_h0.05,0.65,0.55,0.25,0.2,0.6,2,0.05,333,471,428,433,390,377,309,293,0.9087048832271762,0.9193205944798302,0.8280254777070064,0.8004246284501062,0.6560509554140127,0.6220806794055201,293,0.6220806794055201,"{""0.10"":165,""0.15"":156,""0.20"":150}","{""0.10"":103,""0.15"":99,""0.20"":91}","{""0.10"":0.6242424242424243,""0.15"":0.6346153846153846,""0.20"":0.6066666666666667}",0.6066666666666667,"{""left"":229,""right"":242}","{""left"":141,""right"":152}",311,284,0.9131832797427653,9,244,26,0,0,0,0,0,27,0,125,116,45.0,83.0,0.0,59.79999999999984,73782,6973,100,0,False,F0,202608243,True,False,True,0.5626326963906582,0.0,0.0,0.0,UNACHIEVABLE,UNACHIEVABLE,UNACHIEVABLE
F0_seed_202608243,DIAGNOSTIC_OOF_PARETO,s0.65_p0.55_e0.25_n0.20_f0.60_k3_h0.00,0.65,0.55,0.25,0.2,0.6,3,0.0,333,471,428,433,390,377,247,241,0.9087048832271762,0.9193205944798302,0.8280254777070064,0.8004246284501062,0.524416135881104,0.5116772823779193,241,0.5116772823779193,"{""0.10"":165,""0.15"":156,""0.20"":150}","{""0.10"":91,""0.15"":75,""0.20"":75}","{""0.10"":0.5515151515151515,""0.15"":0.4807692307692308,""0.20"":0.5}",0.4807692307692308,"{""left"":229,""right"":242}","{""left"":115,""right"":126}",262,239,0.9122137404580153,0,161,12,0,0,0,0,0,23,0,125,114,36.0,75.0,0.0,93.0,73782,6973,100,0,False,F0,202608243,True,False,True,0.5626326963906582,0.0,0.0,0.0,UNACHIEVABLE,UNACHIEVABLE,UNACHIEVABLE
F0_seed_202608243,DIAGNOSTIC_OOF_PARETO,s0.65_p0.55_e0.25_n0.20_f0.60_k3_h0.05,0.65,0.55,0.25,0.2,0.6,3,0.05,333,471,428,433,390,377,247,241,0.9087048832271762,0.9193205944798302,0.8280254777070064,0.8004246284501062,0.524416135881104,0.5116772823779193,241,0.5116772823779193,"{""0.10"":165,""0.15"":156,""0.20"":150}","{""0.10"":91,""0.15"":75,""0.20"":75}","{""0.10"":0.5515151515151515,""0.15"":0.4807692307692308,""0.20"":0.5}",0.4807692307692308,"{""left"":229,""right"":242}","{""left"":115,""right"":126}",262,239,0.9122137404580153,0,161,12,0,0,0,0,0,23,0,125,114,36.0,75.0,0.0,93.0,73782,6973,100,0,False,F0,202608243,True,False,True,0.5626326963906582,0.0,0.0,0.0,UNACHIEVABLE,UNACHIEVABLE,UNACHIEVABLE
F0_seed_202608243,DIAGNOSTIC_OOF_PARETO,s0.55_p0.65_e0.15_n0.10_f0.60_k1_h0.00,0.55,0.65,0.15,0.1,0.6,1,0.0,333,471,428,425,384,372,362,332,0.9087048832271762,0.9023354564755839,0.8152866242038217,0.7898089171974523,0.7685774946921444,0.7048832271762208,332,0.7048832271762208,"{""0.10"":165,""0.15"":156,""0.20"":150}","{""0.10"":117,""0.15"":114,""0.20"":101}","{""0.10"":0.7090909090909091,""0.15"":0.7307692307692307,""0.20"":0.6733333333333333}",0.6733333333333333,"{""left"":229,""right"":242}","{""left"":156,""right"":176}",352,311,0.8835227272727273,19,375,41,0,0,0,0,0,41,0,125,114,52.5,89.0,0.0,31.44999999999999,73782,6973,100,0,False,F0,202608243,True,False,True,0.5626326963906582,0.0,0.0,0.0,UNACHIEVABLE,UNACHIEVABLE,UNACHIEVABLE
F0_seed_202608243,DIAGNOSTIC_OOF_PARETO,s0.55_p0.65_e0.15_n0.10_f0.60_k1_h0.05,0.55,0.65,0.15,0.1,0.6,1,0.05,333,471,428,425,384,372,362,332,0.9087048832271762,0.9023354564755839,0.8152866242038217,0.7898089171974523,0.7685774946921444,0.7048832271762208,332,0.7048832271762208,"{""0.10"":165,""0.15"":156,""0.20"":150}","{""0.10"":117,""0.15"":114,""0.20"":101}","{""0.10"":0.7090909090909091,""0.15"":0.7307692307692307,""0.20"":0.6733333333333333}",0.6733333333333333,"{""left"":229,""right"":242}","{""left"":156,""right"":176}",352,311,0.8835227272727273,19,375,41,0,0,0,0,0,41,0,125,114,52.5,89.0,0.0,31.44999999999999,73782,6973,100,0,False,F0,202608243,True,False,True,0.5626326963906582,0.0,0.0,0.0,UNACHIEVABLE,UNACHIEVABLE,UNACHIEVABLE
F0_seed_202608243,DIAGNOSTIC_OOF_PARETO,s0.55_p0.65_e0.15_n0.10_f0.60_k2_h0.00,0.55,0.65,0.15,0.1,0.6,2,0.0,333,471,428,425,384,372,297,282,0.9087048832271762,0.9023354564755839,0.8152866242038217,0.7898089171974523,0.6305732484076433,0.5987261146496815,282,0.5987261146496815,"{""0.10"":165,""0.15"":156,""0.20"":150}","{""0.10"":95,""0.15"":96,""0.20"":91}","{""0.10"":0.5757575757575758,""0.15"":0.6153846153846154,""0.20"":0.6066666666666667}",0.5757575757575758,"{""left"":229,""right"":242}","{""left"":132,""right"":150}",300,273,0.91,9,230,23,0,0,0,0,0,27,0,125,115,45.0,80.0,0.0,54.64999999999992,73782,6973,100,0,False,F0,202608243,True,False,True,0.5626326963906582,0.0,0.0,0.0,UNACHIEVABLE,UNACHIEVABLE,UNACHIEVABLE
F0_seed_202608243,DIAGNOSTIC_OOF_PARETO,s0.55_p0.65_e0.15_n0.10_f0.60_k2_h0.05,0.55,0.65,0.15,0.1,0.6,2,0.05,333,471,428,425,384,372,297,282,0.9087048832271762,0.9023354564755839,0.8152866242038217,0.7898089171974523,0.6305732484076433,0.5987261146496815,282,0.5987261146496815,"{""0.10"":165,""0.15"":156,""0.20"":150}","{""0.10"":95,""0.15"":96,""0.20"":91}","{""0.10"":0.5757575757575758,""0.15"":0.6153846153846154,""0.20"":0.6066666666666667}",0.5757575757575758,"{""left"":229,""right"":242}","{""left"":132,""right"":150}",300,273,0.91,9,230,23,0,0,0,0,0,27,0,125,115,45.0,80.0,0.0,54.64999999999992,73782,6973,100,0,False,F0,202608243,True,False,True,0.5626326963906582,0.0,0.0,0.0,UNACHIEVABLE,UNACHIEVABLE,UNACHIEVABLE
F0_seed_202608243,DIAGNOSTIC_OOF_PARETO,s0.55_p0.65_e0.15_n0.10_f0.60_k3_h0.00,0.55,0.65,0.15,0.1,0.6,3,0.0,333,471,428,425,384,372,235,229,0.9087048832271762,0.9023354564755839,0.8152866242038217,0.7898089171974523,0.4989384288747346,0.4861995753715499,229,0.4861995753715499,"{""0.10"":165,""0.15"":156,""0.20"":150}","{""0.10"":83,""0.15"":69,""0.20"":77}","{""0.10"":0.503030303030303,""0.15"":0.4423076923076923,""0.20"":0.5133333333333333}",0.4423076923076923,"{""left"":229,""right"":242}","{""left"":104,""right"":125}",251,227,0.9043824701195219,0,144,9,0,0,0,0,0,24,0,125,111,36.0,73.0,0.0,109.39999999999992,73782,6973,100,0,False,F0,202608243,True,False,True,0.5626326963906582,0.0,0.0,0.0,UNACHIEVABLE,UNACHIEVABLE,UNACHIEVABLE
F0_seed_202608243,DIAGNOSTIC_OOF_PARETO,s0.55_p0.65_e0.15_n0.10_f0.60_k3_h0.05,0.55,0.65,0.15,0.1,0.6,3,0.05,333,471,428,425,384,372,235,229,0.9087048832271762,0.9023354564755839,0.8152866242038217,0.7898089171974523,0.4989384288747346,0.4861995753715499,229,0.4861995753715499,"{""0.10"":165,""0.15"":156,""0.20"":150}","{""0.10"":83,""0.15"":69,""0.20"":77}","{""0.10"":0.503030303030303,""0.15"":0.4423076923076923,""0.20"":0.5133333333333333}",0.4423076923076923,"{""left"":229,""right"":242}","{""left"":104,""right"":125}",251,227,0.9043824701195219,0,144,9,0,0,0,0,0,24,0,125,111,36.0,73.0,0.0,109.39999999999992,73782,6973,100,0,False,F0,202608243,True,False,True,0.5626326963906582,0.0,0.0,0.0,UNACHIEVABLE,UNACHIEVABLE,UNACHIEVABLE
F0_seed_202608243,DIAGNOSTIC_OOF_PARETO,s0.55_p0.65_e0.25_n0.20_f0.60_k1_h0.00,0.55,0.65,0.25,0.2,0.6,1,0.0,333,471,428,425,383,371,361,331,0.9087048832271762,0.9023354564755839,0.8131634819532909,0.7876857749469215,0.7664543524416136,0.70276008492569,331,0.70276008492569,"{""0.10"":165,""0.15"":156,""0.20"":150}","{""0.10"":117,""0.15"":113,""0.20"":101}","{""0.10"":0.7090909090909091,""0.15"":0.7243589743589743,""0.20"":0.6733333333333333}",0.6733333333333333,"{""left"":229,""right"":242}","{""left"":155,""right"":176}",350,310,0.8857142857142857,19,375,41,0,0,0,0,0,40,0,125,113,52.0,89.0,0.0,31.5,73782,6973,100,0,False,F0,202608243,True,False,True,0.5626326963906582,0.0,0.0,0.0,UNACHIEVABLE,UNACHIEVABLE,UNACHIEVABLE
F0_seed_202608243,DIAGNOSTIC_OOF_PARETO,s0.55_p0.65_e0.25_n0.20_f0.60_k1_h0.05,0.55,0.65,0.25,0.2,0.6,1,0.05,333,471,428,425,383,371,361,331,0.9087048832271762,0.9023354564755839,0.8131634819532909,0.7876857749469215,0.7664543524416136,0.70276008492569,331,0.70276008492569,"{""0.10"":165,""0.15"":156,""0.20"":150}","{""0.10"":117,""0.15"":113,""0.20"":101}","{""0.10"":0.7090909090909091,""0.15"":0.7243589743589743,""0.20"":0.6733333333333333}",0.6733333333333333,"{""left"":229,""right"":242}","{""left"":155,""right"":176}",350,310,0.8857142857142857,19,375,41,0,0,0,0,0,40,0,125,113,52.0,89.0,0.0,31.5,73782,6973,100,0,False,F0,202608243,True,False,True,0.5626326963906582,0.0,0.0,0.0,UNACHIEVABLE,UNACHIEVABLE,UNACHIEVABLE
F0_seed_202608243,DIAGNOSTIC_OOF_PARETO,s0.55_p0.65_e0.25_n0.20_f0.60_k2_h0.00,0.55,0.65,0.25,0.2,0.6,2,0.0,333,471,428,425,383,371,293,278,0.9087048832271762,0.9023354564755839,0.8131634819532909,0.7876857749469215,0.6220806794055201,0.5902335456475584,278,0.5902335456475584,"{""0.10"":165,""0.15"":156,""0.20"":150}","{""0.10"":95,""0.15"":96,""0.20"":87}","{""0.10"":0.5757575757575758,""0.15"":0.6153846153846154,""0.20"":0.58}",0.5757575757575758,"{""left"":229,""right"":242}","{""left"":130,""right"":148}",296,269,0.9087837837837838,9,228,23,0,0,0,0,0,27,0,125,114,45.0,80.29999999999995,0.0,57.54999999999961,73782,6973,100,0,False,F0,202608243,True,False,True,0.5626326963906582,0.0,0.0,0.0,UNACHIEVABLE,UNACHIEVABLE,UNACHIEVABLE
F0_seed_202608243,DIAGNOSTIC_OOF_PARETO,s0.55_p0.65_e0.25_n0.20_f0.60_k2_h0.05,0.55,0.65,0.25,0.2,0.6,2,0.05,333,471,428,425,383,371,293,278,0.9087048832271762,0.9023354564755839,0.8131634819532909,0.7876857749469215,0.6220806794055201,0.5902335456475584,278,0.5902335456475584,"{""0.10"":165,""0.15"":156,""0.20"":150}","{""0.10"":95,""0.15"":96,""0.20"":87}","{""0.10"":0.5757575757575758,""0.15"":0.6153846153846154,""0.20"":0.58}",0.5757575757575758,"{""left"":229,""right"":242}","{""left"":130,""right"":148}",296,269,0.9087837837837838,9,228,23,0,0,0,0,0,27,0,125,114,45.0,80.29999999999995,0.0,57.54999999999961,73782,6973,100,0,False,F0,202608243,True,False,True,0.5626326963906582,0.0,0.0,0.0,UNACHIEVABLE,UNACHIEVABLE,UNACHIEVABLE
F0_seed_202608243,DIAGNOSTIC_OOF_PARETO,s0.55_p0.65_e0.25_n0.20_f0.60_k3_h0.00,0.55,0.65,0.25,0.2,0.6,3,0.0,333,471,428,425,383,371,233,227,0.9087048832271762,0.9023354564755839,0.8131634819532909,0.7876857749469215,0.49469214437367304,0.4819532908704883,227,0.4819532908704883,"{""0.10"":165,""0.15"":156,""0.20"":150}","{""0.10"":83,""0.15"":69,""0.20"":75}","{""0.10"":0.503030303030303,""0.15"":0.4423076923076923,""0.20"":0.5}",0.4423076923076923,"{""left"":229,""right"":242}","{""left"":104,""right"":123}",249,225,0.9036144578313253,0,143,9,0,0,0,0,0,24,0,125,110,36.0,73.0,0.0,110.79999999999984,73782,6973,100,0,False,F0,202608243,True,False,True,0.5626326963906582,0.0,0.0,0.0,UNACHIEVABLE,UNACHIEVABLE,UNACHIEVABLE
F0_seed_202608243,DIAGNOSTIC_OOF_PARETO,s0.55_p0.65_e0.25_n0.20_f0.60_k3_h0.05,0.55,0.65,0.25,0.2,0.6,3,0.05,333,471,428,425,383,371,233,227,0.9087048832271762,0.9023354564755839,0.8131634819532909,0.7876857749469215,0.49469214437367304,0.4819532908704883,227,0.4819532908704883,"{""0.10"":165,""0.15"":156,""0.20"":150}","{""0.10"":83,""0.15"":69,""0.20"":75}","{""0.10"":0.503030303030303,""0.15"":0.4423076923076923,""0.20"":0.5}",0.4423076923076923,"{""left"":229,""right"":242}","{""left"":104,""right"":123}",249,225,0.9036144578313253,0,143,9,0,0,0,0,0,24,0,125,110,36.0,73.0,0.0,110.79999999999984,73782,6973,100,0,False,F0,202608243,True,False,True,0.5626326963906582,0.0,0.0,0.0,UNACHIEVABLE,UNACHIEVABLE,UNACHIEVABLE
F1_seed_202608241,DIAGNOSTIC_OOF_PARETO,s0.45_p0.45_e0.15_n0.10_f0.60_k1_h0.00,0.45,0.45,0.15,0.1,0.6,1,0.0,333,471,364,370,315,306,302,277,0.772823779193206,0.7855626326963907,0.6687898089171974,0.6496815286624203,0.6411889596602972,0.5881104033970276,277,0.5881104033970276,"{""0.10"":165,""0.15"":156,""0.20"":150}","{""0.10"":93,""0.15"":85,""0.20"":99}","{""0.10"":0.5636363636363636,""0.15"":0.5448717948717948,""0.20"":0.66}",0.5448717948717948,"{""left"":229,""right"":242}","{""left"":135,""right"":142}",298,269,0.9026845637583892,0,178,33,0,0,0,0,0,29,0,125,111,44.0,83.19999999999999,0.0,38.599999999999966,73782,6973,100,0,False,F1,202608241,True,False,True,0.5881104033970276,0.0,0.08280254777070063,0.0,UNACHIEVABLE,UNACHIEVABLE,UNACHIEVABLE
F1_seed_202608241,DIAGNOSTIC_OOF_PARETO,s0.45_p0.45_e0.15_n0.10_f0.60_k1_h0.05,0.45,0.45,0.15,0.1,0.6,1,0.05,333,471,364,370,315,306,302,277,0.772823779193206,0.7855626326963907,0.6687898089171974,0.6496815286624203,0.6411889596602972,0.5881104033970276,277,0.5881104033970276,"{""0.10"":165,""0.15"":156,""0.20"":150}","{""0.10"":93,""0.15"":85,""0.20"":99}","{""0.10"":0.5636363636363636,""0.15"":0.5448717948717948,""0.20"":0.66}",0.5448717948717948,"{""left"":229,""right"":242}","{""left"":135,""right"":142}",298,269,0.9026845637583892,0,178,33,0,0,0,0,0,29,0,125,111,44.0,83.19999999999999,0.0,38.599999999999966,73782,6973,100,0,False,F1,202608241,True,False,True,0.5881104033970276,0.0,0.08280254777070063,0.0,UNACHIEVABLE,UNACHIEVABLE,UNACHIEVABLE
F1_seed_202608241,DIAGNOSTIC_OOF_PARETO,s0.45_p0.45_e0.15_n0.10_f0.60_k2_h0.00,0.45,0.45,0.15,0.1,0.6,2,0.0,333,471,364,370,315,306,219,206,0.772823779193206,0.7855626326963907,0.6687898089171974,0.6496815286624203,0.46496815286624205,0.43736730360934184,206,0.43736730360934184,"{""0.10"":165,""0.15"":156,""0.20"":150}","{""0.10"":73,""0.15"":65,""0.20"":68}","{""0.10"":0.44242424242424244,""0.15"":0.4166666666666667,""0.20"":0.4533333333333333}",0.4166666666666667,"{""left"":229,""right"":242}","{""left"":112,""right"":94}",217,201,0.9262672811059908,0,95,24,0,0,0,0,0,16,0,125,95,33.0,77.0,0.0,47.75,73782,6973,100,0,False,F1,202608241,True,False,True,0.5881104033970276,0.0,0.08280254777070063,0.0,UNACHIEVABLE,UNACHIEVABLE,UNACHIEVABLE
F1_seed_202608241,DIAGNOSTIC_OOF_PARETO,s0.45_p0.45_e0.15_n0.10_f0.60_k2_h0.05,0.45,0.45,0.15,0.1,0.6,2,0.05,333,471,364,370,315,306,219,206,0.772823779193206,0.7855626326963907,0.6687898089171974,0.6496815286624203,0.46496815286624205,0.43736730360934184,206,0.43736730360934184,"{""0.10"":165,""0.15"":156,""0.20"":150}","{""0.10"":73,""0.15"":65,""0.20"":68}","{""0.10"":0.44242424242424244,""0.15"":0.4166666666666667,""0.20"":0.4533333333333333}",0.4166666666666667,"{""left"":229,""right"":242}","{""left"":112,""right"":94}",217,201,0.9262672811059908,0,95,24,0,0,0,0,0,16,0,125,95,33.0,77.0,0.0,47.75,73782,6973,100,0,False,F1,202608241,True,False,True,0.5881104033970276,0.0,0.08280254777070063,0.0,UNACHIEVABLE,UNACHIEVABLE,UNACHIEVABLE
F1_seed_202608241,DIAGNOSTIC_OOF_PARETO,s0.45_p0.45_e0.15_n0.10_f0.60_k3_h0.00,0.45,0.45,0.15,0.1,0.6,3,0.0,333,471,364,370,315,306,160,153,0.772823779193206,0.7855626326963907,0.6687898089171974,0.6496815286624203,0.33970276008492567,0.3248407643312102,153,0.3248407643312102,"{""0.10"":165,""0.15"":156,""0.20"":150}","{""0.10"":52,""0.15"":48,""0.20"":53}","{""0.10"":0.3151515151515151,""0.15"":0.3076923076923077,""0.20"":0.35333333333333333}",0.3076923076923077,"{""left"":229,""right"":242}","{""left"":81,""right"":72}",164,151,0.9207317073170732,0,51,13,0,0,0,0,0,13,0,125,87,27.0,69.80000000000001,0.0,78.60000000000014,73782,6973,100,0,False,F1,202608241,True,False,True,0.5881104033970276,0.0,0.08280254777070063,0.0,UNACHIEVABLE,UNACHIEVABLE,UNACHIEVABLE
F1_seed_202608241,DIAGNOSTIC_OOF_PARETO,s0.45_p0.45_e0.15_n0.10_f0.60_k3_h0.05,0.45,0.45,0.15,0.1,0.6,3,0.05,333,471,364,370,315,306,160,153,0.772823779193206,0.7855626326963907,0.6687898089171974,0.6496815286624203,0.33970276008492567,0.3248407643312102,153,0.3248407643312102,"{""0.10"":165,""0.15"":156,""0.20"":150}","{""0.10"":52,""0.15"":48,""0.20"":53}","{""0.10"":0.3151515151515151,""0.15"":0.3076923076923077,""0.20"":0.35333333333333333}",0.3076923076923077,"{""left"":229,""right"":242}","{""left"":81,""right"":72}",164,151,0.9207317073170732,0,51,13,0,0,0,0,0,13,0,125,87,27.0,69.80000000000001,0.0,78.60000000000014,73782,6973,100,0,False,F1,202608241,True,False,True,0.5881104033970276,0.0,0.08280254777070063,0.0,UNACHIEVABLE,UNACHIEVABLE,UNACHIEVABLE
F1_seed_202608241,DIAGNOSTIC_OOF_PARETO,s0.45_p0.45_e0.25_n0.20_f0.60_k1_h0.00,0.45,0.45,0.25,0.2,0.6,1,0.0,333,471,364,370,310,301,298,274,0.772823779193206,0.7855626326963907,0.6581740976645435,0.6390658174097664,0.6326963906581741,0.5817409766454352,274,0.5817409766454352,"{""0.10"":165,""0.15"":156,""0.20"":150}","{""0.10"":92,""0.15"":84,""0.20"":98}","{""0.10"":0.5575757575757576,""0.15"":0.5384615384615384,""0.20"":0.6533333333333333}",0.5384615384615384,"{""left"":229,""right"":242}","{""left"":134,""right"":140}",295,266,0.9016949152542373,0,175,33,0,0,0,0,0,29,0,125,111,43.0,82.0,0.0,39.0499999999999,73782,6973,100,0,False,F1,202608241,True,False,True,0.5881104033970276,0.0,0.08280254777070063,0.0,UNACHIEVABLE,UNACHIEVABLE,UNACHIEVABLE
F1_seed_202608241,DIAGNOSTIC_OOF_PARETO,s0.45_p0.45_e0.25_n0.20_f0.60_k1_h0.05,0.45,0.45,0.25,0.2,0.6,1,0.05,333,471,364,370,310,301,299,274,0.772823779193206,0.7855626326963907,0.6581740976645435,0.6390658174097664,0.6348195329087049,0.5817409766454352,274,0.5817409766454352,"{""0.10"":165,""0.15"":156,""0.20"":150}","{""0.10"":92,""0.15"":84,""0.20"":98}","{""0.10"":0.5575757575757576,""0.15"":0.5384615384615384,""0.20"":0.6533333333333333}",0.5384615384615384,"{""left"":229,""right"":242}","{""left"":134,""right"":140}",295,266,0.9016949152542373,0,175,33,0,0,0,0,0,29,0,125,111,43.0,82.0,0.0,39.0499999999999,73782,6973,100,0,False,F1,202608241,True,False,True,0.5881104033970276,0.0,0.08280254777070063,0.0,UNACHIEVABLE,UNACHIEVABLE,UNACHIEVABLE
F1_seed_202608241,DIAGNOSTIC_OOF_PARETO,s0.45_p0.45_e0.25_n0.20_f0.60_k2_h0.00,0.45,0.45,0.25,0.2,0.6,2,0.0,333,471,364,370,310,301,217,205,0.772823779193206,0.7855626326963907,0.6581740976645435,0.6390658174097664,0.4607218683651805,0.43524416135881105,205,0.43524416135881105,"{""0.10"":165,""0.15"":156,""0.20"":150}","{""0.10"":73,""0.15"":64,""0.20"":68}","{""0.10"":0.44242424242424244,""0.15"":0.41025641025641024,""0.20"":0.4533333333333333}",0.41025641025641024,"{""left"":229,""right"":242}","{""left"":111,""right"":94}",216,200,0.9259259259259259,0,91,24,0,0,0,0,0,16,0,125,95,32.0,77.0,0.0,47.79999999999998,73782,6973,100,0,False,F1,202608241,True,False,True,0.5881104033970276,0.0,0.08280254777070063,0.0,UNACHIEVABLE,UNACHIEVABLE,UNACHIEVABLE
F1_seed_202608241,DIAGNOSTIC_OOF_PARETO,s0.45_p0.45_e0.25_n0.20_f0.60_k2_h0.05,0.45,0.45,0.25,0.2,0.6,2,0.05,333,471,364,370,310,301,218,205,0.772823779193206,0.7855626326963907,0.6581740976645435,0.6390658174097664,0.46284501061571126,0.43524416135881105,205,0.43524416135881105,"{""0.10"":165,""0.15"":156,""0.20"":150}","{""0.10"":73,""0.15"":64,""0.20"":68}","{""0.10"":0.44242424242424244,""0.15"":0.41025641025641024,""0.20"":0.4533333333333333}",0.41025641025641024,"{""left"":229,""right"":242}","{""left"":111,""right"":94}",216,200,0.9259259259259259,0,91,24,0,0,0,0,0,16,0,125,95,32.0,77.0,0.0,47.79999999999998,73782,6973,100,0,False,F1,202608241,True,False,True,0.5881104033970276,0.0,0.08280254777070063,0.0,UNACHIEVABLE,UNACHIEVABLE,UNACHIEVABLE
F1_seed_202608241,DIAGNOSTIC_OOF_PARETO,s0.45_p0.45_e0.25_n0.20_f0.60_k3_h0.00,0.45,0.45,0.25,0.2,0.6,3,0.0,333,471,364,370,310,301,159,153,0.772823779193206,0.7855626326963907,0.6581740976645435,0.6390658174097664,0.3375796178343949,0.3248407643312102,153,0.3248407643312102,"{""0.10"":165,""0.15"":156,""0.20"":150}","{""0.10"":52,""0.15"":48,""0.20"":53}","{""0.10"":0.3151515151515151,""0.15"":0.3076923076923077,""0.20"":0.35333333333333333}",0.3076923076923077,"{""left"":229,""right"":242}","{""left"":81,""right"":72}",163,151,0.9263803680981595,0,45,12,0,0,0,0,0,12,0,125,87,27.0,69.80000000000001,0.0,78.60000000000014,73782,6973,100,0,False,F1,202608241,True,False,True,0.5881104033970276,0.0,0.08280254777070063,0.0,UNACHIEVABLE,UNACHIEVABLE,UNACHIEVABLE
F1_seed_202608241,DIAGNOSTIC_OOF_PARETO,s0.45_p0.45_e0.25_n0.20_f0.60_k3_h0.05,0.45,0.45,0.25,0.2,0.6,3,0.05,333,471,364,370,310,301,160,153,0.772823779193206,0.7855626326963907,0.6581740976645435,0.6390658174097664,0.33970276008492567,0.3248407643312102,153,0.3248407643312102,"{""0.10"":165,""0.15"":156,""0.20"":150}","{""0.10"":52,""0.15"":48,""0.20"":53}","{""0.10"":0.3151515151515151,""0.15"":0.3076923076923077,""0.20"":0.35333333333333333}",0.3076923076923077,"{""left"":229,""right"":242}","{""left"":81,""right"":72}",163,151,0.9263803680981595,0,45,12,0,0,0,0,0,12,0,125,87,27.0,69.80000000000001,0.0,78.60000000000014,73782,6973,100,0,False,F1,202608241,True,False,True,0.5881104033970276,0.0,0.08280254777070063,0.0,UNACHIEVABLE,UNACHIEVABLE,UNACHIEVABLE
F1_seed_202608241,DIAGNOSTIC_OOF_PARETO,s0.55_p0.55_e0.15_n0.10_f0.60_k1_h0.00,0.55,0.55,0.15,0.1,0.6,1,0.0,333,471,364,340,283,274,270,251,0.772823779193206,0.721868365180467,0.6008492569002123,0.5817409766454352,0.5732484076433121,0.5329087048832272,251,0.5329087048832272,"{""0.10"":165,""0.15"":156,""0.20"":150}","{""0.10"":84,""0.15"":75,""0.20"":92}","{""0.10"":0.509090909090909,""0.15"":0.4807692307692308,""0.20"":0.6133333333333333}",0.4807692307692308,"{""left"":229,""right"":242}","{""left"":128,""right"":123}",268,243,0.9067164179104478,0,152,31,0,0,0,0,0,25,0,125,108,41.0,82.0,0.0,41.0,73782,6973,100,0,False,F1,202608241,True,False,True,0.5881104033970276,0.0,0.08280254777070063,0.0,UNACHIEVABLE,UNACHIEVABLE,UNACHIEVABLE
F1_seed_202608241,DIAGNOSTIC_OOF_PARETO,s0.55_p0.55_e0.15_n0.10_f0.60_k1_h0.05,0.55,0.55,0.15,0.1,0.6,1,0.05,333,471,364,340,283,274,270,252,0.772823779193206,0.721868365180467,0.6008492569002123,0.5817409766454352,0.5732484076433121,0.535031847133758,252,0.535031847133758,"{""0.10"":165,""0.15"":156,""0.20"":150}","{""0.10"":84,""0.15"":75,""0.20"":93}","{""0.10"":0.509090909090909,""0.15"":0.4807692307692308,""0.20"":0.62}",0.4807692307692308,"{""left"":229,""right"":242}","{""left"":128,""right"":124}",269,244,0.9070631970260223,0,152,31,0,0,0,0,0,25,0,125,108,41.0,82.0,0.0,41.0,73782,6973,100,0,False,F1,202608241,True,False,True,0.5881104033970276,0.0,0.08280254777070063,0.0,UNACHIEVABLE,UNACHIEVABLE,UNACHIEVABLE
F1_seed_202608241,DIAGNOSTIC_OOF_PARETO,s0.55_p0.55_e0.15_n0.10_f0.60_k2_h0.00,0.55,0.55,0.15,0.1,0.6,2,0.0,333,471,364,340,283,274,183,173,0.772823779193206,0.721868365180467,0.6008492569002123,0.5817409766454352,0.3885350318471338,0.3673036093418259,173,0.3673036093418259,"{""0.10"":165,""0.15"":156,""0.20"":150}","{""0.10"":59,""0.15"":56,""0.20"":58}","{""0.10"":0.3575757575757576,""0.15"":0.358974358974359,""0.20"":0.38666666666666666}",0.3575757575757576,"{""left"":229,""right"":242}","{""left"":94,""right"":79}",184,169,0.9184782608695652,0,68,20,0,0,0,0,0,15,0,125,93,31.0,74.60000000000002,0.0,49.60000000000002,73782,6973,100,0,False,F1,202608241,True,False,True,0.5881104033970276,0.0,0.08280254777070063,0.0,UNACHIEVABLE,UNACHIEVABLE,UNACHIEVABLE
F1_seed_202608241,DIAGNOSTIC_OOF_PARETO,s0.55_p0.55_e0.15_n0.10_f0.60_k2_h0.05,0.55,0.55,0.15,0.1,0.6,2,0.05,333,471,364,340,283,274,183,173,0.772823779193206,0.721868365180467,0.6008492569002123,0.5817409766454352,0.3885350318471338,0.3673036093418259,173,0.3673036093418259,"{""0.10"":165,""0.15"":156,""0.20"":150}","{""0.10"":59,""0.15"":56,""0.20"":58}","{""0.10"":0.3575757575757576,""0.15"":0.358974358974359,""0.20"":0.38666666666666666}",0.3575757575757576,"{""left"":229,""right"":242}","{""left"":94,""right"":79}",184,169,0.9184782608695652,0,68,20,0,0,0,0,0,15,0,125,93,31.0,74.60000000000002,0.0,49.60000000000002,73782,6973,100,0,False,F1,202608241,True,False,True,0.5881104033970276,0.0,0.08280254777070063,0.0,UNACHIEVABLE,UNACHIEVABLE,UNACHIEVABLE
F1_seed_202608241,DIAGNOSTIC_OOF_PARETO,s0.55_p0.55_e0.15_n0.10_f0.60_k3_h0.00,0.55,0.55,0.15,0.1,0.6,3,0.0,333,471,364,340,283,274,130,125,0.772823779193206,0.721868365180467,0.6008492569002123,0.5817409766454352,0.2760084925690021,0.2653927813163482,125,0.2653927813163482,"{""0.10"":165,""0.15"":156,""0.20"":150}","{""0.10"":44,""0.15"":36,""0.20"":45}","{""0.10"":0.26666666666666666,""0.15"":0.23076923076923078,""0.20"":0.3}",0.23076923076923078,"{""left"":229,""right"":242}","{""left"":70,""right"":55}",136,124,0.9117647058823529,0,39,12,0,0,0,0,0,12,0,125,77,27.0,70.6,0.0,86.79999999999991,73782,6973,100,0,False,F1,202608241,True,False,True,0.5881104033970276,0.0,0.08280254777070063,0.0,UNACHIEVABLE,UNACHIEVABLE,UNACHIEVABLE
F1_seed_202608241,DIAGNOSTIC_OOF_PARETO,s0.55_p0.55_e0.15_n0.10_f0.60_k3_h0.05,0.55,0.55,0.15,0.1,0.6,3,0.05,333,471,364,340,283,274,130,125,0.772823779193206,0.721868365180467,0.6008492569002123,0.5817409766454352,0.2760084925690021,0.2653927813163482,125,0.2653927813163482,"{""0.10"":165,""0.15"":156,""0.20"":150}","{""0.10"":44,""0.15"":36,""0.20"":45}","{""0.10"":0.26666666666666666,""0.15"":0.23076923076923078,""0.20"":0.3}",0.23076923076923078,"{""left"":229,""right"":242}","{""left"":70,""right"":55}",136,124,0.9117647058823529,0,39,12,0,0,0,0,0,12,0,125,77,27.0,70.6,0.0,86.79999999999991,73782,6973,100,0,False,F1,202608241,True,False,True,0.5881104033970276,0.0,0.08280254777070063,0.0,UNACHIEVABLE,UNACHIEVABLE,UNACHIEVABLE
F1_seed_202608241,DIAGNOSTIC_OOF_PARETO,s0.55_p0.55_e0.25_n0.20_f0.60_k1_h0.00,0.55,0.55,0.25,0.2,0.6,1,0.0,333,471,364,340,281,272,269,250,0.772823779193206,0.721868365180467,0.5966029723991507,0.5774946921443737,0.5711252653927813,0.5307855626326964,250,0.5307855626326964,"{""0.10"":165,""0.15"":156,""0.20"":150}","{""0.10"":84,""0.15"":75,""0.20"":91}","{""0.10"":0.509090909090909,""0.15"":0.4807692307692308,""0.20"":0.6066666666666667}",0.4807692307692308,"{""left"":229,""right"":242}","{""left"":127,""right"":123}",267,242,0.9063670411985019,0,150,31,0,0,0,0,0,25,0,125,108,41.0,82.0,0.0,41.0,73782,6973,100,0,False,F1,202608241,True,False,True,0.5881104033970276,0.0,0.08280254777070063,0.0,UNACHIEVABLE,UNACHIEVABLE,UNACHIEVABLE
F1_seed_202608241,DIAGNOSTIC_OOF_PARETO,s0.55_p0.55_e0.25_n0.20_f0.60_k1_h0.05,0.55,0.55,0.25,0.2,0.6,1,0.05,333,471,364,340,281,272,269,251,0.772823779193206,0.721868365180467,0.5966029723991507,0.5774946921443737,0.5711252653927813,0.5329087048832272,251,0.5329087048832272,"{""0.10"":165,""0.15"":156,""0.20"":150}","{""0.10"":84,""0.15"":75,""0.20"":92}","{""0.10"":0.509090909090909,""0.15"":0.4807692307692308,""0.20"":0.6133333333333333}",0.4807692307692308,"{""left"":229,""right"":242}","{""left"":127,""right"":124}",268,243,0.9067164179104478,0,150,31,0,0,0,0,0,25,0,125,108,41.0,82.0,0.0,41.0,73782,6973,100,0,False,F1,202608241,True,False,True,0.5881104033970276,0.0,0.08280254777070063,0.0,UNACHIEVABLE,UNACHIEVABLE,UNACHIEVABLE
F1_seed_202608241,DIAGNOSTIC_OOF_PARETO,s0.55_p0.55_e0.25_n0.20_f0.60_k2_h0.00,0.55,0.55,0.25,0.2,0.6,2,0.0,333,471,364,340,281,272,181,171,0.772823779193206,0.721868365180467,0.5966029723991507,0.5774946921443737,0.3842887473460722,0.3630573248407643,171,0.3630573248407643,"{""0.10"":165,""0.15"":156,""0.20"":150}","{""0.10"":59,""0.15"":55,""0.20"":57}","{""0.10"":0.3575757575757576,""0.15"":0.3525641025641026,""0.20"":0.38}",0.3525641025641026,"{""left"":229,""right"":242}","{""left"":94,""right"":77}",182,167,0.9175824175824175,0,67,20,0,0,0,0,0,15,0,125,92,29.0,75.0,0.0,50.0,73782,6973,100,0,False,F1,202608241,True,False,True,0.5881104033970276,0.0,0.08280254777070063,0.0,UNACHIEVABLE,UNACHIEVABLE,UNACHIEVABLE
F1_seed_202608241,DIAGNOSTIC_OOF_PARETO,s0.55_p0.55_e0.25_n0.20_f0.60_k2_h0.05,0.55,0.55,0.25,0.2,0.6,2,0.05,333,471,364,340,281,272,181,171,0.772823779193206,0.721868365180467,0.5966029723991507,0.5774946921443737,0.3842887473460722,0.3630573248407643,171,0.3630573248407643,"{""0.10"":165,""0.15"":156,""0.20"":150}","{""0.10"":59,""0.15"":55,""0.20"":57}","{""0.10"":0.3575757575757576,""0.15"":0.3525641025641026,""0.20"":0.38}",0.3525641025641026,"{""left"":229,""right"":242}","{""left"":94,""right"":77}",182,167,0.9175824175824175,0,67,20,0,0,0,0,0,15,0,125,92,29.0,75.0,0.0,50.0,73782,6973,100,0,False,F1,202608241,True,False,True,0.5881104033970276,0.0,0.08280254777070063,0.0,UNACHIEVABLE,UNACHIEVABLE,UNACHIEVABLE
F1_seed_202608241,DIAGNOSTIC_OOF_PARETO,s0.55_p0.55_e0.25_n0.20_f0.60_k3_h0.00,0.55,0.55,0.25,0.2,0.6,3,0.0,333,471,364,340,281,272,128,124,0.772823779193206,0.721868365180467,0.5966029723991507,0.5774946921443737,0.27176220806794055,0.2632696390658174,124,0.2632696390658174,"{""0.10"":165,""0.15"":156,""0.20"":150}","{""0.10"":44,""0.15"":36,""0.20"":44}","{""0.10"":0.26666666666666666,""0.15"":0.23076923076923078,""0.20"":0.29333333333333333}",0.23076923076923078,"{""left"":229,""right"":242}","{""left"":70,""right"":54}",135,123,0.9111111111111111,0,35,10,0,0,0,0,0,12,0,125,77,27.0,70.69999999999999,0.0,88.34999999999982,73782,6973,100,0,False,F1,202608241,True,False,True,0.5881104033970276,0.0,0.08280254777070063,0.0,UNACHIEVABLE,UNACHIEVABLE,UNACHIEVABLE
F1_seed_202608241,DIAGNOSTIC_OOF_PARETO,s0.55_p0.55_e0.25_n0.20_f0.60_k3_h0.05,0.55,0.55,0.25,0.2,0.6,3,0.05,333,471,364,340,281,272,128,124,0.772823779193206,0.721868365180467,0.5966029723991507,0.5774946921443737,0.27176220806794055,0.2632696390658174,124,0.2632696390658174,"{""0.10"":165,""0.15"":156,""0.20"":150}","{""0.10"":44,""0.15"":36,""0.20"":44}","{""0.10"":0.26666666666666666,""0.15"":0.23076923076923078,""0.20"":0.29333333333333333}",0.23076923076923078,"{""left"":229,""right"":242}","{""left"":70,""right"":54}",135,123,0.9111111111111111,0,35,10,0,0,0,0,0,12,0,125,77,27.0,70.69999999999999,0.0,88.34999999999982,73782,6973,100,0,False,F1,202608241,True,False,True,0.5881104033970276,0.0,0.08280254777070063,0.0,UNACHIEVABLE,UNACHIEVABLE,UNACHIEVABLE
F1_seed_202608241,DIAGNOSTIC_OOF_PARETO,s0.65_p0.65_e0.15_n0.10_f0.60_k1_h0.00,0.65,0.65,0.15,0.1,0.6,1,0.0,333,471,364,288,236,227,225,211,0.772823779193206,0.6114649681528662,0.5010615711252654,0.4819532908704883,0.47770700636942676,0.44798301486199577,211,0.44798301486199577,"{""0.10"":165,""0.15"":156,""0.20"":150}","{""0.10"":74,""0.15"":63,""0.20"":74}","{""0.10"":0.4484848484848485,""0.15"":0.40384615384615385,""0.20"":0.49333333333333335}",0.40384615384615385,"{""left"":229,""right"":242}","{""left"":110,""right"":101}",225,206,0.9155555555555556,0,105,25,0,0,0,0,0,19,0,125,100,40.0,82.0,0.0,45.0,73782,6973,100,0,False,F1,202608241,True,False,True,0.5881104033970276,0.0,0.08280254777070063,0.0,UNACHIEVABLE,UNACHIEVABLE,UNACHIEVABLE
F1_seed_202608241,DIAGNOSTIC_OOF_PARETO,s0.65_p0.65_e0.15_n0.10_f0.60_k1_h0.05,0.65,0.65,0.15,0.1,0.6,1,0.05,333,471,364,288,236,227,226,212,0.772823779193206,0.6114649681528662,0.5010615711252654,0.4819532908704883,0.47983014861995754,0.45010615711252655,212,0.45010615711252655,"{""0.10"":165,""0.15"":156,""0.20"":150}","{""0.10"":74,""0.15"":63,""0.20"":75}","{""0.10"":0.4484848484848485,""0.15"":0.40384615384615385,""0.20"":0.5}",0.40384615384615385,"{""left"":229,""right"":242}","{""left"":110,""right"":102}",226,207,0.915929203539823,0,105,25,0,0,0,0,0,19,0,125,100,39.5,82.0,0.0,44.69999999999993,73782,6973,100,0,False,F1,202608241,True,False,True,0.5881104033970276,0.0,0.08280254777070063,0.0,UNACHIEVABLE,UNACHIEVABLE,UNACHIEVABLE
F1_seed_202608241,DIAGNOSTIC_OOF_PARETO,s0.65_p0.65_e0.15_n0.10_f0.60_k2_h0.00,0.65,0.65,0.15,0.1,0.6,2,0.0,333,471,364,288,236,227,135,127,0.772823779193206,0.6114649681528662,0.5010615711252654,0.4819532908704883,0.28662420382165604,0.26963906581740976,127,0.26963906581740976,"{""0.10"":165,""0.15"":156,""0.20"":150}","{""0.10"":43,""0.15"":39,""0.20"":45}","{""0.10"":0.2606060606060606,""0.15"":0.25,""0.20"":0.3}",0.25,"{""left"":229,""right"":242}","{""left"":68,""right"":59}",140,124,0.8857142857142857,0,45,15,0,0,0,0,0,16,0,125,70,28.0,67.79999999999995,0.0,73.69999999999965,73782,6973,100,0,False,F1,202608241,True,False,True,0.5881104033970276,0.0,0.08280254777070063,0.0,UNACHIEVABLE,UNACHIEVABLE,UNACHIEVABLE
F1_seed_202608241,DIAGNOSTIC_OOF_PARETO,s0.65_p0.65_e0.15_n0.10_f0.60_k2_h0.05,0.65,0.65,0.15,0.1,0.6,2,0.05,333,471,364,288,236,227,135,127,0.772823779193206,0.6114649681528662,0.5010615711252654,0.4819532908704883,0.28662420382165604,0.26963906581740976,127,0.26963906581740976,"{""0.10"":165,""0.15"":156,""0.20"":150}","{""0.10"":43,""0.15"":39,""0.20"":45}","{""0.10"":0.2606060606060606,""0.15"":0.25,""0.20"":0.3}",0.25,"{""left"":229,""right"":242}","{""left"":68,""right"":59}",140,124,0.8857142857142857,0,45,15,0,0,0,0,0,16,0,125,70,28.0,67.79999999999995,0.0,73.69999999999965,73782,6973,100,0,False,F1,202608241,True,False,True,0.5881104033970276,0.0,0.08280254777070063,0.0,UNACHIEVABLE,UNACHIEVABLE,UNACHIEVABLE
F1_seed_202608241,DIAGNOSTIC_OOF_PARETO,s0.65_p0.65_e0.15_n0.10_f0.60_k3_h0.00,0.65,0.65,0.15,0.1,0.6,3,0.0,333,471,364,288,236,227,89,85,0.772823779193206,0.6114649681528662,0.5010615711252654,0.4819532908704883,0.18895966029723993,0.18046709129511676,85,0.18046709129511676,"{""0.10"":165,""0.15"":156,""0.20"":150}","{""0.10"":30,""0.15"":23,""0.20"":32}","{""0.10"":0.18181818181818182,""0.15"":0.14743589743589744,""0.20"":0.21333333333333335}",0.14743589743589744,"{""left"":229,""right"":242}","{""left"":49,""right"":36}",95,84,0.8842105263157894,0,18,7,0,0,0,0,0,11,0,125,54,27.0,67.8,0.0,86.79999999999991,73782,6973,100,0,False,F1,202608241,True,False,True,0.5881104033970276,0.0,0.08280254777070063,0.0,UNACHIEVABLE,UNACHIEVABLE,UNACHIEVABLE
F1_seed_202608241,DIAGNOSTIC_OOF_PARETO,s0.65_p0.65_e0.15_n0.10_f0.60_k3_h0.05,0.65,0.65,0.15,0.1,0.6,3,0.05,333,471,364,288,236,227,89,85,0.772823779193206,0.6114649681528662,0.5010615711252654,0.4819532908704883,0.18895966029723993,0.18046709129511676,85,0.18046709129511676,"{""0.10"":165,""0.15"":156,""0.20"":150}","{""0.10"":30,""0.15"":23,""0.20"":32}","{""0.10"":0.18181818181818182,""0.15"":0.14743589743589744,""0.20"":0.21333333333333335}",0.14743589743589744,"{""left"":229,""right"":242}","{""left"":49,""right"":36}",95,84,0.8842105263157894,0,18,7,0,0,0,0,0,11,0,125,54,27.0,67.8,0.0,86.79999999999991,73782,6973,100,0,False,F1,202608241,True,False,True,0.5881104033970276,0.0,0.08280254777070063,0.0,UNACHIEVABLE,UNACHIEVABLE,UNACHIEVABLE
F1_seed_202608241,DIAGNOSTIC_OOF_PARETO,s0.65_p0.65_e0.25_n0.20_f0.60_k1_h0.00,0.65,0.65,0.25,0.2,0.6,1,0.0,333,471,364,288,236,227,225,211,0.772823779193206,0.6114649681528662,0.5010615711252654,0.4819532908704883,0.47770700636942676,0.44798301486199577,211,0.44798301486199577,"{""0.10"":165,""0.15"":156,""0.20"":150}","{""0.10"":74,""0.15"":63,""0.20"":74}","{""0.10"":0.4484848484848485,""0.15"":0.40384615384615385,""0.20"":0.49333333333333335}",0.40384615384615385,"{""left"":229,""right"":242}","{""left"":110,""right"":101}",225,206,0.9155555555555556,0,105,25,0,0,0,0,0,19,0,125,100,40.0,82.0,0.0,45.0,73782,6973,100,0,False,F1,202608241,True,False,True,0.5881104033970276,0.0,0.08280254777070063,0.0,UNACHIEVABLE,UNACHIEVABLE,UNACHIEVABLE
F1_seed_202608241,DIAGNOSTIC_OOF_PARETO,s0.65_p0.65_e0.25_n0.20_f0.60_k1_h0.05,0.65,0.65,0.25,0.2,0.6,1,0.05,333,471,364,288,236,227,226,212,0.772823779193206,0.6114649681528662,0.5010615711252654,0.4819532908704883,0.47983014861995754,0.45010615711252655,212,0.45010615711252655,"{""0.10"":165,""0.15"":156,""0.20"":150}","{""0.10"":74,""0.15"":63,""0.20"":75}","{""0.10"":0.4484848484848485,""0.15"":0.40384615384615385,""0.20"":0.5}",0.40384615384615385,"{""left"":229,""right"":242}","{""left"":110,""right"":102}",226,207,0.915929203539823,0,105,25,0,0,0,0,0,19,0,125,100,39.5,82.0,0.0,44.69999999999993,73782,6973,100,0,False,F1,202608241,True,False,True,0.5881104033970276,0.0,0.08280254777070063,0.0,UNACHIEVABLE,UNACHIEVABLE,UNACHIEVABLE
F1_seed_202608241,DIAGNOSTIC_OOF_PARETO,s0.65_p0.65_e0.25_n0.20_f0.60_k2_h0.00,0.65,0.65,0.25,0.2,0.6,2,0.0,333,471,364,288,236,227,135,127,0.772823779193206,0.6114649681528662,0.5010615711252654,0.4819532908704883,0.28662420382165604,0.26963906581740976,127,0.26963906581740976,"{""0.10"":165,""0.15"":156,""0.20"":150}","{""0.10"":43,""0.15"":39,""0.20"":45}","{""0.10"":0.2606060606060606,""0.15"":0.25,""0.20"":0.3}",0.25,"{""left"":229,""right"":242}","{""left"":68,""right"":59}",140,124,0.8857142857142857,0,45,15,0,0,0,0,0,16,0,125,70,28.0,67.79999999999995,0.0,73.69999999999965,73782,6973,100,0,False,F1,202608241,True,False,True,0.5881104033970276,0.0,0.08280254777070063,0.0,UNACHIEVABLE,UNACHIEVABLE,UNACHIEVABLE
F1_seed_202608241,DIAGNOSTIC_OOF_PARETO,s0.65_p0.65_e0.25_n0.20_f0.60_k2_h0.05,0.65,0.65,0.25,0.2,0.6,2,0.05,333,471,364,288,236,227,135,127,0.772823779193206,0.6114649681528662,0.5010615711252654,0.4819532908704883,0.28662420382165604,0.26963906581740976,127,0.26963906581740976,"{""0.10"":165,""0.15"":156,""0.20"":150}","{""0.10"":43,""0.15"":39,""0.20"":45}","{""0.10"":0.2606060606060606,""0.15"":0.25,""0.20"":0.3}",0.25,"{""left"":229,""right"":242}","{""left"":68,""right"":59}",140,124,0.8857142857142857,0,45,15,0,0,0,0,0,16,0,125,70,28.0,67.79999999999995,0.0,73.69999999999965,73782,6973,100,0,False,F1,202608241,True,False,True,0.5881104033970276,0.0,0.08280254777070063,0.0,UNACHIEVABLE,UNACHIEVABLE,UNACHIEVABLE
F1_seed_202608241,DIAGNOSTIC_OOF_PARETO,s0.65_p0.65_e0.25_n0.20_f0.60_k3_h0.00,0.65,0.65,0.25,0.2,0.6,3,0.0,333,471,364,288,236,227,89,85,0.772823779193206,0.6114649681528662,0.5010615711252654,0.4819532908704883,0.18895966029723993,0.18046709129511676,85,0.18046709129511676,"{""0.10"":165,""0.15"":156,""0.20"":150}","{""0.10"":30,""0.15"":23,""0.20"":32}","{""0.10"":0.18181818181818182,""0.15"":0.14743589743589744,""0.20"":0.21333333333333335}",0.14743589743589744,"{""left"":229,""right"":242}","{""left"":49,""right"":36}",95,84,0.8842105263157894,0,18,7,0,0,0,0,0,11,0,125,54,27.0,67.8,0.0,86.79999999999991,73782,6973,100,0,False,F1,202608241,True,False,True,0.5881104033970276,0.0,0.08280254777070063,0.0,UNACHIEVABLE,UNACHIEVABLE,UNACHIEVABLE
F1_seed_202608241,DIAGNOSTIC_OOF_PARETO,s0.65_p0.65_e0.25_n0.20_f0.60_k3_h0.05,0.65,0.65,0.25,0.2,0.6,3,0.05,333,471,364,288,236,227,89,85,0.772823779193206,0.6114649681528662,0.5010615711252654,0.4819532908704883,0.18895966029723993,0.18046709129511676,85,0.18046709129511676,"{""0.10"":165,""0.15"":156,""0.20"":150}","{""0.10"":30,""0.15"":23,""0.20"":32}","{""0.10"":0.18181818181818182,""0.15"":0.14743589743589744,""0.20"":0.21333333333333335}",0.14743589743589744,"{""left"":229,""right"":242}","{""left"":49,""right"":36}",95,84,0.8842105263157894,0,18,7,0,0,0,0,0,11,0,125,54,27.0,67.8,0.0,86.79999999999991,73782,6973,100,0,False,F1,202608241,True,False,True,0.5881104033970276,0.0,0.08280254777070063,0.0,UNACHIEVABLE,UNACHIEVABLE,UNACHIEVABLE
F1_seed_202608241,DIAGNOSTIC_OOF_PARETO,s0.75_p0.75_e0.15_n0.10_f0.60_k1_h0.00,0.75,0.75,0.15,0.1,0.6,1,0.0,333,471,364,213,176,165,164,155,0.772823779193206,0.45222929936305734,0.37367303609341823,0.3503184713375796,0.3481953290870488,0.32908704883227174,155,0.32908704883227174,"{""0.10"":165,""0.15"":156,""0.20"":150}","{""0.10"":58,""0.15"":46,""0.20"":51}","{""0.10"":0.3515151515151515,""0.15"":0.2948717948717949,""0.20"":0.34}",0.2948717948717949,"{""left"":229,""right"":242}","{""left"":80,""right"":75}",169,150,0.8875739644970414,0,66,19,0,0,0,0,0,19,0,125,77,35.0,81.29999999999998,0.0,63.19999999999976,73782,6973,100,0,False,F1,202608241,True,False,True,0.5881104033970276,0.0,0.08280254777070063,0.0,UNACHIEVABLE,UNACHIEVABLE,UNACHIEVABLE
F1_seed_202608241,DIAGNOSTIC_OOF_PARETO,s0.75_p0.75_e0.15_n0.10_f0.60_k1_h0.05,0.75,0.75,0.15,0.1,0.6,1,0.05,333,471,364,213,176,165,164,156,0.772823779193206,0.45222929936305734,0.37367303609341823,0.3503184713375796,0.3481953290870488,0.33121019108280253,156,0.33121019108280253,"{""0.10"":165,""0.15"":156,""0.20"":150}","{""0.10"":58,""0.15"":46,""0.20"":52}","{""0.10"":0.3515151515151515,""0.15"":0.2948717948717949,""0.20"":0.3466666666666667}",0.2948717948717949,"{""left"":229,""right"":242}","{""left"":80,""right"":76}",170,151,0.888235294117647,0,67,19,0,0,0,0,0,19,0,125,77,35.0,81.25,0.0,62.5,73782,6973,100,0,False,F1,202608241,True,False,True,0.5881104033970276,0.0,0.08280254777070063,0.0,UNACHIEVABLE,UNACHIEVABLE,UNACHIEVABLE
F1_seed_202608241,DIAGNOSTIC_OOF_PARETO,s0.75_p0.75_e0.15_n0.10_f0.60_k2_h0.00,0.75,0.75,0.15,0.1,0.6,2,0.0,333,471,364,213,176,165,96,91,0.772823779193206,0.45222929936305734,0.37367303609341823,0.3503184713375796,0.20382165605095542,0.1932059447983015,91,0.1932059447983015,"{""0.10"":165,""0.15"":156,""0.20"":150}","{""0.10"":32,""0.15"":27,""0.20"":32}","{""0.10"":0.19393939393939394,""0.15"":0.17307692307692307,""0.20"":0.21333333333333335}",0.17307692307692307,"{""left"":229,""right"":242}","{""left"":55,""right"":36}",100,89,0.89,0,26,10,0,0,0,0,0,11,0,125,53,29.0,63.5,0.0,67.5,73782,6973,100,0,False,F1,202608241,True,False,True,0.5881104033970276,0.0,0.08280254777070063,0.0,UNACHIEVABLE,UNACHIEVABLE,UNACHIEVABLE
F1_seed_202608241,DIAGNOSTIC_OOF_PARETO,s0.75_p0.75_e0.15_n0.10_f0.60_k2_h0.05,0.75,0.75,0.15,0.1,0.6,2,0.05,333,471,364,213,176,165,96,91,0.772823779193206,0.45222929936305734,0.37367303609341823,0.3503184713375796,0.20382165605095542,0.1932059447983015,91,0.1932059447983015,"{""0.10"":165,""0.15"":156,""0.20"":150}","{""0.10"":32,""0.15"":27,""0.20"":32}","{""0.10"":0.19393939393939394,""0.15"":0.17307692307692307,""0.20"":0.21333333333333335}",0.17307692307692307,"{""left"":229,""right"":242}","{""left"":55,""right"":36}",100,89,0.89,0,26,10,0,0,0,0,0,11,0,125,53,29.0,63.5,0.0,67.5,73782,6973,100,0,False,F1,202608241,True,False,True,0.5881104033970276,0.0,0.08280254777070063,0.0,UNACHIEVABLE,UNACHIEVABLE,UNACHIEVABLE
F1_seed_202608241,DIAGNOSTIC_OOF_PARETO,s0.75_p0.75_e0.15_n0.10_f0.60_k3_h0.00,0.75,0.75,0.15,0.1,0.6,3,0.0,333,471,364,213,176,165,60,58,0.772823779193206,0.45222929936305734,0.37367303609341823,0.3503184713375796,0.12738853503184713,0.12314225053078556,58,0.12314225053078556,"{""0.10"":165,""0.15"":156,""0.20"":150}","{""0.10"":22,""0.15"":15,""0.20"":21}","{""0.10"":0.13333333333333333,""0.15"":0.09615384615384616,""0.20"":0.14}",0.09615384615384616,"{""left"":229,""right"":242}","{""left"":38,""right"":20}",65,57,0.8769230769230769,0,11,6,0,0,0,0,0,8,0,125,40,27.0,63.74999999999999,0.0,66.64999999999995,73782,6973,100,0,False,F1,202608241,True,False,True,0.5881104033970276,0.0,0.08280254777070063,0.0,UNACHIEVABLE,UNACHIEVABLE,UNACHIEVABLE
F1_seed_202608241,DIAGNOSTIC_OOF_PARETO,s0.75_p0.75_e0.15_n0.10_f0.60_k3_h0.05,0.75,0.75,0.15,0.1,0.6,3,0.05,333,471,364,213,176,165,60,58,0.772823779193206,0.45222929936305734,0.37367303609341823,0.3503184713375796,0.12738853503184713,0.12314225053078556,58,0.12314225053078556,"{""0.10"":165,""0.15"":156,""0.20"":150}","{""0.10"":22,""0.15"":15,""0.20"":21}","{""0.10"":0.13333333333333333,""0.15"":0.09615384615384616,""0.20"":0.14}",0.09615384615384616,"{""left"":229,""right"":242}","{""left"":38,""right"":20}",65,57,0.8769230769230769,0,11,6,0,0,0,0,0,8,0,125,40,27.0,63.74999999999999,0.0,66.64999999999995,73782,6973,100,0,False,F1,202608241,True,False,True,0.5881104033970276,0.0,0.08280254777070063,0.0,UNACHIEVABLE,UNACHIEVABLE,UNACHIEVABLE
F1_seed_202608241,DIAGNOSTIC_OOF_PARETO,s0.75_p0.75_e0.25_n0.20_f0.60_k1_h0.00,0.75,0.75,0.25,0.2,0.6,1,0.0,333,471,364,213,176,165,164,155,0.772823779193206,0.45222929936305734,0.37367303609341823,0.3503184713375796,0.3481953290870488,0.32908704883227174,155,0.32908704883227174,"{""0.10"":165,""0.15"":156,""0.20"":150}","{""0.10"":58,""0.15"":46,""0.20"":51}","{""0.10"":0.3515151515151515,""0.15"":0.2948717948717949,""0.20"":0.34}",0.2948717948717949,"{""left"":229,""right"":242}","{""left"":80,""right"":75}",169,150,0.8875739644970414,0,66,19,0,0,0,0,0,19,0,125,77,35.0,81.29999999999998,0.0,63.19999999999976,73782,6973,100,0,False,F1,202608241,True,False,True,0.5881104033970276,0.0,0.08280254777070063,0.0,UNACHIEVABLE,UNACHIEVABLE,UNACHIEVABLE
F1_seed_202608241,DIAGNOSTIC_OOF_PARETO,s0.75_p0.75_e0.25_n0.20_f0.60_k1_h0.05,0.75,0.75,0.25,0.2,0.6,1,0.05,333,471,364,213,176,165,164,156,0.772823779193206,0.45222929936305734,0.37367303609341823,0.3503184713375796,0.3481953290870488,0.33121019108280253,156,0.33121019108280253,"{""0.10"":165,""0.15"":156,""0.20"":150}","{""0.10"":58,""0.15"":46,""0.20"":52}","{""0.10"":0.3515151515151515,""0.15"":0.2948717948717949,""0.20"":0.3466666666666667}",0.2948717948717949,"{""left"":229,""right"":242}","{""left"":80,""right"":76}",170,151,0.888235294117647,0,67,19,0,0,0,0,0,19,0,125,77,35.0,81.25,0.0,62.5,73782,6973,100,0,False,F1,202608241,True,False,True,0.5881104033970276,0.0,0.08280254777070063,0.0,UNACHIEVABLE,UNACHIEVABLE,UNACHIEVABLE
F1_seed_202608241,DIAGNOSTIC_OOF_PARETO,s0.75_p0.75_e0.25_n0.20_f0.60_k2_h0.00,0.75,0.75,0.25,0.2,0.6,2,0.0,333,471,364,213,176,165,96,91,0.772823779193206,0.45222929936305734,0.37367303609341823,0.3503184713375796,0.20382165605095542,0.1932059447983015,91,0.1932059447983015,"{""0.10"":165,""0.15"":156,""0.20"":150}","{""0.10"":32,""0.15"":27,""0.20"":32}","{""0.10"":0.19393939393939394,""0.15"":0.17307692307692307,""0.20"":0.21333333333333335}",0.17307692307692307,"{""left"":229,""right"":242}","{""left"":55,""right"":36}",100,89,0.89,0,26,10,0,0,0,0,0,11,0,125,53,29.0,63.5,0.0,67.5,73782,6973,100,0,False,F1,202608241,True,False,True,0.5881104033970276,0.0,0.08280254777070063,0.0,UNACHIEVABLE,UNACHIEVABLE,UNACHIEVABLE
F1_seed_202608241,DIAGNOSTIC_OOF_PARETO,s0.75_p0.75_e0.25_n0.20_f0.60_k2_h0.05,0.75,0.75,0.25,0.2,0.6,2,0.05,333,471,364,213,176,165,96,91,0.772823779193206,0.45222929936305734,0.37367303609341823,0.3503184713375796,0.20382165605095542,0.1932059447983015,91,0.1932059447983015,"{""0.10"":165,""0.15"":156,""0.20"":150}","{""0.10"":32,""0.15"":27,""0.20"":32}","{""0.10"":0.19393939393939394,""0.15"":0.17307692307692307,""0.20"":0.21333333333333335}",0.17307692307692307,"{""left"":229,""right"":242}","{""left"":55,""right"":36}",100,89,0.89,0,26,10,0,0,0,0,0,11,0,125,53,29.0,63.5,0.0,67.5,73782,6973,100,0,False,F1,202608241,True,False,True,0.5881104033970276,0.0,0.08280254777070063,0.0,UNACHIEVABLE,UNACHIEVABLE,UNACHIEVABLE
F1_seed_202608241,DIAGNOSTIC_OOF_PARETO,s0.75_p0.75_e0.25_n0.20_f0.60_k3_h0.00,0.75,0.75,0.25,0.2,0.6,3,0.0,333,471,364,213,176,165,60,58,0.772823779193206,0.45222929936305734,0.37367303609341823,0.3503184713375796,0.12738853503184713,0.12314225053078556,58,0.12314225053078556,"{""0.10"":165,""0.15"":156,""0.20"":150}","{""0.10"":22,""0.15"":15,""0.20"":21}","{""0.10"":0.13333333333333333,""0.15"":0.09615384615384616,""0.20"":0.14}",0.09615384615384616,"{""left"":229,""right"":242}","{""left"":38,""right"":20}",65,57,0.8769230769230769,0,11,6,0,0,0,0,0,8,0,125,40,27.0,63.74999999999999,0.0,66.64999999999995,73782,6973,100,0,False,F1,202608241,True,False,True,0.5881104033970276,0.0,0.08280254777070063,0.0,UNACHIEVABLE,UNACHIEVABLE,UNACHIEVABLE
F1_seed_202608241,DIAGNOSTIC_OOF_PARETO,s0.75_p0.75_e0.25_n0.20_f0.60_k3_h0.05,0.75,0.75,0.25,0.2,0.6,3,0.05,333,471,364,213,176,165,60,58,0.772823779193206,0.45222929936305734,0.37367303609341823,0.3503184713375796,0.12738853503184713,0.12314225053078556,58,0.12314225053078556,"{""0.10"":165,""0.15"":156,""0.20"":150}","{""0.10"":22,""0.15"":15,""0.20"":21}","{""0.10"":0.13333333333333333,""0.15"":0.09615384615384616,""0.20"":0.14}",0.09615384615384616,"{""left"":229,""right"":242}","{""left"":38,""right"":20}",65,57,0.8769230769230769,0,11,6,0,0,0,0,0,8,0,125,40,27.0,63.74999999999999,0.0,66.64999999999995,73782,6973,100,0,False,F1,202608241,True,False,True,0.5881104033970276,0.0,0.08280254777070063,0.0,UNACHIEVABLE,UNACHIEVABLE,UNACHIEVABLE
F1_seed_202608241,DIAGNOSTIC_OOF_PARETO,s0.85_p0.85_e0.15_n0.10_f0.60_k1_h0.00,0.85,0.85,0.15,0.1,0.6,1,0.0,333,471,364,158,124,117,116,114,0.772823779193206,0.3354564755838641,0.2632696390658174,0.2484076433121019,0.24628450106157113,0.24203821656050956,114,0.24203821656050956,"{""0.10"":165,""0.15"":156,""0.20"":150}","{""0.10"":45,""0.15"":34,""0.20"":35}","{""0.10"":0.2727272727272727,""0.15"":0.21794871794871795,""0.20"":0.23333333333333334}",0.21794871794871795,"{""left"":229,""right"":242}","{""left"":60,""right"":54}",127,111,0.8740157480314961,0,36,7,0,0,0,0,0,16,0,125,59,32.0,73.69999999999999,0.0,94.04999999999998,73782,6973,100,0,False,F1,202608241,True,False,True,0.5881104033970276,0.0,0.08280254777070063,0.0,UNACHIEVABLE,UNACHIEVABLE,UNACHIEVABLE
F1_seed_202608241,DIAGNOSTIC_OOF_PARETO,s0.85_p0.85_e0.15_n0.10_f0.60_k1_h0.05,0.85,0.85,0.15,0.1,0.6,1,0.05,333,471,364,158,124,117,116,114,0.772823779193206,0.3354564755838641,0.2632696390658174,0.2484076433121019,0.24628450106157113,0.24203821656050956,114,0.24203821656050956,"{""0.10"":165,""0.15"":156,""0.20"":150}","{""0.10"":45,""0.15"":34,""0.20"":35}","{""0.10"":0.2727272727272727,""0.15"":0.21794871794871795,""0.20"":0.23333333333333334}",0.21794871794871795,"{""left"":229,""right"":242}","{""left"":60,""right"":54}",127,111,0.8740157480314961,0,36,7,0,0,0,0,0,16,0,125,59,32.0,73.69999999999999,0.0,94.04999999999998,73782,6973,100,0,False,F1,202608241,True,False,True,0.5881104033970276,0.0,0.08280254777070063,0.0,UNACHIEVABLE,UNACHIEVABLE,UNACHIEVABLE
F1_seed_202608241,DIAGNOSTIC_OOF_PARETO,s0.85_p0.85_e0.15_n0.10_f0.60_k2_h0.00,0.85,0.85,0.15,0.1,0.6,2,0.0,333,471,364,158,124,117,65,63,0.772823779193206,0.3354564755838641,0.2632696390658174,0.2484076433121019,0.13800424628450106,0.1337579617834395,63,0.1337579617834395,"{""0.10"":165,""0.15"":156,""0.20"":150}","{""0.10"":24,""0.15"":18,""0.20"":21}","{""0.10"":0.14545454545454545,""0.15"":0.11538461538461539,""0.20"":0.14}",0.11538461538461539,"{""left"":229,""right"":242}","{""left"":41,""right"":22}",70,63,0.9,0,15,2,0,0,0,0,0,7,0,125,41,25.0,62.0,0.0,55.599999999999994,73782,6973,100,0,False,F1,202608241,True,False,True,0.5881104033970276,0.0,0.08280254777070063,0.0,UNACHIEVABLE,UNACHIEVABLE,UNACHIEVABLE
F1_seed_202608241,DIAGNOSTIC_OOF_PARETO,s0.85_p0.85_e0.15_n0.10_f0.60_k2_h0.05,0.85,0.85,0.15,0.1,0.6,2,0.05,333,471,364,158,124,117,65,63,0.772823779193206,0.3354564755838641,0.2632696390658174,0.2484076433121019,0.13800424628450106,0.1337579617834395,63,0.1337579617834395,"{""0.10"":165,""0.15"":156,""0.20"":150}","{""0.10"":24,""0.15"":18,""0.20"":21}","{""0.10"":0.14545454545454545,""0.15"":0.11538461538461539,""0.20"":0.14}",0.11538461538461539,"{""left"":229,""right"":242}","{""left"":41,""right"":22}",70,63,0.9,0,15,2,0,0,0,0,0,7,0,125,41,25.0,62.0,0.0,55.599999999999994,73782,6973,100,0,False,F1,202608241,True,False,True,0.5881104033970276,0.0,0.08280254777070063,0.0,UNACHIEVABLE,UNACHIEVABLE,UNACHIEVABLE
F1_seed_202608241,DIAGNOSTIC_OOF_PARETO,s0.85_p0.85_e0.15_n0.10_f0.60_k3_h0.00,0.85,0.85,0.15,0.1,0.6,3,0.0,333,471,364,158,124,117,39,39,0.772823779193206,0.3354564755838641,0.2632696390658174,0.2484076433121019,0.08280254777070063,0.08280254777070063,39,0.08280254777070063,"{""0.10"":165,""0.15"":156,""0.20"":150}","{""0.10"":17,""0.15"":8,""0.20"":14}","{""0.10"":0.10303030303030303,""0.15"":0.05128205128205128,""0.20"":0.09333333333333334}",0.05128205128205128,"{""left"":229,""right"":242}","{""left"":27,""right"":12}",43,39,0.9069767441860465,0,6,0,0,0,0,0,0,4,0,125,29,27.0,52.300000000000004,0.0,138.6000000000001,73782,6973,100,0,False,F1,202608241,True,False,True,0.5881104033970276,0.0,0.08280254777070063,0.0,UNACHIEVABLE,UNACHIEVABLE,UNACHIEVABLE
F1_seed_202608241,DIAGNOSTIC_OOF_PARETO,s0.85_p0.85_e0.15_n0.10_f0.60_k3_h0.05,0.85,0.85,0.15,0.1,0.6,3,0.05,333,471,364,158,124,117,39,39,0.772823779193206,0.3354564755838641,0.2632696390658174,0.2484076433121019,0.08280254777070063,0.08280254777070063,39,0.08280254777070063,"{""0.10"":165,""0.15"":156,""0.20"":150}","{""0.10"":17,""0.15"":8,""0.20"":14}","{""0.10"":0.10303030303030303,""0.15"":0.05128205128205128,""0.20"":0.09333333333333334}",0.05128205128205128,"{""left"":229,""right"":242}","{""left"":27,""right"":12}",43,39,0.9069767441860465,0,6,0,0,0,0,0,0,4,0,125,29,27.0,52.300000000000004,0.0,138.6000000000001,73782,6973,100,0,False,F1,202608241,True,False,True,0.5881104033970276,0.0,0.08280254777070063,0.0,UNACHIEVABLE,UNACHIEVABLE,UNACHIEVABLE
F1_seed_202608241,DIAGNOSTIC_OOF_PARETO,s0.85_p0.85_e0.25_n0.20_f0.60_k1_h0.00,0.85,0.85,0.25,0.2,0.6,1,0.0,333,471,364,158,124,117,116,114,0.772823779193206,0.3354564755838641,0.2632696390658174,0.2484076433121019,0.24628450106157113,0.24203821656050956,114,0.24203821656050956,"{""0.10"":165,""0.15"":156,""0.20"":150}","{""0.10"":45,""0.15"":34,""0.20"":35}","{""0.10"":0.2727272727272727,""0.15"":0.21794871794871795,""0.20"":0.23333333333333334}",0.21794871794871795,"{""left"":229,""right"":242}","{""left"":60,""right"":54}",127,111,0.8740157480314961,0,36,7,0,0,0,0,0,16,0,125,59,32.0,73.69999999999999,0.0,94.04999999999998,73782,6973,100,0,False,F1,202608241,True,False,True,0.5881104033970276,0.0,0.08280254777070063,0.0,UNACHIEVABLE,UNACHIEVABLE,UNACHIEVABLE
F1_seed_202608241,DIAGNOSTIC_OOF_PARETO,s0.85_p0.85_e0.25_n0.20_f0.60_k1_h0.05,0.85,0.85,0.25,0.2,0.6,1,0.05,333,471,364,158,124,117,116,114,0.772823779193206,0.3354564755838641,0.2632696390658174,0.2484076433121019,0.24628450106157113,0.24203821656050956,114,0.24203821656050956,"{""0.10"":165,""0.15"":156,""0.20"":150}","{""0.10"":45,""0.15"":34,""0.20"":35}","{""0.10"":0.2727272727272727,""0.15"":0.21794871794871795,""0.20"":0.23333333333333334}",0.21794871794871795,"{""left"":229,""right"":242}","{""left"":60,""right"":54}",127,111,0.8740157480314961,0,36,7,0,0,0,0,0,16,0,125,59,32.0,73.69999999999999,0.0,94.04999999999998,73782,6973,100,0,False,F1,202608241,True,False,True,0.5881104033970276,0.0,0.08280254777070063,0.0,UNACHIEVABLE,UNACHIEVABLE,UNACHIEVABLE
F1_seed_202608241,DIAGNOSTIC_OOF_PARETO,s0.85_p0.85_e0.25_n0.20_f0.60_k2_h0.00,0.85,0.85,0.25,0.2,0.6,2,0.0,333,471,364,158,124,117,65,63,0.772823779193206,0.3354564755838641,0.2632696390658174,0.2484076433121019,0.13800424628450106,0.1337579617834395,63,0.1337579617834395,"{""0.10"":165,""0.15"":156,""0.20"":150}","{""0.10"":24,""0.15"":18,""0.20"":21}","{""0.10"":0.14545454545454545,""0.15"":0.11538461538461539,""0.20"":0.14}",0.11538461538461539,"{""left"":229,""right"":242}","{""left"":41,""right"":22}",70,63,0.9,0,15,2,0,0,0,0,0,7,0,125,41,25.0,62.0,0.0,55.599999999999994,73782,6973,100,0,False,F1,202608241,True,False,True,0.5881104033970276,0.0,0.08280254777070063,0.0,UNACHIEVABLE,UNACHIEVABLE,UNACHIEVABLE
F1_seed_202608241,DIAGNOSTIC_OOF_PARETO,s0.85_p0.85_e0.25_n0.20_f0.60_k2_h0.05,0.85,0.85,0.25,0.2,0.6,2,0.05,333,471,364,158,124,117,65,63,0.772823779193206,0.3354564755838641,0.2632696390658174,0.2484076433121019,0.13800424628450106,0.1337579617834395,63,0.1337579617834395,"{""0.10"":165,""0.15"":156,""0.20"":150}","{""0.10"":24,""0.15"":18,""0.20"":21}","{""0.10"":0.14545454545454545,""0.15"":0.11538461538461539,""0.20"":0.14}",0.11538461538461539,"{""left"":229,""right"":242}","{""left"":41,""right"":22}",70,63,0.9,0,15,2,0,0,0,0,0,7,0,125,41,25.0,62.0,0.0,55.599999999999994,73782,6973,100,0,False,F1,202608241,True,False,True,0.5881104033970276,0.0,0.08280254777070063,0.0,UNACHIEVABLE,UNACHIEVABLE,UNACHIEVABLE
F1_seed_202608241,DIAGNOSTIC_OOF_PARETO,s0.85_p0.85_e0.25_n0.20_f0.60_k3_h0.00,0.85,0.85,0.25,0.2,0.6,3,0.0,333,471,364,158,124,117,39,39,0.772823779193206,0.3354564755838641,0.2632696390658174,0.2484076433121019,0.08280254777070063,0.08280254777070063,39,0.08280254777070063,"{""0.10"":165,""0.15"":156,""0.20"":150}","{""0.10"":17,""0.15"":8,""0.20"":14}","{""0.10"":0.10303030303030303,""0.15"":0.05128205128205128,""0.20"":0.09333333333333334}",0.05128205128205128,"{""left"":229,""right"":242}","{""left"":27,""right"":12}",43,39,0.9069767441860465,0,6,0,0,0,0,0,0,4,0,125,29,27.0,52.300000000000004,0.0,138.6000000000001,73782,6973,100,0,False,F1,202608241,True,False,True,0.5881104033970276,0.0,0.08280254777070063,0.0,UNACHIEVABLE,UNACHIEVABLE,UNACHIEVABLE
F1_seed_202608241,DIAGNOSTIC_OOF_PARETO,s0.85_p0.85_e0.25_n0.20_f0.60_k3_h0.05,0.85,0.85,0.25,0.2,0.6,3,0.05,333,471,364,158,124,117,39,39,0.772823779193206,0.3354564755838641,0.2632696390658174,0.2484076433121019,0.08280254777070063,0.08280254777070063,39,0.08280254777070063,"{""0.10"":165,""0.15"":156,""0.20"":150}","{""0.10"":17,""0.15"":8,""0.20"":14}","{""0.10"":0.10303030303030303,""0.15"":0.05128205128205128,""0.20"":0.09333333333333334}",0.05128205128205128,"{""left"":229,""right"":242}","{""left"":27,""right"":12}",43,39,0.9069767441860465,0,6,0,0,0,0,0,0,4,0,125,29,27.0,52.300000000000004,0.0,138.6000000000001,73782,6973,100,0,False,F1,202608241,True,False,True,0.5881104033970276,0.0,0.08280254777070063,0.0,UNACHIEVABLE,UNACHIEVABLE,UNACHIEVABLE
F1_seed_202608241,DIAGNOSTIC_OOF_PARETO,s0.65_p0.55_e0.15_n0.10_f0.60_k1_h0.00,0.65,0.55,0.15,0.1,0.6,1,0.0,333,471,364,340,268,259,256,237,0.772823779193206,0.721868365180467,0.5690021231422505,0.5498938428874734,0.5435244161358811,0.5031847133757962,237,0.5031847133757962,"{""0.10"":165,""0.15"":156,""0.20"":150}","{""0.10"":82,""0.15"":70,""0.20"":85}","{""0.10"":0.49696969696969695,""0.15"":0.44871794871794873,""0.20"":0.5666666666666667}",0.44871794871794873,"{""left"":229,""right"":242}","{""left"":124,""right"":113}",253,230,0.9090909090909091,0,137,31,0,0,0,0,0,23,0,125,105,39.0,82.0,0.0,41.19999999999999,73782,6973,100,0,False,F1,202608241,True,False,True,0.5881104033970276,0.0,0.08280254777070063,0.0,UNACHIEVABLE,UNACHIEVABLE,UNACHIEVABLE
F1_seed_202608241,DIAGNOSTIC_OOF_PARETO,s0.65_p0.55_e0.15_n0.10_f0.60_k1_h0.05,0.65,0.55,0.15,0.1,0.6,1,0.05,333,471,364,340,268,259,256,238,0.772823779193206,0.721868365180467,0.5690021231422505,0.5498938428874734,0.5435244161358811,0.505307855626327,238,0.505307855626327,"{""0.10"":165,""0.15"":156,""0.20"":150}","{""0.10"":82,""0.15"":70,""0.20"":86}","{""0.10"":0.49696969696969695,""0.15"":0.44871794871794873,""0.20"":0.5733333333333334}",0.44871794871794873,"{""left"":229,""right"":242}","{""left"":124,""right"":114}",254,231,0.9094488188976378,0,137,31,0,0,0,0,0,23,0,125,105,39.0,82.0,0.0,41.14999999999998,73782,6973,100,0,False,F1,202608241,True,False,True,0.5881104033970276,0.0,0.08280254777070063,0.0,UNACHIEVABLE,UNACHIEVABLE,UNACHIEVABLE
F1_seed_202608241,DIAGNOSTIC_OOF_PARETO,s0.65_p0.55_e0.15_n0.10_f0.60_k2_h0.00,0.65,0.55,0.15,0.1,0.6,2,0.0,333,471,364,340,268,259,173,166,0.772823779193206,0.721868365180467,0.5690021231422505,0.5498938428874734,0.3673036093418259,0.3524416135881104,166,0.3524416135881104,"{""0.10"":165,""0.15"":156,""0.20"":150}","{""0.10"":57,""0.15"":54,""0.20"":55}","{""0.10"":0.34545454545454546,""0.15"":0.34615384615384615,""0.20"":0.36666666666666664}",0.34545454545454546,"{""left"":229,""right"":242}","{""left"":91,""right"":75}",178,163,0.9157303370786517,0,63,17,0,0,0,0,0,15,0,125,89,28.5,76.0,0.0,50.75,73782,6973,100,0,False,F1,202608241,True,False,True,0.5881104033970276,0.0,0.08280254777070063,0.0,UNACHIEVABLE,UNACHIEVABLE,UNACHIEVABLE
F1_seed_202608241,DIAGNOSTIC_OOF_PARETO,s0.65_p0.55_e0.15_n0.10_f0.60_k2_h0.05,0.65,0.55,0.15,0.1,0.6,2,0.05,333,471,364,340,268,259,173,166,0.772823779193206,0.721868365180467,0.5690021231422505,0.5498938428874734,0.3673036093418259,0.3524416135881104,166,0.3524416135881104,"{""0.10"":165,""0.15"":156,""0.20"":150}","{""0.10"":57,""0.15"":54,""0.20"":55}","{""0.10"":0.34545454545454546,""0.15"":0.34615384615384615,""0.20"":0.36666666666666664}",0.34545454545454546,"{""left"":229,""right"":242}","{""left"":91,""right"":75}",178,163,0.9157303370786517,0,63,17,0,0,0,0,0,15,0,125,89,28.5,76.0,0.0,50.75,73782,6973,100,0,False,F1,202608241,True,False,True,0.5881104033970276,0.0,0.08280254777070063,0.0,UNACHIEVABLE,UNACHIEVABLE,UNACHIEVABLE
F1_seed_202608241,DIAGNOSTIC_OOF_PARETO,s0.65_p0.55_e0.15_n0.10_f0.60_k3_h0.00,0.65,0.55,0.15,0.1,0.6,3,0.0,333,471,364,340,268,259,111,107,0.772823779193206,0.721868365180467,0.5690021231422505,0.5498938428874734,0.2356687898089172,0.22717622080679406,107,0.22717622080679406,"{""0.10"":165,""0.15"":156,""0.20"":150}","{""0.10"":40,""0.15"":29,""0.20"":38}","{""0.10"":0.24242424242424243,""0.15"":0.1858974358974359,""0.20"":0.25333333333333335}",0.1858974358974359,"{""left"":229,""right"":242}","{""left"":62,""right"":45}",117,106,0.905982905982906,0,32,9,0,0,0,0,0,11,0,125,69,27.0,67.69999999999999,0.0,83.69999999999965,73782,6973,100,0,False,F1,202608241,True,False,True,0.5881104033970276,0.0,0.08280254777070063,0.0,UNACHIEVABLE,UNACHIEVABLE,UNACHIEVABLE
F1_seed_202608241,DIAGNOSTIC_OOF_PARETO,s0.65_p0.55_e0.15_n0.10_f0.60_k3_h0.05,0.65,0.55,0.15,0.1,0.6,3,0.05,333,471,364,340,268,259,111,107,0.772823779193206,0.721868365180467,0.5690021231422505,0.5498938428874734,0.2356687898089172,0.22717622080679406,107,0.22717622080679406,"{""0.10"":165,""0.15"":156,""0.20"":150}","{""0.10"":40,""0.15"":29,""0.20"":38}","{""0.10"":0.24242424242424243,""0.15"":0.1858974358974359,""0.20"":0.25333333333333335}",0.1858974358974359,"{""left"":229,""right"":242}","{""left"":62,""right"":45}",117,106,0.905982905982906,0,32,9,0,0,0,0,0,11,0,125,69,27.0,67.69999999999999,0.0,83.69999999999965,73782,6973,100,0,False,F1,202608241,True,False,True,0.5881104033970276,0.0,0.08280254777070063,0.0,UNACHIEVABLE,UNACHIEVABLE,UNACHIEVABLE
F1_seed_202608241,DIAGNOSTIC_OOF_PARETO,s0.65_p0.55_e0.25_n0.20_f0.60_k1_h0.00,0.65,0.55,0.25,0.2,0.6,1,0.0,333,471,364,340,268,259,256,237,0.772823779193206,0.721868365180467,0.5690021231422505,0.5498938428874734,0.5435244161358811,0.5031847133757962,237,0.5031847133757962,"{""0.10"":165,""0.15"":156,""0.20"":150}","{""0.10"":82,""0.15"":70,""0.20"":85}","{""0.10"":0.49696969696969695,""0.15"":0.44871794871794873,""0.20"":0.5666666666666667}",0.44871794871794873,"{""left"":229,""right"":242}","{""left"":124,""right"":113}",253,230,0.9090909090909091,0,137,31,0,0,0,0,0,23,0,125,105,39.0,82.0,0.0,41.19999999999999,73782,6973,100,0,False,F1,202608241,True,False,True,0.5881104033970276,0.0,0.08280254777070063,0.0,UNACHIEVABLE,UNACHIEVABLE,UNACHIEVABLE
F1_seed_202608241,DIAGNOSTIC_OOF_PARETO,s0.65_p0.55_e0.25_n0.20_f0.60_k1_h0.05,0.65,0.55,0.25,0.2,0.6,1,0.05,333,471,364,340,268,259,256,238,0.772823779193206,0.721868365180467,0.5690021231422505,0.5498938428874734,0.5435244161358811,0.505307855626327,238,0.505307855626327,"{""0.10"":165,""0.15"":156,""0.20"":150}","{""0.10"":82,""0.15"":70,""0.20"":86}","{""0.10"":0.49696969696969695,""0.15"":0.44871794871794873,""0.20"":0.5733333333333334}",0.44871794871794873,"{""left"":229,""right"":242}","{""left"":124,""right"":114}",254,231,0.9094488188976378,0,137,31,0,0,0,0,0,23,0,125,105,39.0,82.0,0.0,41.14999999999998,73782,6973,100,0,False,F1,202608241,True,False,True,0.5881104033970276,0.0,0.08280254777070063,0.0,UNACHIEVABLE,UNACHIEVABLE,UNACHIEVABLE
F1_seed_202608241,DIAGNOSTIC_OOF_PARETO,s0.65_p0.55_e0.25_n0.20_f0.60_k2_h0.00,0.65,0.55,0.25,0.2,0.6,2,0.0,333,471,364,340,268,259,173,166,0.772823779193206,0.721868365180467,0.5690021231422505,0.5498938428874734,0.3673036093418259,0.3524416135881104,166,0.3524416135881104,"{""0.10"":165,""0.15"":156,""0.20"":150}","{""0.10"":57,""0.15"":54,""0.20"":55}","{""0.10"":0.34545454545454546,""0.15"":0.34615384615384615,""0.20"":0.36666666666666664}",0.34545454545454546,"{""left"":229,""right"":242}","{""left"":91,""right"":75}",178,163,0.9157303370786517,0,63,17,0,0,0,0,0,15,0,125,89,28.5,76.0,0.0,50.75,73782,6973,100,0,False,F1,202608241,True,False,True,0.5881104033970276,0.0,0.08280254777070063,0.0,UNACHIEVABLE,UNACHIEVABLE,UNACHIEVABLE
F1_seed_202608241,DIAGNOSTIC_OOF_PARETO,s0.65_p0.55_e0.25_n0.20_f0.60_k2_h0.05,0.65,0.55,0.25,0.2,0.6,2,0.05,333,471,364,340,268,259,173,166,0.772823779193206,0.721868365180467,0.5690021231422505,0.5498938428874734,0.3673036093418259,0.3524416135881104,166,0.3524416135881104,"{""0.10"":165,""0.15"":156,""0.20"":150}","{""0.10"":57,""0.15"":54,""0.20"":55}","{""0.10"":0.34545454545454546,""0.15"":0.34615384615384615,""0.20"":0.36666666666666664}",0.34545454545454546,"{""left"":229,""right"":242}","{""left"":91,""right"":75}",178,163,0.9157303370786517,0,63,17,0,0,0,0,0,15,0,125,89,28.5,76.0,0.0,50.75,73782,6973,100,0,False,F1,202608241,True,False,True,0.5881104033970276,0.0,0.08280254777070063,0.0,UNACHIEVABLE,UNACHIEVABLE,UNACHIEVABLE
F1_seed_202608241,DIAGNOSTIC_OOF_PARETO,s0.65_p0.55_e0.25_n0.20_f0.60_k3_h0.00,0.65,0.55,0.25,0.2,0.6,3,0.0,333,471,364,340,268,259,111,107,0.772823779193206,0.721868365180467,0.5690021231422505,0.5498938428874734,0.2356687898089172,0.22717622080679406,107,0.22717622080679406,"{""0.10"":165,""0.15"":156,""0.20"":150}","{""0.10"":40,""0.15"":29,""0.20"":38}","{""0.10"":0.24242424242424243,""0.15"":0.1858974358974359,""0.20"":0.25333333333333335}",0.1858974358974359,"{""left"":229,""right"":242}","{""left"":62,""right"":45}",117,106,0.905982905982906,0,32,9,0,0,0,0,0,11,0,125,69,27.0,67.69999999999999,0.0,83.69999999999965,73782,6973,100,0,False,F1,202608241,True,False,True,0.5881104033970276,0.0,0.08280254777070063,0.0,UNACHIEVABLE,UNACHIEVABLE,UNACHIEVABLE
F1_seed_202608241,DIAGNOSTIC_OOF_PARETO,s0.65_p0.55_e0.25_n0.20_f0.60_k3_h0.05,0.65,0.55,0.25,0.2,0.6,3,0.05,333,471,364,340,268,259,111,107,0.772823779193206,0.721868365180467,0.5690021231422505,0.5498938428874734,0.2356687898089172,0.22717622080679406,107,0.22717622080679406,"{""0.10"":165,""0.15"":156,""0.20"":150}","{""0.10"":40,""0.15"":29,""0.20"":38}","{""0.10"":0.24242424242424243,""0.15"":0.1858974358974359,""0.20"":0.25333333333333335}",0.1858974358974359,"{""left"":229,""right"":242}","{""left"":62,""right"":45}",117,106,0.905982905982906,0,32,9,0,0,0,0,0,11,0,125,69,27.0,67.69999999999999,0.0,83.69999999999965,73782,6973,100,0,False,F1,202608241,True,False,True,0.5881104033970276,0.0,0.08280254777070063,0.0,UNACHIEVABLE,UNACHIEVABLE,UNACHIEVABLE
F1_seed_202608241,DIAGNOSTIC_OOF_PARETO,s0.55_p0.65_e0.15_n0.10_f0.60_k1_h0.00,0.55,0.65,0.15,0.1,0.6,1,0.0,333,471,364,288,247,238,235,220,0.772823779193206,0.6114649681528662,0.524416135881104,0.505307855626327,0.4989384288747346,0.46709129511677283,220,0.46709129511677283,"{""0.10"":165,""0.15"":156,""0.20"":150}","{""0.10"":75,""0.15"":68,""0.20"":77}","{""0.10"":0.45454545454545453,""0.15"":0.4358974358974359,""0.20"":0.5133333333333333}",0.4358974358974359,"{""left"":229,""right"":242}","{""left"":112,""right"":108}",234,214,0.9145299145299145,0,111,25,0,0,0,0,0,20,0,125,104,41.5,83.04999999999998,0.0,43.449999999999505,73782,6973,100,0,False,F1,202608241,True,False,True,0.5881104033970276,0.0,0.08280254777070063,0.0,UNACHIEVABLE,UNACHIEVABLE,UNACHIEVABLE
F1_seed_202608241,DIAGNOSTIC_OOF_PARETO,s0.55_p0.65_e0.15_n0.10_f0.60_k1_h0.05,0.55,0.65,0.15,0.1,0.6,1,0.05,333,471,364,288,247,238,236,221,0.772823779193206,0.6114649681528662,0.524416135881104,0.505307855626327,0.5010615711252654,0.4692144373673036,221,0.4692144373673036,"{""0.10"":165,""0.15"":156,""0.20"":150}","{""0.10"":75,""0.15"":68,""0.20"":78}","{""0.10"":0.45454545454545453,""0.15"":0.4358974358974359,""0.20"":0.52}",0.4358974358974359,"{""left"":229,""right"":242}","{""left"":112,""right"":109}",235,215,0.9148936170212766,0,111,25,0,0,0,0,0,20,0,125,104,41.0,83.0,0.0,42.0,73782,6973,100,0,False,F1,202608241,True,False,True,0.5881104033970276,0.0,0.08280254777070063,0.0,UNACHIEVABLE,UNACHIEVABLE,UNACHIEVABLE
F1_seed_202608241,DIAGNOSTIC_OOF_PARETO,s0.55_p0.65_e0.15_n0.10_f0.60_k2_h0.00,0.55,0.65,0.15,0.1,0.6,2,0.0,333,471,364,288,247,238,143,135,0.772823779193206,0.6114649681528662,0.524416135881104,0.505307855626327,0.3036093418259023,0.28662420382165604,135,0.28662420382165604,"{""0.10"":165,""0.15"":156,""0.20"":150}","{""0.10"":47,""0.15"":42,""0.20"":46}","{""0.10"":0.28484848484848485,""0.15"":0.2692307692307692,""0.20"":0.30666666666666664}",0.2692307692307692,"{""left"":229,""right"":242}","{""left"":74,""right"":61}",146,131,0.8972602739726028,0,46,17,0,0,0,0,0,15,0,125,73,29.0,69.89999999999999,0.0,54.09999999999998,73782,6973,100,0,False,F1,202608241,True,False,True,0.5881104033970276,0.0,0.08280254777070063,0.0,UNACHIEVABLE,UNACHIEVABLE,UNACHIEVABLE
F1_seed_202608241,DIAGNOSTIC_OOF_PARETO,s0.55_p0.65_e0.15_n0.10_f0.60_k2_h0.05,0.55,0.65,0.15,0.1,0.6,2,0.05,333,471,364,288,247,238,144,135,0.772823779193206,0.6114649681528662,0.524416135881104,0.505307855626327,0.3057324840764331,0.28662420382165604,135,0.28662420382165604,"{""0.10"":165,""0.15"":156,""0.20"":150}","{""0.10"":47,""0.15"":42,""0.20"":46}","{""0.10"":0.28484848484848485,""0.15"":0.2692307692307692,""0.20"":0.30666666666666664}",0.2692307692307692,"{""left"":229,""right"":242}","{""left"":74,""right"":61}",146,131,0.8972602739726028,0,46,17,0,0,0,0,0,15,0,125,73,29.0,69.89999999999999,0.0,54.09999999999998,73782,6973,100,0,False,F1,202608241,True,False,True,0.5881104033970276,0.0,0.08280254777070063,0.0,UNACHIEVABLE,UNACHIEVABLE,UNACHIEVABLE
F1_seed_202608241,DIAGNOSTIC_OOF_PARETO,s0.55_p0.65_e0.15_n0.10_f0.60_k3_h0.00,0.55,0.65,0.15,0.1,0.6,3,0.0,333,471,364,288,247,238,94,89,0.772823779193206,0.6114649681528662,0.524416135881104,0.505307855626327,0.19957537154989385,0.18895966029723993,89,0.18895966029723993,"{""0.10"":165,""0.15"":156,""0.20"":150}","{""0.10"":31,""0.15"":25,""0.20"":33}","{""0.10"":0.18787878787878787,""0.15"":0.16025641025641027,""0.20"":0.22}",0.16025641025641027,"{""left"":229,""right"":242}","{""left"":51,""right"":38}",99,88,0.8888888888888888,0,22,9,0,0,0,0,0,11,0,125,55,28.0,67.6,0.0,106.79999999999987,73782,6973,100,0,False,F1,202608241,True,False,True,0.5881104033970276,0.0,0.08280254777070063,0.0,UNACHIEVABLE,UNACHIEVABLE,UNACHIEVABLE
F1_seed_202608241,DIAGNOSTIC_OOF_PARETO,s0.55_p0.65_e0.15_n0.10_f0.60_k3_h0.05,0.55,0.65,0.15,0.1,0.6,3,0.05,333,471,364,288,247,238,94,89,0.772823779193206,0.6114649681528662,0.524416135881104,0.505307855626327,0.19957537154989385,0.18895966029723993,89,0.18895966029723993,"{""0.10"":165,""0.15"":156,""0.20"":150}","{""0.10"":31,""0.15"":25,""0.20"":33}","{""0.10"":0.18787878787878787,""0.15"":0.16025641025641027,""0.20"":0.22}",0.16025641025641027,"{""left"":229,""right"":242}","{""left"":51,""right"":38}",99,88,0.8888888888888888,0,22,9,0,0,0,0,0,11,0,125,55,28.0,67.6,0.0,106.79999999999987,73782,6973,100,0,False,F1,202608241,True,False,True,0.5881104033970276,0.0,0.08280254777070063,0.0,UNACHIEVABLE,UNACHIEVABLE,UNACHIEVABLE
F1_seed_202608241,DIAGNOSTIC_OOF_PARETO,s0.55_p0.65_e0.25_n0.20_f0.60_k1_h0.00,0.55,0.65,0.25,0.2,0.6,1,0.0,333,471,364,288,244,235,233,218,0.772823779193206,0.6114649681528662,0.5180467091295117,0.4989384288747346,0.49469214437367304,0.46284501061571126,218,0.46284501061571126,"{""0.10"":165,""0.15"":156,""0.20"":150}","{""0.10"":75,""0.15"":68,""0.20"":75}","{""0.10"":0.45454545454545453,""0.15"":0.4358974358974359,""0.20"":0.5}",0.4358974358974359,"{""left"":229,""right"":242}","{""left"":111,""right"":107}",232,212,0.9137931034482759,0,110,25,0,0,0,0,0,20,0,125,104,41.0,82.14999999999998,0.0,46.34999999999934,73782,6973,100,0,False,F1,202608241,True,False,True,0.5881104033970276,0.0,0.08280254777070063,0.0,UNACHIEVABLE,UNACHIEVABLE,UNACHIEVABLE
F1_seed_202608241,DIAGNOSTIC_OOF_PARETO,s0.55_p0.65_e0.25_n0.20_f0.60_k1_h0.05,0.55,0.65,0.25,0.2,0.6,1,0.05,333,471,364,288,244,235,234,219,0.772823779193206,0.6114649681528662,0.5180467091295117,0.4989384288747346,0.4968152866242038,0.46496815286624205,219,0.46496815286624205,"{""0.10"":165,""0.15"":156,""0.20"":150}","{""0.10"":75,""0.15"":68,""0.20"":76}","{""0.10"":0.45454545454545453,""0.15"":0.4358974358974359,""0.20"":0.5066666666666667}",0.4358974358974359,"{""left"":229,""right"":242}","{""left"":111,""right"":108}",233,213,0.9141630901287554,0,110,25,0,0,0,0,0,20,0,125,104,41.0,82.1,0.0,44.899999999999835,73782,6973,100,0,False,F1,202608241,True,False,True,0.5881104033970276,0.0,0.08280254777070063,0.0,UNACHIEVABLE,UNACHIEVABLE,UNACHIEVABLE
F1_seed_202608241,DIAGNOSTIC_OOF_PARETO,s0.55_p0.65_e0.25_n0.20_f0.60_k2_h0.00,0.55,0.65,0.25,0.2,0.6,2,0.0,333,471,364,288,244,235,142,134,0.772823779193206,0.6114649681528662,0.5180467091295117,0.4989384288747346,0.30148619957537154,0.28450106157112526,134,0.28450106157112526,"{""0.10"":165,""0.15"":156,""0.20"":150}","{""0.10"":46,""0.15"":42,""0.20"":46}","{""0.10"":0.2787878787878788,""0.15"":0.2692307692307692,""0.20"":0.30666666666666664}",0.2692307692307692,"{""left"":229,""right"":242}","{""left"":73,""right"":61}",145,130,0.896551724137931,0,46,17,0,0,0,0,0,15,0,125,72,28.0,67.69999999999999,0.0,54.44999999999996,73782,6973,100,0,False,F1,202608241,True,False,True,0.5881104033970276,0.0,0.08280254777070063,0.0,UNACHIEVABLE,UNACHIEVABLE,UNACHIEVABLE
F1_seed_202608241,DIAGNOSTIC_OOF_PARETO,s0.55_p0.65_e0.25_n0.20_f0.60_k2_h0.05,0.55,0.65,0.25,0.2,0.6,2,0.05,333,471,364,288,244,235,143,134,0.772823779193206,0.6114649681528662,0.5180467091295117,0.4989384288747346,0.3036093418259023,0.28450106157112526,134,0.28450106157112526,"{""0.10"":165,""0.15"":156,""0.20"":150}","{""0.10"":46,""0.15"":42,""0.20"":46}","{""0.10"":0.2787878787878788,""0.15"":0.2692307692307692,""0.20"":0.30666666666666664}",0.2692307692307692,"{""left"":229,""right"":242}","{""left"":73,""right"":61}",145,130,0.896551724137931,0,46,17,0,0,0,0,0,15,0,125,72,28.0,67.69999999999999,0.0,54.44999999999996,73782,6973,100,0,False,F1,202608241,True,False,True,0.5881104033970276,0.0,0.08280254777070063,0.0,UNACHIEVABLE,UNACHIEVABLE,UNACHIEVABLE
F1_seed_202608241,DIAGNOSTIC_OOF_PARETO,s0.55_p0.65_e0.25_n0.20_f0.60_k3_h0.00,0.55,0.65,0.25,0.2,0.6,3,0.0,333,471,364,288,244,235,94,90,0.772823779193206,0.6114649681528662,0.5180467091295117,0.4989384288747346,0.19957537154989385,0.1910828025477707,90,0.1910828025477707,"{""0.10"":165,""0.15"":156,""0.20"":150}","{""0.10"":31,""0.15"":26,""0.20"":33}","{""0.10"":0.18787878787878787,""0.15"":0.16666666666666666,""0.20"":0.22}",0.16666666666666666,"{""left"":229,""right"":242}","{""left"":52,""right"":38}",101,89,0.8811881188118812,0,21,7,0,0,0,0,0,12,0,125,56,27.0,67.55,0.0,105.64999999999993,73782,6973,100,0,False,F1,202608241,True,False,True,0.5881104033970276,0.0,0.08280254777070063,0.0,UNACHIEVABLE,UNACHIEVABLE,UNACHIEVABLE
F1_seed_202608241,DIAGNOSTIC_OOF_PARETO,s0.55_p0.65_e0.25_n0.20_f0.60_k3_h0.05,0.55,0.65,0.25,0.2,0.6,3,0.05,333,471,364,288,244,235,94,90,0.772823779193206,0.6114649681528662,0.5180467091295117,0.4989384288747346,0.19957537154989385,0.1910828025477707,90,0.1910828025477707,"{""0.10"":165,""0.15"":156,""0.20"":150}","{""0.10"":31,""0.15"":26,""0.20"":33}","{""0.10"":0.18787878787878787,""0.15"":0.16666666666666666,""0.20"":0.22}",0.16666666666666666,"{""left"":229,""right"":242}","{""left"":52,""right"":38}",101,89,0.8811881188118812,0,21,7,0,0,0,0,0,12,0,125,56,27.0,67.55,0.0,105.64999999999993,73782,6973,100,0,False,F1,202608241,True,False,True,0.5881104033970276,0.0,0.08280254777070063,0.0,UNACHIEVABLE,UNACHIEVABLE,UNACHIEVABLE
F1_seed_202608242,DIAGNOSTIC_OOF_PARETO,s0.45_p0.45_e0.15_n0.10_f0.60_k1_h0.00,0.45,0.45,0.15,0.1,0.6,1,0.0,333,471,363,367,301,293,287,262,0.7707006369426752,0.7791932059447984,0.6390658174097664,0.6220806794055201,0.6093418259023354,0.5562632696390658,262,0.5562632696390658,"{""0.10"":165,""0.15"":156,""0.20"":150}","{""0.10"":86,""0.15"":84,""0.20"":92}","{""0.10"":0.5212121212121212,""0.15"":0.5384615384615384,""0.20"":0.6133333333333333}",0.5212121212121212,"{""left"":229,""right"":242}","{""left"":127,""right"":135}",284,252,0.8873239436619719,6,183,37,0,0,0,0,0,32,0,125,107,48.0,82.0,0.0,41.0,73782,6973,100,0,False,F1,202608242,True,False,True,0.4309978768577495,0.0,0.0,0.0,UNACHIEVABLE,UNACHIEVABLE,UNACHIEVABLE
F1_seed_202608242,DIAGNOSTIC_OOF_PARETO,s0.45_p0.45_e0.15_n0.10_f0.60_k1_h0.05,0.45,0.45,0.15,0.1,0.6,1,0.05,333,471,363,367,301,293,288,262,0.7707006369426752,0.7791932059447984,0.6390658174097664,0.6220806794055201,0.6114649681528662,0.5562632696390658,262,0.5562632696390658,"{""0.10"":165,""0.15"":156,""0.20"":150}","{""0.10"":86,""0.15"":84,""0.20"":92}","{""0.10"":0.5212121212121212,""0.15"":0.5384615384615384,""0.20"":0.6133333333333333}",0.5212121212121212,"{""left"":229,""right"":242}","{""left"":127,""right"":135}",284,252,0.8873239436619719,6,183,37,0,0,0,0,0,32,0,125,107,48.0,82.0,0.0,41.0,73782,6973,100,0,False,F1,202608242,True,False,True,0.4309978768577495,0.0,0.0,0.0,UNACHIEVABLE,UNACHIEVABLE,UNACHIEVABLE
F1_seed_202608242,DIAGNOSTIC_OOF_PARETO,s0.45_p0.45_e0.15_n0.10_f0.60_k2_h0.00,0.45,0.45,0.15,0.1,0.6,2,0.0,333,471,363,367,301,293,214,203,0.7707006369426752,0.7791932059447984,0.6390658174097664,0.6220806794055201,0.4543524416135881,0.4309978768577495,203,0.4309978768577495,"{""0.10"":165,""0.15"":156,""0.20"":150}","{""0.10"":65,""0.15"":65,""0.20"":73}","{""0.10"":0.3939393939393939,""0.15"":0.4166666666666667,""0.20"":0.4866666666666667}",0.3939393939393939,"{""left"":229,""right"":242}","{""left"":107,""right"":96}",218,198,0.908256880733945,0,89,20,0,0,0,0,0,20,0,125,101,38.0,77.89999999999998,0.0,38.69999999999993,73782,6973,100,0,False,F1,202608242,True,False,True,0.4309978768577495,0.0,0.0,0.0,UNACHIEVABLE,UNACHIEVABLE,UNACHIEVABLE
F1_seed_202608242,DIAGNOSTIC_OOF_PARETO,s0.45_p0.45_e0.15_n0.10_f0.60_k2_h0.05,0.45,0.45,0.15,0.1,0.6,2,0.05,333,471,363,367,301,293,215,203,0.7707006369426752,0.7791932059447984,0.6390658174097664,0.6220806794055201,0.4564755838641189,0.4309978768577495,203,0.4309978768577495,"{""0.10"":165,""0.15"":156,""0.20"":150}","{""0.10"":65,""0.15"":65,""0.20"":73}","{""0.10"":0.3939393939393939,""0.15"":0.4166666666666667,""0.20"":0.4866666666666667}",0.3939393939393939,"{""left"":229,""right"":242}","{""left"":107,""right"":96}",218,198,0.908256880733945,0,89,20,0,0,0,0,0,20,0,125,101,38.0,77.89999999999998,0.0,38.69999999999993,73782,6973,100,0,False,F1,202608242,True,False,True,0.4309978768577495,0.0,0.0,0.0,UNACHIEVABLE,UNACHIEVABLE,UNACHIEVABLE
F1_seed_202608242,DIAGNOSTIC_OOF_PARETO,s0.45_p0.45_e0.15_n0.10_f0.60_k3_h0.00,0.45,0.45,0.15,0.1,0.6,3,0.0,333,471,363,367,301,293,163,157,0.7707006369426752,0.7791932059447984,0.6390658174097664,0.6220806794055201,0.346072186836518,0.3333333333333333,157,0.3333333333333333,"{""0.10"":165,""0.15"":156,""0.20"":150}","{""0.10"":53,""0.15"":46,""0.20"":58}","{""0.10"":0.3212121212121212,""0.15"":0.2948717948717949,""0.20"":0.38666666666666666}",0.2948717948717949,"{""left"":229,""right"":242}","{""left"":87,""right"":70}",172,156,0.9069767441860465,0,48,12,0,0,0,0,0,16,0,125,88,29.0,63.99999999999994,0.0,93.0,73782,6973,100,0,False,F1,202608242,True,False,True,0.4309978768577495,0.0,0.0,0.0,UNACHIEVABLE,UNACHIEVABLE,UNACHIEVABLE
F1_seed_202608242,DIAGNOSTIC_OOF_PARETO,s0.45_p0.45_e0.15_n0.10_f0.60_k3_h0.05,0.45,0.45,0.15,0.1,0.6,3,0.05,333,471,363,367,301,293,163,157,0.7707006369426752,0.7791932059447984,0.6390658174097664,0.6220806794055201,0.346072186836518,0.3333333333333333,157,0.3333333333333333,"{""0.10"":165,""0.15"":156,""0.20"":150}","{""0.10"":53,""0.15"":46,""0.20"":58}","{""0.10"":0.3212121212121212,""0.15"":0.2948717948717949,""0.20"":0.38666666666666666}",0.2948717948717949,"{""left"":229,""right"":242}","{""left"":87,""right"":70}",172,156,0.9069767441860465,0,48,12,0,0,0,0,0,16,0,125,88,29.0,63.99999999999994,0.0,93.0,73782,6973,100,0,False,F1,202608242,True,False,True,0.4309978768577495,0.0,0.0,0.0,UNACHIEVABLE,UNACHIEVABLE,UNACHIEVABLE
F1_seed_202608242,DIAGNOSTIC_OOF_PARETO,s0.45_p0.45_e0.25_n0.20_f0.60_k1_h0.00,0.45,0.45,0.25,0.2,0.6,1,0.0,333,471,363,367,298,290,284,259,0.7707006369426752,0.7791932059447984,0.6326963906581741,0.6157112526539278,0.6029723991507431,0.5498938428874734,259,0.5498938428874734,"{""0.10"":165,""0.15"":156,""0.20"":150}","{""0.10"":84,""0.15"":84,""0.20"":91}","{""0.10"":0.509090909090909,""0.15"":0.5384615384615384,""0.20"":0.6066666666666667}",0.509090909090909,"{""left"":229,""right"":242}","{""left"":125,""right"":134}",281,249,0.8861209964412812,6,178,37,0,0,0,0,0,32,0,125,107,47.0,82.0,0.0,41.099999999999994,73782,6973,100,0,False,F1,202608242,True,False,True,0.4309978768577495,0.0,0.0,0.0,UNACHIEVABLE,UNACHIEVABLE,UNACHIEVABLE
F1_seed_202608242,DIAGNOSTIC_OOF_PARETO,s0.45_p0.45_e0.25_n0.20_f0.60_k1_h0.05,0.45,0.45,0.25,0.2,0.6,1,0.05,333,471,363,367,298,290,285,259,0.7707006369426752,0.7791932059447984,0.6326963906581741,0.6157112526539278,0.6050955414012739,0.5498938428874734,259,0.5498938428874734,"{""0.10"":165,""0.15"":156,""0.20"":150}","{""0.10"":84,""0.15"":84,""0.20"":91}","{""0.10"":0.509090909090909,""0.15"":0.5384615384615384,""0.20"":0.6066666666666667}",0.509090909090909,"{""left"":229,""right"":242}","{""left"":125,""right"":134}",281,249,0.8861209964412812,6,178,37,0,0,0,0,0,32,0,125,107,47.0,82.0,0.0,41.099999999999994,73782,6973,100,0,False,F1,202608242,True,False,True,0.4309978768577495,0.0,0.0,0.0,UNACHIEVABLE,UNACHIEVABLE,UNACHIEVABLE
F1_seed_202608242,DIAGNOSTIC_OOF_PARETO,s0.45_p0.45_e0.25_n0.20_f0.60_k2_h0.00,0.45,0.45,0.25,0.2,0.6,2,0.0,333,471,363,367,298,290,211,201,0.7707006369426752,0.7791932059447984,0.6326963906581741,0.6157112526539278,0.44798301486199577,0.4267515923566879,201,0.4267515923566879,"{""0.10"":165,""0.15"":156,""0.20"":150}","{""0.10"":65,""0.15"":63,""0.20"":73}","{""0.10"":0.3939393939393939,""0.15"":0.40384615384615385,""0.20"":0.4866666666666667}",0.3939393939393939,"{""left"":229,""right"":242}","{""left"":105,""right"":96}",216,196,0.9074074074074074,0,85,20,0,0,0,0,0,20,0,125,101,37.0,78.0,0.0,39.0,73782,6973,100,0,False,F1,202608242,True,False,True,0.4309978768577495,0.0,0.0,0.0,UNACHIEVABLE,UNACHIEVABLE,UNACHIEVABLE
F1_seed_202608242,DIAGNOSTIC_OOF_PARETO,s0.45_p0.45_e0.25_n0.20_f0.60_k2_h0.05,0.45,0.45,0.25,0.2,0.6,2,0.05,333,471,363,367,298,290,213,201,0.7707006369426752,0.7791932059447984,0.6326963906581741,0.6157112526539278,0.45222929936305734,0.4267515923566879,201,0.4267515923566879,"{""0.10"":165,""0.15"":156,""0.20"":150}","{""0.10"":65,""0.15"":63,""0.20"":73}","{""0.10"":0.3939393939393939,""0.15"":0.40384615384615385,""0.20"":0.4866666666666667}",0.3939393939393939,"{""left"":229,""right"":242}","{""left"":105,""right"":96}",216,196,0.9074074074074074,0,85,20,0,0,0,0,0,20,0,125,101,37.0,78.0,0.0,39.0,73782,6973,100,0,False,F1,202608242,True,False,True,0.4309978768577495,0.0,0.0,0.0,UNACHIEVABLE,UNACHIEVABLE,UNACHIEVABLE
F1_seed_202608242,DIAGNOSTIC_OOF_PARETO,s0.45_p0.45_e0.25_n0.20_f0.60_k3_h0.00,0.45,0.45,0.25,0.2,0.6,3,0.0,333,471,363,367,298,290,158,153,0.7707006369426752,0.7791932059447984,0.6326963906581741,0.6157112526539278,0.3354564755838641,0.3248407643312102,153,0.3248407643312102,"{""0.10"":165,""0.15"":156,""0.20"":150}","{""0.10"":52,""0.15"":46,""0.20"":55}","{""0.10"":0.3151515151515151,""0.15"":0.2948717948717949,""0.20"":0.36666666666666664}",0.2948717948717949,"{""left"":229,""right"":242}","{""left"":85,""right"":68}",168,152,0.9047619047619048,0,45,12,0,0,0,0,0,16,0,125,88,28.0,65.00000000000003,0.0,93.0,73782,6973,100,0,False,F1,202608242,True,False,True,0.4309978768577495,0.0,0.0,0.0,UNACHIEVABLE,UNACHIEVABLE,UNACHIEVABLE
F1_seed_202608242,DIAGNOSTIC_OOF_PARETO,s0.45_p0.45_e0.25_n0.20_f0.60_k3_h0.05,0.45,0.45,0.25,0.2,0.6,3,0.05,333,471,363,367,298,290,159,153,0.7707006369426752,0.7791932059447984,0.6326963906581741,0.6157112526539278,0.3375796178343949,0.3248407643312102,153,0.3248407643312102,"{""0.10"":165,""0.15"":156,""0.20"":150}","{""0.10"":52,""0.15"":46,""0.20"":55}","{""0.10"":0.3151515151515151,""0.15"":0.2948717948717949,""0.20"":0.36666666666666664}",0.2948717948717949,"{""left"":229,""right"":242}","{""left"":85,""right"":68}",168,152,0.9047619047619048,0,45,12,0,0,0,0,0,16,0,125,88,28.0,65.00000000000003,0.0,93.0,73782,6973,100,0,False,F1,202608242,True,False,True,0.4309978768577495,0.0,0.0,0.0,UNACHIEVABLE,UNACHIEVABLE,UNACHIEVABLE
F1_seed_202608242,DIAGNOSTIC_OOF_PARETO,s0.55_p0.55_e0.15_n0.10_f0.60_k1_h0.00,0.55,0.55,0.15,0.1,0.6,1,0.0,333,471,363,335,276,265,260,240,0.7707006369426752,0.7112526539278131,0.5859872611464968,0.5626326963906582,0.5520169851380042,0.5095541401273885,240,0.5095541401273885,"{""0.10"":165,""0.15"":156,""0.20"":150}","{""0.10"":75,""0.15"":79,""0.20"":86}","{""0.10"":0.45454545454545453,""0.15"":0.5064102564102564,""0.20"":0.5733333333333334}",0.45454545454545453,"{""left"":229,""right"":242}","{""left"":115,""right"":125}",258,231,0.8953488372093024,6,157,33,0,0,0,0,0,27,0,125,106,47.5,80.09999999999997,0.0,41.0,73782,6973,100,0,False,F1,202608242,True,False,True,0.4309978768577495,0.0,0.0,0.0,UNACHIEVABLE,UNACHIEVABLE,UNACHIEVABLE
F1_seed_202608242,DIAGNOSTIC_OOF_PARETO,s0.55_p0.55_e0.15_n0.10_f0.60_k1_h0.05,0.55,0.55,0.15,0.1,0.6,1,0.05,333,471,363,335,276,265,260,240,0.7707006369426752,0.7112526539278131,0.5859872611464968,0.5626326963906582,0.5520169851380042,0.5095541401273885,240,0.5095541401273885,"{""0.10"":165,""0.15"":156,""0.20"":150}","{""0.10"":75,""0.15"":79,""0.20"":86}","{""0.10"":0.45454545454545453,""0.15"":0.5064102564102564,""0.20"":0.5733333333333334}",0.45454545454545453,"{""left"":229,""right"":242}","{""left"":115,""right"":125}",258,231,0.8953488372093024,6,157,33,0,0,0,0,0,27,0,125,106,47.5,80.09999999999997,0.0,41.0,73782,6973,100,0,False,F1,202608242,True,False,True,0.4309978768577495,0.0,0.0,0.0,UNACHIEVABLE,UNACHIEVABLE,UNACHIEVABLE
F1_seed_202608242,DIAGNOSTIC_OOF_PARETO,s0.55_p0.55_e0.15_n0.10_f0.60_k2_h0.00,0.55,0.55,0.15,0.1,0.6,2,0.0,333,471,363,335,276,265,190,182,0.7707006369426752,0.7112526539278131,0.5859872611464968,0.5626326963906582,0.4033970276008493,0.386411889596603,182,0.386411889596603,"{""0.10"":165,""0.15"":156,""0.20"":150}","{""0.10"":62,""0.15"":57,""0.20"":63}","{""0.10"":0.37575757575757573,""0.15"":0.36538461538461536,""0.20"":0.42}",0.36538461538461536,"{""left"":229,""right"":242}","{""left"":95,""right"":87}",196,177,0.9030612244897959,0,67,16,0,0,0,0,0,19,0,125,98,35.0,72.0,0.0,51.799999999999955,73782,6973,100,0,False,F1,202608242,True,False,True,0.4309978768577495,0.0,0.0,0.0,UNACHIEVABLE,UNACHIEVABLE,UNACHIEVABLE
F1_seed_202608242,DIAGNOSTIC_OOF_PARETO,s0.55_p0.55_e0.15_n0.10_f0.60_k2_h0.05,0.55,0.55,0.15,0.1,0.6,2,0.05,333,471,363,335,276,265,190,182,0.7707006369426752,0.7112526539278131,0.5859872611464968,0.5626326963906582,0.4033970276008493,0.386411889596603,182,0.386411889596603,"{""0.10"":165,""0.15"":156,""0.20"":150}","{""0.10"":62,""0.15"":57,""0.20"":63}","{""0.10"":0.37575757575757573,""0.15"":0.36538461538461536,""0.20"":0.42}",0.36538461538461536,"{""left"":229,""right"":242}","{""left"":95,""right"":87}",196,177,0.9030612244897959,0,67,16,0,0,0,0,0,19,0,125,98,35.0,72.0,0.0,51.799999999999955,73782,6973,100,0,False,F1,202608242,True,False,True,0.4309978768577495,0.0,0.0,0.0,UNACHIEVABLE,UNACHIEVABLE,UNACHIEVABLE
F1_seed_202608242,DIAGNOSTIC_OOF_PARETO,s0.55_p0.55_e0.15_n0.10_f0.60_k3_h0.00,0.55,0.55,0.15,0.1,0.6,3,0.0,333,471,363,335,276,265,129,124,0.7707006369426752,0.7112526539278131,0.5859872611464968,0.5626326963906582,0.27388535031847133,0.2632696390658174,124,0.2632696390658174,"{""0.10"":165,""0.15"":156,""0.20"":150}","{""0.10"":44,""0.15"":32,""0.20"":48}","{""0.10"":0.26666666666666666,""0.15"":0.20512820512820512,""0.20"":0.32}",0.20512820512820512,"{""left"":229,""right"":242}","{""left"":68,""right"":56}",136,123,0.9044117647058824,0,38,10,0,0,0,0,0,13,0,125,75,28.0,62.849999999999994,0.0,95.54999999999998,73782,6973,100,0,False,F1,202608242,True,False,True,0.4309978768577495,0.0,0.0,0.0,UNACHIEVABLE,UNACHIEVABLE,UNACHIEVABLE
F1_seed_202608242,DIAGNOSTIC_OOF_PARETO,s0.55_p0.55_e0.15_n0.10_f0.60_k3_h0.05,0.55,0.55,0.15,0.1,0.6,3,0.05,333,471,363,335,276,265,129,124,0.7707006369426752,0.7112526539278131,0.5859872611464968,0.5626326963906582,0.27388535031847133,0.2632696390658174,124,0.2632696390658174,"{""0.10"":165,""0.15"":156,""0.20"":150}","{""0.10"":44,""0.15"":32,""0.20"":48}","{""0.10"":0.26666666666666666,""0.15"":0.20512820512820512,""0.20"":0.32}",0.20512820512820512,"{""left"":229,""right"":242}","{""left"":68,""right"":56}",136,123,0.9044117647058824,0,38,10,0,0,0,0,0,13,0,125,75,28.0,62.849999999999994,0.0,95.54999999999998,73782,6973,100,0,False,F1,202608242,True,False,True,0.4309978768577495,0.0,0.0,0.0,UNACHIEVABLE,UNACHIEVABLE,UNACHIEVABLE
F1_seed_202608242,DIAGNOSTIC_OOF_PARETO,s0.55_p0.55_e0.25_n0.20_f0.60_k1_h0.00,0.55,0.55,0.25,0.2,0.6,1,0.0,333,471,363,335,276,265,260,240,0.7707006369426752,0.7112526539278131,0.5859872611464968,0.5626326963906582,0.5520169851380042,0.5095541401273885,240,0.5095541401273885,"{""0.10"":165,""0.15"":156,""0.20"":150}","{""0.10"":75,""0.15"":79,""0.20"":86}","{""0.10"":0.45454545454545453,""0.15"":0.5064102564102564,""0.20"":0.5733333333333334}",0.45454545454545453,"{""left"":229,""right"":242}","{""left"":115,""right"":125}",258,231,0.8953488372093024,6,155,33,0,0,0,0,0,27,0,125,106,46.5,80.09999999999997,0.0,41.0,73782,6973,100,0,False,F1,202608242,True,False,True,0.4309978768577495,0.0,0.0,0.0,UNACHIEVABLE,UNACHIEVABLE,UNACHIEVABLE
F1_seed_202608242,DIAGNOSTIC_OOF_PARETO,s0.55_p0.55_e0.25_n0.20_f0.60_k1_h0.05,0.55,0.55,0.25,0.2,0.6,1,0.05,333,471,363,335,276,265,260,240,0.7707006369426752,0.7112526539278131,0.5859872611464968,0.5626326963906582,0.5520169851380042,0.5095541401273885,240,0.5095541401273885,"{""0.10"":165,""0.15"":156,""0.20"":150}","{""0.10"":75,""0.15"":79,""0.20"":86}","{""0.10"":0.45454545454545453,""0.15"":0.5064102564102564,""0.20"":0.5733333333333334}",0.45454545454545453,"{""left"":229,""right"":242}","{""left"":115,""right"":125}",258,231,0.8953488372093024,6,155,33,0,0,0,0,0,27,0,125,106,46.5,80.09999999999997,0.0,41.0,73782,6973,100,0,False,F1,202608242,True,False,True,0.4309978768577495,0.0,0.0,0.0,UNACHIEVABLE,UNACHIEVABLE,UNACHIEVABLE
F1_seed_202608242,DIAGNOSTIC_OOF_PARETO,s0.55_p0.55_e0.25_n0.20_f0.60_k2_h0.00,0.55,0.55,0.25,0.2,0.6,2,0.0,333,471,363,335,276,265,189,181,0.7707006369426752,0.7112526539278131,0.5859872611464968,0.5626326963906582,0.4012738853503185,0.3842887473460722,181,0.3842887473460722,"{""0.10"":165,""0.15"":156,""0.20"":150}","{""0.10"":62,""0.15"":56,""0.20"":63}","{""0.10"":0.37575757575757573,""0.15"":0.358974358974359,""0.20"":0.42}",0.358974358974359,"{""left"":229,""right"":242}","{""left"":95,""right"":86}",195,176,0.9025641025641026,0,64,16,0,0,0,0,0,19,0,125,97,35.0,72.0,0.0,52.0,73782,6973,100,0,False,F1,202608242,True,False,True,0.4309978768577495,0.0,0.0,0.0,UNACHIEVABLE,UNACHIEVABLE,UNACHIEVABLE
F1_seed_202608242,DIAGNOSTIC_OOF_PARETO,s0.55_p0.55_e0.25_n0.20_f0.60_k2_h0.05,0.55,0.55,0.25,0.2,0.6,2,0.05,333,471,363,335,276,265,189,181,0.7707006369426752,0.7112526539278131,0.5859872611464968,0.5626326963906582,0.4012738853503185,0.3842887473460722,181,0.3842887473460722,"{""0.10"":165,""0.15"":156,""0.20"":150}","{""0.10"":62,""0.15"":56,""0.20"":63}","{""0.10"":0.37575757575757573,""0.15"":0.358974358974359,""0.20"":0.42}",0.358974358974359,"{""left"":229,""right"":242}","{""left"":95,""right"":86}",195,176,0.9025641025641026,0,64,16,0,0,0,0,0,19,0,125,97,35.0,72.0,0.0,52.0,73782,6973,100,0,False,F1,202608242,True,False,True,0.4309978768577495,0.0,0.0,0.0,UNACHIEVABLE,UNACHIEVABLE,UNACHIEVABLE
F1_seed_202608242,DIAGNOSTIC_OOF_PARETO,s0.55_p0.55_e0.25_n0.20_f0.60_k3_h0.00,0.55,0.55,0.25,0.2,0.6,3,0.0,333,471,363,335,276,265,125,120,0.7707006369426752,0.7112526539278131,0.5859872611464968,0.5626326963906582,0.2653927813163482,0.25477707006369427,120,0.25477707006369427,"{""0.10"":165,""0.15"":156,""0.20"":150}","{""0.10"":43,""0.15"":32,""0.20"":45}","{""0.10"":0.2606060606060606,""0.15"":0.20512820512820512,""0.20"":0.3}",0.20512820512820512,"{""left"":229,""right"":242}","{""left"":66,""right"":54}",132,119,0.9015151515151515,0,36,10,0,0,0,0,0,13,0,125,74,28.5,63.29999999999998,0.0,98.04999999999988,73782,6973,100,0,False,F1,202608242,True,False,True,0.4309978768577495,0.0,0.0,0.0,UNACHIEVABLE,UNACHIEVABLE,UNACHIEVABLE
F1_seed_202608242,DIAGNOSTIC_OOF_PARETO,s0.55_p0.55_e0.25_n0.20_f0.60_k3_h0.05,0.55,0.55,0.25,0.2,0.6,3,0.05,333,471,363,335,276,265,125,120,0.7707006369426752,0.7112526539278131,0.5859872611464968,0.5626326963906582,0.2653927813163482,0.25477707006369427,120,0.25477707006369427,"{""0.10"":165,""0.15"":156,""0.20"":150}","{""0.10"":43,""0.15"":32,""0.20"":45}","{""0.10"":0.2606060606060606,""0.15"":0.20512820512820512,""0.20"":0.3}",0.20512820512820512,"{""left"":229,""right"":242}","{""left"":66,""right"":54}",132,119,0.9015151515151515,0,36,10,0,0,0,0,0,13,0,125,74,28.5,63.29999999999998,0.0,98.04999999999988,73782,6973,100,0,False,F1,202608242,True,False,True,0.4309978768577495,0.0,0.0,0.0,UNACHIEVABLE,UNACHIEVABLE,UNACHIEVABLE
F1_seed_202608242,DIAGNOSTIC_OOF_PARETO,s0.65_p0.65_e0.15_n0.10_f0.60_k1_h0.00,0.65,0.65,0.15,0.1,0.6,1,0.0,333,471,363,284,234,225,221,206,0.7707006369426752,0.6029723991507431,0.4968152866242038,0.47770700636942676,0.4692144373673036,0.43736730360934184,206,0.43736730360934184,"{""0.10"":165,""0.15"":156,""0.20"":150}","{""0.10"":63,""0.15"":69,""0.20"":74}","{""0.10"":0.38181818181818183,""0.15"":0.4423076923076923,""0.20"":0.49333333333333335}",0.38181818181818183,"{""left"":229,""right"":242}","{""left"":102,""right"":104}",223,197,0.8834080717488789,6,110,27,0,0,0,0,0,26,0,125,93,44.5,79.0,0.0,38.75,73782,6973,100,0,False,F1,202608242,True,False,True,0.4309978768577495,0.0,0.0,0.0,UNACHIEVABLE,UNACHIEVABLE,UNACHIEVABLE
F1_seed_202608242,DIAGNOSTIC_OOF_PARETO,s0.65_p0.65_e0.15_n0.10_f0.60_k1_h0.05,0.65,0.65,0.15,0.1,0.6,1,0.05,333,471,363,284,234,225,221,206,0.7707006369426752,0.6029723991507431,0.4968152866242038,0.47770700636942676,0.4692144373673036,0.43736730360934184,206,0.43736730360934184,"{""0.10"":165,""0.15"":156,""0.20"":150}","{""0.10"":63,""0.15"":69,""0.20"":74}","{""0.10"":0.38181818181818183,""0.15"":0.4423076923076923,""0.20"":0.49333333333333335}",0.38181818181818183,"{""left"":229,""right"":242}","{""left"":102,""right"":104}",223,197,0.8834080717488789,6,110,27,0,0,0,0,0,26,0,125,93,44.5,79.0,0.0,38.75,73782,6973,100,0,False,F1,202608242,True,False,True,0.4309978768577495,0.0,0.0,0.0,UNACHIEVABLE,UNACHIEVABLE,UNACHIEVABLE
F1_seed_202608242,DIAGNOSTIC_OOF_PARETO,s0.65_p0.65_e0.15_n0.10_f0.60_k2_h0.00,0.65,0.65,0.15,0.1,0.6,2,0.0,333,471,363,284,234,225,145,139,0.7707006369426752,0.6029723991507431,0.4968152866242038,0.47770700636942676,0.3078556263269639,0.2951167728237792,139,0.2951167728237792,"{""0.10"":165,""0.15"":156,""0.20"":150}","{""0.10"":48,""0.15"":44,""0.20"":47}","{""0.10"":0.2909090909090909,""0.15"":0.28205128205128205,""0.20"":0.31333333333333335}",0.28205128205128205,"{""left"":229,""right"":242}","{""left"":79,""right"":60}",150,135,0.9,0,47,13,0,0,0,0,0,15,0,125,79,34.0,73.49999999999997,0.0,103.29999999999998,73782,6973,100,0,False,F1,202608242,True,False,True,0.4309978768577495,0.0,0.0,0.0,UNACHIEVABLE,UNACHIEVABLE,UNACHIEVABLE
F1_seed_202608242,DIAGNOSTIC_OOF_PARETO,s0.65_p0.65_e0.15_n0.10_f0.60_k2_h0.05,0.65,0.65,0.15,0.1,0.6,2,0.05,333,471,363,284,234,225,145,139,0.7707006369426752,0.6029723991507431,0.4968152866242038,0.47770700636942676,0.3078556263269639,0.2951167728237792,139,0.2951167728237792,"{""0.10"":165,""0.15"":156,""0.20"":150}","{""0.10"":48,""0.15"":44,""0.20"":47}","{""0.10"":0.2909090909090909,""0.15"":0.28205128205128205,""0.20"":0.31333333333333335}",0.28205128205128205,"{""left"":229,""right"":242}","{""left"":79,""right"":60}",150,135,0.9,0,47,13,0,0,0,0,0,15,0,125,79,34.0,73.49999999999997,0.0,103.29999999999998,73782,6973,100,0,False,F1,202608242,True,False,True,0.4309978768577495,0.0,0.0,0.0,UNACHIEVABLE,UNACHIEVABLE,UNACHIEVABLE
F1_seed_202608242,DIAGNOSTIC_OOF_PARETO,s0.65_p0.65_e0.15_n0.10_f0.60_k3_h0.00,0.65,0.65,0.15,0.1,0.6,3,0.0,333,471,363,284,234,225,90,86,0.7707006369426752,0.6029723991507431,0.4968152866242038,0.47770700636942676,0.1910828025477707,0.18259023354564755,86,0.18259023354564755,"{""0.10"":165,""0.15"":156,""0.20"":150}","{""0.10"":32,""0.15"":22,""0.20"":32}","{""0.10"":0.19393939393939394,""0.15"":0.14102564102564102,""0.20"":0.21333333333333335}",0.14102564102564102,"{""left"":229,""right"":242}","{""left"":53,""right"":33}",96,85,0.8854166666666666,0,21,6,0,0,0,0,0,11,0,125,58,29.0,73.5,0.0,131.0,73782,6973,100,0,False,F1,202608242,True,False,True,0.4309978768577495,0.0,0.0,0.0,UNACHIEVABLE,UNACHIEVABLE,UNACHIEVABLE
F1_seed_202608242,DIAGNOSTIC_OOF_PARETO,s0.65_p0.65_e0.15_n0.10_f0.60_k3_h0.05,0.65,0.65,0.15,0.1,0.6,3,0.05,333,471,363,284,234,225,90,86,0.7707006369426752,0.6029723991507431,0.4968152866242038,0.47770700636942676,0.1910828025477707,0.18259023354564755,86,0.18259023354564755,"{""0.10"":165,""0.15"":156,""0.20"":150}","{""0.10"":32,""0.15"":22,""0.20"":32}","{""0.10"":0.19393939393939394,""0.15"":0.14102564102564102,""0.20"":0.21333333333333335}",0.14102564102564102,"{""left"":229,""right"":242}","{""left"":53,""right"":33}",96,85,0.8854166666666666,0,21,6,0,0,0,0,0,11,0,125,58,29.0,73.5,0.0,131.0,73782,6973,100,0,False,F1,202608242,True,False,True,0.4309978768577495,0.0,0.0,0.0,UNACHIEVABLE,UNACHIEVABLE,UNACHIEVABLE
F1_seed_202608242,DIAGNOSTIC_OOF_PARETO,s0.65_p0.65_e0.25_n0.20_f0.60_k1_h0.00,0.65,0.65,0.25,0.2,0.6,1,0.0,333,471,363,284,234,225,221,206,0.7707006369426752,0.6029723991507431,0.4968152866242038,0.47770700636942676,0.4692144373673036,0.43736730360934184,206,0.43736730360934184,"{""0.10"":165,""0.15"":156,""0.20"":150}","{""0.10"":63,""0.15"":69,""0.20"":74}","{""0.10"":0.38181818181818183,""0.15"":0.4423076923076923,""0.20"":0.49333333333333335}",0.38181818181818183,"{""left"":229,""right"":242}","{""left"":102,""right"":104}",223,197,0.8834080717488789,6,110,27,0,0,0,0,0,26,0,125,93,44.5,79.0,0.0,38.75,73782,6973,100,0,False,F1,202608242,True,False,True,0.4309978768577495,0.0,0.0,0.0,UNACHIEVABLE,UNACHIEVABLE,UNACHIEVABLE
F1_seed_202608242,DIAGNOSTIC_OOF_PARETO,s0.65_p0.65_e0.25_n0.20_f0.60_k1_h0.05,0.65,0.65,0.25,0.2,0.6,1,0.05,333,471,363,284,234,225,221,206,0.7707006369426752,0.6029723991507431,0.4968152866242038,0.47770700636942676,0.4692144373673036,0.43736730360934184,206,0.43736730360934184,"{""0.10"":165,""0.15"":156,""0.20"":150}","{""0.10"":63,""0.15"":69,""0.20"":74}","{""0.10"":0.38181818181818183,""0.15"":0.4423076923076923,""0.20"":0.49333333333333335}",0.38181818181818183,"{""left"":229,""right"":242}","{""left"":102,""right"":104}",223,197,0.8834080717488789,6,110,27,0,0,0,0,0,26,0,125,93,44.5,79.0,0.0,38.75,73782,6973,100,0,False,F1,202608242,True,False,True,0.4309978768577495,0.0,0.0,0.0,UNACHIEVABLE,UNACHIEVABLE,UNACHIEVABLE
F1_seed_202608242,DIAGNOSTIC_OOF_PARETO,s0.65_p0.65_e0.25_n0.20_f0.60_k2_h0.00,0.65,0.65,0.25,0.2,0.6,2,0.0,333,471,363,284,234,225,145,139,0.7707006369426752,0.6029723991507431,0.4968152866242038,0.47770700636942676,0.3078556263269639,0.2951167728237792,139,0.2951167728237792,"{""0.10"":165,""0.15"":156,""0.20"":150}","{""0.10"":48,""0.15"":44,""0.20"":47}","{""0.10"":0.2909090909090909,""0.15"":0.28205128205128205,""0.20"":0.31333333333333335}",0.28205128205128205,"{""left"":229,""right"":242}","{""left"":79,""right"":60}",150,135,0.9,0,47,13,0,0,0,0,0,15,0,125,79,34.0,73.49999999999997,0.0,103.29999999999998,73782,6973,100,0,False,F1,202608242,True,False,True,0.4309978768577495,0.0,0.0,0.0,UNACHIEVABLE,UNACHIEVABLE,UNACHIEVABLE
F1_seed_202608242,DIAGNOSTIC_OOF_PARETO,s0.65_p0.65_e0.25_n0.20_f0.60_k2_h0.05,0.65,0.65,0.25,0.2,0.6,2,0.05,333,471,363,284,234,225,145,139,0.7707006369426752,0.6029723991507431,0.4968152866242038,0.47770700636942676,0.3078556263269639,0.2951167728237792,139,0.2951167728237792,"{""0.10"":165,""0.15"":156,""0.20"":150}","{""0.10"":48,""0.15"":44,""0.20"":47}","{""0.10"":0.2909090909090909,""0.15"":0.28205128205128205,""0.20"":0.31333333333333335}",0.28205128205128205,"{""left"":229,""right"":242}","{""left"":79,""right"":60}",150,135,0.9,0,47,13,0,0,0,0,0,15,0,125,79,34.0,73.49999999999997,0.0,103.29999999999998,73782,6973,100,0,False,F1,202608242,True,False,True,0.4309978768577495,0.0,0.0,0.0,UNACHIEVABLE,UNACHIEVABLE,UNACHIEVABLE
F1_seed_202608242,DIAGNOSTIC_OOF_PARETO,s0.65_p0.65_e0.25_n0.20_f0.60_k3_h0.00,0.65,0.65,0.25,0.2,0.6,3,0.0,333,471,363,284,234,225,90,86,0.7707006369426752,0.6029723991507431,0.4968152866242038,0.47770700636942676,0.1910828025477707,0.18259023354564755,86,0.18259023354564755,"{""0.10"":165,""0.15"":156,""0.20"":150}","{""0.10"":32,""0.15"":22,""0.20"":32}","{""0.10"":0.19393939393939394,""0.15"":0.14102564102564102,""0.20"":0.21333333333333335}",0.14102564102564102,"{""left"":229,""right"":242}","{""left"":53,""right"":33}",96,85,0.8854166666666666,0,21,6,0,0,0,0,0,11,0,125,58,29.0,73.5,0.0,131.0,73782,6973,100,0,False,F1,202608242,True,False,True,0.4309978768577495,0.0,0.0,0.0,UNACHIEVABLE,UNACHIEVABLE,UNACHIEVABLE
F1_seed_202608242,DIAGNOSTIC_OOF_PARETO,s0.65_p0.65_e0.25_n0.20_f0.60_k3_h0.05,0.65,0.65,0.25,0.2,0.6,3,0.05,333,471,363,284,234,225,90,86,0.7707006369426752,0.6029723991507431,0.4968152866242038,0.47770700636942676,0.1910828025477707,0.18259023354564755,86,0.18259023354564755,"{""0.10"":165,""0.15"":156,""0.20"":150}","{""0.10"":32,""0.15"":22,""0.20"":32}","{""0.10"":0.19393939393939394,""0.15"":0.14102564102564102,""0.20"":0.21333333333333335}",0.14102564102564102,"{""left"":229,""right"":242}","{""left"":53,""right"":33}",96,85,0.8854166666666666,0,21,6,0,0,0,0,0,11,0,125,58,29.0,73.5,0.0,131.0,73782,6973,100,0,False,F1,202608242,True,False,True,0.4309978768577495,0.0,0.0,0.0,UNACHIEVABLE,UNACHIEVABLE,UNACHIEVABLE
F1_seed_202608242,DIAGNOSTIC_OOF_PARETO,s0.75_p0.75_e0.15_n0.10_f0.60_k1_h0.00,0.75,0.75,0.15,0.1,0.6,1,0.0,333,471,363,221,175,165,162,153,0.7707006369426752,0.4692144373673036,0.37154989384288745,0.3503184713375796,0.34394904458598724,0.3248407643312102,153,0.3248407643312102,"{""0.10"":165,""0.15"":156,""0.20"":150}","{""0.10"":53,""0.15"":51,""0.20"":49}","{""0.10"":0.3212121212121212,""0.15"":0.3269230769230769,""0.20"":0.32666666666666666}",0.3212121212121212,"{""left"":229,""right"":242}","{""left"":82,""right"":71}",167,147,0.8802395209580839,6,68,16,0,0,0,0,0,20,0,125,76,40.0,81.4,0.0,86.80000000000015,73782,6973,100,0,False,F1,202608242,True,False,True,0.4309978768577495,0.0,0.0,0.0,UNACHIEVABLE,UNACHIEVABLE,UNACHIEVABLE
F1_seed_202608242,DIAGNOSTIC_OOF_PARETO,s0.75_p0.75_e0.15_n0.10_f0.60_k1_h0.05,0.75,0.75,0.15,0.1,0.6,1,0.05,333,471,363,221,175,165,162,153,0.7707006369426752,0.4692144373673036,0.37154989384288745,0.3503184713375796,0.34394904458598724,0.3248407643312102,153,0.3248407643312102,"{""0.10"":165,""0.15"":156,""0.20"":150}","{""0.10"":53,""0.15"":51,""0.20"":49}","{""0.10"":0.3212121212121212,""0.15"":0.3269230769230769,""0.20"":0.32666666666666666}",0.3212121212121212,"{""left"":229,""right"":242}","{""left"":82,""right"":71}",167,147,0.8802395209580839,6,68,16,0,0,0,0,0,20,0,125,76,40.0,81.4,0.0,86.80000000000015,73782,6973,100,0,False,F1,202608242,True,False,True,0.4309978768577495,0.0,0.0,0.0,UNACHIEVABLE,UNACHIEVABLE,UNACHIEVABLE
F1_seed_202608242,DIAGNOSTIC_OOF_PARETO,s0.75_p0.75_e0.15_n0.10_f0.60_k2_h0.00,0.75,0.75,0.15,0.1,0.6,2,0.0,333,471,363,221,175,165,98,95,0.7707006369426752,0.4692144373673036,0.37154989384288745,0.3503184713375796,0.208067940552017,0.20169851380042464,95,0.20169851380042464,"{""0.10"":165,""0.15"":156,""0.20"":150}","{""0.10"":35,""0.15"":31,""0.20"":29}","{""0.10"":0.21212121212121213,""0.15"":0.1987179487179487,""0.20"":0.19333333333333333}",0.19333333333333333,"{""left"":229,""right"":242}","{""left"":58,""right"":37}",108,91,0.8425925925925926,0,25,7,0,0,0,0,0,17,0,125,63,30.0,67.09999999999998,0.0,112.29999999999994,73782,6973,100,0,False,F1,202608242,True,False,True,0.4309978768577495,0.0,0.0,0.0,UNACHIEVABLE,UNACHIEVABLE,UNACHIEVABLE
F1_seed_202608242,DIAGNOSTIC_OOF_PARETO,s0.75_p0.75_e0.15_n0.10_f0.60_k2_h0.05,0.75,0.75,0.15,0.1,0.6,2,0.05,333,471,363,221,175,165,98,95,0.7707006369426752,0.4692144373673036,0.37154989384288745,0.3503184713375796,0.208067940552017,0.20169851380042464,95,0.20169851380042464,"{""0.10"":165,""0.15"":156,""0.20"":150}","{""0.10"":35,""0.15"":31,""0.20"":29}","{""0.10"":0.21212121212121213,""0.15"":0.1987179487179487,""0.20"":0.19333333333333333}",0.19333333333333333,"{""left"":229,""right"":242}","{""left"":58,""right"":37}",108,91,0.8425925925925926,0,25,7,0,0,0,0,0,17,0,125,63,30.0,67.09999999999998,0.0,112.29999999999994,73782,6973,100,0,False,F1,202608242,True,False,True,0.4309978768577495,0.0,0.0,0.0,UNACHIEVABLE,UNACHIEVABLE,UNACHIEVABLE
F1_seed_202608242,DIAGNOSTIC_OOF_PARETO,s0.75_p0.75_e0.15_n0.10_f0.60_k3_h0.00,0.75,0.75,0.15,0.1,0.6,3,0.0,333,471,363,221,175,165,51,50,0.7707006369426752,0.4692144373673036,0.37154989384288745,0.3503184713375796,0.10828025477707007,0.10615711252653928,50,0.10615711252653928,"{""0.10"":165,""0.15"":156,""0.20"":150}","{""0.10"":19,""0.15"":13,""0.20"":18}","{""0.10"":0.11515151515151516,""0.15"":0.08333333333333333,""0.20"":0.12}",0.08333333333333333,"{""left"":229,""right"":242}","{""left"":34,""right"":16}",58,50,0.8620689655172413,0,10,3,0,0,0,0,0,8,0,125,35,29.5,72.99999999999994,0.0,182.29999999999987,73782,6973,100,0,False,F1,202608242,True,False,True,0.4309978768577495,0.0,0.0,0.0,UNACHIEVABLE,UNACHIEVABLE,UNACHIEVABLE
F1_seed_202608242,DIAGNOSTIC_OOF_PARETO,s0.75_p0.75_e0.15_n0.10_f0.60_k3_h0.05,0.75,0.75,0.15,0.1,0.6,3,0.05,333,471,363,221,175,165,51,50,0.7707006369426752,0.4692144373673036,0.37154989384288745,0.3503184713375796,0.10828025477707007,0.10615711252653928,50,0.10615711252653928,"{""0.10"":165,""0.15"":156,""0.20"":150}","{""0.10"":19,""0.15"":13,""0.20"":18}","{""0.10"":0.11515151515151516,""0.15"":0.08333333333333333,""0.20"":0.12}",0.08333333333333333,"{""left"":229,""right"":242}","{""left"":34,""right"":16}",58,50,0.8620689655172413,0,10,3,0,0,0,0,0,8,0,125,35,29.5,72.99999999999994,0.0,182.29999999999987,73782,6973,100,0,False,F1,202608242,True,False,True,0.4309978768577495,0.0,0.0,0.0,UNACHIEVABLE,UNACHIEVABLE,UNACHIEVABLE
F1_seed_202608242,DIAGNOSTIC_OOF_PARETO,s0.75_p0.75_e0.25_n0.20_f0.60_k1_h0.00,0.75,0.75,0.25,0.2,0.6,1,0.0,333,471,363,221,175,165,162,153,0.7707006369426752,0.4692144373673036,0.37154989384288745,0.3503184713375796,0.34394904458598724,0.3248407643312102,153,0.3248407643312102,"{""0.10"":165,""0.15"":156,""0.20"":150}","{""0.10"":53,""0.15"":51,""0.20"":49}","{""0.10"":0.3212121212121212,""0.15"":0.3269230769230769,""0.20"":0.32666666666666666}",0.3212121212121212,"{""left"":229,""right"":242}","{""left"":82,""right"":71}",167,147,0.8802395209580839,6,68,16,0,0,0,0,0,20,0,125,76,40.0,81.4,0.0,86.80000000000015,73782,6973,100,0,False,F1,202608242,True,False,True,0.4309978768577495,0.0,0.0,0.0,UNACHIEVABLE,UNACHIEVABLE,UNACHIEVABLE
F1_seed_202608242,DIAGNOSTIC_OOF_PARETO,s0.75_p0.75_e0.25_n0.20_f0.60_k1_h0.05,0.75,0.75,0.25,0.2,0.6,1,0.05,333,471,363,221,175,165,162,153,0.7707006369426752,0.4692144373673036,0.37154989384288745,0.3503184713375796,0.34394904458598724,0.3248407643312102,153,0.3248407643312102,"{""0.10"":165,""0.15"":156,""0.20"":150}","{""0.10"":53,""0.15"":51,""0.20"":49}","{""0.10"":0.3212121212121212,""0.15"":0.3269230769230769,""0.20"":0.32666666666666666}",0.3212121212121212,"{""left"":229,""right"":242}","{""left"":82,""right"":71}",167,147,0.8802395209580839,6,68,16,0,0,0,0,0,20,0,125,76,40.0,81.4,0.0,86.80000000000015,73782,6973,100,0,False,F1,202608242,True,False,True,0.4309978768577495,0.0,0.0,0.0,UNACHIEVABLE,UNACHIEVABLE,UNACHIEVABLE
F1_seed_202608242,DIAGNOSTIC_OOF_PARETO,s0.75_p0.75_e0.25_n0.20_f0.60_k2_h0.00,0.75,0.75,0.25,0.2,0.6,2,0.0,333,471,363,221,175,165,98,95,0.7707006369426752,0.4692144373673036,0.37154989384288745,0.3503184713375796,0.208067940552017,0.20169851380042464,95,0.20169851380042464,"{""0.10"":165,""0.15"":156,""0.20"":150}","{""0.10"":35,""0.15"":31,""0.20"":29}","{""0.10"":0.21212121212121213,""0.15"":0.1987179487179487,""0.20"":0.19333333333333333}",0.19333333333333333,"{""left"":229,""right"":242}","{""left"":58,""right"":37}",108,91,0.8425925925925926,0,25,7,0,0,0,0,0,17,0,125,63,30.0,67.09999999999998,0.0,112.29999999999994,73782,6973,100,0,False,F1,202608242,True,False,True,0.4309978768577495,0.0,0.0,0.0,UNACHIEVABLE,UNACHIEVABLE,UNACHIEVABLE
F1_seed_202608242,DIAGNOSTIC_OOF_PARETO,s0.75_p0.75_e0.25_n0.20_f0.60_k2_h0.05,0.75,0.75,0.25,0.2,0.6,2,0.05,333,471,363,221,175,165,98,95,0.7707006369426752,0.4692144373673036,0.37154989384288745,0.3503184713375796,0.208067940552017,0.20169851380042464,95,0.20169851380042464,"{""0.10"":165,""0.15"":156,""0.20"":150}","{""0.10"":35,""0.15"":31,""0.20"":29}","{""0.10"":0.21212121212121213,""0.15"":0.1987179487179487,""0.20"":0.19333333333333333}",0.19333333333333333,"{""left"":229,""right"":242}","{""left"":58,""right"":37}",108,91,0.8425925925925926,0,25,7,0,0,0,0,0,17,0,125,63,30.0,67.09999999999998,0.0,112.29999999999994,73782,6973,100,0,False,F1,202608242,True,False,True,0.4309978768577495,0.0,0.0,0.0,UNACHIEVABLE,UNACHIEVABLE,UNACHIEVABLE
F1_seed_202608242,DIAGNOSTIC_OOF_PARETO,s0.75_p0.75_e0.25_n0.20_f0.60_k3_h0.00,0.75,0.75,0.25,0.2,0.6,3,0.0,333,471,363,221,175,165,51,50,0.7707006369426752,0.4692144373673036,0.37154989384288745,0.3503184713375796,0.10828025477707007,0.10615711252653928,50,0.10615711252653928,"{""0.10"":165,""0.15"":156,""0.20"":150}","{""0.10"":19,""0.15"":13,""0.20"":18}","{""0.10"":0.11515151515151516,""0.15"":0.08333333333333333,""0.20"":0.12}",0.08333333333333333,"{""left"":229,""right"":242}","{""left"":34,""right"":16}",58,50,0.8620689655172413,0,10,3,0,0,0,0,0,8,0,125,35,29.5,72.99999999999994,0.0,182.29999999999987,73782,6973,100,0,False,F1,202608242,True,False,True,0.4309978768577495,0.0,0.0,0.0,UNACHIEVABLE,UNACHIEVABLE,UNACHIEVABLE
F1_seed_202608242,DIAGNOSTIC_OOF_PARETO,s0.75_p0.75_e0.25_n0.20_f0.60_k3_h0.05,0.75,0.75,0.25,0.2,0.6,3,0.05,333,471,363,221,175,165,51,50,0.7707006369426752,0.4692144373673036,0.37154989384288745,0.3503184713375796,0.10828025477707007,0.10615711252653928,50,0.10615711252653928,"{""0.10"":165,""0.15"":156,""0.20"":150}","{""0.10"":19,""0.15"":13,""0.20"":18}","{""0.10"":0.11515151515151516,""0.15"":0.08333333333333333,""0.20"":0.12}",0.08333333333333333,"{""left"":229,""right"":242}","{""left"":34,""right"":16}",58,50,0.8620689655172413,0,10,3,0,0,0,0,0,8,0,125,35,29.5,72.99999999999994,0.0,182.29999999999987,73782,6973,100,0,False,F1,202608242,True,False,True,0.4309978768577495,0.0,0.0,0.0,UNACHIEVABLE,UNACHIEVABLE,UNACHIEVABLE
F1_seed_202608242,DIAGNOSTIC_OOF_PARETO,s0.85_p0.85_e0.15_n0.10_f0.60_k1_h0.00,0.85,0.85,0.15,0.1,0.6,1,0.0,333,471,363,151,110,102,100,94,0.7707006369426752,0.3205944798301486,0.23354564755838642,0.21656050955414013,0.21231422505307856,0.19957537154989385,94,0.19957537154989385,"{""0.10"":165,""0.15"":156,""0.20"":150}","{""0.10"":36,""0.15"":31,""0.20"":27}","{""0.10"":0.21818181818181817,""0.15"":0.1987179487179487,""0.20"":0.18}",0.18,"{""left"":229,""right"":242}","{""left"":58,""right"":36}",108,91,0.8425925925925926,6,40,10,0,0,0,0,0,17,0,125,54,36.0,73.04999999999998,0.0,129.19999999999993,73782,6973,100,0,False,F1,202608242,True,False,True,0.4309978768577495,0.0,0.0,0.0,UNACHIEVABLE,UNACHIEVABLE,UNACHIEVABLE
F1_seed_202608242,DIAGNOSTIC_OOF_PARETO,s0.85_p0.85_e0.15_n0.10_f0.60_k1_h0.05,0.85,0.85,0.15,0.1,0.6,1,0.05,333,471,363,151,110,102,100,94,0.7707006369426752,0.3205944798301486,0.23354564755838642,0.21656050955414013,0.21231422505307856,0.19957537154989385,94,0.19957537154989385,"{""0.10"":165,""0.15"":156,""0.20"":150}","{""0.10"":36,""0.15"":31,""0.20"":27}","{""0.10"":0.21818181818181817,""0.15"":0.1987179487179487,""0.20"":0.18}",0.18,"{""left"":229,""right"":242}","{""left"":58,""right"":36}",108,91,0.8425925925925926,6,40,10,0,0,0,0,0,17,0,125,54,36.0,73.04999999999998,0.0,129.19999999999993,73782,6973,100,0,False,F1,202608242,True,False,True,0.4309978768577495,0.0,0.0,0.0,UNACHIEVABLE,UNACHIEVABLE,UNACHIEVABLE
F1_seed_202608242,DIAGNOSTIC_OOF_PARETO,s0.85_p0.85_e0.15_n0.10_f0.60_k2_h0.00,0.85,0.85,0.15,0.1,0.6,2,0.0,333,471,363,151,110,102,64,62,0.7707006369426752,0.3205944798301486,0.23354564755838642,0.21656050955414013,0.13588110403397027,0.1316348195329087,62,0.1316348195329087,"{""0.10"":165,""0.15"":156,""0.20"":150}","{""0.10"":26,""0.15"":17,""0.20"":19}","{""0.10"":0.15757575757575756,""0.15"":0.10897435897435898,""0.20"":0.12666666666666668}",0.10897435897435898,"{""left"":229,""right"":242}","{""left"":42,""right"":20}",75,62,0.8266666666666667,0,14,3,0,0,0,0,0,13,0,125,42,23.0,72.59999999999997,0.0,145.99999999999991,73782,6973,100,0,False,F1,202608242,True,False,True,0.4309978768577495,0.0,0.0,0.0,UNACHIEVABLE,UNACHIEVABLE,UNACHIEVABLE
F1_seed_202608242,DIAGNOSTIC_OOF_PARETO,s0.85_p0.85_e0.15_n0.10_f0.60_k2_h0.05,0.85,0.85,0.15,0.1,0.6,2,0.05,333,471,363,151,110,102,64,62,0.7707006369426752,0.3205944798301486,0.23354564755838642,0.21656050955414013,0.13588110403397027,0.1316348195329087,62,0.1316348195329087,"{""0.10"":165,""0.15"":156,""0.20"":150}","{""0.10"":26,""0.15"":17,""0.20"":19}","{""0.10"":0.15757575757575756,""0.15"":0.10897435897435898,""0.20"":0.12666666666666668}",0.10897435897435898,"{""left"":229,""right"":242}","{""left"":42,""right"":20}",75,62,0.8266666666666667,0,14,3,0,0,0,0,0,13,0,125,42,23.0,72.59999999999997,0.0,145.99999999999991,73782,6973,100,0,False,F1,202608242,True,False,True,0.4309978768577495,0.0,0.0,0.0,UNACHIEVABLE,UNACHIEVABLE,UNACHIEVABLE
F1_seed_202608242,DIAGNOSTIC_OOF_PARETO,s0.85_p0.85_e0.15_n0.10_f0.60_k3_h0.00,0.85,0.85,0.15,0.1,0.6,3,0.0,333,471,363,151,110,102,32,31,0.7707006369426752,0.3205944798301486,0.23354564755838642,0.21656050955414013,0.06794055201698514,0.06581740976645435,31,0.06581740976645435,"{""0.10"":165,""0.15"":156,""0.20"":150}","{""0.10"":11,""0.15"":9,""0.20"":11}","{""0.10"":0.06666666666666667,""0.15"":0.057692307692307696,""0.20"":0.07333333333333333}",0.057692307692307696,"{""left"":229,""right"":242}","{""left"":22,""right"":9}",38,31,0.8157894736842105,0,5,2,0,0,0,0,0,7,0,125,25,28.0,83.5,0.0,205.0,73782,6973,100,0,False,F1,202608242,True,False,True,0.4309978768577495,0.0,0.0,0.0,UNACHIEVABLE,UNACHIEVABLE,UNACHIEVABLE
F1_seed_202608242,DIAGNOSTIC_OOF_PARETO,s0.85_p0.85_e0.15_n0.10_f0.60_k3_h0.05,0.85,0.85,0.15,0.1,0.6,3,0.05,333,471,363,151,110,102,32,31,0.7707006369426752,0.3205944798301486,0.23354564755838642,0.21656050955414013,0.06794055201698514,0.06581740976645435,31,0.06581740976645435,"{""0.10"":165,""0.15"":156,""0.20"":150}","{""0.10"":11,""0.15"":9,""0.20"":11}","{""0.10"":0.06666666666666667,""0.15"":0.057692307692307696,""0.20"":0.07333333333333333}",0.057692307692307696,"{""left"":229,""right"":242}","{""left"":22,""right"":9}",38,31,0.8157894736842105,0,5,2,0,0,0,0,0,7,0,125,25,28.0,83.5,0.0,205.0,73782,6973,100,0,False,F1,202608242,True,False,True,0.4309978768577495,0.0,0.0,0.0,UNACHIEVABLE,UNACHIEVABLE,UNACHIEVABLE
F1_seed_202608242,DIAGNOSTIC_OOF_PARETO,s0.85_p0.85_e0.25_n0.20_f0.60_k1_h0.00,0.85,0.85,0.25,0.2,0.6,1,0.0,333,471,363,151,110,102,100,94,0.7707006369426752,0.3205944798301486,0.23354564755838642,0.21656050955414013,0.21231422505307856,0.19957537154989385,94,0.19957537154989385,"{""0.10"":165,""0.15"":156,""0.20"":150}","{""0.10"":36,""0.15"":31,""0.20"":27}","{""0.10"":0.21818181818181817,""0.15"":0.1987179487179487,""0.20"":0.18}",0.18,"{""left"":229,""right"":242}","{""left"":58,""right"":36}",108,91,0.8425925925925926,6,40,10,0,0,0,0,0,17,0,125,54,36.0,73.04999999999998,0.0,129.19999999999993,73782,6973,100,0,False,F1,202608242,True,False,True,0.4309978768577495,0.0,0.0,0.0,UNACHIEVABLE,UNACHIEVABLE,UNACHIEVABLE
F1_seed_202608242,DIAGNOSTIC_OOF_PARETO,s0.85_p0.85_e0.25_n0.20_f0.60_k1_h0.05,0.85,0.85,0.25,0.2,0.6,1,0.05,333,471,363,151,110,102,100,94,0.7707006369426752,0.3205944798301486,0.23354564755838642,0.21656050955414013,0.21231422505307856,0.19957537154989385,94,0.19957537154989385,"{""0.10"":165,""0.15"":156,""0.20"":150}","{""0.10"":36,""0.15"":31,""0.20"":27}","{""0.10"":0.21818181818181817,""0.15"":0.1987179487179487,""0.20"":0.18}",0.18,"{""left"":229,""right"":242}","{""left"":58,""right"":36}",108,91,0.8425925925925926,6,40,10,0,0,0,0,0,17,0,125,54,36.0,73.04999999999998,0.0,129.19999999999993,73782,6973,100,0,False,F1,202608242,True,False,True,0.4309978768577495,0.0,0.0,0.0,UNACHIEVABLE,UNACHIEVABLE,UNACHIEVABLE
F1_seed_202608242,DIAGNOSTIC_OOF_PARETO,s0.85_p0.85_e0.25_n0.20_f0.60_k2_h0.00,0.85,0.85,0.25,0.2,0.6,2,0.0,333,471,363,151,110,102,64,62,0.7707006369426752,0.3205944798301486,0.23354564755838642,0.21656050955414013,0.13588110403397027,0.1316348195329087,62,0.1316348195329087,"{""0.10"":165,""0.15"":156,""0.20"":150}","{""0.10"":26,""0.15"":17,""0.20"":19}","{""0.10"":0.15757575757575756,""0.15"":0.10897435897435898,""0.20"":0.12666666666666668}",0.10897435897435898,"{""left"":229,""right"":242}","{""left"":42,""right"":20}",75,62,0.8266666666666667,0,14,3,0,0,0,0,0,13,0,125,42,23.0,72.59999999999997,0.0,145.99999999999991,73782,6973,100,0,False,F1,202608242,True,False,True,0.4309978768577495,0.0,0.0,0.0,UNACHIEVABLE,UNACHIEVABLE,UNACHIEVABLE
F1_seed_202608242,DIAGNOSTIC_OOF_PARETO,s0.85_p0.85_e0.25_n0.20_f0.60_k2_h0.05,0.85,0.85,0.25,0.2,0.6,2,0.05,333,471,363,151,110,102,64,62,0.7707006369426752,0.3205944798301486,0.23354564755838642,0.21656050955414013,0.13588110403397027,0.1316348195329087,62,0.1316348195329087,"{""0.10"":165,""0.15"":156,""0.20"":150}","{""0.10"":26,""0.15"":17,""0.20"":19}","{""0.10"":0.15757575757575756,""0.15"":0.10897435897435898,""0.20"":0.12666666666666668}",0.10897435897435898,"{""left"":229,""right"":242}","{""left"":42,""right"":20}",75,62,0.8266666666666667,0,14,3,0,0,0,0,0,13,0,125,42,23.0,72.59999999999997,0.0,145.99999999999991,73782,6973,100,0,False,F1,202608242,True,False,True,0.4309978768577495,0.0,0.0,0.0,UNACHIEVABLE,UNACHIEVABLE,UNACHIEVABLE
F1_seed_202608242,DIAGNOSTIC_OOF_PARETO,s0.85_p0.85_e0.25_n0.20_f0.60_k3_h0.00,0.85,0.85,0.25,0.2,0.6,3,0.0,333,471,363,151,110,102,32,31,0.7707006369426752,0.3205944798301486,0.23354564755838642,0.21656050955414013,0.06794055201698514,0.06581740976645435,31,0.06581740976645435,"{""0.10"":165,""0.15"":156,""0.20"":150}","{""0.10"":11,""0.15"":9,""0.20"":11}","{""0.10"":0.06666666666666667,""0.15"":0.057692307692307696,""0.20"":0.07333333333333333}",0.057692307692307696,"{""left"":229,""right"":242}","{""left"":22,""right"":9}",38,31,0.8157894736842105,0,5,2,0,0,0,0,0,7,0,125,25,28.0,83.5,0.0,205.0,73782,6973,100,0,False,F1,202608242,True,False,True,0.4309978768577495,0.0,0.0,0.0,UNACHIEVABLE,UNACHIEVABLE,UNACHIEVABLE
F1_seed_202608242,DIAGNOSTIC_OOF_PARETO,s0.85_p0.85_e0.25_n0.20_f0.60_k3_h0.05,0.85,0.85,0.25,0.2,0.6,3,0.05,333,471,363,151,110,102,32,31,0.7707006369426752,0.3205944798301486,0.23354564755838642,0.21656050955414013,0.06794055201698514,0.06581740976645435,31,0.06581740976645435,"{""0.10"":165,""0.15"":156,""0.20"":150}","{""0.10"":11,""0.15"":9,""0.20"":11}","{""0.10"":0.06666666666666667,""0.15"":0.057692307692307696,""0.20"":0.07333333333333333}",0.057692307692307696,"{""left"":229,""right"":242}","{""left"":22,""right"":9}",38,31,0.8157894736842105,0,5,2,0,0,0,0,0,7,0,125,25,28.0,83.5,0.0,205.0,73782,6973,100,0,False,F1,202608242,True,False,True,0.4309978768577495,0.0,0.0,0.0,UNACHIEVABLE,UNACHIEVABLE,UNACHIEVABLE
F1_seed_202608242,DIAGNOSTIC_OOF_PARETO,s0.65_p0.55_e0.15_n0.10_f0.60_k1_h0.00,0.65,0.55,0.15,0.1,0.6,1,0.0,333,471,363,335,267,256,253,234,0.7707006369426752,0.7112526539278131,0.5668789808917197,0.5435244161358811,0.5371549893842887,0.4968152866242038,234,0.4968152866242038,"{""0.10"":165,""0.15"":156,""0.20"":150}","{""0.10"":73,""0.15"":77,""0.20"":84}","{""0.10"":0.44242424242424244,""0.15"":0.4935897435897436,""0.20"":0.56}",0.44242424242424244,"{""left"":229,""right"":242}","{""left"":113,""right"":121}",252,225,0.8928571428571429,6,139,32,0,0,0,0,0,27,0,125,104,45.0,80.69999999999999,0.0,39.04999999999998,73782,6973,100,0,False,F1,202608242,True,False,True,0.4309978768577495,0.0,0.0,0.0,UNACHIEVABLE,UNACHIEVABLE,UNACHIEVABLE
F1_seed_202608242,DIAGNOSTIC_OOF_PARETO,s0.65_p0.55_e0.15_n0.10_f0.60_k1_h0.05,0.65,0.55,0.15,0.1,0.6,1,0.05,333,471,363,335,267,256,253,234,0.7707006369426752,0.7112526539278131,0.5668789808917197,0.5435244161358811,0.5371549893842887,0.4968152866242038,234,0.4968152866242038,"{""0.10"":165,""0.15"":156,""0.20"":150}","{""0.10"":73,""0.15"":77,""0.20"":84}","{""0.10"":0.44242424242424244,""0.15"":0.4935897435897436,""0.20"":0.56}",0.44242424242424244,"{""left"":229,""right"":242}","{""left"":113,""right"":121}",252,225,0.8928571428571429,6,139,32,0,0,0,0,0,27,0,125,104,45.0,80.69999999999999,0.0,39.04999999999998,73782,6973,100,0,False,F1,202608242,True,False,True,0.4309978768577495,0.0,0.0,0.0,UNACHIEVABLE,UNACHIEVABLE,UNACHIEVABLE
F1_seed_202608242,DIAGNOSTIC_OOF_PARETO,s0.65_p0.55_e0.15_n0.10_f0.60_k2_h0.00,0.65,0.55,0.15,0.1,0.6,2,0.0,333,471,363,335,267,256,177,169,0.7707006369426752,0.7112526539278131,0.5668789808917197,0.5435244161358811,0.37579617834394907,0.35881104033970274,169,0.35881104033970274,"{""0.10"":165,""0.15"":156,""0.20"":150}","{""0.10"":58,""0.15"":54,""0.20"":57}","{""0.10"":0.3515151515151515,""0.15"":0.34615384615384615,""0.20"":0.38}",0.34615384615384615,"{""left"":229,""right"":242}","{""left"":89,""right"":80}",182,165,0.9065934065934066,0,61,16,0,0,0,0,0,17,0,125,93,35.0,72.0,0.0,68.9999999999998,73782,6973,100,0,False,F1,202608242,True,False,True,0.4309978768577495,0.0,0.0,0.0,UNACHIEVABLE,UNACHIEVABLE,UNACHIEVABLE
F1_seed_202608242,DIAGNOSTIC_OOF_PARETO,s0.65_p0.55_e0.15_n0.10_f0.60_k2_h0.05,0.65,0.55,0.15,0.1,0.6,2,0.05,333,471,363,335,267,256,177,169,0.7707006369426752,0.7112526539278131,0.5668789808917197,0.5435244161358811,0.37579617834394907,0.35881104033970274,169,0.35881104033970274,"{""0.10"":165,""0.15"":156,""0.20"":150}","{""0.10"":58,""0.15"":54,""0.20"":57}","{""0.10"":0.3515151515151515,""0.15"":0.34615384615384615,""0.20"":0.38}",0.34615384615384615,"{""left"":229,""right"":242}","{""left"":89,""right"":80}",182,165,0.9065934065934066,0,61,16,0,0,0,0,0,17,0,125,93,35.0,72.0,0.0,68.9999999999998,73782,6973,100,0,False,F1,202608242,True,False,True,0.4309978768577495,0.0,0.0,0.0,UNACHIEVABLE,UNACHIEVABLE,UNACHIEVABLE
F1_seed_202608242,DIAGNOSTIC_OOF_PARETO,s0.65_p0.55_e0.15_n0.10_f0.60_k3_h0.00,0.65,0.55,0.15,0.1,0.6,3,0.0,333,471,363,335,267,256,116,112,0.7707006369426752,0.7112526539278131,0.5668789808917197,0.5435244161358811,0.24628450106157113,0.23779193205944799,112,0.23779193205944799,"{""0.10"":165,""0.15"":156,""0.20"":150}","{""0.10"":42,""0.15"":29,""0.20"":41}","{""0.10"":0.2545454545454545,""0.15"":0.1858974358974359,""0.20"":0.2733333333333333}",0.1858974358974359,"{""left"":229,""right"":242}","{""left"":65,""right"":47}",125,111,0.888,0,33,9,0,0,0,0,0,14,0,125,71,28.5,65.69999999999993,0.0,118.29999999999961,73782,6973,100,0,False,F1,202608242,True,False,True,0.4309978768577495,0.0,0.0,0.0,UNACHIEVABLE,UNACHIEVABLE,UNACHIEVABLE
F1_seed_202608242,DIAGNOSTIC_OOF_PARETO,s0.65_p0.55_e0.15_n0.10_f0.60_k3_h0.05,0.65,0.55,0.15,0.1,0.6,3,0.05,333,471,363,335,267,256,116,112,0.7707006369426752,0.7112526539278131,0.5668789808917197,0.5435244161358811,0.24628450106157113,0.23779193205944799,112,0.23779193205944799,"{""0.10"":165,""0.15"":156,""0.20"":150}","{""0.10"":42,""0.15"":29,""0.20"":41}","{""0.10"":0.2545454545454545,""0.15"":0.1858974358974359,""0.20"":0.2733333333333333}",0.1858974358974359,"{""left"":229,""right"":242}","{""left"":65,""right"":47}",125,111,0.888,0,33,9,0,0,0,0,0,14,0,125,71,28.5,65.69999999999993,0.0,118.29999999999961,73782,6973,100,0,False,F1,202608242,True,False,True,0.4309978768577495,0.0,0.0,0.0,UNACHIEVABLE,UNACHIEVABLE,UNACHIEVABLE
F1_seed_202608242,DIAGNOSTIC_OOF_PARETO,s0.65_p0.55_e0.25_n0.20_f0.60_k1_h0.00,0.65,0.55,0.25,0.2,0.6,1,0.0,333,471,363,335,267,256,253,234,0.7707006369426752,0.7112526539278131,0.5668789808917197,0.5435244161358811,0.5371549893842887,0.4968152866242038,234,0.4968152866242038,"{""0.10"":165,""0.15"":156,""0.20"":150}","{""0.10"":73,""0.15"":77,""0.20"":84}","{""0.10"":0.44242424242424244,""0.15"":0.4935897435897436,""0.20"":0.56}",0.44242424242424244,"{""left"":229,""right"":242}","{""left"":113,""right"":121}",252,225,0.8928571428571429,6,139,32,0,0,0,0,0,27,0,125,104,45.0,80.69999999999999,0.0,39.04999999999998,73782,6973,100,0,False,F1,202608242,True,False,True,0.4309978768577495,0.0,0.0,0.0,UNACHIEVABLE,UNACHIEVABLE,UNACHIEVABLE
F1_seed_202608242,DIAGNOSTIC_OOF_PARETO,s0.65_p0.55_e0.25_n0.20_f0.60_k1_h0.05,0.65,0.55,0.25,0.2,0.6,1,0.05,333,471,363,335,267,256,253,234,0.7707006369426752,0.7112526539278131,0.5668789808917197,0.5435244161358811,0.5371549893842887,0.4968152866242038,234,0.4968152866242038,"{""0.10"":165,""0.15"":156,""0.20"":150}","{""0.10"":73,""0.15"":77,""0.20"":84}","{""0.10"":0.44242424242424244,""0.15"":0.4935897435897436,""0.20"":0.56}",0.44242424242424244,"{""left"":229,""right"":242}","{""left"":113,""right"":121}",252,225,0.8928571428571429,6,139,32,0,0,0,0,0,27,0,125,104,45.0,80.69999999999999,0.0,39.04999999999998,73782,6973,100,0,False,F1,202608242,True,False,True,0.4309978768577495,0.0,0.0,0.0,UNACHIEVABLE,UNACHIEVABLE,UNACHIEVABLE
F1_seed_202608242,DIAGNOSTIC_OOF_PARETO,s0.65_p0.55_e0.25_n0.20_f0.60_k2_h0.00,0.65,0.55,0.25,0.2,0.6,2,0.0,333,471,363,335,267,256,177,169,0.7707006369426752,0.7112526539278131,0.5668789808917197,0.5435244161358811,0.37579617834394907,0.35881104033970274,169,0.35881104033970274,"{""0.10"":165,""0.15"":156,""0.20"":150}","{""0.10"":58,""0.15"":54,""0.20"":57}","{""0.10"":0.3515151515151515,""0.15"":0.34615384615384615,""0.20"":0.38}",0.34615384615384615,"{""left"":229,""right"":242}","{""left"":89,""right"":80}",182,165,0.9065934065934066,0,61,16,0,0,0,0,0,17,0,125,93,35.0,72.0,0.0,68.9999999999998,73782,6973,100,0,False,F1,202608242,True,False,True,0.4309978768577495,0.0,0.0,0.0,UNACHIEVABLE,UNACHIEVABLE,UNACHIEVABLE
F1_seed_202608242,DIAGNOSTIC_OOF_PARETO,s0.65_p0.55_e0.25_n0.20_f0.60_k2_h0.05,0.65,0.55,0.25,0.2,0.6,2,0.05,333,471,363,335,267,256,177,169,0.7707006369426752,0.7112526539278131,0.5668789808917197,0.5435244161358811,0.37579617834394907,0.35881104033970274,169,0.35881104033970274,"{""0.10"":165,""0.15"":156,""0.20"":150}","{""0.10"":58,""0.15"":54,""0.20"":57}","{""0.10"":0.3515151515151515,""0.15"":0.34615384615384615,""0.20"":0.38}",0.34615384615384615,"{""left"":229,""right"":242}","{""left"":89,""right"":80}",182,165,0.9065934065934066,0,61,16,0,0,0,0,0,17,0,125,93,35.0,72.0,0.0,68.9999999999998,73782,6973,100,0,False,F1,202608242,True,False,True,0.4309978768577495,0.0,0.0,0.0,UNACHIEVABLE,UNACHIEVABLE,UNACHIEVABLE
F1_seed_202608242,DIAGNOSTIC_OOF_PARETO,s0.65_p0.55_e0.25_n0.20_f0.60_k3_h0.00,0.65,0.55,0.25,0.2,0.6,3,0.0,333,471,363,335,267,256,116,112,0.7707006369426752,0.7112526539278131,0.5668789808917197,0.5435244161358811,0.24628450106157113,0.23779193205944799,112,0.23779193205944799,"{""0.10"":165,""0.15"":156,""0.20"":150}","{""0.10"":42,""0.15"":29,""0.20"":41}","{""0.10"":0.2545454545454545,""0.15"":0.1858974358974359,""0.20"":0.2733333333333333}",0.1858974358974359,"{""left"":229,""right"":242}","{""left"":65,""right"":47}",125,111,0.888,0,33,9,0,0,0,0,0,14,0,125,71,28.5,65.69999999999993,0.0,118.29999999999961,73782,6973,100,0,False,F1,202608242,True,False,True,0.4309978768577495,0.0,0.0,0.0,UNACHIEVABLE,UNACHIEVABLE,UNACHIEVABLE
F1_seed_202608242,DIAGNOSTIC_OOF_PARETO,s0.65_p0.55_e0.25_n0.20_f0.60_k3_h0.05,0.65,0.55,0.25,0.2,0.6,3,0.05,333,471,363,335,267,256,116,112,0.7707006369426752,0.7112526539278131,0.5668789808917197,0.5435244161358811,0.24628450106157113,0.23779193205944799,112,0.23779193205944799,"{""0.10"":165,""0.15"":156,""0.20"":150}","{""0.10"":42,""0.15"":29,""0.20"":41}","{""0.10"":0.2545454545454545,""0.15"":0.1858974358974359,""0.20"":0.2733333333333333}",0.1858974358974359,"{""left"":229,""right"":242}","{""left"":65,""right"":47}",125,111,0.888,0,33,9,0,0,0,0,0,14,0,125,71,28.5,65.69999999999993,0.0,118.29999999999961,73782,6973,100,0,False,F1,202608242,True,False,True,0.4309978768577495,0.0,0.0,0.0,UNACHIEVABLE,UNACHIEVABLE,UNACHIEVABLE
F1_seed_202608242,DIAGNOSTIC_OOF_PARETO,s0.55_p0.65_e0.15_n0.10_f0.60_k1_h0.00,0.55,0.65,0.15,0.1,0.6,1,0.0,333,471,363,284,237,228,223,208,0.7707006369426752,0.6029723991507431,0.5031847133757962,0.4840764331210191,0.4734607218683652,0.4416135881104034,208,0.4416135881104034,"{""0.10"":165,""0.15"":156,""0.20"":150}","{""0.10"":64,""0.15"":69,""0.20"":75}","{""0.10"":0.3878787878787879,""0.15"":0.4423076923076923,""0.20"":0.5}",0.3878787878787879,"{""left"":229,""right"":242}","{""left"":102,""right"":106}",225,199,0.8844444444444445,6,121,27,0,0,0,0,0,26,0,125,93,45.0,80.0,0.0,40.299999999999955,73782,6973,100,0,False,F1,202608242,True,False,True,0.4309978768577495,0.0,0.0,0.0,UNACHIEVABLE,UNACHIEVABLE,UNACHIEVABLE
F1_seed_202608242,DIAGNOSTIC_OOF_PARETO,s0.55_p0.65_e0.15_n0.10_f0.60_k1_h0.05,0.55,0.65,0.15,0.1,0.6,1,0.05,333,471,363,284,237,228,223,208,0.7707006369426752,0.6029723991507431,0.5031847133757962,0.4840764331210191,0.4734607218683652,0.4416135881104034,208,0.4416135881104034,"{""0.10"":165,""0.15"":156,""0.20"":150}","{""0.10"":64,""0.15"":69,""0.20"":75}","{""0.10"":0.3878787878787879,""0.15"":0.4423076923076923,""0.20"":0.5}",0.3878787878787879,"{""left"":229,""right"":242}","{""left"":102,""right"":106}",225,199,0.8844444444444445,6,121,27,0,0,0,0,0,26,0,125,93,45.0,80.0,0.0,40.299999999999955,73782,6973,100,0,False,F1,202608242,True,False,True,0.4309978768577495,0.0,0.0,0.0,UNACHIEVABLE,UNACHIEVABLE,UNACHIEVABLE
F1_seed_202608242,DIAGNOSTIC_OOF_PARETO,s0.55_p0.65_e0.15_n0.10_f0.60_k2_h0.00,0.55,0.65,0.15,0.1,0.6,2,0.0,333,471,363,284,237,228,150,144,0.7707006369426752,0.6029723991507431,0.5031847133757962,0.4840764331210191,0.3184713375796178,0.3057324840764331,144,0.3057324840764331,"{""0.10"":165,""0.15"":156,""0.20"":150}","{""0.10"":50,""0.15"":45,""0.20"":49}","{""0.10"":0.30303030303030304,""0.15"":0.28846153846153844,""0.20"":0.32666666666666666}",0.28846153846153844,"{""left"":229,""right"":242}","{""left"":81,""right"":63}",156,140,0.8974358974358975,0,52,13,0,0,0,0,0,16,0,125,80,34.0,77.24999999999997,0.0,103.0,73782,6973,100,0,False,F1,202608242,True,False,True,0.4309978768577495,0.0,0.0,0.0,UNACHIEVABLE,UNACHIEVABLE,UNACHIEVABLE
F1_seed_202608242,DIAGNOSTIC_OOF_PARETO,s0.55_p0.65_e0.15_n0.10_f0.60_k2_h0.05,0.55,0.65,0.15,0.1,0.6,2,0.05,333,471,363,284,237,228,150,144,0.7707006369426752,0.6029723991507431,0.5031847133757962,0.4840764331210191,0.3184713375796178,0.3057324840764331,144,0.3057324840764331,"{""0.10"":165,""0.15"":156,""0.20"":150}","{""0.10"":50,""0.15"":45,""0.20"":49}","{""0.10"":0.30303030303030304,""0.15"":0.28846153846153844,""0.20"":0.32666666666666666}",0.28846153846153844,"{""left"":229,""right"":242}","{""left"":81,""right"":63}",156,140,0.8974358974358975,0,52,13,0,0,0,0,0,16,0,125,80,34.0,77.24999999999997,0.0,103.0,73782,6973,100,0,False,F1,202608242,True,False,True,0.4309978768577495,0.0,0.0,0.0,UNACHIEVABLE,UNACHIEVABLE,UNACHIEVABLE
F1_seed_202608242,DIAGNOSTIC_OOF_PARETO,s0.55_p0.65_e0.15_n0.10_f0.60_k3_h0.00,0.55,0.65,0.15,0.1,0.6,3,0.0,333,471,363,284,237,228,93,89,0.7707006369426752,0.6029723991507431,0.5031847133757962,0.4840764331210191,0.19745222929936307,0.18895966029723993,89,0.18895966029723993,"{""0.10"":165,""0.15"":156,""0.20"":150}","{""0.10"":32,""0.15"":22,""0.20"":35}","{""0.10"":0.19393939393939394,""0.15"":0.14102564102564102,""0.20"":0.23333333333333334}",0.14102564102564102,"{""left"":229,""right"":242}","{""left"":55,""right"":34}",99,88,0.8888888888888888,0,24,6,0,0,0,0,0,11,0,125,60,29.0,77.39999999999998,0.0,127.39999999999986,73782,6973,100,0,False,F1,202608242,True,False,True,0.4309978768577495,0.0,0.0,0.0,UNACHIEVABLE,UNACHIEVABLE,UNACHIEVABLE
F1_seed_202608242,DIAGNOSTIC_OOF_PARETO,s0.55_p0.65_e0.15_n0.10_f0.60_k3_h0.05,0.55,0.65,0.15,0.1,0.6,3,0.05,333,471,363,284,237,228,93,89,0.7707006369426752,0.6029723991507431,0.5031847133757962,0.4840764331210191,0.19745222929936307,0.18895966029723993,89,0.18895966029723993,"{""0.10"":165,""0.15"":156,""0.20"":150}","{""0.10"":32,""0.15"":22,""0.20"":35}","{""0.10"":0.19393939393939394,""0.15"":0.14102564102564102,""0.20"":0.23333333333333334}",0.14102564102564102,"{""left"":229,""right"":242}","{""left"":55,""right"":34}",99,88,0.8888888888888888,0,24,6,0,0,0,0,0,11,0,125,60,29.0,77.39999999999998,0.0,127.39999999999986,73782,6973,100,0,False,F1,202608242,True,False,True,0.4309978768577495,0.0,0.0,0.0,UNACHIEVABLE,UNACHIEVABLE,UNACHIEVABLE
F1_seed_202608242,DIAGNOSTIC_OOF_PARETO,s0.55_p0.65_e0.25_n0.20_f0.60_k1_h0.00,0.55,0.65,0.25,0.2,0.6,1,0.0,333,471,363,284,237,228,223,208,0.7707006369426752,0.6029723991507431,0.5031847133757962,0.4840764331210191,0.4734607218683652,0.4416135881104034,208,0.4416135881104034,"{""0.10"":165,""0.15"":156,""0.20"":150}","{""0.10"":64,""0.15"":69,""0.20"":75}","{""0.10"":0.3878787878787879,""0.15"":0.4423076923076923,""0.20"":0.5}",0.3878787878787879,"{""left"":229,""right"":242}","{""left"":102,""right"":106}",225,199,0.8844444444444445,6,119,27,0,0,0,0,0,26,0,125,93,45.0,78.59999999999991,0.0,40.299999999999955,73782,6973,100,0,False,F1,202608242,True,False,True,0.4309978768577495,0.0,0.0,0.0,UNACHIEVABLE,UNACHIEVABLE,UNACHIEVABLE
F1_seed_202608242,DIAGNOSTIC_OOF_PARETO,s0.55_p0.65_e0.25_n0.20_f0.60_k1_h0.05,0.55,0.65,0.25,0.2,0.6,1,0.05,333,471,363,284,237,228,223,208,0.7707006369426752,0.6029723991507431,0.5031847133757962,0.4840764331210191,0.4734607218683652,0.4416135881104034,208,0.4416135881104034,"{""0.10"":165,""0.15"":156,""0.20"":150}","{""0.10"":64,""0.15"":69,""0.20"":75}","{""0.10"":0.3878787878787879,""0.15"":0.4423076923076923,""0.20"":0.5}",0.3878787878787879,"{""left"":229,""right"":242}","{""left"":102,""right"":106}",225,199,0.8844444444444445,6,119,27,0,0,0,0,0,26,0,125,93,45.0,78.59999999999991,0.0,40.299999999999955,73782,6973,100,0,False,F1,202608242,True,False,True,0.4309978768577495,0.0,0.0,0.0,UNACHIEVABLE,UNACHIEVABLE,UNACHIEVABLE
F1_seed_202608242,DIAGNOSTIC_OOF_PARETO,s0.55_p0.65_e0.25_n0.20_f0.60_k2_h0.00,0.55,0.65,0.25,0.2,0.6,2,0.0,333,471,363,284,237,228,150,144,0.7707006369426752,0.6029723991507431,0.5031847133757962,0.4840764331210191,0.3184713375796178,0.3057324840764331,144,0.3057324840764331,"{""0.10"":165,""0.15"":156,""0.20"":150}","{""0.10"":50,""0.15"":45,""0.20"":49}","{""0.10"":0.30303030303030304,""0.15"":0.28846153846153844,""0.20"":0.32666666666666666}",0.28846153846153844,"{""left"":229,""right"":242}","{""left"":81,""right"":63}",156,140,0.8974358974358975,0,51,13,0,0,0,0,0,16,0,125,80,34.0,77.24999999999997,0.0,103.0,73782,6973,100,0,False,F1,202608242,True,False,True,0.4309978768577495,0.0,0.0,0.0,UNACHIEVABLE,UNACHIEVABLE,UNACHIEVABLE
F1_seed_202608242,DIAGNOSTIC_OOF_PARETO,s0.55_p0.65_e0.25_n0.20_f0.60_k2_h0.05,0.55,0.65,0.25,0.2,0.6,2,0.05,333,471,363,284,237,228,150,144,0.7707006369426752,0.6029723991507431,0.5031847133757962,0.4840764331210191,0.3184713375796178,0.3057324840764331,144,0.3057324840764331,"{""0.10"":165,""0.15"":156,""0.20"":150}","{""0.10"":50,""0.15"":45,""0.20"":49}","{""0.10"":0.30303030303030304,""0.15"":0.28846153846153844,""0.20"":0.32666666666666666}",0.28846153846153844,"{""left"":229,""right"":242}","{""left"":81,""right"":63}",156,140,0.8974358974358975,0,51,13,0,0,0,0,0,16,0,125,80,34.0,77.24999999999997,0.0,103.0,73782,6973,100,0,False,F1,202608242,True,False,True,0.4309978768577495,0.0,0.0,0.0,UNACHIEVABLE,UNACHIEVABLE,UNACHIEVABLE
F1_seed_202608242,DIAGNOSTIC_OOF_PARETO,s0.55_p0.65_e0.25_n0.20_f0.60_k3_h0.00,0.55,0.65,0.25,0.2,0.6,3,0.0,333,471,363,284,237,228,92,88,0.7707006369426752,0.6029723991507431,0.5031847133757962,0.4840764331210191,0.19532908704883228,0.18683651804670912,88,0.18683651804670912,"{""0.10"":165,""0.15"":156,""0.20"":150}","{""0.10"":32,""0.15"":22,""0.20"":34}","{""0.10"":0.19393939393939394,""0.15"":0.14102564102564102,""0.20"":0.22666666666666666}",0.14102564102564102,"{""left"":229,""right"":242}","{""left"":54,""right"":34}",98,87,0.8877551020408163,0,24,6,0,0,0,0,0,11,0,125,59,29.0,72.89999999999995,0.0,128.5999999999998,73782,6973,100,0,False,F1,202608242,True,False,True,0.4309978768577495,0.0,0.0,0.0,UNACHIEVABLE,UNACHIEVABLE,UNACHIEVABLE
F1_seed_202608242,DIAGNOSTIC_OOF_PARETO,s0.55_p0.65_e0.25_n0.20_f0.60_k3_h0.05,0.55,0.65,0.25,0.2,0.6,3,0.05,333,471,363,284,237,228,92,88,0.7707006369426752,0.6029723991507431,0.5031847133757962,0.4840764331210191,0.19532908704883228,0.18683651804670912,88,0.18683651804670912,"{""0.10"":165,""0.15"":156,""0.20"":150}","{""0.10"":32,""0.15"":22,""0.20"":34}","{""0.10"":0.19393939393939394,""0.15"":0.14102564102564102,""0.20"":0.22666666666666666}",0.14102564102564102,"{""left"":229,""right"":242}","{""left"":54,""right"":34}",98,87,0.8877551020408163,0,24,6,0,0,0,0,0,11,0,125,59,29.0,72.89999999999995,0.0,128.5999999999998,73782,6973,100,0,False,F1,202608242,True,False,True,0.4309978768577495,0.0,0.0,0.0,UNACHIEVABLE,UNACHIEVABLE,UNACHIEVABLE
F1_seed_202608243,DIAGNOSTIC_OOF_PARETO,s0.45_p0.45_e0.15_n0.10_f0.60_k1_h0.00,0.45,0.45,0.15,0.1,0.6,1,0.0,333,471,367,362,307,297,290,270,0.7791932059447984,0.7685774946921444,0.6518046709129511,0.6305732484076433,0.6157112526539278,0.5732484076433121,270,0.5732484076433121,"{""0.10"":165,""0.15"":156,""0.20"":150}","{""0.10"":87,""0.15"":92,""0.20"":91}","{""0.10"":0.5272727272727272,""0.15"":0.5897435897435898,""0.20"":0.6066666666666667}",0.5272727272727272,"{""left"":229,""right"":242}","{""left"":135,""right"":135}",287,257,0.8954703832752613,4,180,32,0,0,0,0,0,30,0,125,106,45.0,82.0,0.0,33.94999999999985,73782,6973,100,0,False,F1,202608243,True,False,True,0.4267515923566879,0.0,0.0,0.0,UNACHIEVABLE,UNACHIEVABLE,UNACHIEVABLE
F1_seed_202608243,DIAGNOSTIC_OOF_PARETO,s0.45_p0.45_e0.15_n0.10_f0.60_k1_h0.05,0.45,0.45,0.15,0.1,0.6,1,0.05,333,471,367,362,307,297,290,270,0.7791932059447984,0.7685774946921444,0.6518046709129511,0.6305732484076433,0.6157112526539278,0.5732484076433121,270,0.5732484076433121,"{""0.10"":165,""0.15"":156,""0.20"":150}","{""0.10"":87,""0.15"":92,""0.20"":91}","{""0.10"":0.5272727272727272,""0.15"":0.5897435897435898,""0.20"":0.6066666666666667}",0.5272727272727272,"{""left"":229,""right"":242}","{""left"":135,""right"":135}",287,257,0.8954703832752613,4,180,32,0,0,0,0,0,30,0,125,106,45.0,82.0,0.0,33.94999999999985,73782,6973,100,0,False,F1,202608243,True,False,True,0.4267515923566879,0.0,0.0,0.0,UNACHIEVABLE,UNACHIEVABLE,UNACHIEVABLE
F1_seed_202608243,DIAGNOSTIC_OOF_PARETO,s0.45_p0.45_e0.15_n0.10_f0.60_k2_h0.00,0.45,0.45,0.15,0.1,0.6,2,0.0,333,471,367,362,307,297,212,201,0.7791932059447984,0.7685774946921444,0.6518046709129511,0.6305732484076433,0.45010615711252655,0.4267515923566879,201,0.4267515923566879,"{""0.10"":165,""0.15"":156,""0.20"":150}","{""0.10"":71,""0.15"":57,""0.20"":73}","{""0.10"":0.4303030303030303,""0.15"":0.36538461538461536,""0.20"":0.4866666666666667}",0.36538461538461536,"{""left"":229,""right"":242}","{""left"":106,""right"":95}",215,198,0.9209302325581395,0,82,17,0,0,0,0,0,17,0,125,97,34.0,77.0,0.0,46.0,73782,6973,100,0,False,F1,202608243,True,False,True,0.4267515923566879,0.0,0.0,0.0,UNACHIEVABLE,UNACHIEVABLE,UNACHIEVABLE
F1_seed_202608243,DIAGNOSTIC_OOF_PARETO,s0.45_p0.45_e0.15_n0.10_f0.60_k2_h0.05,0.45,0.45,0.15,0.1,0.6,2,0.05,333,471,367,362,307,297,212,201,0.7791932059447984,0.7685774946921444,0.6518046709129511,0.6305732484076433,0.45010615711252655,0.4267515923566879,201,0.4267515923566879,"{""0.10"":165,""0.15"":156,""0.20"":150}","{""0.10"":71,""0.15"":57,""0.20"":73}","{""0.10"":0.4303030303030303,""0.15"":0.36538461538461536,""0.20"":0.4866666666666667}",0.36538461538461536,"{""left"":229,""right"":242}","{""left"":106,""right"":95}",215,198,0.9209302325581395,0,82,17,0,0,0,0,0,17,0,125,97,34.0,77.0,0.0,46.0,73782,6973,100,0,False,F1,202608243,True,False,True,0.4267515923566879,0.0,0.0,0.0,UNACHIEVABLE,UNACHIEVABLE,UNACHIEVABLE
F1_seed_202608243,DIAGNOSTIC_OOF_PARETO,s0.45_p0.45_e0.15_n0.10_f0.60_k3_h0.00,0.45,0.45,0.15,0.1,0.6,3,0.0,333,471,367,362,307,297,156,149,0.7791932059447984,0.7685774946921444,0.6518046709129511,0.6305732484076433,0.33121019108280253,0.31634819532908703,149,0.31634819532908703,"{""0.10"":165,""0.15"":156,""0.20"":150}","{""0.10"":54,""0.15"":39,""0.20"":56}","{""0.10"":0.32727272727272727,""0.15"":0.25,""0.20"":0.37333333333333335}",0.25,"{""left"":229,""right"":242}","{""left"":83,""right"":66}",161,146,0.906832298136646,0,51,13,0,0,0,0,0,15,0,125,87,28.0,67.6,0.0,97.79999999999995,73782,6973,100,0,False,F1,202608243,True,False,True,0.4267515923566879,0.0,0.0,0.0,UNACHIEVABLE,UNACHIEVABLE,UNACHIEVABLE
F1_seed_202608243,DIAGNOSTIC_OOF_PARETO,s0.45_p0.45_e0.15_n0.10_f0.60_k3_h0.05,0.45,0.45,0.15,0.1,0.6,3,0.05,333,471,367,362,307,297,156,149,0.7791932059447984,0.7685774946921444,0.6518046709129511,0.6305732484076433,0.33121019108280253,0.31634819532908703,149,0.31634819532908703,"{""0.10"":165,""0.15"":156,""0.20"":150}","{""0.10"":54,""0.15"":39,""0.20"":56}","{""0.10"":0.32727272727272727,""0.15"":0.25,""0.20"":0.37333333333333335}",0.25,"{""left"":229,""right"":242}","{""left"":83,""right"":66}",161,146,0.906832298136646,0,51,13,0,0,0,0,0,15,0,125,87,28.0,67.6,0.0,97.79999999999995,73782,6973,100,0,False,F1,202608243,True,False,True,0.4267515923566879,0.0,0.0,0.0,UNACHIEVABLE,UNACHIEVABLE,UNACHIEVABLE
F1_seed_202608243,DIAGNOSTIC_OOF_PARETO,s0.45_p0.45_e0.25_n0.20_f0.60_k1_h0.00,0.45,0.45,0.25,0.2,0.6,1,0.0,333,471,367,362,303,293,286,266,0.7791932059447984,0.7685774946921444,0.643312101910828,0.6220806794055201,0.6072186836518046,0.564755838641189,266,0.564755838641189,"{""0.10"":165,""0.15"":156,""0.20"":150}","{""0.10"":86,""0.15"":91,""0.20"":89}","{""0.10"":0.5212121212121212,""0.15"":0.5833333333333334,""0.20"":0.5933333333333334}",0.5212121212121212,"{""left"":229,""right"":242}","{""left"":133,""right"":133}",283,252,0.8904593639575972,4,177,32,0,0,0,0,0,31,0,125,106,44.5,82.0,0.0,35.75,73782,6973,100,0,False,F1,202608243,True,False,True,0.4267515923566879,0.0,0.0,0.0,UNACHIEVABLE,UNACHIEVABLE,UNACHIEVABLE
F1_seed_202608243,DIAGNOSTIC_OOF_PARETO,s0.45_p0.45_e0.25_n0.20_f0.60_k1_h0.05,0.45,0.45,0.25,0.2,0.6,1,0.05,333,471,367,362,303,293,286,266,0.7791932059447984,0.7685774946921444,0.643312101910828,0.6220806794055201,0.6072186836518046,0.564755838641189,266,0.564755838641189,"{""0.10"":165,""0.15"":156,""0.20"":150}","{""0.10"":86,""0.15"":91,""0.20"":89}","{""0.10"":0.5212121212121212,""0.15"":0.5833333333333334,""0.20"":0.5933333333333334}",0.5212121212121212,"{""left"":229,""right"":242}","{""left"":133,""right"":133}",283,252,0.8904593639575972,4,177,32,0,0,0,0,0,31,0,125,106,44.5,82.0,0.0,35.75,73782,6973,100,0,False,F1,202608243,True,False,True,0.4267515923566879,0.0,0.0,0.0,UNACHIEVABLE,UNACHIEVABLE,UNACHIEVABLE
F1_seed_202608243,DIAGNOSTIC_OOF_PARETO,s0.45_p0.45_e0.25_n0.20_f0.60_k2_h0.00,0.45,0.45,0.25,0.2,0.6,2,0.0,333,471,367,362,303,293,208,197,0.7791932059447984,0.7685774946921444,0.643312101910828,0.6220806794055201,0.4416135881104034,0.4182590233545648,197,0.4182590233545648,"{""0.10"":165,""0.15"":156,""0.20"":150}","{""0.10"":68,""0.15"":56,""0.20"":73}","{""0.10"":0.4121212121212121,""0.15"":0.358974358974359,""0.20"":0.4866666666666667}",0.358974358974359,"{""left"":229,""right"":242}","{""left"":105,""right"":92}",211,194,0.919431279620853,0,80,17,0,0,0,0,0,17,0,125,96,33.0,75.39999999999998,0.0,46.39999999999998,73782,6973,100,0,False,F1,202608243,True,False,True,0.4267515923566879,0.0,0.0,0.0,UNACHIEVABLE,UNACHIEVABLE,UNACHIEVABLE
F1_seed_202608243,DIAGNOSTIC_OOF_PARETO,s0.45_p0.45_e0.25_n0.20_f0.60_k2_h0.05,0.45,0.45,0.25,0.2,0.6,2,0.05,333,471,367,362,303,293,208,197,0.7791932059447984,0.7685774946921444,0.643312101910828,0.6220806794055201,0.4416135881104034,0.4182590233545648,197,0.4182590233545648,"{""0.10"":165,""0.15"":156,""0.20"":150}","{""0.10"":68,""0.15"":56,""0.20"":73}","{""0.10"":0.4121212121212121,""0.15"":0.358974358974359,""0.20"":0.4866666666666667}",0.358974358974359,"{""left"":229,""right"":242}","{""left"":105,""right"":92}",211,194,0.919431279620853,0,80,17,0,0,0,0,0,17,0,125,96,33.0,75.39999999999998,0.0,46.39999999999998,73782,6973,100,0,False,F1,202608243,True,False,True,0.4267515923566879,0.0,0.0,0.0,UNACHIEVABLE,UNACHIEVABLE,UNACHIEVABLE
F1_seed_202608243,DIAGNOSTIC_OOF_PARETO,s0.45_p0.45_e0.25_n0.20_f0.60_k3_h0.00,0.45,0.45,0.25,0.2,0.6,3,0.0,333,471,367,362,303,293,152,145,0.7791932059447984,0.7685774946921444,0.643312101910828,0.6220806794055201,0.3227176220806794,0.3078556263269639,145,0.3078556263269639,"{""0.10"":165,""0.15"":156,""0.20"":150}","{""0.10"":52,""0.15"":37,""0.20"":56}","{""0.10"":0.3151515151515151,""0.15"":0.23717948717948717,""0.20"":0.37333333333333335}",0.23717948717948717,"{""left"":229,""right"":242}","{""left"":81,""right"":64}",158,142,0.8987341772151899,0,48,13,0,0,0,0,0,16,0,125,84,28.0,67.0,0.0,99.39999999999986,73782,6973,100,0,False,F1,202608243,True,False,True,0.4267515923566879,0.0,0.0,0.0,UNACHIEVABLE,UNACHIEVABLE,UNACHIEVABLE
F1_seed_202608243,DIAGNOSTIC_OOF_PARETO,s0.45_p0.45_e0.25_n0.20_f0.60_k3_h0.05,0.45,0.45,0.25,0.2,0.6,3,0.05,333,471,367,362,303,293,152,145,0.7791932059447984,0.7685774946921444,0.643312101910828,0.6220806794055201,0.3227176220806794,0.3078556263269639,145,0.3078556263269639,"{""0.10"":165,""0.15"":156,""0.20"":150}","{""0.10"":52,""0.15"":37,""0.20"":56}","{""0.10"":0.3151515151515151,""0.15"":0.23717948717948717,""0.20"":0.37333333333333335}",0.23717948717948717,"{""left"":229,""right"":242}","{""left"":81,""right"":64}",158,142,0.8987341772151899,0,48,13,0,0,0,0,0,16,0,125,84,28.0,67.0,0.0,99.39999999999986,73782,6973,100,0,False,F1,202608243,True,False,True,0.4267515923566879,0.0,0.0,0.0,UNACHIEVABLE,UNACHIEVABLE,UNACHIEVABLE
F1_seed_202608243,DIAGNOSTIC_OOF_PARETO,s0.55_p0.55_e0.15_n0.10_f0.60_k1_h0.00,0.55,0.55,0.15,0.1,0.6,1,0.0,333,471,367,325,282,272,264,248,0.7791932059447984,0.6900212314225053,0.5987261146496815,0.5774946921443737,0.5605095541401274,0.5265392781316348,248,0.5265392781316348,"{""0.10"":165,""0.15"":156,""0.20"":150}","{""0.10"":79,""0.15"":82,""0.20"":87}","{""0.10"":0.47878787878787876,""0.15"":0.5256410256410257,""0.20"":0.58}",0.47878787878787876,"{""left"":229,""right"":242}","{""left"":124,""right"":124}",267,238,0.8913857677902621,4,153,28,0,0,0,0,0,29,0,125,101,45.0,80.0,0.0,39.94999999999993,73782,6973,100,0,False,F1,202608243,True,False,True,0.4267515923566879,0.0,0.0,0.0,UNACHIEVABLE,UNACHIEVABLE,UNACHIEVABLE
F1_seed_202608243,DIAGNOSTIC_OOF_PARETO,s0.55_p0.55_e0.15_n0.10_f0.60_k1_h0.05,0.55,0.55,0.15,0.1,0.6,1,0.05,333,471,367,325,282,272,265,248,0.7791932059447984,0.6900212314225053,0.5987261146496815,0.5774946921443737,0.5626326963906582,0.5265392781316348,248,0.5265392781316348,"{""0.10"":165,""0.15"":156,""0.20"":150}","{""0.10"":79,""0.15"":82,""0.20"":87}","{""0.10"":0.47878787878787876,""0.15"":0.5256410256410257,""0.20"":0.58}",0.47878787878787876,"{""left"":229,""right"":242}","{""left"":124,""right"":124}",267,238,0.8913857677902621,4,153,28,0,0,0,0,0,29,0,125,101,45.0,80.0,0.0,39.94999999999993,73782,6973,100,0,False,F1,202608243,True,False,True,0.4267515923566879,0.0,0.0,0.0,UNACHIEVABLE,UNACHIEVABLE,UNACHIEVABLE
F1_seed_202608243,DIAGNOSTIC_OOF_PARETO,s0.55_p0.55_e0.15_n0.10_f0.60_k2_h0.00,0.55,0.55,0.15,0.1,0.6,2,0.0,333,471,367,325,282,272,175,165,0.7791932059447984,0.6900212314225053,0.5987261146496815,0.5774946921443737,0.37154989384288745,0.3503184713375796,165,0.3503184713375796,"{""0.10"":165,""0.15"":156,""0.20"":150}","{""0.10"":59,""0.15"":46,""0.20"":60}","{""0.10"":0.3575757575757576,""0.15"":0.2948717948717949,""0.20"":0.4}",0.2948717948717949,"{""left"":229,""right"":242}","{""left"":90,""right"":75}",178,163,0.9157303370786517,0,68,15,0,0,0,0,0,15,0,125,86,37.0,75.0,0.0,41.599999999999966,73782,6973,100,0,False,F1,202608243,True,False,True,0.4267515923566879,0.0,0.0,0.0,UNACHIEVABLE,UNACHIEVABLE,UNACHIEVABLE
F1_seed_202608243,DIAGNOSTIC_OOF_PARETO,s0.55_p0.55_e0.15_n0.10_f0.60_k2_h0.05,0.55,0.55,0.15,0.1,0.6,2,0.05,333,471,367,325,282,272,175,165,0.7791932059447984,0.6900212314225053,0.5987261146496815,0.5774946921443737,0.37154989384288745,0.3503184713375796,165,0.3503184713375796,"{""0.10"":165,""0.15"":156,""0.20"":150}","{""0.10"":59,""0.15"":46,""0.20"":60}","{""0.10"":0.3575757575757576,""0.15"":0.2948717948717949,""0.20"":0.4}",0.2948717948717949,"{""left"":229,""right"":242}","{""left"":90,""right"":75}",178,163,0.9157303370786517,0,68,15,0,0,0,0,0,15,0,125,86,37.0,75.0,0.0,41.599999999999966,73782,6973,100,0,False,F1,202608243,True,False,True,0.4267515923566879,0.0,0.0,0.0,UNACHIEVABLE,UNACHIEVABLE,UNACHIEVABLE
F1_seed_202608243,DIAGNOSTIC_OOF_PARETO,s0.55_p0.55_e0.15_n0.10_f0.60_k3_h0.00,0.55,0.55,0.15,0.1,0.6,3,0.0,333,471,367,325,282,272,120,114,0.7791932059447984,0.6900212314225053,0.5987261146496815,0.5774946921443737,0.25477707006369427,0.24203821656050956,114,0.24203821656050956,"{""0.10"":165,""0.15"":156,""0.20"":150}","{""0.10"":44,""0.15"":29,""0.20"":41}","{""0.10"":0.26666666666666666,""0.15"":0.1858974358974359,""0.20"":0.2733333333333333}",0.1858974358974359,"{""left"":229,""right"":242}","{""left"":68,""right"":46}",127,113,0.889763779527559,0,35,11,0,0,0,0,0,14,0,125,69,28.0,67.35,0.0,119.84999999999994,73782,6973,100,0,False,F1,202608243,True,False,True,0.4267515923566879,0.0,0.0,0.0,UNACHIEVABLE,UNACHIEVABLE,UNACHIEVABLE
F1_seed_202608243,DIAGNOSTIC_OOF_PARETO,s0.55_p0.55_e0.15_n0.10_f0.60_k3_h0.05,0.55,0.55,0.15,0.1,0.6,3,0.05,333,471,367,325,282,272,120,114,0.7791932059447984,0.6900212314225053,0.5987261146496815,0.5774946921443737,0.25477707006369427,0.24203821656050956,114,0.24203821656050956,"{""0.10"":165,""0.15"":156,""0.20"":150}","{""0.10"":44,""0.15"":29,""0.20"":41}","{""0.10"":0.26666666666666666,""0.15"":0.1858974358974359,""0.20"":0.2733333333333333}",0.1858974358974359,"{""left"":229,""right"":242}","{""left"":68,""right"":46}",127,113,0.889763779527559,0,35,11,0,0,0,0,0,14,0,125,69,28.0,67.35,0.0,119.84999999999994,73782,6973,100,0,False,F1,202608243,True,False,True,0.4267515923566879,0.0,0.0,0.0,UNACHIEVABLE,UNACHIEVABLE,UNACHIEVABLE
F1_seed_202608243,DIAGNOSTIC_OOF_PARETO,s0.55_p0.55_e0.25_n0.20_f0.60_k1_h0.00,0.55,0.55,0.25,0.2,0.6,1,0.0,333,471,367,325,280,270,262,246,0.7791932059447984,0.6900212314225053,0.5944798301486199,0.5732484076433121,0.5562632696390658,0.5222929936305732,246,0.5222929936305732,"{""0.10"":165,""0.15"":156,""0.20"":150}","{""0.10"":78,""0.15"":82,""0.20"":86}","{""0.10"":0.4727272727272727,""0.15"":0.5256410256410257,""0.20"":0.5733333333333334}",0.4727272727272727,"{""left"":229,""right"":242}","{""left"":124,""right"":122}",265,236,0.8905660377358491,4,151,28,0,0,0,0,0,29,0,125,101,45.0,80.0,0.0,40.25,73782,6973,100,0,False,F1,202608243,True,False,True,0.4267515923566879,0.0,0.0,0.0,UNACHIEVABLE,UNACHIEVABLE,UNACHIEVABLE
F1_seed_202608243,DIAGNOSTIC_OOF_PARETO,s0.55_p0.55_e0.25_n0.20_f0.60_k1_h0.05,0.55,0.55,0.25,0.2,0.6,1,0.05,333,471,367,325,280,270,263,246,0.7791932059447984,0.6900212314225053,0.5944798301486199,0.5732484076433121,0.5583864118895966,0.5222929936305732,246,0.5222929936305732,"{""0.10"":165,""0.15"":156,""0.20"":150}","{""0.10"":78,""0.15"":82,""0.20"":86}","{""0.10"":0.4727272727272727,""0.15"":0.5256410256410257,""0.20"":0.5733333333333334}",0.4727272727272727,"{""left"":229,""right"":242}","{""left"":124,""right"":122}",265,236,0.8905660377358491,4,151,28,0,0,0,0,0,29,0,125,101,45.0,80.0,0.0,40.25,73782,6973,100,0,False,F1,202608243,True,False,True,0.4267515923566879,0.0,0.0,0.0,UNACHIEVABLE,UNACHIEVABLE,UNACHIEVABLE
F1_seed_202608243,DIAGNOSTIC_OOF_PARETO,s0.55_p0.55_e0.25_n0.20_f0.60_k2_h0.00,0.55,0.55,0.25,0.2,0.6,2,0.0,333,471,367,325,280,270,171,161,0.7791932059447984,0.6900212314225053,0.5944798301486199,0.5732484076433121,0.3630573248407643,0.34182590233545646,161,0.34182590233545646,"{""0.10"":165,""0.15"":156,""0.20"":150}","{""0.10"":57,""0.15"":44,""0.20"":60}","{""0.10"":0.34545454545454546,""0.15"":0.28205128205128205,""0.20"":0.4}",0.28205128205128205,"{""left"":229,""right"":242}","{""left"":89,""right"":72}",174,159,0.9137931034482759,0,66,15,0,0,0,0,0,15,0,125,84,37.0,75.0,0.0,42.0,73782,6973,100,0,False,F1,202608243,True,False,True,0.4267515923566879,0.0,0.0,0.0,UNACHIEVABLE,UNACHIEVABLE,UNACHIEVABLE
F1_seed_202608243,DIAGNOSTIC_OOF_PARETO,s0.55_p0.55_e0.25_n0.20_f0.60_k2_h0.05,0.55,0.55,0.25,0.2,0.6,2,0.05,333,471,367,325,280,270,171,161,0.7791932059447984,0.6900212314225053,0.5944798301486199,0.5732484076433121,0.3630573248407643,0.34182590233545646,161,0.34182590233545646,"{""0.10"":165,""0.15"":156,""0.20"":150}","{""0.10"":57,""0.15"":44,""0.20"":60}","{""0.10"":0.34545454545454546,""0.15"":0.28205128205128205,""0.20"":0.4}",0.28205128205128205,"{""left"":229,""right"":242}","{""left"":89,""right"":72}",174,159,0.9137931034482759,0,66,15,0,0,0,0,0,15,0,125,84,37.0,75.0,0.0,42.0,73782,6973,100,0,False,F1,202608243,True,False,True,0.4267515923566879,0.0,0.0,0.0,UNACHIEVABLE,UNACHIEVABLE,UNACHIEVABLE
F1_seed_202608243,DIAGNOSTIC_OOF_PARETO,s0.55_p0.55_e0.25_n0.20_f0.60_k3_h0.00,0.55,0.55,0.25,0.2,0.6,3,0.0,333,471,367,325,280,270,119,113,0.7791932059447984,0.6900212314225053,0.5944798301486199,0.5732484076433121,0.2526539278131635,0.23991507430997877,113,0.23991507430997877,"{""0.10"":165,""0.15"":156,""0.20"":150}","{""0.10"":43,""0.15"":29,""0.20"":41}","{""0.10"":0.2606060606060606,""0.15"":0.1858974358974359,""0.20"":0.2733333333333333}",0.1858974358974359,"{""left"":229,""right"":242}","{""left"":67,""right"":46}",126,112,0.8888888888888888,0,34,11,0,0,0,0,0,14,0,125,69,28.0,67.39999999999999,0.0,120.3999999999999,73782,6973,100,0,False,F1,202608243,True,False,True,0.4267515923566879,0.0,0.0,0.0,UNACHIEVABLE,UNACHIEVABLE,UNACHIEVABLE
F1_seed_202608243,DIAGNOSTIC_OOF_PARETO,s0.55_p0.55_e0.25_n0.20_f0.60_k3_h0.05,0.55,0.55,0.25,0.2,0.6,3,0.05,333,471,367,325,280,270,119,113,0.7791932059447984,0.6900212314225053,0.5944798301486199,0.5732484076433121,0.2526539278131635,0.23991507430997877,113,0.23991507430997877,"{""0.10"":165,""0.15"":156,""0.20"":150}","{""0.10"":43,""0.15"":29,""0.20"":41}","{""0.10"":0.2606060606060606,""0.15"":0.1858974358974359,""0.20"":0.2733333333333333}",0.1858974358974359,"{""left"":229,""right"":242}","{""left"":67,""right"":46}",126,112,0.8888888888888888,0,34,11,0,0,0,0,0,14,0,125,69,28.0,67.39999999999999,0.0,120.3999999999999,73782,6973,100,0,False,F1,202608243,True,False,True,0.4267515923566879,0.0,0.0,0.0,UNACHIEVABLE,UNACHIEVABLE,UNACHIEVABLE
F1_seed_202608243,DIAGNOSTIC_OOF_PARETO,s0.65_p0.65_e0.15_n0.10_f0.60_k1_h0.00,0.65,0.65,0.15,0.1,0.6,1,0.0,333,471,367,277,232,222,217,203,0.7791932059447984,0.5881104033970276,0.49256900212314225,0.4713375796178344,0.4607218683651805,0.4309978768577495,203,0.4309978768577495,"{""0.10"":165,""0.15"":156,""0.20"":150}","{""0.10"":67,""0.15"":62,""0.20"":74}","{""0.10"":0.40606060606060607,""0.15"":0.3974358974358974,""0.20"":0.49333333333333335}",0.3974358974358974,"{""left"":229,""right"":242}","{""left"":103,""right"":100}",222,197,0.8873873873873874,4,120,24,0,0,0,0,0,25,0,125,91,43.0,80.89999999999998,0.0,92.79999999999995,73782,6973,100,0,False,F1,202608243,True,False,True,0.4267515923566879,0.0,0.0,0.0,UNACHIEVABLE,UNACHIEVABLE,UNACHIEVABLE
F1_seed_202608243,DIAGNOSTIC_OOF_PARETO,s0.65_p0.65_e0.15_n0.10_f0.60_k1_h0.05,0.65,0.65,0.15,0.1,0.6,1,0.05,333,471,367,277,232,222,217,203,0.7791932059447984,0.5881104033970276,0.49256900212314225,0.4713375796178344,0.4607218683651805,0.4309978768577495,203,0.4309978768577495,"{""0.10"":165,""0.15"":156,""0.20"":150}","{""0.10"":67,""0.15"":62,""0.20"":74}","{""0.10"":0.40606060606060607,""0.15"":0.3974358974358974,""0.20"":0.49333333333333335}",0.3974358974358974,"{""left"":229,""right"":242}","{""left"":103,""right"":100}",222,197,0.8873873873873874,4,120,24,0,0,0,0,0,25,0,125,91,43.0,80.89999999999998,0.0,92.79999999999995,73782,6973,100,0,False,F1,202608243,True,False,True,0.4267515923566879,0.0,0.0,0.0,UNACHIEVABLE,UNACHIEVABLE,UNACHIEVABLE
F1_seed_202608243,DIAGNOSTIC_OOF_PARETO,s0.65_p0.65_e0.15_n0.10_f0.60_k2_h0.00,0.65,0.65,0.15,0.1,0.6,2,0.0,333,471,367,277,232,222,129,120,0.7791932059447984,0.5881104033970276,0.49256900212314225,0.4713375796178344,0.27388535031847133,0.25477707006369427,120,0.25477707006369427,"{""0.10"":165,""0.15"":156,""0.20"":150}","{""0.10"":46,""0.15"":32,""0.20"":42}","{""0.10"":0.2787878787878788,""0.15"":0.20512820512820512,""0.20"":0.28}",0.20512820512820512,"{""left"":229,""right"":242}","{""left"":65,""right"":55}",131,120,0.916030534351145,0,45,14,0,0,0,0,0,11,0,125,69,33.5,73.19999999999999,0.0,106.54999999999997,73782,6973,100,0,False,F1,202608243,True,False,True,0.4267515923566879,0.0,0.0,0.0,UNACHIEVABLE,UNACHIEVABLE,UNACHIEVABLE
F1_seed_202608243,DIAGNOSTIC_OOF_PARETO,s0.65_p0.65_e0.15_n0.10_f0.60_k2_h0.05,0.65,0.65,0.15,0.1,0.6,2,0.05,333,471,367,277,232,222,129,120,0.7791932059447984,0.5881104033970276,0.49256900212314225,0.4713375796178344,0.27388535031847133,0.25477707006369427,120,0.25477707006369427,"{""0.10"":165,""0.15"":156,""0.20"":150}","{""0.10"":46,""0.15"":32,""0.20"":42}","{""0.10"":0.2787878787878788,""0.15"":0.20512820512820512,""0.20"":0.28}",0.20512820512820512,"{""left"":229,""right"":242}","{""left"":65,""right"":55}",131,120,0.916030534351145,0,45,14,0,0,0,0,0,11,0,125,69,33.5,73.19999999999999,0.0,106.54999999999997,73782,6973,100,0,False,F1,202608243,True,False,True,0.4267515923566879,0.0,0.0,0.0,UNACHIEVABLE,UNACHIEVABLE,UNACHIEVABLE
F1_seed_202608243,DIAGNOSTIC_OOF_PARETO,s0.65_p0.65_e0.15_n0.10_f0.60_k3_h0.00,0.65,0.65,0.15,0.1,0.6,3,0.0,333,471,367,277,232,222,86,81,0.7791932059447984,0.5881104033970276,0.49256900212314225,0.4713375796178344,0.18259023354564755,0.17197452229299362,81,0.17197452229299362,"{""0.10"":165,""0.15"":156,""0.20"":150}","{""0.10"":33,""0.15"":21,""0.20"":27}","{""0.10"":0.2,""0.15"":0.1346153846153846,""0.20"":0.18}",0.1346153846153846,"{""left"":229,""right"":242}","{""left"":50,""right"":31}",89,81,0.9101123595505618,0,23,10,0,0,0,0,0,8,0,125,50,28.0,67.0,0.0,116.0,73782,6973,100,0,False,F1,202608243,True,False,True,0.4267515923566879,0.0,0.0,0.0,UNACHIEVABLE,UNACHIEVABLE,UNACHIEVABLE
F1_seed_202608243,DIAGNOSTIC_OOF_PARETO,s0.65_p0.65_e0.15_n0.10_f0.60_k3_h0.05,0.65,0.65,0.15,0.1,0.6,3,0.05,333,471,367,277,232,222,86,81,0.7791932059447984,0.5881104033970276,0.49256900212314225,0.4713375796178344,0.18259023354564755,0.17197452229299362,81,0.17197452229299362,"{""0.10"":165,""0.15"":156,""0.20"":150}","{""0.10"":33,""0.15"":21,""0.20"":27}","{""0.10"":0.2,""0.15"":0.1346153846153846,""0.20"":0.18}",0.1346153846153846,"{""left"":229,""right"":242}","{""left"":50,""right"":31}",89,81,0.9101123595505618,0,23,10,0,0,0,0,0,8,0,125,50,28.0,67.0,0.0,116.0,73782,6973,100,0,False,F1,202608243,True,False,True,0.4267515923566879,0.0,0.0,0.0,UNACHIEVABLE,UNACHIEVABLE,UNACHIEVABLE
F1_seed_202608243,DIAGNOSTIC_OOF_PARETO,s0.65_p0.65_e0.25_n0.20_f0.60_k1_h0.00,0.65,0.65,0.25,0.2,0.6,1,0.0,333,471,367,277,232,222,217,203,0.7791932059447984,0.5881104033970276,0.49256900212314225,0.4713375796178344,0.4607218683651805,0.4309978768577495,203,0.4309978768577495,"{""0.10"":165,""0.15"":156,""0.20"":150}","{""0.10"":67,""0.15"":62,""0.20"":74}","{""0.10"":0.40606060606060607,""0.15"":0.3974358974358974,""0.20"":0.49333333333333335}",0.3974358974358974,"{""left"":229,""right"":242}","{""left"":103,""right"":100}",222,197,0.8873873873873874,4,120,24,0,0,0,0,0,25,0,125,91,43.0,80.89999999999998,0.0,92.79999999999995,73782,6973,100,0,False,F1,202608243,True,False,True,0.4267515923566879,0.0,0.0,0.0,UNACHIEVABLE,UNACHIEVABLE,UNACHIEVABLE
F1_seed_202608243,DIAGNOSTIC_OOF_PARETO,s0.65_p0.65_e0.25_n0.20_f0.60_k1_h0.05,0.65,0.65,0.25,0.2,0.6,1,0.05,333,471,367,277,232,222,217,203,0.7791932059447984,0.5881104033970276,0.49256900212314225,0.4713375796178344,0.4607218683651805,0.4309978768577495,203,0.4309978768577495,"{""0.10"":165,""0.15"":156,""0.20"":150}","{""0.10"":67,""0.15"":62,""0.20"":74}","{""0.10"":0.40606060606060607,""0.15"":0.3974358974358974,""0.20"":0.49333333333333335}",0.3974358974358974,"{""left"":229,""right"":242}","{""left"":103,""right"":100}",222,197,0.8873873873873874,4,120,24,0,0,0,0,0,25,0,125,91,43.0,80.89999999999998,0.0,92.79999999999995,73782,6973,100,0,False,F1,202608243,True,False,True,0.4267515923566879,0.0,0.0,0.0,UNACHIEVABLE,UNACHIEVABLE,UNACHIEVABLE
F1_seed_202608243,DIAGNOSTIC_OOF_PARETO,s0.65_p0.65_e0.25_n0.20_f0.60_k2_h0.00,0.65,0.65,0.25,0.2,0.6,2,0.0,333,471,367,277,232,222,129,120,0.7791932059447984,0.5881104033970276,0.49256900212314225,0.4713375796178344,0.27388535031847133,0.25477707006369427,120,0.25477707006369427,"{""0.10"":165,""0.15"":156,""0.20"":150}","{""0.10"":46,""0.15"":32,""0.20"":42}","{""0.10"":0.2787878787878788,""0.15"":0.20512820512820512,""0.20"":0.28}",0.20512820512820512,"{""left"":229,""right"":242}","{""left"":65,""right"":55}",131,120,0.916030534351145,0,45,14,0,0,0,0,0,11,0,125,69,33.5,73.19999999999999,0.0,106.54999999999997,73782,6973,100,0,False,F1,202608243,True,False,True,0.4267515923566879,0.0,0.0,0.0,UNACHIEVABLE,UNACHIEVABLE,UNACHIEVABLE
F1_seed_202608243,DIAGNOSTIC_OOF_PARETO,s0.65_p0.65_e0.25_n0.20_f0.60_k2_h0.05,0.65,0.65,0.25,0.2,0.6,2,0.05,333,471,367,277,232,222,129,120,0.7791932059447984,0.5881104033970276,0.49256900212314225,0.4713375796178344,0.27388535031847133,0.25477707006369427,120,0.25477707006369427,"{""0.10"":165,""0.15"":156,""0.20"":150}","{""0.10"":46,""0.15"":32,""0.20"":42}","{""0.10"":0.2787878787878788,""0.15"":0.20512820512820512,""0.20"":0.28}",0.20512820512820512,"{""left"":229,""right"":242}","{""left"":65,""right"":55}",131,120,0.916030534351145,0,45,14,0,0,0,0,0,11,0,125,69,33.5,73.19999999999999,0.0,106.54999999999997,73782,6973,100,0,False,F1,202608243,True,False,True,0.4267515923566879,0.0,0.0,0.0,UNACHIEVABLE,UNACHIEVABLE,UNACHIEVABLE
F1_seed_202608243,DIAGNOSTIC_OOF_PARETO,s0.65_p0.65_e0.25_n0.20_f0.60_k3_h0.00,0.65,0.65,0.25,0.2,0.6,3,0.0,333,471,367,277,232,222,86,81,0.7791932059447984,0.5881104033970276,0.49256900212314225,0.4713375796178344,0.18259023354564755,0.17197452229299362,81,0.17197452229299362,"{""0.10"":165,""0.15"":156,""0.20"":150}","{""0.10"":33,""0.15"":21,""0.20"":27}","{""0.10"":0.2,""0.15"":0.1346153846153846,""0.20"":0.18}",0.1346153846153846,"{""left"":229,""right"":242}","{""left"":50,""right"":31}",89,81,0.9101123595505618,0,23,10,0,0,0,0,0,8,0,125,50,28.0,67.0,0.0,116.0,73782,6973,100,0,False,F1,202608243,True,False,True,0.4267515923566879,0.0,0.0,0.0,UNACHIEVABLE,UNACHIEVABLE,UNACHIEVABLE
F1_seed_202608243,DIAGNOSTIC_OOF_PARETO,s0.65_p0.65_e0.25_n0.20_f0.60_k3_h0.05,0.65,0.65,0.25,0.2,0.6,3,0.05,333,471,367,277,232,222,86,81,0.7791932059447984,0.5881104033970276,0.49256900212314225,0.4713375796178344,0.18259023354564755,0.17197452229299362,81,0.17197452229299362,"{""0.10"":165,""0.15"":156,""0.20"":150}","{""0.10"":33,""0.15"":21,""0.20"":27}","{""0.10"":0.2,""0.15"":0.1346153846153846,""0.20"":0.18}",0.1346153846153846,"{""left"":229,""right"":242}","{""left"":50,""right"":31}",89,81,0.9101123595505618,0,23,10,0,0,0,0,0,8,0,125,50,28.0,67.0,0.0,116.0,73782,6973,100,0,False,F1,202608243,True,False,True,0.4267515923566879,0.0,0.0,0.0,UNACHIEVABLE,UNACHIEVABLE,UNACHIEVABLE
F1_seed_202608243,DIAGNOSTIC_OOF_PARETO,s0.75_p0.75_e0.15_n0.10_f0.60_k1_h0.00,0.75,0.75,0.15,0.1,0.6,1,0.0,333,471,367,210,168,160,156,148,0.7791932059447984,0.445859872611465,0.35668789808917195,0.33970276008492567,0.33121019108280253,0.31422505307855625,148,0.31422505307855625,"{""0.10"":165,""0.15"":156,""0.20"":150}","{""0.10"":54,""0.15"":45,""0.20"":49}","{""0.10"":0.32727272727272727,""0.15"":0.28846153846153844,""0.20"":0.32666666666666666}",0.28846153846153844,"{""left"":229,""right"":242}","{""left"":83,""right"":65}",164,145,0.8841463414634146,4,79,17,0,0,0,0,0,19,0,125,73,39.0,82.0,0.0,118.7000000000001,73782,6973,100,0,False,F1,202608243,True,False,True,0.4267515923566879,0.0,0.0,0.0,UNACHIEVABLE,UNACHIEVABLE,UNACHIEVABLE
F1_seed_202608243,DIAGNOSTIC_OOF_PARETO,s0.75_p0.75_e0.15_n0.10_f0.60_k1_h0.05,0.75,0.75,0.15,0.1,0.6,1,0.05,333,471,367,210,168,160,156,147,0.7791932059447984,0.445859872611465,0.35668789808917195,0.33970276008492567,0.33121019108280253,0.31210191082802546,147,0.31210191082802546,"{""0.10"":165,""0.15"":156,""0.20"":150}","{""0.10"":54,""0.15"":44,""0.20"":49}","{""0.10"":0.32727272727272727,""0.15"":0.28205128205128205,""0.20"":0.32666666666666666}",0.28205128205128205,"{""left"":229,""right"":242}","{""left"":83,""right"":64}",162,144,0.8888888888888888,4,79,17,0,0,0,0,0,18,0,125,72,39.0,82.0,0.0,119.5999999999998,73782,6973,100,0,False,F1,202608243,True,False,True,0.4267515923566879,0.0,0.0,0.0,UNACHIEVABLE,UNACHIEVABLE,UNACHIEVABLE
F1_seed_202608243,DIAGNOSTIC_OOF_PARETO,s0.75_p0.75_e0.15_n0.10_f0.60_k2_h0.00,0.75,0.75,0.15,0.1,0.6,2,0.0,333,471,367,210,168,160,104,97,0.7791932059447984,0.445859872611465,0.35668789808917195,0.33970276008492567,0.2208067940552017,0.2059447983014862,97,0.2059447983014862,"{""0.10"":165,""0.15"":156,""0.20"":150}","{""0.10"":40,""0.15"":27,""0.20"":30}","{""0.10"":0.24242424242424243,""0.15"":0.17307692307692307,""0.20"":0.2}",0.17307692307692307,"{""left"":229,""right"":242}","{""left"":58,""right"":39}",108,96,0.8888888888888888,0,27,12,0,0,0,0,0,12,0,125,54,35.0,77.19999999999999,0.0,108.19999999999987,73782,6973,100,0,False,F1,202608243,True,False,True,0.4267515923566879,0.0,0.0,0.0,UNACHIEVABLE,UNACHIEVABLE,UNACHIEVABLE
F1_seed_202608243,DIAGNOSTIC_OOF_PARETO,s0.75_p0.75_e0.15_n0.10_f0.60_k2_h0.05,0.75,0.75,0.15,0.1,0.6,2,0.05,333,471,367,210,168,160,104,96,0.7791932059447984,0.445859872611465,0.35668789808917195,0.33970276008492567,0.2208067940552017,0.20382165605095542,96,0.20382165605095542,"{""0.10"":165,""0.15"":156,""0.20"":150}","{""0.10"":40,""0.15"":26,""0.20"":30}","{""0.10"":0.24242424242424243,""0.15"":0.16666666666666666,""0.20"":0.2}",0.16666666666666666,"{""left"":229,""right"":242}","{""left"":58,""right"":38}",106,95,0.8962264150943396,0,27,12,0,0,0,0,0,11,0,125,53,35.0,77.25,0.0,108.75,73782,6973,100,0,False,F1,202608243,True,False,True,0.4267515923566879,0.0,0.0,0.0,UNACHIEVABLE,UNACHIEVABLE,UNACHIEVABLE
F1_seed_202608243,DIAGNOSTIC_OOF_PARETO,s0.75_p0.75_e0.15_n0.10_f0.60_k3_h0.00,0.75,0.75,0.15,0.1,0.6,3,0.0,333,471,367,210,168,160,65,62,0.7791932059447984,0.445859872611465,0.35668789808917195,0.33970276008492567,0.13800424628450106,0.1316348195329087,62,0.1316348195329087,"{""0.10"":165,""0.15"":156,""0.20"":150}","{""0.10"":25,""0.15"":16,""0.20"":21}","{""0.10"":0.15151515151515152,""0.15"":0.10256410256410256,""0.20"":0.14}",0.10256410256410256,"{""left"":229,""right"":242}","{""left"":42,""right"":20}",69,62,0.8985507246376812,0,12,7,0,0,0,0,0,7,0,125,42,28.5,67.74999999999997,0.0,114.84999999999991,73782,6973,100,0,False,F1,202608243,True,False,True,0.4267515923566879,0.0,0.0,0.0,UNACHIEVABLE,UNACHIEVABLE,UNACHIEVABLE
F1_seed_202608243,DIAGNOSTIC_OOF_PARETO,s0.75_p0.75_e0.15_n0.10_f0.60_k3_h0.05,0.75,0.75,0.15,0.1,0.6,3,0.05,333,471,367,210,168,160,65,62,0.7791932059447984,0.445859872611465,0.35668789808917195,0.33970276008492567,0.13800424628450106,0.1316348195329087,62,0.1316348195329087,"{""0.10"":165,""0.15"":156,""0.20"":150}","{""0.10"":25,""0.15"":16,""0.20"":21}","{""0.10"":0.15151515151515152,""0.15"":0.10256410256410256,""0.20"":0.14}",0.10256410256410256,"{""left"":229,""right"":242}","{""left"":42,""right"":20}",69,62,0.8985507246376812,0,12,7,0,0,0,0,0,7,0,125,42,28.5,67.74999999999997,0.0,114.84999999999991,73782,6973,100,0,False,F1,202608243,True,False,True,0.4267515923566879,0.0,0.0,0.0,UNACHIEVABLE,UNACHIEVABLE,UNACHIEVABLE
F1_seed_202608243,DIAGNOSTIC_OOF_PARETO,s0.75_p0.75_e0.25_n0.20_f0.60_k1_h0.00,0.75,0.75,0.25,0.2,0.6,1,0.0,333,471,367,210,168,160,156,148,0.7791932059447984,0.445859872611465,0.35668789808917195,0.33970276008492567,0.33121019108280253,0.31422505307855625,148,0.31422505307855625,"{""0.10"":165,""0.15"":156,""0.20"":150}","{""0.10"":54,""0.15"":45,""0.20"":49}","{""0.10"":0.32727272727272727,""0.15"":0.28846153846153844,""0.20"":0.32666666666666666}",0.28846153846153844,"{""left"":229,""right"":242}","{""left"":83,""right"":65}",164,145,0.8841463414634146,4,79,17,0,0,0,0,0,19,0,125,73,39.0,82.0,0.0,118.7000000000001,73782,6973,100,0,False,F1,202608243,True,False,True,0.4267515923566879,0.0,0.0,0.0,UNACHIEVABLE,UNACHIEVABLE,UNACHIEVABLE
F1_seed_202608243,DIAGNOSTIC_OOF_PARETO,s0.75_p0.75_e0.25_n0.20_f0.60_k1_h0.05,0.75,0.75,0.25,0.2,0.6,1,0.05,333,471,367,210,168,160,156,147,0.7791932059447984,0.445859872611465,0.35668789808917195,0.33970276008492567,0.33121019108280253,0.31210191082802546,147,0.31210191082802546,"{""0.10"":165,""0.15"":156,""0.20"":150}","{""0.10"":54,""0.15"":44,""0.20"":49}","{""0.10"":0.32727272727272727,""0.15"":0.28205128205128205,""0.20"":0.32666666666666666}",0.28205128205128205,"{""left"":229,""right"":242}","{""left"":83,""right"":64}",162,144,0.8888888888888888,4,79,17,0,0,0,0,0,18,0,125,72,39.0,82.0,0.0,119.5999999999998,73782,6973,100,0,False,F1,202608243,True,False,True,0.4267515923566879,0.0,0.0,0.0,UNACHIEVABLE,UNACHIEVABLE,UNACHIEVABLE
F1_seed_202608243,DIAGNOSTIC_OOF_PARETO,s0.75_p0.75_e0.25_n0.20_f0.60_k2_h0.00,0.75,0.75,0.25,0.2,0.6,2,0.0,333,471,367,210,168,160,104,97,0.7791932059447984,0.445859872611465,0.35668789808917195,0.33970276008492567,0.2208067940552017,0.2059447983014862,97,0.2059447983014862,"{""0.10"":165,""0.15"":156,""0.20"":150}","{""0.10"":40,""0.15"":27,""0.20"":30}","{""0.10"":0.24242424242424243,""0.15"":0.17307692307692307,""0.20"":0.2}",0.17307692307692307,"{""left"":229,""right"":242}","{""left"":58,""right"":39}",108,96,0.8888888888888888,0,27,12,0,0,0,0,0,12,0,125,54,35.0,77.19999999999999,0.0,108.19999999999987,73782,6973,100,0,False,F1,202608243,True,False,True,0.4267515923566879,0.0,0.0,0.0,UNACHIEVABLE,UNACHIEVABLE,UNACHIEVABLE
F1_seed_202608243,DIAGNOSTIC_OOF_PARETO,s0.75_p0.75_e0.25_n0.20_f0.60_k2_h0.05,0.75,0.75,0.25,0.2,0.6,2,0.05,333,471,367,210,168,160,104,96,0.7791932059447984,0.445859872611465,0.35668789808917195,0.33970276008492567,0.2208067940552017,0.20382165605095542,96,0.20382165605095542,"{""0.10"":165,""0.15"":156,""0.20"":150}","{""0.10"":40,""0.15"":26,""0.20"":30}","{""0.10"":0.24242424242424243,""0.15"":0.16666666666666666,""0.20"":0.2}",0.16666666666666666,"{""left"":229,""right"":242}","{""left"":58,""right"":38}",106,95,0.8962264150943396,0,27,12,0,0,0,0,0,11,0,125,53,35.0,77.25,0.0,108.75,73782,6973,100,0,False,F1,202608243,True,False,True,0.4267515923566879,0.0,0.0,0.0,UNACHIEVABLE,UNACHIEVABLE,UNACHIEVABLE
F1_seed_202608243,DIAGNOSTIC_OOF_PARETO,s0.75_p0.75_e0.25_n0.20_f0.60_k3_h0.00,0.75,0.75,0.25,0.2,0.6,3,0.0,333,471,367,210,168,160,65,62,0.7791932059447984,0.445859872611465,0.35668789808917195,0.33970276008492567,0.13800424628450106,0.1316348195329087,62,0.1316348195329087,"{""0.10"":165,""0.15"":156,""0.20"":150}","{""0.10"":25,""0.15"":16,""0.20"":21}","{""0.10"":0.15151515151515152,""0.15"":0.10256410256410256,""0.20"":0.14}",0.10256410256410256,"{""left"":229,""right"":242}","{""left"":42,""right"":20}",69,62,0.8985507246376812,0,12,7,0,0,0,0,0,7,0,125,42,28.5,67.74999999999997,0.0,114.84999999999991,73782,6973,100,0,False,F1,202608243,True,False,True,0.4267515923566879,0.0,0.0,0.0,UNACHIEVABLE,UNACHIEVABLE,UNACHIEVABLE
F1_seed_202608243,DIAGNOSTIC_OOF_PARETO,s0.75_p0.75_e0.25_n0.20_f0.60_k3_h0.05,0.75,0.75,0.25,0.2,0.6,3,0.05,333,471,367,210,168,160,65,62,0.7791932059447984,0.445859872611465,0.35668789808917195,0.33970276008492567,0.13800424628450106,0.1316348195329087,62,0.1316348195329087,"{""0.10"":165,""0.15"":156,""0.20"":150}","{""0.10"":25,""0.15"":16,""0.20"":21}","{""0.10"":0.15151515151515152,""0.15"":0.10256410256410256,""0.20"":0.14}",0.10256410256410256,"{""left"":229,""right"":242}","{""left"":42,""right"":20}",69,62,0.8985507246376812,0,12,7,0,0,0,0,0,7,0,125,42,28.5,67.74999999999997,0.0,114.84999999999991,73782,6973,100,0,False,F1,202608243,True,False,True,0.4267515923566879,0.0,0.0,0.0,UNACHIEVABLE,UNACHIEVABLE,UNACHIEVABLE
F1_seed_202608243,DIAGNOSTIC_OOF_PARETO,s0.85_p0.85_e0.15_n0.10_f0.60_k1_h0.00,0.85,0.85,0.15,0.1,0.6,1,0.0,333,471,367,153,117,113,112,105,0.7791932059447984,0.3248407643312102,0.2484076433121019,0.23991507430997877,0.23779193205944799,0.2229299363057325,105,0.2229299363057325,"{""0.10"":165,""0.15"":156,""0.20"":150}","{""0.10"":44,""0.15"":31,""0.20"":30}","{""0.10"":0.26666666666666666,""0.15"":0.1987179487179487,""0.20"":0.2}",0.1987179487179487,"{""left"":229,""right"":242}","{""left"":64,""right"":41}",115,103,0.8956521739130435,0,42,13,0,0,0,0,0,12,0,125,54,37.0,82.0,0.0,140.19999999999993,73782,6973,100,0,False,F1,202608243,True,False,True,0.4267515923566879,0.0,0.0,0.0,UNACHIEVABLE,UNACHIEVABLE,UNACHIEVABLE
F1_seed_202608243,DIAGNOSTIC_OOF_PARETO,s0.85_p0.85_e0.15_n0.10_f0.60_k1_h0.05,0.85,0.85,0.15,0.1,0.6,1,0.05,333,471,367,153,117,113,113,105,0.7791932059447984,0.3248407643312102,0.2484076433121019,0.23991507430997877,0.23991507430997877,0.2229299363057325,105,0.2229299363057325,"{""0.10"":165,""0.15"":156,""0.20"":150}","{""0.10"":44,""0.15"":31,""0.20"":30}","{""0.10"":0.26666666666666666,""0.15"":0.1987179487179487,""0.20"":0.2}",0.1987179487179487,"{""left"":229,""right"":242}","{""left"":64,""right"":41}",115,103,0.8956521739130435,0,42,13,0,0,0,0,0,12,0,125,54,37.0,82.0,0.0,140.19999999999993,73782,6973,100,0,False,F1,202608243,True,False,True,0.4267515923566879,0.0,0.0,0.0,UNACHIEVABLE,UNACHIEVABLE,UNACHIEVABLE
F1_seed_202608243,DIAGNOSTIC_OOF_PARETO,s0.85_p0.85_e0.15_n0.10_f0.60_k2_h0.00,0.85,0.85,0.15,0.1,0.6,2,0.0,333,471,367,153,117,113,68,65,0.7791932059447984,0.3248407643312102,0.2484076433121019,0.23991507430997877,0.14437367303609341,0.13800424628450106,65,0.13800424628450106,"{""0.10"":165,""0.15"":156,""0.20"":150}","{""0.10"":26,""0.15"":19,""0.20"":20}","{""0.10"":0.15757575757575756,""0.15"":0.12179487179487179,""0.20"":0.13333333333333333}",0.12179487179487179,"{""left"":229,""right"":242}","{""left"":44,""right"":21}",73,64,0.8767123287671232,0,16,7,0,0,0,0,0,9,0,125,41,34.0,79.79999999999998,0.0,116.19999999999999,73782,6973,100,0,False,F1,202608243,True,False,True,0.4267515923566879,0.0,0.0,0.0,UNACHIEVABLE,UNACHIEVABLE,UNACHIEVABLE
F1_seed_202608243,DIAGNOSTIC_OOF_PARETO,s0.85_p0.85_e0.15_n0.10_f0.60_k2_h0.05,0.85,0.85,0.15,0.1,0.6,2,0.05,333,471,367,153,117,113,69,65,0.7791932059447984,0.3248407643312102,0.2484076433121019,0.23991507430997877,0.1464968152866242,0.13800424628450106,65,0.13800424628450106,"{""0.10"":165,""0.15"":156,""0.20"":150}","{""0.10"":26,""0.15"":19,""0.20"":20}","{""0.10"":0.15757575757575756,""0.15"":0.12179487179487179,""0.20"":0.13333333333333333}",0.12179487179487179,"{""left"":229,""right"":242}","{""left"":44,""right"":21}",73,64,0.8767123287671232,0,16,7,0,0,0,0,0,9,0,125,41,34.0,79.79999999999998,0.0,116.19999999999999,73782,6973,100,0,False,F1,202608243,True,False,True,0.4267515923566879,0.0,0.0,0.0,UNACHIEVABLE,UNACHIEVABLE,UNACHIEVABLE
F1_seed_202608243,DIAGNOSTIC_OOF_PARETO,s0.85_p0.85_e0.15_n0.10_f0.60_k3_h0.00,0.85,0.85,0.15,0.1,0.6,3,0.0,333,471,367,153,117,113,39,38,0.7791932059447984,0.3248407643312102,0.2484076433121019,0.23991507430997877,0.08280254777070063,0.08067940552016985,38,0.08067940552016985,"{""0.10"":165,""0.15"":156,""0.20"":150}","{""0.10"":15,""0.15"":8,""0.20"":15}","{""0.10"":0.09090909090909091,""0.15"":0.05128205128205128,""0.20"":0.1}",0.05128205128205128,"{""left"":229,""right"":242}","{""left"":28,""right"":10}",45,38,0.8444444444444444,0,11,5,0,0,0,0,0,7,0,125,28,29.0,62.449999999999996,0.0,141.99999999999986,73782,6973,100,0,False,F1,202608243,True,False,True,0.4267515923566879,0.0,0.0,0.0,UNACHIEVABLE,UNACHIEVABLE,UNACHIEVABLE
F1_seed_202608243,DIAGNOSTIC_OOF_PARETO,s0.85_p0.85_e0.15_n0.10_f0.60_k3_h0.05,0.85,0.85,0.15,0.1,0.6,3,0.05,333,471,367,153,117,113,40,38,0.7791932059447984,0.3248407643312102,0.2484076433121019,0.23991507430997877,0.08492569002123142,0.08067940552016985,38,0.08067940552016985,"{""0.10"":165,""0.15"":156,""0.20"":150}","{""0.10"":15,""0.15"":8,""0.20"":15}","{""0.10"":0.09090909090909091,""0.15"":0.05128205128205128,""0.20"":0.1}",0.05128205128205128,"{""left"":229,""right"":242}","{""left"":28,""right"":10}",45,38,0.8444444444444444,0,11,5,0,0,0,0,0,7,0,125,28,29.0,62.449999999999996,0.0,141.99999999999986,73782,6973,100,0,False,F1,202608243,True,False,True,0.4267515923566879,0.0,0.0,0.0,UNACHIEVABLE,UNACHIEVABLE,UNACHIEVABLE
F1_seed_202608243,DIAGNOSTIC_OOF_PARETO,s0.85_p0.85_e0.25_n0.20_f0.60_k1_h0.00,0.85,0.85,0.25,0.2,0.6,1,0.0,333,471,367,153,117,113,112,105,0.7791932059447984,0.3248407643312102,0.2484076433121019,0.23991507430997877,0.23779193205944799,0.2229299363057325,105,0.2229299363057325,"{""0.10"":165,""0.15"":156,""0.20"":150}","{""0.10"":44,""0.15"":31,""0.20"":30}","{""0.10"":0.26666666666666666,""0.15"":0.1987179487179487,""0.20"":0.2}",0.1987179487179487,"{""left"":229,""right"":242}","{""left"":64,""right"":41}",115,103,0.8956521739130435,0,42,13,0,0,0,0,0,12,0,125,54,37.0,82.0,0.0,140.19999999999993,73782,6973,100,0,False,F1,202608243,True,False,True,0.4267515923566879,0.0,0.0,0.0,UNACHIEVABLE,UNACHIEVABLE,UNACHIEVABLE
F1_seed_202608243,DIAGNOSTIC_OOF_PARETO,s0.85_p0.85_e0.25_n0.20_f0.60_k1_h0.05,0.85,0.85,0.25,0.2,0.6,1,0.05,333,471,367,153,117,113,113,105,0.7791932059447984,0.3248407643312102,0.2484076433121019,0.23991507430997877,0.23991507430997877,0.2229299363057325,105,0.2229299363057325,"{""0.10"":165,""0.15"":156,""0.20"":150}","{""0.10"":44,""0.15"":31,""0.20"":30}","{""0.10"":0.26666666666666666,""0.15"":0.1987179487179487,""0.20"":0.2}",0.1987179487179487,"{""left"":229,""right"":242}","{""left"":64,""right"":41}",115,103,0.8956521739130435,0,42,13,0,0,0,0,0,12,0,125,54,37.0,82.0,0.0,140.19999999999993,73782,6973,100,0,False,F1,202608243,True,False,True,0.4267515923566879,0.0,0.0,0.0,UNACHIEVABLE,UNACHIEVABLE,UNACHIEVABLE
F1_seed_202608243,DIAGNOSTIC_OOF_PARETO,s0.85_p0.85_e0.25_n0.20_f0.60_k2_h0.00,0.85,0.85,0.25,0.2,0.6,2,0.0,333,471,367,153,117,113,68,65,0.7791932059447984,0.3248407643312102,0.2484076433121019,0.23991507430997877,0.14437367303609341,0.13800424628450106,65,0.13800424628450106,"{""0.10"":165,""0.15"":156,""0.20"":150}","{""0.10"":26,""0.15"":19,""0.20"":20}","{""0.10"":0.15757575757575756,""0.15"":0.12179487179487179,""0.20"":0.13333333333333333}",0.12179487179487179,"{""left"":229,""right"":242}","{""left"":44,""right"":21}",73,64,0.8767123287671232,0,16,7,0,0,0,0,0,9,0,125,41,34.0,79.79999999999998,0.0,116.19999999999999,73782,6973,100,0,False,F1,202608243,True,False,True,0.4267515923566879,0.0,0.0,0.0,UNACHIEVABLE,UNACHIEVABLE,UNACHIEVABLE
F1_seed_202608243,DIAGNOSTIC_OOF_PARETO,s0.85_p0.85_e0.25_n0.20_f0.60_k2_h0.05,0.85,0.85,0.25,0.2,0.6,2,0.05,333,471,367,153,117,113,69,65,0.7791932059447984,0.3248407643312102,0.2484076433121019,0.23991507430997877,0.1464968152866242,0.13800424628450106,65,0.13800424628450106,"{""0.10"":165,""0.15"":156,""0.20"":150}","{""0.10"":26,""0.15"":19,""0.20"":20}","{""0.10"":0.15757575757575756,""0.15"":0.12179487179487179,""0.20"":0.13333333333333333}",0.12179487179487179,"{""left"":229,""right"":242}","{""left"":44,""right"":21}",73,64,0.8767123287671232,0,16,7,0,0,0,0,0,9,0,125,41,34.0,79.79999999999998,0.0,116.19999999999999,73782,6973,100,0,False,F1,202608243,True,False,True,0.4267515923566879,0.0,0.0,0.0,UNACHIEVABLE,UNACHIEVABLE,UNACHIEVABLE
F1_seed_202608243,DIAGNOSTIC_OOF_PARETO,s0.85_p0.85_e0.25_n0.20_f0.60_k3_h0.00,0.85,0.85,0.25,0.2,0.6,3,0.0,333,471,367,153,117,113,39,38,0.7791932059447984,0.3248407643312102,0.2484076433121019,0.23991507430997877,0.08280254777070063,0.08067940552016985,38,0.08067940552016985,"{""0.10"":165,""0.15"":156,""0.20"":150}","{""0.10"":15,""0.15"":8,""0.20"":15}","{""0.10"":0.09090909090909091,""0.15"":0.05128205128205128,""0.20"":0.1}",0.05128205128205128,"{""left"":229,""right"":242}","{""left"":28,""right"":10}",45,38,0.8444444444444444,0,11,5,0,0,0,0,0,7,0,125,28,29.0,62.449999999999996,0.0,141.99999999999986,73782,6973,100,0,False,F1,202608243,True,False,True,0.4267515923566879,0.0,0.0,0.0,UNACHIEVABLE,UNACHIEVABLE,UNACHIEVABLE
F1_seed_202608243,DIAGNOSTIC_OOF_PARETO,s0.85_p0.85_e0.25_n0.20_f0.60_k3_h0.05,0.85,0.85,0.25,0.2,0.6,3,0.05,333,471,367,153,117,113,40,38,0.7791932059447984,0.3248407643312102,0.2484076433121019,0.23991507430997877,0.08492569002123142,0.08067940552016985,38,0.08067940552016985,"{""0.10"":165,""0.15"":156,""0.20"":150}","{""0.10"":15,""0.15"":8,""0.20"":15}","{""0.10"":0.09090909090909091,""0.15"":0.05128205128205128,""0.20"":0.1}",0.05128205128205128,"{""left"":229,""right"":242}","{""left"":28,""right"":10}",45,38,0.8444444444444444,0,11,5,0,0,0,0,0,7,0,125,28,29.0,62.449999999999996,0.0,141.99999999999986,73782,6973,100,0,False,F1,202608243,True,False,True,0.4267515923566879,0.0,0.0,0.0,UNACHIEVABLE,UNACHIEVABLE,UNACHIEVABLE
F1_seed_202608243,DIAGNOSTIC_OOF_PARETO,s0.65_p0.55_e0.15_n0.10_f0.60_k1_h0.00,0.65,0.55,0.15,0.1,0.6,1,0.0,333,471,367,325,272,262,254,238,0.7791932059447984,0.6900212314225053,0.5774946921443737,0.5562632696390658,0.5392781316348195,0.505307855626327,238,0.505307855626327,"{""0.10"":165,""0.15"":156,""0.20"":150}","{""0.10"":76,""0.15"":78,""0.20"":84}","{""0.10"":0.46060606060606063,""0.15"":0.5,""0.20"":0.56}",0.46060606060606063,"{""left"":229,""right"":242}","{""left"":120,""right"":118}",257,229,0.8910505836575876,4,138,27,0,0,0,0,0,28,0,125,101,42.0,80.29999999999995,0.0,46.249999999999204,73782,6973,100,0,False,F1,202608243,True,False,True,0.4267515923566879,0.0,0.0,0.0,UNACHIEVABLE,UNACHIEVABLE,UNACHIEVABLE
F1_seed_202608243,DIAGNOSTIC_OOF_PARETO,s0.65_p0.55_e0.15_n0.10_f0.60_k1_h0.05,0.65,0.55,0.15,0.1,0.6,1,0.05,333,471,367,325,272,262,255,238,0.7791932059447984,0.6900212314225053,0.5774946921443737,0.5562632696390658,0.5414012738853503,0.505307855626327,238,0.505307855626327,"{""0.10"":165,""0.15"":156,""0.20"":150}","{""0.10"":76,""0.15"":78,""0.20"":84}","{""0.10"":0.46060606060606063,""0.15"":0.5,""0.20"":0.56}",0.46060606060606063,"{""left"":229,""right"":242}","{""left"":120,""right"":118}",257,229,0.8910505836575876,4,138,27,0,0,0,0,0,28,0,125,101,42.0,80.29999999999995,0.0,46.249999999999204,73782,6973,100,0,False,F1,202608243,True,False,True,0.4267515923566879,0.0,0.0,0.0,UNACHIEVABLE,UNACHIEVABLE,UNACHIEVABLE
F1_seed_202608243,DIAGNOSTIC_OOF_PARETO,s0.65_p0.55_e0.15_n0.10_f0.60_k2_h0.00,0.65,0.55,0.15,0.1,0.6,2,0.0,333,471,367,325,272,262,159,150,0.7791932059447984,0.6900212314225053,0.5774946921443737,0.5562632696390658,0.3375796178343949,0.3184713375796178,150,0.3184713375796178,"{""0.10"":165,""0.15"":156,""0.20"":150}","{""0.10"":52,""0.15"":43,""0.20"":55}","{""0.10"":0.3151515151515151,""0.15"":0.27564102564102566,""0.20"":0.36666666666666664}",0.27564102564102566,"{""left"":229,""right"":242}","{""left"":86,""right"":64}",164,149,0.9085365853658537,0,60,15,0,0,0,0,0,15,0,125,83,34.5,76.09999999999997,0.0,45.2999999999999,73782,6973,100,0,False,F1,202608243,True,False,True,0.4267515923566879,0.0,0.0,0.0,UNACHIEVABLE,UNACHIEVABLE,UNACHIEVABLE
F1_seed_202608243,DIAGNOSTIC_OOF_PARETO,s0.65_p0.55_e0.15_n0.10_f0.60_k2_h0.05,0.65,0.55,0.15,0.1,0.6,2,0.05,333,471,367,325,272,262,159,150,0.7791932059447984,0.6900212314225053,0.5774946921443737,0.5562632696390658,0.3375796178343949,0.3184713375796178,150,0.3184713375796178,"{""0.10"":165,""0.15"":156,""0.20"":150}","{""0.10"":52,""0.15"":43,""0.20"":55}","{""0.10"":0.3151515151515151,""0.15"":0.27564102564102566,""0.20"":0.36666666666666664}",0.27564102564102566,"{""left"":229,""right"":242}","{""left"":86,""right"":64}",164,149,0.9085365853658537,0,60,15,0,0,0,0,0,15,0,125,83,34.5,76.09999999999997,0.0,45.2999999999999,73782,6973,100,0,False,F1,202608243,True,False,True,0.4267515923566879,0.0,0.0,0.0,UNACHIEVABLE,UNACHIEVABLE,UNACHIEVABLE
F1_seed_202608243,DIAGNOSTIC_OOF_PARETO,s0.65_p0.55_e0.15_n0.10_f0.60_k3_h0.00,0.65,0.55,0.15,0.1,0.6,3,0.0,333,471,367,325,272,262,110,105,0.7791932059447984,0.6900212314225053,0.5774946921443737,0.5562632696390658,0.23354564755838642,0.2229299363057325,105,0.2229299363057325,"{""0.10"":165,""0.15"":156,""0.20"":150}","{""0.10"":39,""0.15"":29,""0.20"":37}","{""0.10"":0.23636363636363636,""0.15"":0.1858974358974359,""0.20"":0.24666666666666667}",0.1858974358974359,"{""left"":229,""right"":242}","{""left"":66,""right"":39}",115,104,0.9043478260869565,0,32,11,0,0,0,0,0,11,0,125,67,29.0,67.8,0.0,84.79999999999988,73782,6973,100,0,False,F1,202608243,True,False,True,0.4267515923566879,0.0,0.0,0.0,UNACHIEVABLE,UNACHIEVABLE,UNACHIEVABLE
F1_seed_202608243,DIAGNOSTIC_OOF_PARETO,s0.65_p0.55_e0.15_n0.10_f0.60_k3_h0.05,0.65,0.55,0.15,0.1,0.6,3,0.05,333,471,367,325,272,262,110,105,0.7791932059447984,0.6900212314225053,0.5774946921443737,0.5562632696390658,0.23354564755838642,0.2229299363057325,105,0.2229299363057325,"{""0.10"":165,""0.15"":156,""0.20"":150}","{""0.10"":39,""0.15"":29,""0.20"":37}","{""0.10"":0.23636363636363636,""0.15"":0.1858974358974359,""0.20"":0.24666666666666667}",0.1858974358974359,"{""left"":229,""right"":242}","{""left"":66,""right"":39}",115,104,0.9043478260869565,0,32,11,0,0,0,0,0,11,0,125,67,29.0,67.8,0.0,84.79999999999988,73782,6973,100,0,False,F1,202608243,True,False,True,0.4267515923566879,0.0,0.0,0.0,UNACHIEVABLE,UNACHIEVABLE,UNACHIEVABLE
F1_seed_202608243,DIAGNOSTIC_OOF_PARETO,s0.65_p0.55_e0.25_n0.20_f0.60_k1_h0.00,0.65,0.55,0.25,0.2,0.6,1,0.0,333,471,367,325,272,262,254,238,0.7791932059447984,0.6900212314225053,0.5774946921443737,0.5562632696390658,0.5392781316348195,0.505307855626327,238,0.505307855626327,"{""0.10"":165,""0.15"":156,""0.20"":150}","{""0.10"":76,""0.15"":78,""0.20"":84}","{""0.10"":0.46060606060606063,""0.15"":0.5,""0.20"":0.56}",0.46060606060606063,"{""left"":229,""right"":242}","{""left"":120,""right"":118}",257,229,0.8910505836575876,4,138,27,0,0,0,0,0,28,0,125,101,42.0,80.29999999999995,0.0,46.249999999999204,73782,6973,100,0,False,F1,202608243,True,False,True,0.4267515923566879,0.0,0.0,0.0,UNACHIEVABLE,UNACHIEVABLE,UNACHIEVABLE
F1_seed_202608243,DIAGNOSTIC_OOF_PARETO,s0.65_p0.55_e0.25_n0.20_f0.60_k1_h0.05,0.65,0.55,0.25,0.2,0.6,1,0.05,333,471,367,325,272,262,255,238,0.7791932059447984,0.6900212314225053,0.5774946921443737,0.5562632696390658,0.5414012738853503,0.505307855626327,238,0.505307855626327,"{""0.10"":165,""0.15"":156,""0.20"":150}","{""0.10"":76,""0.15"":78,""0.20"":84}","{""0.10"":0.46060606060606063,""0.15"":0.5,""0.20"":0.56}",0.46060606060606063,"{""left"":229,""right"":242}","{""left"":120,""right"":118}",257,229,0.8910505836575876,4,138,27,0,0,0,0,0,28,0,125,101,42.0,80.29999999999995,0.0,46.249999999999204,73782,6973,100,0,False,F1,202608243,True,False,True,0.4267515923566879,0.0,0.0,0.0,UNACHIEVABLE,UNACHIEVABLE,UNACHIEVABLE
F1_seed_202608243,DIAGNOSTIC_OOF_PARETO,s0.65_p0.55_e0.25_n0.20_f0.60_k2_h0.00,0.65,0.55,0.25,0.2,0.6,2,0.0,333,471,367,325,272,262,159,150,0.7791932059447984,0.6900212314225053,0.5774946921443737,0.5562632696390658,0.3375796178343949,0.3184713375796178,150,0.3184713375796178,"{""0.10"":165,""0.15"":156,""0.20"":150}","{""0.10"":52,""0.15"":43,""0.20"":55}","{""0.10"":0.3151515151515151,""0.15"":0.27564102564102566,""0.20"":0.36666666666666664}",0.27564102564102566,"{""left"":229,""right"":242}","{""left"":86,""right"":64}",164,149,0.9085365853658537,0,60,15,0,0,0,0,0,15,0,125,83,34.5,76.09999999999997,0.0,45.2999999999999,73782,6973,100,0,False,F1,202608243,True,False,True,0.4267515923566879,0.0,0.0,0.0,UNACHIEVABLE,UNACHIEVABLE,UNACHIEVABLE
F1_seed_202608243,DIAGNOSTIC_OOF_PARETO,s0.65_p0.55_e0.25_n0.20_f0.60_k2_h0.05,0.65,0.55,0.25,0.2,0.6,2,0.05,333,471,367,325,272,262,159,150,0.7791932059447984,0.6900212314225053,0.5774946921443737,0.5562632696390658,0.3375796178343949,0.3184713375796178,150,0.3184713375796178,"{""0.10"":165,""0.15"":156,""0.20"":150}","{""0.10"":52,""0.15"":43,""0.20"":55}","{""0.10"":0.3151515151515151,""0.15"":0.27564102564102566,""0.20"":0.36666666666666664}",0.27564102564102566,"{""left"":229,""right"":242}","{""left"":86,""right"":64}",164,149,0.9085365853658537,0,60,15,0,0,0,0,0,15,0,125,83,34.5,76.09999999999997,0.0,45.2999999999999,73782,6973,100,0,False,F1,202608243,True,False,True,0.4267515923566879,0.0,0.0,0.0,UNACHIEVABLE,UNACHIEVABLE,UNACHIEVABLE
F1_seed_202608243,DIAGNOSTIC_OOF_PARETO,s0.65_p0.55_e0.25_n0.20_f0.60_k3_h0.00,0.65,0.55,0.25,0.2,0.6,3,0.0,333,471,367,325,272,262,110,105,0.7791932059447984,0.6900212314225053,0.5774946921443737,0.5562632696390658,0.23354564755838642,0.2229299363057325,105,0.2229299363057325,"{""0.10"":165,""0.15"":156,""0.20"":150}","{""0.10"":39,""0.15"":29,""0.20"":37}","{""0.10"":0.23636363636363636,""0.15"":0.1858974358974359,""0.20"":0.24666666666666667}",0.1858974358974359,"{""left"":229,""right"":242}","{""left"":66,""right"":39}",115,104,0.9043478260869565,0,32,11,0,0,0,0,0,11,0,125,67,29.0,67.8,0.0,84.79999999999988,73782,6973,100,0,False,F1,202608243,True,False,True,0.4267515923566879,0.0,0.0,0.0,UNACHIEVABLE,UNACHIEVABLE,UNACHIEVABLE
F1_seed_202608243,DIAGNOSTIC_OOF_PARETO,s0.65_p0.55_e0.25_n0.20_f0.60_k3_h0.05,0.65,0.55,0.25,0.2,0.6,3,0.05,333,471,367,325,272,262,110,105,0.7791932059447984,0.6900212314225053,0.5774946921443737,0.5562632696390658,0.23354564755838642,0.2229299363057325,105,0.2229299363057325,"{""0.10"":165,""0.15"":156,""0.20"":150}","{""0.10"":39,""0.15"":29,""0.20"":37}","{""0.10"":0.23636363636363636,""0.15"":0.1858974358974359,""0.20"":0.24666666666666667}",0.1858974358974359,"{""left"":229,""right"":242}","{""left"":66,""right"":39}",115,104,0.9043478260869565,0,32,11,0,0,0,0,0,11,0,125,67,29.0,67.8,0.0,84.79999999999988,73782,6973,100,0,False,F1,202608243,True,False,True,0.4267515923566879,0.0,0.0,0.0,UNACHIEVABLE,UNACHIEVABLE,UNACHIEVABLE
F1_seed_202608243,DIAGNOSTIC_OOF_PARETO,s0.55_p0.65_e0.15_n0.10_f0.60_k1_h0.00,0.55,0.65,0.15,0.1,0.6,1,0.0,333,471,367,277,243,233,228,214,0.7791932059447984,0.5881104033970276,0.5159235668789809,0.49469214437367304,0.4840764331210191,0.4543524416135881,214,0.4543524416135881,"{""0.10"":165,""0.15"":156,""0.20"":150}","{""0.10"":71,""0.15"":66,""0.20"":77}","{""0.10"":0.4303030303030303,""0.15"":0.4230769230769231,""0.20"":0.5133333333333333}",0.4230769230769231,"{""left"":229,""right"":242}","{""left"":105,""right"":109}",233,207,0.8884120171673819,4,129,25,0,0,0,0,0,26,0,125,92,45.0,80.35,0.0,91.69999999999999,73782,6973,100,0,False,F1,202608243,True,False,True,0.4267515923566879,0.0,0.0,0.0,UNACHIEVABLE,UNACHIEVABLE,UNACHIEVABLE
F1_seed_202608243,DIAGNOSTIC_OOF_PARETO,s0.55_p0.65_e0.15_n0.10_f0.60_k1_h0.05,0.55,0.65,0.15,0.1,0.6,1,0.05,333,471,367,277,243,233,228,214,0.7791932059447984,0.5881104033970276,0.5159235668789809,0.49469214437367304,0.4840764331210191,0.4543524416135881,214,0.4543524416135881,"{""0.10"":165,""0.15"":156,""0.20"":150}","{""0.10"":71,""0.15"":66,""0.20"":77}","{""0.10"":0.4303030303030303,""0.15"":0.4230769230769231,""0.20"":0.5133333333333333}",0.4230769230769231,"{""left"":229,""right"":242}","{""left"":105,""right"":109}",233,207,0.8884120171673819,4,129,25,0,0,0,0,0,26,0,125,92,45.0,80.35,0.0,91.69999999999999,73782,6973,100,0,False,F1,202608243,True,False,True,0.4267515923566879,0.0,0.0,0.0,UNACHIEVABLE,UNACHIEVABLE,UNACHIEVABLE
F1_seed_202608243,DIAGNOSTIC_OOF_PARETO,s0.55_p0.65_e0.15_n0.10_f0.60_k2_h0.00,0.55,0.65,0.15,0.1,0.6,2,0.0,333,471,367,277,243,233,134,124,0.7791932059447984,0.5881104033970276,0.5159235668789809,0.49469214437367304,0.28450106157112526,0.2632696390658174,124,0.2632696390658174,"{""0.10"":165,""0.15"":156,""0.20"":150}","{""0.10"":48,""0.15"":32,""0.20"":44}","{""0.10"":0.2909090909090909,""0.15"":0.20512820512820512,""0.20"":0.29333333333333333}",0.20512820512820512,"{""left"":229,""right"":242}","{""left"":67,""right"":57}",135,123,0.9111111111111111,0,51,14,0,0,0,0,0,12,0,125,70,35.0,73.0,0.0,115.34999999999994,73782,6973,100,0,False,F1,202608243,True,False,True,0.4267515923566879,0.0,0.0,0.0,UNACHIEVABLE,UNACHIEVABLE,UNACHIEVABLE
F1_seed_202608243,DIAGNOSTIC_OOF_PARETO,s0.55_p0.65_e0.15_n0.10_f0.60_k2_h0.05,0.55,0.65,0.15,0.1,0.6,2,0.05,333,471,367,277,243,233,134,124,0.7791932059447984,0.5881104033970276,0.5159235668789809,0.49469214437367304,0.28450106157112526,0.2632696390658174,124,0.2632696390658174,"{""0.10"":165,""0.15"":156,""0.20"":150}","{""0.10"":48,""0.15"":32,""0.20"":44}","{""0.10"":0.2909090909090909,""0.15"":0.20512820512820512,""0.20"":0.29333333333333333}",0.20512820512820512,"{""left"":229,""right"":242}","{""left"":67,""right"":57}",135,123,0.9111111111111111,0,51,14,0,0,0,0,0,12,0,125,70,35.0,73.0,0.0,115.34999999999994,73782,6973,100,0,False,F1,202608243,True,False,True,0.4267515923566879,0.0,0.0,0.0,UNACHIEVABLE,UNACHIEVABLE,UNACHIEVABLE
F1_seed_202608243,DIAGNOSTIC_OOF_PARETO,s0.55_p0.65_e0.15_n0.10_f0.60_k3_h0.00,0.55,0.65,0.15,0.1,0.6,3,0.0,333,471,367,277,243,233,93,87,0.7791932059447984,0.5881104033970276,0.5159235668789809,0.49469214437367304,0.19745222929936307,0.18471337579617833,87,0.18471337579617833,"{""0.10"":165,""0.15"":156,""0.20"":150}","{""0.10"":35,""0.15"":21,""0.20"":31}","{""0.10"":0.21212121212121213,""0.15"":0.1346153846153846,""0.20"":0.20666666666666667}",0.1346153846153846,"{""left"":229,""right"":242}","{""left"":52,""right"":35}",96,87,0.90625,0,25,10,0,0,0,0,0,9,0,125,53,27.0,65.80000000000001,0.0,123.70000000000003,73782,6973,100,0,False,F1,202608243,True,False,True,0.4267515923566879,0.0,0.0,0.0,UNACHIEVABLE,UNACHIEVABLE,UNACHIEVABLE
F1_seed_202608243,DIAGNOSTIC_OOF_PARETO,s0.55_p0.65_e0.15_n0.10_f0.60_k3_h0.05,0.55,0.65,0.15,0.1,0.6,3,0.05,333,471,367,277,243,233,93,87,0.7791932059447984,0.5881104033970276,0.5159235668789809,0.49469214437367304,0.19745222929936307,0.18471337579617833,87,0.18471337579617833,"{""0.10"":165,""0.15"":156,""0.20"":150}","{""0.10"":35,""0.15"":21,""0.20"":31}","{""0.10"":0.21212121212121213,""0.15"":0.1346153846153846,""0.20"":0.20666666666666667}",0.1346153846153846,"{""left"":229,""right"":242}","{""left"":52,""right"":35}",96,87,0.90625,0,25,10,0,0,0,0,0,9,0,125,53,27.0,65.80000000000001,0.0,123.70000000000003,73782,6973,100,0,False,F1,202608243,True,False,True,0.4267515923566879,0.0,0.0,0.0,UNACHIEVABLE,UNACHIEVABLE,UNACHIEVABLE
F1_seed_202608243,DIAGNOSTIC_OOF_PARETO,s0.55_p0.65_e0.25_n0.20_f0.60_k1_h0.00,0.55,0.65,0.25,0.2,0.6,1,0.0,333,471,367,277,240,230,225,211,0.7791932059447984,0.5881104033970276,0.5095541401273885,0.4883227176220807,0.47770700636942676,0.44798301486199577,211,0.44798301486199577,"{""0.10"":165,""0.15"":156,""0.20"":150}","{""0.10"":69,""0.15"":66,""0.20"":76}","{""0.10"":0.41818181818181815,""0.15"":0.4230769230769231,""0.20"":0.5066666666666667}",0.41818181818181815,"{""left"":229,""right"":242}","{""left"":105,""right"":106}",230,204,0.8869565217391304,4,128,25,0,0,0,0,0,26,0,125,92,45.0,80.5,0.0,92.0,73782,6973,100,0,False,F1,202608243,True,False,True,0.4267515923566879,0.0,0.0,0.0,UNACHIEVABLE,UNACHIEVABLE,UNACHIEVABLE
F1_seed_202608243,DIAGNOSTIC_OOF_PARETO,s0.55_p0.65_e0.25_n0.20_f0.60_k1_h0.05,0.55,0.65,0.25,0.2,0.6,1,0.05,333,471,367,277,240,230,225,211,0.7791932059447984,0.5881104033970276,0.5095541401273885,0.4883227176220807,0.47770700636942676,0.44798301486199577,211,0.44798301486199577,"{""0.10"":165,""0.15"":156,""0.20"":150}","{""0.10"":69,""0.15"":66,""0.20"":76}","{""0.10"":0.41818181818181815,""0.15"":0.4230769230769231,""0.20"":0.5066666666666667}",0.41818181818181815,"{""left"":229,""right"":242}","{""left"":105,""right"":106}",230,204,0.8869565217391304,4,128,25,0,0,0,0,0,26,0,125,92,45.0,80.5,0.0,92.0,73782,6973,100,0,False,F1,202608243,True,False,True,0.4267515923566879,0.0,0.0,0.0,UNACHIEVABLE,UNACHIEVABLE,UNACHIEVABLE
F1_seed_202608243,DIAGNOSTIC_OOF_PARETO,s0.55_p0.65_e0.25_n0.20_f0.60_k2_h0.00,0.55,0.65,0.25,0.2,0.6,2,0.0,333,471,367,277,240,230,134,124,0.7791932059447984,0.5881104033970276,0.5095541401273885,0.4883227176220807,0.28450106157112526,0.2632696390658174,124,0.2632696390658174,"{""0.10"":165,""0.15"":156,""0.20"":150}","{""0.10"":48,""0.15"":32,""0.20"":44}","{""0.10"":0.2909090909090909,""0.15"":0.20512820512820512,""0.20"":0.29333333333333333}",0.20512820512820512,"{""left"":229,""right"":242}","{""left"":67,""right"":57}",135,123,0.9111111111111111,0,50,14,0,0,0,0,0,12,0,125,70,34.5,73.0,0.0,115.34999999999994,73782,6973,100,0,False,F1,202608243,True,False,True,0.4267515923566879,0.0,0.0,0.0,UNACHIEVABLE,UNACHIEVABLE,UNACHIEVABLE
F1_seed_202608243,DIAGNOSTIC_OOF_PARETO,s0.55_p0.65_e0.25_n0.20_f0.60_k2_h0.05,0.55,0.65,0.25,0.2,0.6,2,0.05,333,471,367,277,240,230,134,124,0.7791932059447984,0.5881104033970276,0.5095541401273885,0.4883227176220807,0.28450106157112526,0.2632696390658174,124,0.2632696390658174,"{""0.10"":165,""0.15"":156,""0.20"":150}","{""0.10"":48,""0.15"":32,""0.20"":44}","{""0.10"":0.2909090909090909,""0.15"":0.20512820512820512,""0.20"":0.29333333333333333}",0.20512820512820512,"{""left"":229,""right"":242}","{""left"":67,""right"":57}",135,123,0.9111111111111111,0,50,14,0,0,0,0,0,12,0,125,70,34.5,73.0,0.0,115.34999999999994,73782,6973,100,0,False,F1,202608243,True,False,True,0.4267515923566879,0.0,0.0,0.0,UNACHIEVABLE,UNACHIEVABLE,UNACHIEVABLE
F1_seed_202608243,DIAGNOSTIC_OOF_PARETO,s0.55_p0.65_e0.25_n0.20_f0.60_k3_h0.00,0.55,0.65,0.25,0.2,0.6,3,0.0,333,471,367,277,240,230,93,87,0.7791932059447984,0.5881104033970276,0.5095541401273885,0.4883227176220807,0.19745222929936307,0.18471337579617833,87,0.18471337579617833,"{""0.10"":165,""0.15"":156,""0.20"":150}","{""0.10"":35,""0.15"":21,""0.20"":31}","{""0.10"":0.21212121212121213,""0.15"":0.1346153846153846,""0.20"":0.20666666666666667}",0.1346153846153846,"{""left"":229,""right"":242}","{""left"":52,""right"":35}",96,87,0.90625,0,25,10,0,0,0,0,0,9,0,125,53,27.0,65.80000000000001,0.0,123.70000000000003,73782,6973,100,0,False,F1,202608243,True,False,True,0.4267515923566879,0.0,0.0,0.0,UNACHIEVABLE,UNACHIEVABLE,UNACHIEVABLE
F1_seed_202608243,DIAGNOSTIC_OOF_PARETO,s0.55_p0.65_e0.25_n0.20_f0.60_k3_h0.05,0.55,0.65,0.25,0.2,0.6,3,0.05,333,471,367,277,240,230,93,87,0.7791932059447984,0.5881104033970276,0.5095541401273885,0.4883227176220807,0.19745222929936307,0.18471337579617833,87,0.18471337579617833,"{""0.10"":165,""0.15"":156,""0.20"":150}","{""0.10"":35,""0.15"":21,""0.20"":31}","{""0.10"":0.21212121212121213,""0.15"":0.1346153846153846,""0.20"":0.20666666666666667}",0.1346153846153846,"{""left"":229,""right"":242}","{""left"":52,""right"":35}",96,87,0.90625,0,25,10,0,0,0,0,0,9,0,125,53,27.0,65.80000000000001,0.0,123.70000000000003,73782,6973,100,0,False,F1,202608243,True,False,True,0.4267515923566879,0.0,0.0,0.0,UNACHIEVABLE,UNACHIEVABLE,UNACHIEVABLE
