endpoint_row,sample,foot,runtime_episode_id,physical_episode_id,normal_score,early_score,actionable_score,active_score,foot_score,proposal_score,persistence_count,valid_mask,prefall_mask,loaded_mask,touchdown_mask,transition_case,unique_g0_owner,data_quality_valid,run_id,fold,speed_mps,post_fall,invalid,wrong_case,owner_mismatch,latency_ms,attribution
6,259,1,2,1,2.4815588682364088e-14,6.709193649997455e-11,0.8059978303769669,0.19400216955591643,0.8949688435107706,0.9917017699649499,2,True,True,True,False,,True,True,ice_native_0p10_v00,0,0.1,False,False,False,False,36,VALID_EVENT_OUTPUT
26,459,0,6,6,1.5988859141334953e-39,1.45565969595245e-08,0.9999464836066695,5.350183673373205e-05,0.9943728356367741,0.999388565299527,2,True,True,True,False,,False,True,ice_native_0p10_v00,0,0.1,False,False,False,True,,NORMAL_CONTACT_FP
30,499,0,7,7,2.682017048255005e-35,7.151430197156015e-17,0.9999565886785526,4.34113214473827e-05,0.9996451680588907,0.9984667709681653,2,True,True,True,False,,False,True,ice_native_0p10_v00,0,0.1,False,False,False,True,-6,VALID_EVENT_OUTPUT
48,679,1,11,9,3.8256570442252617e-28,0.00409115781067428,0.9955878678774595,0.000320974311866436,0.9959969446699785,0.995830371590657,2,True,True,True,False,,False,True,ice_native_0p10_v00,0,0.1,False,False,False,True,48,VALID_EVENT_OUTPUT
88,1079,0,20,20,1.0989278543948434e-27,5.208949594859515e-07,0.9010609835722767,0.09893849553276368,0.9667169435175783,0.8716225013407907,2,True,True,True,False,,True,True,ice_native_0p10_v00,0,0.1,False,False,False,False,-11,VALID_EVENT_OUTPUT
103,1229,1,23,20,4.852976808071799e-15,0.017183016302529167,0.8267646594241962,0.15605232427326973,0.9237892969163928,0.776095442596581,2,True,True,True,False,,False,True,ice_native_0p10_v00,0,0.1,False,False,False,True,-26,VALID_EVENT_OUTPUT
140,1599,0,33,33,1.173195052135016e-10,1.1925074261567146e-05,0.9999879671299647,1.0767845431187879e-07,0.964432956908165,0.974610537960463,2,True,True,True,False,,True,True,ice_native_0p10_v00,0,0.1,False,False,False,False,-39,VALID_EVENT_OUTPUT
184,2039,0,63,62,0.0,0.0,1.0,0.0,1.0,1.0,2,True,True,True,False,,True,True,ice_native_0p10_v00,0,0.1,False,False,False,False,,NORMAL_CONTACT_FP
26,459,0,7,7,1.582214010001262e-37,2.3215398452286489e-07,0.9999938737065535,5.894139462075656e-06,0.9964787369993441,0.9963244723432989,2,True,True,True,False,,True,True,ice_native_0p15_v00,0,0.15,False,False,False,False,-13,VALID_EVENT_OUTPUT
49,689,1,11,8,1.0922245388425498e-27,0.10140400660448287,0.877299647327749,0.021296346067768042,0.993528983318668,0.8182709035202005,2,True,True,True,False,,False,True,ice_native_0p15_v00,0,0.15,False,False,False,True,86,VALID_EVENT_OUTPUT
84,1039,0,23,22,5.6415855004037795e-22,0.01363322527936797,0.9856678705149038,0.000698904205728195,0.6895062985332371,0.5816796718753654,2,True,True,True,False,,True,True,ice_native_0p15_v00,0,0.15,False,False,False,False,125,VALID_EVENT_OUTPUT
92,1119,0,24,23,8.817577013021121e-27,6.463483630185703e-13,0.9978930469086386,0.002106953090715196,0.7405143639885786,0.946830688335027,2,True,True,True,False,,False,True,ice_native_0p15_v00,0,0.15,False,False,False,True,,NORMAL_CONTACT_FP
105,1249,1,25,21,9.584484144351117e-22,7.994726703501901e-05,0.9997743516378879,0.00014570109507710453,0.9921610786444088,0.995654797750328,2,True,True,True,False,,False,True,ice_native_0p15_v00,0,0.15,False,False,False,True,-39,VALID_EVENT_OUTPUT
138,1579,0,38,37,1.9090408174554397e-20,2.7639304136252855e-05,0.9999672614075995,5.09928826417081e-06,0.9858354423780193,0.9992403056275683,2,True,True,True,False,,True,True,ice_native_0p15_v00,0,0.15,False,False,False,False,-50,VALID_EVENT_OUTPUT
162,1819,1,40,35,1.159919261020856e-24,0.00033906063689964074,0.9984168741842654,0.001244065178834984,0.915601977235594,0.834695165959867,2,True,True,True,False,,False,True,ice_native_0p15_v00,0,0.15,False,False,False,True,-31,VALID_EVENT_OUTPUT
203,2229,0,43,40,2.1326132466068723e-39,0.007267999787182023,0.9921972825703108,0.000534717642507204,0.9813417235972024,0.9539596211132175,2,True,True,True,False,,True,True,ice_native_0p15_v00,0,0.15,False,False,False,False,-53,VALID_EVENT_OUTPUT
220,2399,0,46,40,9.866728167444329e-29,1.2433070425928692e-22,0.7910315387520024,0.20896846124799762,0.9454910140636211,0.8822170060016283,2,True,True,True,False,,False,True,ice_native_0p15_v00,0,0.15,False,False,False,True,117,VALID_EVENT_OUTPUT
257,2769,0,65,57,9.391086948316529e-39,0.003723300726547969,0.9962753349759037,1.3642975483975016e-06,0.8256912550315004,0.9737139773561264,2,True,True,True,False,,True,True,ice_native_0p15_v00,0,0.15,False,False,False,False,,NORMAL_CONTACT_FP
27,469,0,5,6,9.118008446592085e-37,1.8115290333680992e-09,0.999999893063593,1.0512487798953743e-07,0.9940911639697633,0.9991070288014307,2,True,True,True,False,,True,True,ice_native_0p20_v00,0,0.2,False,False,False,False,-9,VALID_EVENT_OUTPUT
32,519,0,6,7,7.711818988244765e-25,2.705495185576489e-21,0.7002249715418237,0.2997750284581764,0.9987976656932228,0.9658303907374571,2,True,True,True,False,,False,True,ice_native_0p20_v00,0,0.2,False,False,False,True,4,VALID_EVENT_OUTPUT
35,549,1,12,10,1.70441477585797e-26,0.06578471719187585,0.8563812332843943,0.07783404952372985,0.9710770839713684,0.9942366348913507,2,True,True,True,False,,False,True,ice_native_0p20_v00,0,0.2,False,False,False,True,-45,VALID_EVENT_OUTPUT
84,1039,0,18,18,1.4480273773110108e-28,1.998099604496277e-06,0.9995579497200325,0.00044005218036302125,0.9483522332415698,0.9828261652356437,2,True,True,True,False,,True,True,ice_native_0p20_v00,0,0.2,False,False,False,False,,NORMAL_CONTACT_FP
93,1129,0,19,18,4.910476515060269e-26,8.572160482351294e-10,0.9992249045538888,0.0007750945888952902,0.9730592781694751,0.9985500158195078,2,True,True,True,False,,False,True,ice_native_0p20_v00,0,0.2,False,False,False,True,,NORMAL_CONTACT_FP
106,1259,1,33,31,6.976263859856359e-20,0.0015722919089223076,0.9975997658817513,0.0008279422093264775,0.9430286054442327,0.9723304368371406,2,True,True,True,False,,False,True,ice_native_0p20_v00,0,0.2,False,False,False,True,-78,VALID_EVENT_OUTPUT
137,1569,0,26,25,8.181668289233544e-19,1.300883601442276e-10,0.9999982633192819,1.7365506296908254e-06,0.9749438690759527,0.9982562277874775,2,True,True,True,False,,True,True,ice_native_0p20_v00,0,0.2,False,False,False,False,-72,VALID_EVENT_OUTPUT
162,1819,1,43,41,1.390692392538556e-09,0.013281238106865496,0.9854466158589472,0.0012721446434949223,0.6403217566907287,0.8749796273510179,2,True,True,True,False,,False,True,ice_native_0p20_v00,0,0.2,False,False,False,True,-83,VALID_EVENT_OUTPUT
183,2029,1,44,41,1.1232556188941804e-21,4.3057956795975567e-07,0.987069973057505,0.01292959636292699,0.9696002224826821,0.9946395510799697,2,True,True,True,False,,True,True,ice_native_0p20_v00,0,0.2,False,False,False,False,127,VALID_EVENT_OUTPUT
200,2199,0,30,29,0.0,0.0,1.0,0.0,1.0,1.0,2,True,True,True,False,,True,True,ice_native_0p20_v00,0,0.2,False,False,False,False,,NORMAL_CONTACT_FP
1,209,1,1,0,5.579995985779273e-11,1.5728262525121103e-12,0.7062714366835877,0.2937285632590395,0.9694659274711536,0.5677561979377369,2,True,True,True,False,,True,True,ice_native_0p10_v01,1,0.1,False,False,False,False,-21,VALID_EVENT_OUTPUT
14,339,0,2,2,1.7900336654162792e-07,3.3773806261198186e-08,0.9994617485631141,0.0005380386597132602,0.9366660372449928,0.9402379195385765,2,True,True,True,False,,True,True,ice_native_0p10_v01,1,0.1,False,False,False,False,-21,VALID_EVENT_OUTPUT
33,529,1,11,9,8.5250404156546095e-16,0.0003085033042780574,0.992473566614029,0.007217930081692048,0.9616842671836199,0.8745697324171278,2,True,True,True,False,,False,True,ice_native_0p10_v01,1,0.1,False,False,False,True,,NORMAL_CONTACT_FP
39,589,1,12,10,8.337286886396786e-10,0.00018271962831214016,0.4709017595434705,0.5289155199944886,0.8862265215335386,0.6301135542870419,2,True,True,True,False,,False,True,ice_native_0p10_v01,1,0.1,False,False,False,True,,TOO_EARLY
69,889,0,21,19,2.0881563889443318e-24,0.004476325769757335,0.9952683484579518,0.00025532577229100343,0.9972719734465514,0.9978989566409879,2,True,True,True,False,,True,True,ice_native_0p10_v01,1,0.1,False,False,False,False,-72,VALID_EVENT_OUTPUT
80,999,0,22,20,2.6241159142035044e-35,7.127127796090057e-15,0.9952271688077913,0.00477283119220168,0.993110222616867,0.9601730565417108,2,True,True,True,False,,True,True,ice_native_0p10_v01,1,0.1,False,False,False,False,,NORMAL_CONTACT_FP
83,1029,0,23,21,5.936672096466931e-38,8.690823304666028e-23,0.47719299653402597,0.5228070034659741,0.9323295945384441,0.6968755274708779,2,True,True,True,False,,True,True,ice_native_0p10_v01,1,0.1,False,False,False,False,,NORMAL_CONTACT_FP
120,1399,1,21,17,3.2653285972908427e-22,4.103922167940228e-15,0.9422348744362526,0.057765125563743074,0.7409874831135874,0.869489507033735,2,True,True,True,False,,True,True,ice_native_0p10_v01,1,0.1,False,False,False,False,,NORMAL_CONTACT_FP
124,1439,1,22,18,2.339744958408479e-14,2.6416159255129944e-13,0.9999301230242937,6.987697541858545e-05,0.6033826586939262,0.9876224221676163,2,True,True,True,False,,True,True,ice_native_0p10_v01,1,0.1,False,False,False,False,-50,VALID_EVENT_OUTPUT
139,1589,0,29,27,2.3395963235049293e-17,5.315617704936995e-05,0.9999450796823359,1.764140614802428e-06,0.9963648023083242,0.9857921879816094,2,True,True,True,False,,True,True,ice_native_0p10_v01,1,0.1,False,False,False,False,-24,VALID_EVENT_OUTPUT
170,1899,1,25,21,2.2286333320382895e-35,1.3524937872690774e-28,0.9999648548421268,3.5145157873325534e-05,0.9968346004174621,0.9877404637661777,2,True,True,True,False,,True,True,ice_native_0p10_v01,1,0.1,False,False,False,False,141,VALID_EVENT_OUTPUT
181,2009,1,37,33,4.560057364158997e-26,1.3929257677855334e-16,0.9999997449190319,2.550809679786542e-07,0.9874427406450661,0.9976197345604212,2,True,True,True,False,,False,True,ice_native_0p10_v01,1,0.1,False,False,False,True,-79,VALID_EVENT_OUTPUT
183,2029,0,54,50,1.0164136142636531e-26,0.00379436021340694,0.984075331475853,0.012130308310740058,0.9999465657242597,0.8321050813500424,3,True,True,True,False,,False,True,ice_native_0p10_v01,1,0.1,False,False,False,True,-55,VALID_EVENT_OUTPUT
257,2769,0,63,58,4.442832055254377e-15,1.2058675247061373e-05,0.999953594880191,3.434644455747186e-05,0.9879770194140155,0.9997190960393733,2,True,True,True,False,,True,True,ice_native_0p10_v01,1,0.1,False,False,False,False,0,VALID_EVENT_OUTPUT
114,1339,0,1,1,1.594997672367921e-17,9.219522077186419e-05,0.9543210931385808,0.045586711640647384,0.999829834947687,0.9325261280619097,2,True,True,True,False,,False,True,sand_solref_interpolation_3of4_stronger_v2_0p10_v01,1,0.1,False,False,False,True,-3,VALID_EVENT_OUTPUT
136,1559,0,3,2,3.651010576727826e-107,2.1917389131541616e-41,0.9999391695550085,6.083044499157112e-05,0.9942324771700339,0.9999999882945606,2,True,True,True,False,,True,True,sand_solref_interpolation_3of4_stronger_v2_0p10_v01,1,0.1,True,False,False,False,,POST_FALL_ADVISORY
163,1829,0,5,3,2.4961888145982444e-200,4.9804276025605205e-88,0.9997655892109347,0.00023441078906530837,1.0,1.0,2,True,True,True,False,,True,True,sand_solref_interpolation_3of4_stronger_v2_0p10_v01,1,0.1,True,False,False,False,,POST_FALL_ADVISORY
80,999,0,1,1,9.092484249969793e-06,0.01335515110004779,0.9866133162103999,2.2440205302110316e-05,0.9686965608612593,0.5521534724020919,2,True,True,True,False,,False,True,sand_solref_interpolation_5of6_stronger_v2_0p10_v01,1,0.1,False,False,False,True,,TOO_EARLY
155,1749,0,3,3,1.4975347625272712e-119,3.517379070492273e-87,0.999999997668823,2.331177037080999e-09,0.9999999793320395,1.0,2,True,True,True,False,,True,True,sand_solref_interpolation_5of6_stronger_v2_0p10_v01,1,0.1,True,False,False,False,,POST_FALL_ADVISORY
14,339,0,2,3,5.98977872506496e-11,2.213370985251402e-09,0.9998576531127794,0.00014234461395185483,0.9761049730406605,0.9827812571919754,2,True,True,True,False,,True,True,ice_native_0p15_v01,1,0.15,False,False,False,False,-20,VALID_EVENT_OUTPUT
44,639,1,9,7,1.023933453640193e-27,1.819177721216227e-07,0.5374512620657965,0.4625485560164313,0.9997384967892898,0.6864492661593369,2,True,True,True,False,,True,True,ice_native_0p15_v01,1,0.15,False,False,False,False,122,VALID_EVENT_OUTPUT
68,879,0,19,18,2.685304973274146e-19,2.2682487220953433e-05,0.999970169745094,7.147767685181427e-06,0.9346616091163436,0.9985139404441582,2,True,True,True,False,,True,True,ice_native_0p15_v01,1,0.15,False,False,False,False,-89,VALID_EVENT_OUTPUT
80,999,0,20,19,1.368469837473937e-37,3.1137382693320474e-17,0.9609592916377002,0.039040708362299704,0.997899790656183,0.9713531340259614,2,True,True,True,False,,True,True,ice_native_0p15_v01,1,0.15,False,False,False,False,,NORMAL_CONTACT_FP
98,1179,1,16,13,2.407863056953059e-14,3.195917699810291e-11,0.5722419543164576,0.4277580456515591,0.9846275672803938,0.504912881693758,2,True,True,True,False,,False,True,ice_native_0p15_v01,1,0.15,False,False,False,True,-16,VALID_EVENT_OUTPUT
123,1429,1,17,13,1.564207976065593e-16,1.589442172250658e-11,0.9981768956722579,0.0018231043118473694,0.936961906564271,0.9979314461312204,2,True,True,True,False,,True,True,ice_native_0p15_v01,1,0.15,False,False,False,False,234,VALID_EVENT_OUTPUT
127,1469,1,18,13,1.0622137519718284e-26,2.5751708749882974e-18,0.9955550855921431,0.0044449144078570054,0.7181244886552635,0.9991898569134706,2,True,True,True,False,,True,True,ice_native_0p15_v01,1,0.15,False,False,False,False,274,VALID_EVENT_OUTPUT
170,1899,1,27,20,2.280533781020418e-33,4.4464986957137214e-26,0.9999999532202375,4.677976262540922e-08,0.8989785898753061,0.9997136092741445,2,True,True,True,False,,True,True,ice_native_0p15_v01,1,0.15,False,False,False,False,,NORMAL_CONTACT_FP
178,1979,1,33,26,4.020179666621424e-25,3.2720168450330303e-21,0.99994448046598,5.551953402001447e-05,0.9987102817580084,0.9820735004103913,2,True,True,True,False,,True,True,ice_native_0p15_v01,1,0.15,False,False,False,False,,NORMAL_CONTACT_FP
201,2209,0,48,46,7.344895536680761e-23,1.4284262919734516e-08,0.9555337462086764,0.04446623950706078,0.9957519879784915,0.9559164498291038,2,True,True,True,False,,True,True,ice_native_0p15_v01,1,0.15,False,False,False,False,,NORMAL_CONTACT_FP
213,2329,1,47,40,7.107621933136502e-34,8.984393497722351e-10,0.9999668197190901,3.317938247057328e-05,0.9996557793066314,0.9951708561658341,2,True,True,True,False,,True,True,ice_native_0p15_v01,1,0.15,False,False,False,False,,NORMAL_CONTACT_FP
261,2809,0,74,72,4.4226072460300935e-37,1.0646259515605815e-30,0.9999446499829364,5.535001706368215e-05,0.9998412762091029,0.892336943696479,2,True,True,True,False,,True,True,ice_native_0p15_v01,1,0.15,True,False,False,False,,POST_FALL_ADVISORY
111,1309,1,1,1,0.1336681825626741,0.2566509279892976,0.6096661333393842,1.4756108644129108e-05,0.9927895332704749,0.45314557642450237,2,True,True,True,False,,False,True,sand_solref_interpolation_2of3_0p15_v01,1,0.15,False,False,False,True,,TOO_EARLY
172,1919,1,2,2,1.341134150922946e-45,6.227846777860528e-37,0.9942506485412627,0.005749351458737363,0.9927879156604079,0.9403774719543718,2,True,True,True,False,,False,True,sand_solref_interpolation_2of3_0p15_v01,1,0.15,False,False,False,True,133,VALID_EVENT_OUTPUT
197,2169,0,22,21,1.8226943527917153e-30,5.303814808187459e-33,0.9999999962494912,3.750508697779793e-09,0.9999947100585007,0.9999999397399494,2,True,True,True,False,,True,True,sand_solref_interpolation_2of3_0p15_v01,1,0.15,True,False,False,False,,POST_FALL_ADVISORY
211,2309,1,3,3,8.746705953296796e-77,3.2388403337487797e-31,0.9999999548702989,4.5129700979623235e-08,0.9992322952481704,0.9999578073443817,2,True,True,True,False,,True,True,sand_solref_interpolation_2of3_0p15_v01,1,0.15,True,False,False,False,,POST_FALL_ADVISORY
258,2779,1,5,5,2.6327015509609827e-197,3.68345620132411e-74,1.0,8.426057629774464e-61,0.999999999998092,1.0,2,True,True,True,False,,True,True,sand_solref_interpolation_2of3_0p15_v01,1,0.15,True,False,False,False,,POST_FALL_ADVISORY
111,1309,1,1,1,0.06647199695153724,0.2271871365317163,0.7063319182915496,8.948225196787294e-06,0.9943359405541661,0.5603215782631581,2,True,True,True,False,,False,True,sand_solref_interpolation_3of4_stronger_v2_0p15_v01,1,0.15,False,False,False,True,,TOO_EARLY
172,1919,1,2,2,2.474196998346855e-60,4.913572937942945e-45,0.9891295292470488,0.010870470752951248,0.9999895318933781,0.6775068492854727,2,True,True,True,False,,True,True,sand_solref_interpolation_3of4_stronger_v2_0p15_v01,1,0.15,False,False,False,False,151,VALID_EVENT_OUTPUT
205,2249,1,3,3,2.987527010022891e-59,5.3335346614842405e-31,0.9999999981143821,1.885617861473649e-09,0.9999999150636737,0.9999999999999136,2,True,True,True,False,,True,True,sand_solref_interpolation_3of4_stronger_v2_0p15_v01,1,0.15,True,False,False,False,,POST_FALL_ADVISORY
247,2669,1,6,6,9.119467308999793e-113,5.235440206216601e-36,0.9999999999545872,4.541270552210693e-11,1.0,0.9999999999999998,2,True,True,True,False,,True,True,sand_solref_interpolation_3of4_stronger_v2_0p15_v01,1,0.15,True,False,False,False,,POST_FALL_ADVISORY
111,1309,1,1,1,0.02927732836157218,0.2303769462809645,0.7403385182051049,7.207152358435291e-06,0.9951613785999939,0.6102367641423115,2,True,True,True,False,,False,True,sand_solref_interpolation_5of6_stronger_v2_0p15_v01,1,0.15,False,False,False,True,,TOO_EARLY
170,1899,1,2,2,2.6590387037035836e-53,4.404978922324436e-50,0.9999270216398696,7.29783601305705e-05,0.9983715579923647,0.9897259791375836,2,True,True,True,False,,False,True,sand_solref_interpolation_5of6_stronger_v2_0p15_v01,1,0.15,False,False,False,True,136,VALID_EVENT_OUTPUT
202,2219,1,3,3,6.808195500660001e-33,6.314904341003854e-25,0.9999999999963474,3.652577730610173e-12,0.9999824323856421,0.999999999353858,2,True,True,True,False,,True,True,sand_solref_interpolation_5of6_stronger_v2_0p15_v01,1,0.15,True,False,False,False,,POST_FALL_ADVISORY
240,2599,1,5,5,1.7469897757655737e-116,6.358458088131097e-42,1.0,8.438052827926744e-17,1.0,1.0,2,True,True,True,False,,True,True,sand_solref_interpolation_5of6_stronger_v2_0p15_v01,1,0.15,True,False,False,False,,POST_FALL_ADVISORY
15,349,0,2,2,1.239524524180516e-13,2.9596037014005805e-05,0.9992165095731239,0.0007538943897383366,0.9991374509210618,0.9871406761456363,2,True,True,True,False,,True,True,ice_native_0p20_v01,1,0.2,False,False,False,False,-11,VALID_EVENT_OUTPUT
28,479,1,7,6,6.546150978773803e-34,1.0778254257438094e-05,0.9999892202149743,1.5307684356651118e-09,0.9549461760168474,0.9986441064228442,2,True,True,True,False,,False,True,ice_native_0p20_v01,1,0.2,False,False,False,True,-28,VALID_EVENT_OUTPUT
54,739,1,9,7,4.3679905990317654e-24,5.5548626306114784e-18,0.7887749534761371,0.21122504652386284,0.6297412212096012,0.8076434441864716,2,True,True,True,False,,True,True,ice_native_0p20_v01,1,0.2,False,False,False,False,,NORMAL_CONTACT_FP
76,959,0,11,10,8.641505774924278e-22,0.0009395703350280883,0.9986495314500233,0.00041089821494847166,0.9149676594830546,0.8971345561007849,2,True,True,True,False,,True,True,ice_native_0p20_v01,1,0.2,False,False,False,False,,NORMAL_CONTACT_FP
80,999,0,12,11,1.6698666991926189e-32,1.3791124188202227e-16,0.8634371735849612,0.13656282641503859,0.9963558560063503,0.8343773595783242,2,True,True,True,False,,True,True,ice_native_0p20_v01,1,0.2,False,False,False,False,,NORMAL_CONTACT_FP
93,1129,1,22,20,1.6315837204932345e-11,2.1108310932485375e-05,0.9861220906816079,0.013856800991143654,0.9463979497063267,0.8881737399366896,2,True,True,True,False,,False,True,ice_native_0p20_v01,1,0.2,False,False,False,True,-72,VALID_EVENT_OUTPUT
124,1439,1,23,21,3.1414689466971625e-20,6.533180163443301e-22,0.9996138223565404,0.0003861776434597446,0.6747428434508936,0.9993460679379687,2,True,True,True,False,,True,True,ice_native_0p20_v01,1,0.2,False,False,False,False,,NORMAL_CONTACT_FP
160,1799,1,36,34,6.344928933498847e-09,1.17276410228889e-08,0.9910098800124092,0.008990101915020768,0.9499926471983892,0.9992936053362019,2,True,True,True,False,,True,True,ice_native_0p20_v01,1,0.2,False,False,False,False,-14,VALID_EVENT_OUTPUT
170,1899,1,37,35,8.699487803514923e-42,4.921493069769927e-31,0.9945719862196052,0.0054280137803948145,0.9989582482007394,0.848230508058677,2,True,True,True,False,,True,True,ice_native_0p20_v01,1,0.2,False,False,False,False,,NORMAL_CONTACT_FP
197,2169,0,37,35,7.844878775469042e-44,1.2778929982732878e-13,0.9999996707611183,3.2923875384845933e-07,0.998243723147326,0.9999986051548089,2,True,True,True,False,,True,True,ice_native_0p20_v01,1,0.2,False,False,False,False,-33,VALID_EVENT_OUTPUT
206,2259,1,58,56,3.416950987586282e-13,2.8316814512904157e-09,0.9999999970624289,1.0554809999159653e-10,0.9853615755533081,0.9999566585325821,2,True,True,True,False,,False,True,ice_native_0p20_v01,1,0.2,False,False,False,True,-24,VALID_EVENT_OUTPUT
211,2309,1,59,57,4.452927416726243e-07,0.09819932411231137,0.9017994331903787,7.974045683268664e-07,0.9354943818636394,0.9656375063320559,2,True,True,True,False,,False,True,ice_native_0p20_v01,1,0.2,False,False,False,True,,NORMAL_CONTACT_FP
238,2579,1,62,58,1.4781734412897103e-20,4.1514493618102395e-16,0.6219436223970659,0.3780563776029337,0.7459502355683774,0.6671293297862646,2,True,True,True,False,,True,True,ice_native_0p20_v01,1,0.2,False,False,False,False,-7,VALID_EVENT_OUTPUT
276,2959,1,81,77,0.00890197554680566,0.004687096645228197,0.9458236922622055,0.04058723554576063,0.9410811612117075,0.8385190320048502,2,True,True,True,False,,False,True,ice_native_0p20_v01,1,0.2,False,False,False,True,,NORMAL_CONTACT_FP
3,229,0,1,1,9.069271463390248e-13,3.5932110888298453e-07,0.9999991584120316,4.822659527561211e-07,0.9270621126405963,0.9486742042331276,2,True,True,True,False,,True,True,ice_native_0p10_v02,2,0.1,False,False,False,False,-21,VALID_EVENT_OUTPUT
24,439,1,10,6,1.889255252979721e-16,0.009204928088154606,0.8793365122597601,0.11145855965208518,0.7574569281683163,0.770070861450764,2,True,True,True,False,,False,True,ice_native_0p10_v02,2,0.1,False,False,False,True,4,VALID_EVENT_OUTPUT
45,649,1,11,6,3.850732593933167e-24,1.3650848970223391e-11,0.9935596901312276,0.006440309855121668,0.8493611372255642,0.9905176719039178,2,True,True,True,False,,True,True,ice_native_0p10_v02,2,0.1,False,False,False,False,214,VALID_EVENT_OUTPUT
58,779,0,12,12,1.0656035645513124e-20,1.2014831335040348e-09,0.9828977994574625,0.017102199341054482,0.9738393960110978,0.9897796181682321,2,True,True,True,False,,True,True,ice_native_0p10_v02,2,0.1,False,False,False,False,,TOO_EARLY
80,999,1,27,21,4.967424757039733e-15,0.028218026083526537,0.9699169661212556,0.0018650077952128885,0.8287772503314684,0.6861085263223963,2,True,True,True,False,,False,True,ice_native_0p10_v02,2,0.1,False,False,False,True,-98,VALID_EVENT_OUTPUT
107,1269,1,28,22,1.7116663267273858e-18,2.2735070294475523e-09,0.7787548260773853,0.2212451716491075,0.9776232139811578,0.9300332423176587,2,True,True,True,False,,True,True,ice_native_0p10_v02,2,0.1,False,False,False,False,,NORMAL_CONTACT_FP
121,1409,0,18,18,6.3501044809528656e-21,1.659358389370019e-06,0.8654857793440437,0.13451256129756695,0.9478384813947571,0.4692066137836352,2,True,True,True,False,,True,True,ice_native_0p10_v02,2,0.1,False,False,False,False,-66,VALID_EVENT_OUTPUT
158,1779,1,37,31,7.393662788395263e-25,9.271273632217306e-14,0.4989705948434831,0.5010294051564241,0.9845822007467206,0.5904292744972878,2,True,True,True,False,,True,True,ice_native_0p10_v02,2,0.1,False,False,False,False,-54,VALID_EVENT_OUTPUT
169,1889,1,38,32,1.657323193583398e-30,3.693743186422412e-23,0.8216185831197383,0.1783814168802616,0.7045920632339233,0.7850132221883964,2,True,True,True,False,,True,True,ice_native_0p10_v02,2,0.1,False,False,False,False,-31,VALID_EVENT_OUTPUT
182,2019,0,30,24,5.219992042347716e-34,2.0685774376234258e-05,0.9999681343985402,1.1179827083691246e-05,0.9960930883925005,0.946105106683176,2,True,True,True,False,,True,True,ice_native_0p10_v02,2,0.1,False,False,False,False,-82,VALID_EVENT_OUTPUT
201,2209,1,46,39,1.6059144484154838e-18,0.034259504058688,0.9656967013036553,4.379463765694272e-05,0.8767191536710679,0.6636931077710051,2,True,True,True,False,,False,True,ice_native_0p10_v02,2,0.1,False,False,False,True,,TOO_EARLY
238,2579,0,54,45,4.925950053126873e-36,0.0007346446904262581,0.999262999361996,2.3559475775467164e-06,0.9740182597949557,0.9754225478751509,2,True,True,True,False,,True,True,ice_native_0p10_v02,2,0.1,False,False,False,False,-78,VALID_EVENT_OUTPUT
254,2739,1,59,48,7.883444341581925e-34,0.019976657605688716,0.9800205460611373,2.796333173931665e-06,0.8032192232980641,0.9873666262147635,2,True,True,True,False,,False,True,ice_native_0p10_v02,2,0.1,False,False,False,True,-77,VALID_EVENT_OUTPUT
166,1859,0,2,2,4.996897729427813e-12,0.018493706475897476,0.9813997913286602,0.0001065021904454804,0.9991529399684901,0.604462028359965,2,True,True,True,False,,False,True,sand_solref_interpolation_2of3_0p10_v02,2,0.1,False,False,False,True,-87,VALID_EVENT_OUTPUT
174,1939,1,4,3,2.90019775312571e-28,2.0101377644092e-11,0.9999866630484158,1.3336931482721308e-05,0.9947760111301468,0.906446806183402,2,True,True,True,False,,False,True,sand_solref_interpolation_2of3_0p10_v02,2,0.1,False,False,False,True,-23,VALID_EVENT_OUTPUT
203,2229,1,5,4,2.425906989629366e-47,3.9764518517437397e-25,1.0,7.740126323685232e-17,0.9998579008290085,0.9999999999999991,2,True,True,True,False,,False,True,sand_solref_interpolation_2of3_0p10_v02,2,0.1,True,False,False,True,,POST_FALL_ADVISORY
163,1829,0,2,2,1.042240597925575e-13,0.0024090927463694387,0.9975907795387355,1.2771479099491742e-07,0.9995370521660039,0.7602713680573547,2,True,True,True,False,,False,True,sand_solref_interpolation_3of4_stronger_v2_0p10_v02,2,0.1,False,False,False,True,,TOO_EARLY
176,1959,1,4,4,1.5577419716018271e-80,4.8018161181344997e-29,0.9999999773515423,2.264845780357971e-08,0.9999997638141187,0.9999995584178532,2,True,True,True,False,,False,True,sand_solref_interpolation_3of4_stronger_v2_0p10_v02,2,0.1,False,False,False,True,,NORMAL_CONTACT_FP
209,2289,0,3,3,4.6996723515526024e-73,3.862739913457048e-10,0.7266296475688718,0.2733703520448542,0.9998677684610602,0.9996635974224314,2,True,True,True,False,,False,True,sand_solref_interpolation_3of4_stronger_v2_0p10_v02,2,0.1,True,False,False,True,,POST_FALL_ADVISORY
159,1789,0,2,2,3.2566947321288583e-15,0.009026811285006833,0.9909682191303473,4.969584642755802e-06,0.9995657389026515,0.8158332861465037,2,True,True,True,False,,False,True,sand_solref_interpolation_5of6_stronger_v2_0p10_v02,2,0.1,False,False,False,True,,TOO_EARLY
249,2689,0,6,5,7.013349122721752e-130,1.8739229129652774e-53,0.9997775888011301,0.0002224111988699702,0.999996904675659,0.9999999929421697,2,True,True,True,False,,True,True,sand_solref_interpolation_5of6_stronger_v2_0p10_v02,2,0.1,True,False,False,False,,POST_FALL_ADVISORY
4,239,0,1,1,4.058701182835735e-12,8.333282900671826e-12,0.9999620623586719,3.793762893596918e-05,0.9947403559574586,0.9782352463252597,2,True,True,True,False,,True,True,ice_native_0p15_v02,2,0.15,False,False,False,False,-11,VALID_EVENT_OUTPUT
19,389,0,2,2,7.114101371417201e-28,7.065806140488559e-28,0.9310890535863336,0.06891094641366634,0.9980093036684593,0.8841973904250123,2,True,True,True,False,,False,True,ice_native_0p15_v02,2,0.15,False,False,False,True,-35,VALID_EVENT_OUTPUT
39,589,1,8,7,5.038577553329932e-17,0.0006741066467954575,0.9151863782044855,0.08413951514871894,0.9944661370579995,0.8969016136473739,2,True,True,True,False,,True,True,ice_native_0p15_v02,2,0.15,False,False,False,False,154,VALID_EVENT_OUTPUT
59,789,0,13,12,3.8846151729259937e-23,8.264410311348205e-09,0.992053856860187,0.007946134875402777,0.8508424636623177,0.994661887994027,2,True,True,True,False,,True,True,ice_native_0p15_v02,2,0.15,False,False,False,False,,NORMAL_CONTACT_FP
66,859,0,14,12,7.409818800037894e-28,1.7870657181909727e-14,0.9738023677869537,0.026197632213028205,0.9276359630721236,0.9943141278463951,2,True,True,True,False,,True,True,ice_native_0p15_v02,2,0.15,False,False,False,False,,NORMAL_CONTACT_FP
81,1009,1,21,20,1.0633827100338804e-10,0.0075835263464599555,0.9348756256561396,0.057540847891062105,0.9538823109248911,0.878236191452537,2,True,True,True,False,,False,True,ice_native_0p15_v02,2,0.15,False,False,False,True,-91,VALID_EVENT_OUTPUT
123,1429,0,19,16,4.1983143553210446e-19,2.8331420984084117e-07,0.6840313816948694,0.31596833499092075,0.9785766925742212,0.8342204502228748,2,True,True,True,False,,True,True,ice_native_0p15_v02,2,0.15,False,False,False,False,-99,VALID_EVENT_OUTPUT
147,1669,1,25,25,1.1531233723011853e-14,0.1988066557881905,0.8010893269448801,0.00010401726691783979,0.7766297088032297,0.78852855519896,2,True,True,True,False,,False,True,ice_native_0p15_v02,2,0.15,False,False,False,True,36,VALID_EVENT_OUTPUT
171,1909,1,29,27,7.72287168085075e-30,2.4582267481898475e-18,0.9056491387593312,0.09435086124066881,0.9626137413153825,0.8118950346149952,2,True,True,True,False,,True,True,ice_native_0p15_v02,2,0.15,False,False,False,False,39,VALID_EVENT_OUTPUT
176,1959,1,30,28,1.2535864508517878e-30,2.7459876229310833e-19,0.9836109252597551,0.016389074740244848,0.8126011883467915,0.7115619393036917,2,True,True,True,False,,True,True,ice_native_0p15_v02,2,0.15,False,False,False,False,,NORMAL_CONTACT_FP
185,2049,0,33,30,7.914184492665837e-24,0.0004317683157146663,0.9941288456535385,0.005439386030746859,0.9800645733125332,0.6404515559762087,2,True,True,True,False,,True,True,ice_native_0p15_v02,2,0.15,False,False,False,False,-72,VALID_EVENT_OUTPUT
191,2109,0,34,30,1.2404995944858073e-17,1.1636077173798587e-11,0.8700174642496942,0.1299825357386696,0.9904161692028448,0.9992298010355981,2,True,True,True,False,,True,True,ice_native_0p15_v02,2,0.15,False,False,False,False,-12,VALID_EVENT_OUTPUT
227,2469,1,37,35,1.1977441793857687e-25,2.402195608230589e-18,0.6110278576879021,0.3889721423120979,0.7715495290077543,0.7733337962483795,2,True,True,True,False,,True,True,ice_native_0p15_v02,2,0.15,False,False,False,False,-33,VALID_EVENT_OUTPUT
244,2639,0,43,37,2.263137915420894e-19,7.919659108616668e-13,0.8595574802291248,0.1404425197700833,0.9680388432512145,0.6383856467604229,2,True,True,True,False,,True,True,ice_native_0p15_v02,2,0.15,False,False,False,False,,NORMAL_CONTACT_FP
247,2669,0,44,37,1.041245554060696e-19,1.0719072365625978e-09,0.9055700785788867,0.09442992034920608,0.7266512227990573,0.7944823551816818,2,True,True,True,False,,False,True,ice_native_0p15_v02,2,0.15,False,False,False,True,,NORMAL_CONTACT_FP
272,2919,1,56,54,3.533743494487162e-17,0.005109688570019252,0.8875038880179527,0.10738642341202802,0.9952698202425235,0.7607849060326948,2,True,True,True,False,,True,True,ice_native_0p15_v02,2,0.15,False,False,False,False,,NORMAL_CONTACT_FP
4,239,0,1,1,1.301846575512608e-12,4.655904333916615e-13,0.9999578150590013,4.218493923138967e-05,0.9824462080521119,0.9567787899348729,2,True,True,True,False,,True,True,ice_native_0p20_v02,2,0.2,False,False,False,False,-12,VALID_EVENT_OUTPUT
20,399,1,7,7,7.5969013149574e-42,0.001419294292125127,0.9985803614108681,3.4429700672780604e-07,0.7813709234395847,0.9914537382994095,2,True,True,True,False,,False,True,ice_native_0p20_v02,2,0.2,False,False,False,True,-25,VALID_EVENT_OUTPUT
42,619,1,9,8,5.68808207129367e-17,2.4797549142614703e-09,0.9537073493233871,0.046292648196858015,0.7246307429556488,0.8944490903258706,2,True,True,True,False,,True,True,ice_native_0p20_v02,2,0.2,False,False,False,False,,NORMAL_CONTACT_FP
59,789,0,12,11,2.0825758876131224e-24,7.050499009896272e-08,0.9024016381953356,0.09759829129967429,0.7851543117761537,0.9573383633339568,2,True,True,True,False,,True,True,ice_native_0p20_v02,2,0.2,False,False,False,False,,NORMAL_CONTACT_FP
65,849,0,13,11,2.662840903312912e-27,1.39584101795651e-16,0.9918751609295012,0.008124839070498636,0.981860824356366,0.9968401591887157,2,True,True,True,False,,True,True,ice_native_0p20_v02,2,0.2,False,False,False,False,,NORMAL_CONTACT_FP
81,1009,1,23,23,3.2598246167239466e-09,0.005038122993607831,0.9934443194145919,0.0015175543319756932,0.969495185791588,0.98483078726673,2,True,True,True,False,,False,True,ice_native_0p20_v02,2,0.2,False,False,False,True,-83,VALID_EVENT_OUTPUT
125,1449,0,21,16,4.359757036539633e-10,0.005012927773931437,0.9882592503577973,0.006727821432295724,0.9926420271803736,0.929172711613021,2,True,True,True,False,,True,True,ice_native_0p20_v02,2,0.2,False,False,False,False,,NORMAL_CONTACT_FP
149,1689,1,32,32,1.1176075968263533e-08,0.0004159502463566086,0.9995831299002899,9.086772775473671e-07,0.9893073334505262,0.9950437777857233,2,True,True,True,False,,False,True,ice_native_0p20_v02,2,0.2,False,False,False,True,,NORMAL_CONTACT_FP
213,2329,1,80,74,1.3614937376040787e-18,0.09109624199695614,0.8783146718032495,0.030589086199794464,0.9975509049030119,0.9682110567932999,2,True,True,True,False,,True,True,ice_native_0p20_v02,2,0.2,False,False,False,False,17,VALID_EVENT_OUTPUT
221,2409,1,81,75,7.221108317308084e-18,9.846217421044836e-12,0.711676864558108,0.2883231354320459,0.9797975031237643,0.9319721068659104,2,True,True,True,False,,True,True,ice_native_0p20_v02,2,0.2,False,False,False,False,,NORMAL_CONTACT_FP
266,2859,1,89,83,4.131772298547003e-37,0.002479002892321378,0.9618408101861736,0.03568018692150485,0.9329492836894641,0.596129082878083,2,True,True,True,False,,False,True,ice_native_0p20_v02,2,0.2,False,False,False,True,1,VALID_EVENT_OUTPUT
98,1179,0,1,1,4.244992151179126e-15,0.003720233296733912,0.9945369678848223,0.0017427988184395868,0.9999193041172673,0.8401528883454682,2,True,True,True,False,,False,True,sand_solref_interpolation_2of3_0p20_v02,2,0.2,False,False,False,True,42,VALID_EVENT_OUTPUT
186,2059,0,5,4,6.746172086277295e-160,1.830635052180806e-28,0.9999999999999987,1.2750946576424585e-15,0.9999996872468894,0.9988208870227163,2,True,True,True,False,,True,True,sand_solref_interpolation_2of3_0p20_v02,2,0.2,True,False,False,False,,POST_FALL_ADVISORY
98,1179,0,1,1,5.67287835474798e-15,0.008014471281687644,0.9914179498477881,0.0005675788705184621,0.9999005251262638,0.837151910820198,2,True,True,True,False,,False,True,sand_solref_interpolation_3of4_stronger_v2_0p20_v02,2,0.2,False,False,False,True,197,VALID_EVENT_OUTPUT
160,1799,0,3,3,3.6481560099761774e-26,3.3971169964028186e-37,0.9999817199064073,1.8280093592651188e-05,0.9631616369103027,0.9974463021942901,2,True,True,True,False,,True,True,sand_solref_interpolation_3of4_stronger_v2_0p20_v02,2,0.2,True,False,False,False,,POST_FALL_ADVISORY
98,1179,0,1,1,5.7200361730272905e-15,0.010176941457955327,0.9891467523578817,0.000676306184157188,0.9998590130994177,0.8020415655109805,2,True,True,True,False,,False,True,sand_solref_interpolation_5of6_stronger_v2_0p20_v02,2,0.2,False,False,False,True,243,VALID_EVENT_OUTPUT
7,269,0,4,3,5.869656335525733e-20,1.3231838891151396e-16,0.9918640056806478,0.008135994319351823,0.9100892480613261,0.8920835758991976,2,True,True,True,False,,True,True,ice_native_0p10_v03,0,0.1,False,False,False,False,-18,VALID_EVENT_OUTPUT
12,319,0,5,4,2.9111700499436328e-24,6.936409818289826e-26,0.9999793794156023,2.062058439762223e-05,0.8172529918484744,0.9994032463692241,2,True,True,True,False,,False,True,ice_native_0p10_v03,0,0.1,False,False,False,True,-35,VALID_EVENT_OUTPUT
52,719,0,11,9,1.1197760840666787e-21,0.00011180570117799799,0.8152917761068168,0.18459641819200512,0.8004697599851742,0.6464664533786838,2,True,True,True,False,,False,True,ice_native_0p10_v03,0,0.1,False,False,False,True,,NORMAL_CONTACT_FP
75,949,1,34,30,1.3885672766438005e-21,0.0015972415789925313,0.9878463977129517,0.010556360708055776,0.910297528465197,0.8453154354993215,2,True,True,True,False,,False,True,ice_native_0p10_v03,0,0.1,False,False,False,True,6,VALID_EVENT_OUTPUT
112,1319,0,16,12,2.430046215555382e-38,8.522761739429981e-11,0.9999999961760107,3.738761758643448e-09,0.9816264004585389,0.9999970342313484,2,True,True,True,False,,True,True,ice_native_0p10_v03,0,0.1,False,False,False,False,-40,VALID_EVENT_OUTPUT
139,1589,1,45,39,2.6429222147237503e-13,0.01036404359976644,0.9845415093696236,0.005094447030345654,0.9724792397594202,0.7078970452975767,2,True,True,True,False,,False,True,ice_native_0p10_v03,0,0.1,False,False,False,True,-38,VALID_EVENT_OUTPUT
186,2059,1,67,55,2.1339829248345704e-11,0.0028788943723482394,0.9971040279175706,1.7077688741227044e-05,0.807783769824804,0.9538991794185666,2,True,True,True,False,,False,True,ice_native_0p10_v03,0,0.1,False,False,False,True,-11,VALID_EVENT_OUTPUT
194,2139,1,68,56,6.874997437219699e-13,1.7465411671806314e-05,0.9999613735896736,2.1160997967019238e-05,0.9429294464196444,0.9991316335895217,2,True,True,True,False,,False,True,ice_native_0p10_v03,0,0.1,False,False,False,True,,TOO_EARLY
213,2329,1,69,57,4.655075284317088e-15,4.451058646437345e-12,0.8491910747274758,0.15080892526806866,0.7990053725388943,0.8631779208670678,2,True,True,True,False,,True,True,ice_native_0p10_v03,0,0.1,False,False,False,False,-59,VALID_EVENT_OUTPUT
230,2499,0,61,54,1.6480044823693414e-28,8.304983704340214e-12,0.9999999925431203,7.448574828185422e-09,0.9968283854472529,0.9999963570409371,2,True,True,True,False,,True,True,ice_native_0p10_v03,0,0.1,False,False,False,False,-41,VALID_EVENT_OUTPUT
273,2929,1,78,66,3.318090669538471e-10,1.7606778611631648e-05,0.5657961121320734,0.4341862807575061,0.9987256454577005,0.45098498417007876,2,True,True,True,False,,False,True,ice_native_0p10_v03,0,0.1,False,False,False,True,-43,VALID_EVENT_OUTPUT
4,239,0,2,2,5.552482833274192e-15,7.481661167771142e-09,0.9735522221961574,0.026447770322175993,0.8680578773895141,0.8080936438517595,2,True,True,True,False,,True,True,ice_native_0p15_v03,0,0.15,False,False,False,False,-31,VALID_EVENT_OUTPUT
14,339,0,3,3,8.096438056020748e-37,1.5330251233217805e-29,0.9999428315415735,5.716845842653588e-05,0.9974559453572908,0.9864812927104497,2,True,True,True,False,,False,True,ice_native_0p15_v03,0,0.15,False,False,False,True,,NORMAL_CONTACT_FP
31,509,1,10,10,1.8362557440711627e-36,0.02760710185780873,0.8312108374100592,0.1411820607321321,0.9953192106390386,0.45011251722789625,2,True,True,True,False,,True,True,ice_native_0p15_v03,0,0.15,False,False,False,False,,NORMAL_CONTACT_FP
48,679,0,7,6,8.129146431609972e-20,2.0128525074934306e-06,0.999993947403606,4.039743886482135e-06,0.9623368532028157,0.9950414170762611,2,True,True,True,False,,False,True,ice_native_0p15_v03,0,0.15,False,False,False,True,,NORMAL_CONTACT_FP
75,949,1,31,30,3.978889123961617e-21,0.22072692498862997,0.7694406831574404,0.009832391853929612,0.8667781565538836,0.9860353259546916,2,True,True,True,False,,False,True,ice_native_0p15_v03,0,0.15,False,False,False,True,,NORMAL_CONTACT_FP
78,979,1,32,31,3.8844459101505654e-18,0.002119298860142644,0.9962869867908428,0.0015937143490144144,0.9847762421389141,0.9678513933061799,2,True,True,True,False,,False,True,ice_native_0p15_v03,0,0.15,False,False,False,True,,NORMAL_CONTACT_FP
114,1339,0,17,16,6.164791350221227e-31,9.330187039101354e-14,0.9999190317808805,8.096821902615286e-05,0.9958671088669572,0.9999979942401923,2,True,True,True,False,,True,True,ice_native_0p15_v03,0,0.15,False,False,False,False,-55,VALID_EVENT_OUTPUT
122,1419,0,18,16,1.4697720512609226e-27,7.37016954585764e-15,0.9496853911724691,0.05031460882752339,0.9833499396979617,0.9959623898231426,2,True,True,True,False,,True,True,ice_native_0p15_v03,0,0.15,False,False,False,False,25,VALID_EVENT_OUTPUT
130,1499,0,20,18,3.0810802479199552e-24,7.683813983126372e-30,0.9997731053246125,0.00022689467538760576,0.9916943473645197,0.9986908964781103,2,True,True,True,False,,False,True,ice_native_0p15_v03,0,0.15,False,False,False,True,-46,VALID_EVENT_OUTPUT
170,1899,0,26,22,8.125637462199343e-24,0.24871764561464124,0.7498979642730488,0.0013843901123099633,0.8739197519648549,0.8423920216991675,2,True,True,True,False,,True,True,ice_native_0p15_v03,0,0.15,False,False,False,False,,NORMAL_CONTACT_FP
190,2099,1,68,68,1.283936212444022e-23,3.6038464573346525e-06,0.9999955702200755,8.259334673561269e-07,0.9785106343480842,0.9999477309162713,2,True,True,True,False,,False,True,ice_native_0p15_v03,0,0.15,False,False,False,True,,NORMAL_CONTACT_FP
195,2149,1,69,69,3.793649583519764e-21,0.0010783468214388297,0.9987601928824006,0.00016146029616048716,0.9967109880339674,0.9996470392444177,2,True,True,True,False,,False,True,ice_native_0p15_v03,0,0.15,False,False,False,True,,NORMAL_CONTACT_FP
235,2549,0,35,29,1.8607294240612084e-19,6.302414515426623e-14,0.9999968250113858,3.1749885512224683e-06,0.9911541442167819,0.999996195618995,2,True,True,True,False,,True,True,ice_native_0p15_v03,0,0.15,False,False,False,False,-95,VALID_EVENT_OUTPUT
255,2749,1,75,75,2.327668578999248e-41,7.24219446706987e-05,0.9999265323764183,1.0456789111157753e-06,0.9836531084200365,0.9735032970101756,2,True,True,True,False,,False,True,ice_native_0p15_v03,0,0.15,False,False,False,True,,TOO_EARLY
274,2939,1,76,75,7.805742034951575e-32,2.244683345055769e-12,0.9711072807480357,0.0288927192497196,0.8880789777057717,0.9513602427771237,2,True,True,True,False,,True,True,ice_native_0p15_v03,0,0.15,False,False,False,False,28,VALID_EVENT_OUTPUT
154,1739,1,3,3,3.528858113354385e-13,1.481729250430946e-06,0.9996945755264346,0.00030394274396209286,0.9454377175269164,0.9899140682439931,2,True,True,True,False,,False,True,sand_solref_interpolation_2of3_0p15_v03,0,0.15,False,False,False,True,-56,VALID_EVENT_OUTPUT
244,2639,0,7,7,1.2098783386922413e-34,3.2730765330420327e-17,0.9999927230625699,7.276937430041744e-06,0.9910226862669621,0.9999999996964262,2,True,True,True,False,,True,True,sand_solref_interpolation_2of3_0p15_v03,0,0.15,True,False,False,False,,POST_FALL_ADVISORY
140,1599,0,3,2,4.300477326291075e-09,7.848527987330682e-08,0.9187556202737804,0.08124429694046217,0.9834936713035188,0.8477842136948489,2,True,True,True,False,,True,True,sand_solref_interpolation_5of6_stronger_v2_0p15_v03,0,0.15,False,False,False,False,,TOO_EARLY
150,1699,1,3,3,3.724445797624274e-13,3.1582744133459216e-08,0.999777255560503,0.00022271285638041568,0.9700085028868825,0.9997215181249617,2,True,True,True,False,,False,True,sand_solref_interpolation_5of6_stronger_v2_0p15_v03,0,0.15,False,False,False,True,-68,VALID_EVENT_OUTPUT
181,2009,1,5,4,1.6243215678060668e-60,1.0485166065214086e-73,1.0,1.2188420907990267e-21,0.9835335630861504,1.0,2,True,True,True,False,,False,True,sand_solref_interpolation_5of6_stronger_v2_0p15_v03,0,0.15,True,False,False,True,,POST_FALL_ADVISORY
2,219,0,1,1,1.3747709902199906e-19,4.553662442791231e-06,0.9999875255664074,7.92077114981035e-06,0.9597340939144966,0.982359658187631,2,True,True,True,False,,True,True,ice_native_0p20_v03,0,0.2,False,False,False,False,-19,VALID_EVENT_OUTPUT
7,269,0,2,1,1.2939278655010344e-20,2.863770520182067e-16,0.8901588337176626,0.10984116628233723,0.8980440317305749,0.7698233831029129,2,True,True,True,False,,True,True,ice_native_0p20_v03,0,0.2,False,False,False,False,31,VALID_EVENT_OUTPUT
10,299,0,3,1,1.6002811845350949e-21,1.498875305476094e-25,0.9699189762681285,0.03008102373187144,0.7346508140553577,0.9879584872103336,2,True,True,True,False,,True,True,ice_native_0p20_v03,0,0.2,False,False,False,False,61,VALID_EVENT_OUTPUT
13,329,0,4,2,3.750178053647491e-34,2.107950868462617e-22,0.9999342792428091,6.572075719079657e-05,0.9803627469341807,0.957646800596357,2,True,True,True,False,,False,True,ice_native_0p20_v03,0,0.2,False,False,False,True,,NORMAL_CONTACT_FP
50,699,0,10,6,7.575615496058659e-27,2.471585287654951e-10,0.998846463950409,0.001153535802432433,0.9958570438106055,0.9895209897143195,2,True,True,True,False,,False,True,ice_native_0p20_v03,0,0.2,False,False,False,True,,NORMAL_CONTACT_FP
74,939,1,29,29,3.2652799424485565e-19,0.0052521079584609,0.9886113390556226,0.006136552985916463,0.9245456304850158,0.9716590965502808,2,True,True,True,False,,False,True,ice_native_0p20_v03,0,0.2,False,False,False,True,9,VALID_EVENT_OUTPUT
99,1189,1,30,30,4.021074057547671e-06,9.861374274479095e-14,0.9951953726077546,0.00480060631808926,0.8561065835524733,0.568278554654227,2,True,True,True,False,,True,True,ice_native_0p20_v03,0,0.2,False,False,False,False,,NORMAL_CONTACT_FP
115,1349,0,18,13,1.2881120236062804e-23,7.607006973790851e-12,0.9999999846563414,1.5336051596133178e-08,0.9939205980730439,0.9998471010119855,2,True,True,True,False,,True,True,ice_native_0p20_v03,0,0.2,False,False,False,False,,TOO_EARLY
123,1429,0,19,13,4.435395715183729e-28,5.746556584716893e-17,0.9848171891238336,0.015182810876166462,0.9805589953280934,0.9950984683864976,2,True,True,True,False,,True,True,ice_native_0p20_v03,0,0.2,False,False,False,False,-41,VALID_EVENT_OUTPUT
136,1559,1,41,41,8.600189355984915e-29,0.00021971076037795084,0.9997799810101555,3.0822946675762637e-07,0.998335991042288,0.9624124245672371,2,True,True,True,False,,False,True,ice_native_0p20_v03,0,0.2,False,False,False,True,,NORMAL_CONTACT_FP
163,1829,1,53,53,5.757754263196767e-44,2.237810420627022e-06,0.9760887256384962,0.023909036551083077,0.9949882344474826,0.9974526631402263,2,True,True,True,False,,False,True,ice_native_0p20_v03,0,0.2,False,False,False,True,20,VALID_EVENT_OUTPUT
191,2109,1,62,62,2.180608389342999e-23,0.2427427486504772,0.6277525388926803,0.12950471245684253,0.8124735427526386,0.6241222691028327,2,True,True,True,False,,False,True,ice_native_0p20_v03,0,0.2,False,False,False,True,,NORMAL_CONTACT_FP
199,2189,1,63,63,4.074110059684983e-14,0.06510378831514144,0.9348187990209822,7.741266383561305e-05,0.9409990901941271,0.8282763881225957,2,True,True,True,False,,False,True,ice_native_0p20_v03,0,0.2,False,False,False,True,-53,VALID_EVENT_OUTPUT
213,2329,1,64,64,1.6923503989548357e-12,7.249709116446227e-05,0.9996213026433014,0.0003062002638418762,0.7745893381799127,0.986256942814017,2,True,True,True,False,,True,True,ice_native_0p20_v03,0,0.2,False,False,False,False,,NORMAL_CONTACT_FP
247,2669,0,57,46,1.6519554398967633e-17,6.237056688290864e-23,0.9999549546645837,4.504533541615921e-05,0.9029050537078503,0.9999976363577439,2,True,True,True,False,,False,True,ice_native_0p20_v03,0,0.2,False,False,False,True,,NORMAL_CONTACT_FP
1,209,0,0,0,2.867848520815799e-17,2.522949001464567e-15,0.8753351201503922,0.12466487984960535,0.9569938940015297,0.8677817779730683,2,True,True,True,False,,True,True,ice_native_0p10_v04,1,0.1,False,False,False,False,-28,VALID_EVENT_OUTPUT
20,399,1,4,4,3.75884027474846e-05,2.0794734623372333e-06,0.5231318604557393,0.4768284716680508,0.9856012031020124,0.8935975483259873,2,True,True,True,False,,True,True,ice_native_0p10_v04,1,0.1,False,False,False,False,-41,VALID_EVENT_OUTPUT
23,429,1,5,4,1.6500865858579212e-14,5.250693848608222e-15,0.9997504305692961,0.0002495694306820422,0.9604056485222839,0.9560316950898451,2,True,True,True,False,,True,True,ice_native_0p10_v04,1,0.1,False,False,False,False,-11,VALID_EVENT_OUTPUT
37,569,0,7,7,1.5848479345308756e-51,2.1192985693127737e-13,0.9999747018630069,2.5298136781235285e-05,0.9344895679940871,0.9999306873933841,2,True,True,True,False,,False,True,ice_native_0p10_v04,1,0.1,False,False,False,True,-46,VALID_EVENT_OUTPUT
67,869,1,22,20,2.4442459837225907e-13,0.06243523904810605,0.45059981528894444,0.48696494566270504,0.6701260442340763,0.8297325638716657,2,True,True,True,False,,True,True,ice_native_0p10_v04,1,0.1,False,False,False,False,-21,VALID_EVENT_OUTPUT
141,1609,1,48,40,1.7114636831674877e-17,1.7721026015341057e-06,0.5567668590296239,0.44323136886777453,0.6667946854786696,0.6600461946924839,2,True,True,True,False,,True,True,ice_native_0p10_v04,1,0.1,False,False,False,False,-41,VALID_EVENT_OUTPUT
155,1749,0,42,39,3.844503613244111e-18,3.917273880465374e-06,0.9997393638571446,0.000256718868975191,0.9976527486289757,0.9977550123942672,2,True,True,True,False,,True,True,ice_native_0p10_v04,1,0.1,False,False,False,False,-45,VALID_EVENT_OUTPUT
164,1839,0,44,39,1.0396966692297676e-33,2.1465845974296746e-22,0.7448497182471376,0.25515028175286225,0.9146923921820296,0.9839139630232322,2,True,True,True,False,,True,True,ice_native_0p10_v04,1,0.1,False,False,False,False,45,VALID_EVENT_OUTPUT
213,2329,0,81,75,4.2803119911224924e-46,1.2317756393233273e-06,0.999980770438255,1.7997786105785265e-05,0.996179351482548,0.9992352773496957,2,True,True,True,False,,True,True,ice_native_0p10_v04,1,0.1,False,False,False,False,,TOO_EARLY
279,2989,0,92,86,1.4038169331142324e-19,8.701702075448886e-09,0.9591550663916744,0.040844924906623614,0.8714756740400132,0.9536426496956834,2,True,True,True,False,,False,True,ice_native_0p10_v04,1,0.1,False,False,False,True,71,VALID_EVENT_OUTPUT
131,1509,1,3,2,0.0030142755139464256,0.018229087508688402,0.978756636959264,1.8101243933844407e-11,0.964673743405247,0.8885796707804229,2,True,True,True,False,,False,True,sand_solref_interpolation_2of3_0p10_v04,1,0.1,False,False,False,True,,TOO_EARLY
198,2179,1,4,3,2.4391038851776117e-42,3.204962743478504e-28,0.9996825810948811,0.00031741890511895204,0.999607329818243,0.8458049769732282,2,True,True,True,False,,True,True,sand_solref_interpolation_2of3_0p10_v04,1,0.1,False,False,False,False,129,VALID_EVENT_OUTPUT
232,2519,0,47,44,2.650341852082193e-32,1.379276993102336e-29,0.9999978803257423,2.1196742576526744e-06,0.9985204689595368,0.9999975737348822,2,True,True,True,False,,True,True,sand_solref_interpolation_2of3_0p10_v04,1,0.1,False,False,False,False,117,VALID_EVENT_OUTPUT
266,2859,0,49,46,1.7678283956369936e-70,4.568984565252133e-74,0.9861552559160602,0.01384474408393966,0.9882922662624697,0.9965492269366993,2,True,True,True,False,,True,True,sand_solref_interpolation_2of3_0p10_v04,1,0.1,False,False,False,False,,NORMAL_CONTACT_FP
130,1499,1,4,2,6.199054051563074e-05,0.021707455778794845,0.9782305536785387,2.1508167962264962e-12,0.9493099650430564,0.8672773712561525,2,True,True,True,False,,False,True,sand_solref_interpolation_3of4_stronger_v2_0p10_v04,1,0.1,False,False,False,True,,NORMAL_CONTACT_FP
154,1739,1,5,3,1.4875489821435098e-08,1.877690546942126e-05,0.99998120282755,5.3914907817189364e-09,0.9898654636057472,0.7256755542484973,2,True,True,True,False,,True,True,sand_solref_interpolation_3of4_stronger_v2_0p10_v04,1,0.1,False,False,False,False,,TOO_EARLY
160,1799,1,6,3,4.342423504117481e-13,3.463662389135212e-05,0.9999192680393331,4.609533634140516e-05,0.9777966090879708,0.9999791129041475,2,True,True,True,False,,True,True,sand_solref_interpolation_3of4_stronger_v2_0p10_v04,1,0.1,False,False,False,False,-57,VALID_EVENT_OUTPUT
208,2279,1,7,4,4.1789436394403643e-22,0.13895500111113818,0.861022786275073,2.2212613788859982e-05,0.9939863388877267,0.996066238288909,2,True,True,True,False,,True,True,sand_solref_interpolation_3of4_stronger_v2_0p10_v04,1,0.1,False,False,False,False,,TOO_EARLY
130,1499,1,5,2,1.6267842188999453e-05,0.018081539809057322,0.9819021923479386,8.150002583063255e-13,0.9551238469860727,0.8830222527440132,2,True,True,True,False,,False,True,sand_solref_interpolation_5of6_stronger_v2_0p10_v04,1,0.1,False,False,False,True,,NORMAL_CONTACT_FP
155,1749,1,6,3,1.5874387593223824e-06,0.0001051376704672341,0.9998932716245402,3.266233322488163e-09,0.9953147589776628,0.9101941158195574,2,True,True,True,False,,True,True,sand_solref_interpolation_5of6_stronger_v2_0p10_v04,1,0.1,False,False,False,False,,TOO_EARLY
184,2039,0,5,3,3.8217681346507295e-38,4.051696018124135e-21,0.9999999997691369,2.3086309048948144e-10,0.9004182532498431,0.9957125471546863,2,True,True,True,False,,True,True,sand_solref_interpolation_5of6_stronger_v2_0p10_v04,1,0.1,False,False,False,False,,NORMAL_CONTACT_FP
208,2279,1,7,4,1.7011981462705647e-15,0.00019233030848628415,0.9987444796083927,0.0010631900831193162,0.9999978243567228,0.9862515112968469,2,True,True,True,False,,True,True,sand_solref_interpolation_5of6_stronger_v2_0p10_v04,1,0.1,False,False,False,False,,TOO_EARLY
2,219,0,0,0,2.8361329806701814e-20,8.659843404558795e-17,0.5471249337687585,0.45287506623124146,0.9935544826338212,0.793964559485925,2,True,True,True,False,,True,True,ice_native_0p15_v04,1,0.15,False,False,False,False,-13,VALID_EVENT_OUTPUT
38,579,0,8,8,3.407693520236821e-48,2.226730345762638e-19,0.9999999237935695,7.620643042883715e-08,0.9995440412580494,0.9999999883526508,2,True,True,True,False,,True,True,ice_native_0p15_v04,1,0.15,False,False,False,False,-46,VALID_EVENT_OUTPUT
83,1029,1,22,19,4.279722612655358e-21,3.815886214185779e-10,0.6568264191764209,0.34317358044199037,0.8059351426957616,0.7381152389390702,2,True,True,True,False,,False,True,ice_native_0p15_v04,1,0.15,False,False,False,True,-41,VALID_EVENT_OUTPUT
135,1549,1,43,39,7.701122421552077e-20,9.581470223155651e-11,0.9086464560436339,0.09135354386055144,0.991239619656702,0.6952481566933489,2,True,True,True,False,,True,True,ice_native_0p15_v04,1,0.15,False,False,False,False,62,VALID_EVENT_OUTPUT
142,1619,1,44,40,1.450238947844236e-19,2.123835597658189e-10,0.4858373723136904,0.514162627473926,0.8550770960623545,0.8362179011462371,2,True,True,True,False,,True,True,ice_native_0p15_v04,1,0.15,False,False,False,False,-30,VALID_EVENT_OUTPUT
155,1749,0,45,41,1.6440458073001478e-17,1.2551958869744644e-06,0.9978817807768391,0.002116964027274083,0.9993462511683092,0.9996612090578083,2,True,True,True,False,,True,True,ice_native_0p15_v04,1,0.15,False,False,False,False,-46,VALID_EVENT_OUTPUT
171,1909,1,54,50,7.635137165702434e-18,0.0012661400690681445,0.9987317416630129,2.1182679188922505e-06,0.712168805740591,0.7345150661880903,2,True,True,True,False,,False,True,ice_native_0p15_v04,1,0.15,False,False,False,True,,TOO_EARLY
213,2329,0,60,55,1.6637846521404842e-41,0.0010418958299186955,0.9988654656378,9.263853228129012e-05,0.9857175856640512,0.9879429040170637,2,True,True,True,False,,True,True,ice_native_0p15_v04,1,0.15,False,False,False,False,,NORMAL_CONTACT_FP
246,2659,1,69,62,0.0004545200688204923,7.632283070520683e-05,0.9629655780504677,0.03650357905000656,0.9880706856986426,0.5636340015276974,2,True,True,True,False,,True,True,ice_native_0p15_v04,1,0.15,False,False,False,False,117,VALID_EVENT_OUTPUT
279,2989,0,69,65,1.863889610738943e-06,0.005253528823376967,0.994676513632562,6.809365445021375e-05,0.8891237339254863,0.9631314884350636,2,True,True,True,False,,True,True,ice_native_0p15_v04,1,0.15,False,False,False,False,,NORMAL_CONTACT_FP
2,219,0,0,0,1.4722885094742392e-17,3.7818113741827887e-13,0.5756670742245115,0.4243329257751104,0.9939094726801099,0.729252514515469,2,True,True,True,False,,True,True,ice_native_0p20_v04,1,0.2,False,False,False,False,-8,VALID_EVENT_OUTPUT
26,459,1,7,5,1.846704566396593e-12,1.4839766949193598e-12,0.9999240884055971,7.591159107233676e-05,0.9846766778385471,0.8836989556187423,2,True,True,True,False,,True,True,ice_native_0p20_v04,1,0.2,False,False,False,False,,NORMAL_CONTACT_FP
38,579,0,5,5,7.553797989578055e-39,1.7985742268685526e-09,0.9999999970013056,1.2001203313877936e-09,0.9999857013491956,0.999999856405551,2,True,True,True,False,,True,True,ice_native_0p20_v04,1,0.2,False,False,False,False,-53,VALID_EVENT_OUTPUT
84,1039,1,18,15,1.862914605706517e-18,2.7206145666804724e-13,0.9979722597769758,0.002027740222752215,0.9885554395528855,0.6013912282202026,2,True,True,True,False,,False,True,ice_native_0p20_v04,1,0.2,False,False,False,True,-36,VALID_EVENT_OUTPUT
88,1079,0,52,50,5.6587115127949443e-14,9.636886140531317e-08,0.9837476107324846,0.016252292898597375,0.9493344777531528,0.846697521771472,2,True,True,True,False,,False,True,ice_native_0p20_v04,1,0.2,False,False,False,True,-75,VALID_EVENT_OUTPUT
126,1459,1,29,25,6.956330759712726e-27,2.915729492407709e-07,0.999743611354114,0.00025609707293671423,0.9997530686550268,0.9979911249005367,2,True,True,True,False,,True,True,ice_native_0p20_v04,1,0.2,False,False,False,False,-44,VALID_EVENT_OUTPUT
171,1909,0,61,58,1.4139118455533113e-17,4.0525829774443754e-24,0.9992254728120094,0.0007745271879906975,0.9859811151835058,0.9959437365315943,2,True,True,True,False,,True,True,ice_native_0p20_v04,1,0.2,False,False,False,False,-13,VALID_EVENT_OUTPUT
205,2249,1,54,48,2.3374394760134368e-38,5.614388362315104e-29,0.9747162872310556,0.02528371276894434,0.9429027018999363,0.920895841216019,2,True,True,True,False,,True,True,ice_native_0p20_v04,1,0.2,False,False,False,False,,NORMAL_CONTACT_FP
240,2599,1,81,69,3.4916235208901404e-25,1.3608533426179876e-05,0.999866771837183,0.00011961962939089442,0.9635989485812495,0.9748707894924717,2,True,True,True,False,,False,True,ice_native_0p20_v04,1,0.2,False,False,False,True,-28,VALID_EVENT_OUTPUT
37,569,0,5,5,5.751133326269162e-17,0.00011321457528053331,0.9927784280584881,0.007108357366231308,0.9775705964298701,0.8641317184085799,2,True,True,True,False,,True,True,positive_0p10_left_early_loading_native_strong_ice_v0,0,0.1,False,False,False,False,,NORMAL_CONTACT_FP
80,999,0,28,29,6.1143146695265556e-30,5.054970915089092e-06,0.9999942333438585,7.116852262788403e-07,0.9975157282475031,0.9865742532737282,2,True,True,True,False,,False,True,positive_0p10_left_early_loading_native_strong_ice_v0,0,0.1,False,False,False,True,-64,VALID_EVENT_OUTPUT
105,1249,0,30,31,7.971992955089488e-28,1.7339792887466114e-15,0.6194366810746361,0.3805633189253621,0.9969223102254358,0.82553690509728,2,True,True,True,False,,True,True,positive_0p10_left_early_loading_native_strong_ice_v0,0,0.1,False,False,False,False,0,VALID_EVENT_OUTPUT
126,1459,1,5,5,2.9600789813182e-17,1.840281684435624e-11,0.9684795148261971,0.031520485155400194,0.6412637677364341,0.9974374577673099,2,True,True,True,False,,True,True,positive_0p10_left_early_loading_native_strong_ice_v0,0,0.1,False,False,False,False,,NORMAL_CONTACT_FP
135,1549,0,44,44,1.387114090972982e-38,0.16542784091106844,0.7407065022813545,0.09386565680757708,0.9683633505898864,0.5724080688400359,2,True,True,True,False,,False,True,positive_0p10_left_early_loading_native_strong_ice_v0,0,0.1,False,False,False,True,-65,VALID_EVENT_OUTPUT
171,1909,0,62,62,1.5914428749761995e-46,9.620540838621416e-63,1.0,2.96214674475068e-18,0.9999999999999878,1.0,2,True,True,True,False,,True,True,positive_0p10_left_early_loading_native_strong_ice_v0,0,0.1,True,False,False,False,,POST_FALL_ADVISORY
196,2159,1,75,75,3.966551774787953e-61,4.108325929489141e-26,1.0,9.278703280628794e-50,0.9143208661378436,1.0,2,True,True,True,False,,True,True,positive_0p10_left_early_loading_native_strong_ice_v0,0,0.1,True,False,False,False,,POST_FALL_ADVISORY
19,389,0,2,2,1.5335341186759922e-20,8.896099878461325e-08,0.9736423278139201,0.026357583225080975,0.6318602487412519,0.6577269100316133,2,True,True,True,False,,True,True,positive_0p10_left_early_loading_native_strong_ice_v1,1,0.1,False,False,False,False,,NORMAL_CONTACT_FP
64,839,0,15,13,6.917776978500211e-13,4.932480656237821e-05,0.999950667333034,7.85971192703122e-09,0.9981217123521702,0.9950703467595793,2,True,True,True,False,,False,True,positive_0p10_left_early_loading_native_strong_ice_v1,1,0.1,False,False,False,True,-42,VALID_EVENT_OUTPUT
113,1329,0,28,24,5.687948610988913e-35,2.4950630132101186e-12,0.9973403210110767,0.002659678986428152,0.7902603110779248,0.9367807515724553,2,True,True,True,False,,False,True,positive_0p10_left_early_loading_native_strong_ice_v1,1,0.1,False,False,False,True,115,VALID_EVENT_OUTPUT
164,1839,1,69,69,1.4380417124964784e-95,0.17153117715985292,0.828468822840147,1.799616122072953e-28,0.9999999999219165,0.9999999999970568,2,True,True,True,False,,True,True,positive_0p10_left_early_loading_native_strong_ice_v1,1,0.1,True,False,False,False,,POST_FALL_ADVISORY
173,1929,1,72,72,1.1987663694399867e-284,6.507883381612124e-63,1.0,3.1538123389789983e-57,0.9999999895070307,1.0,2,True,True,True,False,,True,True,positive_0p10_left_early_loading_native_strong_ice_v1,1,0.1,True,False,False,False,,POST_FALL_ADVISORY
14,339,1,1,1,0.39133923713020907,4.408499049298103e-05,0.6085658269133417,5.0850965956208456e-05,0.9479751316191757,0.9849799479715449,2,True,True,True,False,,True,True,positive_0p10_left_early_loading_native_strong_ice_v2,2,0.1,False,False,False,False,,NORMAL_CONTACT_FP
48,679,0,6,6,1.950247441690442e-22,4.833474431967635e-06,0.9999951565505759,9.974992060322508e-09,0.9822909702638322,0.9976587885233361,2,True,True,True,False,,False,True,positive_0p10_left_early_loading_native_strong_ice_v2,2,0.1,False,False,False,True,-33,VALID_EVENT_OUTPUT
60,799,0,17,11,1.1864963990084403e-29,1.4648681841522433e-23,0.9956569946404451,0.004343005359554757,0.9202325328284657,0.9643247895478418,2,True,True,True,False,,False,True,positive_0p10_left_early_loading_native_strong_ice_v2,2,0.1,False,False,False,True,,NORMAL_CONTACT_FP
66,859,0,19,13,3.4487062894702886e-32,6.628231275695217e-20,0.800054667639374,0.19994533236062606,0.9118128402209664,0.949408819527441,2,True,True,True,False,,False,True,positive_0p10_left_early_loading_native_strong_ice_v2,2,0.1,False,False,False,True,-5,VALID_EVENT_OUTPUT
94,1139,0,25,19,2.8073788574889945e-34,2.7793690466278066e-06,0.9999958889447266,1.3316862267009387e-06,0.9985776120254553,0.9935490108033294,2,True,True,True,False,,False,True,positive_0p10_left_early_loading_native_strong_ice_v2,2,0.1,False,False,False,True,-61,VALID_EVENT_OUTPUT
153,1729,0,52,37,3.376981948644721e-46,0.007607358359700237,0.8390639635326204,0.15332867810767942,0.9729898800439082,0.7792978869425886,2,True,True,True,False,,False,True,positive_0p10_left_early_loading_native_strong_ice_v2,2,0.1,False,False,False,True,-1,VALID_EVENT_OUTPUT
182,2019,0,68,53,1.2513545645794188e-115,1.0908746776554696e-47,0.9999999982282557,1.7717443529779224e-09,0.9941694079980049,0.9999856690931895,2,True,True,True,False,,True,True,positive_0p10_left_early_loading_native_strong_ice_v2,2,0.1,True,False,False,False,,POST_FALL_ADVISORY
204,2239,1,88,88,1.958372777442315e-130,3.286588453787864e-98,0.9999999999998923,1.0775362185208313e-13,0.9999999999999984,1.0,2,True,True,True,False,,True,True,positive_0p10_left_early_loading_native_strong_ice_v2,2,0.1,True,False,False,False,,POST_FALL_ADVISORY
210,2299,1,89,89,1.0148631372459363e-181,0.015474995215870107,0.98452500478413,9.943163648651275e-32,1.0,1.0,2,True,True,True,False,,True,True,positive_0p10_left_early_loading_native_strong_ice_v2,2,0.1,True,False,False,False,,POST_FALL_ADVISORY
98,1179,0,16,6,8.761305519069359e-21,0.006189335800591897,0.9809707164070975,0.012839947792310725,0.9728382117374769,0.49046054316519505,2,True,True,True,False,,True,True,positive_0p10_left_mid_loading_early_stance_native_strong_ice_v0,0,0.1,False,False,False,False,-39,VALID_EVENT_OUTPUT
138,1579,1,3,3,5.277106334631756e-10,1.4080342767649748e-09,0.9998819744778967,0.00011802358635845011,0.884068821344319,0.9974316601630698,2,True,True,True,False,,True,True,positive_0p10_left_mid_loading_early_stance_native_strong_ice_v0,0,0.1,False,False,False,False,,NORMAL_CONTACT_FP
158,1779,0,19,9,2.8438752603972934e-21,0.004876728623047035,0.9944404904173029,0.0006827809596503256,0.9789800380086582,0.9213675444531505,2,True,True,True,False,,True,True,positive_0p10_left_mid_loading_early_stance_native_strong_ice_v0,0,0.1,False,False,False,False,-50,VALID_EVENT_OUTPUT
199,2189,1,5,5,5.482587080527216e-10,7.061745880252032e-09,0.9999240765578484,7.591583214708752e-05,0.7583406310014542,0.9954096521757511,2,True,True,True,False,,True,True,positive_0p10_left_mid_loading_early_stance_native_strong_ice_v0,0,0.1,False,False,False,False,,NORMAL_CONTACT_FP
219,2389,0,22,12,3.276237651691018e-22,0.004827578031516864,0.9950949650192586,7.745694922465237e-05,0.9771497422126714,0.9795047501374152,2,True,True,True,False,,True,True,positive_0p10_left_mid_loading_early_stance_native_strong_ice_v0,0,0.1,False,False,False,False,-55,VALID_EVENT_OUTPUT
80,999,0,4,2,9.586409782400197e-23,0.03097786885350651,0.9684000424736047,0.0006220886728887767,0.9503114952595983,0.8028893766260556,2,True,True,True,False,,True,True,positive_0p10_left_mid_loading_early_stance_native_strong_ice_v1,1,0.1,False,False,False,False,-61,VALID_EVENT_OUTPUT
139,1589,0,6,4,7.449085850721606e-26,0.0025787854880627873,0.9973913977866369,2.981672530024353e-05,0.9534212525554909,0.7803015775575942,2,True,True,True,False,,True,True,positive_0p10_left_mid_loading_early_stance_native_strong_ice_v1,1,0.1,False,False,False,False,,NORMAL_CONTACT_FP
147,1669,0,7,5,7.176277834462572e-15,1.206391007364135e-09,0.9998954789661003,0.0001045198275016811,0.8828767259950097,0.9266361955609693,2,True,True,True,False,,True,True,positive_0p10_left_mid_loading_early_stance_native_strong_ice_v1,1,0.1,False,False,False,False,,NORMAL_CONTACT_FP
204,2239,0,9,7,3.958929230657176e-17,0.17089722964889761,0.8080809268397607,0.021021843511341596,0.96306162743503,0.6947522207421751,2,True,True,True,False,,True,True,positive_0p10_left_mid_loading_early_stance_native_strong_ice_v1,1,0.1,False,False,False,False,-23,VALID_EVENT_OUTPUT
258,2779,0,13,10,2.061801855581242e-21,0.0963937162826338,0.9034414499306864,0.00016483378667983455,0.9585357280399411,0.7990475909983905,2,True,True,True,False,,True,True,positive_0p10_left_mid_loading_early_stance_native_strong_ice_v1,1,0.1,False,False,False,False,-54,VALID_EVENT_OUTPUT
55,749,0,6,3,2.7947506177728256e-13,0.014532611226494636,0.9850723068887186,0.00039508188450741705,0.8157966769790446,0.752468331057393,2,True,True,True,False,,True,True,positive_0p10_left_mid_loading_early_stance_native_strong_ice_v2,2,0.1,False,False,False,False,-74,VALID_EVENT_OUTPUT
112,1319,0,15,5,7.106156699376777e-22,0.03278973975892598,0.9668232421017477,0.00038701813932631116,0.9427130258553585,0.891614612757899,2,True,True,True,False,,True,True,positive_0p10_left_mid_loading_early_stance_native_strong_ice_v2,2,0.1,False,False,False,False,,NORMAL_CONTACT_FP
123,1429,0,16,6,1.476055717287215e-18,2.27736899886627e-09,0.9999074602522329,9.253747039805983e-05,0.9560873737987247,0.9702044641071588,2,True,True,True,False,,True,True,positive_0p10_left_mid_loading_early_stance_native_strong_ice_v2,2,0.1,False,False,False,False,-55,VALID_EVENT_OUTPUT
177,1969,0,18,7,1.929709702722673e-18,0.0033718875616510617,0.9403188066006555,0.056309305837693426,0.8960622728310363,0.6057638546946172,2,True,True,True,False,,True,True,positive_0p10_left_mid_loading_early_stance_native_strong_ice_v2,2,0.1,False,False,False,False,,NORMAL_CONTACT_FP
237,2569,0,22,11,1.732894067196412e-20,0.004234963398012602,0.9725567578367611,0.023208278765226305,0.7253961273384903,0.6947786321750354,2,True,True,True,False,,True,True,positive_0p10_left_mid_loading_early_stance_native_strong_ice_v2,2,0.1,False,False,False,False,-39,VALID_EVENT_OUTPUT
115,1349,0,6,2,0.004402878581230075,1.7738302539158143e-05,0.9955786237858825,7.593303482834269e-07,0.6010039099578895,0.8043016037444475,2,True,True,True,False,,True,True,positive_0p10_left_mid_late_stance_native_strong_ice_v0,0,0.1,False,False,False,False,-68,VALID_EVENT_OUTPUT
172,1919,0,11,7,6.369762740972894e-08,0.005531833030762916,0.9944680990146071,4.2570026681468625e-09,0.9734433886022869,0.9949919204631582,2,True,True,True,False,,True,True,positive_0p10_left_mid_late_stance_native_strong_ice_v0,0,0.1,False,False,False,False,,NORMAL_CONTACT_FP
232,2519,0,14,9,4.7096758588499555e-07,8.832891158057377e-05,0.999909515634859,1.6844859746476739e-06,0.8488912140236347,0.9842905233039001,2,True,True,True,False,,True,True,positive_0p10_left_mid_late_stance_native_strong_ice_v0,0,0.1,False,False,False,False,-61,VALID_EVENT_OUTPUT
31,509,0,1,1,4.986405318924683e-08,3.9279138238955874e-05,0.9999602192833531,4.5171435496328603e-07,0.8718777271486666,0.9971059589963077,2,True,True,True,False,,True,True,positive_0p10_left_mid_late_stance_native_strong_ice_v1,1,0.1,False,False,False,False,-60,VALID_EVENT_OUTPUT
91,1109,0,7,3,5.6235022990317005e-11,0.0004284998736456688,0.9995714999282296,1.4188974092445723e-10,0.9697868615921358,0.9992744931961632,2,True,True,True,False,,True,True,positive_0p10_left_mid_late_stance_native_strong_ice_v1,1,0.1,False,False,False,False,-67,VALID_EVENT_OUTPUT
121,1409,1,3,3,0.00617645638341254,0.01208396807445527,0.9814373873731449,0.00030218816898741206,0.6595304566286672,0.8158794547404358,2,True,True,True,False,,True,True,positive_0p10_left_mid_late_stance_native_strong_ice_v1,1,0.1,False,False,False,False,,NORMAL_CONTACT_FP
151,1709,0,8,4,5.187530338462003e-08,0.0036911037235486366,0.9963088408034227,3.597725105487452e-09,0.9176151101114428,0.9907025610346794,2,True,True,True,False,,True,True,positive_0p10_left_mid_late_stance_native_strong_ice_v1,1,0.1,False,False,False,False,-71,VALID_EVENT_OUTPUT
210,2299,0,11,6,7.224793183113115e-05,0.005215893360442323,0.9947117867027522,7.200497451501127e-08,0.8349647906815517,0.9474703372560817,2,True,True,True,False,,True,True,positive_0p10_left_mid_late_stance_native_strong_ice_v1,1,0.1,False,False,False,False,-77,VALID_EVENT_OUTPUT
272,2919,0,13,7,7.076843069698246e-08,0.01748071444922405,0.9825192139540337,8.283115229315865e-10,0.8743443953852377,0.9834345003382267,2,True,True,True,False,,True,True,positive_0p10_left_mid_late_stance_native_strong_ice_v1,1,0.1,False,False,False,False,,NORMAL_CONTACT_FP
70,899,0,2,2,4.663501893288366e-05,0.0015199809174007753,0.9978423255936422,0.00059105847002401,0.6455538759597982,0.942969924283955,2,True,True,True,False,,True,True,positive_0p10_left_mid_late_stance_native_strong_ice_v2,2,0.1,False,False,False,False,,NORMAL_CONTACT_FP
127,1469,0,7,4,4.375972082828097e-09,0.03577303188102751,0.9631982729462726,0.0010286907967278255,0.9767552141556655,0.995457970495395,2,True,True,True,False,,True,True,positive_0p10_left_mid_late_stance_native_strong_ice_v2,2,0.1,False,False,False,False,-64,VALID_EVENT_OUTPUT
187,2069,0,8,5,2.0937544197197834e-09,9.502485698410136e-06,0.999987418174264,3.077246283155739e-06,0.7806211532584852,0.9862650306486331,2,True,True,True,False,,True,True,positive_0p10_left_mid_late_stance_native_strong_ice_v2,2,0.1,False,False,False,False,,NORMAL_CONTACT_FP
6,259,1,1,1,0.00023355473267996723,0.0013232612354439081,0.9984172200298496,2.5964002026393617e-05,0.9715769592462566,0.9483954799725037,2,True,True,True,False,,True,True,positive_0p10_right_early_loading_native_strong_ice_v0,0,0.1,False,False,False,False,-25,VALID_EVENT_OUTPUT
52,719,1,9,8,1.0984287308099936e-33,0.02206311255668148,0.9779357245650705,1.162878248055795e-06,0.99132054021043,0.7449311030647451,2,True,True,True,False,,False,True,positive_0p10_right_early_loading_native_strong_ice_v0,0,0.1,False,False,False,True,-50,VALID_EVENT_OUTPUT
72,919,1,18,13,3.8301746464767646e-34,5.693168891942517e-14,0.9999994827673377,5.172326054784849e-07,0.9884068684912153,0.9998493710075588,2,True,True,True,False,,False,True,positive_0p10_right_early_loading_native_strong_ice_v0,0,0.1,False,False,False,True,-3,VALID_EVENT_OUTPUT
80,999,0,3,3,2.0408217238481718e-24,1.0452244712267338e-07,0.9999158251033565,8.407037419621487e-05,0.6692627930384552,0.9433264132450311,2,True,True,True,False,,False,True,positive_0p10_right_early_loading_native_strong_ice_v0,0,0.1,False,False,False,True,,NORMAL_CONTACT_FP
42,619,1,10,8,9.383832282128633e-32,2.8485250356058387e-11,0.9996420444065547,0.00035795556496007847,0.9998923883618577,0.9994820445183787,2,True,True,True,False,,True,True,positive_0p10_right_early_loading_native_strong_ice_v1,1,0.1,False,False,False,False,-23,VALID_EVENT_OUTPUT
22,419,1,2,2,4.982903320876033e-06,0.008531788675361689,0.9914513077557584,1.192066555889876e-05,0.9024092589907938,0.9879977659860818,2,True,True,True,False,,True,True,positive_0p10_right_early_loading_native_strong_ice_v2,2,0.1,False,False,False,False,,NORMAL_CONTACT_FP
27,469,1,3,3,3.030139930221445e-13,1.547638567535111e-06,0.9864923001248678,0.0135061522362616,0.7263732068269014,0.7161275290910672,2,True,True,True,False,,True,True,positive_0p10_right_early_loading_native_strong_ice_v2,2,0.1,False,False,False,False,,NORMAL_CONTACT_FP
67,869,1,13,13,1.209998851473743e-29,0.0011063364314002992,0.9988889337984287,4.7297701710327526e-06,0.6635987762667171,0.9529359200195384,2,True,True,True,False,,False,True,positive_0p10_right_early_loading_native_strong_ice_v2,2,0.1,False,False,False,True,-43,VALID_EVENT_OUTPUT
91,1109,0,5,5,1.092576942291195e-09,9.760909320778768e-06,0.8850376896934107,0.11495254830469166,0.996065813069132,0.5159521014029957,2,True,True,True,False,,False,True,positive_0p10_right_early_loading_native_strong_ice_v2,2,0.1,False,False,False,True,,NORMAL_CONTACT_FP
12,319,1,1,1,1.3380781626374738e-12,0.00019242197468864145,0.9992168709713916,0.0005907070525815922,0.9516849499874271,0.9866523839741016,2,True,True,True,False,,True,True,positive_0p10_right_mid_loading_early_stance_native_strong_ice_v0,0,0.1,False,False,False,False,,NORMAL_CONTACT_FP
70,899,1,4,4,4.645749003168343e-15,0.09772759248337524,0.9011555324282956,0.0011168750883244405,0.9578923921046972,0.9400135541373775,2,True,True,True,False,,True,True,positive_0p10_right_mid_loading_early_stance_native_strong_ice_v0,0,0.1,False,False,False,False,,NORMAL_CONTACT_FP
76,959,1,5,5,7.98170405845574e-16,0.01210907655787087,0.9854752702500484,0.0024156531920798492,0.8037068013085324,0.8827404072152154,2,True,True,True,False,,True,True,positive_0p10_right_mid_loading_early_stance_native_strong_ice_v0,0,0.1,False,False,False,False,-97,VALID_EVENT_OUTPUT
125,1449,1,18,18,8.943348473937213e-15,0.018497304935294414,0.9814874235833118,1.5271481384936124e-05,0.9472449507948997,0.8524373720939594,2,True,True,True,False,,True,True,positive_0p10_right_mid_loading_early_stance_native_strong_ice_v0,0,0.1,False,False,False,False,-70,VALID_EVENT_OUTPUT
185,2049,1,27,21,8.535713790533558e-11,0.0013369273633429205,0.9986280935770391,3.497897426070574e-05,0.9145409407568916,0.7176915943264796,2,True,True,True,False,,True,True,positive_0p10_right_mid_loading_early_stance_native_strong_ice_v0,0,0.1,False,False,False,False,,NORMAL_CONTACT_FP
198,2179,1,29,22,4.434277796015713e-11,1.9172292628089348e-08,0.9947227646386618,0.005277216144702751,0.6850429956517716,0.8977912393066112,2,True,True,True,False,,True,True,positive_0p10_right_mid_loading_early_stance_native_strong_ice_v0,0,0.1,False,False,False,False,,NORMAL_CONTACT_FP
249,2689,1,34,25,1.092653134992763e-14,0.029582650992912053,0.9673159831788744,0.0031013658282026393,0.9562040639217412,0.9780524322923679,2,True,True,True,False,,True,True,positive_0p10_right_mid_loading_early_stance_native_strong_ice_v0,0,0.1,False,False,False,False,,NORMAL_CONTACT_FP
253,2729,1,35,25,3.835179637800937e-30,0.00013310544003525512,0.9969695359669889,0.0028973585929758326,0.9871977735627099,0.9184791037261915,2,True,True,True,False,,True,True,positive_0p10_right_mid_loading_early_stance_native_strong_ice_v0,0,0.1,False,False,False,False,,NORMAL_CONTACT_FP
49,689,1,7,6,1.216518751912006e-16,0.0002189576091854943,0.9997732128233787,7.829567435648252e-06,0.9740030338476242,0.9782141878641362,2,True,True,True,False,,True,True,positive_0p10_right_mid_loading_early_stance_native_strong_ice_v1,1,0.1,False,False,False,False,-61,VALID_EVENT_OUTPUT
53,729,1,8,6,7.522626441754249e-24,0.0005133822937768185,0.9992284792186585,0.0002581384875645776,0.9457605442592454,0.9549212128113322,2,True,True,True,False,,True,True,positive_0p10_right_mid_loading_early_stance_native_strong_ice_v1,1,0.1,False,False,False,False,-21,VALID_EVENT_OUTPUT
109,1289,1,12,10,5.4184777714019236e-17,0.0017438000438075867,0.9966426507387057,0.0016135492174866662,0.9627713940807239,0.8271859353492327,2,True,True,True,False,,True,True,positive_0p10_right_mid_loading_early_stance_native_strong_ice_v1,1,0.1,False,False,False,False,-55,VALID_EVENT_OUTPUT
114,1339,1,14,10,1.3560958988061107e-24,3.676011561054051e-06,0.9531790886255537,0.04681723536288546,0.9678125988071461,0.880503447239034,2,True,True,True,False,,True,True,positive_0p10_right_mid_loading_early_stance_native_strong_ice_v1,1,0.1,False,False,False,False,-5,VALID_EVENT_OUTPUT
167,1869,1,21,17,9.490836434350369e-21,0.0012694000970211218,0.9987120729393029,1.8526963676135366e-05,0.9524960182913785,0.9911394276609821,2,True,True,True,False,,True,True,positive_0p10_right_mid_loading_early_stance_native_strong_ice_v1,1,0.1,False,False,False,False,-56,VALID_EVENT_OUTPUT
223,2429,1,32,20,2.1539601096835957e-09,0.05652357175585075,0.9427069670872306,0.000769459002958559,0.8629170759873375,0.9102266849530067,2,True,True,True,False,,True,True,positive_0p10_right_mid_loading_early_stance_native_strong_ice_v1,1,0.1,False,False,False,False,-88,VALID_EVENT_OUTPUT
248,2679,0,5,5,7.290160716094684e-21,1.338997461663796e-09,0.9999999431759953,5.548500721545583e-08,0.6158621996927347,0.9999162972925096,2,True,True,True,False,,False,True,positive_0p10_right_mid_loading_early_stance_native_strong_ice_v1,1,0.1,False,False,False,True,,NORMAL_CONTACT_FP
29,489,1,1,1,2.9302243475304934e-10,0.06451794114960427,0.9272976065771883,0.008184451980185206,0.9610365342773716,0.8062694590456174,2,True,True,True,False,,True,True,positive_0p10_right_mid_loading_early_stance_native_strong_ice_v2,2,0.1,False,False,False,False,,NORMAL_CONTACT_FP
84,1039,1,4,4,2.6798611451379762e-11,0.2106242819125475,0.7837632812572283,0.005612436803425548,0.9017321805061295,0.7306037051359894,2,True,True,True,False,,True,True,positive_0p10_right_mid_loading_early_stance_native_strong_ice_v2,2,0.1,False,False,False,False,,NORMAL_CONTACT_FP
144,1639,1,8,8,2.287004640432453e-13,0.07723055503091457,0.9089677876285837,0.013801657340273058,0.9524061402014007,0.8548318655280016,2,True,True,True,False,,True,True,positive_0p10_right_mid_loading_early_stance_native_strong_ice_v2,2,0.1,False,False,False,False,-57,VALID_EVENT_OUTPUT
203,2229,1,13,10,6.752482519452345e-20,0.049962628971347275,0.9325248952174844,0.017512475811168347,0.971049995573694,0.7432757044459749,2,True,True,True,False,,True,True,positive_0p10_right_mid_loading_early_stance_native_strong_ice_v2,2,0.1,False,False,False,False,-48,VALID_EVENT_OUTPUT
262,2819,1,21,12,3.932377489388079e-08,0.06786211951359569,0.9286919165459528,0.0034459246166766485,0.8800169064535043,0.7293327369309032,2,True,True,True,False,,True,True,positive_0p10_right_mid_loading_early_stance_native_strong_ice_v2,2,0.1,False,False,False,False,,NORMAL_CONTACT_FP
269,2889,1,22,13,4.943197370418589e-12,0.020536298812342885,0.9659589669635592,0.013504734219154553,0.7582497844823833,0.9597290965434352,2,True,True,True,False,,True,True,positive_0p10_right_mid_loading_early_stance_native_strong_ice_v2,2,0.1,False,False,False,False,,NORMAL_CONTACT_FP
23,429,1,1,1,4.5847206618746023e-10,0.0007932478154913135,0.9992027268239023,4.024902134430142e-06,0.9721411266125239,0.9980887018026864,2,True,True,True,False,,True,True,positive_0p10_right_mid_late_stance_native_strong_ice_v0,0,0.1,False,False,False,False,-48,VALID_EVENT_OUTPUT
80,999,1,6,6,5.261721215067219e-13,4.269599926033617e-06,0.9999949410672399,7.893323079946905e-07,0.9661248868127819,0.9992750459479228,2,True,True,True,False,,True,True,positive_0p10_right_mid_late_stance_native_strong_ice_v0,0,0.1,False,False,False,False,-63,VALID_EVENT_OUTPUT
125,1449,1,16,16,2.5539823668332555e-13,0.01265506204381076,0.9873443938653222,5.440906116254353e-07,0.9718515981932404,0.8227339562482717,2,True,True,True,False,,True,True,positive_0p10_right_mid_late_stance_native_strong_ice_v0,0,0.1,False,False,False,False,,NORMAL_CONTACT_FP
201,2209,1,18,18,3.042778908368774e-11,0.00021875844749245753,0.9997807559118526,4.856102271305138e-07,0.9391092678964954,0.9971940120900115,2,True,True,True,False,,True,True,positive_0p10_right_mid_late_stance_native_strong_ice_v0,0,0.1,False,False,False,False,,NORMAL_CONTACT_FP
231,2509,0,4,4,8.068421136006818e-08,2.6227982616919256e-06,0.9940221671932188,0.005975129324308168,0.6994537196351844,0.8059048789100357,2,True,True,True,False,,True,True,positive_0p10_right_mid_late_stance_native_strong_ice_v0,0,0.1,False,False,False,False,,NORMAL_CONTACT_FP
259,2789,1,20,20,8.922864648197886e-06,0.0008482089339299696,0.9991221883037092,2.067989771262726e-05,0.736519047318588,0.9125034607480231,2,True,True,True,False,,True,True,positive_0p10_right_mid_late_stance_native_strong_ice_v0,0,0.1,False,False,False,False,,NORMAL_CONTACT_FP
64,839,1,1,1,0.005821405284475137,0.22276498484882593,0.7714131304702468,4.793964519943172e-07,0.8210777408333556,0.5969369367844691,2,True,True,True,False,,True,True,positive_0p10_right_mid_late_stance_native_strong_ice_v1,1,0.1,False,False,False,False,-72,VALID_EVENT_OUTPUT
122,1419,1,3,3,2.689502591321565e-09,0.002548536914250339,0.9974513437995254,1.1659672169561063e-07,0.868855352271855,0.9757009233878334,2,True,True,True,False,,True,True,positive_0p10_right_mid_late_stance_native_strong_ice_v1,1,0.1,False,False,False,False,,NORMAL_CONTACT_FP
182,2019,1,5,5,1.0580296624915493e-09,0.0032604982543056904,0.9967391688407214,3.318469431473767e-07,0.8549788241641049,0.9807589307935821,2,True,True,True,False,,True,True,positive_0p10_right_mid_late_stance_native_strong_ice_v1,1,0.1,False,False,False,False,,NORMAL_CONTACT_FP
241,2609,1,8,8,4.0867129979987297e-11,0.00018099829472791517,0.9998188993176081,1.02346796776487e-07,0.9775489931585227,0.9952219740444429,2,True,True,True,False,,True,True,positive_0p10_right_mid_late_stance_native_strong_ice_v1,1,0.1,False,False,False,False,-63,VALID_EVENT_OUTPUT
270,2899,0,5,5,7.984846151887951e-11,6.231539220378551e-11,0.9748591458215476,0.025140854036288397,0.8273744534523105,0.9982606229146198,2,True,True,True,False,,True,True,positive_0p10_right_mid_late_stance_native_strong_ice_v1,1,0.1,False,False,False,False,,NORMAL_CONTACT_FP
37,569,0,5,5,3.349798050524304e-19,0.0001834792536396992,0.9581667104554992,0.041649810290861185,0.9702374308114964,0.8627368152190857,2,True,True,True,False,,True,True,positive_0p15_left_early_loading_native_strong_ice_v0,0,0.15,False,False,False,False,-22,VALID_EVENT_OUTPUT
82,1019,0,25,22,2.1216461686834787e-28,4.129477327881663e-06,0.9999946268552388,1.2436674332604302e-06,0.9934625918775482,0.9804686000635185,2,True,True,True,False,,False,True,positive_0p15_left_early_loading_native_strong_ice_v0,0,0.15,False,False,False,True,-45,VALID_EVENT_OUTPUT
103,1229,0,30,27,3.4244178386797075e-28,7.333965995132929e-25,0.9953958124048903,0.004604187595109758,0.9003709892987002,0.9537371139624493,2,True,True,True,False,,True,True,positive_0p15_left_early_loading_native_strong_ice_v0,0,0.15,False,False,False,False,,NORMAL_CONTACT_FP
161,1809,0,61,57,1.0459264471772574e-36,3.690659826016438e-47,1.0,1.4269840355067675e-33,0.9999999993148092,0.9999999999999836,2,True,True,True,False,,False,True,positive_0p15_left_early_loading_native_strong_ice_v0,0,0.15,True,False,False,True,,POST_FALL_ADVISORY
18,379,0,1,1,5.915660106372246e-20,6.459018896807146e-07,0.8628652188704427,0.13713413522766763,0.9967945773453407,0.7024126000731619,2,True,True,True,False,,True,True,positive_0p15_left_early_loading_native_strong_ice_v1,1,0.15,False,False,False,False,10,VALID_EVENT_OUTPUT
63,829,0,14,14,3.0123452982111906e-15,1.2090175292525732e-07,0.9999998762422657,2.855978324761576e-09,0.9999148473517626,0.9987813062291433,2,True,True,True,False,,False,True,positive_0p15_left_early_loading_native_strong_ice_v1,1,0.15,False,False,False,True,-45,VALID_EVENT_OUTPUT
87,1069,0,20,20,1.0855116247560997e-42,7.707459142567648e-17,0.9650054209264303,0.03499457907356971,0.9682133248681561,0.6543303363831583,2,True,True,True,False,,False,True,positive_0p15_left_early_loading_native_strong_ice_v1,1,0.15,False,False,False,True,6,VALID_EVENT_OUTPUT
111,1309,0,34,34,3.6600288561777795e-27,1.738327082185642e-07,0.9999929455083563,6.8806589354297445e-06,0.6786507950367611,0.8884189830257001,2,True,True,True,False,,False,True,positive_0p15_left_early_loading_native_strong_ice_v1,1,0.15,False,False,False,True,-28,VALID_EVENT_OUTPUT
175,1949,1,77,77,1.5572550611099476e-169,1.323314198750062e-17,1.0,1.2394709483154791e-52,1.0,1.0,2,True,True,True,False,,True,True,positive_0p15_left_early_loading_native_strong_ice_v1,1,0.15,True,False,False,False,,POST_FALL_ADVISORY
96,1159,0,14,9,8.254943084717403e-11,0.0026100510672688888,0.9973886480696302,1.300780551602426e-06,0.8736965401104159,0.8014040317232254,2,True,True,True,False,,True,True,positive_0p15_left_mid_loading_early_stance_native_strong_ice_v0,0,0.15,False,False,False,False,-78,VALID_EVENT_OUTPUT
160,1799,0,16,11,1.1306222271220183e-16,0.03468037878120428,0.9647744717916181,0.000545149427177449,0.9696994323508915,0.9133432670878783,2,True,True,True,False,,True,True,positive_0p15_left_mid_loading_early_stance_native_strong_ice_v0,0,0.15,False,False,False,False,,NORMAL_CONTACT_FP
224,2439,0,19,14,2.3274809938934992e-20,0.07044656310818809,0.9175977001869864,0.011955736704825505,0.9701170845020177,0.595189242869283,2,True,True,True,False,,True,True,positive_0p15_left_mid_loading_early_stance_native_strong_ice_v0,0,0.15,False,False,False,False,-27,VALID_EVENT_OUTPUT
278,2979,0,23,18,7.730803532195713e-19,0.0004854429155735023,0.9975463014563026,0.0019682556281238445,0.9884053289534499,0.8964563531614796,2,True,True,True,False,,True,True,positive_0p15_left_mid_loading_early_stance_native_strong_ice_v0,0,0.15,False,False,False,False,,NORMAL_CONTACT_FP
82,1019,0,6,4,3.453852940535439e-27,0.18696214302605624,0.8066801467096624,0.006357710264281431,0.906264379011872,0.6272287930369224,2,True,True,True,False,,True,True,positive_0p15_left_mid_loading_early_stance_native_strong_ice_v1,1,0.15,False,False,False,False,-35,VALID_EVENT_OUTPUT
139,1589,0,8,6,6.292282771291314e-25,0.006454805510547531,0.9934610200644204,8.417442503188244e-05,0.9626166315724944,0.7681878877751896,2,True,True,True,False,,True,True,positive_0p15_left_mid_loading_early_stance_native_strong_ice_v1,1,0.15,False,False,False,False,-49,VALID_EVENT_OUTPUT
196,2159,0,11,9,4.379220883904424e-11,0.0067868221539473935,0.9932104755615364,2.7022407240271987e-06,0.9397244054402667,0.4952879170301694,2,True,True,True,False,,True,True,positive_0p15_left_mid_loading_early_stance_native_strong_ice_v1,1,0.15,False,False,False,False,,NORMAL_CONTACT_FP
208,2279,0,12,10,1.619615947247629e-17,8.889316491255055e-13,0.9948832956694001,0.005116704329710907,0.826660702517856,0.7867536544161969,2,True,True,True,False,,True,True,positive_0p15_left_mid_loading_early_stance_native_strong_ice_v1,1,0.15,False,False,False,False,,NORMAL_CONTACT_FP
266,2859,0,15,13,1.8597168404717824e-21,0.001668289602142959,0.8964821659955952,0.10184954440226196,0.9973270357852014,0.7091047178898322,2,True,True,True,False,,True,True,positive_0p15_left_mid_loading_early_stance_native_strong_ice_v1,1,0.15,False,False,False,False,-9,VALID_EVENT_OUTPUT
56,759,0,4,2,6.409187637529123e-18,0.043312608486862775,0.9558801317624253,0.0008072597507118185,0.8942780767251635,0.9425376538589914,2,True,True,True,False,,True,True,positive_0p15_left_mid_loading_early_stance_native_strong_ice_v2,2,0.15,False,False,False,False,,TOO_EARLY
114,1339,0,9,4,2.950970633284725e-17,0.28615301764576984,0.7124701784602883,0.0013768038939417644,0.9567339293172894,0.7182639350430039,2,True,True,True,False,,True,True,positive_0p15_left_mid_loading_early_stance_native_strong_ice_v2,2,0.15,False,False,False,False,-53,VALID_EVENT_OUTPUT
175,1949,0,11,6,4.718734540007301e-16,0.3709427759386272,0.6243848254822105,0.00467239857916166,0.9708301598280941,0.6522179192701841,2,True,True,True,False,,True,True,positive_0p15_left_mid_loading_early_stance_native_strong_ice_v2,2,0.15,False,False,False,False,-55,VALID_EVENT_OUTPUT
234,2539,0,14,9,4.092217828982694e-17,0.03263397429420576,0.9664001252705635,0.0009659004352307037,0.8729891263596076,0.7896988510283721,2,True,True,True,False,,True,True,positive_0p15_left_mid_loading_early_stance_native_strong_ice_v2,2,0.15,False,False,False,False,-55,VALID_EVENT_OUTPUT
31,509,0,1,1,3.701721734940257e-06,0.0001635006144974442,0.9998327757001789,2.196358885586494e-08,0.8338206788567127,0.9856439474878287,2,True,True,True,False,,True,True,positive_0p15_left_mid_late_stance_native_strong_ice_v1,1,0.15,False,False,False,False,-58,VALID_EVENT_OUTPUT
91,1109,0,3,2,9.484007264027288e-09,0.002465760783650576,0.9975342240984425,5.633899773427837e-09,0.9501842237216449,0.9935087949919699,2,True,True,True,False,,True,True,positive_0p15_left_mid_late_stance_native_strong_ice_v1,1,0.15,False,False,False,False,,NORMAL_CONTACT_FP
217,2369,0,6,5,8.518494506691668e-07,0.00020703943108108682,0.9994809480054109,0.00031116071405730287,0.9774080920912858,0.9708961032503418,2,True,True,True,False,,True,True,positive_0p15_left_mid_late_stance_native_strong_ice_v1,1,0.15,False,False,False,False,,NORMAL_CONTACT_FP
8,279,0,0,0,7.048534162786822e-10,2.0249614088293787e-07,0.8872761918840352,0.11272360491497035,0.9776992607256924,0.7600460238188457,2,True,True,True,False,,True,True,positive_0p15_left_mid_late_stance_native_strong_ice_v2,2,0.15,False,False,False,False,,NORMAL_CONTACT_FP
68,879,0,7,7,2.6011265979056443e-09,0.0013016578003237492,0.9986377379971805,6.060160136927374e-05,0.9832201017031033,0.9899488587209964,2,True,True,True,False,,True,True,positive_0p15_left_mid_late_stance_native_strong_ice_v2,2,0.15,False,False,False,False,-70,VALID_EVENT_OUTPUT
126,1459,0,18,13,1.7724008940682357e-07,0.24810758533525493,0.751667091105435,0.00022514631922069598,0.9476593249308548,0.9773263635141911,2,True,True,True,False,,True,True,positive_0p15_left_mid_late_stance_native_strong_ice_v2,2,0.15,False,False,False,False,-62,VALID_EVENT_OUTPUT
186,2059,0,20,15,9.421530648092457e-10,0.004719157821226011,0.9952776745389594,3.1666976614641486e-06,0.9561439450791225,0.9953110457890709,2,True,True,True,False,,True,True,positive_0p15_left_mid_late_stance_native_strong_ice_v2,2,0.15,False,False,False,False,,NORMAL_CONTACT_FP
251,2709,0,22,17,0.008462943375409215,0.0019307553865166886,0.988996260032413,0.0006100412056609071,0.7909228249756464,0.9688346644981962,2,True,True,True,False,,True,True,positive_0p15_left_mid_late_stance_native_strong_ice_v2,2,0.15,False,False,False,False,-47,VALID_EVENT_OUTPUT
6,259,1,1,1,0.00027327197077261237,0.0014002420661721154,0.997495844868677,0.0008306410943782545,0.9442885278934542,0.8173053872293526,2,True,True,True,False,,True,True,positive_0p15_right_early_loading_native_strong_ice_v0,0,0.15,False,False,False,False,-23,VALID_EVENT_OUTPUT
12,319,1,2,2,8.457550008749854e-23,3.792488232214333e-11,0.9818380266752722,0.018161973286802885,0.872353771188629,0.986953792537043,2,True,True,True,False,,True,True,positive_0p15_right_early_loading_native_strong_ice_v0,0,0.15,False,False,False,False,-20,VALID_EVENT_OUTPUT
52,719,1,12,10,3.509511398977771e-35,0.01786967789497067,0.9821294097640325,9.123409965966737e-07,0.9955364155583685,0.8982839416027188,2,True,True,True,False,,False,True,positive_0p15_right_early_loading_native_strong_ice_v0,0,0.15,False,False,False,True,-56,VALID_EVENT_OUTPUT
75,949,1,25,15,6.083343663272869e-43,2.874377638010678e-15,0.9999985551321162,1.4448678809107668e-06,0.9451875114066127,0.9999993765708896,2,True,True,True,False,,False,True,positive_0p15_right_early_loading_native_strong_ice_v0,0,0.15,False,False,False,True,,NORMAL_CONTACT_FP
83,1029,0,2,2,1.8630356132326803e-25,1.4162376215471336e-09,0.9952233979379723,0.004776600645790169,0.9439414673487236,0.9891363063888101,2,True,True,True,False,,False,True,positive_0p15_right_early_loading_native_strong_ice_v0,0,0.15,False,False,False,True,,NORMAL_CONTACT_FP
42,619,1,13,12,1.5976635525525152e-29,1.1116498239327737e-10,0.9996692991809502,0.00033070070788486023,0.9998704781312311,0.9991733952714501,2,True,True,True,False,,True,True,positive_0p15_right_early_loading_native_strong_ice_v1,1,0.15,False,False,False,False,-23,VALID_EVENT_OUTPUT
22,419,1,4,4,1.6895516083696108e-13,0.0021808258224047484,0.9977982672878444,2.0906889581789348e-05,0.9132815974951188,0.9703269721843258,2,True,True,True,False,,True,True,positive_0p15_right_early_loading_native_strong_ice_v2,2,0.15,False,False,False,False,-25,VALID_EVENT_OUTPUT
29,489,1,5,5,3.9317455198718815e-22,2.7086761494145936e-14,0.9694363762115794,0.03056362378839351,0.830059493632438,0.49089767888746166,2,True,True,True,False,,True,True,positive_0p15_right_early_loading_native_strong_ice_v2,2,0.15,False,False,False,False,-10,VALID_EVENT_OUTPUT
67,869,1,16,16,1.107615028166927e-32,0.00170176165217893,0.9982719699235021,2.6268424318916978e-05,0.9495387622065795,0.9245383330758202,2,True,True,True,False,,False,True,positive_0p15_right_early_loading_native_strong_ice_v2,2,0.15,False,False,False,True,-37,VALID_EVENT_OUTPUT
90,1099,0,7,7,6.8137085651311595e-15,2.61605451604152e-08,0.9930302798129494,0.006969694026498408,0.9977947574961955,0.8276966368008785,2,True,True,True,False,,False,True,positive_0p15_right_early_loading_native_strong_ice_v2,2,0.15,False,False,False,True,,NORMAL_CONTACT_FP
263,2829,0,27,27,3.548336233354395e-79,2.1143069009437727e-71,0.9999999018749802,9.812501971153046e-08,0.9999960719408616,0.9999999993650468,2,True,True,True,False,,True,True,positive_0p15_right_early_loading_native_strong_ice_v2,2,0.15,True,False,False,False,,POST_FALL_ADVISORY
10,299,1,1,1,0.06049298549115556,0.0014672953383980947,0.897393759854413,0.040645959316033285,0.7572107033267911,0.4774067586648657,2,True,True,True,False,,True,True,positive_0p15_right_mid_loading_early_stance_native_strong_ice_v0,0,0.15,False,False,False,False,-67,VALID_EVENT_OUTPUT
68,879,1,3,3,1.6762788169130945e-18,0.08807414213140698,0.9096333772319614,0.0022924806366316597,0.9532595928113518,0.9435116972853406,2,True,True,True,False,,True,True,positive_0p15_right_mid_loading_early_stance_native_strong_ice_v0,0,0.15,False,False,False,False,-46,VALID_EVENT_OUTPUT
124,1439,1,6,6,2.1085538640208763e-11,0.00046610019911702403,0.999532736835243,1.1629445544188453e-06,0.9538854766281053,0.9112941750109198,2,True,True,True,False,,True,True,positive_0p15_right_mid_loading_early_stance_native_strong_ice_v0,0,0.15,False,False,False,False,-82,VALID_EVENT_OUTPUT
186,2059,1,13,9,7.741691562897305e-10,0.06374078889946326,0.9362187048008977,4.050552546992515e-05,0.8897315080096385,0.6937695126943308,2,True,True,True,False,,True,True,positive_0p15_right_mid_loading_early_stance_native_strong_ice_v0,0,0.15,False,False,False,False,-81,VALID_EVENT_OUTPUT
247,2669,1,19,10,4.365199511699545e-06,0.047100579856914605,0.9520030814658526,0.0008919734777211292,0.9419073115688813,0.7288018680929648,2,True,True,True,False,,True,True,positive_0p15_right_mid_loading_early_stance_native_strong_ice_v0,0,0.15,False,False,False,False,,NORMAL_CONTACT_FP
260,2799,1,21,10,1.9137185262240676e-16,1.8304934016215006e-09,0.9859482310531732,0.014051767116333352,0.9376550319755211,0.9692168343765875,2,True,True,True,False,,True,True,positive_0p15_right_mid_loading_early_stance_native_strong_ice_v0,0,0.15,False,False,False,False,,NORMAL_CONTACT_FP
46,659,1,17,15,3.894946381637829e-11,0.000547987291193017,0.999434473756392,1.753891346547428e-05,0.824903092028112,0.562119786894191,2,True,True,True,False,,True,True,positive_0p15_right_mid_loading_early_stance_native_strong_ice_v1,1,0.15,False,False,False,False,-72,VALID_EVENT_OUTPUT
54,739,1,21,15,7.831478733460319e-31,6.019163636412959e-09,0.6076982390389593,0.39230175494187713,0.9979474440849141,0.89109277823863,2,True,True,True,False,,True,True,positive_0p15_right_mid_loading_early_stance_native_strong_ice_v1,1,0.15,False,False,False,False,8,VALID_EVENT_OUTPUT
109,1289,1,24,18,2.666322344803492e-19,0.014859644921310677,0.984409530315774,0.0007308247629153304,0.9504759707067707,0.7125303172752532,2,True,True,True,False,,True,True,positive_0p15_right_mid_loading_early_stance_native_strong_ice_v1,1,0.15,False,False,False,False,,NORMAL_CONTACT_FP
121,1409,1,27,19,1.404701487983493e-23,1.4825866167643257e-21,0.6055173805254297,0.3944826194745704,0.8691283846444149,0.8894838869311014,2,True,True,True,False,,True,True,positive_0p15_right_mid_loading_early_stance_native_strong_ice_v1,1,0.15,False,False,False,False,,NORMAL_CONTACT_FP
169,1889,1,29,21,8.477826916108397e-17,0.023718807830712677,0.9761737575439757,0.00010743462531158966,0.9698323070866166,0.9760070341021801,2,True,True,True,False,,True,True,positive_0p15_right_mid_loading_early_stance_native_strong_ice_v1,1,0.15,False,False,False,False,-59,VALID_EVENT_OUTPUT
174,1939,1,31,21,4.816216667810593e-24,0.00011262527140230754,0.9745086595038112,0.025378715224786488,0.9913704835065206,0.9443183010456154,2,True,True,True,False,,True,True,positive_0p15_right_mid_loading_early_stance_native_strong_ice_v1,1,0.15,False,False,False,False,-9,VALID_EVENT_OUTPUT
229,2489,1,34,24,8.59607251651004e-18,0.009543987092787991,0.9857285099675812,0.004727502939630758,0.9558646253902687,0.8634832463831196,2,True,True,True,False,,True,True,positive_0p15_right_mid_loading_early_stance_native_strong_ice_v1,1,0.15,False,False,False,False,-50,VALID_EVENT_OUTPUT
39,589,1,1,1,2.199332378061622e-11,1.3019705517637992e-10,0.6785436421040656,0.32145635774374415,0.695743941645508,0.6050469502479663,2,True,True,True,False,,True,True,positive_0p15_right_mid_loading_early_stance_native_strong_ice_v2,2,0.15,False,False,False,False,-14,VALID_EVENT_OUTPUT
84,1039,1,3,3,5.1121873028961644e-12,0.2773280172605684,0.717618519902262,0.005053462832057383,0.9510791373879554,0.7517138627782664,2,True,True,True,False,,True,True,positive_0p15_right_mid_loading_early_stance_native_strong_ice_v2,2,0.15,False,False,False,False,-56,VALID_EVENT_OUTPUT
139,1589,1,8,6,2.5907760122331186e-09,0.001914688879530598,0.9980848613695896,4.4716010371580954e-07,0.9390407425632682,0.8156302904202966,2,True,True,True,False,,True,True,positive_0p15_right_mid_loading_early_stance_native_strong_ice_v2,2,0.15,False,False,False,False,,NORMAL_CONTACT_FP
152,1719,1,10,7,3.964262254504769e-18,1.3546071717787873e-09,0.9726820260791025,0.02731797256629041,0.9713483628063723,0.9705191770341428,2,True,True,True,False,,True,True,positive_0p15_right_mid_loading_early_stance_native_strong_ice_v2,2,0.15,False,False,False,False,-54,VALID_EVENT_OUTPUT
156,1759,1,11,7,4.073111947311706e-22,1.0635856103402633e-16,0.635223951961256,0.3647760480387438,0.8500694553375417,0.6252363726896752,2,True,True,True,False,,True,True,positive_0p15_right_mid_loading_early_stance_native_strong_ice_v2,2,0.15,False,False,False,False,-14,VALID_EVENT_OUTPUT
198,2179,1,21,17,2.9306142799110378e-12,0.000516921014746102,0.9992135711312702,0.0002695078510530273,0.8204644334579446,0.5900825855627274,2,True,True,True,False,,True,True,positive_0p15_right_mid_loading_early_stance_native_strong_ice_v2,2,0.15,False,False,False,False,-58,VALID_EVENT_OUTPUT
257,2769,1,26,22,2.9201750751727703e-21,0.04905835237063287,0.9308964969055292,0.02004515072383803,0.875464476200485,0.6677202665169021,2,True,True,True,False,,True,True,positive_0p15_right_mid_loading_early_stance_native_strong_ice_v2,2,0.15,False,False,False,False,-34,VALID_EVENT_OUTPUT
64,839,1,1,1,0.015163127494994084,0.19007526183726647,0.7947612142545992,3.964131402967135e-07,0.8277402455979097,0.615607429283745,2,True,True,True,False,,True,True,positive_0p15_right_mid_late_stance_native_strong_ice_v1,1,0.15,False,False,False,False,,NORMAL_CONTACT_FP
126,1459,1,3,3,4.630390516099354e-06,6.869492905755055e-07,0.9996987149873529,0.0002959676728404393,0.919080333210085,0.9794715759961068,2,True,True,True,False,,True,True,positive_0p15_right_mid_late_stance_native_strong_ice_v1,1,0.15,False,False,False,False,,NORMAL_CONTACT_FP
182,2019,1,6,6,1.429141601408983e-07,0.0012316857513385302,0.998766856138135,1.3151963663464903e-06,0.9020988407098612,0.978814642482244,2,True,True,True,False,,True,True,positive_0p15_right_mid_late_stance_native_strong_ice_v1,1,0.15,False,False,False,False,-55,VALID_EVENT_OUTPUT
238,2579,1,16,16,1.2595729883268318e-05,0.00028875116223215454,0.9996981472008025,5.059070820349169e-07,0.8732305833627463,0.9277443202381453,2,True,True,True,False,,True,True,positive_0p15_right_mid_late_stance_native_strong_ice_v1,1,0.15,False,False,False,False,,NORMAL_CONTACT_FP
40,599,1,1,1,7.624957727001701e-12,2.5186891315911278e-08,0.9992380437791539,0.0007619310263299745,0.9729550698724106,0.998334723600984,2,True,True,True,False,,True,True,positive_0p15_right_mid_late_stance_native_strong_ice_v2,2,0.15,False,False,False,False,-39,VALID_EVENT_OUTPUT
95,1149,1,4,4,7.797636771898876e-09,0.002184660739457122,0.997736840110695,7.849135221114318e-05,0.9611159959628165,0.9729334297365143,2,True,True,True,False,,True,True,positive_0p15_right_mid_late_stance_native_strong_ice_v2,2,0.15,False,False,False,False,-65,VALID_EVENT_OUTPUT
153,1729,1,6,6,4.744475867731319e-05,0.001888701199441803,0.997354333303667,0.0007095207382138973,0.8339623627291088,0.7547197605153899,2,True,True,True,False,,True,True,positive_0p15_right_mid_late_stance_native_strong_ice_v2,2,0.15,False,False,False,False,,NORMAL_CONTACT_FP
218,2379,1,8,8,6.419832639571887e-05,0.04471788252730264,0.9542601488079859,0.0009577703383156236,0.6099851625412429,0.936578351096776,2,True,True,True,False,,True,True,positive_0p15_right_mid_late_stance_native_strong_ice_v2,2,0.15,False,False,False,False,-65,VALID_EVENT_OUTPUT
275,2949,1,16,16,8.505541586640315e-10,0.00039929553620356075,0.9995655117035989,3.5191909643672163e-05,0.9791952768132246,0.9838894695184137,2,True,True,True,False,,True,True,positive_0p15_right_mid_late_stance_native_strong_ice_v2,2,0.15,False,False,False,False,,NORMAL_CONTACT_FP
37,569,0,4,4,9.120324087158487e-20,0.0003393635773719171,0.9416974836731214,0.05796315274950651,0.9778099454658962,0.7890200778711052,2,True,True,True,False,,True,True,positive_0p20_left_early_loading_native_strong_ice_v0,0,0.2,False,False,False,False,,NORMAL_CONTACT_FP
50,699,0,13,10,2.071424750057927e-37,1.967625877272888e-21,0.9975345260853261,0.0024654739146738156,0.6037838262059344,0.6106913245652398,2,True,True,True,False,,False,True,positive_0p20_left_early_loading_native_strong_ice_v0,0,0.2,False,False,False,True,,NORMAL_CONTACT_FP
82,1019,0,21,17,4.6021587712852525e-29,4.052792120482731e-06,0.99999458507201,1.3621358695175232e-06,0.9976764015260094,0.9554497276526295,2,True,True,True,False,,False,True,positive_0p20_left_early_loading_native_strong_ice_v0,0,0.2,False,False,False,True,-45,VALID_EVENT_OUTPUT
158,1779,0,77,70,4.782327210633098e-31,2.4656375004838275e-24,1.0,1.997467521664343e-20,0.9999998008255496,0.9999999610076489,2,True,True,True,False,,False,True,positive_0p20_left_early_loading_native_strong_ice_v0,0,0.2,True,False,False,True,,POST_FALL_ADVISORY
62,819,0,21,22,1.6401936113994031e-16,1.281319148128271e-06,0.999998717763369,9.174826499698825e-10,0.9999481662874,0.9993260736451572,2,True,True,True,False,,False,True,positive_0p20_left_early_loading_native_strong_ice_v1,1,0.2,False,False,False,True,-54,VALID_EVENT_OUTPUT
80,999,0,22,23,5.475375354855296e-49,3.339395246993969e-35,0.8514243136552943,0.1485756863447057,0.9449655641571444,0.9638855772945438,2,True,True,True,False,,True,True,positive_0p20_left_early_loading_native_strong_ice_v1,1,0.2,False,False,False,False,-1,VALID_EVENT_OUTPUT
116,1359,0,37,37,2.420111014591772e-25,0.009288814369888007,0.9906694898574191,4.1695772692851245e-05,0.8024076323613428,0.6366819023873352,2,True,True,True,False,,False,True,positive_0p20_left_early_loading_native_strong_ice_v1,1,0.2,False,False,False,True,-68,VALID_EVENT_OUTPUT
99,1189,0,10,3,3.525487686751936e-14,0.05307942499719628,0.9448069023036116,0.0021136726991567785,0.9138655988205001,0.9135192028631673,2,True,True,True,False,,True,True,positive_0p20_left_mid_loading_early_stance_native_strong_ice_v0,0,0.2,False,False,False,False,-58,VALID_EVENT_OUTPUT
137,1569,1,3,3,5.058470527140789e-06,1.7751573851185677e-06,0.9995743058899681,0.000418860482119762,0.6259550114521303,0.9544122847331371,2,True,True,True,False,,True,True,positive_0p20_left_mid_loading_early_stance_native_strong_ice_v0,0,0.2,False,False,False,False,,NORMAL_CONTACT_FP
158,1779,0,12,5,2.896937191281027e-17,0.12526875962234305,0.8658376265580673,0.008893613819589597,0.9542903121631674,0.5047878467373729,2,True,True,True,False,,True,True,positive_0p20_left_mid_loading_early_stance_native_strong_ice_v0,0,0.2,False,False,False,False,-47,VALID_EVENT_OUTPUT
216,2359,0,14,7,1.690439566211175e-12,0.0036333545689533385,0.9963617604987541,4.884930602045073e-06,0.9259992210309846,0.7653477169257848,2,True,True,True,False,,True,True,positive_0p20_left_mid_loading_early_stance_native_strong_ice_v0,0,0.2,False,False,False,False,-79,VALID_EVENT_OUTPUT
280,2999,0,16,9,4.84088330502357e-12,0.13541504198518375,0.8486171259493442,0.01596783206063113,0.9119643816522212,0.45117819040273494,2,True,True,True,False,,True,True,positive_0p20_left_mid_loading_early_stance_native_strong_ice_v0,0,0.2,False,False,False,False,,NORMAL_CONTACT_FP
79,989,0,7,4,1.4671673746994917e-24,0.010225629407900503,0.9897404351999354,3.3935392164318204e-05,0.9448192962665779,0.6822023365460838,2,True,True,True,False,,True,True,positive_0p20_left_mid_loading_early_stance_native_strong_ice_v1,1,0.2,False,False,False,False,-48,VALID_EVENT_OUTPUT
103,1229,1,3,3,8.2455665400292e-22,3.2777847348487796e-08,0.9999999649463763,2.275776475684012e-09,0.8437616416993613,0.9999995737014212,2,True,True,True,False,,True,True,positive_0p20_left_mid_loading_early_stance_native_strong_ice_v1,1,0.2,False,False,False,False,,NORMAL_CONTACT_FP
138,1579,0,9,6,1.624014636061735e-23,0.11422983360830775,0.885702187789439,6.797860225314844e-05,0.9621659605916493,0.6561477782900385,2,True,True,True,False,,True,True,positive_0p20_left_mid_loading_early_stance_native_strong_ice_v1,1,0.2,False,False,False,False,,NORMAL_CONTACT_FP
147,1669,0,10,7,2.2623258305729057e-12,1.3880517571917142e-10,0.9998733000602785,0.00012669979865397387,0.8910748318866863,0.906993916145239,2,True,True,True,False,,True,True,positive_0p20_left_mid_loading_early_stance_native_strong_ice_v1,1,0.2,False,False,False,False,,NORMAL_CONTACT_FP
203,2229,0,12,9,8.359875469314882e-27,0.14001656717781197,0.8523414119575289,0.0076420208646591015,0.9917291534492746,0.7996628528501042,2,True,True,True,False,,True,True,positive_0p20_left_mid_loading_early_stance_native_strong_ice_v1,1,0.2,False,False,False,False,-27,VALID_EVENT_OUTPUT
264,2839,0,13,10,1.6447764084300928e-19,0.09923013441625483,0.8550537500405305,0.04571611554321459,0.9949812697046957,0.6812547167064026,2,True,True,True,False,,True,True,positive_0p20_left_mid_loading_early_stance_native_strong_ice_v1,1,0.2,False,False,False,False,-19,VALID_EVENT_OUTPUT
118,1379,0,9,5,5.032817039132922e-18,0.0008962056876251051,0.9555188016701962,0.04358499264217862,0.9927166694690818,0.7868870862055338,2,True,True,True,False,,True,True,positive_0p20_left_mid_loading_early_stance_native_strong_ice_v2,2,0.2,False,False,False,False,-13,VALID_EVENT_OUTPUT
169,1889,0,12,8,1.493356823832878e-11,0.04140315593729692,0.958595560758984,1.283288785496813e-06,0.9071105647600476,0.8538809251370795,2,True,True,True,False,,True,True,positive_0p20_left_mid_loading_early_stance_native_strong_ice_v2,2,0.2,False,False,False,False,,NORMAL_CONTACT_FP
182,2019,0,13,9,6.429118952098068e-14,1.704249143703358e-06,0.9989811909327668,0.0010171048180253196,0.9550420145649594,0.8617504602375479,2,True,True,True,False,,True,True,positive_0p20_left_mid_loading_early_stance_native_strong_ice_v2,2,0.2,False,False,False,False,-69,VALID_EVENT_OUTPUT
237,2569,0,14,10,4.079213657585197e-18,0.02298572048395612,0.9707369265810488,0.006277352934995107,0.9718391335552381,0.7790867130073812,2,True,True,True,False,,True,True,positive_0p20_left_mid_loading_early_stance_native_strong_ice_v2,2,0.2,False,False,False,False,-31,VALID_EVENT_OUTPUT
63,829,0,1,1,4.4126336140265366e-05,1.599662773285175e-05,0.9993304931697692,0.0006093838663576305,0.9997358512193457,0.5663553804918935,2,True,True,True,False,,True,True,positive_0p20_left_mid_late_stance_native_strong_ice_v0,0,0.2,False,False,False,False,-27,VALID_EVENT_OUTPUT
118,1379,0,2,2,1.0623278641962933e-08,1.1083455517644618e-06,0.9999988510761739,2.99549956263176e-08,0.9660922631655517,0.9953165352008743,2,True,True,True,False,,True,True,positive_0p20_left_mid_late_stance_native_strong_ice_v0,0,0.2,False,False,False,False,-50,VALID_EVENT_OUTPUT
172,1919,0,8,8,1.2468999209197246e-07,0.023784732196492228,0.9762140465963148,1.096517200779901e-06,0.9784524332041624,0.9602787110461479,2,True,True,True,False,,True,True,positive_0p20_left_mid_late_stance_native_strong_ice_v0,0,0.2,False,False,False,False,-68,VALID_EVENT_OUTPUT
229,2489,0,16,16,6.085825898683804e-07,0.0058796464735498535,0.9939625696080346,0.00015717533582574903,0.9123534321109357,0.6831355737800253,2,True,True,True,False,,True,True,positive_0p20_left_mid_late_stance_native_strong_ice_v0,0,0.2,False,False,False,False,-85,VALID_EVENT_OUTPUT
31,509,0,1,1,2.9592391529980394e-05,0.0004972356435233489,0.9994731187652457,5.319970080030946e-08,0.8021973200602243,0.9719365726545435,2,True,True,True,False,,True,True,positive_0p20_left_mid_late_stance_native_strong_ice_v1,1,0.2,False,False,False,False,,NORMAL_CONTACT_FP
157,1769,0,8,4,4.9709237433145195e-05,0.0002886861545720484,0.9995066665480642,0.00015493805993068414,0.9465834478736287,0.983146339639705,2,True,True,True,False,,True,True,positive_0p20_left_mid_late_stance_native_strong_ice_v1,1,0.2,False,False,False,False,-48,VALID_EVENT_OUTPUT
211,2309,0,13,9,1.266354398458625e-07,0.006632555786313297,0.9933672714016932,4.6176553565317085e-08,0.9889741972072668,0.9838300932921316,2,True,True,True,False,,True,True,positive_0p20_left_mid_late_stance_native_strong_ice_v1,1,0.2,False,False,False,False,,NORMAL_CONTACT_FP
271,2909,0,15,11,1.5568944486847163e-06,0.017362770665304766,0.9826356318966125,4.054363396367323e-08,0.9572767136965765,0.9704127650689803,2,True,True,True,False,,True,True,positive_0p20_left_mid_late_stance_native_strong_ice_v1,1,0.2,False,False,False,False,,NORMAL_CONTACT_FP
7,269,1,1,1,4.638521620147482e-13,1.804851686898149e-06,0.8951464610945876,0.10485173405326155,0.996553251128142,0.9392826766073701,2,True,True,True,False,,True,True,positive_0p20_right_early_loading_native_strong_ice_v0,0,0.2,False,False,False,False,-12,VALID_EVENT_OUTPUT
52,719,1,7,7,6.938042804466365e-35,0.07205885395360995,0.9279406609300679,4.851163221086047e-07,0.966972075590722,0.8498629612787666,2,True,True,True,False,,False,True,positive_0p20_right_early_loading_native_strong_ice_v0,0,0.2,False,False,False,True,-60,VALID_EVENT_OUTPUT
83,1029,0,2,2,7.269515080313546e-26,2.2335154561002543e-10,0.9785561215101256,0.021443878266522873,0.6654120279910808,0.9848704798197093,2,True,True,True,False,,False,True,positive_0p20_right_early_loading_native_strong_ice_v0,0,0.2,False,False,False,True,,NORMAL_CONTACT_FP
42,619,1,8,7,3.306332853588191e-22,4.1832229287832996e-08,0.9999947786836486,5.179484122100445e-06,0.9961962281635277,0.9993971143225215,2,True,True,True,False,,True,True,positive_0p20_right_early_loading_native_strong_ice_v1,1,0.2,False,False,False,False,-27,VALID_EVENT_OUTPUT
153,1729,1,73,69,3.6981749102146684e-76,1.5644862840141806e-107,0.9999999999955373,4.462568111590997e-12,1.0,1.0,2,True,True,True,False,,True,True,positive_0p20_right_early_loading_native_strong_ice_v1,1,0.2,True,False,False,False,,POST_FALL_ADVISORY
22,419,1,4,4,1.95307498532535e-13,0.0007273102743749872,0.9992611516905098,1.1538034920027948e-05,0.9286550841293045,0.9898387759325652,2,True,True,True,False,,True,True,positive_0p20_right_early_loading_native_strong_ice_v2,2,0.2,False,False,False,False,-25,VALID_EVENT_OUTPUT
67,869,1,13,13,2.2422572152633277e-36,0.0015475056718942406,0.9984494247437083,3.0695843973097636e-06,0.9807734157103168,0.9717199878173507,2,True,True,True,False,,False,True,positive_0p20_right_early_loading_native_strong_ice_v2,2,0.2,False,False,False,True,-42,VALID_EVENT_OUTPUT
90,1099,0,9,9,8.656714945738192e-17,4.0609899287307426e-10,0.9291078606537647,0.07089213894013617,0.996912965259168,0.7893610073685935,2,True,True,True,False,,False,True,positive_0p20_right_early_loading_native_strong_ice_v2,2,0.2,False,False,False,True,,NORMAL_CONTACT_FP
9,289,1,1,1,0.005141653832606111,0.1014738664693552,0.8834528641887271,0.009931615509311478,0.805515739144308,0.6438102531983105,2,True,True,True,False,,True,True,positive_0p20_right_mid_loading_early_stance_native_strong_ice_v0,0,0.2,False,False,False,False,-76,VALID_EVENT_OUTPUT
13,329,1,2,1,2.101236722419642e-14,0.0005997088964362567,0.9992424482082203,0.00015784289532251366,0.7067024824066914,0.9520369576235567,2,True,True,True,False,,True,True,positive_0p20_right_mid_loading_early_stance_native_strong_ice_v0,0,0.2,False,False,False,False,-36,VALID_EVENT_OUTPUT
65,849,1,6,4,1.212445550765061e-13,0.12345210339804896,0.8765114713353542,3.642526647555799e-05,0.6728908552374764,0.7258616301723386,2,True,True,True,False,,True,True,positive_0p20_right_mid_loading_early_stance_native_strong_ice_v0,0,0.2,False,False,False,False,,NORMAL_CONTACT_FP
77,969,1,8,5,2.2828340502243804e-19,1.3239974137850795e-10,0.9420425375450566,0.05795746232254373,0.8232360224825712,0.7874520785389956,2,True,True,True,False,,True,True,positive_0p20_right_mid_loading_early_stance_native_strong_ice_v0,0,0.2,False,False,False,False,,NORMAL_CONTACT_FP
110,1299,0,2,2,7.807557700761043e-10,2.7470537459434287e-08,0.9998345508666863,0.0001654208820204345,0.7554067196190882,0.9978215221697728,2,True,True,True,False,,True,True,positive_0p20_right_mid_loading_early_stance_native_strong_ice_v0,0,0.2,False,False,False,False,,NORMAL_CONTACT_FP
130,1499,1,11,7,9.150501883668955e-13,0.257788429421351,0.7194332277892681,0.022778342788465855,0.9937348997661214,0.6114902404023422,2,True,True,True,False,,True,True,positive_0p20_right_mid_loading_early_stance_native_strong_ice_v0,0,0.2,False,False,False,False,-52,VALID_EVENT_OUTPUT
184,2039,1,18,9,9.997119797001759e-13,0.001140900608154576,0.9988583605595048,7.388313408331885e-07,0.929633156666328,0.8069020656112201,2,True,True,True,False,,True,True,positive_0p20_right_mid_loading_early_stance_native_strong_ice_v0,0,0.2,False,False,False,False,,NORMAL_CONTACT_FP
194,2139,1,19,10,1.6375397707609672e-14,0.0003239243405254212,0.964798561813771,0.034877513845687075,0.9354055993588225,0.8513710378363226,2,True,True,True,False,,True,True,positive_0p20_right_mid_loading_early_stance_native_strong_ice_v0,0,0.2,False,False,False,False,,NORMAL_CONTACT_FP
250,2699,1,22,13,9.81073912686976e-16,0.1824887033625474,0.8014593099109073,0.016051986726544322,0.9960722756242977,0.666683850196475,2,True,True,True,False,,True,True,positive_0p20_right_mid_loading_early_stance_native_strong_ice_v0,0,0.2,False,False,False,False,-61,VALID_EVENT_OUTPUT
50,699,1,7,6,1.187913191298679e-18,2.643730280199842e-06,0.9999303803214925,6.697594822742867e-05,0.9926443950678899,0.9275271646285883,2,True,True,True,False,,True,True,positive_0p20_right_mid_loading_early_stance_native_strong_ice_v1,1,0.2,False,False,False,False,,NORMAL_CONTACT_FP
53,729,1,8,6,1.2280474251847219e-23,4.842906791199067e-05,0.9994784934788571,0.0004730774532308096,0.8549909340074275,0.9352866510701107,2,True,True,True,False,,True,True,positive_0p20_right_mid_loading_early_stance_native_strong_ice_v1,1,0.2,False,False,False,False,,NORMAL_CONTACT_FP
109,1289,1,11,9,9.92966497605059e-17,0.03302325464986349,0.9668608920648487,0.00011585328528771468,0.9805641089628633,0.942231876161834,2,True,True,True,False,,True,True,positive_0p20_right_mid_loading_early_stance_native_strong_ice_v1,1,0.2,False,False,False,False,-57,VALID_EVENT_OUTPUT
113,1329,1,12,9,4.634565486451423e-20,0.0060193577393496955,0.9873379970192179,0.006642645241432477,0.9231815947106672,0.9641666458413836,2,True,True,True,False,,True,True,positive_0p20_right_mid_loading_early_stance_native_strong_ice_v1,1,0.2,False,False,False,False,-17,VALID_EVENT_OUTPUT
168,1879,1,20,16,2.9946836704977837e-22,0.016001438550910758,0.9794169691268796,0.004581592322209818,0.9791241107762697,0.7141960024619213,2,True,True,True,False,,True,True,positive_0p20_right_mid_loading_early_stance_native_strong_ice_v1,1,0.2,False,False,False,False,,NORMAL_CONTACT_FP
177,1969,1,22,17,3.687865655778078e-15,4.083853334233917e-13,0.9933075653909488,0.006692434608639135,0.8255592505107012,0.7913014930410756,2,True,True,True,False,,True,True,positive_0p20_right_mid_loading_early_stance_native_strong_ice_v1,1,0.2,False,False,False,False,,NORMAL_CONTACT_FP
228,2479,1,24,19,8.175324255509618e-20,0.29339221271486016,0.706492989376828,0.00011479790831191538,0.9882328730643829,0.915405061428153,2,True,True,True,False,,True,True,positive_0p20_right_mid_loading_early_stance_native_strong_ice_v1,1,0.2,False,False,False,False,-50,VALID_EVENT_OUTPUT
85,1049,1,11,11,4.198144364528971e-18,0.05739615443860183,0.9221127507517675,0.020491094809630774,0.9916941408511667,0.5154481641219234,2,True,True,True,False,,True,True,positive_0p20_right_mid_loading_early_stance_native_strong_ice_v2,2,0.2,False,False,False,False,-17,VALID_EVENT_OUTPUT
110,1299,0,2,2,1.8879549671089873e-07,0.0028354662947068596,0.9970934331758806,7.091173391591129e-05,0.6166228703480717,0.987706386421677,2,True,True,True,False,,True,True,positive_0p20_right_mid_loading_early_stance_native_strong_ice_v2,2,0.2,False,False,False,False,,NORMAL_CONTACT_FP
144,1639,1,13,13,9.191011143772799e-15,0.030429867333929557,0.966074478527397,0.0034956541386643378,0.9877612177605909,0.9409462477250798,2,True,True,True,False,,True,True,positive_0p20_right_mid_loading_early_stance_native_strong_ice_v2,2,0.2,False,False,False,False,-62,VALID_EVENT_OUTPUT
149,1689,1,15,13,1.3594538840694841e-17,0.0004647818551881825,0.9735900735789326,0.02594514456587932,0.9861265024253653,0.852658345511669,2,True,True,True,False,,True,True,positive_0p20_right_mid_loading_early_stance_native_strong_ice_v2,2,0.2,False,False,False,False,-12,VALID_EVENT_OUTPUT
202,2219,1,17,15,1.9170141405778899e-19,0.016288747119671012,0.9808019981790987,0.0029092547012303273,0.9898995746998638,0.9322819914651752,2,True,True,True,False,,True,True,positive_0p20_right_mid_loading_early_stance_native_strong_ice_v2,2,0.2,False,False,False,False,,NORMAL_CONTACT_FP
210,2299,1,19,16,1.0095944072888592e-10,6.473968550863402e-06,0.6903792538872439,0.30961427204324593,0.7018203527139955,0.48613295984635063,2,True,True,True,False,,True,True,positive_0p20_right_mid_loading_early_stance_native_strong_ice_v2,2,0.2,False,False,False,False,,NORMAL_CONTACT_FP
233,2529,0,4,4,1.6648884380937635e-08,0.015161088344235999,0.98459974349758,0.00023915150929971468,0.6304543731049627,0.9205155585262291,2,True,True,True,False,,True,True,positive_0p20_right_mid_loading_early_stance_native_strong_ice_v2,2,0.2,False,False,False,False,,NORMAL_CONTACT_FP
264,2839,1,26,23,5.631237220608549e-14,0.2262627498147425,0.754817379689802,0.018919870495399053,0.9738546794177487,0.7805698555254976,2,True,True,True,False,,True,True,positive_0p20_right_mid_loading_early_stance_native_strong_ice_v2,2,0.2,False,False,False,False,-55,VALID_EVENT_OUTPUT
270,2899,1,29,23,8.238484596817208e-21,4.2436063508099694e-07,0.8900175896728211,0.10998198596654382,0.9923474401403503,0.4751972341162002,2,True,True,True,False,,True,True,positive_0p20_right_mid_loading_early_stance_native_strong_ice_v2,2,0.2,False,False,False,False,5,VALID_EVENT_OUTPUT
23,429,1,1,1,4.565908797224985e-11,0.0002726742370765874,0.9997227512174424,4.574499821920909e-06,0.9806332883731821,0.9987458423146848,2,True,True,True,False,,True,True,positive_0p20_right_mid_late_stance_native_strong_ice_v0,0,0.2,False,False,False,False,-47,VALID_EVENT_OUTPUT
80,999,1,7,6,3.855399659143495e-07,0.002941801060307572,0.9970475316971961,1.0281702530456474e-05,0.8840426382553798,0.9367823598530426,2,True,True,True,False,,True,True,positive_0p20_right_mid_late_stance_native_strong_ice_v0,0,0.2,False,False,False,False,-68,VALID_EVENT_OUTPUT
111,1309,0,2,2,1.980138938856902e-06,4.7177569811839265e-12,0.9634460529534801,0.03655196690286332,0.6215333798831646,0.8866252463211062,2,True,True,True,False,,True,True,positive_0p20_right_mid_late_stance_native_strong_ice_v0,0,0.2,False,False,False,False,,NORMAL_CONTACT_FP
126,1459,1,14,13,1.7119255041104694e-08,0.27446477641232875,0.7255332990154048,1.907453011600236e-06,0.9656475964264348,0.707127673819878,2,True,True,True,False,,True,True,positive_0p20_right_mid_late_stance_native_strong_ice_v0,0,0.2,False,False,False,False,,TOO_EARLY
185,2049,1,22,21,2.2431090549413236e-13,0.015319400222859178,0.9846801000233999,4.997535165639954e-07,0.950570236974015,0.8416407967458832,2,True,True,True,False,,True,True,positive_0p20_right_mid_late_stance_native_strong_ice_v0,0,0.2,False,False,False,False,,TOO_EARLY
231,2509,0,4,4,2.135169087070022e-10,0.0003539000477746824,0.995086413762118,0.0045596859765905185,0.6630477194094989,0.7015933322021617,2,True,True,True,False,,True,True,positive_0p20_right_mid_late_stance_native_strong_ice_v0,0,0.2,False,False,False,False,,NORMAL_CONTACT_FP
260,2799,1,23,22,2.2880040287988828e-05,0.013718207451683928,0.9862279904719871,3.092203604122852e-05,0.7980939050858182,0.8744578814559085,2,True,True,True,False,,True,True,positive_0p20_right_mid_late_stance_native_strong_ice_v0,0,0.2,False,False,False,False,-72,VALID_EVENT_OUTPUT
127,1469,1,4,3,0.004871099738593284,0.0015433466958108596,0.9935381882491825,4.736531641321149e-05,0.9512991596220468,0.9628683706122403,2,True,True,True,False,,True,True,positive_0p20_right_mid_late_stance_native_strong_ice_v1,1,0.2,False,False,False,False,-55,VALID_EVENT_OUTPUT
182,2019,1,7,6,8.86796333400021e-06,0.013819797881033451,0.9861684145621069,2.919593525584389e-06,0.8741677058693176,0.9192435277382329,2,True,True,True,False,,True,True,positive_0p20_right_mid_late_stance_native_strong_ice_v1,1,0.2,False,False,False,False,-56,VALID_EVENT_OUTPUT
239,2589,1,22,20,1.9052983741480923e-12,1.6370307896888233e-05,0.9999836200046756,9.685522343186608e-09,0.9811727296218024,0.9986976445813387,2,True,True,True,False,,True,True,positive_0p20_right_mid_late_stance_native_strong_ice_v1,1,0.2,False,False,False,False,-63,VALID_EVENT_OUTPUT
39,589,1,1,1,6.676877614607395e-12,2.4480690555331927e-07,0.9995120331896076,0.0004877219968100717,0.9416525057570426,0.997913462695449,2,True,True,True,False,,True,True,positive_0p20_right_mid_late_stance_native_strong_ice_v2,2,0.2,False,False,False,False,,NORMAL_CONTACT_FP
96,1159,1,3,3,2.755137062305771e-10,0.0003065938058029995,0.9993071896531611,0.000386216265522225,0.9543586055090413,0.9938780610060126,2,True,True,True,False,,True,True,positive_0p20_right_mid_late_stance_native_strong_ice_v2,2,0.2,False,False,False,False,,NORMAL_CONTACT_FP
155,1749,1,5,5,0.0037076091004421747,0.016562489161529238,0.9771363318430006,0.0025935698950278075,0.7380610304956251,0.5677017689556183,2,True,True,True,False,,True,True,positive_0p20_right_mid_late_stance_native_strong_ice_v2,2,0.2,False,False,False,False,,NORMAL_CONTACT_FP
215,2349,1,8,8,0.008710096064898021,0.04677950083867608,0.9437267334443608,0.0007836696520651711,0.7571514657149835,0.6041661759465199,2,True,True,True,False,,True,True,positive_0p20_right_mid_late_stance_native_strong_ice_v2,2,0.2,False,False,False,False,-73,VALID_EVENT_OUTPUT
273,2929,1,13,13,5.9123556208826036e-05,0.005671655554068452,0.9938720759101344,0.0003971449795883011,0.8943617388989534,0.7460772042563564,2,True,True,True,False,,True,True,positive_0p20_right_mid_late_stance_native_strong_ice_v2,2,0.2,False,False,False,False,,NORMAL_CONTACT_FP
86,1059,0,23,20,3.485647015301452e-22,5.747324842315535e-06,0.9957121689473186,0.004282083727838971,0.9728911607257683,0.7364132742878264,2,True,True,True,False,,True,True,positive_0p10_left_early_loading_v0_M1,0,0.1,False,False,False,False,-37,VALID_EVENT_OUTPUT
109,1289,1,5,5,3.7928645042671924e-40,7.86465872461745e-12,0.9999937472614839,6.252730651429754e-06,0.8265389751021937,0.9998839773132254,2,True,True,True,False,,True,True,positive_0p10_left_early_loading_v0_M1,0,0.1,False,False,False,False,,NORMAL_CONTACT_FP
64,839,0,19,16,5.228809904643659e-13,0.0009450014581748992,0.9990549883232396,1.0218062744602061e-08,0.9909382830108187,0.9822737441522407,2,True,True,True,False,,False,True,positive_0p10_left_early_loading_v1_M1,1,0.1,False,False,False,True,,NORMAL_CONTACT_FP
141,1609,1,20,20,9.608339865345081e-58,3.724032112456144e-24,0.8899004496224796,0.11009955037752037,0.9971496145058262,0.7986435558627326,2,True,True,True,False,,True,True,positive_0p10_left_early_loading_v1_M1,1,0.1,False,False,False,False,,NORMAL_CONTACT_FP
214,2339,1,32,32,1.342521313102906e-57,2.3203244823664105e-49,0.9997600843385076,0.00023991566149223295,0.9999996987248823,0.993993936611538,2,True,True,True,False,,False,True,positive_0p10_left_early_loading_v1_M1,1,0.1,True,False,False,True,,POST_FALL_ADVISORY
218,2379,1,33,33,1.2284568359356206e-58,6.539907818443231e-47,0.9999997694912289,2.3050877112144068e-07,0.9999999999982503,0.999999996600752,2,True,True,True,False,,False,True,positive_0p10_left_early_loading_v1_M1,1,0.1,True,False,False,True,,POST_FALL_ADVISORY
57,769,0,8,1,7.36747115733579e-20,9.116419387355272e-08,0.8182361183809094,0.18176379045489688,0.9150206234545746,0.8377304329573043,2,True,True,True,False,,True,True,positive_0p10_left_mid_loading_early_stance_v0_M1,0,0.1,False,False,False,False,31,VALID_EVENT_OUTPUT
99,1189,0,10,3,4.484003519073399e-11,0.2062584481939773,0.7895311492303161,0.0042104025308665706,0.7530342446630987,0.8346035932818411,2,True,True,True,False,,True,True,positive_0p10_left_mid_loading_early_stance_v0_M1,0,0.1,False,False,False,False,-75,VALID_EVENT_OUTPUT
160,1799,0,13,6,4.221925105162214e-12,0.1303713143777768,0.8603112215154124,0.009317464102588857,0.8356944846578565,0.7477710578053836,2,True,True,True,False,,True,True,positive_0p10_left_mid_loading_early_stance_v0_M1,0,0.1,False,False,False,False,-77,VALID_EVENT_OUTPUT
219,2389,0,15,8,6.108536733374946e-16,0.0009377568938460447,0.9964247441740317,0.0026374989321216813,0.907218794756979,0.920606585503395,2,True,True,True,False,,True,True,positive_0p10_left_mid_loading_early_stance_v0_M1,0,0.1,False,False,False,False,-71,VALID_EVENT_OUTPUT
260,2799,1,6,6,3.1686632403192704e-10,3.282059078419624e-05,0.9999559753367081,1.1203755641461938e-05,0.813003581794239,0.9876071732444491,2,True,True,True,False,,True,True,positive_0p10_left_mid_loading_early_stance_v0_M1,0,0.1,False,False,False,False,,NORMAL_CONTACT_FP
280,2999,0,19,11,2.5020523857985175e-24,0.0767735887145859,0.8966398083740952,0.026586602911318855,0.613779621644138,0.626948110804251,2,True,True,True,False,,True,True,positive_0p10_left_mid_loading_early_stance_v0_M1,0,0.1,False,False,False,False,,NORMAL_CONTACT_FP
31,509,0,5,1,3.991752069696729e-18,6.260603789471128e-17,0.7735514979460113,0.22644850205398864,0.823293910500534,0.83255814736136,2,True,True,True,False,,True,True,positive_0p10_left_mid_loading_early_stance_v1_M1,1,0.1,False,False,False,False,-37,VALID_EVENT_OUTPUT
84,1039,0,8,2,1.5935506809964905e-25,0.02947090485137339,0.9580028177723708,0.012526277376255645,0.994481890064968,0.8754113374592438,2,True,True,True,False,,True,True,positive_0p10_left_mid_loading_early_stance_v1_M1,1,0.1,False,False,False,False,-26,VALID_EVENT_OUTPUT
136,1559,0,12,5,4.703561170945445e-10,0.1411769642817149,0.8587779831136414,4.505213428755106e-05,0.9189442534520756,0.4750009394736569,2,True,True,True,False,,True,True,positive_0p10_left_mid_loading_early_stance_v1_M1,1,0.1,False,False,False,False,-98,VALID_EVENT_OUTPUT
150,1699,0,13,6,6.93808753608111e-25,3.144192452869315e-14,0.8102384380396502,0.18976156196031832,0.6648295033748389,0.8414717594342132,2,True,True,True,False,,True,True,positive_0p10_left_mid_loading_early_stance_v1_M1,1,0.1,False,False,False,False,,NORMAL_CONTACT_FP
210,2299,0,16,9,3.861983148980405e-15,2.0875512175870977e-11,0.9989402729161703,0.0010597270629504778,0.9031580808541542,0.7764531752302898,2,True,True,True,False,,True,True,positive_0p10_left_mid_loading_early_stance_v1_M1,1,0.1,False,False,False,False,,NORMAL_CONTACT_FP
265,2849,0,18,11,7.222778200764664e-20,0.03854110894254671,0.9503475833246489,0.011111307732804476,0.9677277639817232,0.8222177419680675,2,True,True,True,False,,True,True,positive_0p10_left_mid_loading_early_stance_v1_M1,1,0.1,False,False,False,False,,NORMAL_CONTACT_FP
114,1339,0,10,4,9.825132671788398e-14,0.21108172877224463,0.787592052776978,0.0013262184506791575,0.9203319193134821,0.7228499329675443,2,True,True,True,False,,True,True,positive_0p10_left_mid_loading_early_stance_v2_M1,2,0.1,False,False,False,False,-70,VALID_EVENT_OUTPUT
174,1939,0,11,5,2.896633715304349e-18,0.17986565992512746,0.8131922264766891,0.006942113598183571,0.8576135995433023,0.6479747166413915,2,True,True,True,False,,True,True,positive_0p10_left_mid_loading_early_stance_v2_M1,2,0.1,False,False,False,False,,NORMAL_CONTACT_FP
182,2019,0,12,6,3.3222402627752415e-12,1.830230954795371e-05,0.9882978668647217,0.011683830822408014,0.6857837907272971,0.8625895691917989,2,True,True,True,False,,True,True,positive_0p10_left_mid_loading_early_stance_v2_M1,2,0.1,False,False,False,False,,NORMAL_CONTACT_FP
240,2599,0,14,8,1.8108942433105242e-13,0.0042738973043730585,0.9760866651155589,0.019639437579886888,0.8719895855978392,0.6266378023774208,2,True,True,True,False,,True,True,positive_0p10_left_mid_loading_early_stance_v2_M1,2,0.1,False,False,False,False,,NORMAL_CONTACT_FP
31,509,0,1,1,7.054089096312162e-05,0.0003172548743401084,0.9996111255643737,1.078670323020241e-06,0.7611227875038498,0.9864716368642689,2,True,True,True,False,,True,True,positive_0p10_left_mid_late_stance_v1_M1,1,0.1,False,False,False,False,-78,VALID_EVENT_OUTPUT
90,1099,0,10,3,0.0002194259734539246,0.015192986629542701,0.9845874466187013,1.40778302078329e-07,0.7654367121097567,0.9007070939074127,2,True,True,True,False,,True,True,positive_0p10_left_mid_late_stance_v1_M1,1,0.1,False,False,False,False,,NORMAL_CONTACT_FP
156,1759,0,12,5,1.7251846727005802e-06,4.437389025918542e-05,0.9999461806075143,7.720317553823185e-06,0.9003704448531037,0.9956753011128466,2,True,True,True,False,,True,True,positive_0p10_left_mid_late_stance_v1_M1,1,0.1,False,False,False,False,,NORMAL_CONTACT_FP
277,2969,0,15,8,0.022954890120654815,0.018001074103434152,0.9590332149663857,1.0820809525451565e-05,0.8900170807720361,0.9631142951151629,2,True,True,True,False,,True,True,positive_0p10_left_mid_late_stance_v1_M1,1,0.1,False,False,False,False,,NORMAL_CONTACT_FP
7,269,1,1,1,9.317332486574975e-06,0.0004113312072358452,0.980645600111433,0.01893375134884449,0.9797164097751507,0.8803835654743706,2,True,True,True,False,,True,True,positive_0p10_right_early_loading_v0_M1,0,0.1,False,False,False,False,-38,VALID_EVENT_OUTPUT
15,349,1,2,2,4.6757166856076365e-36,8.056096110942398e-11,0.9928850561578382,0.00711494376160092,0.9147672962339776,0.7369519147802583,2,True,True,True,False,,True,True,positive_0p10_right_early_loading_v0_M1,0,0.1,False,False,False,False,,NORMAL_CONTACT_FP
55,749,1,10,10,7.983577675167967e-35,0.001241458469543891,0.9987563539792736,2.1875511822727613e-06,0.9950696375738617,0.9553865549849948,2,True,True,True,False,,False,True,positive_0p10_right_early_loading_v0_M1,0,0.1,False,False,False,True,-42,VALID_EVENT_OUTPUT
137,1569,1,81,76,2.123225539809074e-78,1.4226304545676351e-102,0.999989524141862,1.0475858138010349e-05,0.9999999899998696,0.9996183207589404,2,True,True,True,False,,True,True,positive_0p10_right_early_loading_v0_M1,0,0.1,False,False,False,False,0,VALID_EVENT_OUTPUT
23,429,0,1,1,0.0010638694100449772,1.0535858581123753e-06,0.9989343849359292,6.920681678043398e-07,0.8737194801906245,0.9561148639912291,2,True,True,True,False,,True,True,positive_0p10_right_early_loading_v1_M1,1,0.1,False,False,False,False,,NORMAL_CONTACT_FP
43,629,1,13,13,1.9142768808758065e-25,4.156659260841419e-09,0.9998135937577726,0.00018640208556809448,0.9994245301813869,0.999459640823992,2,True,True,True,False,,True,True,positive_0p10_right_early_loading_v1_M1,1,0.1,False,False,False,False,-31,VALID_EVENT_OUTPUT
90,1099,1,67,57,1.2478872782086586e-20,7.474379727849927e-05,0.9823981852075967,0.017527070995124863,0.9997660006671836,0.4691627949885802,2,True,True,True,False,,True,True,positive_0p10_right_early_loading_v1_M1,1,0.1,False,False,False,False,,NORMAL_CONTACT_FP
145,1649,0,13,13,6.648193252366626e-49,0.0004844309889713293,0.9995155690110286,2.1239192249584884e-23,0.9999999896866855,0.9999999877281708,2,True,True,True,False,,True,True,positive_0p10_right_early_loading_v1_M1,1,0.1,False,False,False,False,,NORMAL_CONTACT_FP
22,419,1,1,1,9.129332232681282e-13,0.006008324724321857,0.993795560845003,0.00019611442976219163,0.8554911106976223,0.9423226232279981,2,True,True,True,False,,True,True,positive_0p10_right_early_loading_v2_M1,2,0.1,False,False,False,False,,NORMAL_CONTACT_FP
41,609,0,1,1,1.756959814511846e-11,0.000600753189708691,0.9991489192546709,0.00025032753805082075,0.9233574399031185,0.8655081370926586,2,True,True,True,False,,True,True,positive_0p10_right_early_loading_v2_M1,2,0.1,False,False,False,False,,NORMAL_CONTACT_FP
69,889,1,6,6,9.249991688619259e-31,0.0003581452250551482,0.9996273653936684,1.4489381276404254e-05,0.9590577853769874,0.9710071138717337,2,True,True,True,False,,False,True,positive_0p10_right_early_loading_v2_M1,2,0.1,False,False,False,True,-36,VALID_EVENT_OUTPUT
90,1099,0,3,3,8.229174919258325e-51,0.00010822583431421445,0.9998569462121546,3.4827953531141006e-05,0.9925961025499608,0.9923014708744067,2,True,True,True,False,,True,True,positive_0p10_right_early_loading_v2_M1,2,0.1,False,False,False,False,,NORMAL_CONTACT_FP
151,1709,1,81,78,4.12732602249712e-95,1.887411314964048e-88,0.8521881622344186,0.14781183776558132,0.9994594113158866,0.9006548931716963,2,True,True,True,False,,True,True,positive_0p10_right_early_loading_v2_M1,2,0.1,False,False,False,False,4,VALID_EVENT_OUTPUT
166,1859,0,13,13,1.475696009356704e-45,1.3112416630987852e-102,0.9999933903609434,6.6096390565596715e-06,0.8527493283844311,0.9999999846188017,2,True,True,True,False,,True,True,positive_0p10_right_early_loading_v2_M1,2,0.1,True,False,False,False,,POST_FALL_ADVISORY
12,319,1,1,1,8.98110752514435e-08,0.004037863240069341,0.9955059334599302,0.00045611348892514626,0.7291554945382563,0.918680188023874,2,True,True,True,False,,True,True,positive_0p10_right_mid_loading_early_stance_v0_M1,0,0.1,False,False,False,False,-83,VALID_EVENT_OUTPUT
69,889,1,4,4,6.125670032861616e-14,0.0390143736446627,0.9567335544213751,0.004252071933900886,0.7619739808027862,0.6754938040615972,2,True,True,True,False,,True,True,positive_0p10_right_mid_loading_early_stance_v0_M1,0,0.1,False,False,False,False,,TOO_EARLY
138,1579,1,9,6,4.3156557658526244e-19,0.0017268174560851745,0.979344993454349,0.01892818908956575,0.8622066593669884,0.7084238698266394,2,True,True,True,False,,True,True,positive_0p10_right_mid_loading_early_stance_v0_M1,0,0.1,False,False,False,False,,NORMAL_CONTACT_FP
194,2139,1,12,8,3.1513665447373886e-30,0.017718575164205722,0.9820482601604757,0.0002331646753185707,0.9720471091248545,0.9627299659497263,2,True,True,True,False,,True,True,positive_0p10_right_mid_loading_early_stance_v0_M1,0,0.1,False,False,False,False,,NORMAL_CONTACT_FP
199,2189,1,13,9,8.995970232535572e-27,1.3674940895200711e-06,0.9507685368397151,0.049230095666195614,0.7818013139295842,0.926229591531763,2,True,True,True,False,,True,True,positive_0p10_right_mid_loading_early_stance_v0_M1,0,0.1,False,False,False,False,,NORMAL_CONTACT_FP
247,2669,1,19,15,6.489448925710875e-09,0.1618766063673497,0.8377860566276946,0.0003373305155068671,0.8582130986559711,0.7036015599611284,2,True,True,True,False,,True,True,positive_0p10_right_mid_loading_early_stance_v0_M1,0,0.1,False,False,False,False,-81,VALID_EVENT_OUTPUT
259,2789,1,25,15,1.4386770658247267e-26,6.094423284294129e-12,0.6892477361014724,0.31075226389243327,0.7086821552986448,0.5959783166068374,2,True,True,True,False,,True,True,positive_0p10_right_mid_loading_early_stance_v0_M1,0,0.1,False,False,False,False,39,VALID_EVENT_OUTPUT
58,779,1,10,5,3.2294831226839316e-16,8.127491740615482e-07,0.7229418067031792,0.27705738054764634,0.9634999213425864,0.5994524824251575,2,True,True,True,False,,True,True,positive_0p10_right_mid_loading_early_stance_v1_M1,1,0.1,False,False,False,False,-14,VALID_EVENT_OUTPUT
105,1249,1,12,6,2.206392536831756e-19,0.00012226543918498483,0.9998762781101846,1.4564506303381235e-06,0.8766549659520514,0.9270572602071225,2,True,True,True,False,,True,True,positive_0p10_right_mid_loading_early_stance_v1_M1,1,0.1,False,False,False,False,,NORMAL_CONTACT_FP
115,1349,1,14,6,2.3822596884917403e-20,8.962767521197596e-15,0.9999563142414567,4.368575853436481e-05,0.7482951655388883,0.7885775010070255,2,True,True,True,False,,True,True,positive_0p10_right_mid_loading_early_stance_v1_M1,1,0.1,False,False,False,False,,NORMAL_CONTACT_FP
120,1399,1,15,7,7.159290364661308e-16,6.609853105125172e-20,0.9995309489966623,0.0004690510033370788,0.8922448574770596,0.9896888134754792,2,True,True,True,False,,True,True,positive_0p10_right_mid_loading_early_stance_v1_M1,1,0.1,False,False,False,False,,NORMAL_CONTACT_FP
170,1899,1,21,12,5.483341644311105e-16,0.19462055680177107,0.8053146649672311,6.477823099720846e-05,0.9482279078828912,0.9096219982665732,2,True,True,True,False,,True,True,positive_0p10_right_mid_loading_early_stance_v1_M1,1,0.1,False,False,False,False,-63,VALID_EVENT_OUTPUT
176,1959,1,22,12,8.131621399772843e-26,2.5228502210889674e-06,0.8621552734491572,0.1378422037006218,0.9794634575147879,0.7942211921043019,2,True,True,True,False,,True,True,positive_0p10_right_mid_loading_early_stance_v1_M1,1,0.1,False,False,False,False,-3,VALID_EVENT_OUTPUT
229,2489,1,24,14,8.377223172245677e-18,0.05012622450036766,0.9487448051433343,0.001128970356298012,0.977234654000646,0.9227102138425466,2,True,True,True,False,,True,True,positive_0p10_right_mid_loading_early_stance_v1_M1,1,0.1,False,False,False,False,,NORMAL_CONTACT_FP
239,2589,1,25,15,2.1469554140985235e-21,4.687440587228642e-15,0.9998878428097926,0.00011215719020269168,0.8896649957050528,0.9900227303992426,2,True,True,True,False,,True,True,positive_0p10_right_mid_loading_early_stance_v1_M1,1,0.1,False,False,False,False,,NORMAL_CONTACT_FP
39,589,1,1,1,1.7587971712040027e-07,7.49915212674194e-08,0.9926367301332469,0.007363018995514683,0.6053480184523916,0.557310005141543,2,True,True,True,False,,True,True,positive_0p10_right_mid_loading_early_stance_v2_M1,2,0.1,False,False,False,False,,NORMAL_CONTACT_FP
142,1619,1,4,4,2.342462062417805e-13,0.01636405761286279,0.98294973831837,0.0006862040685331092,0.9081948016035077,0.8745237017017425,2,True,True,True,False,,True,True,positive_0p10_right_mid_loading_early_stance_v2_M1,2,0.1,False,False,False,False,,NORMAL_CONTACT_FP
154,1739,1,5,4,3.9200849407946667e-17,6.57648634709523e-09,0.9747632532648076,0.025236740158705945,0.9613124007598649,0.9606345710457387,2,True,True,True,False,,True,True,positive_0p10_right_mid_loading_early_stance_v2_M1,2,0.1,False,False,False,False,,NORMAL_CONTACT_FP
206,2259,1,7,6,2.851918666486247e-10,0.12828709655755802,0.867240789837765,0.004472113319485187,0.9564977432633699,0.8700034188945331,2,True,True,True,False,,True,True,positive_0p10_right_mid_loading_early_stance_v2_M1,2,0.1,False,False,False,False,-71,VALID_EVENT_OUTPUT
262,2819,1,12,11,9.868513759914952e-17,0.11604013102255709,0.8832134140106747,0.0007464549667682885,0.9713700645173645,0.9077040193205064,2,True,True,True,False,,True,True,positive_0p10_right_mid_loading_early_stance_v2_M1,2,0.1,False,False,False,False,,NORMAL_CONTACT_FP
273,2929,1,13,12,9.292921434075173e-17,1.0160401224919608e-10,0.9728089095864398,0.02719109031195604,0.9172527889210419,0.9235177537633569,2,True,True,True,False,,True,True,positive_0p10_right_mid_loading_early_stance_v2_M1,2,0.1,False,False,False,False,,NORMAL_CONTACT_FP
24,439,1,1,1,4.164138525259812e-08,0.0161821131420605,0.9838114113015728,6.433914981275289e-06,0.8103236731897472,0.990838897962264,2,True,True,True,False,,True,True,positive_0p10_right_mid_late_stance_v0_M1,0,0.1,False,False,False,False,-68,VALID_EVENT_OUTPUT
83,1029,1,3,3,1.1889799822840294e-05,2.2038811702489028e-05,0.9999660690187822,2.3696925890068308e-09,0.6177857504937576,0.9844047617742929,2,True,True,True,False,,True,True,positive_0p10_right_mid_late_stance_v0_M1,0,0.1,False,False,False,False,,NORMAL_CONTACT_FP
145,1649,1,4,4,3.3555659655571043e-10,2.216505369818497e-08,0.9999999557537587,2.174563095408831e-08,0.705496692457105,0.9990346246671029,2,True,True,True,False,,True,True,positive_0p10_right_mid_late_stance_v0_M1,0,0.1,False,False,False,False,,NORMAL_CONTACT_FP
200,2199,1,7,7,9.639883120990473e-06,0.011295721910154167,0.9886491523416883,4.548586503659518e-05,0.7293447865596173,0.8787364033093122,2,True,True,True,False,,True,True,positive_0p10_right_mid_late_stance_v0_M1,0,0.1,False,False,False,False,,NORMAL_CONTACT_FP
265,2849,1,8,8,2.275443882056526e-10,3.001138069967535e-10,0.9999917240402276,8.275432114232943e-06,0.9689813457811102,0.9987940868258648,2,True,True,True,False,,True,True,positive_0p10_right_mid_late_stance_v0_M1,0,0.1,False,False,False,False,,NORMAL_CONTACT_FP
40,599,1,1,1,1.3035301580778939e-07,5.039050401811425e-07,0.9997340531452541,0.0002653125966898939,0.9542178007010156,0.9989263348888416,2,True,True,True,False,,True,True,positive_0p10_right_mid_late_stance_v2_M1,2,0.1,False,False,False,False,,NORMAL_CONTACT_FP
102,1219,1,3,3,1.1170473373443536e-16,3.691079848231127e-10,0.9884076813894258,0.011592318241466061,0.9590074771019086,0.8680667637906451,2,True,True,True,False,,True,True,positive_0p10_right_mid_late_stance_v2_M1,2,0.1,False,False,False,False,,NORMAL_CONTACT_FP
157,1769,1,5,5,3.6037326274763333e-07,0.00026495433794867867,0.9989510596282625,0.0007836256605260627,0.8147768838281737,0.9870320327545014,2,True,True,True,False,,True,True,positive_0p10_right_mid_late_stance_v2_M1,2,0.1,False,False,False,False,,NORMAL_CONTACT_FP
221,2409,1,7,7,1.3479198902694139e-08,2.1797617275208503e-08,0.9984884572295647,0.0015115074936190502,0.8382428126205306,0.9863050068978675,2,True,True,True,False,,True,True,positive_0p10_right_mid_late_stance_v2_M1,2,0.1,False,False,False,False,-55,VALID_EVENT_OUTPUT
275,2949,1,9,9,0.023308230994822588,0.08542516613579072,0.8911432876509785,0.00012331521840815022,0.7055151215872479,0.7301327835219321,2,True,True,True,False,,True,True,positive_0p10_right_mid_late_stance_v2_M1,2,0.1,False,False,False,False,,NORMAL_CONTACT_FP
38,579,0,6,6,3.964560503783031e-11,0.11347947853699712,0.8630981136084728,0.023422407814884576,0.7906844306903938,0.7854783833640347,2,True,True,True,False,,True,True,positive_0p15_left_early_loading_v0_M1,0,0.15,False,False,False,False,,NORMAL_CONTACT_FP
86,1059,0,34,29,3.819836905607178e-23,1.701641976222037e-06,0.9957033320419431,0.00429496631608067,0.9809415782614227,0.7391029691711869,2,True,True,True,False,,True,True,positive_0p15_left_early_loading_v0_M1,0,0.15,False,False,False,False,,NORMAL_CONTACT_FP
214,2339,0,120,113,1.9324843386711424e-157,1.7664750015921043e-64,0.9999999999962439,3.756060933210588e-12,0.9999999997306463,1.0,2,True,True,True,False,,True,True,positive_0p15_left_early_loading_v0_M1,0,0.15,True,False,False,False,,POST_FALL_ADVISORY
63,829,0,19,17,1.7459879118619224e-12,7.298489350706428e-05,0.9999270099288688,5.17587807381839e-09,0.9992103113195892,0.9917969331544597,2,True,True,True,False,,False,True,positive_0p15_left_early_loading_v1_M1,1,0.15,False,False,False,True,-62,VALID_EVENT_OUTPUT
123,1429,0,55,50,1.310010937941603e-13,0.011017487866622246,0.7965345023028787,0.1924480098303682,0.9966455108472838,0.6564958177024415,2,True,True,True,False,,True,True,positive_0p15_left_early_loading_v1_M1,1,0.15,False,False,False,False,-30,VALID_EVENT_OUTPUT
142,1619,1,8,8,2.0596137412156004e-35,4.777101278189895e-18,0.9999996221707124,3.7782928773934335e-07,0.999611450313898,0.999612758923979,2,True,True,True,False,,False,True,positive_0p15_left_early_loading_v1_M1,1,0.15,False,False,False,True,,NORMAL_CONTACT_FP
191,2109,1,14,14,1.4081444496847933e-49,1.1480688165198138e-30,0.9999999999934119,6.5880996290371365e-12,0.9999999909624252,0.9999999999999882,2,True,True,True,False,,True,True,positive_0p15_left_early_loading_v1_M1,1,0.15,True,False,False,False,,POST_FALL_ADVISORY
49,689,0,8,6,1.4804373555468768e-17,0.00017780181858985294,0.9998221319049819,6.627642812876826e-08,0.8863920106741121,0.9762370014531039,2,True,True,True,False,,False,True,positive_0p15_left_early_loading_v2_M1,2,0.15,False,False,False,True,,NORMAL_CONTACT_FP
95,1149,0,29,21,3.025965140250914e-25,9.413906054232178e-06,0.998957175664987,0.0010334104289587704,0.9933721244064997,0.6966768392946807,2,True,True,True,False,,False,True,positive_0p15_left_early_loading_v2_M1,2,0.15,False,False,False,True,-70,VALID_EVENT_OUTPUT
123,1429,0,43,29,1.0283404591057574e-42,7.571911086807817e-30,0.5673008681294496,0.4326991318705505,0.9290562889468237,0.9881639030835779,2,True,True,True,False,,False,True,positive_0p15_left_early_loading_v2_M1,2,0.15,False,False,False,True,-15,VALID_EVENT_OUTPUT
153,1729,0,65,51,9.626181205159633e-16,0.0024522297985992156,0.9968481178361898,0.0006996523652101165,0.9113684370809509,0.8655763883733568,2,True,True,True,False,,False,True,positive_0p15_left_early_loading_v2_M1,2,0.15,False,False,False,True,,NORMAL_CONTACT_FP
178,1979,0,72,56,2.6681047176114432e-45,6.378028231989226e-13,0.8400294887299583,0.15997051126940404,0.8399122597558237,0.9489202250818335,2,True,True,True,False,,False,True,positive_0p15_left_early_loading_v2_M1,2,0.15,False,False,False,True,,NORMAL_CONTACT_FP
194,2139,1,17,17,1.9328118175187818e-26,7.079720815348505e-29,0.9998049686963421,0.00019503130365804974,0.9997884106758252,0.9999679546033706,2,True,True,True,False,,True,True,positive_0p15_left_early_loading_v2_M1,2,0.15,True,False,False,False,,POST_FALL_ADVISORY
29,489,0,3,2,2.6273254610786575e-13,6.3935633478589545e-09,0.9999914665499883,8.527056185734283e-06,0.8864230748930927,0.6581892882303977,2,True,True,True,False,,True,True,positive_0p15_left_mid_loading_early_stance_v1_M1,1,0.15,False,False,False,False,,NORMAL_CONTACT_FP
34,539,0,6,2,1.6936225239716262e-07,5.599891142949458e-11,0.9932451445427262,0.0067546860390224625,0.7949168175902002,0.8540509748506667,2,True,True,True,False,,True,True,positive_0p15_left_mid_loading_early_stance_v1_M1,1,0.15,False,False,False,False,,NORMAL_CONTACT_FP
91,1109,0,8,4,3.902024214889371e-14,3.998109281713093e-10,0.9987135844423528,0.0012864151577972683,0.9959696834349677,0.7566985347917831,2,True,True,True,False,,True,True,positive_0p15_left_mid_loading_early_stance_v1_M1,1,0.15,False,False,False,False,,NORMAL_CONTACT_FP
151,1709,0,14,7,1.1065386478181157e-13,2.4440455745924434e-06,0.9307107499956935,0.06928680595862145,0.9258954484661251,0.8010103633126138,2,True,True,True,False,,True,True,positive_0p15_left_mid_loading_early_stance_v1_M1,1,0.15,False,False,False,False,,NORMAL_CONTACT_FP
265,2849,0,19,12,1.8165620799474435e-20,0.038746680181229814,0.9362879628112611,0.024965357007509043,0.9901130714576863,0.5750033855779535,2,True,True,True,False,,True,True,positive_0p15_left_mid_loading_early_stance_v1_M1,1,0.15,False,False,False,False,-31,VALID_EVENT_OUTPUT
115,1349,0,7,3,4.0406761628753444e-10,0.07690239432827528,0.9164393702337633,0.006658235033893722,0.8455685919234129,0.839725750563829,2,True,True,True,False,,True,True,positive_0p15_left_mid_loading_early_stance_v2_M1,2,0.15,False,False,False,False,,NORMAL_CONTACT_FP
175,1949,0,10,6,8.095470165353921e-13,0.06310813321267894,0.9328751177385142,0.0040167490479972815,0.831079994122445,0.767995670680012,2,True,True,True,False,,True,True,positive_0p15_left_mid_loading_early_stance_v2_M1,2,0.15,False,False,False,False,,TOO_EARLY
244,2639,0,12,8,7.13581953936168e-14,7.857842732357911e-08,0.8592293747453512,0.14077054667614997,0.892627576820816,0.801758260426024,2,True,True,True,False,,True,True,positive_0p15_left_mid_loading_early_stance_v2_M1,2,0.15,False,False,False,False,,NORMAL_CONTACT_FP
7,269,1,1,1,1.2451358283959804e-06,0.0015362546257119628,0.9780556156369935,0.02040688460146634,0.9732749882297689,0.9252300262908423,2,True,True,True,False,,True,True,positive_0p15_right_early_loading_v0_M1,0,0.15,False,False,False,False,-37,VALID_EVENT_OUTPUT
55,749,1,11,12,1.8256160560056602e-35,0.0008813028802918961,0.9991186317417867,6.537792133528748e-08,0.9598309867250234,0.9609815602194204,2,True,True,True,False,,False,True,positive_0p15_right_early_loading_v0_M1,0,0.15,False,False,False,True,-45,VALID_EVENT_OUTPUT
77,969,0,3,3,5.796708674383003e-23,0.00022698756216978547,0.9997079227045854,6.508973324462984e-05,0.9149858156018743,0.988607423218361,2,True,True,True,False,,False,True,positive_0p15_right_early_loading_v0_M1,0,0.15,False,False,False,True,,NORMAL_CONTACT_FP
112,1319,1,83,81,1.5793383829234247e-46,9.320074424359053e-11,0.9840122739726525,0.01598772593414667,0.847011367315769,0.9767429241277599,2,True,True,True,False,,True,True,positive_0p15_right_early_loading_v0_M1,0,0.15,False,False,False,False,-6,VALID_EVENT_OUTPUT
22,419,1,4,3,0.00873144879208016,0.08999780631222858,0.9012404627069531,3.0282188738149955e-05,0.879458760458242,0.9481757888841318,2,True,True,True,False,,True,True,positive_0p15_right_early_loading_v2_M1,2,0.15,False,False,False,False,-41,VALID_EVENT_OUTPUT
69,889,1,10,9,1.8104590180362177e-34,0.00040709495670384493,0.9995920704293864,8.346139097846355e-07,0.9159642182354497,0.979688242610725,2,True,True,True,False,,False,True,positive_0p15_right_early_loading_v2_M1,2,0.15,False,False,False,True,-40,VALID_EVENT_OUTPUT
151,1709,1,84,81,2.9146938499098042e-95,7.211415551120643e-85,0.8575743899332782,0.14242561006672183,0.985302701668978,0.9607834551905091,2,True,True,True,False,,True,True,positive_0p15_right_early_loading_v2_M1,2,0.15,False,False,False,False,-3,VALID_EVENT_OUTPUT
166,1859,0,24,24,4.074902086219813e-45,4.3708879591929785e-108,0.9999998871489785,1.1285102145448848e-07,0.8172301393329501,0.99999999983198,2,True,True,True,False,,True,True,positive_0p15_right_early_loading_v2_M1,2,0.15,True,False,False,False,,POST_FALL_ADVISORY
12,319,1,1,1,0.00030524926852912765,0.004929046676077001,0.9933551205429666,0.001410583512427351,0.6459973475304371,0.7444568274826797,2,True,True,True,False,,True,True,positive_0p15_right_mid_loading_early_stance_v0_M1,0,0.15,False,False,False,False,-85,VALID_EVENT_OUTPUT
67,869,1,5,5,5.579088554627348e-08,0.316100049603339,0.6836549631856412,0.00024493142013426737,0.8172718794599259,0.5518345861892633,2,True,True,True,False,,True,True,positive_0p15_right_mid_loading_early_stance_v0_M1,0,0.15,False,False,False,False,,NORMAL_CONTACT_FP
142,1619,1,10,9,1.0147348261675771e-13,3.982674343244159e-05,0.9998228370447332,0.00013733621173288023,0.8348536980314774,0.9471614099178238,2,True,True,True,False,,True,True,positive_0p15_right_mid_loading_early_stance_v0_M1,0,0.15,False,False,False,False,,NORMAL_CONTACT_FP
195,2149,1,12,11,7.570709022226194e-19,0.03912656032197055,0.9562049889840323,0.00466845069399704,0.9885359792060289,0.7195184559031729,2,True,True,True,False,,True,True,positive_0p15_right_mid_loading_early_stance_v0_M1,0,0.15,False,False,False,False,-39,VALID_EVENT_OUTPUT
247,2669,1,15,13,1.253502893057883e-08,0.16891999654707215,0.8308676436175246,0.00021234730037432707,0.9130846201811275,0.7159619741654132,2,True,True,True,False,,True,True,positive_0p15_right_mid_loading_early_stance_v0_M1,0,0.15,False,False,False,False,,NORMAL_CONTACT_FP
256,2759,1,16,14,2.9158177307616307e-16,0.10877021986409408,0.874997457741508,0.016232322394397525,0.7933905361632584,0.6453248590020382,2,True,True,True,False,,True,True,positive_0p15_right_mid_loading_early_stance_v0_M1,0,0.15,False,False,False,False,,NORMAL_CONTACT_FP
52,719,1,2,1,8.959530340224169e-12,0.0008823252194968445,0.9987991583479892,0.0003185164235544099,0.8456436462944145,0.5192382743019046,2,True,True,True,False,,True,True,positive_0p15_right_mid_loading_early_stance_v1_M1,1,0.15,False,False,False,False,,TOO_EARLY
57,769,1,4,1,1.5906815631589981e-16,0.00015842103048131038,0.9848991331527738,0.014942445816744638,0.9853928575053834,0.7484190338774697,2,True,True,True,False,,True,True,positive_0p15_right_mid_loading_early_stance_v1_M1,1,0.15,False,False,False,False,,TOO_EARLY
109,1289,1,8,3,4.3622952938256033e-14,0.002515104442506955,0.9958031229843423,0.0016817725731071828,0.9561595428802251,0.6697237056931244,2,True,True,True,False,,True,True,positive_0p15_right_mid_loading_early_stance_v1_M1,1,0.15,False,False,False,False,,NORMAL_CONTACT_FP
119,1389,1,10,4,2.199964427304429e-18,2.1731536192997045e-12,0.9982846905329162,0.001715309464910426,0.944133888397059,0.9302042010407835,2,True,True,True,False,,True,True,positive_0p15_right_mid_loading_early_stance_v1_M1,1,0.15,False,False,False,False,,NORMAL_CONTACT_FP
127,1469,1,11,5,1.6447107009217702e-07,2.22103845859412e-12,0.7191336873208738,0.28086614820583505,0.6271155586255408,0.5722084670591674,2,True,True,True,False,,True,True,positive_0p15_right_mid_loading_early_stance_v1_M1,1,0.15,False,False,False,False,,NORMAL_CONTACT_FP
171,1909,1,13,6,4.380012558276369e-12,0.07223815591570665,0.927572108496756,0.00018973558315741687,0.9403135883502599,0.8352753191403349,2,True,True,True,False,,True,True,positive_0p15_right_mid_loading_early_stance_v1_M1,1,0.15,False,False,False,False,-74,VALID_EVENT_OUTPUT
229,2489,1,17,8,1.6778382607960324e-18,0.10257506833197166,0.8974052584009513,1.96732670770075e-05,0.9625720641414564,0.9521619752729413,2,True,True,True,False,,True,True,positive_0p15_right_mid_loading_early_stance_v1_M1,1,0.15,False,False,False,False,,TOO_EARLY
238,2579,1,18,8,2.8120379887983575e-20,1.3725424597642205e-13,0.9839454141994652,0.016054585800397498,0.7497124583317869,0.6220519301218762,2,True,True,True,False,,True,True,positive_0p15_right_mid_loading_early_stance_v1_M1,1,0.15,False,False,False,False,-50,VALID_EVENT_OUTPUT
29,489,1,1,1,2.1009790620250377e-09,0.040819781169522736,0.956657491664147,0.00252272506535108,0.9507822750258913,0.8414678802256955,2,True,True,True,False,,True,True,positive_0p15_right_mid_loading_early_stance_v2_M1,2,0.15,False,False,False,False,-57,VALID_EVENT_OUTPUT
92,1119,1,6,5,1.4577960301000365e-16,1.0795751562951497e-08,0.9934982212987459,0.006501767905502419,0.9197704586726003,0.9676990184897587,2,True,True,True,False,,True,True,positive_0p15_right_mid_loading_early_stance_v2_M1,2,0.15,False,False,False,False,,NORMAL_CONTACT_FP
144,1639,1,10,9,2.387087002717888e-15,0.06794792414261684,0.927323672931394,0.004728402925986749,0.9871733361169209,0.8973271196485825,2,True,True,True,False,,True,True,positive_0p15_right_mid_loading_early_stance_v2_M1,2,0.15,False,False,False,False,,TOO_EARLY
200,2199,1,14,13,8.19135484005809e-10,0.08104275970705789,0.9177067998082458,0.0012504396655609342,0.8709425998067988,0.5209301247946497,2,True,True,True,False,,True,True,positive_0p15_right_mid_loading_early_stance_v2_M1,2,0.15,False,False,False,False,-72,VALID_EVENT_OUTPUT
264,2839,1,22,15,3.757950380760433e-15,0.12108822276176674,0.8704864788313342,0.008425298406895414,0.9774639520319401,0.8352265438681298,2,True,True,True,False,,True,True,positive_0p15_right_mid_loading_early_stance_v2_M1,2,0.15,False,False,False,False,,NORMAL_CONTACT_FP
273,2929,1,23,16,2.127949536069046e-14,6.436838613897658e-08,0.8804976870335088,0.11950224859808363,0.8289530815673637,0.8171493996530774,2,True,True,True,False,,True,True,positive_0p15_right_mid_loading_early_stance_v2_M1,2,0.15,False,False,False,False,,NORMAL_CONTACT_FP
24,439,1,1,1,7.808802843511144e-08,6.0694007390559226e-05,0.999938721861447,5.06043133982397e-07,0.9274714565052004,0.9970334073508657,2,True,True,True,False,,True,True,positive_0p15_right_mid_late_stance_v0_M1,0,0.15,False,False,False,False,-70,VALID_EVENT_OUTPUT
81,1009,1,4,4,1.849867381599572e-08,0.008868357609104567,0.9911276538381246,3.970054096977115e-06,0.8492863994367049,0.934843472505866,2,True,True,True,False,,True,True,positive_0p15_right_mid_late_stance_v0_M1,0,0.15,False,False,False,False,-88,VALID_EVENT_OUTPUT
110,1299,0,2,2,3.342771388251953e-08,0.00749634828165534,0.9915175364992596,0.0009860817913713497,0.855046073641269,0.9711161712668478,2,True,True,True,False,,True,True,positive_0p15_right_mid_late_stance_v0_M1,0,0.15,False,False,False,False,,NORMAL_CONTACT_FP
139,1589,1,11,11,2.3501770150850128e-05,0.002134980712729244,0.9977943872726772,4.71302444428233e-05,0.795851928204649,0.828399624787507,2,True,True,True,False,,True,True,positive_0p15_right_mid_late_stance_v0_M1,0,0.15,False,False,False,False,,NORMAL_CONTACT_FP
172,1919,0,3,3,9.055936240377473e-09,1.6581179667335682e-06,0.9885235815001601,0.011474751325937057,0.7699342829263629,0.8526420272523934,2,True,True,True,False,,True,True,positive_0p15_right_mid_late_stance_v0_M1,0,0.15,False,False,False,False,,NORMAL_CONTACT_FP
200,2199,1,14,14,5.734753702324195e-06,0.0039931426022850125,0.9959691350608918,3.198758312071373e-05,0.8047361851643121,0.9286112515940657,2,True,True,True,False,,True,True,positive_0p15_right_mid_late_stance_v0_M1,0,0.15,False,False,False,False,,NORMAL_CONTACT_FP
260,2799,1,17,17,8.134685951358898e-05,0.006894683536668227,0.9929241279815139,9.984162230440679e-05,0.7287254202287231,0.8495877791872344,2,True,True,True,False,,True,True,positive_0p15_right_mid_late_stance_v0_M1,0,0.15,False,False,False,False,,NORMAL_CONTACT_FP
66,859,1,2,2,0.0010575569692951917,3.760026326237333e-05,0.998900974674474,3.868092968416551e-06,0.9866418138895067,0.9904744699016839,2,True,True,True,False,,True,True,positive_0p15_right_mid_late_stance_v1_M1,1,0.15,False,False,False,False,-85,VALID_EVENT_OUTPUT
122,1419,1,10,5,9.702110875346465e-07,0.0026789013784764395,0.9973188859380484,1.2424723876741292e-06,0.9338817358056649,0.9091477739573314,2,True,True,True,False,,True,True,positive_0p15_right_mid_late_stance_v1_M1,1,0.15,False,False,False,False,-92,VALID_EVENT_OUTPUT
181,2009,1,17,12,4.81953823974216e-08,0.0019233519126437778,0.9980763028120825,2.97079891368448e-07,0.9298528495381362,0.9784767252565006,2,True,True,True,False,,True,True,positive_0p15_right_mid_late_stance_v1_M1,1,0.15,False,False,False,False,,NORMAL_CONTACT_FP
63,829,0,23,18,4.806891102935243e-12,1.743427415720114e-05,0.9999825646406706,1.0803654155211062e-09,0.9995805791452825,0.9971863224157888,2,True,True,True,False,,False,True,positive_0p20_left_early_loading_v1_M1,1,0.2,False,False,False,True,-58,VALID_EVENT_OUTPUT
73,929,0,24,19,1.4903407508757702e-28,5.255063633964228e-13,0.9688217706487653,0.03117822935070914,0.9675569121887718,0.894007110176781,2,True,True,True,False,,True,True,positive_0p20_left_early_loading_v1_M1,1,0.2,False,False,False,False,-15,VALID_EVENT_OUTPUT
143,1629,1,7,7,2.327397826916211e-36,6.776850588932583e-19,0.9999999930839882,6.916011777843815e-09,0.9999888488474338,0.9999899430022321,2,True,True,True,False,,False,True,positive_0p20_left_early_loading_v1_M1,1,0.2,False,False,False,True,,NORMAL_CONTACT_FP
162,1819,0,78,70,2.6008539683854607e-36,2.4416115909417414e-16,0.9999999982419121,1.7580876871915776e-09,0.8187188411707553,0.9998164259037305,2,True,True,True,False,,False,True,positive_0p20_left_early_loading_v1_M1,1,0.2,False,False,False,True,,NORMAL_CONTACT_FP
192,2119,1,14,14,1.776221175716767e-38,2.831702998989105e-34,0.9999999999999549,4.496546545047439e-14,0.9999987238667092,0.9999999999594686,2,True,True,True,False,,True,True,positive_0p20_left_early_loading_v1_M1,1,0.2,True,False,False,False,,POST_FALL_ADVISORY
7,269,0,2,1,2.540215897382969e-20,1.0638541713635022e-17,0.5824691358630584,0.4175308641369417,0.9352956674810202,0.8428469292204535,2,True,True,True,False,,True,True,positive_0p20_left_early_loading_v2_M1,2,0.2,False,False,False,False,26,VALID_EVENT_OUTPUT
50,699,0,5,4,7.318990655012211e-13,4.618279544543934e-05,0.999953809100406,8.103416640015086e-09,0.7669092861757879,0.9818353115163061,2,True,True,True,False,,False,True,positive_0p20_left_early_loading_v2_M1,2,0.2,False,False,False,True,,NORMAL_CONTACT_FP
95,1149,0,30,28,1.0303317229737352e-25,3.307408938108425e-05,0.9991154359063038,0.0008514900043150384,0.9930211225503,0.6487445205141228,2,True,True,True,False,,False,True,positive_0p20_left_early_loading_v2_M1,2,0.2,False,False,False,True,-69,VALID_EVENT_OUTPUT
120,1399,0,48,39,1.84441985466722e-44,1.9166835259717894e-34,0.9975227979999591,0.0024772020000408935,0.9894775374323272,0.9084162206426389,2,True,True,True,False,,False,True,positive_0p20_left_early_loading_v2_M1,2,0.2,False,False,False,True,,NORMAL_CONTACT_FP
155,1749,0,82,73,2.0864797515669592e-20,0.1644377421684915,0.8343155830446652,0.0012466747868430453,0.8624798352270222,0.5186118741814053,2,True,True,True,False,,False,True,positive_0p20_left_early_loading_v2_M1,2,0.2,False,False,False,True,,NORMAL_CONTACT_FP
185,2049,1,16,16,8.262296436465976e-12,2.661146899509598e-07,0.9987746489726156,0.0012250849044323187,0.828619042920923,0.9929208763384542,2,True,True,True,False,,False,True,positive_0p20_left_early_loading_v2_M1,2,0.2,False,False,False,True,,NORMAL_CONTACT_FP
219,2389,0,118,105,3.231123407414464e-38,6.2421486274295795e-18,0.9999998358166898,1.6418331027278534e-07,0.9999998387580713,0.9999998014985304,2,True,True,True,False,,False,True,positive_0p20_left_early_loading_v2_M1,2,0.2,True,False,False,True,,POST_FALL_ADVISORY
220,2399,1,40,40,2.1828808615216422e-55,9.787102813062937e-27,0.9999999987370942,1.2629057956473339e-09,0.9971804293421315,0.9998074962938476,3,True,True,True,False,,True,True,positive_0p20_left_early_loading_v2_M1,2,0.2,True,False,False,False,,POST_FALL_ADVISORY
56,759,0,8,6,2.216918450263605e-06,0.0001526776620325924,0.9989301299877823,0.0009149754317348949,0.8032523760936553,0.7987185714065452,2,True,True,True,False,,True,True,positive_0p20_left_mid_loading_early_stance_v0_M1,0,0.2,False,False,False,False,,NORMAL_CONTACT_FP
159,1789,0,18,11,6.398566190120295e-16,0.0825381902566136,0.9170180321195794,0.00044377762380631337,0.8287138717594376,0.8615997281746587,2,True,True,True,False,,True,True,positive_0p20_left_mid_loading_early_stance_v0_M1,0,0.2,False,False,False,False,-70,VALID_EVENT_OUTPUT
169,1889,0,19,12,3.1480543888528273e-26,3.3114756203858913e-10,0.7900491362948581,0.20995086337399432,0.7069673718811432,0.8628895654831973,2,True,True,True,False,,True,True,positive_0p20_left_mid_loading_early_stance_v0_M1,0,0.2,False,False,False,False,,NORMAL_CONTACT_FP
220,2399,0,21,14,2.819918772939838e-10,0.2146767007075237,0.7831685557050029,0.0021547433054815044,0.937390680691882,0.7142895639146336,2,True,True,True,False,,True,True,positive_0p20_left_mid_loading_early_stance_v0_M1,0,0.2,False,False,False,False,,TOO_EARLY
31,509,0,2,1,2.448509481750325e-13,3.391533209686578e-13,0.9998095437559734,0.00019045624344253095,0.9928785280943947,0.9672953644431653,2,True,True,True,False,,True,True,positive_0p20_left_mid_loading_early_stance_v1_M1,1,0.2,False,False,False,False,-38,VALID_EVENT_OUTPUT
88,1079,0,4,3,9.575657749347017e-17,1.8678097348161968e-06,0.7596738705965987,0.2403242615936663,0.9745343565217315,0.505975747675838,2,True,True,True,False,,True,True,positive_0p20_left_mid_loading_early_stance_v1_M1,1,0.2,False,False,False,False,,NORMAL_CONTACT_FP
145,1649,0,6,5,1.4973115523354973e-17,0.05829515045025211,0.8973668004311957,0.04433804911855234,0.981213083458515,0.6358131381747132,2,True,True,True,False,,True,True,positive_0p20_left_mid_loading_early_stance_v1_M1,1,0.2,False,False,False,False,,NORMAL_CONTACT_FP
266,2859,0,12,11,3.4355197895067524e-24,7.971724130472385e-05,0.9538946116943031,0.04602567106439197,0.9995775420868255,0.7205382203968571,2,True,True,True,False,,True,True,positive_0p20_left_mid_loading_early_stance_v1_M1,1,0.2,False,False,False,False,-20,VALID_EVENT_OUTPUT
113,1329,0,14,5,4.065736405489162e-15,0.21409069145436793,0.7857561051693251,0.00015320337630287176,0.8212847507605743,0.4887695355534759,2,True,True,True,False,,True,True,positive_0p20_left_mid_loading_early_stance_v2_M1,2,0.2,False,False,False,False,-66,VALID_EVENT_OUTPUT
123,1429,0,15,6,2.4574440104951933e-19,2.0873311830838334e-14,0.9981741416640714,0.0018258583359077225,0.7624009469922706,0.80225786580705,2,True,True,True,False,,True,True,positive_0p20_left_mid_loading_early_stance_v2_M1,2,0.2,False,False,False,False,,NORMAL_CONTACT_FP
174,1939,0,17,8,1.6613751100279555e-14,0.2075234062357439,0.792086491394496,0.0003901023697434596,0.9437595091033699,0.582079795771027,2,True,True,True,False,,True,True,positive_0p20_left_mid_loading_early_stance_v2_M1,2,0.2,False,False,False,False,-69,VALID_EVENT_OUTPUT
238,2579,0,19,10,6.092683038917079e-15,0.01796036181611104,0.9639155434395895,0.018124094744293263,0.9729737138155323,0.47949683844928653,2,True,True,True,False,,True,True,positive_0p20_left_mid_loading_early_stance_v2_M1,2,0.2,False,False,False,False,,NORMAL_CONTACT_FP
243,2629,0,20,11,6.348846539495881e-16,1.829224125994772e-08,0.9870905474138373,0.012909434293920864,0.8000029058739746,0.6204881109688616,2,True,True,True,False,,True,True,positive_0p20_left_mid_loading_early_stance_v2_M1,2,0.2,False,False,False,False,,NORMAL_CONTACT_FP
7,269,0,0,0,0.002852159193253521,1.185117779897169e-06,0.7994034276585406,0.1977432280304261,0.9148958690513751,0.7977565324671354,2,True,True,True,False,,True,True,positive_0p20_left_mid_late_stance_v2_M1,2,0.2,False,False,False,False,,NORMAL_CONTACT_FP
129,1489,0,3,2,0.03198464952983151,0.0006114501902876506,0.9665630851605624,0.0008408151193183984,0.7838032091754404,0.8759596632272039,2,True,True,True,False,,True,True,positive_0p20_left_mid_late_stance_v2_M1,2,0.2,False,False,False,False,,NORMAL_CONTACT_FP
188,2079,0,5,4,0.0006242689152608691,0.011924145952908388,0.9861485816874342,0.0013030034443965797,0.91764012707617,0.9841915017801011,2,True,True,True,False,,True,True,positive_0p20_left_mid_late_stance_v2_M1,2,0.2,False,False,False,False,-85,VALID_EVENT_OUTPUT
247,2669,0,9,7,0.00010110618239432587,0.015934840011206812,0.9819659990631604,0.0019980547432383424,0.9585899193889045,0.9837654509220369,2,True,True,True,False,,True,True,positive_0p20_left_mid_late_stance_v2_M1,2,0.2,False,False,False,False,,NORMAL_CONTACT_FP
9,289,1,2,2,1.0941422812164355e-14,5.417701567734615e-05,0.9996947043426793,0.00025111864163247197,0.8668009004114887,0.9860019159373468,2,True,True,True,False,,True,True,positive_0p20_right_early_loading_v0_M1,0,0.2,False,False,False,False,,NORMAL_CONTACT_FP
41,609,0,1,1,2.325080191332358e-10,4.937377912106234e-06,0.9995638293621957,0.0004312330273840875,0.7710566867279561,0.9610203711338702,2,True,True,True,False,,True,True,positive_0p20_right_early_loading_v0_M1,0,0.2,False,False,False,False,,NORMAL_CONTACT_FP
58,779,1,15,10,1.2728012051497472e-32,1.194210356609932e-05,0.9744920145704656,0.02549604332596818,0.9835858039508869,0.9836060844918035,2,True,True,True,False,,True,True,positive_0p20_right_early_loading_v0_M1,0,0.2,False,False,False,False,-25,VALID_EVENT_OUTPUT
136,1559,1,104,98,7.024736190569262e-126,4.978373090404967e-124,0.9746202695869758,0.02537973041302411,0.9999999984071857,0.9997555530339539,2,True,True,True,False,,True,True,positive_0p20_right_early_loading_v0_M1,0,0.2,False,False,False,False,6,VALID_EVENT_OUTPUT
42,619,1,11,12,7.957844895943834e-10,0.0014521513907962075,0.9982207286244654,0.0003271191889540141,0.8285157069275707,0.9806344761985142,2,True,True,True,False,,False,True,positive_0p20_right_early_loading_v1_M1,1,0.2,False,False,False,True,-42,VALID_EVENT_OUTPUT
87,1069,1,56,53,4.986423835713613e-22,5.304243052762605e-10,0.9996330756117996,0.00036692385777609615,0.9219980168550127,0.9902057986569308,2,True,True,True,False,,True,True,positive_0p20_right_early_loading_v1_M1,1,0.2,False,False,False,False,,NORMAL_CONTACT_FP
23,429,1,5,4,4.675861494625258e-06,0.009683478066600278,0.7672042852051841,0.22310756086672104,0.9654430554594455,0.7143938664838759,2,True,True,True,False,,True,True,positive_0p20_right_early_loading_v2_M1,2,0.2,False,False,False,False,-29,VALID_EVENT_OUTPUT
69,889,1,15,14,3.291868471310864e-36,0.0003339298382138085,0.9996653108006313,7.593611547804581e-07,0.763348046734899,0.9468619824019469,2,True,True,True,False,,False,True,positive_0p20_right_early_loading_v2_M1,2,0.2,False,False,False,True,-35,VALID_EVENT_OUTPUT
91,1109,0,4,4,1.2161891717017683e-33,4.865230441838588e-06,0.9999146950178723,8.043975168584063e-05,0.9947804243412298,0.9635797260699847,2,True,True,True,False,,False,True,positive_0p20_right_early_loading_v2_M1,2,0.2,False,False,False,True,,NORMAL_CONTACT_FP
126,1459,1,76,71,5.849402806572225e-18,5.534846538203233e-05,0.9999384800863953,6.171448222575762e-06,0.9511040989671069,0.9994743252922708,2,True,True,True,False,,True,True,positive_0p20_right_early_loading_v2_M1,2,0.2,False,False,False,False,-29,VALID_EVENT_OUTPUT
140,1599,0,21,21,1.208659343658405e-52,1.3514609381271527e-33,0.7558328625272998,0.24416713747270033,0.8696743262278454,0.999999971140997,2,True,True,True,False,,True,True,positive_0p20_right_early_loading_v2_M1,2,0.2,False,False,False,False,,NORMAL_CONTACT_FP
169,1889,0,27,27,6.428226488904346e-63,3.957300968838074e-90,0.9999999999999991,9.426979346672728e-16,0.8918262860480384,0.9999999990396211,2,True,True,True,False,,True,True,positive_0p20_right_early_loading_v2_M1,2,0.2,True,False,False,False,,POST_FALL_ADVISORY
51,709,1,3,3,5.068709709360837e-13,1.4116063714422229e-05,0.999650883285423,0.00033500065035584845,0.8807771078241953,0.6555591292254607,2,True,True,True,False,,True,True,positive_0p20_right_mid_loading_early_stance_v1_M1,1,0.2,False,False,False,False,,NORMAL_CONTACT_FP
109,1289,1,10,6,1.5923431973851114e-14,0.011424980234499326,0.9848703281856265,0.003704691579858248,0.9437794866353982,0.5798124151528046,2,True,True,True,False,,True,True,positive_0p20_right_mid_loading_early_stance_v1_M1,1,0.2,False,False,False,False,-63,VALID_EVENT_OUTPUT
113,1329,1,12,6,2.5115244835054487e-29,0.0003212383192993877,0.9934266982997201,0.006252063380980407,0.7939900545478866,0.9253713132145547,2,True,True,True,False,,True,True,positive_0p20_right_mid_loading_early_stance_v1_M1,1,0.2,False,False,False,False,-23,VALID_EVENT_OUTPUT
168,1879,1,16,10,4.790629204480162e-18,0.35193419575795276,0.6480250356366374,4.0768605409765356e-05,0.9836959444466793,0.8951196531596434,2,True,True,True,False,,True,True,positive_0p20_right_mid_loading_early_stance_v1_M1,1,0.2,False,False,False,False,-59,VALID_EVENT_OUTPUT
235,2549,1,28,15,1.64131435987366e-25,3.20232571441877e-05,0.6619014599512588,0.3380665167915968,0.9993475057645997,0.4936084020686854,2,True,True,True,False,,True,True,positive_0p20_right_mid_loading_early_stance_v1_M1,1,0.2,False,False,False,False,-14,VALID_EVENT_OUTPUT
29,489,1,2,2,6.452682769904956e-08,0.1486580677601877,0.8464334970567385,0.004908370656246018,0.9297577501703294,0.6254207259235618,2,True,True,True,False,,True,True,positive_0p20_right_mid_loading_early_stance_v2_M1,2,0.2,False,False,False,False,-56,VALID_EVENT_OUTPUT
84,1039,1,5,5,4.251190254138082e-13,0.05313794051412941,0.9217851229137564,0.02507693657168903,0.975511820692,0.6960357454987464,2,True,True,True,False,,True,True,positive_0p20_right_mid_loading_early_stance_v2_M1,2,0.2,False,False,False,False,,NORMAL_CONTACT_FP
144,1639,1,9,9,1.062422135385682e-11,0.2976826651851682,0.6943874101591827,0.007929924645024703,0.9143406930961212,0.641565820567791,2,True,True,True,False,,True,True,positive_0p20_right_mid_loading_early_stance_v2_M1,2,0.2,False,False,False,False,-72,VALID_EVENT_OUTPUT
205,2249,1,20,13,2.955406129526816e-18,0.01954932417174266,0.9640292013701474,0.01642147445810993,0.9884122384536675,0.8584937282472161,2,True,True,True,False,,True,True,positive_0p20_right_mid_loading_early_stance_v2_M1,2,0.2,False,False,False,False,-35,VALID_EVENT_OUTPUT
266,2859,1,26,16,9.375433560739598e-15,0.018522595472604743,0.9671124983229531,0.014364906204432808,0.9715390153996548,0.8673000600348899,2,True,True,True,False,,True,True,positive_0p20_right_mid_loading_early_stance_v2_M1,2,0.2,False,False,False,False,-50,VALID_EVENT_OUTPUT
63,829,1,4,4,0.00024605004707597695,0.0736378738800438,0.9260918658381617,2.4210234718504097e-05,0.9363090913500777,0.744770722043906,2,True,True,True,False,,True,True,positive_0p20_right_mid_late_stance_v1_M1,1,0.2,False,False,False,False,,NORMAL_CONTACT_FP
71,909,1,5,4,7.448426031401476e-08,9.019706504250662e-08,0.9985535802526782,0.0014462550659964893,0.7222809186608163,0.9307305390853344,2,True,True,True,False,,True,True,positive_0p20_right_mid_late_stance_v1_M1,1,0.2,False,False,False,False,,NORMAL_CONTACT_FP
122,1419,1,9,8,1.485378570688262e-05,0.027936702950833454,0.9720476487582357,7.945052238724674e-07,0.8339031902298152,0.8183226866987436,2,True,True,True,False,,True,True,positive_0p20_right_mid_late_stance_v1_M1,1,0.2,False,False,False,False,-83,VALID_EVENT_OUTPUT
181,2009,1,10,9,7.976654571067234e-08,0.02005314030076341,0.9799464528696897,3.2706300108016346e-07,0.8370780624728222,0.9427167328425512,2,True,True,True,False,,True,True,positive_0p20_right_mid_late_stance_v1_M1,1,0.2,False,False,False,False,,NORMAL_CONTACT_FP
241,2609,1,12,11,5.243648281654881e-08,0.003666940321798109,0.9963317634381897,1.2438035291870622e-06,0.936239618045944,0.9693694954421339,2,True,True,True,False,,True,True,positive_0p20_right_mid_late_stance_v1_M1,1,0.2,False,False,False,False,-75,VALID_EVENT_OUTPUT
40,599,1,1,1,1.0526002449303571e-13,2.0917071978866433e-07,0.9997954298390367,0.0002043609901382127,0.9348745494649241,0.9977640481897541,2,True,True,True,False,,True,True,positive_0p20_right_mid_late_stance_v2_M1,2,0.2,False,False,False,False,,NORMAL_CONTACT_FP
103,1229,1,3,3,1.572471571742855e-06,4.170887006086233e-08,0.9680481390424613,0.031950246777096784,0.9323453246333364,0.7642867099741258,2,True,True,True,False,,True,True,positive_0p20_right_mid_late_stance_v2_M1,2,0.2,False,False,False,False,,NORMAL_CONTACT_FP
157,1769,1,5,4,7.75707983295451e-06,0.0004696428744164365,0.9981374423647384,0.001385157681012071,0.85231596035102,0.9893994471134883,2,True,True,True,False,,True,True,positive_0p20_right_mid_late_stance_v2_M1,2,0.2,False,False,False,False,,NORMAL_CONTACT_FP
215,2349,1,6,5,0.0064919227112377655,0.12390827023347131,0.8680224286553591,0.0015773783999318744,0.7561143486082932,0.5325815585447432,2,True,True,True,False,,True,True,positive_0p20_right_mid_late_stance_v2_M1,2,0.2,False,False,False,False,-95,VALID_EVENT_OUTPUT
275,2949,1,11,10,6.906753217483584e-07,0.0029771734597979025,0.9969078861679556,0.00011424969692462138,0.9294317434243728,0.9449359628811127,2,True,True,True,False,,True,True,positive_0p20_right_mid_late_stance_v2_M1,2,0.2,False,False,False,False,,NORMAL_CONTACT_FP
40,599,0,1,1,0.0009991834091681246,0.01603250567706304,0.9829683102777689,6.359999947088571e-10,0.7988626628579528,0.882481394862899,2,True,True,True,False,,True,True,supplemental_positive_v8_l00,0,0.15,False,False,False,False,-88,VALID_EVENT_OUTPUT
99,1189,0,9,2,9.470837068156349e-07,0.02393328861391306,0.9760486715481832,1.7092754196934453e-05,0.8846288871918176,0.8619150540955951,2,True,True,True,False,,True,True,supplemental_positive_v8_l00,0,0.15,False,False,False,False,-90,VALID_EVENT_OUTPUT
160,1799,0,12,5,1.60687623941676e-06,0.03479607758414773,0.9652019148232427,4.0071637033786907e-07,0.8228812684672493,0.9762718231202214,2,True,True,True,False,,True,True,supplemental_positive_v8_l00,0,0.15,False,False,False,False,-83,VALID_EVENT_OUTPUT
220,2399,0,14,7,3.76851771440538e-06,0.049939147690348344,0.9500566149577822,4.688341552135247e-07,0.7965255620188498,0.9721852781408081,2,True,True,True,False,,True,True,supplemental_positive_v8_l00,0,0.15,False,False,False,False,-83,VALID_EVENT_OUTPUT
280,2999,0,16,9,1.3554691758390161e-05,0.006892628361802653,0.993084697913394,9.119033044755483e-06,0.7095323272770597,0.927377804587392,2,True,True,True,False,,True,True,supplemental_positive_v8_l00,0,0.15,False,False,False,False,,NORMAL_CONTACT_FP
41,609,0,1,1,0.0113208636133113,0.0005621021169199344,0.9881007937304341,1.6240539334642492e-05,0.610403829473963,0.6664743960090872,2,True,True,True,False,,True,True,supplemental_positive_v8_l01,1,0.15,False,False,False,False,-78,VALID_EVENT_OUTPUT
99,1189,0,9,2,7.476840227818741e-06,0.01553071094842554,0.9844618027241313,9.487215492445164e-09,0.9503989416694996,0.9556264874866178,2,True,True,True,False,,True,True,supplemental_positive_v8_l01,1,0.15,False,False,False,False,-93,VALID_EVENT_OUTPUT
163,1829,0,10,3,1.0900703596811925e-06,7.376612815073914e-07,0.9999976826275109,4.896408479698687e-07,0.9791887825499735,0.9995702492297359,2,True,True,True,False,,True,True,supplemental_positive_v8_l01,1,0.15,False,False,False,False,,NORMAL_CONTACT_FP
40,599,0,1,1,0.0006002604035769216,0.01706414269198006,0.9820682750449975,0.0002673218594454424,0.8471027755955297,0.9438136430353418,2,True,True,True,False,,True,True,supplemental_positive_v8_l02,2,0.15,False,False,False,False,,NORMAL_CONTACT_FP
99,1189,0,9,3,1.0710167238218725e-06,0.05343873754891318,0.9465263278600441,3.386357431906511e-05,0.9065522147109373,0.8260807667965309,2,True,True,True,False,,True,True,supplemental_positive_v8_l02,2,0.15,False,False,False,False,-89,VALID_EVENT_OUTPUT
161,1809,0,12,5,2.1302291874477544e-06,9.13090463821318e-05,0.999906274023696,2.8670073441500883e-07,0.7815715665871519,0.9679988625731387,2,True,True,True,False,,True,True,supplemental_positive_v8_l02,2,0.15,False,False,False,False,,NORMAL_CONTACT_FP
223,2429,0,14,7,1.4368395483911114e-09,2.2462167388513373e-06,0.999970908179881,2.6844166540622987e-05,0.9731268523758193,0.9994760994187069,2,True,True,True,False,,True,True,supplemental_positive_v8_l02,2,0.15,False,False,False,False,,NORMAL_CONTACT_FP
99,1189,0,9,3,7.770577171459668e-08,0.006570365884016939,0.9934170662097934,1.2490200417991011e-05,0.936164768669385,0.8991161248013023,2,True,True,True,False,,True,True,supplemental_positive_v8_l03,0,0.15,False,False,False,False,-89,VALID_EVENT_OUTPUT
160,1799,0,12,5,1.9778711889422757e-06,0.042196369531839674,0.957801155724451,4.968725202185261e-07,0.8036756087357595,0.9753387962385275,2,True,True,True,False,,True,True,supplemental_positive_v8_l03,0,0.15,False,False,False,False,,NORMAL_CONTACT_FP
223,2429,0,14,7,7.717609538479165e-10,6.740805591792121e-07,0.9999992720408185,5.310686132955598e-08,0.939283656318423,0.9997459379879275,2,True,True,True,False,,True,True,supplemental_positive_v8_l03,0,0.15,False,False,False,False,,NORMAL_CONTACT_FP
31,509,0,1,1,0.15945659914507362,2.4033134872918276e-05,0.8405148107291021,4.556990951290181e-06,0.8737459601174268,0.8886840791470934,2,True,True,True,False,,True,True,supplemental_positive_v8_l06,0,0.15,False,False,False,False,-75,VALID_EVENT_OUTPUT
91,1109,0,7,3,4.204559075229204e-07,0.001692820306926961,0.9983048709300593,1.888307106465305e-06,0.9197796109281364,0.9595955249303748,2,True,True,True,False,,True,True,supplemental_positive_v8_l06,0,0.15,False,False,False,False,,NORMAL_CONTACT_FP
152,1719,0,9,5,7.041779110217995e-05,0.04090404863366394,0.959025299726354,2.338488800931666e-07,0.7998998212944457,0.972461777969844,2,True,True,True,False,,True,True,supplemental_positive_v8_l06,0,0.15,False,False,False,False,,NORMAL_CONTACT_FP
212,2319,0,11,7,0.00016272499941607688,0.14836878689206057,0.8514660579237154,2.4301848079839894e-06,0.7027145118758193,0.9146115775167841,2,True,True,True,False,,True,True,supplemental_positive_v8_l06,0,0.15,False,False,False,False,,NORMAL_CONTACT_FP
25,449,0,0,0,1.229014009088355e-05,2.4523943141760447e-06,0.9999832105682748,2.046897320188157e-06,0.9764488636744383,0.9889974677833612,2,True,True,True,False,,True,True,supplemental_positive_v8_l09,0,0.15,False,False,False,False,,NORMAL_CONTACT_FP
151,1709,0,7,4,0.0019075156636921785,0.3443727103936766,0.6531959106560212,0.0005238632866099449,0.9409041620937029,0.8492526733833142,2,True,True,True,False,,True,True,supplemental_positive_v8_l09,0,0.15,False,False,False,False,,NORMAL_CONTACT_FP
208,2279,0,9,6,6.76655129238534e-08,9.887728511664698e-07,0.9999989421812755,1.3803602943260086e-09,0.9232900034608262,0.9956864586079192,2,True,True,True,False,,True,True,supplemental_positive_v8_l09,0,0.15,False,False,False,False,,NORMAL_CONTACT_FP
265,2849,0,10,7,0.007998524621966301,2.8601105582711186e-06,0.9919750707533626,2.3544514112946077e-05,0.8371930652995703,0.9542435077052337,2,True,True,True,False,,True,True,supplemental_positive_v8_l09,0,0.15,False,False,False,False,-84,VALID_EVENT_OUTPUT
