run_id,terrain_name,profile_name,acquisition_role,walking_speed_mps,contact_episode_id,start_sample,end_sample_exclusive,duration_samples,duration_ms,loaded_samples_pre_fall,post_touchdown_slip_samples_pre_fall,post_touchdown_sink_samples_pre_fall,max_anchor_drift_m,net_anchor_drift_m,max_anchor_drift_post_touchdown_m,max_tangential_velocity_post_touchdown_mps,max_contact_penetration_m,max_contact_penetration_post_touchdown_m,max_surface_relative_sole_depth_m,max_surface_relative_sole_depth_post_touchdown_m,max_loaded_penetration_change_m,stable_loaded_contact_pre_fall,entire_episode_pre_fall,has_pre_fall_calibration_samples,calibration_split,selected_slip_positive_samples,selected_slip_detected,selected_sink_positive_samples,selected_sink_detected
marble_native_0p10_v00,marble,marble,hard_negative,0.1,0,37,283,246,246,243,233,233,0.002821497043793727,0.002821497043793727,0.002655337946267886,0.09201468328333386,0.002582637832156116,0.002582637832156116,0.0025826378321561127,0.0025826378321561127,0.0025543461267430873,1,1,1,calibration_train,0,False,0,False
marble_native_0p10_v00,marble,marble,hard_negative,0.1,1,606,944,338,338,334,324,324,0.0030431900898429546,0.002343854334044346,0.0030431900898429546,0.15605704769397663,0.0028184131125447527,0.0028184131125447527,0.002818413112544756,0.002818413112544756,0.002696024831951818,1,1,1,calibration_train,0,False,0,False
marble_native_0p10_v00,marble,marble,hard_negative,0.1,2,1195,1524,329,329,329,319,319,0.002408486618482416,0.002268325571226529,0.002408486618482416,0.13527454621004378,0.0023751268339525606,0.0023751268339525606,0.002375126833952557,0.002375126833952557,0.0020221127008044487,1,1,1,calibration_train,0,False,0,False
marble_native_0p10_v00,marble,marble,hard_negative,0.1,3,1797,2122,325,325,323,313,313,0.005379270964192248,0.004961651809003037,0.005379270964192248,0.26938850509660056,0.002533032535657921,0.002533032535657921,0.002533032535657921,0.002533032535657921,0.0021038097049705384,1,1,1,calibration_train,0,False,0,False
marble_native_0p10_v00,marble,marble,hard_negative,0.1,4,2390,2722,332,332,330,320,320,0.005056160981832587,0.004538458410539385,0.005056160981832587,0.24162782348415385,0.0026226407002501546,0.0026226407002501546,0.0026226407002501546,0.0026226407002501546,0.002231279641201789,1,1,1,calibration_train,0,False,0,False
marble_native_0p10_v00,marble,marble,hard_negative,0.1,5,2989,3000,11,11,11,1,1,0.002843740172835867,0.002843740172835867,0.002843740172835867,0.24616565370831853,0.0019243637950392368,0.0019243637950392368,0.0019243637950392368,0.0019243637950392368,0.0016795879198927416,0,1,1,calibration_train,0,False,0,False
concrete_native_0p10_v00,concrete,concrete,hard_negative,0.1,0,37,284,247,247,243,233,233,0.0030005006000786553,0.0030005006000786553,0.0027511247592683476,0.08066182904993584,0.002622298825406387,0.002622298825406387,0.0026222988254063903,0.0026222988254063903,0.002594007119993358,1,1,1,calibration_train,0,False,0,False
concrete_native_0p10_v00,concrete,concrete,hard_negative,0.1,1,606,949,343,343,338,328,328,0.0019943571329853133,0.0019943571329853133,0.0014529424800703039,0.0711194424471761,0.002726047272209954,0.002726047272209954,0.002726047272209954,0.002726047272209954,0.002661671486552164,1,1,1,calibration_train,0,False,0,False
concrete_native_0p10_v00,concrete,concrete,hard_negative,0.1,2,1195,1533,338,338,338,328,328,0.0015452288431463215,0.0014112121057417817,0.0015452288431463215,0.0863998226315167,0.0024435671044357133,0.0024435671044357133,0.0024435671044357133,0.0024435671044357133,0.002189862618488303,1,1,1,calibration_train,0,False,0,False
concrete_native_0p10_v00,concrete,concrete,hard_negative,0.1,3,1797,2128,331,331,326,316,316,0.0015409655125583148,0.0004289285089480975,0.0015409655125583148,0.05801669090308499,0.00243032283644599,0.00243032283644599,0.0024303228364459866,0.0024303228364459866,0.002186219983375648,1,1,1,calibration_train,0,False,0,False
concrete_native_0p10_v00,concrete,concrete,hard_negative,0.1,4,2394,2730,336,336,336,326,326,0.0014856820891775465,0.00036242440038623927,0.0014856820891775465,0.10101445242272479,0.0025766448817726674,0.0025766448817726674,0.0025766448817726674,0.0025766448817726674,0.0021423228719640586,1,1,1,calibration_train,0,False,0,False
concrete_native_0p10_v00,concrete,concrete,hard_negative,0.1,5,2993,3000,7,7,7,0,0,0.0013358620236291203,0.0013358620236291203,,,0.0020001055554716663,,0.0020001055554716733,,,0,1,0,calibration_train,0,False,0,False
sand_hardened_0p10_v00,sand,sand_walking_support_v1_hardened,hard_negative,0.1,0,37,291,254,254,243,233,233,0.002038380671540767,0.001186039407173095,0.002038380671540767,0.07125840893042978,0.0035608458881704564,0.0035608458881704564,0.00356084588817046,0.00356084588817046,0.0035325541827574275,1,1,1,calibration_train,0,False,0,False
sand_hardened_0p10_v00,sand,sand_walking_support_v1_hardened,hard_negative,0.1,1,602,954,352,352,338,328,328,0.006417390554207511,0.006193482805245762,0.006417390554207511,0.0836741386301599,0.0034445469461928764,0.0034445469461928764,0.00344454694619288,0.00344454694619288,0.0033215906212668567,1,1,1,calibration_train,0,False,0,False
sand_hardened_0p10_v00,sand,sand_walking_support_v1_hardened,hard_negative,0.1,2,1182,1535,353,353,338,328,328,0.007942281210958923,0.004992511253564532,0.007942281210958923,0.10580604128552258,0.003152486602373157,0.003152486602373157,0.003152486602373157,0.003152486602373157,0.003135449629689077,1,1,1,calibration_train,0,False,0,False
sand_hardened_0p10_v00,sand,sand_walking_support_v1_hardened,hard_negative,0.1,3,1783,2133,350,350,337,327,327,0.00847934463569885,0.0054800745447359835,0.00847934463569885,0.1290210785748605,0.003327938703297002,0.003327938703297002,0.003327938703297009,0.003327938703297009,0.003166574410943479,1,1,1,calibration_train,0,False,0,False
sand_hardened_0p10_v00,sand,sand_walking_support_v1_hardened,hard_negative,0.1,4,2384,2734,350,350,336,326,326,0.008055754016904795,0.005125285394487925,0.008055754016904795,0.10662211826292933,0.0033123516300824453,0.0033123516300824453,0.0033123516300824383,0.0033123516300824383,0.002834121022212893,1,1,1,calibration_train,0,False,0,False
sand_hardened_0p10_v00,sand,sand_walking_support_v1_hardened,hard_negative,0.1,5,2984,3000,16,16,16,6,6,0.0020328950157515193,0.0020328950157515193,0.0020328950157515193,0.10769694082749036,0.0025641251350843565,0.0025641251350843565,0.0025641251350843495,0.0025641251350843495,0.0022624595786479573,0,1,1,calibration_train,0,False,0,False
ice_native_0p10_v00,ice,ice,slip_candidate,0.1,0,37,190,153,153,153,143,143,0.065715653841426,0.065715653841426,0.065715653841426,1.64081219113532,0.0025467291322667186,0.0025467291322667186,0.002546729132266722,0.002546729132266722,0.0025184374268536897,1,1,1,calibration_train,0,False,0,False
ice_native_0p10_v00,ice,ice,slip_candidate,0.1,1,191,197,6,6,6,0,0,0.008482152013906263,0.008482152013906263,,,9.450990662795544e-05,,9.450990662795544e-05,,,0,1,0,calibration_train,0,False,0,False
ice_native_0p10_v00,ice,ice,slip_candidate,0.1,2,198,203,5,5,5,0,0,0.007296219984606106,0.007296219984606106,,,8.175857467814917e-05,,8.175857467814917e-05,,,0,1,0,calibration_train,0,False,0,False
ice_native_0p10_v00,ice,ice,slip_candidate,0.1,3,204,207,3,3,3,0,0,0.0037925662140752187,0.0037925662140752187,,,3.2401167788224765e-05,,3.2401167788224765e-05,,,0,1,0,calibration_train,0,False,0,False
ice_native_0p10_v00,ice,ice,slip_candidate,0.1,4,208,211,3,3,3,0,0,0.0038756731037481893,0.0038756731037481893,,,3.469149378531721e-05,,3.469149378531721e-05,,,0,1,0,calibration_train,0,False,0,False
ice_native_0p10_v00,ice,ice,slip_candidate,0.1,5,212,215,3,3,3,0,0,0.003930846386693129,0.003930846386693129,,,4.2772484753035404e-05,,4.2772484753028465e-05,,,0,1,0,calibration_train,0,False,0,False
ice_native_0p10_v00,ice,ice,slip_candidate,0.1,6,216,219,3,3,3,0,0,0.003967385329347334,0.003967385329347333,,,3.6543621880542713e-05,,3.6543621880542713e-05,,,0,1,0,calibration_train,0,False,0,False
ice_native_0p10_v00,ice,ice,slip_candidate,0.1,7,220,223,3,3,3,0,0,0.003905221738529039,0.0039052217385290395,,,2.510574310409918e-05,,2.510574310410612e-05,,,0,1,0,calibration_train,0,False,0,False
ice_native_0p10_v00,ice,ice,slip_candidate,0.1,8,454,541,87,87,87,77,77,0.10248821581117888,0.10248821581117888,0.10248821581117888,1.8491015475638692,0.011925528414814365,0.011925528414814365,0.011925528414814365,0.011925528414814365,0.011152872936921063,1,1,1,calibration_train,0,False,8,True
ice_native_0p10_v00,ice,ice,slip_candidate,0.1,9,542,589,47,47,47,37,37,0.04565583649100346,0.04565583649100345,0.04565583649100346,1.2456092818457734,0.00012901404498413382,9.476762419953055e-05,0.00012901404498413382,9.476762419953055e-05,5.943724231498304e-05,1,1,1,calibration_train,0,False,0,False
ice_native_0p10_v00,ice,ice,slip_candidate,0.1,10,590,728,138,138,136,126,126,0.024894602236315146,0.024894602236315146,0.024894602236315146,0.5337681114164669,9.811719218238545e-05,9.811719218238545e-05,9.811719218237851e-05,9.811719218237851e-05,8.073433704414157e-05,1,1,1,calibration_train,0,False,0,False
ice_native_0p10_v00,ice,ice,slip_candidate,0.1,11,729,743,14,14,14,4,4,0.004489365250338979,0.004489365250338979,0.004489365250338979,0.33929373218867687,2.1684922318128234e-05,2.1684922318128234e-05,2.1684922318128234e-05,2.1684922318128234e-05,1.3107344159810075e-05,0,1,1,calibration_train,0,False,0,False
ice_native_0p10_v00,ice,ice,slip_candidate,0.1,12,744,748,4,4,4,0,0,0.0011443740177978729,0.001144374017797873,,,7.767065130360844e-06,,7.767065130367783e-06,,,0,1,0,calibration_train,0,False,0,False
ice_native_0p10_v00,ice,ice,slip_candidate,0.1,13,749,754,5,5,5,0,0,0.0016235937028263746,0.0016235937028263746,,,1.337330667888336e-05,,1.3373306678876422e-05,,,0,1,0,calibration_train,0,False,0,False
ice_native_0p10_v00,ice,ice,slip_candidate,0.1,14,755,766,11,11,11,1,1,0.004494755803668824,0.004494755803668824,0.004494755803668824,0.4531791161878997,5.834899533066051e-05,1.487864605988036e-06,5.834899533065357e-05,1.487864605981097e-06,-1.1504706113774077e-05,0,1,1,calibration_train,0,False,0,False
ice_native_0p10_v00,ice,ice,slip_candidate,0.1,15,767,773,6,6,6,0,0,0.002536938942593702,0.002536938942593702,,,1.697075739188602e-05,,1.697075739188602e-05,,,0,1,0,calibration_train,0,False,0,False
ice_native_0p10_v00,ice,ice,slip_candidate,0.1,16,775,782,7,7,7,0,0,0.003319584368769543,0.0033195843687695435,,,3.3923937665015884e-05,,3.392393766502282e-05,,,0,1,0,calibration_train,0,False,0,False
ice_native_0p10_v00,ice,ice,slip_candidate,0.1,17,787,792,5,5,5,0,0,0.0024052052052598778,0.0024052052052598778,,,1.5077554536414677e-05,,1.5077554536414677e-05,,,0,1,0,calibration_train,0,False,0,False
ice_native_0p10_v00,ice,ice,slip_candidate,0.1,18,794,798,4,4,4,0,0,0.0018613749852120882,0.0018613749852120882,,,6.331723955445116e-06,,6.331723955452055e-06,,,0,1,0,calibration_train,0,False,0,False
ice_native_0p10_v00,ice,ice,slip_candidate,0.1,19,800,803,3,3,3,0,0,0.0012729358120373466,0.0012729358120373466,,,7.839482666411983e-06,,7.839482666405044e-06,,,0,1,0,calibration_train,0,False,0,False
ice_native_0p10_v00,ice,ice,slip_candidate,0.1,20,813,818,5,5,5,0,0,0.002609789218161447,0.002609789218161447,,,1.1594685160899558e-05,,1.1594685160892619e-05,,,0,1,0,calibration_train,0,False,0,False
ice_native_0p10_v00,ice,ice,slip_candidate,0.1,21,853,855,2,2,2,0,0,0.0007405014005932507,0.0007405014005932507,,,3.1445454997764896e-06,,3.1445454997764896e-06,,,0,1,0,calibration_train,0,False,0,False
ice_native_0p10_v00,ice,ice,slip_candidate,0.1,22,858,860,2,2,2,0,0,0.0007421590454495752,0.0007421590454495752,,,3.095468663154126e-06,,3.095468663154126e-06,,,0,1,0,calibration_train,0,False,0,False
ice_native_0p10_v00,ice,ice,slip_candidate,0.1,23,894,926,32,32,32,22,22,0.02917625753371236,0.02917625753371236,0.02917625753371236,0.9541882832267138,0.0011241857328257816,0.0011241857328257816,0.0011241857328257816,0.0011241857328257816,0.0009721737160648253,1,1,1,calibration_train,0,False,0,False
ice_native_0p10_v00,ice,ice,slip_candidate,0.1,24,929,943,14,14,14,4,4,0.012068045202659194,0.012068045202659194,0.012068045202659194,0.9029068077112462,0.00018364609252851782,0.00012226929416346132,0.00018364609252851782,0.00012226929416346132,8.954007323909441e-05,0,1,1,calibration_train,0,False,0,False
ice_native_0p10_v00,ice,ice,slip_candidate,0.1,25,945,953,8,8,8,0,0,0.006416766190126673,0.006416766190126673,,,5.726303846693547e-05,,5.726303846693547e-05,,,0,1,0,calibration_train,0,False,0,False
ice_native_0p10_v00,ice,ice,slip_candidate,0.1,26,954,1217,263,263,263,253,253,0.08220118723825894,0.08220118723825894,0.08220118723825894,0.8285621817982559,0.0007230658849230421,0.0007230658849230421,0.0007230658849230456,0.0007230658849230456,0.0007018356307157414,1,1,1,calibration_train,0,False,0,False
ice_native_0p10_v00,ice,ice,slip_candidate,0.1,27,1218,1253,35,35,35,25,25,0.024371289929277794,0.02437128992927779,0.024371289929277794,0.8151738214110443,0.000343637250352506,0.0003138123634708291,0.000343637250352506,0.0003138123634708291,0.00023075738544529878,1,1,1,calibration_train,0,False,0,False
ice_native_0p10_v00,ice,ice,slip_candidate,0.1,28,1254,1269,15,15,15,5,5,0.0088122422547015,0.0088122422547015,0.0088122422547015,0.6966876705019791,0.00019516662598747635,0.00013929490634713004,0.0001951666259874833,0.00013929490634713004,8.536859968480415e-05,0,1,1,calibration_train,0,False,0,False
ice_native_0p10_v00,ice,ice,slip_candidate,0.1,29,1270,1280,10,10,10,0,0,0.005082745526881181,0.005082745526881181,,,0.00010526528082680908,,0.00010526528082680908,,,0,1,0,calibration_train,0,False,0,False
ice_native_0p10_v00,ice,ice,slip_candidate,0.1,30,1281,1287,6,6,6,0,0,0.0028449621010573703,0.0028449621010573703,,,4.779627793210627e-05,,4.779627793210627e-05,,,0,1,0,calibration_train,0,False,0,False
ice_native_0p10_v00,ice,ice,slip_candidate,0.1,31,1288,1299,11,11,11,1,1,0.006139556765840861,0.006139556765840861,0.006139556765840861,0.7593619206650333,4.289949599410158e-05,1.78443578816535e-05,4.289949599410158e-05,1.78443578816535e-05,-3.415908344156504e-06,0,1,1,calibration_train,0,False,0,False
ice_native_0p10_v00,ice,ice,slip_candidate,0.1,32,1300,1305,5,5,5,0,0,0.0026901039735614534,0.0026901039735614534,,,3.190115651316005e-05,,3.190115651316005e-05,,,0,1,0,calibration_train,0,False,0,False
ice_native_0p10_v00,ice,ice,slip_candidate,0.1,33,1306,1311,5,5,5,0,0,0.002934909833113754,0.002934909833113754,,,3.373568219660738e-05,,3.373568219660738e-05,,,0,1,0,calibration_train,0,False,0,False
ice_native_0p10_v00,ice,ice,slip_candidate,0.1,34,1312,1315,3,3,3,0,0,0.001609802027229547,0.001609802027229547,,,1.9879721807665278e-05,,1.9879721807665278e-05,,,0,1,0,calibration_train,0,False,0,False
ice_native_0p10_v00,ice,ice,slip_candidate,0.1,35,1316,1320,4,4,4,0,0,0.0026223914644709022,0.0026223914644709022,,,2.073995970760644e-05,,2.073995970760644e-05,,,0,1,0,calibration_train,0,False,0,False
ice_native_0p10_v00,ice,ice,slip_candidate,0.1,36,1333,1334,1,1,1,0,0,0.0,0.0,,,2.512667662778016e-06,,2.512667662778016e-06,,,0,1,0,calibration_train,0,False,0,False
ice_native_0p10_v00,ice,ice,slip_candidate,0.1,37,1594,1915,321,321,316,306,306,0.13585931684765867,0.12858750335891256,0.13585931684765867,1.164269657953558,0.005289127596293376,0.005289127596293376,0.005289127596293369,0.005289127596293369,0.0048812021445757275,1,1,1,calibration_train,140,True,0,False
ice_native_0p10_v00,ice,ice,slip_candidate,0.1,38,1916,1944,28,28,28,18,18,0.003674057446761177,0.003674057446761177,0.003674057446761177,0.22187958015742934,0.0001204942254581327,0.00011828296136625737,0.0001204942254581327,0.00011828296136626431,8.998112639624356e-05,0,1,1,calibration_train,0,False,0,False
ice_native_0p10_v00,ice,ice,slip_candidate,0.1,39,1945,1967,22,22,22,12,12,0.007889465832539987,0.007889465832539987,0.007889465832539987,0.5149714174364269,4.312790539364852e-05,3.9683985226408695e-05,4.312790539364852e-05,3.9683985226415634e-05,2.619683782978388e-05,0,1,1,calibration_train,0,False,0,False
ice_native_0p10_v00,ice,ice,slip_candidate,0.1,40,1969,1974,5,5,5,0,0,0.002352066347695499,0.002352066347695499,,,1.3284379533291639e-05,,1.3284379533298578e-05,,,0,1,0,calibration_train,0,False,0,False
ice_native_0p10_v00,ice,ice,slip_candidate,0.1,41,1976,1980,4,4,4,0,0,0.0019298805821156048,0.0019298805821156048,,,1.2435448390922359e-05,,1.2435448390922359e-05,,,0,1,0,calibration_train,0,False,0,False
ice_native_0p10_v00,ice,ice,slip_candidate,0.1,42,2230,2432,202,202,201,191,191,0.0885777464018456,0.0885777464018456,0.0885777464018456,0.8502910297410802,0.01058626224387654,0.01058626224387654,0.010586262243876533,0.010586262243876533,0.010404535913751095,1,1,1,calibration_train,13,True,9,True
ice_native_0p10_v00,ice,ice,slip_candidate,0.1,43,2433,2540,107,107,107,97,97,0.022411283237394847,0.017975028362318058,0.022411283237394847,0.6334942799208453,0.00013539813984118475,9.826686340667478e-05,0.00013539813984118475,9.826686340667478e-05,5.207028474360498e-05,1,1,1,calibration_train,0,False,0,False
ice_native_0p10_v00,ice,ice,slip_candidate,0.1,44,2541,2561,20,20,18,9,9,0.014491766811750639,0.014491766811750639,0.014491766811750639,0.8144688457512405,6.162093092886966e-05,5.307953111687979e-05,6.162093092886966e-05,5.307953111687285e-05,2.8185595190133306e-05,0,1,1,calibration_train,0,False,0,False
ice_native_0p10_v00,ice,ice,slip_candidate,0.1,45,2562,2568,6,6,6,0,0,0.00419301032208722,0.00419301032208722,,,1.594816152542932e-05,,1.594816152542932e-05,,,0,1,0,calibration_train,0,False,0,False
ice_native_0p10_v00,ice,ice,slip_candidate,0.1,46,2569,2580,11,11,10,1,1,0.008681950658673367,0.008681950658673367,0.008681950658673367,0.8868718633966034,4.4198800882878746e-05,1.944942331363452e-05,4.4198800882885685e-05,1.944942331363452e-05,8.181648083055437e-06,0,1,1,calibration_train,0,False,0,False
ice_native_0p10_v00,ice,ice,slip_candidate,0.1,47,2581,2583,2,2,2,0,0,0.0008777148301338518,0.0008777148301338518,,,2.1645914515628847e-06,,2.1645914515628847e-06,,,0,1,0,calibration_train,0,False,0,False
ice_native_0p10_v00,ice,ice,slip_candidate,0.1,48,2584,2589,5,5,4,0,0,0.003524566705099787,0.003524566705099787,,,8.09650579136189e-06,,8.09650579136189e-06,,,0,1,0,calibration_train,0,False,0,False
ice_native_0p10_v00,ice,ice,slip_candidate,0.1,49,2590,2604,14,14,12,3,3,0.011350254196368419,0.011350254196368419,0.011350254196368419,0.8924243288327376,2.158767385960613e-05,5.706535813772111e-06,2.158767385960613e-05,5.70653581377905e-06,-8.49856791935999e-06,0,1,1,calibration_train,0,False,0,False
ice_native_0p10_v00,ice,ice,slip_candidate,0.1,50,2605,2608,3,3,3,0,0,0.001745446285807085,0.001745446285807085,,,1.0110442844347804e-05,,1.0110442844354743e-05,,,0,1,0,calibration_train,0,False,0,False
ice_native_0p10_v00,ice,ice,slip_candidate,0.1,51,2609,2611,2,2,2,0,0,0.0008719214146111124,0.0008719214146111124,,,3.5678783805821387e-06,,3.5678783805821387e-06,,,0,1,0,calibration_train,0,False,0,False
ice_native_0p10_v00,ice,ice,slip_candidate,0.1,52,2612,2615,3,3,3,0,0,0.001738958637981917,0.001738958637981917,,,1.1826737065730002e-05,,1.182673706573694e-05,,,0,1,0,calibration_train,0,False,0,False
ice_native_0p10_v00,ice,ice,slip_candidate,0.1,53,2617,2621,4,4,4,0,0,0.002595728311158638,0.002595728311158638,,,1.8773503932987927e-05,,1.8773503932987927e-05,,,0,1,0,calibration_train,0,False,0,False
ice_native_0p10_v00,ice,ice,slip_candidate,0.1,54,2626,2629,3,3,3,0,0,0.001716611880598606,0.001716611880598606,,,1.2870153866052607e-05,,1.2870153866052607e-05,,,0,1,0,calibration_train,0,False,0,False
ice_native_0p10_v00,ice,ice,slip_candidate,0.1,55,2632,2635,3,3,3,0,0,0.0016930947655508363,0.0016930947655508365,,,1.2923469565324745e-05,,1.2923469565331684e-05,,,0,1,0,calibration_train,0,False,0,False
ice_native_0p10_v00,ice,ice,slip_candidate,0.1,56,2637,2640,3,3,3,0,0,0.0016724192095419093,0.0016724192095419093,,,5.480254189167526e-06,,5.480254189167526e-06,,,0,1,0,calibration_train,0,False,0,False
ice_native_0p10_v00,ice,ice,slip_candidate,0.1,57,2778,3000,222,222,221,211,211,0.024041211918954666,0.017481479663710633,0.024041211918954666,0.3538846976839641,0.003480811607149868,0.003480811607149868,0.003480811607149868,0.003480811607149868,0.0033733979977923073,1,1,1,calibration_train,0,False,0,False
sand_solref_interpolation_1of3_0p10_v00,sand,sand_solref_interpolation_1of3,sink_candidate,0.1,0,37,303,266,266,243,233,233,0.004711403680827464,0.004711403680827464,0.0031964931109371634,0.11908323316927955,0.006551622432563182,0.006551622432563182,0.006551622432563179,0.006551622432563179,0.006523330727150153,1,1,1,calibration_train,0,False,154,True
sand_solref_interpolation_1of3_0p10_v00,sand,sand_solref_interpolation_1of3,sink_candidate,0.1,1,596,968,372,372,352,342,342,0.0070895930606529435,0.004458684776821609,0.0070895930606529435,0.1610383002614438,0.006133082769491603,0.006133082769491603,0.0061330827694916065,0.0061330827694916065,0.005769613094666698,1,1,1,calibration_train,0,False,35,True
sand_solref_interpolation_1of3_0p10_v00,sand,sand_solref_interpolation_1of3,sink_candidate,0.1,2,1177,1548,371,371,343,333,333,0.009865567792110062,0.004520528289876548,0.009865567792110062,0.17068768130655154,0.005845917502150642,0.005845917502150642,0.005845917502150642,0.005845917502150642,0.005732619952774368,1,1,1,calibration_train,0,False,20,True
sand_solref_interpolation_1of3_0p10_v00,sand,sand_solref_interpolation_1of3,sink_candidate,0.1,3,1778,2147,369,369,342,332,332,0.010595362628295862,0.004784498489320195,0.010595362628295862,0.2233803402622322,0.006027770200004816,0.006027770200004816,0.006027770200004819,0.006027770200004819,0.005929365100838871,1,1,1,calibration_train,0,False,122,True
sand_solref_interpolation_1of3_0p10_v00,sand,sand_solref_interpolation_1of3,sink_candidate,0.1,4,2379,2747,368,368,341,331,331,0.010481684916911576,0.004881808162640415,0.010481684916911576,0.21805299147231882,0.006065948312799464,0.006065948312799464,0.006065948312799464,0.006065948312799464,0.006033669979595008,1,1,1,calibration_train,0,False,182,True
sand_solref_interpolation_1of3_0p10_v00,sand,sand_solref_interpolation_1of3,sink_candidate,0.1,5,2979,3000,21,21,21,11,11,0.003978280678813771,0.003978280678813771,0.003978280678813771,0.21191257022177104,0.004313815423659213,0.004313815423659213,0.00431381542365922,0.00431381542365922,0.004142730441749676,0,1,1,calibration_train,0,False,0,False
sand_solref_interpolation_2of3_0p10_v00,sand,sand_solref_interpolation_2of3,sink_candidate,0.1,0,37,313,276,276,243,233,233,0.009325568734458575,0.009325568734458575,0.004304312275473592,0.14884702770509367,0.009432855501513928,0.009432855501513928,0.009432855501513925,0.009432855501513925,0.009404563796100898,1,1,1,calibration_train,0,False,207,True
sand_solref_interpolation_2of3_0p10_v00,sand,sand_solref_interpolation_2of3,sink_candidate,0.1,1,589,982,393,393,376,366,366,0.00827322822606406,0.004658144714471024,0.00827322822606406,0.24213840106981754,0.00867249113654393,0.00867249113654393,0.008672491136543933,0.008672491136543933,0.00844012838839607,1,1,1,calibration_train,0,False,302,True
sand_solref_interpolation_2of3_0p10_v00,sand,sand_solref_interpolation_2of3,sink_candidate,0.1,2,1176,1560,384,384,345,335,335,0.009434078123070948,0.0029311787504938415,0.009434078123070948,0.1912584775343259,0.008331580316884437,0.008331580316884437,0.00833158031688443,0.00833158031688443,0.007923901024919092,1,1,1,calibration_train,0,False,305,True
sand_solref_interpolation_2of3_0p10_v00,sand,sand_solref_interpolation_2of3,sink_candidate,0.1,3,1775,2156,381,381,345,335,335,0.011122525372412368,0.0031544793855843778,0.011122525372412368,0.28155997935937316,0.008332351631933296,0.008332351631933296,0.008332351631933296,0.008332351631933296,0.008298167619597008,1,1,1,calibration_train,0,False,301,True
sand_solref_interpolation_2of3_0p10_v00,sand,sand_solref_interpolation_2of3,sink_candidate,0.1,4,2377,2757,380,380,343,333,333,0.01120974646233388,0.003224461503060193,0.01120974646233388,0.2829268396122197,0.008471890646833995,0.008471890646833995,0.008471890646833992,0.008471890646833992,0.008322597203413135,1,1,1,calibration_train,0,False,298,True
sand_solref_interpolation_2of3_0p10_v00,sand,sand_solref_interpolation_2of3,sink_candidate,0.1,5,2976,3000,24,24,24,14,14,0.00576228152302837,0.00576228152302837,0.00576228152302837,0.28291058216299936,0.005351367251490015,0.005351367251490015,0.005351367251490022,0.005351367251490022,0.005339961100506163,0,1,1,calibration_train,0,False,0,False
marble_native_0p15_v00,marble,marble,hard_negative,0.15,0,38,276,238,238,238,228,228,0.0025620149355377003,0.002444064095194755,0.0025620149355377003,0.08512316207882976,0.0029689761944895294,0.0029689761944895294,0.0029689761944895294,0.0029689761944895294,0.0027189226054463445,1,1,1,calibration_train,0,False,0,False
marble_native_0p15_v00,marble,marble,hard_negative,0.15,1,277,283,6,6,3,0,0,0.00032982656729198343,0.00032982656729198343,,,7.50693991819441e-05,,7.50693991819441e-05,,,0,1,0,calibration_train,0,False,0,False
marble_native_0p15_v00,marble,marble,hard_negative,0.15,2,605,944,339,339,335,325,325,0.002683094434465662,0.0020713974117003175,0.002683094434465662,0.15920989133352792,0.00269000633934965,0.00269000633934965,0.002690006339349657,0.002690006339349657,0.0026576684713516263,1,1,1,calibration_train,0,False,0,False
marble_native_0p15_v00,marble,marble,hard_negative,0.15,3,1202,1527,325,325,325,315,315,0.0036048556119481234,0.003373042361973833,0.0036048556119481234,0.17655831042137957,0.00216960876153303,0.00216960876153303,0.0021696087615330267,0.0021696087615330267,0.0018432962152385851,1,1,1,calibration_train,0,False,0,False
marble_native_0p15_v00,marble,marble,hard_negative,0.15,4,1802,2121,319,319,318,308,308,0.00573181129774088,0.0055356264669575266,0.00573181129774088,0.3049828286694539,0.0024003245949884245,0.0024003245949884245,0.0024003245949884176,0.0024003245949884176,0.0022301223303317075,1,1,1,calibration_train,0,False,0,False
marble_native_0p15_v00,marble,marble,hard_negative,0.15,5,2393,2721,328,328,327,317,317,0.005825873515556211,0.005598421917352415,0.005825873515556211,0.30267168599085814,0.0025595234806537843,0.0025595234806537843,0.0025595234806537843,0.0025595234806537843,0.002448238488522228,1,1,1,calibration_train,0,False,0,False
marble_native_0p15_v00,marble,marble,hard_negative,0.15,6,2992,3000,8,8,8,0,0,0.002517884389553944,0.002517884389553944,,,0.0016566565908230592,,0.001656656590823066,,,0,1,0,calibration_train,0,False,0,False
concrete_native_0p15_v00,concrete,concrete,hard_negative,0.15,0,38,284,246,246,242,232,232,0.0030911775024074816,0.0030911775024074816,0.0028718015222581935,0.08536853820662389,0.002980317350347049,0.002980317350347049,0.0029803173503470523,0.0029803173503470523,0.0027288769113278794,1,1,1,calibration_train,0,False,0,False
concrete_native_0p15_v00,concrete,concrete,hard_negative,0.15,1,605,949,344,344,338,328,328,0.0014246457284191375,0.0014246457284191375,0.0013260726273973517,0.05994730620503912,0.0026322534685001937,0.0026322534685001937,0.0026322534685001902,0.0026322534685001902,0.0025453077445395517,1,1,1,calibration_train,0,False,0,False
concrete_native_0p15_v00,concrete,concrete,hard_negative,0.15,2,1201,1533,332,332,332,322,322,0.0023003524164678427,0.0019607194390592044,0.0023003524164678427,0.09960410081144629,0.002196057512173856,0.002196057512173856,0.0021960575121738593,0.0021960575121738593,0.002124030622614251,1,1,1,calibration_train,0,False,0,False
concrete_native_0p15_v00,concrete,concrete,hard_negative,0.15,3,1802,2127,325,325,319,309,309,0.0020563167802017464,0.0016073479055854073,0.0020563167802017464,0.08681526538074628,0.0023647038053256587,0.0023647038053256587,0.0023647038053256587,0.0023647038053256587,0.0021563001293620487,1,1,1,calibration_train,0,False,0,False
concrete_native_0p15_v00,concrete,concrete,hard_negative,0.15,4,2396,2728,332,332,325,315,315,0.001846227542248438,0.0012846764439897096,0.001846227542248438,0.07166769998310173,0.002454405276952838,0.002454405276952838,0.0024544052769528346,0.0024544052769528346,0.0022214526355088388,1,1,1,calibration_train,0,False,0,False
concrete_native_0p15_v00,concrete,concrete,hard_negative,0.15,5,2995,3000,5,5,5,0,0,0.0013326414241929675,0.0013326414241929675,,,0.00126815404624762,,0.00126815404624762,,,0,1,0,calibration_train,0,False,0,False
sand_hardened_0p15_v00,sand,sand_walking_support_v1_hardened,hard_negative,0.15,0,38,291,253,253,242,232,232,0.0021432591215849307,0.0016140605945037297,0.0021432591215849307,0.07416025330761412,0.0035472106523283904,0.0035472106523283904,0.0035472106523283904,0.0035472106523283904,0.0032949502902973743,1,1,1,calibration_train,0,False,0,False
sand_hardened_0p15_v00,sand,sand_walking_support_v1_hardened,hard_negative,0.15,1,600,952,352,352,340,330,330,0.006612259001050638,0.005911035843194706,0.006612259001050638,0.09971632903305608,0.0035760970710188396,0.0035760970710188396,0.003576097071018836,0.003576097071018836,0.003503285858663996,1,1,1,calibration_train,0,False,0,False
sand_hardened_0p15_v00,sand,sand_walking_support_v1_hardened,hard_negative,0.15,2,1186,1532,346,346,334,324,324,0.007795395915507777,0.00500339727787409,0.007795395915507777,0.13487107166686715,0.003134059908901958,0.003134059908901958,0.003134059908901958,0.003134059908901958,0.0030939691247080098,1,1,1,calibration_train,0,False,0,False
sand_hardened_0p15_v00,sand,sand_walking_support_v1_hardened,hard_negative,0.15,3,1785,2130,345,345,335,325,325,0.008818387579137403,0.005996379082745955,0.008818387579137403,0.16203069084349858,0.003356795830716279,0.003356795830716279,0.003356795830716279,0.003356795830716279,0.0033501891086042818,1,1,1,calibration_train,0,False,0,False
sand_hardened_0p15_v00,sand,sand_walking_support_v1_hardened,hard_negative,0.15,4,2385,2731,346,346,335,325,325,0.00852169275391234,0.005584263260176609,0.00852169275391234,0.14283836597976116,0.0034021352583806187,0.0034021352583806187,0.0034021352583806256,0.0034021352583806256,0.003202932290826979,1,1,1,calibration_train,0,False,0,False
sand_hardened_0p15_v00,sand,sand_walking_support_v1_hardened,hard_negative,0.15,5,2985,3000,15,15,15,5,5,0.0028100799851408795,0.0028100799851408795,0.0028100799851408795,0.14426236919327928,0.0024046070571866708,0.0024046070571866708,0.002404607057186664,0.002404607057186664,0.002236394113963522,0,1,1,calibration_train,0,False,0,False
ice_native_0p15_v00,ice,ice,slip_candidate,0.15,0,38,191,153,153,152,142,142,0.06577140097982101,0.06577140097982101,0.06577140097982101,1.5661267289324121,0.0029808164688796364,0.0029808164688796364,0.002980816468879633,0.002980816468879633,0.0027319300586599177,1,1,1,calibration_train,0,False,0,False
ice_native_0p15_v00,ice,ice,slip_candidate,0.15,1,192,200,8,8,8,0,0,0.0115555614962449,0.0115555614962449,,,0.0001657028899092151,,0.00016570288990922204,,,0,1,0,calibration_train,0,False,0,False
ice_native_0p15_v00,ice,ice,slip_candidate,0.15,2,201,212,11,11,11,1,1,0.018651372038464353,0.018651372038464353,0.018651372038464353,1.9963635475286161,0.000351932108668916,8.129277159687597e-05,0.000351932108668916,8.129277159686903e-05,1.1797182179779098e-05,0,1,1,calibration_train,0,False,0,False
ice_native_0p15_v00,ice,ice,slip_candidate,0.15,3,213,221,8,8,8,0,0,0.014043455043641273,0.014043455043641271,,,0.00021877978760718574,,0.00021877978760718574,,,0,1,0,calibration_train,0,False,0,False
ice_native_0p15_v00,ice,ice,slip_candidate,0.15,4,225,230,5,5,5,0,0,0.00775267556624628,0.00775267556624628,,,6.713293935011865e-05,,6.713293935011865e-05,,,0,1,0,calibration_train,0,False,0,False
ice_native_0p15_v00,ice,ice,slip_candidate,0.15,5,236,238,2,2,2,0,0,0.0016824049021280118,0.0016824049021280118,,,2.2013261899984753e-05,,2.201326189999169e-05,,,0,1,0,calibration_train,0,False,0,False
ice_native_0p15_v00,ice,ice,slip_candidate,0.15,6,467,527,60,60,60,50,50,0.06231225100308866,0.06231225100308866,0.06231225100308866,1.9663493105612413,0.01425830582674267,0.01425830582674267,0.01425830582674267,0.01425830582674267,0.013858865109113716,1,1,1,calibration_train,0,False,12,True
ice_native_0p15_v00,ice,ice,slip_candidate,0.15,7,529,745,216,216,213,203,203,0.1303936943976871,0.12196853050274525,0.1303936943976871,2.0438037926011057,0.000618358843361473,0.0002918476324978809,0.0006183588433614695,0.0002918476324978809,7.107293150077076e-05,1,1,1,calibration_train,114,True,0,False
ice_native_0p15_v00,ice,ice,slip_candidate,0.15,8,746,750,4,4,4,0,0,0.0013649697920010283,0.0013649697920010283,,,1.1706053797545628e-05,,1.1706053797545628e-05,,,0,1,0,calibration_train,0,False,0,False
ice_native_0p15_v00,ice,ice,slip_candidate,0.15,9,751,756,5,5,5,0,0,0.0019311668326867737,0.0019311668326867737,,,1.8694657922350803e-05,,1.8694657922350803e-05,,,0,1,0,calibration_train,0,False,0,False
ice_native_0p15_v00,ice,ice,slip_candidate,0.15,10,757,760,3,3,3,0,0,0.0010180794176037646,0.0010180794176037646,,,7.628783810757593e-06,,7.628783810757593e-06,,,0,1,0,calibration_train,0,False,0,False
ice_native_0p15_v00,ice,ice,slip_candidate,0.15,11,761,768,7,7,7,0,0,0.0031907813731561923,0.0031907813731561923,,,1.0669018703358783e-05,,1.0669018703358783e-05,,,0,1,0,calibration_train,0,False,0,False
ice_native_0p15_v00,ice,ice,slip_candidate,0.15,12,769,772,3,3,3,0,0,0.0011214605167737522,0.0011214605167737524,,,6.457715156431114e-06,,6.457715156431114e-06,,,0,1,0,calibration_train,0,False,0,False
ice_native_0p15_v00,ice,ice,slip_candidate,0.15,13,773,781,8,8,8,0,0,0.0041419453984401925,0.0041419453984401925,,,4.110390779276784e-05,,4.11039077927609e-05,,,0,1,0,calibration_train,0,False,0,False
ice_native_0p15_v00,ice,ice,slip_candidate,0.15,14,782,788,6,6,6,0,0,0.003039755492900303,0.003039755492900303,,,2.1649517792095112e-05,,2.1649517792095112e-05,,,0,1,0,calibration_train,0,False,0,False
ice_native_0p15_v00,ice,ice,slip_candidate,0.15,15,790,797,7,7,7,0,0,0.0037184653805829803,0.0037184653805829803,,,3.0859584199858896e-05,,3.0859584199858896e-05,,,0,1,0,calibration_train,0,False,0,False
ice_native_0p15_v00,ice,ice,slip_candidate,0.15,16,798,805,7,7,7,0,0,0.00381055454945018,0.00381055454945018,,,2.4996176675932784e-05,,2.4996176675932784e-05,,,0,1,0,calibration_train,0,False,0,False
ice_native_0p15_v00,ice,ice,slip_candidate,0.15,17,807,812,5,5,5,0,0,0.0025695282670765416,0.0025695282670765416,,,1.7364537297249842e-05,,1.7364537297249842e-05,,,0,1,0,calibration_train,0,False,0,False
ice_native_0p15_v00,ice,ice,slip_candidate,0.15,18,814,818,4,4,4,0,0,0.0019215595196860871,0.0019215595196860871,,,1.059423179130669e-05,,1.059423179130669e-05,,,0,1,0,calibration_train,0,False,0,False
ice_native_0p15_v00,ice,ice,slip_candidate,0.15,19,819,822,3,3,3,0,0,0.0012872201291134647,0.0012872201291134644,,,4.519204260695735e-06,,4.519204260695735e-06,,,0,1,0,calibration_train,0,False,0,False
ice_native_0p15_v00,ice,ice,slip_candidate,0.15,20,824,826,2,2,2,0,0,0.0006626700077074052,0.0006626700077074052,,,2.2907140270573764e-06,,2.2907140270573764e-06,,,0,1,0,calibration_train,0,False,0,False
ice_native_0p15_v00,ice,ice,slip_candidate,0.15,21,827,829,2,2,2,0,0,0.0006681023644976684,0.0006681023644976684,,,2.5851058552640513e-06,,2.5851058552640513e-06,,,0,1,0,calibration_train,0,False,0,False
ice_native_0p15_v00,ice,ice,slip_candidate,0.15,22,830,832,2,2,2,0,0,0.0006701157392252287,0.0006701157392252287,,,3.9265345781426195e-06,,3.9265345781426195e-06,,,0,1,0,calibration_train,0,False,0,False
ice_native_0p15_v00,ice,ice,slip_candidate,0.15,23,833,836,3,3,3,0,0,0.001338923594990553,0.001338923594990553,,,4.2904153535845355e-06,,4.2904153535845355e-06,,,0,1,0,calibration_train,0,False,0,False
ice_native_0p15_v00,ice,ice,slip_candidate,0.15,24,837,840,3,3,3,0,0,0.0013329682100936626,0.0013329682100936626,,,6.76931827949933e-06,,6.76931827949933e-06,,,0,1,0,calibration_train,0,False,0,False
ice_native_0p15_v00,ice,ice,slip_candidate,0.15,25,847,851,4,4,4,0,0,0.0021643104100011372,0.0021643104100011372,,,1.1936196619456545e-05,,1.1936196619456545e-05,,,0,1,0,calibration_train,0,False,0,False
ice_native_0p15_v00,ice,ice,slip_candidate,0.15,26,853,855,2,2,2,0,0,0.0007284779460752406,0.0007284779460752406,,,2.1970049814646828e-06,,2.1970049814646828e-06,,,0,1,0,calibration_train,0,False,0,False
ice_native_0p15_v00,ice,ice,slip_candidate,0.15,27,856,858,2,2,2,0,0,0.0007294941183283552,0.0007294941183283553,,,2.9914884238048042e-06,,2.991488423811743e-06,,,0,1,0,calibration_train,0,False,0,False
ice_native_0p15_v00,ice,ice,slip_candidate,0.15,28,859,861,2,2,1,0,0,0.0007324607085918108,0.0007324607085918108,,,2.0748538409288628e-06,,2.0748538409288628e-06,,,0,1,0,calibration_train,0,False,0,False
ice_native_0p15_v00,ice,ice,slip_candidate,0.15,29,877,883,6,6,3,0,0,0.004198022129431888,0.004198022129431888,,,3.113901485100445e-05,,3.113901485100445e-05,,,0,1,0,calibration_train,0,False,0,False
ice_native_0p15_v00,ice,ice,slip_candidate,0.15,30,891,918,27,27,27,17,17,0.02390538730581471,0.02390538730581471,0.02390538730581471,0.9389750294885671,0.0007299653066245122,0.0007294793674234813,0.0007299653066245122,0.0007294793674234743,0.0007262154936858861,0,1,1,calibration_train,0,False,0,False
ice_native_0p15_v00,ice,ice,slip_candidate,0.15,31,920,929,9,9,9,0,0,0.007426243968707594,0.007426243968707594,,,6.120945267206867e-05,,6.120945267207561e-05,,,0,1,0,calibration_train,0,False,0,False
ice_native_0p15_v00,ice,ice,slip_candidate,0.15,32,930,945,15,15,15,5,5,0.013053339533962533,0.013053339533962533,0.013053339533962533,0.9281380452176857,5.229624658110565e-05,5.049075273299685e-05,5.229624658110565e-05,5.049075273299685e-05,4.074924794050805e-05,0,1,1,calibration_train,0,False,0,False
ice_native_0p15_v00,ice,ice,slip_candidate,0.15,33,946,1236,290,290,290,280,280,0.0787682662691202,0.0787682662691202,0.0787682662691202,0.894080775152689,0.0005811294333190843,0.0005811294333190843,0.0005811294333190808,0.0005811294333190808,0.0005645214359653317,1,1,1,calibration_train,0,False,0,False
ice_native_0p15_v00,ice,ice,slip_candidate,0.15,34,1237,1257,20,20,20,10,10,0.01200144250212936,0.01200144250212936,0.01200144250212936,0.7200585546680794,0.0003148018507008977,0.0002906952358202276,0.0003148018507008908,0.00029069523582022066,0.00021117453677194087,0,1,1,calibration_train,0,False,0,False
ice_native_0p15_v00,ice,ice,slip_candidate,0.15,35,1258,1273,15,15,15,5,5,0.009133364454626819,0.009133364454626819,0.009133364454626819,0.7347136330015556,0.00020069808838718128,0.00014124759838838718,0.00020069808838718128,0.00014124759838838718,8.08439702469077e-05,0,1,1,calibration_train,0,False,0,False
ice_native_0p15_v00,ice,ice,slip_candidate,0.15,36,1274,1303,29,29,29,19,19,0.017648150364889204,0.017648150364889204,0.017648150364889204,0.7886886633070375,9.676465141208578e-05,5.448835949772423e-05,9.676465141209272e-05,5.448835949772423e-05,2.3814106413500014e-05,0,1,1,calibration_train,0,False,0,False
ice_native_0p15_v00,ice,ice,slip_candidate,0.15,37,1304,1310,6,6,6,0,0,0.003516870985982648,0.003516870985982648,,,4.52969060163828e-05,,4.52969060163828e-05,,,0,1,0,calibration_train,0,False,0,False
ice_native_0p15_v00,ice,ice,slip_candidate,0.15,38,1311,1316,5,5,5,0,0,0.0030535063732174276,0.0030535063732174276,,,2.5760500640468857e-05,,2.5760500640468857e-05,,,0,1,0,calibration_train,0,False,0,False
ice_native_0p15_v00,ice,ice,slip_candidate,0.15,39,1317,1319,2,2,2,0,0,0.0008163893054557382,0.0008163893054557382,,,8.829423221774595e-06,,8.829423221774595e-06,,,0,1,0,calibration_train,0,False,0,False
ice_native_0p15_v00,ice,ice,slip_candidate,0.15,40,1320,1321,1,1,1,0,0,0.0,0.0,,,3.407076990906248e-06,,3.407076990906248e-06,,,0,1,0,calibration_train,0,False,0,False
ice_native_0p15_v00,ice,ice,slip_candidate,0.15,41,1609,1698,89,89,87,77,77,0.07498719170988914,0.07498719170988914,0.07498719170988914,1.219667970599236,0.005733750670263267,0.005733750670263267,0.005733750670263267,0.005733750670263267,0.004802275300161224,1,1,1,calibration_train,0,False,0,False
ice_native_0p15_v00,ice,ice,slip_candidate,0.15,42,1699,1945,246,246,242,232,232,0.06536722198959347,0.04855651416012992,0.06536722198959347,1.0126764171842915,0.0003081517915327304,0.0003081517915327304,0.00030815179153273736,0.00030815179153273736,0.0002714253797558158,1,1,1,calibration_train,0,False,0,False
ice_native_0p15_v00,ice,ice,slip_candidate,0.15,43,1946,1960,14,14,14,4,4,0.0066939805235192475,0.0066939805235192475,0.0066939805235192475,0.5204355772327963,5.3039760473462365e-05,3.5070805999094616e-05,5.3039760473455426e-05,3.507080599908768e-05,2.178693363051598e-05,0,1,1,calibration_train,0,False,0,False
ice_native_0p15_v00,ice,ice,slip_candidate,0.15,44,1962,1968,6,6,6,0,0,0.003178897648133332,0.003178897648133332,,,2.0006116869249017e-05,,2.0006116869255956e-05,,,0,1,0,calibration_train,0,False,0,False
ice_native_0p15_v00,ice,ice,slip_candidate,0.15,45,1969,1976,7,7,7,0,0,0.00425643589061088,0.00425643589061088,,,1.031316679280924e-05,,1.031316679280924e-05,,,0,1,0,calibration_train,0,False,0,False
ice_native_0p15_v00,ice,ice,slip_candidate,0.15,46,1977,1981,4,4,3,0,0,0.002262785452625785,0.002262785452625785,,,9.601467360838105e-06,,9.601467360838105e-06,,,0,1,0,calibration_train,0,False,0,False
ice_native_0p15_v00,ice,ice,slip_candidate,0.15,47,2216,2356,140,140,139,129,129,0.08261754440420307,0.08261754440420307,0.08261754440420307,0.9322954300623773,0.010293840285339442,0.010293840285339442,0.010293840285339449,0.010293840285339449,0.009280325921394189,1,1,1,calibration_train,0,False,1,True
ice_native_0p15_v00,ice,ice,slip_candidate,0.15,48,2357,2385,28,28,28,18,18,0.022942226740130096,0.022942226740130096,0.022942226740130096,1.0366647636324102,0.00039260172192314823,0.00031228954398243147,0.00039260172192314823,0.0003122895439824384,0.00020210915375078187,0,1,1,calibration_train,0,False,0,False
ice_native_0p15_v00,ice,ice,slip_candidate,0.15,49,2386,2393,7,7,7,0,0,0.0056793116550052985,0.0056793116550052985,,,9.652597269798734e-05,,9.652597269799428e-05,,,0,1,0,calibration_train,0,False,0,False
ice_native_0p15_v00,ice,ice,slip_candidate,0.15,50,2394,2401,7,7,7,0,0,0.005854432071781815,0.005854432071781815,,,0.0001123120559636771,,0.0001123120559636771,,,0,1,0,calibration_train,0,False,0,False
ice_native_0p15_v00,ice,ice,slip_candidate,0.15,51,2402,2412,10,10,10,0,0,0.008470025636187843,0.008470025636187843,,,0.000241612846225407,,0.000241612846225407,,,0,1,0,calibration_train,0,False,0,False
ice_native_0p15_v00,ice,ice,slip_candidate,0.15,52,2413,2420,7,7,7,0,0,0.005532053154376945,0.005532053154376945,,,0.00010713652037421927,,0.00010713652037421927,,,0,1,0,calibration_train,0,False,0,False
ice_native_0p15_v00,ice,ice,slip_candidate,0.15,53,2421,2426,5,5,5,0,0,0.003500942216947848,0.003500942216947848,,,6.0372559930489504e-05,,6.0372559930489504e-05,,,0,1,0,calibration_train,0,False,0,False
ice_native_0p15_v00,ice,ice,slip_candidate,0.15,54,2427,2433,6,6,6,0,0,0.004601603457364563,0.004601603457364563,,,8.361947242363065e-05,,8.361947242363065e-05,,,0,1,0,calibration_train,0,False,0,False
ice_native_0p15_v00,ice,ice,slip_candidate,0.15,55,2434,2439,5,5,5,0,0,0.004298082437212298,0.004298082437212298,,,4.3456189779782044e-05,,4.3456189779782044e-05,,,0,1,0,calibration_train,0,False,0,False
ice_native_0p15_v00,ice,ice,slip_candidate,0.15,56,2440,2442,2,2,2,0,0,0.0011969590657159245,0.0011969590657159245,,,1.881237540915081e-05,,1.881237540915081e-05,,,0,1,0,calibration_train,0,False,0,False
ice_native_0p15_v00,ice,ice,slip_candidate,0.15,57,2443,2444,1,1,1,0,0,0.0,0.0,,,5.617367032926916e-06,,5.617367032926916e-06,,,0,1,0,calibration_train,0,False,0,False
ice_native_0p15_v00,ice,ice,slip_candidate,0.15,58,2445,2447,2,2,2,0,0,0.001349282011932106,0.001349282011932106,,,1.068976448185665e-05,,1.068976448185665e-05,,,0,1,0,calibration_train,0,False,0,False
ice_native_0p15_v00,ice,ice,slip_candidate,0.15,59,2448,2452,4,4,4,0,0,0.004468080366525674,0.0044680803665256745,,,5.968214567486207e-05,,5.968214567486207e-05,,,0,1,0,calibration_train,0,False,0,False
ice_native_0p15_v00,ice,ice,slip_candidate,0.15,60,2453,2457,4,4,4,0,0,0.005015183999834446,0.005015183999834446,,,3.963530315250884e-05,,3.963530315250884e-05,,,0,1,0,calibration_train,0,False,0,False
ice_native_0p15_v00,ice,ice,slip_candidate,0.15,61,2458,2473,15,15,15,5,5,0.02792711025236426,0.02792711025236426,0.02792711025236426,2.2076666570751273,0.0005973319685396118,0.0005149742678769399,0.0005973319685396118,0.0005149742678769399,0.0005136073062577684,0,1,1,calibration_train,0,False,0,False
ice_native_0p15_v00,ice,ice,slip_candidate,0.15,62,2478,2485,7,7,7,0,0,0.013880312958605154,0.013880312958605154,,,0.00019627226747500736,,0.00019627226747500736,,,0,1,0,calibration_train,0,False,0,False
ice_native_0p15_v00,ice,ice,slip_candidate,0.15,63,2493,2496,3,3,3,0,0,0.005029151952437118,0.005029151952437118,,,5.0917200009182977e-05,,5.0917200009182977e-05,,,0,1,0,calibration_train,0,False,0,False
ice_native_0p15_v00,ice,ice,slip_candidate,0.15,64,2719,2791,72,72,72,62,62,0.04560909082825829,0.04560909082825829,0.04560909082825829,0.913711160852632,0.019954892646008453,0.019954892646008453,0.01995489264600845,0.01995489264600845,0.019548050504299253,1,1,1,calibration_train,0,False,18,True
ice_native_0p15_v00,ice,ice,slip_candidate,0.15,65,2792,2806,14,14,14,4,4,0.010205122220451977,0.010205122220451977,0.010205122220451977,0.7836976806786587,0.0003634077535617881,0.00021253188953984214,0.0003634077535617881,0.00021253188953984908,0.00011455720013062165,0,1,1,calibration_train,0,False,0,False
ice_native_0p15_v00,ice,ice,slip_candidate,0.15,66,2807,2824,17,17,17,7,7,0.0097422497771893,0.0097422497771893,0.0097422497771893,0.7149645991756879,0.0003017549412274957,0.0002501964247046918,0.0003017549412275026,0.00025019642470469877,0.000213133235073798,0,1,1,calibration_train,0,False,0,False
ice_native_0p15_v00,ice,ice,slip_candidate,0.15,67,2827,2872,45,45,45,35,35,0.08911944393527535,0.08911944393527535,0.08911944393527535,2.5551710913270784,0.0025693992680617906,0.0025693992680617906,0.0025693992680617976,0.0025693992680617976,0.0025255581778093894,1,1,1,calibration_train,0,False,0,False
ice_native_0p15_v00,ice,ice,slip_candidate,0.15,68,2873,2876,3,3,3,0,0,0.005019609587641462,0.005019609587641462,,,2.693553781761126e-05,,2.693553781761126e-05,,,0,1,0,calibration_train,0,False,0,False
ice_native_0p15_v00,ice,ice,slip_candidate,0.15,69,2877,2883,6,6,6,0,0,0.012063567010768484,0.012063567010768484,,,7.428466427966251e-05,,7.428466427966251e-05,,,0,1,0,calibration_train,0,False,0,False
ice_native_0p15_v00,ice,ice,slip_candidate,0.15,70,2884,2922,38,38,38,28,28,0.049484127998191026,0.049484127998191026,0.049484127998191026,1.6573098663801509,0.00106947177388043,0.00106947177388043,0.00106947177388043,0.00106947177388043,0.0010201056739347347,1,1,1,calibration_train,0,False,0,False
ice_native_0p15_v00,ice,ice,slip_candidate,0.15,71,2923,2932,9,9,9,0,0,0.008360534779774005,0.008360534779774005,,,0.00023425292166264888,,0.00023425292166264888,,,0,1,0,calibration_train,0,False,0,False
ice_native_0p15_v00,ice,ice,slip_candidate,0.15,72,2933,2951,18,18,18,8,8,0.024346241773211555,0.02434624177321156,0.024346241773211555,1.8808881043686583,0.00038195331660159215,0.00038195331660159215,0.00038195331660159215,0.00038195331660159215,0.00031359097122983515,0,1,1,calibration_train,0,False,0,False
ice_native_0p15_v00,ice,ice,slip_candidate,0.15,73,2952,2962,10,10,10,0,0,0.019994961005434773,0.019994961005434773,,,0.0006132009446213156,,0.0006132009446213156,,,0,1,0,calibration_train,0,False,0,False
ice_native_0p15_v00,ice,ice,slip_candidate,0.15,74,2963,2968,5,5,5,0,0,0.011158753771244381,0.011158753771244381,,,0.00017836136368617594,,0.00017836136368617594,,,0,1,0,calibration_train,0,False,0,False
ice_native_0p15_v00,ice,ice,slip_candidate,0.15,75,2969,2973,4,4,4,0,0,0.009546753802744074,0.009546753802744074,,,0.000230207689330973,,0.000230207689330973,,,0,1,0,calibration_train,0,False,0,False
ice_native_0p15_v00,ice,ice,slip_candidate,0.15,76,2975,2978,3,3,3,0,0,0.006864415107257381,0.006864415107257381,,,0.00022446696007596533,,0.00022446696007596533,,,0,1,0,calibration_train,0,False,0,False
sand_solref_interpolation_1of3_0p15_v00,sand,sand_solref_interpolation_1of3,sink_candidate,0.15,0,38,304,266,266,242,232,232,0.005312597707525633,0.005312597707525633,0.0033545471532065545,0.12291273812941353,0.006630738316104566,0.006630738316104566,0.006630738316104566,0.006630738316104566,0.00637261568391137,1,1,1,calibration_train,0,False,89,True
sand_solref_interpolation_1of3_0p15_v00,sand,sand_solref_interpolation_1of3,sink_candidate,0.15,1,593,964,371,371,347,337,337,0.007695110342209223,0.005256484595307139,0.007695110342209223,0.19120358561114598,0.006493351515568675,0.006493351515568675,0.006493351515568668,0.006493351515568668,0.006403968922677472,1,1,1,calibration_train,0,False,171,True
sand_solref_interpolation_1of3_0p15_v00,sand,sand_solref_interpolation_1of3,sink_candidate,0.15,2,1181,1543,362,362,339,329,329,0.010349294675057148,0.005281257117581949,0.010349294675057148,0.21314001713651967,0.005863954882898782,0.005863954882898782,0.005863954882898789,0.005863954882898789,0.005465130009186053,1,1,1,calibration_train,0,False,0,False
sand_solref_interpolation_1of3_0p15_v00,sand,sand_solref_interpolation_1of3,sink_candidate,0.15,3,1780,2143,363,363,340,330,330,0.011296306562750323,0.006137553240702782,0.011296306562750323,0.2574344629480812,0.006067181235578502,0.006067181235578502,0.006067181235578498,0.006067181235578498,0.005797213489810521,1,1,1,calibration_train,0,False,24,True
sand_solref_interpolation_1of3_0p15_v00,sand,sand_solref_interpolation_1of3,sink_candidate,0.15,4,2381,2743,362,362,339,329,329,0.011004955712690669,0.0059291366646386165,0.011004955712690669,0.24789851044068675,0.006144784142038682,0.006144784142038682,0.006144784142038686,0.006144784142038686,0.0058144353659096565,1,1,1,calibration_train,0,False,24,True
sand_solref_interpolation_1of3_0p15_v00,sand,sand_solref_interpolation_1of3,sink_candidate,0.15,5,2981,3000,19,19,19,9,9,0.004599316847820985,0.004599316847820985,0.004599316847820985,0.24614275452302076,0.003993280560434668,0.003993280560434668,0.003993280560434668,0.003993280560434668,0.003608346079617339,0,1,1,calibration_train,0,False,0,False
sand_solref_interpolation_2of3_0p15_v00,sand,sand_solref_interpolation_2of3,sink_candidate,0.15,0,38,314,276,276,242,232,232,0.009836059465656076,0.009836059465656076,0.0044914063722716535,0.1534140813887718,0.009583795071765915,0.009583795071765915,0.009583795071765912,0.009583795071765912,0.009323314346539643,1,1,1,calibration_train,0,False,207,True
sand_solref_interpolation_2of3_0p15_v00,sand,sand_solref_interpolation_2of3,sink_candidate,0.15,1,585,973,388,388,355,345,345,0.009368022030583317,0.0038612973783829665,0.009368022030583317,0.2870514088147037,0.008950722714330863,0.008950722714330863,0.00895072271433087,0.00895072271433087,0.008738881064464743,1,1,1,calibration_train,0,False,311,True
sand_solref_interpolation_2of3_0p15_v00,sand,sand_solref_interpolation_2of3,sink_candidate,0.15,2,1178,1551,373,373,342,332,332,0.01113420383787824,0.004330858861652581,0.01113420383787824,0.2774474114737861,0.008336402543195062,0.008336402543195062,0.008336402543195055,0.008336402543195055,0.008158390355008621,1,1,1,calibration_train,0,False,295,True
sand_solref_interpolation_2of3_0p15_v00,sand,sand_solref_interpolation_2of3,sink_candidate,0.15,3,1778,2152,374,374,342,332,332,0.012679155008840134,0.00578543867492848,0.012679155008840134,0.3384230834943008,0.008557206548065795,0.008557206548065795,0.008557206548065792,0.008557206548065792,0.00830601018233093,1,1,1,calibration_train,0,False,293,True
sand_solref_interpolation_2of3_0p15_v00,sand,sand_solref_interpolation_2of3,sink_candidate,0.15,4,2378,2752,374,374,342,332,332,0.012580451915037975,0.00569424801726165,0.012580451915037975,0.3343579126089323,0.0085635961502416,0.0085635961502416,0.008563596150241597,0.008563596150241597,0.008418673495347806,1,1,1,calibration_train,0,False,294,True
sand_solref_interpolation_2of3_0p15_v00,sand,sand_solref_interpolation_2of3,sink_candidate,0.15,5,2978,3000,22,22,22,12,12,0.0066148182462742065,0.0066148182462742065,0.0066148182462742065,0.3340657877826124,0.004923742500031465,0.004923742500031465,0.004923742500031465,0.004923742500031465,0.004763707889322816,0,1,1,calibration_train,0,False,0,False
marble_native_0p20_v00,marble,marble,hard_negative,0.2,0,37,275,238,238,238,228,228,0.0029506260487455528,0.0027535804916839976,0.0029506260487455528,0.1002730436025794,0.003186277665021729,0.003186277665021729,0.0031862776650217256,0.0031862776650217256,0.003052299929993424,1,1,1,calibration_train,0,False,0,False
marble_native_0p20_v00,marble,marble,hard_negative,0.2,1,276,282,6,6,4,0,0,0.0002845504308936015,0.0002845504308936015,,,6.704107178900475e-05,,6.704107178900128e-05,,,0,1,0,calibration_train,0,False,0,False
marble_native_0p20_v00,marble,marble,hard_negative,0.2,2,605,944,339,339,335,325,325,0.002596213980909091,0.002099819844247001,0.002596213980909091,0.15797685915715948,0.0028387213067462237,0.0028387213067462237,0.0028387213067462306,0.0028387213067462306,0.002441208364742764,1,1,1,calibration_train,0,False,0,False
marble_native_0p20_v00,marble,marble,hard_negative,0.2,3,1210,1526,316,316,315,305,305,0.004659862806927556,0.004391536205726612,0.004659862806927556,0.2084474947140869,0.0022775667516949883,0.0022775667516949883,0.002277566751694992,0.002277566751694992,0.0021501061827511325,1,1,1,calibration_train,0,False,0,False
marble_native_0p20_v00,marble,marble,hard_negative,0.2,4,1810,2122,312,312,310,300,300,0.0048724940923105895,0.004788154229278971,0.0048724940923105895,0.21250601582981535,0.002432315186724053,0.002432315186724053,0.0024323151867240564,0.0024323151867240564,0.002269556864652411,1,1,1,calibration_train,0,False,0,False
marble_native_0p20_v00,marble,marble,hard_negative,0.2,5,2397,2721,324,324,323,313,313,0.005870414462588111,0.005815504945862499,0.005870414462588111,0.341007521047022,0.0025609256137963067,0.0025609256137963067,0.00256092561379631,0.00256092561379631,0.002496282610912254,1,1,1,calibration_train,0,False,0,False
marble_native_0p20_v00,marble,marble,hard_negative,0.2,6,2997,3000,3,3,3,0,0,0.0009070571538934278,0.0009070571538934278,,,0.0007304986977971174,,0.0007304986977971105,,,0,1,0,calibration_train,0,False,0,False
concrete_native_0p20_v00,concrete,concrete,hard_negative,0.2,0,37,284,247,247,243,233,233,0.0033808011632554687,0.003380801163255469,0.0031884799221529544,0.10037278420540338,0.0031878271862179853,0.0031878271862179853,0.0031878271862179853,0.0031878271862179853,0.003053914943849406,1,1,1,calibration_train,0,False,0,False
concrete_native_0p20_v00,concrete,concrete,hard_negative,0.2,1,604,948,344,344,337,327,327,0.0017079749753312263,0.0006889280552414204,0.0017079749753312263,0.05165022083053367,0.002763606174404405,0.002763606174404405,0.0027636061744044016,0.0027636061744044016,0.0025696020472581044,1,1,1,calibration_train,0,False,0,False
concrete_native_0p20_v00,concrete,concrete,hard_negative,0.2,2,1210,1529,319,319,310,300,300,0.0029162229721045657,0.0023645595943600603,0.0029162229721045657,0.06293758376789708,0.002182893414715957,0.002182893414715957,0.0021828934147159603,0.0021828934147159603,0.001972929256793543,1,1,1,calibration_train,0,False,0,False
concrete_native_0p20_v00,concrete,concrete,hard_negative,0.2,3,1808,2126,318,318,312,302,302,0.003116131979288222,0.002793208880765658,0.003116131979288222,0.1170546045836593,0.002327457412390872,0.002327457412390872,0.002327457412390872,0.002327457412390872,0.002072622343276556,1,1,1,calibration_train,0,False,0,False
concrete_native_0p20_v00,concrete,concrete,hard_negative,0.2,4,2398,2726,328,328,322,312,312,0.0026545815420201658,0.00232847464706762,0.0026545815420201658,0.097263723018238,0.0024693755175387118,0.0024693755175387118,0.0024693755175387152,0.0024693755175387152,0.0020742409113949506,1,1,1,calibration_train,0,False,0,False
concrete_native_0p20_v00,concrete,concrete,hard_negative,0.2,5,2999,3000,1,1,1,0,0,0.0,0.0,,,0.00012211313444154392,,0.00012211313444154392,,,0,1,0,calibration_train,0,False,0,False
sand_hardened_0p20_v00,sand,sand_walking_support_v1_hardened,hard_negative,0.2,0,37,290,253,253,243,233,233,0.002406147171456348,0.0016761403054973106,0.002406147171456348,0.08624185463050967,0.003667711838603006,0.003667711838603006,0.003667711838603013,0.003667711838603013,0.0035338591872691033,1,1,1,calibration_train,0,False,0,False
sand_hardened_0p20_v00,sand,sand_walking_support_v1_hardened,hard_negative,0.2,1,599,951,352,352,341,331,331,0.006618499669515627,0.00558095290913208,0.006618499669515627,0.1063799995716945,0.0037352325661355558,0.0037352325661355558,0.0037352325661355592,0.0037352325661355592,0.003379263877135802,1,1,1,calibration_train,0,False,0,False
sand_hardened_0p20_v00,sand,sand_walking_support_v1_hardened,hard_negative,0.2,2,1191,1529,338,338,329,319,319,0.007647330079867324,0.005190348047287481,0.007647330079867324,0.14780209334282618,0.003063036792022823,0.003063036792022823,0.00306303679202283,0.00306303679202283,0.0030415247475438223,1,1,1,calibration_train,0,False,0,False
sand_hardened_0p20_v00,sand,sand_walking_support_v1_hardened,hard_negative,0.2,3,1788,2128,340,340,332,322,322,0.008933439521696398,0.006365671151227694,0.008933439521696398,0.16752809939706795,0.0033963925891450043,0.0033963925891450043,0.0033963925891450112,0.0033963925891450112,0.0033145267756877206,1,1,1,calibration_train,0,False,0,False
sand_hardened_0p20_v00,sand,sand_walking_support_v1_hardened,hard_negative,0.2,4,2387,2728,341,341,333,323,323,0.008659447363150887,0.006031398798615044,0.008659447363150887,0.15103586814259648,0.003435756350410292,0.003435756350410292,0.0034357563504102953,0.0034357563504102953,0.003223843333135551,1,1,1,calibration_train,0,False,0,False
sand_hardened_0p20_v00,sand,sand_walking_support_v1_hardened,hard_negative,0.2,5,2987,3000,13,13,13,3,3,0.0031190351417046723,0.0031190351417046723,0.0031190351417046723,0.1539477200895459,0.002356975233985532,0.002356975233985532,0.002356975233985532,0.002356975233985532,0.0021991560927745735,0,1,1,calibration_train,0,False,0,False
ice_native_0p20_v00,ice,ice,slip_candidate,0.2,0,37,180,143,143,142,132,132,0.05324098433316578,0.05324098433316577,0.05324098433316578,1.3097632750423445,0.0032540733437496317,0.0032540733437496317,0.003254073343749635,0.003254073343749635,0.003120304667783458,1,1,1,calibration_train,0,False,0,False
ice_native_0p20_v00,ice,ice,slip_candidate,0.2,1,181,191,10,10,10,0,0,0.013051774420631624,0.013051774420631624,,,0.00021209014379474766,,0.00021209014379474072,,,0,1,0,calibration_train,0,False,0,False
ice_native_0p20_v00,ice,ice,slip_candidate,0.2,2,192,201,9,9,9,0,0,0.013290385837105003,0.013290385837105005,,,0.000204520558509942,,0.000204520558509942,,,0,1,0,calibration_train,0,False,0,False
ice_native_0p20_v00,ice,ice,slip_candidate,0.2,3,202,224,22,22,22,12,12,0.041951980604532715,0.041951980604532715,0.041951980604532715,2.2138171038932164,0.00012281328427715243,7.269951732997559e-05,0.00012281328427715243,7.269951732997559e-05,4.556448073252117e-05,0,1,1,calibration_train,0,False,0,False
ice_native_0p20_v00,ice,ice,slip_candidate,0.2,4,226,230,4,4,4,0,0,0.006274143421581653,0.006274143421581653,,,6.320474999902802e-05,,6.320474999902802e-05,,,0,1,0,calibration_train,0,False,0,False
ice_native_0p20_v00,ice,ice,slip_candidate,0.2,5,232,233,1,1,1,0,0,0.0,0.0,,,6.706235610938298e-06,,6.706235610945237e-06,,,0,1,0,calibration_train,0,False,0,False
ice_native_0p20_v00,ice,ice,slip_candidate,0.2,6,234,236,2,2,2,0,0,0.0019535560775054634,0.0019535560775054634,,,1.0315854796836936e-05,,1.0315854796836936e-05,,,0,1,0,calibration_train,0,False,0,False
ice_native_0p20_v00,ice,ice,slip_candidate,0.2,7,238,240,2,2,2,0,0,0.001848527405536209,0.0018485274055362092,,,8.958894119985399e-06,,8.958894119985399e-06,,,0,1,0,calibration_train,0,False,0,False
ice_native_0p20_v00,ice,ice,slip_candidate,0.2,8,478,549,71,71,71,61,61,0.08815665042431275,0.08815665042431275,0.08815665042431275,2.1381277210756746,0.013908114014791455,0.013908114014791455,0.013908114014791459,0.013908114014791459,0.01365770270687823,1,1,1,calibration_train,0,False,11,True
ice_native_0p20_v00,ice,ice,slip_candidate,0.2,9,550,584,34,34,34,24,24,0.06325620618121956,0.06325620618121956,0.06325620618121956,2.0669458202536948,0.00015222603651749832,7.217042086487668e-05,0.00015222603651749832,7.217042086488362e-05,3.86066117469136e-05,1,1,1,calibration_train,0,False,0,False
ice_native_0p20_v00,ice,ice,slip_candidate,0.2,10,585,588,3,3,3,0,0,0.00285839936590695,0.00285839936590695,,,2.3085055978695583e-05,,2.3085055978695583e-05,,,0,1,0,calibration_train,0,False,0,False
ice_native_0p20_v00,ice,ice,slip_candidate,0.2,11,589,747,158,158,154,144,144,0.06136694106917007,0.0556620737199637,0.06136694106917007,1.173459263324177,0.0001530037323425838,0.0001530037323425838,0.0001530037323425838,0.0001530037323425838,0.00012634015914389507,1,1,1,calibration_train,0,False,0,False
ice_native_0p20_v00,ice,ice,slip_candidate,0.2,12,748,752,4,4,4,0,0,0.001642987999227283,0.001642987999227283,,,1.700415480325023e-05,,1.700415480325023e-05,,,0,1,0,calibration_train,0,False,0,False
ice_native_0p20_v00,ice,ice,slip_candidate,0.2,13,753,757,4,4,4,0,0,0.0017500650770293834,0.0017500650770293834,,,1.6402721756232468e-05,,1.6402721756232468e-05,,,0,1,0,calibration_train,0,False,0,False
ice_native_0p20_v00,ice,ice,slip_candidate,0.2,14,758,761,3,3,3,0,0,0.0012289268567466252,0.001228926856746625,,,9.909614408050264e-06,,9.909614408043325e-06,,,0,1,0,calibration_train,0,False,0,False
ice_native_0p20_v00,ice,ice,slip_candidate,0.2,15,762,777,15,15,15,5,5,0.008906294180959156,0.008906294180959156,0.008906294180959156,0.642243103755089,1.3794183768285444e-05,6.67332416009591e-06,1.3794183768285444e-05,6.67332416009591e-06,-3.2002726421398453e-06,0,1,1,calibration_train,0,False,0,False
ice_native_0p20_v00,ice,ice,slip_candidate,0.2,16,778,782,4,4,4,0,0,0.0020061548015526615,0.0020061548015526615,,,1.1242838127627046e-05,,1.1242838127627046e-05,,,0,1,0,calibration_train,0,False,0,False
ice_native_0p20_v00,ice,ice,slip_candidate,0.2,17,783,789,6,6,6,0,0,0.0033387380329348805,0.0033387380329348805,,,3.306996374282788e-05,,3.306996374283482e-05,,,0,1,0,calibration_train,0,False,0,False
ice_native_0p20_v00,ice,ice,slip_candidate,0.2,18,791,796,5,5,5,0,0,0.0026811488223844318,0.0026811488223844318,,,1.7776175333407244e-05,,1.7776175333407244e-05,,,0,1,0,calibration_train,0,False,0,False
ice_native_0p20_v00,ice,ice,slip_candidate,0.2,19,797,803,6,6,6,0,0,0.003388696995047897,0.0033886969950478974,,,2.8228048496860107e-05,,2.822804849685317e-05,,,0,1,0,calibration_train,0,False,0,False
ice_native_0p20_v00,ice,ice,slip_candidate,0.2,20,805,813,8,8,8,0,0,0.004739213534707592,0.004739213534707592,,,4.0575130492530136e-05,,4.0575130492530136e-05,,,0,1,0,calibration_train,0,False,0,False
ice_native_0p20_v00,ice,ice,slip_candidate,0.2,21,814,822,8,8,8,0,0,0.00471078689628405,0.00471078689628405,,,3.619856331523851e-05,,3.619856331523851e-05,,,0,1,0,calibration_train,0,False,0,False
ice_native_0p20_v00,ice,ice,slip_candidate,0.2,22,823,828,5,5,5,0,0,0.002758265733813827,0.002758265733813827,,,1.2567981321316528e-05,,1.2567981321316528e-05,,,0,1,0,calibration_train,0,False,0,False
ice_native_0p20_v00,ice,ice,slip_candidate,0.2,23,829,832,3,3,3,0,0,0.001384424573237047,0.001384424573237047,,,8.690384240668363e-06,,8.690384240668363e-06,,,0,1,0,calibration_train,0,False,0,False
ice_native_0p20_v00,ice,ice,slip_candidate,0.2,24,833,838,5,5,5,0,0,0.0027536402890585812,0.0027536402890585812,,,6.972456168259471e-06,,6.972456168259471e-06,,,0,1,0,calibration_train,0,False,0,False
ice_native_0p20_v00,ice,ice,slip_candidate,0.2,25,839,844,5,5,5,0,0,0.0027954453607391787,0.0027954453607391787,,,1.7922743236596476e-05,,1.7922743236596476e-05,,,0,1,0,calibration_train,0,False,0,False
ice_native_0p20_v00,ice,ice,slip_candidate,0.2,26,847,852,5,5,5,0,0,0.0029258267126217757,0.0029258267126217757,,,2.0544276864676962e-05,,2.05442768646839e-05,,,0,1,0,calibration_train,0,False,0,False
ice_native_0p20_v00,ice,ice,slip_candidate,0.2,27,854,857,3,3,3,0,0,0.0014642391136990701,0.0014642391136990701,,,7.919215421019025e-06,,7.919215421019025e-06,,,0,1,0,calibration_train,0,False,0,False
ice_native_0p20_v00,ice,ice,slip_candidate,0.2,28,858,862,4,4,4,0,0,0.0022030905503603038,0.0022030905503603038,,,9.023898186018113e-06,,9.023898186025052e-06,,,0,1,0,calibration_train,0,False,0,False
ice_native_0p20_v00,ice,ice,slip_candidate,0.2,29,866,870,4,4,4,0,0,0.002381368130272282,0.002381368130272282,,,8.173645357707586e-06,,8.173645357700647e-06,,,0,1,0,calibration_train,0,False,0,False
ice_native_0p20_v00,ice,ice,slip_candidate,0.2,30,872,876,4,4,4,0,0,0.002420720278174973,0.002420720278174973,,,1.1276879181436154e-05,,1.1276879181436154e-05,,,0,1,0,calibration_train,0,False,0,False
ice_native_0p20_v00,ice,ice,slip_candidate,0.2,31,878,883,5,5,4,0,0,0.0032876633054058765,0.0032876633054058765,,,1.6089633710174127e-05,,1.6089633710174127e-05,,,0,1,0,calibration_train,0,False,0,False
ice_native_0p20_v00,ice,ice,slip_candidate,0.2,32,889,910,21,21,21,11,11,0.01788511070941532,0.017885110709415324,0.01788511070941532,0.9111374760301166,0.0004169670128566184,0.0003901112571168359,0.0004169670128566184,0.0003901112571168359,0.0003082027291096828,0,1,1,calibration_train,0,False,0,False
ice_native_0p20_v00,ice,ice,slip_candidate,0.2,33,913,933,20,20,18,8,8,0.017922984884549305,0.017922984884549308,0.017922984884549305,0.9717550135584744,0.00011526703222011336,0.00010661532373306814,0.0001152670322201203,0.00010661532373306814,7.642510603653174e-05,0,1,1,calibration_train,0,False,0,False
ice_native_0p20_v00,ice,ice,slip_candidate,0.2,34,934,947,13,13,13,3,3,0.011652388201007889,0.011652388201007889,0.011652388201007889,0.9762565794524988,6.202907572061111e-05,2.6807257074916262e-05,6.202907572060417e-05,2.6807257074916262e-05,1.828346159930827e-05,0,1,1,calibration_train,0,False,0,False
ice_native_0p20_v00,ice,ice,slip_candidate,0.2,35,948,1159,211,211,210,200,200,0.054558387118826886,0.05415402711978694,0.054558387118826886,0.94283315593042,0.0005847045326731705,0.0005847045326731705,0.0005847045326731739,0.0005847045326731739,0.0005753031541698705,1,1,1,calibration_train,0,False,0,False
ice_native_0p20_v00,ice,ice,slip_candidate,0.2,36,1160,1190,30,30,30,20,20,0.011123343828211254,0.011123343828211254,0.011123343828211254,0.4387477686422888,0.0005414956314872777,0.0005410667677880022,0.0005414956314872777,0.0005410667677879953,0.000430494758177552,1,1,1,calibration_train,0,False,0,False
ice_native_0p20_v00,ice,ice,slip_candidate,0.2,37,1191,1218,27,27,27,17,17,0.013010768094292689,0.013010768094292689,0.013010768094292689,0.6160547117746051,0.0004992064960325461,0.0004954696628002254,0.0004992064960325461,0.0004954696628002324,0.00038248597259610273,0,1,1,calibration_train,0,False,0,False
ice_native_0p20_v00,ice,ice,slip_candidate,0.2,38,1219,1241,22,22,22,12,12,0.013944245246294078,0.013944245246294076,0.013944245246294078,0.7646785709356971,0.000389809095257025,0.0003724281394305263,0.000389809095257025,0.0003724281394305194,0.0002761517039383543,0,1,1,calibration_train,0,False,0,False
ice_native_0p20_v00,ice,ice,slip_candidate,0.2,39,1242,1259,17,17,17,7,7,0.011189043322671599,0.011189043322671599,0.011189043322671599,0.7744204211262439,0.00025561321459693486,0.0002128022680357262,0.00025561321459693486,0.0002128022680357262,0.0001422458388856268,0,1,1,calibration_train,0,False,0,False
ice_native_0p20_v00,ice,ice,slip_candidate,0.2,40,1260,1272,12,12,12,2,2,0.0075623660289558595,0.0075623660289558595,0.0075623660289558595,0.7632213927838241,0.00017250888120153973,6.073658874646958e-05,0.00017250888120153973,6.073658874647652e-05,4.681777453385827e-06,0,1,1,calibration_train,0,False,0,False
ice_native_0p20_v00,ice,ice,slip_candidate,0.2,41,1273,1290,17,17,17,7,7,0.010455206769163231,0.010455206769163231,0.010455206769163231,0.7793108473673207,0.0003638633970391393,0.00031094031850188285,0.00036386339703913233,0.00031094031850188285,0.00025543106641585933,0,1,1,calibration_train,0,False,0,False
ice_native_0p20_v00,ice,ice,slip_candidate,0.2,42,1291,1297,6,6,6,0,0,0.003407456674224183,0.003407456674224183,,,4.931414593103544e-05,,4.931414593103544e-05,,,0,1,0,calibration_train,0,False,0,False
ice_native_0p20_v00,ice,ice,slip_candidate,0.2,43,1298,1301,3,3,3,0,0,0.0014180115273137758,0.0014180115273137758,,,1.2752168125513934e-05,,1.2752168125513934e-05,,,0,1,0,calibration_train,0,False,0,False
ice_native_0p20_v00,ice,ice,slip_candidate,0.2,44,1302,1306,4,4,4,0,0,0.00215573707392681,0.0021557370739268096,,,2.144818326518371e-05,,2.144818326518371e-05,,,0,1,0,calibration_train,0,False,0,False
ice_native_0p20_v00,ice,ice,slip_candidate,0.2,45,1307,1312,5,5,5,0,0,0.00307527533097317,0.00307527533097317,,,4.051443621119321e-05,,4.051443621119321e-05,,,0,1,0,calibration_train,0,False,0,False
ice_native_0p20_v00,ice,ice,slip_candidate,0.2,46,1314,1317,3,3,3,0,0,0.0017133418115842436,0.0017133418115842436,,,2.2572316108799943e-05,,2.2572316108799943e-05,,,0,1,0,calibration_train,0,False,0,False
ice_native_0p20_v00,ice,ice,slip_candidate,0.2,47,1319,1322,3,3,3,0,0,0.001879908072107377,0.001879908072107377,,,1.6068001224746158e-05,,1.6068001224746158e-05,,,0,1,0,calibration_train,0,False,0,False
ice_native_0p20_v00,ice,ice,slip_candidate,0.2,48,1587,1938,351,351,342,332,332,0.14274049859582216,0.1242401705100008,0.14274049859582216,1.1114002977570245,0.0037302054851795453,0.0037302054851795453,0.0037302054851795453,0.0037302054851795453,0.0035556542940693436,1,1,1,calibration_train,112,True,0,False
ice_native_0p20_v00,ice,ice,slip_candidate,0.2,49,1939,1958,19,19,19,9,9,0.00697213848134245,0.0069721384813424495,0.00697213848134245,0.4267873785230808,0.00011323431702762576,0.00010176253529378242,0.00011323431702762576,0.00010176253529378242,7.121697937215177e-05,0,1,1,calibration_train,0,False,0,False
ice_native_0p20_v00,ice,ice,slip_candidate,0.2,50,1959,1965,6,6,6,0,0,0.0025336540363568717,0.0025336540363568717,,,2.0067036440483792e-05,,2.0067036440483792e-05,,,0,1,0,calibration_train,0,False,0,False
ice_native_0p20_v00,ice,ice,slip_candidate,0.2,51,1968,1972,4,4,4,0,0,0.0018477636091926016,0.0018477636091926016,,,8.506647544838201e-06,,8.50664754484514e-06,,,0,1,0,calibration_train,0,False,0,False
ice_native_0p20_v00,ice,ice,slip_candidate,0.2,52,1973,1974,1,1,1,0,0,0.0,0.0,,,1.0058698091215332e-06,,1.0058698091215332e-06,,,0,1,0,calibration_train,0,False,0,False
ice_native_0p20_v00,ice,ice,slip_candidate,0.2,53,1975,1976,1,1,1,0,0,0.0,0.0,,,1.050376297449633e-06,,1.050376297449633e-06,,,0,1,0,calibration_train,0,False,0,False
ice_native_0p20_v00,ice,ice,slip_candidate,0.2,54,1977,1980,3,3,3,0,0,0.0013576128659178698,0.0013576128659178698,,,8.478749161692882e-06,,8.478749161692882e-06,,,0,1,0,calibration_train,0,False,0,False
ice_native_0p20_v00,ice,ice,slip_candidate,0.2,55,2232,2331,99,99,98,88,88,0.05561120975013911,0.05561120975013911,0.05561120975013911,0.933971580816451,0.011607879130302836,0.011607879130302836,0.011607879130302829,0.011607879130302829,0.009779828710436811,1,1,1,calibration_train,0,False,6,True
ice_native_0p20_v00,ice,ice,slip_candidate,0.2,56,2332,2368,36,36,36,26,26,0.00901519967216481,0.009015199672164808,0.00901519967216481,0.3390431437733929,0.0007808956050038519,0.0007808956050038519,0.0007808956050038554,0.0007808956050038554,0.0006192775143345486,1,1,1,calibration_train,0,False,0,False
ice_native_0p20_v00,ice,ice,slip_candidate,0.2,57,2369,2398,29,29,29,19,19,0.011525161038607063,0.011525161038607063,0.011525161038607063,0.5507392057801802,0.0006343498310901847,0.0006342845569575024,0.0006343498310901847,0.0006342845569575024,0.0004989430095082986,0,1,1,calibration_train,0,False,0,False
ice_native_0p20_v00,ice,ice,slip_candidate,0.2,58,2399,2420,21,21,21,11,11,0.011451195331564634,0.011451195331564634,0.011451195331564634,0.6918049112647844,0.0004101654953208257,0.0003877954129672635,0.0004101654953208326,0.0003877954129672635,0.0002842339049172887,0,1,1,calibration_train,0,False,0,False
ice_native_0p20_v00,ice,ice,slip_candidate,0.2,59,2421,2460,39,39,39,29,29,0.02527222875775727,0.02527222875775727,0.02527222875775727,0.7630074114014259,0.00017304394024236346,0.00017304394024236346,0.0001730439402423704,0.0001730439402423704,0.00012489577637860017,1,1,1,calibration_train,0,False,0,False
ice_native_0p20_v00,ice,ice,slip_candidate,0.2,60,2461,2533,72,72,72,62,62,0.03983442193220005,0.03983442193220005,0.03983442193220005,1.0715763101401354,0.00017055892619758772,0.00017055892619758772,0.00017055892619758772,0.00017055892619758772,0.0001520020002837158,1,1,1,calibration_train,0,False,0,False
ice_native_0p20_v00,ice,ice,slip_candidate,0.2,61,2534,2541,7,7,7,0,0,0.006538615304601205,0.006538615304601205,,,6.714269739315892e-05,,6.714269739315892e-05,,,0,1,0,calibration_train,0,False,0,False
ice_native_0p20_v00,ice,ice,slip_candidate,0.2,62,2542,2562,20,20,20,10,10,0.021463837468300728,0.02146383746830073,0.021463837468300728,1.164077141060001,6.0912942731190627e-05,5.911551329759301e-05,6.0912942731197565e-05,5.911551329759301e-05,3.1760438848282835e-05,0,1,1,calibration_train,0,False,0,False
ice_native_0p20_v00,ice,ice,slip_candidate,0.2,63,2563,2570,7,7,7,0,0,0.007100911113814538,0.007100911113814538,,,5.799924513060894e-05,,5.799924513060894e-05,,,0,1,0,calibration_train,0,False,0,False
ice_native_0p20_v00,ice,ice,slip_candidate,0.2,64,2571,2576,5,5,5,0,0,0.004841670142149347,0.004841670142149347,,,3.484799115250747e-05,,3.484799115250747e-05,,,0,1,0,calibration_train,0,False,0,False
ice_native_0p20_v00,ice,ice,slip_candidate,0.2,65,2577,2582,5,5,3,0,0,0.004906484457451816,0.004906484457451816,,,4.624301125295393e-05,,4.624301125295393e-05,,,0,1,0,calibration_train,0,False,0,False
ice_native_0p20_v00,ice,ice,slip_candidate,0.2,66,2841,2910,69,69,68,58,58,0.07008837784998306,0.07008837784998306,0.07008837784998306,1.5308955379315337,0.00716354394638138,0.00716354394638138,0.00716354394638138,0.00716354394638138,0.006560257930719127,1,1,1,calibration_train,0,False,3,True
ice_native_0p20_v00,ice,ice,slip_candidate,0.2,67,2911,2924,13,13,13,3,3,0.01837032313004486,0.01837032313004486,0.01837032313004486,1.4761191679134713,0.00034426135044284944,0.00018935942520019022,0.0003442613504428425,0.00018935942520019022,0.00012663899786931332,0,1,1,calibration_train,0,False,0,False
ice_native_0p20_v00,ice,ice,slip_candidate,0.2,68,2925,2941,16,16,16,6,6,0.02112311116008268,0.02112311116008268,0.02112311116008268,1.381387482636819,0.00012851452406381202,4.410792281622344e-05,0.00012851452406381896,4.410792281622344e-05,3.597018188739032e-05,0,1,1,calibration_train,0,False,0,False
ice_native_0p20_v00,ice,ice,slip_candidate,0.2,69,2942,2948,6,6,6,0,0,0.0060054506440984715,0.0060054506440984715,,,6.105419406018508e-05,,6.105419406019202e-05,,,0,1,0,calibration_train,0,False,0,False
ice_native_0p20_v00,ice,ice,slip_candidate,0.2,70,2949,2956,7,7,7,0,0,0.0062920083819458465,0.0062920083819458465,,,6.60083472792906e-05,,6.600834727929755e-05,,,0,1,0,calibration_train,0,False,0,False
ice_native_0p20_v00,ice,ice,slip_candidate,0.2,71,2957,2990,33,33,33,23,23,0.029054631467480063,0.029054631467480063,0.029054631467480063,0.9476728457968171,7.284643221582964e-05,7.284643221582964e-05,7.28464322158227e-05,7.28464322158227e-05,4.6077168721542217e-05,1,1,1,calibration_train,0,False,0,False
ice_native_0p20_v00,ice,ice,slip_candidate,0.2,72,2991,2998,7,7,7,0,0,0.005479319457525287,0.005479319457525287,,,5.959630725746023e-05,,5.959630725745329e-05,,,0,1,0,calibration_train,0,False,0,False
ice_native_0p20_v00,ice,ice,slip_candidate,0.2,73,2999,3000,1,1,1,0,0,0.0,0.0,,,1.3310618179311444e-05,,1.3310618179311444e-05,,,0,1,0,calibration_train,0,False,0,False
sand_solref_interpolation_1of3_0p20_v00,sand,sand_solref_interpolation_1of3,sink_candidate,0.2,0,37,304,267,267,243,233,233,0.0051947722438686434,0.0051947722438686434,0.0036868684996137218,0.13744333879250742,0.006797689660847354,0.006797689660847354,0.006797689660847354,0.006797689660847354,0.0066641263630738135,1,1,1,calibration_train,0,False,134,True
sand_solref_interpolation_1of3_0p20_v00,sand,sand_solref_interpolation_1of3,sink_candidate,0.2,1,590,962,372,372,350,340,340,0.008432501169888949,0.0053830836166419895,0.008432501169888949,0.21748461854074103,0.00651851355845567,0.00651851355845567,0.006518513558455666,0.006518513558455666,0.006467822519527863,1,1,1,calibration_train,0,False,117,True
sand_solref_interpolation_1of3_0p20_v00,sand,sand_solref_interpolation_1of3,sink_candidate,0.2,2,1185,1539,354,354,335,325,325,0.010332510160321615,0.005875140401088532,0.010332510160321615,0.23312091118675649,0.005879693814662366,0.005879693814662366,0.00587969381466237,0.00587969381466237,0.005588329850244697,1,1,1,calibration_train,0,False,5,True
sand_solref_interpolation_1of3_0p20_v00,sand,sand_solref_interpolation_1of3,sink_candidate,0.2,3,1782,2140,358,358,338,328,328,0.01199262591913919,0.007411393568200122,0.01199262591913919,0.3005172561145709,0.006225181340458473,0.006225181340458473,0.006225181340458469,0.006225181340458469,0.006121366979724777,1,1,1,calibration_train,0,False,98,True
sand_solref_interpolation_1of3_0p20_v00,sand,sand_solref_interpolation_1of3,sink_candidate,0.2,4,2383,2740,357,357,337,327,327,0.011472743149095764,0.006830216522876902,0.011472743149095764,0.2720422924293601,0.006162137836004079,0.006162137836004079,0.006162137836004072,0.006162137836004072,0.005794579719163376,1,1,1,calibration_train,0,False,24,True
sand_solref_interpolation_1of3_0p20_v00,sand,sand_solref_interpolation_1of3,sink_candidate,0.2,5,2982,3000,18,18,18,8,8,0.005475257097987042,0.005475257097987042,0.005475257097987042,0.2913986197538389,0.00376574356085808,0.00376574356085808,0.00376574356085808,0.00376574356085808,0.003732740755082467,0,1,1,calibration_train,0,False,0,False
sand_solref_interpolation_2of3_0p20_v00,sand,sand_solref_interpolation_2of3,sink_candidate,0.2,0,37,315,278,278,251,241,241,0.009620910141953603,0.009620910141953603,0.005696211400578493,0.21531539912452924,0.009831123838281785,0.009831123838281785,0.009831123838281788,0.009831123838281788,0.009697640145382436,1,1,1,calibration_train,0,False,209,True
sand_solref_interpolation_2of3_0p20_v00,sand,sand_solref_interpolation_2of3,sink_candidate,0.2,1,581,973,392,392,359,349,349,0.011058817917474574,0.005035027534536549,0.011058817917474574,0.3334559605642566,0.008913769841512289,0.008913769841512289,0.008913769841512285,0.008913769841512285,0.008523756619747358,1,1,1,calibration_train,0,False,312,True
sand_solref_interpolation_2of3_0p20_v00,sand,sand_solref_interpolation_2of3,sink_candidate,0.2,2,1182,1546,364,364,338,328,328,0.011619126383238258,0.00629106363497814,0.011619126383238258,0.30352543835312235,0.00840805041075601,0.00840805041075601,0.008408050410756013,0.008408050410756013,0.008175443978225796,1,1,1,calibration_train,0,False,287,True
sand_solref_interpolation_2of3_0p20_v00,sand,sand_solref_interpolation_2of3,sink_candidate,0.2,3,1780,2149,369,369,340,330,330,0.014039898751435758,0.008186459614584638,0.014039898751435758,0.390954302336326,0.008755949751281394,0.008755949751281394,0.008755949751281394,0.008755949751281394,0.008641146588194912,1,1,1,calibration_train,0,False,295,True
sand_solref_interpolation_2of3_0p20_v00,sand,sand_solref_interpolation_2of3,sink_candidate,0.2,4,2380,2749,369,369,340,330,330,0.013673935758636874,0.0077157412369736516,0.013673935758636874,0.3726473433635762,0.008686108041505877,0.008686108041505877,0.008686108041505877,0.008686108041505877,0.008465289871569609,1,1,1,calibration_train,0,False,295,True
sand_solref_interpolation_2of3_0p20_v00,sand,sand_solref_interpolation_2of3,sink_candidate,0.2,5,2980,3000,20,20,20,10,10,0.007170748386689059,0.007170748386689059,0.007170748386689059,0.3755102788198195,0.004495572319348588,0.004495572319348588,0.004495572319348592,0.004495572319348592,0.004299902186615398,0,1,1,calibration_train,0,False,0,False
marble_native_0p10_v01,marble,marble,hard_negative,0.1,0,34,109,75,75,66,56,56,0.0017361759462424713,0.00044382155345488723,0.0017361759462424713,0.06270450424005237,0.003392294024615615,0.003392294024615615,0.003392294024615615,0.003392294024615615,0.0028896822764509777,1,1,1,calibration_train,0,False,0,False
marble_native_0p10_v01,marble,marble,hard_negative,0.1,1,354,721,367,367,366,356,356,0.006423924337832369,0.0055146976133459,0.006423924337832369,0.2035150142884933,0.0034864344590365233,0.0034864344590365233,0.00348643445903652,0.00348643445903652,0.0034791818571579952,1,1,1,calibration_train,0,False,0,False
marble_native_0p10_v01,marble,marble,hard_negative,0.1,2,987,1324,337,337,337,327,327,0.00403352247739646,0.003580958880199848,0.00403352247739646,0.21614159995332033,0.0025489308666929817,0.0025489308666929817,0.0025489308666929817,0.0025489308666929817,0.0022526281497075723,1,1,1,calibration_train,0,False,0,False
marble_native_0p10_v01,marble,marble,hard_negative,0.1,3,1592,1923,331,331,328,318,318,0.004364753093668935,0.00399356789565534,0.004364753093668935,0.21029779267291676,0.0024703257016312997,0.0024703257016312997,0.0024703257016312928,0.0024703257016312928,0.002468294511682567,1,1,1,calibration_train,0,False,0,False
marble_native_0p10_v01,marble,marble,hard_negative,0.1,4,2191,2522,331,331,329,319,319,0.005203321998932487,0.004736569921303825,0.005203321998932487,0.24676580153900207,0.0026074877227833205,0.0026074877227833205,0.0026074877227833275,0.0026074877227833275,0.002438933164535556,1,1,1,calibration_train,0,False,0,False
marble_native_0p10_v01,marble,marble,hard_negative,0.1,5,2789,3000,211,211,211,201,201,0.005054691449469954,0.005054691449469954,0.005054691449469954,0.25021847517474244,0.0024963596961106267,0.0024963596961106267,0.002496359696110623,0.002496359696110623,0.002432146610146277,1,1,1,calibration_train,0,False,0,False
concrete_native_0p10_v01,concrete,concrete,hard_negative,0.1,0,34,110,76,76,68,58,58,0.0011913139140322128,0.0003445743177087089,0.0011913139140322128,0.07767002106915337,0.003528340114798005,0.003528340114798005,0.0035283401147980014,0.0035283401147980014,0.0030243991200984144,1,1,1,calibration_train,0,False,0,False
concrete_native_0p10_v01,concrete,concrete,hard_negative,0.1,1,353,726,373,373,367,357,357,0.006430869841411956,0.004962593592949094,0.006430869841411956,0.20484398313653157,0.003692704080245769,0.003692704080245769,0.003692704080245769,0.003692704080245769,0.003467328481371823,1,1,1,calibration_train,0,False,0,False
concrete_native_0p10_v01,concrete,concrete,hard_negative,0.1,2,989,1341,352,352,351,341,341,0.0013374552393943119,0.0008393739907122768,0.0013374552393943119,0.07154400527242799,0.0025254058004859593,0.0025254058004859593,0.0025254058004859662,0.0025254058004859662,0.002270307778679481,1,1,1,calibration_train,0,False,0,False
concrete_native_0p10_v01,concrete,concrete,hard_negative,0.1,3,1595,1929,334,334,332,322,322,0.0013627838895403112,0.0005676927146214505,0.0013627838895403112,0.08989562768766711,0.002484881217605965,0.002484881217605965,0.0024848812176059684,0.0024848812176059684,0.002413359826607328,1,1,1,calibration_train,0,False,0,False
concrete_native_0p10_v01,concrete,concrete,hard_negative,0.1,4,2195,2529,334,334,334,324,324,0.0016525904094563837,0.0004914619425729426,0.0016525904094563837,0.09597621002953327,0.002571416685765794,0.002571416685765794,0.002571416685765794,0.002571416685765794,0.002496876392708111,1,1,1,calibration_train,0,False,0,False
concrete_native_0p10_v01,concrete,concrete,hard_negative,0.1,5,2794,3000,206,206,206,196,196,0.0015583453234667716,0.0010120718905041327,0.0015583453234667716,0.05420656878012909,0.0024916343093837846,0.0024916343093837846,0.002491634309383781,0.002491634309383781,0.0022690217192078976,1,1,1,calibration_train,0,False,0,False
sand_hardened_0p10_v01,sand,sand_walking_support_v1_hardened,hard_negative,0.1,0,34,123,89,89,85,75,75,0.0016459903999287455,0.0008613672660327563,0.0016459903999287455,0.12497320406949179,0.003884473853273891,0.003884473853273891,0.003884473853273898,0.003884473853273898,0.0033819709737452214,1,1,1,calibration_train,0,False,0,False
sand_hardened_0p10_v01,sand,sand_walking_support_v1_hardened,hard_negative,0.1,1,342,734,392,392,378,368,368,0.016597914041038907,0.013940315040658303,0.016597914041038907,0.2801349217274282,0.004047733609206817,0.004047733609206817,0.004047733609206814,0.004047733609206814,0.003992900029865631,1,1,1,calibration_train,0,False,0,False
sand_hardened_0p10_v01,sand,sand_walking_support_v1_hardened,hard_negative,0.1,2,984,1336,352,352,336,326,326,0.008135075901790663,0.005185188296462561,0.008135075901790663,0.10985614869341535,0.0034673635178183266,0.0034673635178183266,0.00346736351781833,0.00346736351781833,0.0032347928112454183,1,1,1,calibration_train,0,False,0,False
sand_hardened_0p10_v01,sand,sand_walking_support_v1_hardened,hard_negative,0.1,3,1584,1935,351,351,336,326,326,0.008003381927824774,0.004968890523041544,0.008003381927824774,0.101002787563187,0.003271869345152718,0.003271869345152718,0.003271869345152718,0.003271869345152718,0.002838986580350228,1,1,1,calibration_train,0,False,0,False
sand_hardened_0p10_v01,sand,sand_walking_support_v1_hardened,hard_negative,0.1,4,2183,2534,351,351,337,327,327,0.008096654306982138,0.005137188968509565,0.008096654306982138,0.1164340462925514,0.0033436556980895966,0.0033436556980895966,0.003343655698089593,0.003343655698089593,0.00331792441516697,1,1,1,calibration_train,0,False,0,False
sand_hardened_0p10_v01,sand,sand_walking_support_v1_hardened,hard_negative,0.1,5,2784,3000,216,216,216,206,206,0.0054628505770847584,0.0054628505770847584,0.0054628505770847584,0.10830352082973149,0.0033308215093437133,0.0033308215093437133,0.0033308215093437203,0.0033308215093437203,0.003068690712514477,1,1,1,calibration_train,0,False,0,False
ice_native_0p10_v01,ice,ice,slip_candidate,0.1,0,34,108,74,74,48,38,38,0.006071949436341898,0.004076030136360145,0.006018984953220847,0.20459297934025802,0.0034075538589310407,0.0034075538589310407,0.0034075538589310337,0.0034075538589310337,0.0029046177731298917,1,1,1,calibration_train,0,False,0,False
ice_native_0p10_v01,ice,ice,slip_candidate,0.1,1,241,298,57,57,57,47,47,0.06122826388253335,0.06122826388253335,0.06122826388253335,1.6093511006931438,0.00463602386880962,0.00463602386880962,0.00463602386880962,0.00463602386880962,0.004315676057489948,1,1,1,calibration_train,0,False,0,False
ice_native_0p10_v01,ice,ice,slip_candidate,0.1,2,299,465,166,166,166,156,156,0.14004978092117049,0.14004978092117049,0.14004978092117049,1.58096995723408,0.0006118086726832712,0.0006118086726832712,0.0006118086726832747,0.0006118086726832747,0.0005912242365492121,1,1,1,calibration_train,94,True,0,False
ice_native_0p10_v01,ice,ice,slip_candidate,0.1,3,466,480,14,14,14,4,4,0.004710016924354683,0.004710016924354683,0.004710016924354683,0.3767593944669467,7.099144337729523e-05,4.516494351639987e-05,7.099144337728829e-05,4.516494351639987e-05,2.2475970859262007e-05,0,1,1,calibration_train,0,False,0,False
ice_native_0p10_v01,ice,ice,slip_candidate,0.1,4,481,493,12,12,12,2,2,0.003677389411323133,0.0036773894113231328,0.003677389411323133,0.3432643684413157,4.567439362967562e-05,1.6895013653687833e-05,4.567439362966868e-05,1.6895013653687833e-05,1.7054742808414458e-06,0,1,1,calibration_train,0,False,0,False
ice_native_0p10_v01,ice,ice,slip_candidate,0.1,5,494,523,29,29,29,19,19,0.005675296553068832,0.005675296553068832,0.005675296553068832,0.2639368238362838,4.5419127537592134e-05,3.960453240175587e-05,4.5419127537592134e-05,3.960453240174893e-05,2.5354073104194574e-05,0,1,1,calibration_train,0,False,0,False
ice_native_0p10_v01,ice,ice,slip_candidate,0.1,6,524,533,9,9,9,0,0,0.0012959837832014235,0.0012959837832014235,,,2.2689414520461575e-05,,2.2689414520468514e-05,,,0,1,0,calibration_train,0,False,0,False
ice_native_0p10_v01,ice,ice,slip_candidate,0.1,7,534,540,6,6,6,0,0,0.001089030762194783,0.001089030762194783,,,1.4562679383415926e-05,,1.4562679383415926e-05,,,0,1,0,calibration_train,0,False,0,False
ice_native_0p10_v01,ice,ice,slip_candidate,0.1,8,542,546,4,4,4,0,0,0.0007866039709440064,0.0007866039709440064,,,6.843619292050233e-06,,6.843619292050233e-06,,,0,1,0,calibration_train,0,False,0,False
ice_native_0p10_v01,ice,ice,slip_candidate,0.1,9,547,551,4,4,4,0,0,0.0009658643285487768,0.0009658643285487768,,,6.8725102895473775e-06,,6.872510289554316e-06,,,0,1,0,calibration_train,0,False,0,False
ice_native_0p10_v01,ice,ice,slip_candidate,0.1,10,552,555,3,3,3,0,0,0.0007580384093566501,0.0007580384093566501,,,3.8414111306018725e-06,,3.8414111306018725e-06,,,0,1,0,calibration_train,0,False,0,False
ice_native_0p10_v01,ice,ice,slip_candidate,0.1,11,556,559,3,3,3,0,0,0.0008579267341076804,0.0008579267341076804,,,7.3233968944192915e-06,,7.3233968944192915e-06,,,0,1,0,calibration_train,0,False,0,False
ice_native_0p10_v01,ice,ice,slip_candidate,0.1,12,776,908,132,132,132,122,122,0.038097482466314066,0.038097482466314066,0.038097482466314066,0.6608582536769502,0.0019961810167192047,0.0019961810167192047,0.0019961810167192047,0.0019961810167192047,0.0019825669447555844,1,1,1,calibration_train,0,False,0,False
ice_native_0p10_v01,ice,ice,slip_candidate,0.1,13,909,945,36,36,36,26,26,0.01039552639682292,0.01039552639682292,0.01039552639682292,0.3619688211865134,0.0008404936888184401,0.0008404936888184401,0.0008404936888184401,0.0008404936888184401,0.0006658377644734592,1,1,1,calibration_train,0,False,0,False
ice_native_0p10_v01,ice,ice,slip_candidate,0.1,14,946,992,46,46,46,36,36,0.021183829298275128,0.02118382929827513,0.021183829298275128,0.6484773674775518,0.0004828162656930991,0.00047762882357179747,0.00048281626569309215,0.00047762882357179747,0.0003725699748517719,1,1,1,calibration_train,0,False,0,False
ice_native_0p10_v01,ice,ice,slip_candidate,0.1,15,993,1048,55,55,55,45,45,0.030714450850554166,0.030714450850554166,0.030714450850554166,0.6875240805606789,0.00017694167653361636,0.00012536385150716933,0.00017694167653361636,0.00012536385150716933,8.047549424976264e-05,1,1,1,calibration_train,0,False,0,False
ice_native_0p10_v01,ice,ice,slip_candidate,0.1,16,1049,1071,22,22,22,12,12,0.005282510129775924,0.005282510129775924,0.005282510129775924,0.721802992192153,9.032130971253337e-05,9.032130971253337e-05,9.032130971253337e-05,9.032130971253337e-05,7.473338818261843e-05,0,1,1,calibration_train,0,False,0,False
ice_native_0p10_v01,ice,ice,slip_candidate,0.1,17,1072,1075,3,3,3,0,0,0.0017050489241540849,0.0017050489241540849,,,1.4313084154167315e-05,,1.4313084154174253e-05,,,0,1,0,calibration_train,0,False,0,False
ice_native_0p10_v01,ice,ice,slip_candidate,0.1,18,1076,1080,4,4,4,0,0,0.003064318211667807,0.003064318211667807,,,2.8205053008332863e-05,,2.8205053008332863e-05,,,0,1,0,calibration_train,0,False,0,False
ice_native_0p10_v01,ice,ice,slip_candidate,0.1,19,1081,1144,63,63,63,53,53,0.042392983479937515,0.042392983479937515,0.042392983479937515,1.042767604646708,0.0003266748690181993,0.0003266748690181993,0.0003266748690181993,0.0003266748690181993,0.00026609712909603234,1,1,1,calibration_train,0,False,0,False
ice_native_0p10_v01,ice,ice,slip_candidate,0.1,20,1145,1174,29,29,29,19,19,0.0039299518971432764,0.003929951897143277,0.0039299518971432764,0.26821739233615827,0.00033643277520676706,0.00033643277520676706,0.00033643277520676706,0.00033643277520676706,0.0002664002441661595,0,1,1,calibration_train,0,False,0,False
ice_native_0p10_v01,ice,ice,slip_candidate,0.1,21,1175,1186,11,11,5,0,0,0.002413594561461118,0.002413594561461118,,,0.00017343882653411257,,0.00017343882653410563,,,0,1,0,calibration_train,0,False,0,False
ice_native_0p10_v01,ice,ice,slip_candidate,0.1,22,1495,1667,172,172,166,156,156,0.15436815172543594,0.15436815172543594,0.15436815172543594,1.3094478663226075,0.00716527179052517,0.00716527179052517,0.00716527179052517,0.00716527179052517,0.006418940628612507,1,1,1,calibration_train,28,True,0,False
ice_native_0p10_v01,ice,ice,slip_candidate,0.1,23,1668,1725,57,57,56,47,47,0.038580344614002796,0.038580344614002796,0.038580344614002796,0.8084409505704336,8.758597556890024e-05,8.758597556890024e-05,8.758597556890717e-05,8.758597556890717e-05,7.296441372192652e-05,1,1,1,calibration_train,0,False,0,False
ice_native_0p10_v01,ice,ice,slip_candidate,0.1,24,1726,1739,13,13,13,3,3,0.008661154064004327,0.008661154064004327,0.008661154064004327,0.7862617849643676,2.2157758509634522e-05,1.5780067613084363e-05,2.215775850964146e-05,1.5780067613084363e-05,3.4136478077734234e-06,0,1,1,calibration_train,0,False,0,False
ice_native_0p10_v01,ice,ice,slip_candidate,0.1,25,1740,1743,3,3,3,0,0,0.0014780213165500953,0.0014780213165500953,,,9.29314662195379e-06,,9.29314662195379e-06,,,0,1,0,calibration_train,0,False,0,False
ice_native_0p10_v01,ice,ice,slip_candidate,0.1,26,1744,1749,5,5,5,0,0,0.002831831562184773,0.002831831562184773,,,7.485668397792626e-06,,7.485668397792626e-06,,,0,1,0,calibration_train,0,False,0,False
ice_native_0p10_v01,ice,ice,slip_candidate,0.1,27,1750,1756,6,6,6,0,0,0.003611726807583691,0.003611726807583691,,,1.0268188708746455e-05,,1.0268188708753394e-05,,,0,1,0,calibration_train,0,False,0,False
ice_native_0p10_v01,ice,ice,slip_candidate,0.1,28,1757,1762,5,5,5,0,0,0.003027919037133949,0.003027919037133949,,,2.6521446623998905e-05,,2.6521446623998905e-05,,,0,1,0,calibration_train,0,False,0,False
ice_native_0p10_v01,ice,ice,slip_candidate,0.1,29,1947,2264,317,317,314,304,304,0.027392709014095875,0.0068323277289543734,0.027392709014095875,0.8638627216439936,0.0033520969927552614,0.0033520969927552614,0.0033520969927552545,0.0033520969927552545,0.0033373683949261546,1,1,1,calibration_train,0,False,0,False
ice_native_0p10_v01,ice,ice,slip_candidate,0.1,30,2265,2277,12,12,12,2,2,0.006555323598989583,0.006555323598989583,0.006555323598989583,0.6747363558945368,0.0001363688276746584,5.765346558003325e-05,0.0001363688276746584,5.765346558003325e-05,1.5104612432384479e-05,0,1,1,calibration_train,0,False,0,False
ice_native_0p10_v01,ice,ice,slip_candidate,0.1,31,2278,2308,30,30,30,20,20,0.019355589025395366,0.019355589025395366,0.019355589025395366,0.752263454844002,0.00012017426411750198,9.056317280313041e-05,0.00012017426411750892,9.056317280313041e-05,4.460973937835122e-05,1,1,1,calibration_train,0,False,0,False
ice_native_0p10_v01,ice,ice,slip_candidate,0.1,32,2309,2316,7,7,7,0,0,0.003811079573415313,0.003811079573415313,,,5.4079903061578054e-05,,5.4079903061578054e-05,,,0,1,0,calibration_train,0,False,0,False
ice_native_0p10_v01,ice,ice,slip_candidate,0.1,33,2317,2325,8,8,8,0,0,0.004115966137055279,0.004115966137055279,,,6.427076047020152e-05,,6.427076047020152e-05,,,0,1,0,calibration_train,0,False,0,False
ice_native_0p10_v01,ice,ice,slip_candidate,0.1,34,2326,2343,17,17,14,4,4,0.00717055129736225,0.00717055129736225,0.006012757491398051,0.5137180960261827,4.5161066736405624e-05,2.9728999134027816e-05,4.5161066736398685e-05,2.9728999134020877e-05,2.1221658577041946e-05,0,1,1,calibration_train,0,False,0,False
ice_native_0p10_v01,ice,ice,slip_candidate,0.1,35,2655,2846,191,191,190,180,180,0.09558814536155223,0.09558814536155223,0.09558814536155223,0.988458450559658,0.012985783481007911,0.012985783481007911,0.012985783481007908,0.012985783481007908,0.012776769161847515,1,1,1,calibration_train,0,False,24,True
ice_native_0p10_v01,ice,ice,slip_candidate,0.1,36,2847,2867,20,20,20,10,10,0.02160412676160638,0.02160412676160638,0.02160412676160638,1.2373436099460993,3.323134605387034e-05,1.8954674328659597e-05,3.32313460538634e-05,1.8954674328659597e-05,4.880991610028973e-06,0,1,1,calibration_train,0,False,0,False
ice_native_0p10_v01,ice,ice,slip_candidate,0.1,37,2868,2871,3,3,3,0,0,0.002525126534402842,0.002525126534402842,,,1.9614690651713167e-05,,1.9614690651713167e-05,,,0,1,0,calibration_train,0,False,0,False
ice_native_0p10_v01,ice,ice,slip_candidate,0.1,38,2872,2874,2,2,2,0,0,0.001299631542022489,0.001299631542022489,,,7.146685263549439e-06,,7.146685263556378e-06,,,0,1,0,calibration_train,0,False,0,False
ice_native_0p10_v01,ice,ice,slip_candidate,0.1,39,2875,2880,5,5,5,0,0,0.0053920951603756385,0.0053920951603756385,,,1.3145024245648888e-05,,1.3145024245648888e-05,,,0,1,0,calibration_train,0,False,0,False
ice_native_0p10_v01,ice,ice,slip_candidate,0.1,40,2881,2883,2,2,2,0,0,0.0013428762333161752,0.0013428762333161752,,,1.0535686988551e-05,,1.0535686988551e-05,,,0,1,0,calibration_train,0,False,0,False
ice_native_0p10_v01,ice,ice,slip_candidate,0.1,41,2884,2888,4,4,4,0,0,0.003935020924077871,0.00393502092407787,,,5.120877432813857e-06,,5.120877432820796e-06,,,0,1,0,calibration_train,0,False,0,False
ice_native_0p10_v01,ice,ice,slip_candidate,0.1,42,2889,2891,2,2,2,0,0,0.001297708427211327,0.0012977084272113267,,,7.376054067277475e-06,,7.376054067277475e-06,,,0,1,0,calibration_train,0,False,0,False
ice_native_0p10_v01,ice,ice,slip_candidate,0.1,43,2892,2899,7,7,7,0,0,0.007719827710736832,0.007719827710736832,,,9.987222032627023e-06,,9.987222032620084e-06,,,0,1,0,calibration_train,0,False,0,False
ice_native_0p10_v01,ice,ice,slip_candidate,0.1,44,2900,2902,2,2,2,0,0,0.0012452787844328024,0.0012452787844328024,,,8.649955348489884e-06,,8.649955348489884e-06,,,0,1,0,calibration_train,0,False,0,False
ice_native_0p10_v01,ice,ice,slip_candidate,0.1,45,2903,2905,2,2,2,0,0,0.0011799434701639058,0.0011799434701639058,,,7.040380552460028e-06,,7.040380552466967e-06,,,0,1,0,calibration_train,0,False,0,False
ice_native_0p10_v01,ice,ice,slip_candidate,0.1,46,2906,2911,5,5,5,0,0,0.004459850398835061,0.004459850398835061,,,1.1012966465963163e-05,,1.1012966465963163e-05,,,0,1,0,calibration_train,0,False,0,False
ice_native_0p10_v01,ice,ice,slip_candidate,0.1,47,2912,2918,6,6,6,0,0,0.005367133902369795,0.005367133902369795,,,4.02209916381081e-05,,4.02209916381081e-05,,,0,1,0,calibration_train,0,False,0,False
ice_native_0p10_v01,ice,ice,slip_candidate,0.1,48,2919,2926,7,7,7,0,0,0.0060626564248034386,0.0060626564248034386,,,5.4557641762649316e-05,,5.4557641762656255e-05,,,0,1,0,calibration_train,0,False,0,False
ice_native_0p10_v01,ice,ice,slip_candidate,0.1,49,2928,2933,5,5,5,0,0,0.003754792119543245,0.003754792119543245,,,4.0610168456934985e-05,,4.0610168456941924e-05,,,0,1,0,calibration_train,0,False,0,False
ice_native_0p10_v01,ice,ice,slip_candidate,0.1,50,2935,2939,4,4,4,0,0,0.0029133643259116613,0.0029133643259116613,,,1.9166297957794003e-05,,1.9166297957794003e-05,,,0,1,0,calibration_train,0,False,0,False
sand_solref_interpolation_1of3_0p10_v01,sand,sand_solref_interpolation_1of3,sink_candidate,0.1,0,34,144,110,110,86,76,76,0.0027289423539786383,0.0027289423539786383,0.0023001917282975915,0.10577471665181681,0.007010649715396773,0.007010649715396773,0.00701064971539678,0.00701064971539678,0.00649768492855507,1,1,1,calibration_train,0,False,30,True
sand_solref_interpolation_1of3_0p10_v01,sand,sand_solref_interpolation_1of3,sink_candidate,0.1,1,337,751,414,414,384,374,374,0.021572282862857336,0.017041787952937842,0.021572282862857336,0.4259976428027497,0.006661267165185415,0.006661267165185415,0.006661267165185408,0.006661267165185408,0.0063902527082907445,1,1,1,calibration_train,0,False,136,True
sand_solref_interpolation_1of3_0p10_v01,sand,sand_solref_interpolation_1of3,sink_candidate,0.1,2,980,1350,370,370,340,330,330,0.01001726502773718,0.004518664453944091,0.01001726502773718,0.19918003231787187,0.006084916364919697,0.006084916364919697,0.00608491636491969,0.00608491636491969,0.005879608995595753,1,1,1,calibration_train,0,False,30,True
sand_solref_interpolation_1of3_0p10_v01,sand,sand_solref_interpolation_1of3,sink_candidate,0.1,3,1579,1948,369,369,341,331,331,0.010156095614745316,0.004481930450398637,0.010156095614745316,0.19768314720453828,0.006016182295724366,0.006016182295724366,0.006016182295724373,0.006016182295724373,0.005773914041470124,1,1,1,calibration_train,0,False,21,True
sand_solref_interpolation_1of3_0p10_v01,sand,sand_solref_interpolation_1of3,sink_candidate,0.1,4,2179,2547,368,368,341,331,331,0.01029420605707951,0.004678914341703887,0.01029420605707951,0.20766875425809941,0.006004435146200508,0.006004435146200508,0.006004435146200508,0.006004435146200508,0.005732582515432058,1,1,1,calibration_train,0,False,18,True
sand_solref_interpolation_1of3_0p10_v01,sand,sand_solref_interpolation_1of3,sink_candidate,0.1,5,2779,3000,221,221,221,211,211,0.007875969812916446,0.007875969812916446,0.007875969812916446,0.21488429382610116,0.0060450703754494585,0.0060450703754494585,0.0060450703754494515,0.0060450703754494515,0.0059394039355250006,1,1,1,calibration_train,0,False,66,True
sand_solref_interpolation_2of3_0p10_v01,sand,sand_solref_interpolation_2of3,sink_candidate,0.1,0,34,159,125,125,86,76,76,0.0041885738436678085,0.0041885738436678085,0.0029259937132743163,0.0954765875868593,0.010194434934961357,0.010194434934961357,0.010194434934961364,0.010194434934961364,0.009677404238988385,1,1,1,calibration_train,0,False,55,True
sand_solref_interpolation_2of3_0p10_v01,sand,sand_solref_interpolation_2of3,sink_candidate,0.1,1,334,764,430,430,400,390,390,0.025290647871458752,0.019369582801928163,0.025290647871458752,0.5468060613229985,0.00994128089172491,0.00994128089172491,0.009941280891724906,0.009941280891724906,0.009793321805688746,1,1,1,calibration_train,0,False,357,True
sand_solref_interpolation_2of3_0p10_v01,sand,sand_solref_interpolation_2of3,sink_candidate,0.1,2,976,1359,383,383,344,334,334,0.011160976177497041,0.003279856795998187,0.011160976177497041,0.2774679325548696,0.008681708231397228,0.008681708231397228,0.008681708231397224,0.008681708231397224,0.00861325518524085,1,1,1,calibration_train,0,False,300,True
sand_solref_interpolation_2of3_0p10_v01,sand,sand_solref_interpolation_2of3,sink_candidate,0.1,3,1576,1957,381,381,344,334,334,0.010822536678157042,0.0029253607641742192,0.010822536678157042,0.2623434087427906,0.008381185262664483,0.008381185262664483,0.008381185262664487,0.008381185262664487,0.008038245844840863,1,1,1,calibration_train,0,False,299,True
sand_solref_interpolation_2of3_0p10_v01,sand,sand_solref_interpolation_2of3,sink_candidate,0.1,4,2176,2557,381,381,344,334,334,0.0112287592395321,0.0031915929178349,0.0112287592395321,0.28291506767592556,0.008493664978061529,0.008493664978061529,0.008493664978061522,0.008493664978061522,0.008429502049712212,1,1,1,calibration_train,0,False,300,True
sand_solref_interpolation_2of3_0p10_v01,sand,sand_solref_interpolation_2of3,sink_candidate,0.1,5,2777,3000,223,223,223,213,213,0.009111029906018642,0.009111029906018642,0.009111029906018642,0.27168962878448677,0.008425343381862693,0.008425343381862693,0.008425343381862689,0.008425343381862689,0.008040237684727294,1,1,1,calibration_train,0,False,177,True
marble_native_0p15_v01,marble,marble,hard_negative,0.15,0,34,109,75,75,66,56,56,0.00173841657994065,0.00033674807868579637,0.00173841657994065,0.06270004125430424,0.003392175230669421,0.003392175230669421,0.0033921752306694244,0.0033921752306694244,0.002889563482504784,1,1,1,calibration_train,0,False,0,False
marble_native_0p15_v01,marble,marble,hard_negative,0.15,1,352,716,364,364,364,354,354,0.007009492726824954,0.006385230610804218,0.007009492726824954,0.22917200888225028,0.0038274893480412893,0.0038274893480412893,0.0038274893480412893,0.0038274893480412893,0.0037542038744713124,1,1,1,calibration_train,0,False,0,False
marble_native_0p15_v01,marble,marble,hard_negative,0.15,2,717,720,3,3,3,0,0,0.00015183846973672034,0.00015183846973672034,,,4.043765658458091e-06,,4.043765658454622e-06,,,0,1,0,calibration_train,0,False,0,False
marble_native_0p15_v01,marble,marble,hard_negative,0.15,3,988,1322,334,334,332,322,322,0.004845404531376053,0.004485715718699316,0.004845404531376053,0.24767562614245864,0.0027412441729895943,0.0027412441729895943,0.002741244172989591,0.002741244172989591,0.002629688506637806,1,1,1,calibration_train,0,False,0,False
marble_native_0p15_v01,marble,marble,hard_negative,0.15,4,1593,1921,328,328,327,317,317,0.004826257974595208,0.00451817517199197,0.004826257974595208,0.26868847330105006,0.0024767801174311833,0.0024767801174311833,0.0024767801174311902,0.0024767801174311902,0.002139560266394558,1,1,1,calibration_train,0,False,0,False
marble_native_0p15_v01,marble,marble,hard_negative,0.15,5,2191,2521,330,330,329,319,319,0.005575303606757375,0.005221918693630891,0.005575303606757375,0.2911507453928733,0.002645801250614986,0.002645801250614986,0.0026458012506149894,0.0026458012506149894,0.0026274711188268435,1,1,1,calibration_train,0,False,0,False
marble_native_0p15_v01,marble,marble,hard_negative,0.15,6,2791,3000,209,209,209,199,199,0.005330119455576642,0.005330119455576642,0.005330119455576642,0.29510390852296936,0.0026516539133325063,0.0026516539133325063,0.0026516539133325063,0.0026516539133325063,0.0024419060997178804,1,1,1,calibration_train,0,False,0,False
concrete_native_0p15_v01,concrete,concrete,hard_negative,0.15,0,34,110,76,76,76,66,66,0.0011940622390008986,0.00035065203497545094,0.0011940622390008986,0.08664041137534566,0.0035276987099737795,0.0035276987099737795,0.003527698709973776,0.003527698709973776,0.003023757715274189,1,1,1,calibration_train,0,False,0,False
concrete_native_0p15_v01,concrete,concrete,hard_negative,0.15,1,351,725,374,374,371,361,361,0.006912113128520723,0.005566022310503393,0.006912113128520723,0.23511410657858842,0.004050835139464119,0.004050835139464119,0.004050835139464119,0.004050835139464119,0.00383007515490226,1,1,1,calibration_train,0,False,0,False
concrete_native_0p15_v01,concrete,concrete,hard_negative,0.15,2,991,1336,345,345,345,335,335,0.0019771721658010917,0.001420857268455226,0.0019771721658010917,0.08283804417983139,0.002565176995576175,0.002565176995576175,0.002565176995576175,0.002565176995576175,0.0023296164242674056,1,1,1,calibration_train,0,False,0,False
concrete_native_0p15_v01,concrete,concrete,hard_negative,0.15,3,1599,1927,328,328,321,311,311,0.0015865277776668724,0.0010783190177805308,0.0015865277776668724,0.05796226200006302,0.002303606500084483,0.002303606500084483,0.00230360650008449,0.00230360650008449,0.0020456011504817184,1,1,1,calibration_train,0,False,0,False
concrete_native_0p15_v01,concrete,concrete,hard_negative,0.15,4,2198,2527,329,329,323,313,313,0.0018776997405816392,0.0013987657325988303,0.0018776997405816392,0.07717764663664131,0.0024586504939929322,0.0024586504939929322,0.0024586504939929357,0.0024586504939929357,0.002156407056427806,1,1,1,calibration_train,0,False,0,False
concrete_native_0p15_v01,concrete,concrete,hard_negative,0.15,5,2796,3000,204,204,204,194,194,0.0021250648901250902,0.0021143977838915737,0.0021250648901250902,0.08900334307167176,0.002494039513711628,0.002494039513711628,0.0024940395137116314,0.0024940395137116314,0.0023068766028775944,1,1,1,calibration_train,0,False,0,False
sand_hardened_0p15_v01,sand,sand_walking_support_v1_hardened,hard_negative,0.15,0,34,124,90,90,86,76,76,0.0016499462667371784,0.0012076445542028712,0.0016499462667371784,0.1295824834967488,0.0038972206453314435,0.0038972206453314435,0.003897220645331447,0.003897220645331447,0.003394717765802774,1,1,1,calibration_train,0,False,0,False
sand_hardened_0p15_v01,sand,sand_walking_support_v1_hardened,hard_negative,0.15,1,340,734,394,394,380,370,370,0.015638076597130013,0.013179266644556688,0.015638076597130013,0.3094338481414083,0.00416247859616808,0.00416247859616808,0.004162478596168073,0.004162478596168073,0.0040509975393934194,1,1,1,calibration_train,0,False,0,False
sand_hardened_0p15_v01,sand,sand_walking_support_v1_hardened,hard_negative,0.15,2,987,1333,346,346,333,323,323,0.008145261177049714,0.0053753852406330585,0.008145261177049714,0.12272524308270016,0.003381721390210336,0.003381721390210336,0.003381721390210343,0.003381721390210343,0.0031619696563932737,1,1,1,calibration_train,0,False,0,False
sand_hardened_0p15_v01,sand,sand_walking_support_v1_hardened,hard_negative,0.15,3,1585,1931,346,346,335,325,325,0.008428612074043279,0.005578216722527392,0.008428612074043279,0.1395670942891628,0.003287599135583459,0.003287599135583459,0.003287599135583459,0.003287599135583459,0.0031705518426893287,1,1,1,calibration_train,0,False,0,False
sand_hardened_0p15_v01,sand,sand_walking_support_v1_hardened,hard_negative,0.15,4,2185,2531,346,346,335,325,325,0.008371392085373774,0.005431461576360212,0.008371392085373774,0.13665632864347027,0.0033570254489557845,0.0033570254489557845,0.0033570254489557845,0.0033570254489557845,0.003118163090707629,1,1,1,calibration_train,0,False,0,False
sand_hardened_0p15_v01,sand,sand_walking_support_v1_hardened,hard_negative,0.15,5,2785,3000,215,215,215,205,205,0.006318766395803562,0.006318766395803562,0.006318766395803562,0.15087392283597148,0.0034372734013206436,0.0034372734013206436,0.0034372734013206436,0.0034372734013206436,0.0033793957743585706,1,1,1,calibration_train,0,False,0,False
ice_native_0p15_v01,ice,ice,slip_candidate,0.15,0,34,108,74,74,66,56,56,0.006489733014287989,0.00486641720630729,0.006489733014287989,0.21169503675653095,0.003405582650147755,0.003405582650147755,0.003405582650147748,0.003405582650147748,0.002902646564346606,1,1,1,calibration_train,0,False,0,False
ice_native_0p15_v01,ice,ice,slip_candidate,0.15,1,238,398,160,160,160,150,150,0.16837350524854855,0.16837350524854855,0.16837350524854855,1.6160551462312456,0.0043984275532406815,0.0043984275532406815,0.004398427553240688,0.004398427553240688,0.0043557253935757045,1,1,1,calibration_train,74,True,0,False
ice_native_0p15_v01,ice,ice,slip_candidate,0.15,2,399,449,50,50,50,40,40,0.03144568453627941,0.03144568453627941,0.03144568453627941,0.701186597196056,0.00010221717704483445,0.00010221717704483445,0.00010221717704482752,0.00010221717704482752,8.312883940939098e-05,1,1,1,calibration_train,0,False,0,False
ice_native_0p15_v01,ice,ice,slip_candidate,0.15,3,450,493,43,43,43,33,33,0.015542180038736378,0.015542180038736378,0.015542180038736378,0.38819608387568355,9.352547491497509e-05,9.352547491497509e-05,9.352547491497509e-05,9.352547491497509e-05,7.490640585137986e-05,1,1,1,calibration_train,0,False,0,False
ice_native_0p15_v01,ice,ice,slip_candidate,0.15,4,494,514,20,20,20,10,10,0.004871940954182623,0.004871940954182623,0.004871940954182623,0.28704387188351493,3.702541314242868e-05,1.836305196754439e-05,3.702541314242868e-05,1.836305196754439e-05,5.627716226586088e-06,0,1,1,calibration_train,0,False,0,False
ice_native_0p15_v01,ice,ice,slip_candidate,0.15,5,515,526,11,11,11,1,1,0.0015887213543160845,0.0015887213543160845,0.0015887213543160845,0.1440542571115805,3.187871360083982e-05,5.628268339353919e-06,3.187871360083982e-05,5.62826833934698e-06,-6.244290286561149e-06,0,1,1,calibration_train,0,False,0,False
ice_native_0p15_v01,ice,ice,slip_candidate,0.15,6,527,536,9,9,9,0,0,0.0016722478979503427,0.0016722478979503427,,,2.8921948250488876e-05,,2.8921948250488876e-05,,,0,1,0,calibration_train,0,False,0,False
ice_native_0p15_v01,ice,ice,slip_candidate,0.15,7,537,544,7,7,7,0,0,0.0017769500021419498,0.0017769500021419498,,,2.0599595741461856e-05,,2.0599595741461856e-05,,,0,1,0,calibration_train,0,False,0,False
ice_native_0p15_v01,ice,ice,slip_candidate,0.15,8,559,561,2,2,1,0,0,0.0006220556387070366,0.0006220556387070366,,,3.698841760833675e-06,,3.698841760833675e-06,,,0,1,0,calibration_train,0,False,0,False
ice_native_0p15_v01,ice,ice,slip_candidate,0.15,9,784,954,170,170,170,160,160,0.061135926023926895,0.061135926023926895,0.061135926023926895,0.7570352782420388,0.004497618442802563,0.004497618442802563,0.004497618442802563,0.004497618442802563,0.004089795012573547,1,1,1,calibration_train,0,False,0,False
ice_native_0p15_v01,ice,ice,slip_candidate,0.15,10,955,983,28,28,28,18,18,0.02095902934019251,0.02095902934019251,0.02095902934019251,0.8999845717872383,0.00026793189043177856,0.00020131749255619235,0.0002679318904317855,0.00020131749255619235,0.00012170026118796251,0,1,1,calibration_train,0,False,0,False
ice_native_0p15_v01,ice,ice,slip_candidate,0.15,11,984,992,8,8,8,0,0,0.005823853748131684,0.005823853748131684,,,6.507327920118443e-05,,6.507327920118443e-05,,,0,1,0,calibration_train,0,False,0,False
ice_native_0p15_v01,ice,ice,slip_candidate,0.15,12,993,1003,10,10,10,0,0,0.007516440916328595,0.007516440916328595,,,9.626656898421414e-05,,9.626656898421414e-05,,,0,1,0,calibration_train,0,False,0,False
ice_native_0p15_v01,ice,ice,slip_candidate,0.15,13,1004,1025,21,21,21,11,11,0.014304448368628903,0.014304448368628903,0.014304448368628903,0.7435247444828301,7.464658071488616e-05,5.422187599634764e-05,7.464658071488616e-05,5.422187599634764e-05,2.077535182112844e-05,0,1,1,calibration_train,0,False,0,False
ice_native_0p15_v01,ice,ice,slip_candidate,0.15,14,1028,1035,7,7,7,0,0,0.002904210969025379,0.002904210969025379,,,2.280536779148811e-05,,2.280536779148811e-05,,,0,1,0,calibration_train,0,False,0,False
ice_native_0p15_v01,ice,ice,slip_candidate,0.15,15,1036,1042,6,6,4,0,0,0.0019259995788828924,0.0019259995788828924,,,1.6780030627393076e-05,,1.6780030627393076e-05,,,0,1,0,calibration_train,0,False,0,False
ice_native_0p15_v01,ice,ice,slip_candidate,0.15,16,1049,1056,7,7,7,0,0,0.0021220186928049257,0.002122018692804926,,,4.6666010244704285e-05,,4.6666010244704285e-05,,,0,1,0,calibration_train,0,False,0,False
ice_native_0p15_v01,ice,ice,slip_candidate,0.15,17,1057,1059,2,2,2,0,0,0.000443659605200129,0.000443659605200129,,,3.7254060483117232e-06,,3.7254060483117232e-06,,,0,1,0,calibration_train,0,False,0,False
ice_native_0p15_v01,ice,ice,slip_candidate,0.15,18,1060,1068,8,8,8,0,0,0.005131743753727747,0.005131743753727747,,,3.9376750501747375e-05,,3.9376750501747375e-05,,,0,1,0,calibration_train,0,False,0,False
ice_native_0p15_v01,ice,ice,slip_candidate,0.15,19,1069,1074,5,5,5,0,0,0.004440778030729143,0.004440778030729143,,,4.6206312625039596e-05,,4.6206312625039596e-05,,,0,1,0,calibration_train,0,False,0,False
ice_native_0p15_v01,ice,ice,slip_candidate,0.15,20,1075,1079,4,4,4,0,0,0.003986097324952292,0.003986097324952291,,,2.9407940890745048e-05,,2.9407940890745048e-05,,,0,1,0,calibration_train,0,False,0,False
ice_native_0p15_v01,ice,ice,slip_candidate,0.15,21,1080,1091,11,11,11,1,1,0.014589260829760326,0.014589260829760326,0.014589260829760326,1.4602599750091085,0.00022193195545954902,3.400355520631181e-05,0.00022193195545954902,3.400355520631181e-05,-1.0735482319973455e-05,0,1,1,calibration_train,0,False,0,False
ice_native_0p15_v01,ice,ice,slip_candidate,0.15,22,1092,1102,10,10,10,0,0,0.013243362632101418,0.013243362632101418,,,0.00016014592407912875,,0.00016014592407912875,,,0,1,0,calibration_train,0,False,0,False
ice_native_0p15_v01,ice,ice,slip_candidate,0.15,23,1103,1111,8,8,8,0,0,0.008502083874493012,0.008502083874493012,,,7.607842484850646e-05,,7.607842484850646e-05,,,0,1,0,calibration_train,0,False,0,False
ice_native_0p15_v01,ice,ice,slip_candidate,0.15,24,1112,1188,76,76,75,65,65,0.026922947125909136,0.01990574312061948,0.026922947125909136,0.9006841667524185,0.0021445213471658576,0.0021445213471658576,0.0021445213471658507,0.0021445213471658507,0.0020817311171040936,1,1,1,calibration_train,0,False,0,False
ice_native_0p15_v01,ice,ice,slip_candidate,0.15,25,1189,1194,5,5,5,0,0,0.0036363391874179754,0.0036363391874179754,,,4.030729846944258e-05,,4.030729846944258e-05,,,0,1,0,calibration_train,0,False,0,False
ice_native_0p15_v01,ice,ice,slip_candidate,0.15,26,1195,1202,7,7,7,0,0,0.0057328881536401165,0.0057328881536401165,,,6.746974246873549e-05,,6.746974246874243e-05,,,0,1,0,calibration_train,0,False,0,False
ice_native_0p15_v01,ice,ice,slip_candidate,0.15,27,1203,1206,3,3,3,0,0,0.0017948294490972797,0.0017948294490972797,,,1.336312290566976e-05,,1.3363122905676698e-05,,,0,1,0,calibration_train,0,False,0,False
ice_native_0p15_v01,ice,ice,slip_candidate,0.15,28,1207,1212,5,5,5,0,0,0.0032789701749981115,0.0032789701749981115,,,3.079669540499274e-05,,3.079669540499274e-05,,,0,1,0,calibration_train,0,False,0,False
ice_native_0p15_v01,ice,ice,slip_candidate,0.15,29,1214,1219,5,5,5,0,0,0.0028150447522537524,0.0028150447522537524,,,3.200483678436183e-05,,3.2004836784368766e-05,,,0,1,0,calibration_train,0,False,0,False
ice_native_0p15_v01,ice,ice,slip_candidate,0.15,30,1478,1670,192,192,191,181,181,0.16472333196845812,0.16472333196845812,0.16472333196845812,1.5026852066929581,0.00851599308025269,0.00851599308025269,0.008515993080252696,0.008515993080252696,0.007951700928456346,1,1,1,calibration_train,77,True,7,True
ice_native_0p15_v01,ice,ice,slip_candidate,0.15,31,1671,1679,8,8,8,0,0,0.003712195912698043,0.0037121959126980436,,,5.467830409702345e-05,,5.467830409702345e-05,,,0,1,0,calibration_train,0,False,0,False
ice_native_0p15_v01,ice,ice,slip_candidate,0.15,32,1680,1700,20,20,20,10,10,0.009790468688777804,0.009790468688777804,0.009790468688777804,0.5668476669224053,4.32768660778805e-05,2.5961391719823805e-05,4.32768660778805e-05,2.5961391719823805e-05,4.6219438204625485e-06,0,1,1,calibration_train,0,False,0,False
ice_native_0p15_v01,ice,ice,slip_candidate,0.15,33,1701,1720,19,19,19,9,9,0.00995755255958483,0.00995755255958483,0.00995755255958483,0.6109289008132278,2.138628295419564e-05,1.4845719111335025e-05,2.13862829541887e-05,1.4845719111341964e-05,7.532658708564455e-06,0,1,1,calibration_train,0,False,0,False
ice_native_0p15_v01,ice,ice,slip_candidate,0.15,34,1721,1728,7,7,7,0,0,0.0036445642381984274,0.003644564238198427,,,3.224284910803132e-05,,3.224284910803132e-05,,,0,1,0,calibration_train,0,False,0,False
ice_native_0p15_v01,ice,ice,slip_candidate,0.15,35,1729,1737,8,8,8,0,0,0.004568367944882378,0.004568367944882378,,,4.945410834021179e-05,,4.945410834021179e-05,,,0,1,0,calibration_train,0,False,0,False
ice_native_0p15_v01,ice,ice,slip_candidate,0.15,36,1739,1744,5,5,5,0,0,0.0027296066228207024,0.0027296066228207024,,,2.39126726918849e-05,,2.39126726918849e-05,,,0,1,0,calibration_train,0,False,0,False
ice_native_0p15_v01,ice,ice,slip_candidate,0.15,37,1758,1761,3,3,2,0,0,0.0015776401405429555,0.0015776401405429555,,,2.0313802153458342e-05,,2.0313802153458342e-05,,,0,1,0,calibration_train,0,False,0,False
ice_native_0p15_v01,ice,ice,slip_candidate,0.15,38,1926,1991,65,65,65,55,55,0.04496579873800706,0.04496579873800706,0.04496579873800706,1.028086307785154,0.004189730456117975,0.004189730456117975,0.004189730456117968,0.004189730456117968,0.0039016783241262315,1,1,1,calibration_train,0,False,0,False
ice_native_0p15_v01,ice,ice,slip_candidate,0.15,39,1992,2227,235,235,234,224,224,0.04121012869860324,0.03536307716198215,0.04121012869860324,0.8031379351076496,0.0007836063034312958,0.0007836063034312958,0.0007836063034312992,0.0007836063034312992,0.0007615809647203153,1,1,1,calibration_train,0,False,0,False
ice_native_0p15_v01,ice,ice,slip_candidate,0.15,40,2228,2253,25,25,25,15,15,0.02109228259738945,0.02109228259738945,0.02109228259738945,0.9857228147385277,0.00023337907779790844,0.0001431339062241922,0.0002333790777979015,0.00014313390622419913,6.722459371943934e-05,0,1,1,calibration_train,0,False,0,False
ice_native_0p15_v01,ice,ice,slip_candidate,0.15,41,2254,2274,20,20,20,10,10,0.01663088083442444,0.01663088083442444,0.01663088083442444,0.9543656798054769,0.00012049052347983934,0.00011712319324430186,0.00012049052347983934,0.00011712319324429493,7.969951051138568e-05,0,1,1,calibration_train,0,False,0,False
ice_native_0p15_v01,ice,ice,slip_candidate,0.15,42,2275,2285,10,10,10,0,0,0.006250197315879846,0.006250197315879846,,,0.00011020222243898325,,0.00011020222243899019,,,0,1,0,calibration_train,0,False,0,False
ice_native_0p15_v01,ice,ice,slip_candidate,0.15,43,2286,2295,9,9,9,0,0,0.004333081582270779,0.004333081582270779,,,6.548761744864639e-05,,6.548761744865333e-05,,,0,1,0,calibration_train,0,False,0,False
ice_native_0p15_v01,ice,ice,slip_candidate,0.15,44,2296,2308,12,12,12,2,2,0.00479239742147224,0.00479239742147224,0.00479239742147224,0.5304374987747026,9.836055051999203e-05,3.7240452068816425e-05,9.836055051999203e-05,3.7240452068823364e-05,8.07378335478115e-06,0,1,1,calibration_train,0,False,0,False
ice_native_0p15_v01,ice,ice,slip_candidate,0.15,45,2309,2324,15,15,15,5,5,0.006773531647020371,0.006773531647020371,0.006773531647020371,0.5883163139917561,4.721462403070153e-05,4.712231875788741e-05,4.721462403070847e-05,4.712231875788741e-05,3.763650128445206e-05,0,1,1,calibration_train,0,False,0,False
ice_native_0p15_v01,ice,ice,slip_candidate,0.15,46,2326,2331,5,5,5,0,0,0.0025243930198502675,0.0025243930198502675,,,2.0545226138197863e-05,,2.0545226138197863e-05,,,0,1,0,calibration_train,0,False,0,False
ice_native_0p15_v01,ice,ice,slip_candidate,0.15,47,2332,2335,3,3,3,0,0,0.0014184215877505167,0.0014184215877505164,,,5.964497389663974e-06,,5.964497389663974e-06,,,0,1,0,calibration_train,0,False,0,False
ice_native_0p15_v01,ice,ice,slip_candidate,0.15,48,2336,2340,4,4,4,0,0,0.0023490693091010933,0.0023490693091010933,,,1.3590280235754697e-05,,1.3590280235754697e-05,,,0,1,0,calibration_train,0,False,0,False
ice_native_0p15_v01,ice,ice,slip_candidate,0.15,49,2604,2899,295,295,294,284,284,0.11223872557540791,0.11223872557540791,0.11223872557540791,0.8879008958625981,0.007537111648336088,0.007537111648336088,0.007537111648336081,0.007537111648336081,0.0063933472206466335,1,1,1,calibration_train,139,True,0,False
ice_native_0p15_v01,ice,ice,slip_candidate,0.15,50,2900,2966,66,66,66,56,56,0.01885762055644602,0.01885762055644602,0.01885762055644602,0.5464440237524559,0.0002446597955764419,0.0002446597955764419,0.0002446597955764419,0.0002446597955764419,0.00019670596006957086,1,1,1,calibration_train,0,False,0,False
ice_native_0p15_v01,ice,ice,slip_candidate,0.15,51,2969,2975,6,6,6,0,0,0.0030991311640170913,0.0030991311640170913,,,1.7312940665310632e-05,,1.731294066531757e-05,,,0,1,0,calibration_train,0,False,0,False
ice_native_0p15_v01,ice,ice,slip_candidate,0.15,52,2976,2978,2,2,2,0,0,0.0006546413614136629,0.0006546413614136627,,,2.270210196465665e-06,,2.2702101964726037e-06,,,0,1,0,calibration_train,0,False,0,False
ice_native_0p15_v01,ice,ice,slip_candidate,0.15,53,2979,2980,1,1,1,0,0,0.0,0.0,,,9.743920843198126e-07,,9.743920843267515e-07,,,0,1,0,calibration_train,0,False,0,False
sand_solref_interpolation_1of3_0p15_v01,sand,sand_solref_interpolation_1of3,sink_candidate,0.15,0,34,144,110,110,86,76,76,0.002921058623882452,0.002921058623882452,0.0022892094999778733,0.1077966545532794,0.007033407743061239,0.007033407743061239,0.007033407743061239,0.007033407743061239,0.006520442956219535,1,1,1,calibration_train,0,False,31,True
sand_solref_interpolation_1of3_0p15_v01,sand,sand_solref_interpolation_1of3,sink_candidate,0.15,1,335,750,415,415,385,375,375,0.019069054048002552,0.015456423486914062,0.019069054048002552,0.44490664483192577,0.006741239077428472,0.006741239077428472,0.0067412390774284755,0.0067412390774284755,0.00634325344611375,1,1,1,calibration_train,0,False,122,True
sand_solref_interpolation_1of3_0p15_v01,sand,sand_solref_interpolation_1of3,sink_candidate,0.15,2,985,1347,362,362,335,325,325,0.010200424485968071,0.004770013246619545,0.010200424485968071,0.23077802739667566,0.006108211821238991,0.006108211821238991,0.006108211821238998,0.006108211821238998,0.005925087710962382,1,1,1,calibration_train,0,False,73,True
sand_solref_interpolation_1of3_0p15_v01,sand,sand_solref_interpolation_1of3,sink_candidate,0.15,3,1580,1944,364,364,340,330,330,0.011095876620233654,0.005827805695950025,0.011095876620233654,0.2510289526452664,0.005963038072403319,0.005963038072403319,0.005963038072403322,0.005963038072403322,0.005927927465470384,1,1,1,calibration_train,0,False,165,True
sand_solref_interpolation_1of3_0p15_v01,sand,sand_solref_interpolation_1of3,sink_candidate,0.15,4,2181,2543,362,362,339,329,329,0.010937777174032048,0.00584310644009553,0.010937777174032048,0.2457151390629322,0.006115582980720953,0.006115582980720953,0.006115582980720949,0.006115582980720949,0.005698248861403216,1,1,1,calibration_train,0,False,14,True
sand_solref_interpolation_1of3_0p15_v01,sand,sand_solref_interpolation_1of3,sink_candidate,0.15,5,2781,3000,219,219,219,209,209,0.008639227648904737,0.008639227648904737,0.008639227648904737,0.24759357350528516,0.006105722423352357,0.006105722423352357,0.00610572242335236,0.00610572242335236,0.005781192901628984,1,1,1,calibration_train,0,False,22,True
sand_solref_interpolation_2of3_0p15_v01,sand,sand_solref_interpolation_2of3,sink_candidate,0.15,0,34,159,125,125,86,76,76,0.004592135560094945,0.004592135560094945,0.002896933636640739,0.09509253473224344,0.010133692095114246,0.010133692095114246,0.010133692095114253,0.010133692095114253,0.009616661399141274,1,1,1,calibration_train,0,False,55,True
sand_solref_interpolation_2of3_0p15_v01,sand,sand_solref_interpolation_2of3,sink_candidate,0.15,1,332,1337,1005,1005,999,989,989,0.1499078983256262,0.1499078983256262,0.1499078983256262,1.7411833199841271,0.010625771648457346,0.010625771648457346,0.08549711684780387,0.08549711684780387,0.010431343015388062,1,0,1,calibration_train,73,True,750,True
sand_solref_interpolation_2of3_0p15_v01,sand,sand_solref_interpolation_2of3,sink_candidate,0.15,2,1409,1452,43,43,0,0,0,,,,,,,,,,0,0,0,calibration_train,0,False,0,False
sand_solref_interpolation_2of3_0p15_v01,sand,sand_solref_interpolation_2of3,sink_candidate,0.15,3,1532,2046,514,514,0,0,0,,,,,,,,,,0,0,0,calibration_train,0,False,0,False
marble_native_0p20_v01,marble,marble,hard_negative,0.2,0,34,109,75,75,66,56,56,0.0017399868332323252,0.00042319942385826074,0.0017399868332323252,0.06269656538811676,0.0033920466826416985,0.0033920466826416985,0.0033920466826417054,0.0033920466826417054,0.0028894349344770615,1,1,1,calibration_train,0,False,0,False
marble_native_0p20_v01,marble,marble,hard_negative,0.2,1,351,713,362,362,362,352,352,0.007124241302448523,0.0066806469883161825,0.007124241302448523,0.24973243465243603,0.0043602918163234096,0.0043602918163234096,0.004360291816323403,0.004360291816323403,0.004015628624252088,1,1,1,calibration_train,0,False,0,False
marble_native_0p20_v01,marble,marble,hard_negative,0.2,2,714,720,6,6,6,0,0,0.0004077559475901971,0.0004077559475901971,,,1.9023947811678925e-05,,1.9023947811675455e-05,,,0,1,0,calibration_train,0,False,0,False
marble_native_0p20_v01,marble,marble,hard_negative,0.2,3,991,1320,329,329,329,319,319,0.004822541192993183,0.004691078671098392,0.004822541192993183,0.2105065525927097,0.0025150983578230658,0.0025150983578230658,0.0025150983578230727,0.0025150983578230727,0.002303719653425171,1,1,1,calibration_train,0,False,0,False
marble_native_0p20_v01,marble,marble,hard_negative,0.2,4,1596,1919,323,323,323,313,313,0.005044330530314848,0.004938952853967326,0.005044330530314848,0.24594214503946737,0.0025612889082235425,0.0025612889082235425,0.0025612889082235425,0.0025612889082235425,0.0022395603491773552,1,1,1,calibration_train,0,False,0,False
marble_native_0p20_v01,marble,marble,hard_negative,0.2,5,1920,1922,2,2,0,0,0,4.891639953057907e-05,4.891639953057907e-05,,,,,,,,0,1,0,calibration_train,0,False,0,False
marble_native_0p20_v01,marble,marble,hard_negative,0.2,6,2194,2519,325,325,325,315,315,0.005620806075271452,0.00551019390821077,0.005620806075271452,0.2793605403701089,0.0025139158298439586,0.0025139158298439586,0.002513915829843962,0.002513915829843962,0.002453146820158847,1,1,1,calibration_train,0,False,0,False
marble_native_0p20_v01,marble,marble,hard_negative,0.2,7,2520,2522,2,2,0,0,0,5.583920626230309e-05,5.583920626230309e-05,,,,,,,,0,1,0,calibration_train,0,False,0,False
marble_native_0p20_v01,marble,marble,hard_negative,0.2,8,2795,3000,205,205,205,195,195,0.0052192961368530575,0.0052192961368530575,0.0052192961368530575,0.2481854637044823,0.0025822719106069576,0.0025822719106069576,0.002582271910606954,0.002582271910606954,0.002198722040335735,1,1,1,calibration_train,0,False,0,False
concrete_native_0p20_v01,concrete,concrete,hard_negative,0.2,0,34,110,76,76,66,56,56,0.0011959486969190319,0.000595042966315679,0.0011959486969190319,0.050122839235288354,0.003527054167993422,0.003527054167993422,0.003527054167993415,0.003527054167993415,0.0030231131732938316,1,1,1,calibration_train,0,False,0,False
concrete_native_0p20_v01,concrete,concrete,hard_negative,0.2,1,350,724,374,374,370,360,360,0.007175267404503924,0.005914086704124664,0.007175267404503924,0.24778919566315788,0.004198544672488087,0.004198544672488087,0.004198544672488094,0.004198544672488094,0.0037394889375084173,1,1,1,calibration_train,0,False,0,False
concrete_native_0p20_v01,concrete,concrete,hard_negative,0.2,2,994,1329,335,335,328,318,318,0.0025775413102196473,0.0021155919458490657,0.0025775413102196473,0.09357513085958524,0.002460206888525061,0.002460206888525061,0.002460206888525061,0.002460206888525061,0.0022290204253428286,1,1,1,calibration_train,0,False,0,False
concrete_native_0p20_v01,concrete,concrete,hard_negative,0.2,3,1601,1925,324,324,319,309,309,0.0026225376780627876,0.0023434891452484307,0.0026225376780627876,0.09647202415974034,0.00247185115087586,0.00247185115087586,0.0024718511508758636,0.0024718511508758636,0.002162492200667679,1,1,1,calibration_train,0,False,0,False
concrete_native_0p20_v01,concrete,concrete,hard_negative,0.2,4,2199,2526,327,327,321,311,311,0.0030319842539766636,0.002691343663297611,0.0030319842539766636,0.11544688354861345,0.0025266166802020385,0.0025266166802020385,0.0025266166802020316,0.0025266166802020316,0.002205764126669632,1,1,1,calibration_train,0,False,0,False
concrete_native_0p20_v01,concrete,concrete,hard_negative,0.2,5,2798,3000,202,202,202,192,192,0.003394228300837768,0.003394228300837768,0.003394228300837768,0.13709717744819175,0.0024916550491982754,0.0024916550491982754,0.002491655049198272,0.002491655049198272,0.002353798674653615,1,1,1,calibration_train,0,False,0,False
sand_hardened_0p20_v01,sand,sand_walking_support_v1_hardened,hard_negative,0.2,0,34,124,90,90,86,76,76,0.0016529439815344544,0.0012231340384621446,0.0016529439815344544,0.13075427947018747,0.003909016515221168,0.003909016515221168,0.003909016515221168,0.003909016515221168,0.0034065136356924985,1,1,1,calibration_train,0,False,0,False
sand_hardened_0p20_v01,sand,sand_walking_support_v1_hardened,hard_negative,0.2,1,338,732,394,394,382,372,372,0.016771160430382383,0.014362474537964439,0.016771160430382383,0.3409805127432019,0.004352575087029821,0.004352575087029821,0.004352575087029814,0.004352575087029814,0.004294271603264094,1,1,1,calibration_train,0,False,0,False
sand_hardened_0p20_v01,sand,sand_walking_support_v1_hardened,hard_negative,0.2,2,989,1330,341,341,331,321,321,0.008032071712050594,0.005522022531571208,0.008032071712050594,0.11971909759865132,0.003402844939245568,0.003402844939245568,0.003402844939245568,0.003402844939245568,0.0030999620975609293,1,1,1,calibration_train,0,False,0,False
sand_hardened_0p20_v01,sand,sand_walking_support_v1_hardened,hard_negative,0.2,3,1588,1928,340,340,332,322,322,0.008444771462385293,0.005893521945479503,0.008444771462385293,0.14044475710749083,0.003411847375863873,0.003411847375863873,0.003411847375863873,0.003411847375863873,0.0030287813383315237,1,1,1,calibration_train,0,False,0,False
sand_hardened_0p20_v01,sand,sand_walking_support_v1_hardened,hard_negative,0.2,4,2187,2528,341,341,333,323,323,0.008556870729010561,0.00591679431855853,0.008556870729010561,0.1479245653904249,0.003458147738424992,0.003458147738424992,0.003458147738424992,0.003458147738424992,0.0031759219131753252,1,1,1,calibration_train,0,False,0,False
sand_hardened_0p20_v01,sand,sand_walking_support_v1_hardened,hard_negative,0.2,5,2787,3000,213,213,213,203,203,0.006684789537784621,0.006684789537784621,0.006684789537784621,0.15570784331537282,0.0033968265823536804,0.0033968265823536804,0.0033968265823536735,0.0033968265823536735,0.0033003578195601596,1,1,1,calibration_train,0,False,0,False
ice_native_0p20_v01,ice,ice,slip_candidate,0.2,0,34,107,73,73,66,56,56,0.0069537091556394395,0.00579818265147978,0.0069537091556394395,0.22018431133256947,0.0034036484834433873,0.0034036484834433873,0.003403648483443384,0.003403648483443384,0.0029007123976422383,1,1,1,calibration_train,0,False,0,False
ice_native_0p20_v01,ice,ice,slip_candidate,0.2,1,237,500,263,263,259,249,249,0.22556830862906338,0.22556830862906335,0.22556830862906338,1.578869033448318,0.004554156563813107,0.004554156563813107,0.0045541565638131,0.0045541565638131,0.003987351301214692,1,1,1,calibration_train,128,True,0,False
ice_native_0p20_v01,ice,ice,slip_candidate,0.2,2,501,511,10,10,10,0,0,0.0032315090433763,0.0032315090433763,,,5.2072855438771264e-05,,5.2072855438771264e-05,,,0,1,0,calibration_train,0,False,0,False
ice_native_0p20_v01,ice,ice,slip_candidate,0.2,3,512,521,9,9,9,0,0,0.0025674400052304114,0.0025674400052304114,,,3.7711691308279886e-05,,3.7711691308279886e-05,,,0,1,0,calibration_train,0,False,0,False
ice_native_0p20_v01,ice,ice,slip_candidate,0.2,4,523,529,6,6,6,0,0,0.0014148988435338666,0.0014148988435338666,,,1.2306868902810068e-05,,1.2306868902810068e-05,,,0,1,0,calibration_train,0,False,0,False
ice_native_0p20_v01,ice,ice,slip_candidate,0.2,5,530,537,7,7,7,0,0,0.0019648142229211946,0.0019648142229211946,,,1.9693276507272255e-05,,1.9693276507272255e-05,,,0,1,0,calibration_train,0,False,0,False
ice_native_0p20_v01,ice,ice,slip_candidate,0.2,6,538,541,3,3,2,0,0,0.0007748974946852373,0.0007748974946852373,,,9.980852359657393e-06,,9.980852359657393e-06,,,0,1,0,calibration_train,0,False,0,False
ice_native_0p20_v01,ice,ice,slip_candidate,0.2,7,807,967,160,160,160,150,150,0.046935715358594074,0.046935715358594074,0.046935715358594074,0.8885183072336954,0.008122663948838326,0.008122663948838326,0.008122663948838326,0.008122663948838326,0.007770585900525221,1,1,1,calibration_train,0,False,4,True
ice_native_0p20_v01,ice,ice,slip_candidate,0.2,8,968,994,26,26,26,16,16,0.017388048618065494,0.017388048618065494,0.017388048618065494,0.7967124260793451,0.00019624197395446807,0.00013100889305718132,0.00019624197395446807,0.00013100889305718132,7.88018856478917e-05,0,1,1,calibration_train,0,False,0,False
ice_native_0p20_v01,ice,ice,slip_candidate,0.2,9,995,1024,29,29,29,19,19,0.022175842563693,0.022175842563693,0.022175842563693,0.8357506735736346,0.00012901860611779902,7.851739506966725e-05,0.00012901860611779902,7.851739506966725e-05,3.8774969344498866e-05,0,1,1,calibration_train,0,False,0,False
ice_native_0p20_v01,ice,ice,slip_candidate,0.2,10,1025,1036,11,11,11,1,1,0.007182986028652402,0.007182986028652402,0.007182986028652402,0.6580712971863191,7.114200045899976e-05,1.0355132076779287e-05,7.114200045899976e-05,1.0355132076772348e-05,-3.942109323085141e-06,0,1,1,calibration_train,0,False,0,False
ice_native_0p20_v01,ice,ice,slip_candidate,0.2,11,1037,1057,20,20,20,10,10,0.00972027785785958,0.00972027785785958,0.00972027785785958,0.48393198238689533,0.00015384570266413055,0.00013660747961732455,0.00015384570266413055,0.00013660747961732455,0.00011296925717310669,0,1,1,calibration_train,0,False,0,False
ice_native_0p20_v01,ice,ice,slip_candidate,0.2,12,1058,1069,11,11,11,1,1,0.003442940168245291,0.003442940168245291,0.003442940168245291,0.40949947387918995,7.527779206317319e-05,1.3270028240470848e-05,7.527779206318013e-05,1.3270028240477787e-05,-1.0501515375960224e-05,0,1,1,calibration_train,0,False,0,False
ice_native_0p20_v01,ice,ice,slip_candidate,0.2,13,1070,1078,8,8,8,0,0,0.0028637138628989887,0.0028637138628989887,,,5.181397776111551e-05,,5.181397776111551e-05,,,0,1,0,calibration_train,0,False,0,False
ice_native_0p20_v01,ice,ice,slip_candidate,0.2,14,1079,1084,5,5,5,0,0,0.002365003244701359,0.002365003244701359,,,3.82549362458141e-05,,3.825493624580716e-05,,,0,1,0,calibration_train,0,False,0,False
ice_native_0p20_v01,ice,ice,slip_candidate,0.2,15,1085,1156,71,71,71,61,61,0.03155065208465928,0.03155065208465928,0.03155065208465928,0.7129536312411803,0.004214049760963979,0.004214049760963979,0.004214049760963979,0.004214049760963979,0.004213556663833856,1,1,1,calibration_train,0,False,0,False
ice_native_0p20_v01,ice,ice,slip_candidate,0.2,16,1159,1171,12,12,12,2,2,0.00595640882435659,0.00595640882435659,0.00595640882435659,0.5443685955987325,9.176784078573485e-05,3.294349187142175e-05,9.176784078572791e-05,3.294349187142175e-05,6.806257928385073e-06,0,1,1,calibration_train,0,False,0,False
ice_native_0p20_v01,ice,ice,slip_candidate,0.2,17,1173,1180,7,7,7,0,0,0.003504934050735569,0.003504934050735569,,,3.461683016666838e-05,,3.461683016667532e-05,,,0,1,0,calibration_train,0,False,0,False
ice_native_0p20_v01,ice,ice,slip_candidate,0.2,18,1184,1188,4,4,4,0,0,0.0018160326071108963,0.0018160326071108963,,,1.0559622473991885e-05,,1.0559622473991885e-05,,,0,1,0,calibration_train,0,False,0,False
ice_native_0p20_v01,ice,ice,slip_candidate,0.2,19,1190,1193,3,3,3,0,0,0.0012858100344907383,0.0012858100344907383,,,7.902209861766589e-06,,7.90220986175965e-06,,,0,1,0,calibration_train,0,False,0,False
ice_native_0p20_v01,ice,ice,slip_candidate,0.2,20,1194,1195,1,1,1,0,0,0.0,0.0,,,1.5467457358210243e-06,,1.5467457358210243e-06,,,0,1,0,calibration_train,0,False,0,False
ice_native_0p20_v01,ice,ice,slip_candidate,0.2,21,1196,1199,3,3,3,0,0,0.001386955028272679,0.001386955028272679,,,4.9895170341996906e-06,,4.9895170342066295e-06,,,0,1,0,calibration_train,0,False,0,False
ice_native_0p20_v01,ice,ice,slip_candidate,0.2,22,1200,1201,1,1,0,0,0,0.0,0.0,,,,,,,,0,1,0,calibration_train,0,False,0,False
ice_native_0p20_v01,ice,ice,slip_candidate,0.2,23,1307,1593,286,286,286,276,276,0.016009191246031677,0.01583321845910826,0.016009191246031677,0.19465659222998286,0.002232366596873407,0.002232366596873407,0.002232366596873407,0.002232366596873407,0.0021856023946090625,1,1,1,calibration_train,0,False,0,False
ice_native_0p20_v01,ice,ice,slip_candidate,0.2,24,1594,1713,119,119,118,108,108,0.03258896797412588,0.03258896797412588,0.03258896797412588,0.36872155188307554,7.70887387318937e-05,6.939826040674568e-05,7.70887387318937e-05,6.939826040675261e-05,6.045250567668359e-05,1,1,1,calibration_train,0,False,0,False
ice_native_0p20_v01,ice,ice,slip_candidate,0.2,25,1714,1725,11,11,11,1,1,0.0018219725963823565,0.0018219725963823567,0.0018219725963823565,0.22626353186722614,3.3692498579508505e-05,2.404079741692537e-06,3.3692498579508505e-05,2.404079741699476e-06,-2.263678506142508e-06,0,1,1,calibration_train,0,False,0,False
ice_native_0p20_v01,ice,ice,slip_candidate,0.2,26,1726,1741,15,15,14,4,4,0.002911709438267276,0.002911709438267276,0.0026871473160858623,0.22405391104186126,9.395585236211638e-06,9.395585236211638e-06,9.395585236218577e-06,9.395585236218577e-06,6.6079853922040854e-06,0,1,1,calibration_train,0,False,0,False
ice_native_0p20_v01,ice,ice,slip_candidate,0.2,27,2034,2271,237,237,234,224,224,0.12506547829571987,0.12506547829571987,0.12506547829571987,0.877798171218695,0.00953438881656973,0.00953438881656973,0.00953438881656973,0.00953438881656973,0.007805597823556444,1,1,1,calibration_train,18,True,9,True
ice_native_0p20_v01,ice,ice,slip_candidate,0.2,28,2272,2338,66,66,66,56,56,0.023998220367670135,0.02223324654208176,0.023998220367670135,0.7853666204851522,9.782819076743342e-05,5.627078619005032e-05,9.782819076743342e-05,5.627078619005032e-05,2.152606850840122e-05,1,1,1,calibration_train,0,False,0,False
ice_native_0p20_v01,ice,ice,slip_candidate,0.2,29,2339,2347,8,8,8,0,0,0.0028687836064374794,0.00286878360643748,,,4.747919921227039e-05,,4.747919921227039e-05,,,0,1,0,calibration_train,0,False,0,False
ice_native_0p20_v01,ice,ice,slip_candidate,0.2,30,2349,2359,10,10,10,0,0,0.005226434566106808,0.0052264345661068076,,,1.1920207418548816e-05,,1.1920207418541877e-05,,,0,1,0,calibration_train,0,False,0,False
ice_native_0p20_v01,ice,ice,slip_candidate,0.2,31,2360,2364,4,4,4,0,0,0.002039637947531573,0.002039637947531573,,,1.86830030167685e-05,,1.868300301676156e-05,,,0,1,0,calibration_train,0,False,0,False
ice_native_0p20_v01,ice,ice,slip_candidate,0.2,32,2369,2373,4,4,4,0,0,0.0022672390930532057,0.0022672390930532057,,,1.2270186026809397e-05,,1.2270186026809397e-05,,,0,1,0,calibration_train,0,False,0,False
ice_native_0p20_v01,ice,ice,slip_candidate,0.2,33,2376,2378,2,2,2,0,0,0.0007999329890992694,0.0007999329890992694,,,3.065891622601284e-06,,3.065891622608223e-06,,,0,1,0,calibration_train,0,False,0,False
ice_native_0p20_v01,ice,ice,slip_candidate,0.2,34,2379,2381,2,2,2,0,0,0.0008187932204186852,0.0008187932204186853,,,2.6444047422453584e-06,,2.6444047422453584e-06,,,0,1,0,calibration_train,0,False,0,False
ice_native_0p20_v01,ice,ice,slip_candidate,0.2,35,2389,2401,12,12,12,2,2,0.008813004506047712,0.008813004506047712,0.008813004506047712,0.7949308610627609,0.00014022854469369472,5.641104006453689e-05,0.00014022854469369472,5.6411040064529953e-05,2.9972359878810417e-05,0,1,1,calibration_train,0,False,0,False
ice_native_0p20_v01,ice,ice,slip_candidate,0.2,36,2406,2412,6,6,6,0,0,0.003718688788304487,0.003718688788304487,,,2.730167168292063e-05,,2.730167168292063e-05,,,0,1,0,calibration_train,0,False,0,False
ice_native_0p20_v01,ice,ice,slip_candidate,0.2,37,2415,2419,4,4,4,0,0,0.00215262643348273,0.0021526264334827297,,,1.718646657999489e-05,,1.718646657998795e-05,,,0,1,0,calibration_train,0,False,0,False
ice_native_0p20_v01,ice,ice,slip_candidate,0.2,38,2421,2424,3,3,3,0,0,0.0013964348637723646,0.0013964348637723646,,,6.424383363050172e-06,,6.424383363050172e-06,,,0,1,0,calibration_train,0,False,0,False
ice_native_0p20_v01,ice,ice,slip_candidate,0.2,39,2426,2428,2,2,2,0,0,0.0006807125386950498,0.0006807125386950498,,,3.2347151402807237e-06,,3.2347151402807237e-06,,,0,1,0,calibration_train,0,False,0,False
ice_native_0p20_v01,ice,ice,slip_candidate,0.2,40,2429,2432,3,3,3,0,0,0.0013333458276084487,0.0013333458276084487,,,3.949326678433056e-06,,3.949326678439995e-06,,,0,1,0,calibration_train,0,False,0,False
ice_native_0p20_v01,ice,ice,slip_candidate,0.2,41,2433,2438,5,5,5,0,0,0.002588964304937925,0.002588964304937925,,,1.5169277422839682e-05,,1.5169277422839682e-05,,,0,1,0,calibration_train,0,False,0,False
ice_native_0p20_v01,ice,ice,slip_candidate,0.2,42,2439,2442,3,3,3,0,0,0.0012583198986502744,0.0012583198986502744,,,5.2941549739072766e-06,,5.2941549739072766e-06,,,0,1,0,calibration_train,0,False,0,False
ice_native_0p20_v01,ice,ice,slip_candidate,0.2,43,2444,2447,3,3,3,0,0,0.00123178705380737,0.00123178705380737,,,5.687308332026457e-06,,5.687308332033396e-06,,,0,1,0,calibration_train,0,False,0,False
ice_native_0p20_v01,ice,ice,slip_candidate,0.2,44,2448,2452,4,4,4,0,0,0.0018114847690912702,0.0018114847690912702,,,8.272038157934418e-06,,8.272038157934418e-06,,,0,1,0,calibration_train,0,False,0,False
ice_native_0p20_v01,ice,ice,slip_candidate,0.2,45,2453,2457,4,4,4,0,0,0.0017701374139146488,0.0017701374139146488,,,1.0212326465970471e-05,,1.0212326465970471e-05,,,0,1,0,calibration_train,0,False,0,False
ice_native_0p20_v01,ice,ice,slip_candidate,0.2,46,2459,2462,3,3,3,0,0,0.001153229489620781,0.001153229489620781,,,8.634144338571896e-06,,8.634144338564957e-06,,,0,1,0,calibration_train,0,False,0,False
ice_native_0p20_v01,ice,ice,slip_candidate,0.2,47,2464,2467,3,3,3,0,0,0.001144797438237301,0.0011447974382373007,,,5.073370072698584e-06,,5.073370072698584e-06,,,0,1,0,calibration_train,0,False,0,False
ice_native_0p20_v01,ice,ice,slip_candidate,0.2,48,2468,2471,3,3,3,0,0,0.0011369704443967023,0.0011369704443967023,,,1.0991927180221614e-06,,1.0991927180221614e-06,,,0,1,0,calibration_train,0,False,0,False
ice_native_0p20_v01,ice,ice,slip_candidate,0.2,49,2472,2475,3,3,3,0,0,0.0011279195780509587,0.0011279195780509587,,,2.7858594085173813e-06,,2.7858594085173813e-06,,,0,1,0,calibration_train,0,False,0,False
ice_native_0p20_v01,ice,ice,slip_candidate,0.2,50,2476,2480,4,4,4,0,0,0.00167665077747927,0.00167665077747927,,,7.615568224951345e-06,,7.615568224951345e-06,,,0,1,0,calibration_train,0,False,0,False
ice_native_0p20_v01,ice,ice,slip_candidate,0.2,51,2483,2486,3,3,3,0,0,0.0011113895185927236,0.0011113895185927236,,,4.540300733347873e-06,,4.540300733347873e-06,,,0,1,0,calibration_train,0,False,0,False
ice_native_0p20_v01,ice,ice,slip_candidate,0.2,52,2488,2491,3,3,3,0,0,0.0011083844626426087,0.0011083844626426087,,,7.599398753134305e-06,,7.599398753141244e-06,,,0,1,0,calibration_train,0,False,0,False
ice_native_0p20_v01,ice,ice,slip_candidate,0.2,53,2493,2498,5,5,5,0,0,0.002204212154331606,0.002204212154331606,,,1.3265463879609356e-05,,1.3265463879609356e-05,,,0,1,0,calibration_train,0,False,0,False
ice_native_0p20_v01,ice,ice,slip_candidate,0.2,54,2500,2504,4,4,4,0,0,0.0016456900695894473,0.0016456900695894473,,,1.5284102502367662e-05,,1.52841025023746e-05,,,0,1,0,calibration_train,0,False,0,False
ice_native_0p20_v01,ice,ice,slip_candidate,0.2,55,2508,2512,4,4,4,0,0,0.0016472807137382255,0.0016472807137382255,,,1.0786151784287872e-05,,1.078615178429481e-05,,,0,1,0,calibration_train,0,False,0,False
ice_native_0p20_v01,ice,ice,slip_candidate,0.2,56,2514,2517,3,3,3,0,0,0.0010943065317010016,0.0010943065317010016,,,5.582536634292194e-06,,5.582536634285255e-06,,,0,1,0,calibration_train,0,False,0,False
ice_native_0p20_v01,ice,ice,slip_candidate,0.2,57,2518,2520,2,2,2,0,0,0.000544251802457807,0.000544251802457807,,,3.679515505695778e-06,,3.679515505695778e-06,,,0,1,0,calibration_train,0,False,0,False
ice_native_0p20_v01,ice,ice,slip_candidate,0.2,58,2525,2529,4,4,4,0,0,0.0016446916325735372,0.0016446916325735372,,,7.135500329681459e-06,,7.135500329688398e-06,,,0,1,0,calibration_train,0,False,0,False
ice_native_0p20_v01,ice,ice,slip_candidate,0.2,59,2531,2535,4,4,4,0,0,0.0016402411853494222,0.0016402411853494224,,,8.979334221277495e-06,,8.979334221277495e-06,,,0,1,0,calibration_train,0,False,0,False
ice_native_0p20_v01,ice,ice,slip_candidate,0.2,60,2536,2541,5,5,5,0,0,0.002172392904765384,0.0021723929047653837,,,1.4681597478106816e-05,,1.4681597478113755e-05,,,0,1,0,calibration_train,0,False,0,False
ice_native_0p20_v01,ice,ice,slip_candidate,0.2,61,2543,2547,4,4,4,0,0,0.0016720758910788293,0.0016720758910788293,,,5.238931321312028e-06,,5.238931321305089e-06,,,0,1,0,calibration_train,0,False,0,False
ice_native_0p20_v01,ice,ice,slip_candidate,0.2,62,2548,2558,10,10,10,0,0,0.005173718629972762,0.005173718629972762,,,8.796215002933143e-06,,8.796215002926204e-06,,,0,1,0,calibration_train,0,False,0,False
ice_native_0p20_v01,ice,ice,slip_candidate,0.2,63,2559,2827,268,268,267,257,257,0.026233545320053207,0.025220789152660364,0.026233545320053207,0.38180469816467094,0.0018938814010406547,0.0018938814010406547,0.0018938814010406478,0.0018938814010406478,0.0018918647825077323,1,1,1,calibration_train,0,False,0,False
ice_native_0p20_v01,ice,ice,slip_candidate,0.2,64,2828,2911,83,83,83,73,73,0.02948799874971884,0.02948799874971884,0.02948799874971884,0.6478480668869746,0.0003366477840596972,0.00033293977351991477,0.00033664778405970413,0.00033293977351991477,0.0002603714682075098,1,1,1,calibration_train,0,False,0,False
ice_native_0p20_v01,ice,ice,slip_candidate,0.2,65,2912,2924,12,12,12,2,2,0.005950034156150916,0.005950034156150916,0.005950034156150916,0.6826209863601698,4.887515936996111e-05,2.7979228675349514e-05,4.887515936996805e-05,2.7979228675349514e-05,6.5625070253816364e-06,0,1,1,calibration_train,0,False,0,False
ice_native_0p20_v01,ice,ice,slip_candidate,0.2,66,2926,2930,4,4,4,0,0,0.001806961279574953,0.001806961279574953,,,1.6212252841980683e-05,,1.6212252841980683e-05,,,0,1,0,calibration_train,0,False,0,False
ice_native_0p20_v01,ice,ice,slip_candidate,0.2,67,2931,2933,2,2,2,0,0,0.0006197889708059293,0.0006197889708059293,,,1.075087139824557e-07,,1.075087139824557e-07,,,0,1,0,calibration_train,0,False,0,False
ice_native_0p20_v01,ice,ice,slip_candidate,0.2,68,2934,2937,3,3,3,0,0,0.0012674722850487172,0.0012674722850487172,,,1.0539140340530377e-05,,1.0539140340530377e-05,,,0,1,0,calibration_train,0,False,0,False
ice_native_0p20_v01,ice,ice,slip_candidate,0.2,69,2939,2940,1,1,1,0,0,0.0,0.0,,,4.455575563023888e-06,,4.455575563023888e-06,,,0,1,0,calibration_train,0,False,0,False
sand_solref_interpolation_1of3_0p20_v01,sand,sand_solref_interpolation_1of3,sink_candidate,0.2,0,34,143,109,109,86,76,76,0.003066925034628218,0.003066925034628218,0.002277706183768899,0.1139303013491993,0.007053916708894141,0.007053916708894141,0.007053916708894144,0.007053916708894144,0.006540951922052438,1,1,1,calibration_train,0,False,31,True
sand_solref_interpolation_1of3_0p20_v01,sand,sand_solref_interpolation_1of3,sink_candidate,0.2,1,333,748,415,415,387,377,377,0.022793582071547313,0.018395103569477073,0.022793582071547313,0.4956407760080464,0.007032378801172463,0.007032378801172463,0.007032378801172463,0.007032378801172463,0.006818505817607068,1,1,1,calibration_train,0,False,158,True
sand_solref_interpolation_1of3_0p20_v01,sand,sand_solref_interpolation_1of3,sink_candidate,0.2,2,985,1342,357,357,335,325,325,0.010600860467380171,0.005890868076512608,0.010600860467380171,0.24405301969773557,0.006142639198726009,0.006142639198726009,0.006142639198726002,0.006142639198726002,0.005951290795304542,1,1,1,calibration_train,0,False,38,True
sand_solref_interpolation_1of3_0p20_v01,sand,sand_solref_interpolation_1of3,sink_candidate,0.2,3,1583,1941,358,358,337,327,327,0.01139165403682789,0.006624990711295405,0.01139165403682789,0.2683488323717921,0.006099840547859138,0.006099840547859138,0.006099840547859141,0.006099840547859141,0.005731246364145126,1,1,1,calibration_train,0,False,19,True
sand_solref_interpolation_1of3_0p20_v01,sand,sand_solref_interpolation_1of3,sink_candidate,0.2,4,2182,2539,357,357,338,328,328,0.011810873066329466,0.0073983960595940205,0.011810873066329466,0.29164873956072357,0.006173351476238371,0.006173351476238371,0.006173351476238378,0.006173351476238378,0.006116343164079122,1,1,1,calibration_train,0,False,146,True
sand_solref_interpolation_1of3_0p20_v01,sand,sand_solref_interpolation_1of3,sink_candidate,0.2,5,2782,3000,218,218,218,208,208,0.009748688020488921,0.009748688020488921,0.009748688020488921,0.2929273652553562,0.006186610144778166,0.006186610144778166,0.0061866101447781595,0.0061866101447781595,0.006163692830732578,1,1,1,calibration_train,0,False,135,True
sand_solref_interpolation_2of3_0p20_v01,sand,sand_solref_interpolation_2of3,sink_candidate,0.2,0,34,159,125,125,86,76,76,0.005056549318491457,0.005056549318491457,0.0028669274189115066,0.09468678967205177,0.010075535613682223,0.010075535613682223,0.010075535613682227,0.010075535613682227,0.009558504917709251,1,1,1,calibration_train,0,False,55,True
sand_solref_interpolation_2of3_0p20_v01,sand,sand_solref_interpolation_2of3,sink_candidate,0.2,1,330,761,431,431,397,387,387,0.026823458755583656,0.02111247002257908,0.026823458755583656,0.6128030215484547,0.00985719147569548,0.00985719147569548,0.009857191475695484,0.009857191475695484,0.009850095763903763,1,1,1,calibration_train,0,False,357,True
sand_solref_interpolation_2of3_0p20_v01,sand,sand_solref_interpolation_2of3,sink_candidate,0.2,2,981,1350,369,369,339,329,329,0.012482264653335157,0.0063243712865173685,0.012482264653335157,0.3283370496561906,0.008543826874591955,0.008543826874591955,0.008543826874591948,0.008543826874591948,0.008484376033690427,1,1,1,calibration_train,0,False,294,True
sand_solref_interpolation_2of3_0p20_v01,sand,sand_solref_interpolation_2of3,sink_candidate,0.2,3,1580,1949,369,369,340,330,330,0.01351893092909143,0.007567228331639623,0.01351893092909143,0.3644216644868016,0.008584631005635942,0.008584631005635942,0.008584631005635942,0.008584631005635942,0.008305858754096201,1,1,1,calibration_train,0,False,294,True
sand_solref_interpolation_2of3_0p20_v01,sand,sand_solref_interpolation_2of3,sink_candidate,0.2,4,2180,2548,368,368,340,330,330,0.013697949751721275,0.007980767966906088,0.013697949751721275,0.37207219530536745,0.008632036132637657,0.008632036132637657,0.00863203613263766,0.00863203613263766,0.008373164249633719,1,1,1,calibration_train,0,False,294,True
sand_solref_interpolation_2of3_0p20_v01,sand,sand_solref_interpolation_2of3,sink_candidate,0.2,5,2780,3000,220,220,220,210,210,0.012335860274944505,0.012335860274944505,0.012335860274944505,0.379492552762272,0.008689539680166222,0.008689539680166222,0.008689539680166218,0.008689539680166218,0.008500236524235233,1,1,1,calibration_train,0,False,175,True
marble_native_0p10_v02,marble,marble,hard_negative,0.1,0,138,514,376,376,376,366,366,0.013075615469198958,0.01260703071573298,0.013075615469198958,0.48580062112439926,0.0034457718781475645,0.0034457718781475645,0.0034457718781475645,0.0034457718781475645,0.003424406884003167,1,1,1,calibration_validation,0,False,0,False
marble_native_0p10_v02,marble,marble,hard_negative,0.1,1,515,520,5,5,5,0,0,0.0003453065625051156,0.00034530656250511554,,,6.91840216808081e-06,,6.91840216808081e-06,,,0,1,0,calibration_validation,0,False,0,False
marble_native_0p10_v02,marble,marble,hard_negative,0.1,2,797,1124,327,327,324,314,314,0.004602736986199652,0.004032182166838607,0.004602736986199652,0.24643994046991996,0.0026588446836262143,0.0026588446836262143,0.002658844683626211,0.002658844683626211,0.0024829704764572497,1,1,1,calibration_validation,0,False,0,False
marble_native_0p10_v02,marble,marble,hard_negative,0.1,3,1388,1723,335,335,332,322,322,0.004177405466994379,0.0037690726735254976,0.004177405466994379,0.20135495803090334,0.002454949817005776,0.002454949817005776,0.002454949817005776,0.002454949817005776,0.0022096186404545054,1,1,1,calibration_validation,0,False,0,False
marble_native_0p10_v02,marble,marble,hard_negative,0.1,4,1991,2322,331,331,329,319,319,0.005065154877132432,0.0045292466629066495,0.005065154877132432,0.25098826548805253,0.002497394478659247,0.002497394478659247,0.0024973944786592433,0.0024973944786592433,0.002332641634573182,1,1,1,calibration_validation,0,False,0,False
marble_native_0p10_v02,marble,marble,hard_negative,0.1,5,2589,2922,333,333,331,321,321,0.004870776327944271,0.004354616655723552,0.004870776327944271,0.23816040550263973,0.00262972179967839,0.00262972179967839,0.0026297217996783867,0.0026297217996783867,0.0023268793796199644,1,1,1,calibration_validation,0,False,0,False
concrete_native_0p10_v02,concrete,concrete,hard_negative,0.1,0,140,525,385,385,380,370,370,0.010835446091143812,0.009540008345443168,0.010835446091143812,0.40761374846208986,0.0037149198664052597,0.0037149198664052597,0.003714919866405253,0.003714919866405253,0.0036179759507021514,1,1,1,calibration_validation,0,False,0,False
concrete_native_0p10_v02,concrete,concrete,hard_negative,0.1,1,799,1138,339,339,339,329,329,0.0011447325266577292,0.000528185606666849,0.0011447325266577292,0.06092103039980609,0.0025434806869103306,0.0025434806869103306,0.0025434806869103306,0.0025434806869103306,0.0022425130355130662,1,1,1,calibration_validation,0,False,0,False
concrete_native_0p10_v02,concrete,concrete,hard_negative,0.1,2,1394,1732,338,338,338,328,328,0.001227789473543562,0.0008805234794278943,0.001227789473543562,0.07953306563889825,0.002439870991821645,0.002439870991821645,0.002439870991821645,0.002439870991821645,0.002081791714232492,1,1,1,calibration_validation,0,False,0,False
concrete_native_0p10_v02,concrete,concrete,hard_negative,0.1,3,1997,2329,332,332,331,321,321,0.0016261884348101037,0.0004934596378293391,0.0016261884348101037,0.0969437939768211,0.002403679412964789,0.002403679412964789,0.0024036794129647958,0.0024036794129647958,0.002383225806972311,1,1,1,calibration_validation,0,False,0,False
concrete_native_0p10_v02,concrete,concrete,hard_negative,0.1,4,2595,2930,335,335,335,325,325,0.0014595175261082742,0.00031317568527114436,0.0014595175261082742,0.09658723774618767,0.002511573169091573,0.002511573169091573,0.002511573169091573,0.002511573169091573,0.0021602151996524127,1,1,1,calibration_validation,0,False,0,False
sand_hardened_0p10_v02,sand,sand_walking_support_v1_hardened,hard_negative,0.1,0,117,128,11,11,11,1,1,0.004963641805245121,0.004963641805245121,0.004963641805245121,0.4299596256758439,0.00012548692819646778,9.089020355369619e-06,0.00012548692819646778,9.089020355376558e-06,-2.2595153643722998e-05,0,1,1,calibration_validation,0,False,0,False
sand_hardened_0p10_v02,sand,sand_walking_support_v1_hardened,hard_negative,0.1,1,131,138,7,7,7,0,0,0.002460079328901323,0.002460079328901323,,,4.99759599202022e-05,,4.997595992019526e-05,,,0,1,0,calibration_validation,0,False,0,False
sand_hardened_0p10_v02,sand,sand_walking_support_v1_hardened,hard_negative,0.1,2,140,528,388,388,380,370,370,0.011862696617962038,0.009385761107773368,0.011862696617962038,0.2706026579894517,0.0031797205530609924,0.0031797205530609924,0.0031797205530609924,0.0031797205530609924,0.0031567422512919635,1,1,1,calibration_validation,0,False,0,False
sand_hardened_0p10_v02,sand,sand_walking_support_v1_hardened,hard_negative,0.1,3,796,1139,343,343,324,314,314,0.00754450603578096,0.005259415838806551,0.00754450603578096,0.11877831979840393,0.00346571127437235,0.00346571127437235,0.00346571127437235,0.00346571127437235,0.0032211256630451934,1,1,1,calibration_validation,0,False,0,False
sand_hardened_0p10_v02,sand,sand_walking_support_v1_hardened,hard_negative,0.1,4,1382,1735,353,353,338,328,328,0.007725711492211574,0.004787400046168555,0.007725711492211574,0.1027993468754957,0.0031607307457797535,0.0031607307457797535,0.0031607307457797535,0.0031607307457797535,0.0030786003177050436,1,1,1,calibration_validation,0,False,0,False
sand_hardened_0p10_v02,sand,sand_walking_support_v1_hardened,hard_negative,0.1,5,1984,2334,350,350,336,326,326,0.00827933082096743,0.005225010991931207,0.00827933082096743,0.1225689288751874,0.003305052722568767,0.003305052722568767,0.003305052722568767,0.003305052722568767,0.003221317105730717,1,1,1,calibration_validation,0,False,0,False
sand_hardened_0p10_v02,sand,sand_walking_support_v1_hardened,hard_negative,0.1,6,2584,2935,351,351,336,326,326,0.00796210288585465,0.004890385870595508,0.00796210288585465,0.10449890564175272,0.0033146054126084136,0.0033146054126084136,0.0033146054126084136,0.0033146054126084136,0.0028432281018819366,1,1,1,calibration_validation,0,False,0,False
ice_native_0p10_v02,ice,ice,slip_candidate,0.1,0,77,172,95,95,95,85,85,0.072118665729633,0.072118665729633,0.072118665729633,1.44059785254348,0.0038466317617787084,0.0038466317617787084,0.0038466317617787014,0.0038466317617787014,0.0038420132185742195,1,1,1,calibration_validation,0,False,0,False
ice_native_0p10_v02,ice,ice,slip_candidate,0.1,1,173,223,50,50,50,40,40,0.06279979877484214,0.06279979877484214,0.06279979877484214,1.419676381018112,0.0003474499099310009,0.0003474499099310009,0.00034744990993100435,0.00034744990993100435,0.00033941268027813665,1,1,1,calibration_validation,0,False,0,False
ice_native_0p10_v02,ice,ice,slip_candidate,0.1,2,224,236,12,12,12,2,2,0.01083053053962521,0.01083053053962521,0.01083053053962521,1.0000712269047174,0.00018280414206282413,7.179740599958916e-05,0.00018280414206282413,7.179740599958916e-05,1.3056795332380688e-05,0,1,1,calibration_validation,0,False,0,False
ice_native_0p10_v02,ice,ice,slip_candidate,0.1,3,237,296,59,59,59,49,49,0.05520581097755724,0.05520581097755723,0.05520581097755724,1.1769794580880182,0.0005954106450100872,0.0005954106450100872,0.0005954106450100942,0.0005954106450100942,0.0005223320539139986,1,1,1,calibration_validation,0,False,0,False
ice_native_0p10_v02,ice,ice,slip_candidate,0.1,4,297,305,8,8,8,0,0,0.00792476698479607,0.00792476698479607,,,0.00010787809314943397,,0.0001078780931494409,,,0,1,0,calibration_validation,0,False,0,False
ice_native_0p10_v02,ice,ice,slip_candidate,0.1,5,306,346,40,40,40,30,30,0.037870173701814724,0.037870173701814724,0.037870173701814724,1.1626100721763626,9.732424013161444e-05,9.732424013161444e-05,9.732424013161444e-05,9.732424013161444e-05,9.550870662428101e-05,1,1,1,calibration_validation,0,False,0,False
ice_native_0p10_v02,ice,ice,slip_candidate,0.1,6,347,367,20,20,20,10,10,0.008615751356130949,0.008615751356130949,0.008615751356130949,0.4878650856481054,0.00018252243802436684,0.00016373970133578674,0.00018252243802436684,0.0001637397013357798,0.00011378870872116864,0,1,1,calibration_validation,0,False,0,False
ice_native_0p10_v02,ice,ice,slip_candidate,0.1,7,368,380,12,12,12,2,2,0.0029605845340629788,0.0029605845340629788,0.0029605845340629788,0.2724737544428488,4.9247112719498325e-05,1.7820423072727014e-05,4.9247112719505264e-05,1.7820423072727014e-05,7.131035502427885e-06,0,1,1,calibration_validation,0,False,0,False
ice_native_0p10_v02,ice,ice,slip_candidate,0.1,8,381,393,12,12,12,2,2,0.002554031499599057,0.002554031499599057,0.002554031499599057,0.2579452457366933,5.6522010363403534e-05,2.264396735540252e-05,5.6522010363396595e-05,2.264396735540946e-05,1.438548359546099e-05,0,1,1,calibration_validation,0,False,0,False
ice_native_0p10_v02,ice,ice,slip_candidate,0.1,9,394,401,7,7,6,0,0,0.002037943921515546,0.002037943921515546,,,2.612968723928865e-05,,2.612968723928865e-05,,,0,1,0,calibration_validation,0,False,0,False
ice_native_0p10_v02,ice,ice,slip_candidate,0.1,10,505,890,385,385,384,374,374,0.036652572434946476,0.016515662779910498,0.036652572434946476,0.8330539607668362,0.001704992049707625,0.001704992049707625,0.001704992049707625,0.001704992049707625,0.0016914340480245899,1,1,1,calibration_validation,0,False,0,False
ice_native_0p10_v02,ice,ice,slip_candidate,0.1,11,891,907,16,16,16,6,6,0.006910200989423293,0.0069102009894232925,0.006910200989423293,0.5100647739776526,4.307911334044522e-05,4.307911334044522e-05,4.3079113340438284e-05,4.3079113340438284e-05,2.5363975524828053e-05,0,1,1,calibration_validation,0,False,0,False
ice_native_0p10_v02,ice,ice,slip_candidate,0.1,12,908,917,9,9,9,0,0,0.0032603574987723695,0.0032603574987723695,,,5.675802784998584e-05,,5.675802784998584e-05,,,0,1,0,calibration_validation,0,False,0,False
ice_native_0p10_v02,ice,ice,slip_candidate,0.1,13,918,928,10,10,10,0,0,0.003142636402734427,0.003142636402734427,,,5.663158131421608e-05,,5.663158131421608e-05,,,0,1,0,calibration_validation,0,False,0,False
ice_native_0p10_v02,ice,ice,slip_candidate,0.1,14,929,939,10,10,10,0,0,0.002593864881171319,0.002593864881171319,,,4.057102542817225e-05,,4.057102542816531e-05,,,0,1,0,calibration_validation,0,False,0,False
ice_native_0p10_v02,ice,ice,slip_candidate,0.1,15,940,951,11,11,11,1,1,0.003243875684113161,0.003243875684113161,0.003243875684113161,0.40529541508717504,5.285582998115334e-05,6.288436456792709e-07,5.28558299811464e-05,6.288436456792709e-07,-1.9404057456637314e-05,0,1,1,calibration_validation,0,False,0,False
ice_native_0p10_v02,ice,ice,slip_candidate,0.1,16,952,960,8,8,8,0,0,0.0028655726290704136,0.0028655726290704136,,,2.4902702981162254e-05,,2.4902702981155315e-05,,,0,1,0,calibration_validation,0,False,0,False
ice_native_0p10_v02,ice,ice,slip_candidate,0.1,17,1247,1504,257,257,256,246,246,0.12675882401600455,0.12650483334907048,0.12675882401600455,1.1470835903963998,0.010080248613489797,0.010080248613489797,0.010080248613489804,0.010080248613489804,0.009560032147645767,1,1,1,calibration_validation,127,True,6,True
ice_native_0p10_v02,ice,ice,slip_candidate,0.1,18,1505,1575,70,70,70,60,60,0.022081564816069703,0.022081564816069703,0.022081564816069703,0.5426642365680365,0.00033849005128011155,0.00033849005128011155,0.00033849005128011155,0.00033849005128011155,0.000271984796818614,1,1,1,calibration_validation,0,False,0,False
ice_native_0p10_v02,ice,ice,slip_candidate,0.1,19,1576,1580,4,4,4,0,0,0.0017410257733621393,0.0017410257733621393,,,9.970032636859132e-06,,9.97003263686607e-06,,,0,1,0,calibration_validation,0,False,0,False
ice_native_0p10_v02,ice,ice,slip_candidate,0.1,20,1581,1584,3,3,3,0,0,0.001206669143903216,0.001206669143903216,,,9.09198440673508e-06,,9.09198440673508e-06,,,0,1,0,calibration_validation,0,False,0,False
ice_native_0p10_v02,ice,ice,slip_candidate,0.1,21,1585,1589,4,4,4,0,0,0.0018700422719776756,0.0018700422719776756,,,9.16334148295516e-06,,9.1633414829621e-06,,,0,1,0,calibration_validation,0,False,0,False
ice_native_0p10_v02,ice,ice,slip_candidate,0.1,22,1590,1594,4,4,4,0,0,0.0019302501090286178,0.0019302501090286178,,,1.1884984643088618e-05,,1.1884984643088618e-05,,,0,1,0,calibration_validation,0,False,0,False
ice_native_0p10_v02,ice,ice,slip_candidate,0.1,23,1595,1598,3,3,3,0,0,0.0013200197229028842,0.0013200197229028842,,,7.52231804218139e-06,,7.52231804218139e-06,,,0,1,0,calibration_validation,0,False,0,False
ice_native_0p10_v02,ice,ice,slip_candidate,0.1,24,1599,1603,4,4,4,0,0,0.002019495518853967,0.002019495518853967,,,1.3292819657044312e-05,,1.3292819657044312e-05,,,0,1,0,calibration_validation,0,False,0,False
ice_native_0p10_v02,ice,ice,slip_candidate,0.1,25,1607,1610,3,3,3,0,0,0.001354967042554192,0.001354967042554192,,,7.75929276606701e-06,,7.75929276606701e-06,,,0,1,0,calibration_validation,0,False,0,False
ice_native_0p10_v02,ice,ice,slip_candidate,0.1,26,1612,1614,2,2,2,0,0,0.0006774561585364161,0.000677456158536416,,,3.3671886268916637e-06,,3.3671886268916637e-06,,,0,1,0,calibration_validation,0,False,0,False
ice_native_0p10_v02,ice,ice,slip_candidate,0.1,27,1615,1617,2,2,2,0,0,0.000676626314275346,0.000676626314275346,,,1.0922763657951126e-06,,1.0922763658020515e-06,,,0,1,0,calibration_validation,0,False,0,False
ice_native_0p10_v02,ice,ice,slip_candidate,0.1,28,1618,1619,1,1,1,0,0,0.0,0.0,,,2.0815613530717966e-06,,2.0815613530717966e-06,,,0,1,0,calibration_validation,0,False,0,False
ice_native_0p10_v02,ice,ice,slip_candidate,0.1,29,1620,1621,1,1,0,0,0,0.0,0.0,,,,,,,,0,1,0,calibration_validation,0,False,0,False
ice_native_0p10_v02,ice,ice,slip_candidate,0.1,30,1630,1633,3,3,3,0,0,0.001311676006473295,0.001311676006473295,,,8.374169435605532e-06,,8.37416943561247e-06,,,0,1,0,calibration_validation,0,False,0,False
ice_native_0p10_v02,ice,ice,slip_candidate,0.1,31,1635,1638,3,3,3,0,0,0.0012826701123387285,0.0012826701123387285,,,5.7952168472331575e-06,,5.7952168472331575e-06,,,0,1,0,calibration_validation,0,False,0,False
ice_native_0p10_v02,ice,ice,slip_candidate,0.1,32,1639,1641,2,2,2,0,0,0.0006328947092939693,0.0006328947092939693,,,2.8823420760671833e-06,,2.8823420760671833e-06,,,0,1,0,calibration_validation,0,False,0,False
ice_native_0p10_v02,ice,ice,slip_candidate,0.1,33,1646,1648,2,2,2,0,0,0.0006361159804407836,0.0006361159804407836,,,6.648390797207686e-06,,6.648390797207686e-06,,,0,1,0,calibration_validation,0,False,0,False
ice_native_0p10_v02,ice,ice,slip_candidate,0.1,34,1650,1652,2,2,2,0,0,0.0006299797378232411,0.0006299797378232411,,,2.1982523460651812e-06,,2.1982523460582423e-06,,,0,1,0,calibration_validation,0,False,0,False
ice_native_0p10_v02,ice,ice,slip_candidate,0.1,35,1654,1656,2,2,2,0,0,0.0006209306918084635,0.0006209306918084635,,,2.0991851059038932e-06,,2.0991851058969543e-06,,,0,1,0,calibration_validation,0,False,0,False
ice_native_0p10_v02,ice,ice,slip_candidate,0.1,36,1657,1660,3,3,3,0,0,0.0012262152074153868,0.0012262152074153868,,,8.583963562759471e-06,,8.583963562752532e-06,,,0,1,0,calibration_validation,0,False,0,False
ice_native_0p10_v02,ice,ice,slip_candidate,0.1,37,1666,1669,3,3,3,0,0,0.0012674394717091652,0.0012674394717091652,,,5.798275057279471e-06,,5.79827505728641e-06,,,0,1,0,calibration_validation,0,False,0,False
ice_native_0p10_v02,ice,ice,slip_candidate,0.1,38,1671,1673,2,2,2,0,0,0.0006331628324914939,0.0006331628324914939,,,4.826391561014824e-06,,4.826391561014824e-06,,,0,1,0,calibration_validation,0,False,0,False
ice_native_0p10_v02,ice,ice,slip_candidate,0.1,39,1675,1676,1,1,1,0,0,0.0,0.0,,,2.291887848833267e-06,,2.291887848833267e-06,,,0,1,0,calibration_validation,0,False,0,False
ice_native_0p10_v02,ice,ice,slip_candidate,0.1,40,1677,1679,2,2,2,0,0,0.000625626901731804,0.000625626901731804,,,3.671185718990763e-07,,3.671185718990763e-07,,,0,1,0,calibration_validation,0,False,0,False
ice_native_0p10_v02,ice,ice,slip_candidate,0.1,41,1680,1682,2,2,1,0,0,0.000632832307586378,0.000632832307586378,,,4.729522808622974e-07,,4.729522808622974e-07,,,0,1,0,calibration_validation,0,False,0,False
ice_native_0p10_v02,ice,ice,slip_candidate,0.1,42,1689,1692,3,3,3,0,0,0.0013437715361457917,0.0013437715361457917,,,4.40458890634942e-06,,4.40458890634942e-06,,,0,1,0,calibration_validation,0,False,0,False
ice_native_0p10_v02,ice,ice,slip_candidate,0.1,43,1695,1697,2,2,2,0,0,0.0006730791254656741,0.0006730791254656741,,,4.655881743888084e-06,,4.655881743888084e-06,,,0,1,0,calibration_validation,0,False,0,False
ice_native_0p10_v02,ice,ice,slip_candidate,0.1,44,1699,1701,2,2,1,0,0,0.0006724172284620325,0.0006724172284620324,,,1.4496126566022546e-06,,1.4496126565953157e-06,,,0,1,0,calibration_validation,0,False,0,False
ice_native_0p10_v02,ice,ice,slip_candidate,0.1,45,1772,1784,12,12,12,2,2,0.00890486484702063,0.00890486484702063,0.00890486484702063,0.9245210262992889,0.0001440058027249681,5.905073609671196e-05,0.00014400580272496116,5.9050736096718896e-05,5.301596661513863e-05,0,1,1,calibration_validation,0,False,0,False
ice_native_0p10_v02,ice,ice,slip_candidate,0.1,46,1786,1791,5,5,5,0,0,0.003976522036911684,0.003976522036911684,,,4.689331927609352e-05,,4.689331927610046e-05,,,0,1,0,calibration_validation,0,False,0,False
ice_native_0p10_v02,ice,ice,slip_candidate,0.1,47,1793,2043,250,250,249,239,239,0.0697634385320086,0.0697634385320086,0.0697634385320086,0.725110556659141,0.008189872120118066,0.008189872120118066,0.008189872120118066,0.008189872120118066,0.008166475459520928,1,1,1,calibration_validation,0,False,4,True
ice_native_0p10_v02,ice,ice,slip_candidate,0.1,48,2044,2077,33,33,33,23,23,0.005991613511157525,0.005991613511157525,0.005991613511157525,0.2824899450517892,0.0004670244786133355,0.0004670244786133355,0.0004670244786133355,0.0004670244786133355,0.0003727807107265363,1,1,1,calibration_validation,0,False,0,False
ice_native_0p10_v02,ice,ice,slip_candidate,0.1,49,2078,2100,22,22,22,12,12,0.004908371400546883,0.004908371400546883,0.004908371400546883,0.3322027648155221,0.00027517066250054133,0.0002624369165982422,0.0002751706625005344,0.00026243691659823525,0.0001941663075902822,0,1,1,calibration_validation,0,False,0,False
ice_native_0p10_v02,ice,ice,slip_candidate,0.1,50,2101,2120,19,19,19,9,9,0.006753899681363811,0.0067538996813638116,0.006753899681363811,0.5251840747997624,7.17623460693385e-05,7.17623460693385e-05,7.176234606934544e-05,7.176234606934544e-05,5.8444717992309214e-05,0,1,1,calibration_validation,0,False,0,False
ice_native_0p10_v02,ice,ice,slip_candidate,0.1,51,2121,2127,6,6,6,0,0,0.002659025312610721,0.0026590253126107205,,,1.9457412443866888e-05,,1.9457412443866888e-05,,,0,1,0,calibration_validation,0,False,0,False
ice_native_0p10_v02,ice,ice,slip_candidate,0.1,52,2128,2134,6,6,6,0,0,0.0031556381102698476,0.0031556381102698476,,,3.987699885619599e-05,,3.987699885619599e-05,,,0,1,0,calibration_validation,0,False,0,False
ice_native_0p10_v02,ice,ice,slip_candidate,0.1,53,2135,2140,5,5,5,0,0,0.002859195684119224,0.002859195684119224,,,1.1403516247228233e-05,,1.1403516247228233e-05,,,0,1,0,calibration_validation,0,False,0,False
ice_native_0p10_v02,ice,ice,slip_candidate,0.1,54,2435,2601,166,166,164,154,154,0.09948489698452372,0.09948489698452372,0.09948489698452372,0.8302611309501142,0.011470063898118537,0.011470063898118537,0.011470063898118533,0.011470063898118533,0.010769054356215155,1,1,1,calibration_validation,2,True,20,True
ice_native_0p10_v02,ice,ice,slip_candidate,0.1,55,2602,2610,8,8,8,0,0,0.006562668681949665,0.006562668681949665,,,6.993523203457485e-05,,6.993523203456791e-05,,,0,1,0,calibration_validation,0,False,0,False
ice_native_0p10_v02,ice,ice,slip_candidate,0.1,56,2611,2624,13,13,13,3,3,0.013350265817566893,0.013350265817566891,0.013350265817566893,1.2023214525095183,5.20654631320323e-05,3.905815102043641e-05,5.20654631320323e-05,3.905815102043641e-05,1.6829049474101354e-05,0,1,1,calibration_validation,0,False,0,False
ice_native_0p10_v02,ice,ice,slip_candidate,0.1,57,2625,2629,4,4,4,0,0,0.0037091742956173726,0.0037091742956173726,,,2.472105851096095e-05,,2.472105851096095e-05,,,0,1,0,calibration_validation,0,False,0,False
ice_native_0p10_v02,ice,ice,slip_candidate,0.1,58,2630,2634,4,4,4,0,0,0.003919198986108592,0.003919198986108592,,,3.302247823928472e-05,,3.302247823928472e-05,,,0,1,0,calibration_validation,0,False,0,False
ice_native_0p10_v02,ice,ice,slip_candidate,0.1,59,2635,2638,3,3,3,0,0,0.0027426086361458817,0.0027426086361458817,,,2.288943481526095e-05,,2.288943481525401e-05,,,0,1,0,calibration_validation,0,False,0,False
ice_native_0p10_v02,ice,ice,slip_candidate,0.1,60,2639,2642,3,3,3,0,0,0.0028381691111437736,0.0028381691111437736,,,1.8132362411100826e-05,,1.8132362411100826e-05,,,0,1,0,calibration_validation,0,False,0,False
ice_native_0p10_v02,ice,ice,slip_candidate,0.1,61,2643,2649,6,6,6,0,0,0.0072156048444905795,0.0072156048444905795,,,6.489845841758501e-05,,6.489845841758501e-05,,,0,1,0,calibration_validation,0,False,0,False
ice_native_0p10_v02,ice,ice,slip_candidate,0.1,62,2650,2653,3,3,3,0,0,0.002958457922801266,0.002958457922801266,,,1.353113936502625e-05,,1.3531139365019311e-05,,,0,1,0,calibration_validation,0,False,0,False
ice_native_0p10_v02,ice,ice,slip_candidate,0.1,63,2654,2658,4,4,4,0,0,0.004529077873443504,0.004529077873443504,,,3.200499789591648e-05,,3.200499789591648e-05,,,0,1,0,calibration_validation,0,False,0,False
ice_native_0p10_v02,ice,ice,slip_candidate,0.1,64,2660,2665,5,5,5,0,0,0.005936053351479417,0.005936053351479417,,,4.9396585061862834e-05,,4.9396585061862834e-05,,,0,1,0,calibration_validation,0,False,0,False
ice_native_0p10_v02,ice,ice,slip_candidate,0.1,65,2667,2671,4,4,4,0,0,0.004233465798710158,0.004233465798710158,,,1.9864415130322992e-05,,1.9864415130322992e-05,,,0,1,0,calibration_validation,0,False,0,False
ice_native_0p10_v02,ice,ice,slip_candidate,0.1,66,2673,2676,3,3,3,0,0,0.002759638483823979,0.002759638483823979,,,1.887490629613308e-05,,1.887490629613308e-05,,,0,1,0,calibration_validation,0,False,0,False
ice_native_0p10_v02,ice,ice,slip_candidate,0.1,67,2678,2680,2,2,2,0,0,0.0013696160545526542,0.0013696160545526542,,,9.453565203483387e-06,,9.453565203483387e-06,,,0,1,0,calibration_validation,0,False,0,False
ice_native_0p10_v02,ice,ice,slip_candidate,0.1,68,2699,2701,2,2,1,0,0,0.0011128849722922844,0.0011128849722922844,,,6.137116780306588e-06,,6.137116780306588e-06,,,0,1,0,calibration_validation,0,False,0,False
ice_native_0p10_v02,ice,ice,slip_candidate,0.1,69,2971,3000,29,29,29,19,19,0.03472020903624603,0.03472020903624603,0.03472020903624603,1.1966646247094517,0.0034858141307834807,0.0034858141307834807,0.0034858141307834807,0.0034858141307834807,0.0032015747565510566,0,1,1,calibration_validation,0,False,0,False
sand_solref_interpolation_1of3_0p10_v02,sand,sand_solref_interpolation_1of3,sink_candidate,0.1,0,79,535,456,456,441,431,431,0.01547281328318472,0.011690004454670453,0.01547281328318472,0.20575370204715476,0.005623480745731944,0.005623480745731944,0.005623480745731948,0.005623480745731948,0.005494742977196973,1,1,1,calibration_validation,0,False,0,False
sand_solref_interpolation_1of3_0p10_v02,sand,sand_solref_interpolation_1of3,sink_candidate,0.1,1,794,1153,359,359,326,316,316,0.008856361983999183,0.0046092569120329725,0.008856361983999183,0.20397450963996044,0.006261475536078971,0.006261475536078971,0.006261475536078971,0.006261475536078971,0.006034531957874428,1,1,1,calibration_validation,0,False,197,True
sand_solref_interpolation_1of3_0p10_v02,sand,sand_solref_interpolation_1of3,sink_candidate,0.1,2,1376,1749,373,373,344,334,334,0.00978930858096913,0.004185697308590213,0.00978930858096913,0.17744795153277865,0.005886153240787585,0.005886153240787585,0.005886153240787578,0.005886153240787578,0.0056607259378927965,1,1,1,calibration_validation,0,False,11,True
sand_solref_interpolation_1of3_0p10_v02,sand,sand_solref_interpolation_1of3,sink_candidate,0.1,3,1979,2347,368,368,341,331,331,0.010617188858708321,0.004878463236709016,0.010617188858708321,0.22444441436635057,0.006067678250052578,0.006067678250052578,0.006067678250052575,0.006067678250052575,0.006053937709824361,1,1,1,calibration_validation,0,False,203,True
sand_solref_interpolation_1of3_0p10_v02,sand,sand_solref_interpolation_1of3,sink_candidate,0.1,4,2579,2947,368,368,341,331,331,0.01028961863956763,0.004723463159523757,0.01028961863956763,0.20881552261377262,0.006096454848852291,0.006096454848852291,0.006096454848852287,0.006096454848852287,0.00586223408692127,1,1,1,calibration_validation,0,False,26,True
sand_solref_interpolation_2of3_0p10_v02,sand,sand_solref_interpolation_2of3,sink_candidate,0.1,0,65,540,475,475,455,445,445,0.005606583540468043,0.0026376197381045427,0.005606583540468043,0.19459738525898698,0.007959251569618932,0.007959251569618932,0.007959251569618925,0.007959251569618925,0.007905109410412517,1,1,1,calibration_validation,0,False,330,True
sand_solref_interpolation_2of3_0p10_v02,sand,sand_solref_interpolation_2of3,sink_candidate,0.1,1,792,1165,373,373,329,319,319,0.00922301175477636,0.0019989194251235167,0.00922301175477636,0.26996529609493225,0.008759805179501003,0.008759805179501003,0.00875980517950101,0.00875980517950101,0.008704446825085324,1,1,1,calibration_validation,0,False,275,True
sand_solref_interpolation_2of3_0p10_v02,sand,sand_solref_interpolation_2of3,sink_candidate,0.1,2,1373,1759,386,386,347,337,337,0.009839385571606659,0.002215595309060975,0.009839385571606659,0.22078590485140134,0.008135299250196983,0.008135299250196983,0.008135299250196987,0.008135299250196987,0.0078066323739899865,1,1,1,calibration_validation,0,False,305,True
sand_solref_interpolation_2of3_0p10_v02,sand,sand_solref_interpolation_2of3,sink_candidate,0.1,3,1977,2356,379,379,343,333,333,0.011187043954137716,0.0033648617344848794,0.011187043954137716,0.2792952054530636,0.008436885800930324,0.008436885800930324,0.008436885800930327,0.008436885800930327,0.008053965788836409,1,1,1,calibration_validation,0,False,296,True
sand_solref_interpolation_2of3_0p10_v02,sand,sand_solref_interpolation_2of3,sink_candidate,0.1,4,2576,2957,381,381,344,334,334,0.011177115754202641,0.003159652112668847,0.011177115754202641,0.2820264104747987,0.008456370147735422,0.008456370147735422,0.008456370147735415,0.008456370147735415,0.00842059962001615,1,1,1,calibration_validation,0,False,300,True
marble_native_0p15_v02,marble,marble,hard_negative,0.15,0,139,508,369,369,369,359,359,0.012961030066666117,0.012739403368910903,0.012961030066666117,0.48195784855062085,0.003284015680843573,0.003284015680843573,0.003284015680843573,0.003284015680843573,0.0031674901816530765,1,1,1,calibration_validation,0,False,0,False
marble_native_0p15_v02,marble,marble,hard_negative,0.15,1,511,513,2,2,2,0,0,0.00010569029630876287,0.00010569029630876286,,,7.718322833178901e-07,,7.718322833213595e-07,,,0,1,0,calibration_validation,0,False,0,False
marble_native_0p15_v02,marble,marble,hard_negative,0.15,2,799,1122,323,323,321,311,311,0.004982035595364797,0.00459218954799785,0.004982035595364797,0.29610234512529715,0.002659165350865851,0.002659165350865851,0.002659165350865851,0.002659165350865851,0.002606456210535804,1,1,1,calibration_validation,0,False,0,False
marble_native_0p15_v02,marble,marble,hard_negative,0.15,3,1389,1721,332,332,331,321,321,0.005050371881072597,0.004849368320972801,0.005050371881072597,0.25080860501626506,0.0024160679326250224,0.0024160679326250224,0.002416067932625026,0.002416067932625026,0.002296140909191627,1,1,1,calibration_validation,0,False,0,False
marble_native_0p15_v02,marble,marble,hard_negative,0.15,4,1993,2321,328,328,327,317,317,0.005335279590932703,0.004947475292867499,0.005335279590932703,0.3067142887858586,0.002571622434233696,0.002571622434233696,0.0025716224342336993,0.0025716224342336993,0.002291362183356016,1,1,1,calibration_validation,0,False,0,False
marble_native_0p15_v02,marble,marble,hard_negative,0.15,5,2591,2921,330,330,329,319,319,0.005101880593000039,0.004761388016840777,0.005101880593000039,0.2876865309369965,0.00244898951410306,0.00244898951410306,0.00244898951410306,0.00244898951410306,0.002094726885801604,1,1,1,calibration_validation,0,False,0,False
concrete_native_0p15_v02,concrete,concrete,hard_negative,0.15,0,140,522,382,382,380,370,370,0.01116259210810958,0.010112454656464114,0.01116259210810958,0.41690339111876995,0.003638569738854065,0.003638569738854065,0.003638569738854072,0.003638569738854072,0.0036307742598676723,1,1,1,calibration_validation,0,False,0,False
concrete_native_0p15_v02,concrete,concrete,hard_negative,0.15,1,801,1133,332,332,332,322,322,0.0017601376410246938,0.001140195827832516,0.0017601376410246938,0.07334397219663721,0.002484645408849735,0.002484645408849735,0.002484645408849742,0.002484645408849742,0.002441878220555943,1,1,1,calibration_validation,0,False,0,False
concrete_native_0p15_v02,concrete,concrete,hard_negative,0.15,2,1395,1728,333,333,326,316,316,0.0015731437616886247,0.0010576453635879465,0.0015731437616886247,0.05129331162820962,0.0024038018739152523,0.0024038018739152523,0.0024038018739152523,0.0024038018739152523,0.0020683341992805276,1,1,1,calibration_validation,0,False,0,False
concrete_native_0p15_v02,concrete,concrete,hard_negative,0.15,3,1999,2327,328,328,321,311,311,0.0019669306982721593,0.0014742984249920118,0.0019669306982721593,0.08403265361817515,0.0023577261645992787,0.0023577261645992787,0.002357726164599282,0.002357726164599282,0.0021335247194843032,1,1,1,calibration_validation,0,False,0,False
concrete_native_0p15_v02,concrete,concrete,hard_negative,0.15,4,2596,2928,332,332,325,315,315,0.0019676602895583885,0.0014314100957753249,0.0019676602895583885,0.07918331270910761,0.0025107086482480763,0.0025107086482480763,0.0025107086482480797,0.0025107086482480797,0.00225457648765727,1,1,1,calibration_validation,0,False,0,False
sand_hardened_0p15_v02,sand,sand_walking_support_v1_hardened,hard_negative,0.15,0,120,133,13,13,13,3,3,0.005868233216171156,0.005868233216171156,0.005868233216171156,0.4282728522096336,0.00023462565738526907,0.00012769587959121208,0.00023462565738527601,0.00012769587959120515,5.9402087153159755e-05,0,1,1,calibration_validation,0,False,0,False
sand_hardened_0p15_v02,sand,sand_walking_support_v1_hardened,hard_negative,0.15,1,136,521,385,385,382,372,372,0.013210608737598172,0.010938387753303051,0.013210608737598172,0.31359413905699907,0.003181242279099129,0.003181242279099129,0.003181242279099122,0.003181242279099122,0.003172215502471945,1,1,1,calibration_validation,0,False,0,False
sand_hardened_0p15_v02,sand,sand_walking_support_v1_hardened,hard_negative,0.15,2,799,1136,337,337,321,311,311,0.00798408010197293,0.005539163039503377,0.00798408010197293,0.1649074838227981,0.0034517402394960385,0.0034517402394960385,0.0034517402394960385,0.0034517402394960385,0.0033676313562154697,1,1,1,calibration_validation,0,False,0,False
sand_hardened_0p15_v02,sand,sand_walking_support_v1_hardened,hard_negative,0.15,3,1383,1732,349,349,337,327,327,0.007877450342661593,0.005004802890815935,0.007877450342661593,0.12643478096688568,0.00325320756625463,0.00325320756625463,0.00325320756625463,0.00325320756625463,0.0028031077814118233,1,1,1,calibration_validation,0,False,0,False
sand_hardened_0p15_v02,sand,sand_walking_support_v1_hardened,hard_negative,0.15,4,1986,2330,344,344,334,324,324,0.008679456411531146,0.005858724813119068,0.008679456411531146,0.15262320714911803,0.0034392392647198634,0.0034392392647198634,0.00343923926471986,0.00343923926471986,0.0032351516722287643,1,1,1,calibration_validation,0,False,0,False
sand_hardened_0p15_v02,sand,sand_walking_support_v1_hardened,hard_negative,0.15,5,2585,2931,346,346,335,325,325,0.008402597743252015,0.005485566133862352,0.008402597743252015,0.13788645496340227,0.003428756090026043,0.003428756090026043,0.0034287560900260394,0.0034287560900260394,0.003140506208209881,1,1,1,calibration_validation,0,False,0,False
ice_native_0p15_v02,ice,ice,slip_candidate,0.15,0,78,196,118,118,117,107,107,0.10692491305067388,0.10692491305067386,0.10692491305067388,1.4801680062914564,0.0038360878047612136,0.0038360878047612136,0.0038360878047612205,0.0038360878047612205,0.003732566369531995,1,1,1,calibration_validation,2,True,0,False
ice_native_0p15_v02,ice,ice,slip_candidate,0.15,1,197,243,46,46,46,36,36,0.04846984420141994,0.04846984420141994,0.04846984420141994,1.1878089529912224,0.00029900173836832755,0.00029900173836832755,0.0002990017383683345,0.0002990017383683345,0.00027342503920099737,1,1,1,calibration_validation,0,False,0,False
ice_native_0p15_v02,ice,ice,slip_candidate,0.15,2,244,255,11,11,11,1,1,0.009071462652692264,0.009071462652692264,0.009071462652692264,0.9632433521293592,0.00015569465648309754,3.2130910644241444e-05,0.00015569465648310448,3.2130910644241444e-05,-2.404453530008288e-05,0,1,1,calibration_validation,0,False,0,False
ice_native_0p15_v02,ice,ice,slip_candidate,0.15,3,256,285,29,29,27,17,17,0.025927990208090102,0.025927990208090102,0.025927990208090102,1.0851109094131932,0.0006264605140387748,0.0006264605140387748,0.0006264605140387748,0.0006264605140387748,0.0005672585025321419,0,1,1,calibration_validation,0,False,0,False
ice_native_0p15_v02,ice,ice,slip_candidate,0.15,4,286,307,21,21,21,11,11,0.021998454386046046,0.021998454386046046,0.021998454386046046,1.1952959891255792,0.00016257449973355442,0.00016257449973355442,0.00016257449973354748,0.00016257449973354748,0.00015036600514156673,0,1,1,calibration_validation,0,False,0,False
ice_native_0p15_v02,ice,ice,slip_candidate,0.15,5,309,318,9,9,9,0,0,0.008804417251212966,0.008804417251212966,,,0.00011622392603350806,,0.00011622392603350806,,,0,1,0,calibration_validation,0,False,0,False
ice_native_0p15_v02,ice,ice,slip_candidate,0.15,6,320,326,6,6,6,0,0,0.005112168065096214,0.005112168065096214,,,5.6515608988973e-05,,5.6515608988973e-05,,,0,1,0,calibration_validation,0,False,0,False
ice_native_0p15_v02,ice,ice,slip_candidate,0.15,7,327,331,4,4,4,0,0,0.002735757071371825,0.0027357570713718244,,,1.7045985962772618e-05,,1.7045985962772618e-05,,,0,1,0,calibration_validation,0,False,0,False
ice_native_0p15_v02,ice,ice,slip_candidate,0.15,8,332,341,9,9,9,0,0,0.006344893372070989,0.006344893372070989,,,5.3185268563927905e-05,,5.3185268563927905e-05,,,0,1,0,calibration_validation,0,False,0,False
ice_native_0p15_v02,ice,ice,slip_candidate,0.15,9,342,396,54,54,54,44,44,0.012577188569342337,0.012089752200953595,0.012577188569342337,0.5299273827927725,0.00018929295602823203,0.00017468028268570034,0.00018929295602823203,0.00017468028268570034,0.0001234083708528816,1,1,1,calibration_validation,0,False,0,False
ice_native_0p15_v02,ice,ice,slip_candidate,0.15,10,397,401,4,4,3,0,0,0.0011379318803651827,0.0011379318803651827,,,1.3664952540177848e-05,,1.3664952540177848e-05,,,0,1,0,calibration_validation,0,False,0,False
ice_native_0p15_v02,ice,ice,slip_candidate,0.15,11,497,868,371,371,371,361,361,0.041998594409234515,0.027015425566980677,0.041998594409234515,0.8698035508626039,0.0012273295087397813,0.0012273295087397813,0.0012273295087397813,0.0012273295087397813,0.0011935718951014557,1,1,1,calibration_validation,0,False,0,False
ice_native_0p15_v02,ice,ice,slip_candidate,0.15,12,869,928,59,59,56,46,46,0.02595457728603632,0.02595457728603632,0.02595457728603632,0.5678569656680418,4.753808326336383e-05,4.753808326336383e-05,4.753808326336383e-05,4.753808326336383e-05,2.8862582664587744e-05,1,1,1,calibration_validation,0,False,0,False
ice_native_0p15_v02,ice,ice,slip_candidate,0.15,13,929,948,19,19,19,9,9,0.005352016271732634,0.005352016271732634,0.005352016271732634,0.40660275956567155,3.433422222174753e-05,3.433422222174753e-05,3.433422222174753e-05,3.433422222174753e-05,2.61451203405344e-05,0,1,1,calibration_validation,0,False,0,False
ice_native_0p15_v02,ice,ice,slip_candidate,0.15,14,951,957,6,6,6,0,0,0.0021875811910620512,0.0021875811910620512,,,1.931528848497354e-05,,1.93152884849666e-05,,,0,1,0,calibration_validation,0,False,0,False
ice_native_0p15_v02,ice,ice,slip_candidate,0.15,15,960,961,1,1,0,0,0,0.0,0.0,,,,,,,,0,1,0,calibration_validation,0,False,0,False
ice_native_0p15_v02,ice,ice,slip_candidate,0.15,16,1243,1316,73,73,73,63,63,0.05440151891633177,0.05440151891633177,0.05440151891633177,1.0420742518850252,0.009116098955452342,0.009116098955452342,0.009116098955452335,0.009116098955452335,0.008740833094375969,1,1,1,calibration_validation,0,False,9,True
ice_native_0p15_v02,ice,ice,slip_candidate,0.15,17,1317,1547,230,230,228,218,218,0.08089561553899842,0.06830631550480526,0.08089561553899842,0.7023791951921152,0.00037898360018664545,0.0003569553076504346,0.00037898360018664545,0.00035695530765043806,0.0003231532581702279,1,1,1,calibration_validation,45,True,0,False
ice_native_0p15_v02,ice,ice,slip_candidate,0.15,18,1548,1568,20,20,20,10,10,0.011696671275051109,0.011696671275051109,0.011696671275051109,0.6479447781215248,5.775902508525343e-05,5.083710836200749e-05,5.775902508525343e-05,5.083710836200749e-05,2.874080707407356e-05,0,1,1,calibration_validation,0,False,0,False
ice_native_0p15_v02,ice,ice,slip_candidate,0.15,19,1569,1574,5,5,5,0,0,0.002729381799996224,0.002729381799996224,,,1.9605902990336814e-05,,1.9605902990336814e-05,,,0,1,0,calibration_validation,0,False,0,False
ice_native_0p15_v02,ice,ice,slip_candidate,0.15,20,1575,1581,6,6,6,0,0,0.0035498996126750344,0.0035498996126750344,,,2.4716067324580086e-05,,2.4716067324580086e-05,,,0,1,0,calibration_validation,0,False,0,False
ice_native_0p15_v02,ice,ice,slip_candidate,0.15,21,1582,1589,7,7,7,0,0,0.0043776523623624474,0.0043776523623624474,,,3.710370732864631e-05,,3.710370732864631e-05,,,0,1,0,calibration_validation,0,False,0,False
ice_native_0p15_v02,ice,ice,slip_candidate,0.15,22,1590,1596,6,6,6,0,0,0.003711341226164505,0.003711341226164505,,,3.0805205438406806e-05,,3.0805205438406806e-05,,,0,1,0,calibration_validation,0,False,0,False
ice_native_0p15_v02,ice,ice,slip_candidate,0.15,23,1597,1604,7,7,7,0,0,0.00450151976290765,0.00450151976290765,,,4.028759231953626e-05,,4.028759231953626e-05,,,0,1,0,calibration_validation,0,False,0,False
ice_native_0p15_v02,ice,ice,slip_candidate,0.15,24,1606,1610,4,4,4,0,0,0.002232736688754026,0.002232736688754026,,,1.4935239204118093e-05,,1.4935239204118093e-05,,,0,1,0,calibration_validation,0,False,0,False
ice_native_0p15_v02,ice,ice,slip_candidate,0.15,25,1611,1615,4,4,4,0,0,0.00220873366796154,0.00220873366796154,,,1.2401727931594768e-05,,1.2401727931587829e-05,,,0,1,0,calibration_validation,0,False,0,False
ice_native_0p15_v02,ice,ice,slip_candidate,0.15,26,1616,1621,5,5,5,0,0,0.0029045282404029094,0.0029045282404029094,,,1.9515339362434318e-05,,1.9515339362434318e-05,,,0,1,0,calibration_validation,0,False,0,False
ice_native_0p15_v02,ice,ice,slip_candidate,0.15,27,1623,1629,6,6,6,0,0,0.0035455779039278643,0.0035455779039278643,,,2.9585829758006603e-05,,2.9585829757999664e-05,,,0,1,0,calibration_validation,0,False,0,False
ice_native_0p15_v02,ice,ice,slip_candidate,0.15,28,1630,1634,4,4,4,0,0,0.0020647693203535403,0.0020647693203535403,,,1.4858170121585627e-05,,1.4858170121592566e-05,,,0,1,0,calibration_validation,0,False,0,False
ice_native_0p15_v02,ice,ice,slip_candidate,0.15,29,1635,1638,3,3,3,0,0,0.0013426176335281518,0.0013426176335281518,,,6.76034381810308e-06,,6.76034381810308e-06,,,0,1,0,calibration_validation,0,False,0,False
ice_native_0p15_v02,ice,ice,slip_candidate,0.15,30,1639,1643,4,4,4,0,0,0.0019772650914416335,0.0019772650914416335,,,1.1271922966511576e-05,,1.1271922966518515e-05,,,0,1,0,calibration_validation,0,False,0,False
ice_native_0p15_v02,ice,ice,slip_candidate,0.15,31,1644,1647,3,3,3,0,0,0.0013048150824909687,0.0013048150824909687,,,7.63837270878042e-06,,7.63837270878042e-06,,,0,1,0,calibration_validation,0,False,0,False
ice_native_0p15_v02,ice,ice,slip_candidate,0.15,32,1648,1650,2,2,2,0,0,0.0006435107131407916,0.0006435107131407916,,,5.1080592576397896e-06,,5.1080592576397896e-06,,,0,1,0,calibration_validation,0,False,0,False
ice_native_0p15_v02,ice,ice,slip_candidate,0.15,33,1651,1654,3,3,3,0,0,0.0012649073128832061,0.001264907312883206,,,3.7191728471065374e-06,,3.7191728470995986e-06,,,0,1,0,calibration_validation,0,False,0,False
ice_native_0p15_v02,ice,ice,slip_candidate,0.15,34,1655,1656,1,1,1,0,0,0.0,0.0,,,1.6132728462110377e-06,,1.6132728462110377e-06,,,0,1,0,calibration_validation,0,False,0,False
ice_native_0p15_v02,ice,ice,slip_candidate,0.15,35,1657,1659,2,2,2,0,0,0.0006135407917146632,0.0006135407917146632,,,2.3721756431628258e-06,,2.372175643155887e-06,,,0,1,0,calibration_validation,0,False,0,False
ice_native_0p15_v02,ice,ice,slip_candidate,0.15,36,1660,1664,4,4,4,0,0,0.0018383125373194116,0.0018383125373194116,,,1.9028358760535095e-05,,1.9028358760535095e-05,,,0,1,0,calibration_validation,0,False,0,False
ice_native_0p15_v02,ice,ice,slip_candidate,0.15,37,1666,1670,4,4,4,0,0,0.0018429210647707825,0.0018429210647707825,,,1.358987106043607e-05,,1.358987106043607e-05,,,0,1,0,calibration_validation,0,False,0,False
ice_native_0p15_v02,ice,ice,slip_candidate,0.15,38,1671,1676,5,5,5,0,0,0.0024273843541959272,0.0024273843541959272,,,1.7163097473844695e-05,,1.7163097473844695e-05,,,0,1,0,calibration_validation,0,False,0,False
ice_native_0p15_v02,ice,ice,slip_candidate,0.15,39,1677,1683,6,6,6,0,0,0.002997125806437076,0.002997125806437076,,,2.521595363908901e-05,,2.521595363908901e-05,,,0,1,0,calibration_validation,0,False,0,False
ice_native_0p15_v02,ice,ice,slip_candidate,0.15,40,1685,1688,3,3,3,0,0,0.0012363005738816883,0.0012363005738816883,,,1.079941058284694e-05,,1.079941058284e-05,,,0,1,0,calibration_validation,0,False,0,False
ice_native_0p15_v02,ice,ice,slip_candidate,0.15,41,1689,1691,2,2,2,0,0,0.0006215735333719417,0.0006215735333719417,,,3.112024558433839e-06,,3.1120245584269e-06,,,0,1,0,calibration_validation,0,False,0,False
ice_native_0p15_v02,ice,ice,slip_candidate,0.15,42,1692,1695,3,3,3,0,0,0.0012413505436500182,0.0012413505436500182,,,8.458025008507668e-06,,8.458025008507668e-06,,,0,1,0,calibration_validation,0,False,0,False
ice_native_0p15_v02,ice,ice,slip_candidate,0.15,43,1696,1700,4,4,4,0,0,0.0018483405194504722,0.0018483405194504722,,,6.331968534663106e-06,,6.331968534663106e-06,,,0,1,0,calibration_validation,0,False,0,False
ice_native_0p15_v02,ice,ice,slip_candidate,0.15,44,1702,1703,1,1,1,0,0,0.0,0.0,,,5.49268805406615e-07,,5.492688053996761e-07,,,0,1,0,calibration_validation,0,False,0,False
ice_native_0p15_v02,ice,ice,slip_candidate,0.15,45,1704,1706,2,2,2,0,0,0.0006436399634799298,0.0006436399634799298,,,5.200635881409503e-06,,5.200635881402564e-06,,,0,1,0,calibration_validation,0,False,0,False
ice_native_0p15_v02,ice,ice,slip_candidate,0.15,46,1707,1711,4,4,4,0,0,0.001967107937324458,0.0019671079373244586,,,1.8588722276403555e-06,,1.8588722276403555e-06,,,0,1,0,calibration_validation,0,False,0,False
ice_native_0p15_v02,ice,ice,slip_candidate,0.15,47,1712,1715,3,3,3,0,0,0.0013206135276240224,0.0013206135276240224,,,8.79025476857153e-06,,8.790254768564591e-06,,,0,1,0,calibration_validation,0,False,0,False
ice_native_0p15_v02,ice,ice,slip_candidate,0.15,48,1717,1719,2,2,2,0,0,0.0006586391250719339,0.0006586391250719339,,,3.6001972090289255e-06,,3.6001972090289255e-06,,,0,1,0,calibration_validation,0,False,0,False
ice_native_0p15_v02,ice,ice,slip_candidate,0.15,49,1721,1722,1,1,1,0,0,0.0,0.0,,,2.4895391650524984e-07,,2.4895391650524984e-07,,,0,1,0,calibration_validation,0,False,0,False
ice_native_0p15_v02,ice,ice,slip_candidate,0.15,50,1723,1725,2,2,2,0,0,0.0006772034566932336,0.0006772034566932336,,,1.944946986502487e-06,,1.944946986502487e-06,,,0,1,0,calibration_validation,0,False,0,False
ice_native_0p15_v02,ice,ice,slip_candidate,0.15,51,1726,1727,1,1,1,0,0,0.0,0.0,,,1.368134124558537e-07,,1.368134124627926e-07,,,0,1,0,calibration_validation,0,False,0,False
ice_native_0p15_v02,ice,ice,slip_candidate,0.15,52,1729,1730,1,1,1,0,0,0.0,0.0,,,3.6710235583152506e-08,,3.6710235583152506e-08,,,0,1,0,calibration_validation,0,False,0,False
ice_native_0p15_v02,ice,ice,slip_candidate,0.15,53,1731,1732,1,1,1,0,0,0.0,0.0,,,1.6925472754681856e-06,,1.6925472754751245e-06,,,0,1,0,calibration_validation,0,False,0,False
ice_native_0p15_v02,ice,ice,slip_candidate,0.15,54,1733,1735,2,2,2,0,0,0.0006864933928878154,0.0006864933928878154,,,1.3479752942286913e-06,,1.3479752942286913e-06,,,0,1,0,calibration_validation,0,False,0,False
ice_native_0p15_v02,ice,ice,slip_candidate,0.15,55,1736,1738,2,2,2,0,0,0.0006823655946852602,0.0006823655946852601,,,4.524746742710743e-06,,4.524746742710743e-06,,,0,1,0,calibration_validation,0,False,0,False
ice_native_0p15_v02,ice,ice,slip_candidate,0.15,56,1739,1741,2,2,2,0,0,0.0006778016561107718,0.0006778016561107718,,,3.1408585320314916e-06,,3.1408585320314916e-06,,,0,1,0,calibration_validation,0,False,0,False
ice_native_0p15_v02,ice,ice,slip_candidate,0.15,57,1747,1751,4,4,4,0,0,0.002074360638606552,0.002074360638606552,,,1.2409765249739128e-05,,1.2409765249739128e-05,,,0,1,0,calibration_validation,0,False,0,False
ice_native_0p15_v02,ice,ice,slip_candidate,0.15,58,1754,1759,5,5,5,0,0,0.0027309693057869476,0.0027309693057869476,,,2.3398150907775854e-05,,2.3398150907775854e-05,,,0,1,0,calibration_validation,0,False,0,False
ice_native_0p15_v02,ice,ice,slip_candidate,0.15,59,1761,1765,4,4,4,0,0,0.0020696145372455935,0.0020696145372455935,,,7.575092698548606e-06,,7.575092698548606e-06,,,0,1,0,calibration_validation,0,False,0,False
ice_native_0p15_v02,ice,ice,slip_candidate,0.15,60,1766,1769,3,3,3,0,0,0.0014107171944385823,0.0014107171944385823,,,8.670747084309031e-06,,8.670747084309031e-06,,,0,1,0,calibration_validation,0,False,0,False
ice_native_0p15_v02,ice,ice,slip_candidate,0.15,61,1770,1775,5,5,5,0,0,0.0028793624550972306,0.0028793624550972306,,,1.8558835524452692e-05,,1.8558835524452692e-05,,,0,1,0,calibration_validation,0,False,0,False
ice_native_0p15_v02,ice,ice,slip_candidate,0.15,62,1776,1782,6,6,6,0,0,0.003715572590828564,0.003715572590828564,,,2.971958872013524e-05,,2.9719588720128302e-05,,,0,1,0,calibration_validation,0,False,0,False
ice_native_0p15_v02,ice,ice,slip_candidate,0.15,63,1783,1786,3,3,3,0,0,0.0017056992490277188,0.0017056992490277186,,,1.8390840096828114e-05,,1.8390840096828114e-05,,,0,1,0,calibration_validation,0,False,0,False
ice_native_0p15_v02,ice,ice,slip_candidate,0.15,64,1787,2012,225,225,224,214,214,0.0683421319841219,0.0683421319841219,0.0683421319841219,0.6776330105109137,0.005262109584630438,0.005262109584630438,0.005262109584630431,0.005262109584630431,0.0047603409728275425,1,1,1,calibration_validation,0,False,0,False
ice_native_0p15_v02,ice,ice,slip_candidate,0.15,65,2013,2105,92,92,92,82,82,0.025444835657680655,0.025444835657680655,0.025444835657680655,0.5241566221264166,0.00047402220962508134,0.00047402220962508134,0.0004740222096250744,0.0004740222096250744,0.00037871664702809893,1,1,1,calibration_validation,0,False,0,False
ice_native_0p15_v02,ice,ice,slip_candidate,0.15,66,2106,2111,5,5,5,0,0,0.0018602693053855483,0.0018602693053855483,,,2.5701597764697486e-05,,2.5701597764697486e-05,,,0,1,0,calibration_validation,0,False,0,False
ice_native_0p15_v02,ice,ice,slip_candidate,0.15,67,2112,2118,6,6,6,0,0,0.002578995633176524,0.002578995633176524,,,4.3631608565640294e-05,,4.3631608565640294e-05,,,0,1,0,calibration_validation,0,False,0,False
ice_native_0p15_v02,ice,ice,slip_candidate,0.15,68,2119,2124,5,5,5,0,0,0.0023039762411389757,0.002303976241138976,,,3.1494166394428584e-05,,3.1494166394428584e-05,,,0,1,0,calibration_validation,0,False,0,False
ice_native_0p15_v02,ice,ice,slip_candidate,0.15,69,2126,2131,5,5,5,0,0,0.002681900104085792,0.002681900104085792,,,2.010996310213963e-05,,2.010996310213963e-05,,,0,1,0,calibration_validation,0,False,0,False
ice_native_0p15_v02,ice,ice,slip_candidate,0.15,70,2133,2137,4,4,4,0,0,0.0022663929732108425,0.0022663929732108425,,,1.8853518295234954e-05,,1.8853518295234954e-05,,,0,1,0,calibration_validation,0,False,0,False
ice_native_0p15_v02,ice,ice,slip_candidate,0.15,71,2139,2141,2,2,1,0,0,0.000818649539572713,0.000818649539572713,,,8.664561271447095e-06,,8.664561271447095e-06,,,0,1,0,calibration_validation,0,False,0,False
ice_native_0p15_v02,ice,ice,slip_candidate,0.15,72,2404,2567,163,163,163,153,153,0.04722328443178874,0.04722328443178874,0.04722328443178874,1.086890653681292,0.01284589428193823,0.01284589428193823,0.012845894281938233,0.012845894281938233,0.012075722261979074,1,1,1,calibration_validation,0,False,17,True
ice_native_0p15_v02,ice,ice,slip_candidate,0.15,73,2568,2597,29,29,29,19,19,0.03065061916567502,0.03065061916567502,0.03065061916567502,1.161734146103964,8.026968725463168e-05,6.831806560500097e-05,8.026968725463862e-05,6.831806560500097e-05,6.653393582625733e-05,0,1,1,calibration_validation,0,False,0,False
ice_native_0p15_v02,ice,ice,slip_candidate,0.15,74,2598,2609,11,11,11,1,1,0.009812243190437544,0.009812243190437544,0.009812243190437544,0.9085367279621537,0.000100794547106829,1.5223494503525774e-05,0.000100794547106829,1.5223494503525774e-05,4.38785970055533e-06,0,1,1,calibration_validation,0,False,0,False
ice_native_0p15_v02,ice,ice,slip_candidate,0.15,75,2610,2631,21,21,21,11,11,0.015101856414966981,0.015101856414966981,0.015101856414966981,0.7790635143749927,7.525882275260642e-05,7.525882275260642e-05,7.525882275261336e-05,7.525882275261336e-05,6.832112327465056e-05,0,1,1,calibration_validation,0,False,0,False
ice_native_0p15_v02,ice,ice,slip_candidate,0.15,76,2632,2733,101,101,96,86,86,0.033962465118250296,0.033962465118250296,0.033962465118250296,0.43000913412842334,6.8476783644268e-05,6.8476783644268e-05,6.8476783644268e-05,6.8476783644268e-05,5.543770048706265e-05,1,1,1,calibration_validation,0,False,0,False
ice_native_0p15_v02,ice,ice,slip_candidate,0.15,77,2734,2746,12,12,11,2,2,0.005354406199858567,0.005354406199858567,0.005354406199858567,0.48096501112221585,4.8530635701145124e-05,6.1922994813541285e-06,4.8530635701145124e-05,6.1922994813541285e-06,4.3861455045063336e-06,0,1,1,calibration_validation,0,False,0,False
ice_native_0p15_v02,ice,ice,slip_candidate,0.15,78,2747,2762,15,15,14,5,5,0.00785489678758754,0.00785489678758754,0.00785489678758754,0.5575896606943751,5.2004422284253164e-05,5.0733579609519956e-05,5.20044222842601e-05,5.0733579609526895e-05,4.2837327795447466e-05,0,1,1,calibration_validation,0,False,0,False
ice_native_0p15_v02,ice,ice,slip_candidate,0.15,79,2763,2768,5,5,5,0,0,0.0024255725343107085,0.0024255725343107085,,,1.735924775235053e-05,,1.735924775235053e-05,,,0,1,0,calibration_validation,0,False,0,False
ice_native_0p15_v02,ice,ice,slip_candidate,0.15,80,2769,2776,7,7,7,0,0,0.00384446161994942,0.00384446161994942,,,3.0815936205986875e-05,,3.0815936205979937e-05,,,0,1,0,calibration_validation,0,False,0,False
ice_native_0p15_v02,ice,ice,slip_candidate,0.15,81,2777,2783,6,6,6,0,0,0.0033744218883282194,0.0033744218883282194,,,2.344143926632635e-05,,2.344143926633329e-05,,,0,1,0,calibration_validation,0,False,0,False
ice_native_0p15_v02,ice,ice,slip_candidate,0.15,82,2785,2789,4,4,4,0,0,0.002024574329993075,0.002024574329993075,,,1.4638937931128575e-05,,1.4638937931121636e-05,,,0,1,0,calibration_validation,0,False,0,False
ice_native_0p15_v02,ice,ice,slip_candidate,0.15,83,2790,2793,3,3,3,0,0,0.001371769082953683,0.001371769082953683,,,5.848099845990988e-06,,5.848099845997927e-06,,,0,1,0,calibration_validation,0,False,0,False
ice_native_0p15_v02,ice,ice,slip_candidate,0.15,84,2794,2798,4,4,4,0,0,0.0020888355615625615,0.0020888355615625615,,,1.2172201042849433e-05,,1.2172201042856372e-05,,,0,1,0,calibration_validation,0,False,0,False
ice_native_0p15_v02,ice,ice,slip_candidate,0.15,85,2800,2803,3,3,1,0,0,0.001391432768154222,0.001391432768154222,,,5.493034537308421e-06,,5.493034537308421e-06,,,0,1,0,calibration_validation,0,False,0,False
ice_native_0p15_v02,ice,ice,slip_candidate,0.15,86,2819,2824,5,5,1,0,0,0.002751923314499879,0.002751923314499879,,,1.44685175864313e-05,,1.44685175864313e-05,,,0,1,0,calibration_validation,0,False,0,False
ice_native_0p15_v02,ice,ice,slip_candidate,0.15,87,2880,3000,120,120,120,110,110,0.05573951086308097,0.05573951086308097,0.05573951086308097,0.5911526101853803,0.00134172162136464,0.00134172162136464,0.00134172162136464,0.00134172162136464,0.0013298600576206743,1,1,1,calibration_validation,0,False,0,False
sand_solref_interpolation_1of3_0p15_v02,sand,sand_solref_interpolation_1of3,sink_candidate,0.15,0,79,533,454,454,441,431,431,0.01593123536939359,0.011531083713566747,0.01593123536939359,0.2238062042432581,0.00584526403728219,0.00584526403728219,0.005845264037282183,0.005845264037282183,0.0057519089306079935,1,1,1,calibration_validation,0,False,36,True
sand_solref_interpolation_1of3_0p15_v02,sand,sand_solref_interpolation_1of3,sink_candidate,0.15,1,797,1150,353,353,323,313,313,0.00928222272019532,0.004506606313647889,0.00928222272019532,0.2379839470881167,0.006287446476075274,0.006287446476075274,0.006287446476075271,0.006287446476075271,0.0062150764119100615,1,1,1,calibration_validation,0,False,221,True
sand_solref_interpolation_1of3_0p15_v02,sand,sand_solref_interpolation_1of3,sink_candidate,0.15,2,1376,1745,369,369,344,334,334,0.010355058056452213,0.004912775541028925,0.010355058056452213,0.21931271280892792,0.005835161352429531,0.005835161352429531,0.005835161352429524,0.005835161352429524,0.005611902599161042,1,1,1,calibration_validation,0,False,7,True
sand_solref_interpolation_1of3_0p15_v02,sand,sand_solref_interpolation_1of3,sink_candidate,0.15,3,1981,2343,362,362,339,329,329,0.011466321052082295,0.006275754023271973,0.011466321052082295,0.27178835646300536,0.006101452349177662,0.006101452349177662,0.006101452349177669,0.006101452349177669,0.0060126437526824145,1,1,1,calibration_validation,0,False,158,True
sand_solref_interpolation_1of3_0p15_v02,sand,sand_solref_interpolation_1of3,sink_candidate,0.15,4,2580,2944,364,364,340,330,330,0.011176821990575821,0.005847882383951079,0.011176821990575821,0.25845586576595475,0.006074031563122899,0.006074031563122899,0.006074031563122895,0.006074031563122895,0.006012875646584204,1,1,1,calibration_validation,0,False,148,True
sand_solref_interpolation_2of3_0p15_v02,sand,sand_solref_interpolation_2of3,sink_candidate,0.15,0,65,539,474,474,455,445,445,0.005457103482155924,0.003627347012976873,0.005457103482155924,0.1980561415678656,0.008231829769076836,0.008231829769076836,0.008231829769076836,0.008231829769076836,0.00819736362156731,1,1,1,calibration_validation,0,False,328,True
sand_solref_interpolation_2of3_0p15_v02,sand,sand_solref_interpolation_2of3,sink_candidate,0.15,1,796,1162,366,366,324,314,314,0.009607930543194233,0.002494457236386979,0.009607930543194233,0.2854714006355024,0.008802229629048332,0.008802229629048332,0.00880222962904834,0.00880222962904834,0.00846452527478228,1,1,1,calibration_validation,0,False,272,True
sand_solref_interpolation_2of3_0p15_v02,sand,sand_solref_interpolation_2of3,sink_candidate,0.15,2,1373,1754,381,381,347,337,337,0.011262286696569238,0.003967851405750903,0.011262286696569238,0.2842606139640037,0.008076557689946706,0.008076557689946706,0.008076557689946702,0.008076557689946702,0.008049004602098883,1,1,1,calibration_validation,0,False,305,True
sand_solref_interpolation_2of3_0p15_v02,sand,sand_solref_interpolation_2of3,sink_candidate,0.15,3,1979,2352,373,373,341,331,331,0.012834264313259675,0.005879270368227988,0.012834264313259675,0.3426458859915395,0.008588670011494558,0.008588670011494558,0.008588670011494555,0.008588670011494555,0.008317359747128134,1,1,1,calibration_validation,0,False,292,True
sand_solref_interpolation_2of3_0p15_v02,sand,sand_solref_interpolation_2of3,sink_candidate,0.15,4,2578,2952,374,374,342,332,332,0.012456140576833464,0.005574664565922754,0.012456140576833464,0.33110220241571614,0.00852025219372891,0.00852025219372891,0.008520252193728907,0.008520252193728907,0.008313635632346869,1,1,1,calibration_validation,0,False,294,True
marble_native_0p20_v02,marble,marble,hard_negative,0.2,0,140,504,364,364,364,354,354,0.013031261265402215,0.01295703146318082,0.013031261265402215,0.4827593319604625,0.003153218910553475,0.003153218910553475,0.0031532189105534817,0.0031532189105534817,0.0029454360221804476,1,1,1,calibration_validation,0,False,0,False
marble_native_0p20_v02,marble,marble,hard_negative,0.2,1,802,1122,320,320,318,308,308,0.004741868684581588,0.004447228301174864,0.004741868684581588,0.19857320108580706,0.0027337812507939275,0.0027337812507939275,0.002733781250793931,0.002733781250793931,0.0025949285817951084,1,1,1,calibration_validation,0,False,0,False
marble_native_0p20_v02,marble,marble,hard_negative,0.2,2,1391,1722,331,331,329,319,319,0.005404552631726518,0.005378433903112175,0.005404552631726518,0.2984571923729662,0.0024545419014843596,0.0024545419014843596,0.0024545419014843665,0.0024545419014843665,0.0022945891697414567,1,1,1,calibration_validation,0,False,0,False
marble_native_0p20_v02,marble,marble,hard_negative,0.2,3,1996,2320,324,324,324,314,314,0.005703274467281031,0.005563339117020812,0.005703274467281031,0.2709177283215831,0.0026504373961215395,0.0026504373961215395,0.0026504373961215395,0.0026504373961215395,0.0026453672276637585,1,1,1,calibration_validation,0,False,0,False
marble_native_0p20_v02,marble,marble,hard_negative,0.2,4,2594,2919,325,325,325,315,315,0.005481039658933394,0.005346075911524608,0.005481039658933394,0.26386339366303574,0.0025309778451065813,0.0025309778451065813,0.0025309778451065882,0.0025309778451065882,0.0023179035996680752,1,1,1,calibration_validation,0,False,0,False
marble_native_0p20_v02,marble,marble,hard_negative,0.2,5,2920,2921,1,1,0,0,0,0.0,0.0,,,,,,,,0,1,0,calibration_validation,0,False,0,False
concrete_native_0p20_v02,concrete,concrete,hard_negative,0.2,0,141,515,374,374,374,364,364,0.011313654800595652,0.010490882783187813,0.011313654800595652,0.41751995417558474,0.003494109113440248,0.003494109113440248,0.003494109113440241,0.003494109113440241,0.003375873650321229,1,1,1,calibration_validation,0,False,0,False
concrete_native_0p20_v02,concrete,concrete,hard_negative,0.2,1,804,1131,327,327,324,314,314,0.002756898859593055,0.002232912578528877,0.002756898859593055,0.10131846682103593,0.0025583067777927527,0.0025583067777927527,0.0025583067777927493,0.0025583067777927493,0.0024591285413689823,1,1,1,calibration_validation,0,False,0,False
concrete_native_0p20_v02,concrete,concrete,hard_negative,0.2,2,1396,1726,330,330,324,314,314,0.002317534360689939,0.0019008513160430657,0.002317534360689939,0.07189603733862257,0.0024744773170489688,0.0024744773170489688,0.0024744773170489722,0.0024744773170489722,0.0021799361860024014,1,1,1,calibration_validation,0,False,0,False
concrete_native_0p20_v02,concrete,concrete,hard_negative,0.2,3,2003,2325,322,322,317,307,307,0.0032275624604462733,0.0029354035355040223,0.0032275624604462733,0.12578262047005517,0.0023873897911219867,0.0023873897911219867,0.0023873897911219797,0.0023873897911219797,0.0020761136303662636,1,1,1,calibration_validation,0,False,0,False
concrete_native_0p20_v02,concrete,concrete,hard_negative,0.2,4,2598,2926,328,328,322,312,312,0.0030076422393459637,0.002673626099296552,0.0030076422393459637,0.11394693918340959,0.0025241347658955483,0.0025241347658955483,0.0025241347658955414,0.0025241347658955414,0.0021773221898239714,1,1,1,calibration_validation,0,False,0,False
sand_hardened_0p20_v02,sand,sand_walking_support_v1_hardened,hard_negative,0.2,0,122,139,17,17,17,7,7,0.007518961808860059,0.007518961808860059,0.007518961808860059,0.4330679576742351,0.00038839053792485544,0.0003032621700348138,0.0003883905379248485,0.00030326217003480687,0.00022758607742129344,0,1,1,calibration_validation,0,False,0,False
sand_hardened_0p20_v02,sand,sand_walking_support_v1_hardened,hard_negative,0.2,1,141,515,374,374,359,349,349,0.011459262053023793,0.009878139246258064,0.011459262053023793,0.26444420216996334,0.0030293056249990303,0.0030293056249990303,0.003029305624999027,0.003029305624999027,0.003026881856588143,1,1,1,calibration_validation,0,False,0,False
sand_hardened_0p20_v02,sand,sand_walking_support_v1_hardened,hard_negative,0.2,2,803,1134,331,331,317,307,307,0.007803659590136817,0.005523302431893228,0.007803659590136817,0.1186868285300664,0.0034498094981657663,0.0034498094981657663,0.0034498094981657663,0.0034498094981657663,0.0034344269630627172,1,1,1,calibration_validation,0,False,0,False
sand_hardened_0p20_v02,sand,sand_walking_support_v1_hardened,hard_negative,0.2,3,1384,1729,345,345,336,326,326,0.008244905048527061,0.005631242297742757,0.008244905048527061,0.15062883218694148,0.00324353414294123,0.00324353414294123,0.0032435341429412267,0.0032435341429412267,0.003011917144326637,1,1,1,calibration_validation,0,False,0,False
sand_hardened_0p20_v02,sand,sand_walking_support_v1_hardened,hard_negative,0.2,4,1988,2327,339,339,332,322,322,0.008802511120699552,0.006275949615951362,0.008802511120699552,0.1568675654887858,0.003387383120534183,0.003387383120534183,0.0033873831205341797,0.0033873831205341797,0.003278812938054043,1,1,1,calibration_validation,0,False,0,False
sand_hardened_0p20_v02,sand,sand_walking_support_v1_hardened,hard_negative,0.2,5,2587,2928,341,341,333,323,323,0.008554166827752209,0.005903529890760433,0.008554166827752209,0.1420559036417896,0.003461303337312811,0.003461303337312811,0.003461303337312804,0.003461303337312804,0.0030240578031701937,1,1,1,calibration_validation,0,False,0,False
ice_native_0p20_v02,ice,ice,slip_candidate,0.2,0,78,174,96,96,96,86,86,0.07441127363861753,0.07441127363861753,0.07441127363861753,1.4551750995854382,0.004028938639170666,0.004028938639170666,0.004028938639170666,0.004028938639170666,0.00396017139466312,1,1,1,calibration_validation,0,False,0,False
ice_native_0p20_v02,ice,ice,slip_candidate,0.2,1,175,209,34,34,34,24,24,0.04550555775020629,0.04550555775020629,0.04550555775020629,1.4118437376674928,0.0002687396012888378,0.0002687396012888378,0.00026873960128884124,0.00026873960128884124,0.00024689808404168567,1,1,1,calibration_validation,0,False,0,False
ice_native_0p20_v02,ice,ice,slip_candidate,0.2,2,210,225,15,15,15,5,5,0.015061830102746395,0.015061830102746395,0.015061830102746395,1.046297292626122,0.00030103510880565964,0.00021375442327922333,0.0003010351088056666,0.00021375442327923027,0.00011868348670844575,0,1,1,calibration_validation,0,False,0,False
ice_native_0p20_v02,ice,ice,slip_candidate,0.2,3,226,273,47,47,46,36,36,0.04337617145406014,0.04337617145406014,0.04337617145406014,1.0648535227131588,0.00031826009848875524,0.00031826009848875524,0.00031826009848875524,0.00031826009848875524,0.00025518221258181983,1,1,1,calibration_validation,0,False,0,False
ice_native_0p20_v02,ice,ice,slip_candidate,0.2,4,274,324,50,50,50,40,40,0.05308504738469494,0.05308504738469494,0.05308504738469494,1.2069361391712734,9.170887103115543e-05,6.384511851957164e-05,9.170887103116237e-05,6.384511851957164e-05,2.4387091192429322e-05,1,1,1,calibration_validation,0,False,0,False
ice_native_0p20_v02,ice,ice,slip_candidate,0.2,5,325,390,65,65,64,54,54,0.023073853149533672,0.021870961368849008,0.023073853149533672,0.8419137482543173,8.975567666897732e-05,8.975567666897732e-05,8.975567666897732e-05,8.975567666897732e-05,6.170311492174896e-05,1,1,1,calibration_validation,0,False,0,False
ice_native_0p20_v02,ice,ice,slip_candidate,0.2,6,391,399,8,8,8,0,0,0.002619968994133094,0.002619968994133094,,,3.6128045796428136e-05,,3.6128045796428136e-05,,,0,1,0,calibration_validation,0,False,0,False
ice_native_0p20_v02,ice,ice,slip_candidate,0.2,7,400,402,2,2,0,0,0,0.00046840155398149123,0.00046840155398149123,,,,,,,,0,1,0,calibration_validation,0,False,0,False
ice_native_0p20_v02,ice,ice,slip_candidate,0.2,8,491,862,371,371,369,359,359,0.04691846579745731,0.03114856263160676,0.04691846579745731,0.8791681482428477,0.0009338864562785055,0.0009338864562785055,0.0009338864562785055,0.0009338864562785055,0.0009316565065378563,1,1,1,calibration_validation,0,False,0,False
ice_native_0p20_v02,ice,ice,slip_candidate,0.2,9,863,912,49,49,47,37,37,0.025591205568788602,0.025591205568788602,0.025591205568788602,0.628304624365343,3.721247033141705e-05,3.355860355394157e-05,3.721247033141011e-05,3.355860355394157e-05,2.2786475060779243e-05,1,1,1,calibration_validation,0,False,0,False
ice_native_0p20_v02,ice,ice,slip_candidate,0.2,10,913,922,9,9,9,0,0,0.003041991429736452,0.003041991429736452,,,4.2042926802219986e-05,,4.2042926802219986e-05,,,0,1,0,calibration_validation,0,False,0,False
ice_native_0p20_v02,ice,ice,slip_candidate,0.2,11,923,944,21,21,21,11,11,0.006272113348415495,0.006272113348415495,0.006272113348415495,0.38349786877665937,8.10013758692869e-05,6.219270793411235e-05,8.10013758692869e-05,6.219270793411929e-05,4.874748664779327e-05,0,1,1,calibration_validation,0,False,0,False
ice_native_0p20_v02,ice,ice,slip_candidate,0.2,12,950,952,2,2,2,0,0,0.00043568736363157947,0.00043568736363157947,,,3.213950383880275e-06,,3.213950383880275e-06,,,0,1,0,calibration_validation,0,False,0,False
ice_native_0p20_v02,ice,ice,slip_candidate,0.2,13,1241,1324,83,83,83,73,73,0.04696416343338835,0.04696416343338835,0.04696416343338835,0.7741627624073802,0.008321321134265949,0.008321321134265949,0.008321321134265949,0.008321321134265949,0.007043833973694792,1,1,1,calibration_validation,0,False,0,False
ice_native_0p20_v02,ice,ice,slip_candidate,0.2,14,1325,1443,118,118,116,106,106,0.05362550071744978,0.05362550071744978,0.05362550071744978,0.8862350596483339,0.00036952778044099365,0.00036952778044099365,0.0003695277804409971,0.0003695277804409971,0.00033224482582455694,1,1,1,calibration_validation,0,False,0,False
ice_native_0p20_v02,ice,ice,slip_candidate,0.2,15,1444,1450,6,6,6,0,0,0.004468223491786411,0.004468223491786411,,,3.3599755761000265e-05,,3.3599755761007204e-05,,,0,1,0,calibration_validation,0,False,0,False
ice_native_0p20_v02,ice,ice,slip_candidate,0.2,16,1451,1529,78,78,78,68,68,0.044607599824643684,0.04457981525068412,0.044607599824643684,0.9476429279004005,8.024669621895918e-05,8.024669621895918e-05,8.024669621895918e-05,8.024669621895918e-05,5.6056339145529877e-05,1,1,1,calibration_validation,0,False,0,False
ice_native_0p20_v02,ice,ice,slip_candidate,0.2,17,1530,1540,10,10,10,0,0,0.0019972878550746655,0.0019972878550746655,,,3.203884135736645e-05,,3.203884135736645e-05,,,0,1,0,calibration_validation,0,False,0,False
ice_native_0p20_v02,ice,ice,slip_candidate,0.2,18,1541,1542,1,1,1,0,0,0.0,0.0,,,9.428710973603469e-07,,9.428710973672857e-07,,,0,1,0,calibration_validation,0,False,0,False
ice_native_0p20_v02,ice,ice,slip_candidate,0.2,19,1543,1548,5,5,5,0,0,0.0012916708091387425,0.0012916708091387425,,,1.1877123166813101e-05,,1.1877123166813101e-05,,,0,1,0,calibration_validation,0,False,0,False
ice_native_0p20_v02,ice,ice,slip_candidate,0.2,20,1549,1555,6,6,6,0,0,0.002067228948459848,0.002067228948459848,,,2.1935601758306215e-05,,2.1935601758306215e-05,,,0,1,0,calibration_validation,0,False,0,False
ice_native_0p20_v02,ice,ice,slip_candidate,0.2,21,1556,1560,4,4,4,0,0,0.001482012941492643,0.001482012941492643,,,1.102878660802064e-05,,1.10287866080137e-05,,,0,1,0,calibration_validation,0,False,0,False
ice_native_0p20_v02,ice,ice,slip_candidate,0.2,22,1716,1741,25,25,25,15,15,0.014476003421724322,0.014476003421724322,0.014476003421724322,0.6028299480205433,0.0004276305380059254,0.0004230301486656497,0.0004276305380059254,0.00042303014866565663,0.00041090393873781383,0,1,1,calibration_validation,0,False,0,False
ice_native_0p20_v02,ice,ice,slip_candidate,0.2,23,1745,1853,108,108,108,98,98,0.017748769562671768,0.017748769562671768,0.017748769562671768,0.5778942356918871,0.0019171518935231736,0.0019171518935231736,0.0019171518935231667,0.0019171518935231667,0.001889356081278104,1,1,1,calibration_validation,0,False,0,False
ice_native_0p20_v02,ice,ice,slip_candidate,0.2,24,1854,2083,229,229,229,219,219,0.029819121898382386,0.029819121898382386,0.029819121898382386,0.6760764388082187,0.0004797929993303014,0.0004797929993303014,0.0004797929993303014,0.0004797929993303014,0.0004260888925377848,1,1,1,calibration_validation,0,False,0,False
ice_native_0p20_v02,ice,ice,slip_candidate,0.2,25,2084,2105,21,21,21,11,11,0.012772619230998166,0.012772619230998166,0.012772619230998166,0.7436755066737445,0.00011112348114509629,7.53947730736627e-05,0.00011112348114509629,7.53947730736627e-05,3.399878929924438e-05,0,1,1,calibration_validation,0,False,0,False
ice_native_0p20_v02,ice,ice,slip_candidate,0.2,26,2106,2117,11,11,11,1,1,0.0063415850569902435,0.0063415850569902435,0.0063415850569902435,0.7245112180372701,3.631713053608553e-05,1.4062731770426821e-05,3.631713053609247e-05,1.406273177043376e-05,2.218466025882826e-07,0,1,1,calibration_validation,0,False,0,False
ice_native_0p20_v02,ice,ice,slip_candidate,0.2,27,2118,2122,4,4,4,0,0,0.0018351462012459318,0.0018351462012459318,,,2.0118791579089128e-05,,2.0118791579089128e-05,,,0,1,0,calibration_validation,0,False,0,False
ice_native_0p20_v02,ice,ice,slip_candidate,0.2,28,2125,2130,5,5,5,0,0,0.0025260883755050616,0.0025260883755050616,,,2.4662696123663e-05,,2.4662696123663e-05,,,0,1,0,calibration_validation,0,False,0,False
ice_native_0p20_v02,ice,ice,slip_candidate,0.2,29,2133,2137,4,4,4,0,0,0.001908315551716737,0.001908315551716737,,,2.1204406368237165e-05,,2.1204406368237165e-05,,,0,1,0,calibration_validation,0,False,0,False
ice_native_0p20_v02,ice,ice,slip_candidate,0.2,30,2139,2140,1,1,1,0,0,0.0,0.0,,,2.4575076106687563e-06,,2.4575076106687563e-06,,,0,1,0,calibration_validation,0,False,0,False
ice_native_0p20_v02,ice,ice,slip_candidate,0.2,31,2452,2614,162,162,161,151,151,0.04924301230297348,0.04924301230297348,0.04924301230297348,0.7800459453916877,0.0113566842925758,0.0113566842925758,0.011356684292575796,0.011356684292575796,0.010697777995396063,1,1,1,calibration_validation,0,False,11,True
ice_native_0p20_v02,ice,ice,slip_candidate,0.2,32,2615,2623,8,8,8,0,0,0.0056633713498675155,0.0056633713498675155,,,6.555680585920275e-05,,6.555680585920275e-05,,,0,1,0,calibration_validation,0,False,0,False
ice_native_0p20_v02,ice,ice,slip_candidate,0.2,33,2624,2657,33,33,33,23,23,0.03669898531300531,0.03669898531300531,0.03669898531300531,1.3851640213594267,6.684983229157237e-05,6.684983229157237e-05,6.684983229156543e-05,6.684983229156543e-05,4.221935011018696e-05,1,1,1,calibration_validation,0,False,0,False
ice_native_0p20_v02,ice,ice,slip_candidate,0.2,34,2658,2667,9,9,9,0,0,0.01085815817861919,0.01085815817861919,,,6.994498219636391e-05,,6.994498219636391e-05,,,0,1,0,calibration_validation,0,False,0,False
ice_native_0p20_v02,ice,ice,slip_candidate,0.2,35,2670,2691,21,21,18,8,8,0.025455214359372487,0.025455214359372487,0.025455214359372487,1.322119902550916,4.416568131409681e-05,2.713209064738719e-05,4.416568131408987e-05,2.713209064739413e-05,-1.7896311490517292e-06,0,1,1,calibration_validation,0,False,0,False
ice_native_0p20_v02,ice,ice,slip_candidate,0.2,36,2693,2717,24,24,21,12,12,0.026581979842414623,0.026581979842414623,0.026581979842414623,1.2017017942554409,9.121785608425925e-05,9.121785608425925e-05,9.121785608425925e-05,9.121785608425925e-05,6.520643090190958e-05,0,1,1,calibration_validation,0,False,0,False
ice_native_0p20_v02,ice,ice,slip_candidate,0.2,37,2718,2721,3,3,3,0,0,0.002422462373801667,0.002422462373801667,,,1.602615710135768e-05,,1.602615710135074e-05,,,0,1,0,calibration_validation,0,False,0,False
ice_native_0p20_v02,ice,ice,slip_candidate,0.2,38,2722,2727,5,5,4,0,0,0.004830623130143551,0.004830623130143551,,,7.870145468403915e-06,,7.870145468410854e-06,,,0,1,0,calibration_validation,0,False,0,False
ice_native_0p20_v02,ice,ice,slip_candidate,0.2,39,2728,2748,20,20,18,9,9,0.02393933469087087,0.02393933469087087,0.02393933469087087,1.3324550981349517,8.819575980242422e-05,8.819575980242422e-05,8.819575980241728e-05,8.819575980241728e-05,7.456663792848595e-05,0,1,1,calibration_validation,0,False,0,False
ice_native_0p20_v02,ice,ice,slip_candidate,0.2,40,2749,2751,2,2,2,0,0,0.001351157391657064,0.001351157391657064,,,8.72973380125052e-06,,8.729733801243582e-06,,,0,1,0,calibration_validation,0,False,0,False
ice_native_0p20_v02,ice,ice,slip_candidate,0.2,41,2752,2758,6,6,6,0,0,0.006979863467998986,0.006979863467998986,,,5.2683548730387934e-05,,5.268354873039487e-05,,,0,1,0,calibration_validation,0,False,0,False
ice_native_0p20_v02,ice,ice,slip_candidate,0.2,42,2759,2767,8,8,8,0,0,0.009943446023493396,0.009943446023493395,,,0.00010443624899513903,,0.00010443624899513903,,,0,1,0,calibration_validation,0,False,0,False
ice_native_0p20_v02,ice,ice,slip_candidate,0.2,43,2768,2773,5,5,5,0,0,0.0057810789627642375,0.005781078962764237,,,4.622311176912929e-05,,4.622311176912235e-05,,,0,1,0,calibration_validation,0,False,0,False
ice_native_0p20_v02,ice,ice,slip_candidate,0.2,44,2774,2777,3,3,3,0,0,0.002989439575392082,0.002989439575392082,,,9.813662569034369e-06,,9.813662569034369e-06,,,0,1,0,calibration_validation,0,False,0,False
ice_native_0p20_v02,ice,ice,slip_candidate,0.2,45,2778,2781,3,3,3,0,0,0.003078480067242757,0.003078480067242757,,,2.6499755229720916e-05,,2.6499755229713977e-05,,,0,1,0,calibration_validation,0,False,0,False
ice_native_0p20_v02,ice,ice,slip_candidate,0.2,46,2942,3000,58,58,58,48,48,0.032391985391794095,0.030050630177198966,0.032391985391794095,1.3161541783655337,0.006640517471377695,0.006640517471377695,0.006640517471377695,0.006640517471377695,0.006284078122415521,1,1,1,calibration_validation,0,False,0,False
sand_solref_interpolation_1of3_0p20_v02,sand,sand_solref_interpolation_1of3,sink_candidate,0.2,0,79,532,453,453,441,431,431,0.01625362205078431,0.01128243896063735,0.01625362205078431,0.2378228836529588,0.006047372625576137,0.006047372625576137,0.006047372625576144,0.006047372625576144,0.005982574938848628,1,1,1,calibration_validation,0,False,61,True
sand_solref_interpolation_1of3_0p20_v02,sand,sand_solref_interpolation_1of3,sink_candidate,0.2,1,801,1148,347,347,319,309,309,0.009225775821850302,0.004569167338610606,0.009225775821850302,0.21661169192196617,0.006302606275427082,0.006302606275427082,0.006302606275427089,0.006302606275427089,0.006253571387593998,1,1,1,calibration_validation,0,False,218,True
sand_solref_interpolation_1of3_0p20_v02,sand,sand_solref_interpolation_1of3,sink_candidate,0.2,2,1378,1742,364,364,342,332,332,0.010772157771793148,0.005902286975717255,0.010772157771793148,0.24116218587785526,0.005851739200418492,0.005851739200418492,0.005851739200418495,0.005851739200418495,0.005435565773638393,1,1,1,calibration_validation,0,False,0,False
sand_solref_interpolation_1of3_0p20_v02,sand,sand_solref_interpolation_1of3,sink_candidate,0.2,3,1984,2339,355,355,336,326,326,0.011741763066146547,0.007306477611932767,0.011741763066146547,0.2872006101701731,0.006250955030026604,0.006250955030026604,0.006250955030026604,0.006250955030026604,0.005922839390109236,1,1,1,calibration_validation,0,False,32,True
sand_solref_interpolation_1of3_0p20_v02,sand,sand_solref_interpolation_1of3,sink_candidate,0.2,4,2582,2940,358,358,338,328,328,0.011707216183623258,0.0071120041697810815,0.011707216183623258,0.286661811990795,0.00619349701956914,0.00619349701956914,0.006193497019569136,0.006193497019569136,0.006018969074769662,1,1,1,calibration_validation,0,False,38,True
sand_solref_interpolation_2of3_0p20_v02,sand,sand_solref_interpolation_2of3,sink_candidate,0.2,0,65,538,473,473,455,445,445,0.005405622547337018,0.004482038864615611,0.005405622547337018,0.20805238554262073,0.008495661782040528,0.008495661782040528,0.008495661782040528,0.008495661782040528,0.008481660255090243,1,1,1,calibration_validation,0,False,325,True
sand_solref_interpolation_2of3_0p20_v02,sand,sand_solref_interpolation_2of3,sink_candidate,0.2,1,799,1160,361,361,321,311,311,0.010098418270781305,0.0036081336128575953,0.010098418270781305,0.2950558366534992,0.00883550094684071,0.00883550094684071,0.008835500946840706,0.008835500946840706,0.00881773633509382,1,1,1,calibration_validation,0,False,275,True
sand_solref_interpolation_2of3_0p20_v02,sand,sand_solref_interpolation_2of3,sink_candidate,0.2,2,1374,1750,376,376,346,336,336,0.012121991985258073,0.0060583474919914644,0.012121991985258073,0.31468487673948065,0.008049004330630823,0.008049004330630823,0.00804900433063083,0.00804900433063083,0.008004363532194775,1,1,1,calibration_validation,0,False,303,True
sand_solref_interpolation_2of3_0p20_v02,sand,sand_solref_interpolation_2of3,sink_candidate,0.2,3,1981,2348,367,367,339,329,329,0.01419758396414419,0.008527829204171644,0.01419758396414419,0.39275721460195245,0.00873905177877329,0.00873905177877329,0.008739051778773297,0.008739051778773297,0.00854365081025392,1,1,1,calibration_validation,0,False,295,True
sand_solref_interpolation_2of3_0p20_v02,sand,sand_solref_interpolation_2of3,sink_candidate,0.2,4,2580,2949,369,369,340,330,330,0.013589491515271784,0.007647913876821408,0.013589491515271784,0.3708730143295044,0.008661407266194698,0.008661407266194698,0.008661407266194701,0.008661407266194701,0.00837138267765608,1,1,1,calibration_validation,0,False,294,True
