run_id,pair_id,source_id,scenario_id,case_id,terrain_before,terrain_after,speed_mps,variation_index,phase_fraction,command_delay_s,lateral_offset_m,friction_scale_before,friction_scale_after,solref_scale_before,solref_scale_after,boundary_x_m,replicate_index,seed,duration_s,condition_sha256,development_only,permanently_excluded_from_future_blind,sample_rate_hz,physics_timestep_s,sample_count,sample_spacing_max_error_s,fusion20_shape,fusion20_finite,transition_sample_left,transition_sample_right,transition_time_left_s,transition_time_right_s,physical_slip_onset_left,physical_slip_onset_right,first_fall_sample_evaluation_only,first_fall_time_s_evaluation_only,fall_reason_evaluation_only,hard_terrain_type,surface_variation,initial_qpos_sha256,initial_qvel_sha256,upstream_controller_revision,upstream_policy_sha256,full_trace_sha256
hostv2_A_marble_ice_0p10_v0_r0,hostv2_pair_000,hostv2_source_000,A_marble_ice,A,marble,ice,0.1,0,0.07,0.0,-0.006,1.0,1.0,1.0,1.0,0.075,0,2026082100,1.2,402cc2c3bf898e8bb7362c33a88d76f8697581cd176aba0d7c8a8158c14117e0,True,True,1000,0.0005,1200,1.1015494072452725e-16,"[1200, 20]",True,36,484,0.037000000000000026,0.4850000000000004,,,,,,marble,"{""after_friction_scale"": 1.0, ""after_solref_scale"": 1.0, ""before_friction_scale"": 1.0, ""before_solref_scale"": 1.0}",16efd7be259bc0a164d0ff0cc650858ab4acbb86323e30209033f460a5a4d7e3,5aaae4f997b9abbc4d53838f12300b38bd27cd5fab2573f5bbc4cf7b5734b37b,1425b15f73bd4095f0df53709d7c389c3eb9e790,2a66ca6336eadb3c0b34b557763f3e06d01ff8fcf6260dd4cedbd69d6093fc28,d5662bccebad4cab3ef19a3e29852868bcfea198c6b8297575aa0474d9488220
hostv2_A_marble_ice_0p10_v0_r1,hostv2_pair_001,hostv2_source_001,A_marble_ice,A,marble,ice,0.1,0,0.07,0.0,-0.006,1.0,1.0,1.0,1.0,0.075,1,2026082101,1.2,0da415ebabd48536070bae997919f1647d41a101bdbf6fb0f5fb43515b7d678a,True,True,1000,0.0005,1200,1.1015494072452725e-16,"[1200, 20]",True,36,484,0.037000000000000026,0.4850000000000004,,,,,,marble,"{""after_friction_scale"": 1.0, ""after_solref_scale"": 1.0, ""before_friction_scale"": 1.0, ""before_solref_scale"": 1.0}",b05ea763811239e4d7b7103f53dca70069654280ddddabbb539901539b38a1ba,389e566f63594b72a694952fecc436b3bd0c60ef8920ef061ac5c90121b4233a,1425b15f73bd4095f0df53709d7c389c3eb9e790,2a66ca6336eadb3c0b34b557763f3e06d01ff8fcf6260dd4cedbd69d6093fc28,4aed1c49f95855af34fac387eebffe26fe56156fc866811761a10c54bb289904
hostv2_A_marble_ice_0p15_v0_r0,hostv2_pair_002,hostv2_source_002,A_marble_ice,A,marble,ice,0.15,0,0.07,0.0,-0.006,1.0,1.0,1.0,1.0,0.075,0,2026082102,1.2,53b716af15f8ee64f43478321ef20510f0f13e474f3c665cd7f687ff78bb2c17,True,True,1000,0.0005,1200,1.1015494072452725e-16,"[1200, 20]",True,216,400,0.21700000000000016,0.4010000000000003,748,,,,,marble,"{""after_friction_scale"": 1.0, ""after_solref_scale"": 1.0, ""before_friction_scale"": 1.0, ""before_solref_scale"": 1.0}",405a7af375be0575cef5332f19679a55d1fa71fe150da24ab77ca871b970efb9,572bef1c998403e0d1d058c65770261909fa5d86d00d973f3f6367810163b951,1425b15f73bd4095f0df53709d7c389c3eb9e790,2a66ca6336eadb3c0b34b557763f3e06d01ff8fcf6260dd4cedbd69d6093fc28,da4358878f3578d4ef40bedbc8d8f7e58e23813542fb4a608575f9d05249ea43
hostv2_A_marble_ice_0p15_v0_r1,hostv2_pair_003,hostv2_source_003,A_marble_ice,A,marble,ice,0.15,0,0.07,0.0,-0.006,1.0,1.0,1.0,1.0,0.075,1,2026082103,1.2,1f74e2da2a70227d5de383f63bdaeba36ed2688cd1d647e906e1239cb76a6e95,True,True,1000,0.0005,1200,1.1015494072452725e-16,"[1200, 20]",True,215,383,0.21600000000000016,0.3840000000000003,754,,,,,marble,"{""after_friction_scale"": 1.0, ""after_solref_scale"": 1.0, ""before_friction_scale"": 1.0, ""before_solref_scale"": 1.0}",f4cad4d43f5f100459fb4cf952c3113be2b346050ca46fe91a9099ebaaf1af87,d676c53da1f6da00a30fea1fb3fdb6d3fa488dffe5c7df10ff4ac834601d0b9b,1425b15f73bd4095f0df53709d7c389c3eb9e790,2a66ca6336eadb3c0b34b557763f3e06d01ff8fcf6260dd4cedbd69d6093fc28,3841abee62b73f705633e93d4f3d84249c0cef10978a8c7853a5bbc329b22840
hostv2_A_marble_ice_0p20_v0_r0,hostv2_pair_004,hostv2_source_004,A_marble_ice,A,marble,ice,0.2,0,0.07,0.0,-0.006,1.0,1.0,1.0,1.0,0.075,0,2026082104,1.2,727a6cb157a6928d6df9fb1dfde6c05499c8b9251f698556a948281db922e515,True,True,1000,0.0005,1200,1.1015494072452725e-16,"[1200, 20]",True,226,380,0.22700000000000017,0.3810000000000003,,,,,,marble,"{""after_friction_scale"": 1.0, ""after_solref_scale"": 1.0, ""before_friction_scale"": 1.0, ""before_solref_scale"": 1.0}",7f8db5964f70ff89d4328c1e6ed6a39eb8dd1d52cfbad57485b4d15fd0433c8f,24d6ba6c28394c2f1cd38266d29062727c4a6fd576ad66cc1b46c711b7cbed38,1425b15f73bd4095f0df53709d7c389c3eb9e790,2a66ca6336eadb3c0b34b557763f3e06d01ff8fcf6260dd4cedbd69d6093fc28,7602f989a9b2af0c69b26588f0a39185610f1c4f9f5665277d4089423ce1b09b
hostv2_A_marble_ice_0p20_v0_r1,hostv2_pair_005,hostv2_source_005,A_marble_ice,A,marble,ice,0.2,0,0.07,0.0,-0.006,1.0,1.0,1.0,1.0,0.075,1,2026082105,1.2,96117551136ca988468d1e6545a2322342262fff0f37c028be12edb473e360cc,True,True,1000,0.0005,1200,1.1015494072452725e-16,"[1200, 20]",True,227,380,0.22800000000000017,0.3810000000000003,,,,,,marble,"{""after_friction_scale"": 1.0, ""after_solref_scale"": 1.0, ""before_friction_scale"": 1.0, ""before_solref_scale"": 1.0}",8a91352977273bda281015df7271dd586e755295663d6d8acde13f4cfce86fb6,1694fc575b9094676435e328f0491561b2ab3f34b082152c45273868b0b2397c,1425b15f73bd4095f0df53709d7c389c3eb9e790,2a66ca6336eadb3c0b34b557763f3e06d01ff8fcf6260dd4cedbd69d6093fc28,cf37e72c2dc3154f133b67cfd9d8b522119d4abe424e0d578898d0142af64ca7
hostv2_A_concrete_ice_0p10_v0_r0,hostv2_pair_006,hostv2_source_006,A_concrete_ice,A,concrete,ice,0.1,0,0.07,0.0,-0.006,1.0,1.0,1.0,1.0,0.075,0,2026082106,1.2,91ad41646aad996ca24e5d427d87ac0b4640699b25cfa4cc3338fadf31d311bc,True,True,1000,0.0005,1200,1.1015494072452725e-16,"[1200, 20]",True,36,485,0.037000000000000026,0.4860000000000004,,,,,,concrete,"{""after_friction_scale"": 1.0, ""after_solref_scale"": 1.0, ""before_friction_scale"": 1.0, ""before_solref_scale"": 1.0}",cf4fadef639896f78ce8a315a68c16fa0924af3c5dcd6c7f6e7a640fe197384e,a2a0337360ebfd8c94272f460053580140d35b16d0e0902746c7824a5a5d1709,1425b15f73bd4095f0df53709d7c389c3eb9e790,2a66ca6336eadb3c0b34b557763f3e06d01ff8fcf6260dd4cedbd69d6093fc28,6495503a71e16e979eeac8ce4b0f218405d34f0ca166aa1832015219de53b750
hostv2_A_concrete_ice_0p10_v0_r1,hostv2_pair_007,hostv2_source_007,A_concrete_ice,A,concrete,ice,0.1,0,0.07,0.0,-0.006,1.0,1.0,1.0,1.0,0.075,1,2026082107,1.2,636d7117b8cc1a6c819cefb84a2e069b2913a46db94f660f388a5c08fccb30a3,True,True,1000,0.0005,1200,1.1015494072452725e-16,"[1200, 20]",True,36,487,0.037000000000000026,0.4880000000000004,,,,,,concrete,"{""after_friction_scale"": 1.0, ""after_solref_scale"": 1.0, ""before_friction_scale"": 1.0, ""before_solref_scale"": 1.0}",77a533884fc1c13872028f3a837b83c70fd9a7590d1323e8300b6e4c54b3e48d,231d66224c7f8a8d2ab347240d758f6ad541971d0a138abf07a56f761745a40d,1425b15f73bd4095f0df53709d7c389c3eb9e790,2a66ca6336eadb3c0b34b557763f3e06d01ff8fcf6260dd4cedbd69d6093fc28,2656c335716ef6da16c9f2675f77df3312d9645aab4ba2d8a8ae600eadeabd58
hostv2_A_concrete_ice_0p15_v0_r0,hostv2_pair_008,hostv2_source_008,A_concrete_ice,A,concrete,ice,0.15,0,0.07,0.0,-0.006,1.0,1.0,1.0,1.0,0.075,0,2026082108,1.2,8298f447290547f97e4d9b7a347525b1f4eae7adfae9ec782ba4abc39d50c607,True,True,1000,0.0005,1200,1.1015494072452725e-16,"[1200, 20]",True,216,420,0.21700000000000016,0.4210000000000003,770,,,,,concrete,"{""after_friction_scale"": 1.0, ""after_solref_scale"": 1.0, ""before_friction_scale"": 1.0, ""before_solref_scale"": 1.0}",ae296353c8f115444c83bc089de94cf9da56b98ea70f3b69ab0d24170e46de89,73b4ccfc1801a8ca5d587b0034d12bae787473ed5e6b76934061605cea8bfee1,1425b15f73bd4095f0df53709d7c389c3eb9e790,2a66ca6336eadb3c0b34b557763f3e06d01ff8fcf6260dd4cedbd69d6093fc28,88769f6465c79426ee939769cc6189d2cb8b2e51679e50ddf98e8d06c698d821
hostv2_A_concrete_ice_0p15_v0_r1,hostv2_pair_009,hostv2_source_009,A_concrete_ice,A,concrete,ice,0.15,0,0.07,0.0,-0.006,1.0,1.0,1.0,1.0,0.075,1,2026082109,1.2,9abe439f4c24737d01176b2e42f280fc8fff34b89efa177b58bd896955c55a4b,True,True,1000,0.0005,1200,1.1015494072452725e-16,"[1200, 20]",True,215,420,0.21600000000000016,0.4210000000000003,759,,,,,concrete,"{""after_friction_scale"": 1.0, ""after_solref_scale"": 1.0, ""before_friction_scale"": 1.0, ""before_solref_scale"": 1.0}",81edc5c0776fd085978f7bb2da3a41be9f243951583b8918f5b9629d1f79651c,b8455b6fdad47de99775bf641bd720c99913e9c5071501d44967f9e937909a02,1425b15f73bd4095f0df53709d7c389c3eb9e790,2a66ca6336eadb3c0b34b557763f3e06d01ff8fcf6260dd4cedbd69d6093fc28,c0fb1662d8e517d07ac31756ef88d64399bf0f2bd81fc2ea0e5244be122035b3
hostv2_A_concrete_ice_0p20_v0_r0,hostv2_pair_010,hostv2_source_010,A_concrete_ice,A,concrete,ice,0.2,0,0.07,0.0,-0.006,1.0,1.0,1.0,1.0,0.075,0,2026082110,1.2,537b07dcac29f600c258bdbf4fb50060fdb8b978b1c5dbfc6cde50a5162871a6,True,True,1000,0.0005,1200,1.1015494072452725e-16,"[1200, 20]",True,228,400,0.22900000000000018,0.4010000000000003,,,,,,concrete,"{""after_friction_scale"": 1.0, ""after_solref_scale"": 1.0, ""before_friction_scale"": 1.0, ""before_solref_scale"": 1.0}",5b3b03a408692a096abf6c115635562e6d2bca926bbba94e27033bc76d16f4de,61f028825ad2f4935ed58af861c906230b8f2437b5453b8bb959a619a90dddbb,1425b15f73bd4095f0df53709d7c389c3eb9e790,2a66ca6336eadb3c0b34b557763f3e06d01ff8fcf6260dd4cedbd69d6093fc28,d1bc9de3ac5d55e8442d0d6912560c69fa4c5289dd90a5a81f19bb5821c51cd8
hostv2_A_concrete_ice_0p20_v0_r1,hostv2_pair_011,hostv2_source_011,A_concrete_ice,A,concrete,ice,0.2,0,0.07,0.0,-0.006,1.0,1.0,1.0,1.0,0.075,1,2026082111,1.2,9c904f890d0ed2e1592c565d3e177b96a6438fde5d2bcb1c651096a2f69b9c47,True,True,1000,0.0005,1200,1.1015494072452725e-16,"[1200, 20]",True,228,400,0.22900000000000018,0.4010000000000003,,,,,,concrete,"{""after_friction_scale"": 1.0, ""after_solref_scale"": 1.0, ""before_friction_scale"": 1.0, ""before_solref_scale"": 1.0}",e48ca04cfb9a095cee38036c47936602ed9649a94bc8964a3ccc3f9b015a9065,ad701f79f1ad5ab2b3d01842a529b5ddf4020a12279a7094d31e1ec1ec1743f9,1425b15f73bd4095f0df53709d7c389c3eb9e790,2a66ca6336eadb3c0b34b557763f3e06d01ff8fcf6260dd4cedbd69d6093fc28,c5d01abac0be03218f6ebcae1de3b0a8eab23fbf7ad2dd2161418b7afe28f8dc
hostv2_N_marble_concrete_0p10_v0_r0,hostv2_pair_012,hostv2_source_012,N_marble_concrete,N,marble,concrete,0.1,0,0.07,0.0,-0.006,1.0,1.0,1.0,1.0,0.075,0,2026082112,1.2,3b80c67ed6f144e00a6da10276ec7e9317e545f7c3b4f80460464ce5dad5b5d2,True,True,1000,0.0005,1200,1.1015494072452725e-16,"[1200, 20]",True,36,503,0.037000000000000026,0.5039999999999999,,,,,,marble,"{""after_friction_scale"": 1.0, ""after_solref_scale"": 1.0, ""before_friction_scale"": 1.0, ""before_solref_scale"": 1.0}",bf86546fc7c4b234f127fe1270fb447fdd02b13e59d3d26d780fecc66c50267b,cae37bc9ab42209d58dc5bd3d1fdb0226aed94a605f9e3684b4cdfbeee6db01f,1425b15f73bd4095f0df53709d7c389c3eb9e790,2a66ca6336eadb3c0b34b557763f3e06d01ff8fcf6260dd4cedbd69d6093fc28,676f6c145945d776784d2d5f77734f75057eda7f7e3cc6cae1c0f2b7076fb85f
hostv2_N_marble_concrete_0p10_v0_r1,hostv2_pair_013,hostv2_source_013,N_marble_concrete,N,marble,concrete,0.1,0,0.07,0.0,-0.006,1.0,1.0,1.0,1.0,0.075,1,2026082113,1.2,bd84a59c096c598c8171a987e20f8ef3f0ae792487f77e3b7897c760b346d0f5,True,True,1000,0.0005,1200,1.1015494072452725e-16,"[1200, 20]",True,36,502,0.037000000000000026,0.503,,,,,,marble,"{""after_friction_scale"": 1.0, ""after_solref_scale"": 1.0, ""before_friction_scale"": 1.0, ""before_solref_scale"": 1.0}",32327b71ad9114b77206cd2b0d24b800bf460321f135b5a9edbd7af0e17c6489,c190adb88eb5ee154a448a51cd396c7420546224ac9aa45a4c761b67dbd2c8ff,1425b15f73bd4095f0df53709d7c389c3eb9e790,2a66ca6336eadb3c0b34b557763f3e06d01ff8fcf6260dd4cedbd69d6093fc28,eedaaac65ba6431153a8f9463013709d0d38f5683f431eef74ced8e93a21bae6
hostv2_N_marble_concrete_0p15_v0_r0,hostv2_pair_014,hostv2_source_014,N_marble_concrete,N,marble,concrete,0.15,0,0.07,0.0,-0.006,1.0,1.0,1.0,1.0,0.075,0,2026082114,1.2,5c56d5d84cb2a5761f3c6a8de5228f8e60242d1632aac7ac0dc6b7942546918c,True,True,1000,0.0005,1200,1.1015494072452725e-16,"[1200, 20]",True,219,440,0.22000000000000017,0.44100000000000034,,,,,,marble,"{""after_friction_scale"": 1.0, ""after_solref_scale"": 1.0, ""before_friction_scale"": 1.0, ""before_solref_scale"": 1.0}",58472726c41f21c17311bb63e2ee8fb6736fd054a390145dcf89123ab5fdc82a,6584b3f17e6ec0da7352fd37e0fbdf774adeab00e59c771850f44f27925ef24e,1425b15f73bd4095f0df53709d7c389c3eb9e790,2a66ca6336eadb3c0b34b557763f3e06d01ff8fcf6260dd4cedbd69d6093fc28,20c46f253a771e6dcc03280acafceea296129efdbd8daa840a72765561cbae25
hostv2_N_marble_concrete_0p15_v0_r1,hostv2_pair_015,hostv2_source_015,N_marble_concrete,N,marble,concrete,0.15,0,0.07,0.0,-0.006,1.0,1.0,1.0,1.0,0.075,1,2026082115,1.2,50e20134d731332bae8c7c6b02217c2de602e6e6d963f84b3e5c001de9b80de5,True,True,1000,0.0005,1200,1.1015494072452725e-16,"[1200, 20]",True,218,440,0.21900000000000017,0.44100000000000034,,,,,,marble,"{""after_friction_scale"": 1.0, ""after_solref_scale"": 1.0, ""before_friction_scale"": 1.0, ""before_solref_scale"": 1.0}",c7398692d13a0be55ae226f2c77cccbe6538867777e05c5a39b419e95de69c98,5573e1dda70d4d4c000e7c0cf6da6bb60bc29e568455de34deea9e57720487b0,1425b15f73bd4095f0df53709d7c389c3eb9e790,2a66ca6336eadb3c0b34b557763f3e06d01ff8fcf6260dd4cedbd69d6093fc28,a1e239685f936caea44347dac3e42bc01251e2384adbbece46f5a773daa7de33
hostv2_N_marble_concrete_0p20_v0_r0,hostv2_pair_016,hostv2_source_016,N_marble_concrete,N,marble,concrete,0.2,0,0.07,0.0,-0.006,1.0,1.0,1.0,1.0,0.075,0,2026082116,1.2,07dcf088699c5d820fbd4cded0e3393b2962a2ce4e22f322bd7d1a61278b4b5f,True,True,1000,0.0005,1200,1.1015494072452725e-16,"[1200, 20]",True,225,420,0.22600000000000017,0.4210000000000003,,,,,,marble,"{""after_friction_scale"": 1.0, ""after_solref_scale"": 1.0, ""before_friction_scale"": 1.0, ""before_solref_scale"": 1.0}",9468f1e4898300821a0f9ff1ff38459b6bbffc622cfcb66351c9840693c4c475,b6fe2995a51332f8544ce6b915ff06c6227f062cc741967f6f5141450e05f173,1425b15f73bd4095f0df53709d7c389c3eb9e790,2a66ca6336eadb3c0b34b557763f3e06d01ff8fcf6260dd4cedbd69d6093fc28,54884f4542092ac8386291400f7e3d3da57541a7e77c80615946030a61c1e90a
hostv2_N_marble_concrete_0p20_v0_r1,hostv2_pair_017,hostv2_source_017,N_marble_concrete,N,marble,concrete,0.2,0,0.07,0.0,-0.006,1.0,1.0,1.0,1.0,0.075,1,2026082117,1.2,a95acddfb0887ebacab15cbb7174d23746f466c601ab5c199a6768ebe4371239,True,True,1000,0.0005,1200,1.1015494072452725e-16,"[1200, 20]",True,224,420,0.22500000000000017,0.4210000000000003,,,,,,marble,"{""after_friction_scale"": 1.0, ""after_solref_scale"": 1.0, ""before_friction_scale"": 1.0, ""before_solref_scale"": 1.0}",4e5c970bb86bf249be07e6f012fd8cc4f74c0d735807740117fd7ebd2faa632c,bfe2a838925038a6be0c2ba76e4c364f05c1ec7a4335a18fbbb84a863cf7ebdb,1425b15f73bd4095f0df53709d7c389c3eb9e790,2a66ca6336eadb3c0b34b557763f3e06d01ff8fcf6260dd4cedbd69d6093fc28,3ad331c5c587dde79eee6d37efd1df86b5a09cd1905c39315b66611941cbc3a1
hostv2_N_concrete_marble_0p10_v0_r0,hostv2_pair_018,hostv2_source_018,N_concrete_marble,N,concrete,marble,0.1,0,0.07,0.0,-0.006,1.0,1.0,1.0,1.0,0.075,0,2026082118,1.2,d007b33e863b6ffb1148d7806e87d07d67a3503f661aa130811824f7f01b8335,True,True,1000,0.0005,1200,1.1015494072452725e-16,"[1200, 20]",True,36,500,0.037000000000000026,0.5010000000000002,,,,,,concrete,"{""after_friction_scale"": 1.0, ""after_solref_scale"": 1.0, ""before_friction_scale"": 1.0, ""before_solref_scale"": 1.0}",181bd9216307f94bd82f4eac9b15eaae6c6bc8529b078aff6aa07eac4bb7b9ac,b66cb03f18a268af2b307f6f18ebec353db609d3757dfdb77028e00191feb3b4,1425b15f73bd4095f0df53709d7c389c3eb9e790,2a66ca6336eadb3c0b34b557763f3e06d01ff8fcf6260dd4cedbd69d6093fc28,403606ea277a24653858de5661b1edc04ce54ed598fe67eacae93b03a95c6dd3
hostv2_N_concrete_marble_0p10_v0_r1,hostv2_pair_019,hostv2_source_019,N_concrete_marble,N,concrete,marble,0.1,0,0.07,0.0,-0.006,1.0,1.0,1.0,1.0,0.075,1,2026082119,1.2,adf57294fca82eb0915056dc15d0aae4cf2ad8d3f9579ddd1e4f7dedb85152b4,True,True,1000,0.0005,1200,1.1015494072452725e-16,"[1200, 20]",True,36,500,0.037000000000000026,0.5010000000000002,,,,,,concrete,"{""after_friction_scale"": 1.0, ""after_solref_scale"": 1.0, ""before_friction_scale"": 1.0, ""before_solref_scale"": 1.0}",67d5ba33620ce190ba1180cdbb7fb5e4253aa2516ceb2e2aedcd687dccf3a96c,33af066adfe8df100e5e6a635fa8680cbdf96cf6b775b8dbb6804e36dc78d336,1425b15f73bd4095f0df53709d7c389c3eb9e790,2a66ca6336eadb3c0b34b557763f3e06d01ff8fcf6260dd4cedbd69d6093fc28,4c1913ed5d7681574e80b0b1a12d9cf846e1a4c05e2ff6a62651e898aa1fc3aa
hostv2_N_concrete_marble_0p15_v0_r0,hostv2_pair_020,hostv2_source_020,N_concrete_marble,N,concrete,marble,0.15,0,0.07,0.0,-0.006,1.0,1.0,1.0,1.0,0.075,0,2026082120,1.2,09a0821ed0a95cba667e6b40f42f2de87faeb7dee3f6f3e28787fedfc4a8f90b,True,True,1000,0.0005,1200,1.1015494072452725e-16,"[1200, 20]",True,216,441,0.21700000000000016,0.44200000000000034,,,,,,concrete,"{""after_friction_scale"": 1.0, ""after_solref_scale"": 1.0, ""before_friction_scale"": 1.0, ""before_solref_scale"": 1.0}",066cc5e2e1ad83c8299b1ae8447ae8a87cf093269a3319d3f8be67fecfd0baba,4daa74eba4a15a85b7cdd0d7f74ca319e636e9803fb9ef9dae75ddc5847c55ed,1425b15f73bd4095f0df53709d7c389c3eb9e790,2a66ca6336eadb3c0b34b557763f3e06d01ff8fcf6260dd4cedbd69d6093fc28,17c00083535065e95307cc29768c5d1ad421d1d720756ea7751a2aaedf7e4383
hostv2_N_concrete_marble_0p15_v0_r1,hostv2_pair_021,hostv2_source_021,N_concrete_marble,N,concrete,marble,0.15,0,0.07,0.0,-0.006,1.0,1.0,1.0,1.0,0.075,1,2026082121,1.2,fc4c5246b527cab5e7057077bcd1766f71f01dacdaefaee54821644569c18ef4,True,True,1000,0.0005,1200,1.1015494072452725e-16,"[1200, 20]",True,214,440,0.21500000000000016,0.44100000000000034,,,,,,concrete,"{""after_friction_scale"": 1.0, ""after_solref_scale"": 1.0, ""before_friction_scale"": 1.0, ""before_solref_scale"": 1.0}",17e455cec0d48cc7e50b2e880d84e55facf9f7a9fa1da6435b22438b5d8fbfb7,5ad1b76d6f349f6c76136cd55df0dea23a7496835c0d3f4f9dacf0edcfb0147d,1425b15f73bd4095f0df53709d7c389c3eb9e790,2a66ca6336eadb3c0b34b557763f3e06d01ff8fcf6260dd4cedbd69d6093fc28,b12079fe441693b91d67053774eb2ed9d646e6b337ed3784fcd3d488e0717040
hostv2_N_concrete_marble_0p20_v0_r0,hostv2_pair_022,hostv2_source_022,N_concrete_marble,N,concrete,marble,0.2,0,0.07,0.0,-0.006,1.0,1.0,1.0,1.0,0.075,0,2026082122,1.2,8c5b0914aadabcd0e4f7bb0fda26bec6c77e307d41165100c1533ae509fd93a7,True,True,1000,0.0005,1200,1.1015494072452725e-16,"[1200, 20]",True,225,420,0.22600000000000017,0.4210000000000003,,,,,,concrete,"{""after_friction_scale"": 1.0, ""after_solref_scale"": 1.0, ""before_friction_scale"": 1.0, ""before_solref_scale"": 1.0}",4379c33168d1e48b5d7dd22a1f9cd1a68c36a9af6b9def4f5e0d9371e2339c36,50e1fce9acd52eba2b49c3bf4b38fe563cf8e0e961273e753be78c489984081b,1425b15f73bd4095f0df53709d7c389c3eb9e790,2a66ca6336eadb3c0b34b557763f3e06d01ff8fcf6260dd4cedbd69d6093fc28,b070b9621758b01da8f808023051b8e392b5784b680af7c57e180db251af5bc4
hostv2_N_concrete_marble_0p20_v0_r1,hostv2_pair_023,hostv2_source_023,N_concrete_marble,N,concrete,marble,0.2,0,0.07,0.0,-0.006,1.0,1.0,1.0,1.0,0.075,1,2026082123,1.2,b3d2469ad575619dc041c393fffef8a87ac4927b0415fc00638c108407779910,True,True,1000,0.0005,1200,1.1015494072452725e-16,"[1200, 20]",True,224,420,0.22500000000000017,0.4210000000000003,,,,,,concrete,"{""after_friction_scale"": 1.0, ""after_solref_scale"": 1.0, ""before_friction_scale"": 1.0, ""before_solref_scale"": 1.0}",336eff07c0622362ea98d9f734bc5a8ba59464a33a3e60c08152a74084e5dfb9,42b123407e81522b42c73c95d19063eaf0d31275de8aa4a1e1da114f538390ff,1425b15f73bd4095f0df53709d7c389c3eb9e790,2a66ca6336eadb3c0b34b557763f3e06d01ff8fcf6260dd4cedbd69d6093fc28,e1ef899dfb2d6d1ede01e599eacef9bd41aa33ed709a480b1c876c7e04fa130d
hostv2_B_marble_sand_0p10_v0_r0,hostv2_pair_024,hostv2_source_024,B_marble_sand,B,marble,sand,0.1,0,0.07,0.0,-0.006,1.0,1.0,1.0,1.0,0.075,0,2026082124,1.2,98a815ebefde750aefadb6e30853a27755b6341531fbc5550aafa896df076f6f,True,True,1000,0.0005,1200,1.1015494072452725e-16,"[1200, 20]",True,36,190,0.037000000000000026,0.19100000000000014,,,,,,marble,"{""after_friction_scale"": 1.0, ""after_solref_scale"": 1.0, ""before_friction_scale"": 1.0, ""before_solref_scale"": 1.0}",bd9a9d0cf20a345c003657d40d0ce7af01d327f968f6a8ed7b7c5bf9b2bfcb4e,323768d64e08236bcad13a1229b79486580623417b608101af6e41c469ebdab7,1425b15f73bd4095f0df53709d7c389c3eb9e790,2a66ca6336eadb3c0b34b557763f3e06d01ff8fcf6260dd4cedbd69d6093fc28,55daf43b0bf33e03955195c59524ed6c4473992abdd2137522d0b2665f9a7494
hostv2_B_marble_sand_0p10_v0_r1,hostv2_pair_025,hostv2_source_025,B_marble_sand,B,marble,sand,0.1,0,0.07,0.0,-0.006,1.0,1.0,1.0,1.0,0.075,1,2026082125,1.2,b73d4a41db21b8fe072becdf1b2662a3faa17874f2bb8df8758b6f27628e9b9a,True,True,1000,0.0005,1200,1.1015494072452725e-16,"[1200, 20]",True,36,190,0.037000000000000026,0.19100000000000014,,,,,,marble,"{""after_friction_scale"": 1.0, ""after_solref_scale"": 1.0, ""before_friction_scale"": 1.0, ""before_solref_scale"": 1.0}",c7702f9b5c93516ee6d1f16bf52487cf8b7119621fbe8c430409d64003f3998e,8fd1b34ac4df20b4fbf2787c299a3a1a2f42bfca942e30fe321a86ea6a3dc9ac,1425b15f73bd4095f0df53709d7c389c3eb9e790,2a66ca6336eadb3c0b34b557763f3e06d01ff8fcf6260dd4cedbd69d6093fc28,5feba85e06dd0edfec36a22601b497949e44a28e50b856388bce98ea5fb03fe1
hostv2_B_marble_sand_0p15_v0_r0,hostv2_pair_026,hostv2_source_026,B_marble_sand,B,marble,sand,0.15,0,0.07,0.0,-0.006,1.0,1.0,1.0,1.0,0.075,0,2026082126,1.2,46023ea801fe55e3aa409ee845c3e77ab96cffa2736b1f137cf052d507b95006,True,True,1000,0.0005,1200,1.1015494072452725e-16,"[1200, 20]",True,541,190,0.5419999999999957,0.19100000000000014,,,,,,marble,"{""after_friction_scale"": 1.0, ""after_solref_scale"": 1.0, ""before_friction_scale"": 1.0, ""before_solref_scale"": 1.0}",36137544159a683073de5924abe2735fa130aa770f373a9453f1e59a10fb199b,35bfec95361d52f09e03f0af06a6f9cac806235be373bba04419660568d0650f,1425b15f73bd4095f0df53709d7c389c3eb9e790,2a66ca6336eadb3c0b34b557763f3e06d01ff8fcf6260dd4cedbd69d6093fc28,58e064e5e8d81185d313a18fd6ee8e9b9df1218f40eb46eab42a852d75df886b
hostv2_B_marble_sand_0p15_v0_r1,hostv2_pair_027,hostv2_source_027,B_marble_sand,B,marble,sand,0.15,0,0.07,0.0,-0.006,1.0,1.0,1.0,1.0,0.075,1,2026082127,1.2,13d11f60bd4bd12646723eb80eadd31d5dff0762abcc97be68c9e31c709632be,True,True,1000,0.0005,1200,1.1015494072452725e-16,"[1200, 20]",True,541,190,0.5419999999999957,0.19100000000000014,,,,,,marble,"{""after_friction_scale"": 1.0, ""after_solref_scale"": 1.0, ""before_friction_scale"": 1.0, ""before_solref_scale"": 1.0}",446bd099da21de5f1bc4495bbd6e55597a361df8789ecc26eb50e2ddc8a62d19,822a998513d6c001d4110b75271ed342c03e071a34b15f44915490581db49959,1425b15f73bd4095f0df53709d7c389c3eb9e790,2a66ca6336eadb3c0b34b557763f3e06d01ff8fcf6260dd4cedbd69d6093fc28,5ecce268ef9d5d7e24c917b21dd688e8e354457cf2f433854816068a447f940e
hostv2_B_marble_sand_0p20_v0_r0,hostv2_pair_028,hostv2_source_028,B_marble_sand,B,marble,sand,0.2,0,0.07,0.0,-0.006,1.0,1.0,1.0,1.0,0.075,0,2026082128,1.2,9981df3b3aa82e744eb4b1ed599399c696f703695731627b0fc1750e119f146c,True,True,1000,0.0005,1200,1.1015494072452725e-16,"[1200, 20]",True,537,140,0.5379999999999961,0.1410000000000001,1145,,,,,marble,"{""after_friction_scale"": 1.0, ""after_solref_scale"": 1.0, ""before_friction_scale"": 1.0, ""before_solref_scale"": 1.0}",e5cca1d6f073b1cd687745ebb0a8e63865a823449c15269a03a91d6a6d4d9e69,b22b1c422e4145b10a7fd978635eb054104e9be5d07cc52c030b4af286d680c2,1425b15f73bd4095f0df53709d7c389c3eb9e790,2a66ca6336eadb3c0b34b557763f3e06d01ff8fcf6260dd4cedbd69d6093fc28,779d92608b8f395a38056291a435b809760a751e9c7edf7ad6a73aaf266e98e6
hostv2_B_marble_sand_0p20_v0_r1,hostv2_pair_029,hostv2_source_029,B_marble_sand,B,marble,sand,0.2,0,0.07,0.0,-0.006,1.0,1.0,1.0,1.0,0.075,1,2026082129,1.2,3bbca754d7548e1b758e5bed88bce40a0811c3cb1f9694224c9b2f1d341101cd,True,True,1000,0.0005,1200,1.1015494072452725e-16,"[1200, 20]",True,537,191,0.5379999999999961,0.19200000000000014,1144,,,,,marble,"{""after_friction_scale"": 1.0, ""after_solref_scale"": 1.0, ""before_friction_scale"": 1.0, ""before_solref_scale"": 1.0}",113b2d47610300b7fc2fb808934fbb7c000487f8c645caae208ff2d819dbc00a,1193a4663e45aba04182f430fb225decdb663d91910ce31225da9232ec802577,1425b15f73bd4095f0df53709d7c389c3eb9e790,2a66ca6336eadb3c0b34b557763f3e06d01ff8fcf6260dd4cedbd69d6093fc28,1b103179e913aced08424dc9ceae377bb8616cbc8312c685928b7aa5658a1b3c
hostv2_B_concrete_sand_0p10_v0_r0,hostv2_pair_030,hostv2_source_030,B_concrete_sand,B,concrete,sand,0.1,0,0.07,0.0,-0.006,1.0,1.0,1.0,1.0,0.075,0,2026082130,1.2,9fb32e2153cb60992e1b6dab24b0f4d04c657bd8c54949fb624d344abf1dfcd0,True,True,1000,0.0005,1200,1.1015494072452725e-16,"[1200, 20]",True,36,188,0.037000000000000026,0.18900000000000014,,,,,,concrete,"{""after_friction_scale"": 1.0, ""after_solref_scale"": 1.0, ""before_friction_scale"": 1.0, ""before_solref_scale"": 1.0}",36249c11989b273660b837fc13f8a540781756a380aeb22f729182a7eb17104c,0f88d04c2081695024a6f47bf3ebb11c37775d706d6f4aeb8d6a2f52666f7efa,1425b15f73bd4095f0df53709d7c389c3eb9e790,2a66ca6336eadb3c0b34b557763f3e06d01ff8fcf6260dd4cedbd69d6093fc28,8e7f2015465a21f76f6fdeb0861d91a67eaab277ed7a55e0cd079a420714c5fd
hostv2_B_concrete_sand_0p10_v0_r1,hostv2_pair_031,hostv2_source_031,B_concrete_sand,B,concrete,sand,0.1,0,0.07,0.0,-0.006,1.0,1.0,1.0,1.0,0.075,1,2026082131,1.2,18fecf886ffb02964e74dc2c66837b6aa917f64df5c87caa25f07780f423c0b2,True,True,1000,0.0005,1200,1.1015494072452725e-16,"[1200, 20]",True,36,188,0.037000000000000026,0.18900000000000014,,,,,,concrete,"{""after_friction_scale"": 1.0, ""after_solref_scale"": 1.0, ""before_friction_scale"": 1.0, ""before_solref_scale"": 1.0}",388430f456a78356ccd33fa15ada11c982deb73a099c17e842fc5c377a2dd72d,c32ed3b70d42d82e8261a5e5b795696ce401a57cbc05ac740403622027b0fbb1,1425b15f73bd4095f0df53709d7c389c3eb9e790,2a66ca6336eadb3c0b34b557763f3e06d01ff8fcf6260dd4cedbd69d6093fc28,868a9190354e72d590c664e7ad63642aa039e38a87e7690383da6d5eeb81f405
hostv2_B_concrete_sand_0p15_v0_r0,hostv2_pair_032,hostv2_source_032,B_concrete_sand,B,concrete,sand,0.15,0,0.07,0.0,-0.006,1.0,1.0,1.0,1.0,0.075,0,2026082132,1.2,99f6b9b35519b7ae058d6fbe5e359836f44eb3ce28eb4a9da7dbc4f031b4dc1f,True,True,1000,0.0005,1200,1.1015494072452725e-16,"[1200, 20]",True,541,188,0.5419999999999957,0.18900000000000014,1151,,,,,concrete,"{""after_friction_scale"": 1.0, ""after_solref_scale"": 1.0, ""before_friction_scale"": 1.0, ""before_solref_scale"": 1.0}",93e999e8845ec479b3ab6ab70a84e84412afc85b399c5c3ca08bc43f0ff88592,205b8e548269b19107a3ec28b9b157c7bd8e35bd9e53c75ff8954a5a44f2a71c,1425b15f73bd4095f0df53709d7c389c3eb9e790,2a66ca6336eadb3c0b34b557763f3e06d01ff8fcf6260dd4cedbd69d6093fc28,0c9649a2a71abd3635c35911dc1a10e7847fa281a3c36e50496a372f91941f03
hostv2_B_concrete_sand_0p15_v0_r1,hostv2_pair_033,hostv2_source_033,B_concrete_sand,B,concrete,sand,0.15,0,0.07,0.0,-0.006,1.0,1.0,1.0,1.0,0.075,1,2026082133,1.2,b2649772524e59b4fa0be1425a4ccf14f9254366647abacad653da1e1117ef61,True,True,1000,0.0005,1200,1.1015494072452725e-16,"[1200, 20]",True,542,188,0.5429999999999956,0.18900000000000014,1149,,,,,concrete,"{""after_friction_scale"": 1.0, ""after_solref_scale"": 1.0, ""before_friction_scale"": 1.0, ""before_solref_scale"": 1.0}",c3305bccb218246a865fd2cee581948b73fa72a83c98e4b398b3515d4829b7fe,d3e0b5702f8e77ca25f67d85b73dd37e78aa36e452d95804c4a4dd4920846e19,1425b15f73bd4095f0df53709d7c389c3eb9e790,2a66ca6336eadb3c0b34b557763f3e06d01ff8fcf6260dd4cedbd69d6093fc28,eaa5a9e34dae316df5f687cc00aeaf1060394fd4734f84e63275427f5d6f1d1e
hostv2_B_concrete_sand_0p20_v0_r0,hostv2_pair_034,hostv2_source_034,B_concrete_sand,B,concrete,sand,0.2,0,0.07,0.0,-0.006,1.0,1.0,1.0,1.0,0.075,0,2026082134,1.2,fffdc8743b18a176d5216b37f45d12cc26bcb9331b1699a2b2a3d8db376d64a1,True,True,1000,0.0005,1200,1.1015494072452725e-16,"[1200, 20]",True,538,140,0.538999999999996,0.1410000000000001,1144,,,,,concrete,"{""after_friction_scale"": 1.0, ""after_solref_scale"": 1.0, ""before_friction_scale"": 1.0, ""before_solref_scale"": 1.0}",1e2db3ded11a239d26e6b3dd65ce56f71a66dba147b7644536c187b060f71308,15e7d181d90890257688f45ae1a133d3d9af6a6fa6026d62631a56717bca6c58,1425b15f73bd4095f0df53709d7c389c3eb9e790,2a66ca6336eadb3c0b34b557763f3e06d01ff8fcf6260dd4cedbd69d6093fc28,0c22478ec7392f9ddd8583df05fa009ef841b31d3f3389d2297d63d369580bb6
hostv2_B_concrete_sand_0p20_v0_r1,hostv2_pair_035,hostv2_source_035,B_concrete_sand,B,concrete,sand,0.2,0,0.07,0.0,-0.006,1.0,1.0,1.0,1.0,0.075,1,2026082135,1.2,d4aa6a1558f2e7efe482271876d20d20ef3518b017cf2a9dfdf3283af648f40d,True,True,1000,0.0005,1200,1.1015494072452725e-16,"[1200, 20]",True,538,140,0.538999999999996,0.1410000000000001,1145,,,,,concrete,"{""after_friction_scale"": 1.0, ""after_solref_scale"": 1.0, ""before_friction_scale"": 1.0, ""before_solref_scale"": 1.0}",e1af303dc0ca7312f877fbcb18a9e795335fae44d3ae8b4388f6cbb87a183b15,11619e1702d62176a937b4dde3d8a87112745b30b1ef8fb0a09c9b9d273141b6,1425b15f73bd4095f0df53709d7c389c3eb9e790,2a66ca6336eadb3c0b34b557763f3e06d01ff8fcf6260dd4cedbd69d6093fc28,3620e6dba021f3ef224474019ecf1b2a5c8fb56f58cc7c181314eca67c54229a
hostv2_C_ice_marble_0p10_v0_r0,hostv2_pair_036,hostv2_source_036,C_ice_marble,C,ice,marble,0.1,0,0.07,0.0,-0.006,1.0,1.0,1.0,1.0,0.075,0,2026082136,1.2,04a3ee0ec55c2058b43aea99e28ef88bae78fc0aab34d6087c3dd59ef8764d0b,True,True,1000,0.0005,1200,1.1015494072452725e-16,"[1200, 20]",True,36,77,0.037000000000000026,0.07800000000000006,,,,,,marble,"{""after_friction_scale"": 1.0, ""after_solref_scale"": 1.0, ""before_friction_scale"": 1.0, ""before_solref_scale"": 1.0}",acb2f0c17773b3240317b53e920222fd6ffe5edd9bfec4a0376fd97b37cd7ec5,67737ffbd4be9c080c5d4b33cd2c1fb39b704dd529d110e992f4f6c24e822f2d,1425b15f73bd4095f0df53709d7c389c3eb9e790,2a66ca6336eadb3c0b34b557763f3e06d01ff8fcf6260dd4cedbd69d6093fc28,aa6b9057101a548a624beb1fe0f7788b6c985141b569e89157141917dd3c1e0e
hostv2_C_ice_marble_0p10_v0_r1,hostv2_pair_037,hostv2_source_037,C_ice_marble,C,ice,marble,0.1,0,0.07,0.0,-0.006,1.0,1.0,1.0,1.0,0.075,1,2026082137,1.2,655c1792f05ee37e47c0850df913c8d62336b27a295a160377dcfc3875541366,True,True,1000,0.0005,1200,1.1015494072452725e-16,"[1200, 20]",True,36,77,0.037000000000000026,0.07800000000000006,696,843,,,,marble,"{""after_friction_scale"": 1.0, ""after_solref_scale"": 1.0, ""before_friction_scale"": 1.0, ""before_solref_scale"": 1.0}",13bc0e2437eb8b1cad6a605e3461f75194f1162ac8cdc3bb88b7e9cbe0672080,31f869fec8b2f81404c724de1760aa5791beabc8db837dff6b4c89c536287d3d,1425b15f73bd4095f0df53709d7c389c3eb9e790,2a66ca6336eadb3c0b34b557763f3e06d01ff8fcf6260dd4cedbd69d6093fc28,c5c0b396354ec7133f2563b23846ec794ef50737d660a50534b5f6c412f3a9c8
hostv2_C_ice_marble_0p15_v0_r0,hostv2_pair_038,hostv2_source_038,C_ice_marble,C,ice,marble,0.15,0,0.07,0.0,-0.006,1.0,1.0,1.0,1.0,0.075,0,2026082138,1.2,e07b89a30739ea4ffe98992c6f12632aaaa1e041926b4e3400923f932dff8a46,True,True,1000,0.0005,1200,1.1015494072452725e-16,"[1200, 20]",True,116,220,0.11700000000000009,0.22100000000000017,1199,889,,,,marble,"{""after_friction_scale"": 1.0, ""after_solref_scale"": 1.0, ""before_friction_scale"": 1.0, ""before_solref_scale"": 1.0}",ffa0e4faed1e21542384a9d8512ed30990b5184dca216cc66b3ec3088fd132d1,f7ff91f1f4af826758881f9c92d0f5b2522026b82bbb4e2232fd57bf54090451,1425b15f73bd4095f0df53709d7c389c3eb9e790,2a66ca6336eadb3c0b34b557763f3e06d01ff8fcf6260dd4cedbd69d6093fc28,b4acded306ba0bdb68d33c95ed469274f91263aade996a90fc41fa37b51242eb
hostv2_C_ice_marble_0p15_v0_r1,hostv2_pair_039,hostv2_source_039,C_ice_marble,C,ice,marble,0.15,0,0.07,0.0,-0.006,1.0,1.0,1.0,1.0,0.075,1,2026082139,1.2,e61c5b106c1978d05ff40993562cda6dea90a38a06fd6eb5f09373244000e935,True,True,1000,0.0005,1200,1.1015494072452725e-16,"[1200, 20]",True,116,220,0.11700000000000009,0.22100000000000017,1099,,,,,marble,"{""after_friction_scale"": 1.0, ""after_solref_scale"": 1.0, ""before_friction_scale"": 1.0, ""before_solref_scale"": 1.0}",1c91b82a16e936be6a0a6e755779baaa39c5324d92da10cda68d1890659fa06e,5e73b1424a60e979aaf0074940a4a60e264da2f6a19b2eb53a8a0d20abd5a8e2,1425b15f73bd4095f0df53709d7c389c3eb9e790,2a66ca6336eadb3c0b34b557763f3e06d01ff8fcf6260dd4cedbd69d6093fc28,f40c6edc18a1aed91668c7a6e6d7a60a7d4c643395a87ed2961a07618d9b3a0d
hostv2_C_ice_marble_0p20_v0_r0,hostv2_pair_040,hostv2_source_040,C_ice_marble,C,ice,marble,0.2,0,0.07,0.0,-0.006,1.0,1.0,1.0,1.0,0.075,0,2026082140,1.2,400165c18725c1b6e0b0e44aeccf06d5d5804979775137d4149a5d90948c75de,True,True,1000,0.0005,1200,1.1015494072452725e-16,"[1200, 20]",True,102,217,0.10300000000000008,0.21800000000000017,1094,,,,,marble,"{""after_friction_scale"": 1.0, ""after_solref_scale"": 1.0, ""before_friction_scale"": 1.0, ""before_solref_scale"": 1.0}",9348a6993d145c788310cb54e132807aced240e11389e1d487fad16ac2c1ec40,8173100d6a50593372154c405a37edc2d5b110ff26dc2cfea13945179efe4b52,1425b15f73bd4095f0df53709d7c389c3eb9e790,2a66ca6336eadb3c0b34b557763f3e06d01ff8fcf6260dd4cedbd69d6093fc28,b33df7bd2a5681012c09a3b9e88f4f829eebdfc1fc943ae09f443373c4c23b51
hostv2_C_ice_marble_0p20_v0_r1,hostv2_pair_041,hostv2_source_041,C_ice_marble,C,ice,marble,0.2,0,0.07,0.0,-0.006,1.0,1.0,1.0,1.0,0.075,1,2026082141,1.2,df792cb3ef34c34c02403adc2623982d835abdc8dda3587d9c5e849eeb606f1e,True,True,1000,0.0005,1200,1.1015494072452725e-16,"[1200, 20]",True,102,217,0.10300000000000008,0.21800000000000017,1095,,,,,marble,"{""after_friction_scale"": 1.0, ""after_solref_scale"": 1.0, ""before_friction_scale"": 1.0, ""before_solref_scale"": 1.0}",c6749a6b091a541da0021e2bf7208ecd79af650e33e736d5008de71c9714728c,8a7a43d680a203008f43d79237a45910322c44f3f9a1a4ca2377c794db7808fb,1425b15f73bd4095f0df53709d7c389c3eb9e790,2a66ca6336eadb3c0b34b557763f3e06d01ff8fcf6260dd4cedbd69d6093fc28,406c21b90b6e1de431a66c674f7e180ce3f50559b148e8721bc9309b7725a490
hostv2_C_ice_concrete_0p10_v0_r0,hostv2_pair_042,hostv2_source_042,C_ice_concrete,C,ice,concrete,0.1,0,0.07,0.0,-0.006,1.0,1.0,1.0,1.0,0.075,0,2026082142,1.2,03e61240444a06f0bd0dba9e92a798213dd31a5d8962488f66a45ced68a64866,True,True,1000,0.0005,1200,1.1015494072452725e-16,"[1200, 20]",True,36,76,0.037000000000000026,0.07700000000000005,,,,,,concrete,"{""after_friction_scale"": 1.0, ""after_solref_scale"": 1.0, ""before_friction_scale"": 1.0, ""before_solref_scale"": 1.0}",22e2965340aa925e7f9297e9979644c92a36713628b819852977d9f6b3b51f6a,e71ae6eb00db356fc2e36b72d9796bca1e60c675ba8af75d73364497b3341f71,1425b15f73bd4095f0df53709d7c389c3eb9e790,2a66ca6336eadb3c0b34b557763f3e06d01ff8fcf6260dd4cedbd69d6093fc28,f41d2c7faf019294b72b885233f5ed03756f6a7f39aef1f7d261c3956becc98d
hostv2_C_ice_concrete_0p10_v0_r1,hostv2_pair_043,hostv2_source_043,C_ice_concrete,C,ice,concrete,0.1,0,0.07,0.0,-0.006,1.0,1.0,1.0,1.0,0.075,1,2026082143,1.2,10ad172be1976cce4197c826802c3ee0b2c4f2cdb12f4f46fc8aa89619f030b5,True,True,1000,0.0005,1200,1.1015494072452725e-16,"[1200, 20]",True,36,76,0.037000000000000026,0.07700000000000005,,,,,,concrete,"{""after_friction_scale"": 1.0, ""after_solref_scale"": 1.0, ""before_friction_scale"": 1.0, ""before_solref_scale"": 1.0}",08a1f1972950514cf8f65bd8bb1d57df6d992f826cfc61229d464e6ee8340dbc,500f93908205033c8fa8990977e422b4d5181a6c3de0a1c124cd03a0d7004ea4,1425b15f73bd4095f0df53709d7c389c3eb9e790,2a66ca6336eadb3c0b34b557763f3e06d01ff8fcf6260dd4cedbd69d6093fc28,c51d09bbb4c9f64f692883045473504f6b4728e3b5effe4fa2a99f3b5cbe3bc9
hostv2_C_ice_concrete_0p15_v0_r0,hostv2_pair_044,hostv2_source_044,C_ice_concrete,C,ice,concrete,0.15,0,0.07,0.0,-0.006,1.0,1.0,1.0,1.0,0.075,0,2026082144,1.2,af5fc642549a1eab8ee0496f407b9bc4b9032c422624a60c118d9e9cac37f53c,True,True,1000,0.0005,1200,1.1015494072452725e-16,"[1200, 20]",True,111,240,0.11200000000000009,0.2410000000000002,1094,,,,,concrete,"{""after_friction_scale"": 1.0, ""after_solref_scale"": 1.0, ""before_friction_scale"": 1.0, ""before_solref_scale"": 1.0}",43fc8e001b14389e294aaccb30c57c6ad1cc9c3929c46d25d96e56e6dff19f7f,9fbe7cf2fedec728335194fb2ddea9fcd01a5789993af946cca81f4210a920d1,1425b15f73bd4095f0df53709d7c389c3eb9e790,2a66ca6336eadb3c0b34b557763f3e06d01ff8fcf6260dd4cedbd69d6093fc28,e59614ee09e8a71833cb95e579888e486d29951db352afb8d5ecff347e9bbd72
hostv2_C_ice_concrete_0p15_v0_r1,hostv2_pair_045,hostv2_source_045,C_ice_concrete,C,ice,concrete,0.15,0,0.07,0.0,-0.006,1.0,1.0,1.0,1.0,0.075,1,2026082145,1.2,231f7fa78021157ed67be9751773de45908bd9449a11c003c2e9ae56c17c3556,True,True,1000,0.0005,1200,1.1015494072452725e-16,"[1200, 20]",True,111,240,0.11200000000000009,0.2410000000000002,1093,,,,,concrete,"{""after_friction_scale"": 1.0, ""after_solref_scale"": 1.0, ""before_friction_scale"": 1.0, ""before_solref_scale"": 1.0}",1412dc0f0c7b41c970f000aca8808f632d56f4ce5e6daa7ffa267d6a60dc18f3,3583c73847b4ba5c5370ec926cd5fb83008700cb0ff22b34cfcd2fd50289457d,1425b15f73bd4095f0df53709d7c389c3eb9e790,2a66ca6336eadb3c0b34b557763f3e06d01ff8fcf6260dd4cedbd69d6093fc28,ad488cd13cd441d7bcfcbc0298f53cc375ae0ea6bc270b8bbb186ce1f2fbe9bd
hostv2_C_ice_concrete_0p20_v0_r0,hostv2_pair_046,hostv2_source_046,C_ice_concrete,C,ice,concrete,0.2,0,0.07,0.0,-0.006,1.0,1.0,1.0,1.0,0.075,0,2026082146,1.2,3f5d303aec34116d8dd0115d17462c62310a001dfe0b0026c1dadfc868f60842,True,True,1000,0.0005,1200,1.1015494072452725e-16,"[1200, 20]",True,108,240,0.10900000000000008,0.2410000000000002,1083,,,,,concrete,"{""after_friction_scale"": 1.0, ""after_solref_scale"": 1.0, ""before_friction_scale"": 1.0, ""before_solref_scale"": 1.0}",eeef06a535785c7879fe263543dc185bf6bf25a1bd13b4b031bb524c9b8a9603,26101d20d1c616ff6f6abd0731c84bafc22fc75481096a1a7adfef5b8f7d99e0,1425b15f73bd4095f0df53709d7c389c3eb9e790,2a66ca6336eadb3c0b34b557763f3e06d01ff8fcf6260dd4cedbd69d6093fc28,9e171e2e35f90b19a8387010a66107e64d20e833379d41b1b8db2fe0ea63f978
hostv2_C_ice_concrete_0p20_v0_r1,hostv2_pair_047,hostv2_source_047,C_ice_concrete,C,ice,concrete,0.2,0,0.07,0.0,-0.006,1.0,1.0,1.0,1.0,0.075,1,2026082147,1.2,170a390f4071ce76c7ac84e92aedab1f5f09a024f74e1b61887c61f24718a4a1,True,True,1000,0.0005,1200,1.1015494072452725e-16,"[1200, 20]",True,129,240,0.1300000000000001,0.2410000000000002,1082,,,,,concrete,"{""after_friction_scale"": 1.0, ""after_solref_scale"": 1.0, ""before_friction_scale"": 1.0, ""before_solref_scale"": 1.0}",bd102418f059aa20ce96a9eeff6d64b98276a08ff188984bed8b92686dfb703d,3c7f315b23090aa0ccb8c90961482154b62c1fec69255bbc6d8f362628676a90,1425b15f73bd4095f0df53709d7c389c3eb9e790,2a66ca6336eadb3c0b34b557763f3e06d01ff8fcf6260dd4cedbd69d6093fc28,8b0898a17030c5397eea70f5ca67c8bbb769a2f2b6c18d626ba55d91505a3182
hostv2_D_sand_marble_0p10_v0_r0,hostv2_pair_048,hostv2_source_048,D_sand_marble,D,sand,marble,0.1,0,0.07,0.0,-0.006,1.0,1.0,1.0,1.0,0.075,0,2026082148,1.2,dc6a339d54bcd623354036f890b9228d928b616f459f864764d47c3b4070535a,True,True,1000,0.0005,1200,1.1015494072452725e-16,"[1200, 20]",True,36,80,0.037000000000000026,0.08100000000000006,,,,,,marble,"{""after_friction_scale"": 1.0, ""after_solref_scale"": 1.0, ""before_friction_scale"": 1.0, ""before_solref_scale"": 1.0}",1841ec705a655ba1e8202229626cfc742ba8f91126b016e2c58d426b670712ce,11ff4840b4dacfe77bcc03886a0e6a020d1ec94466343b89c27004b4757123b2,1425b15f73bd4095f0df53709d7c389c3eb9e790,2a66ca6336eadb3c0b34b557763f3e06d01ff8fcf6260dd4cedbd69d6093fc28,240920af83a480473be3982866c8371cacef3c2bd7c6870c86819731b40fe78d
hostv2_D_sand_marble_0p10_v0_r1,hostv2_pair_049,hostv2_source_049,D_sand_marble,D,sand,marble,0.1,0,0.07,0.0,-0.006,1.0,1.0,1.0,1.0,0.075,1,2026082149,1.2,ce20078f95459adaeb008d73fbfdfd7ebb9367b961b1195126e62a2d48f6dc40,True,True,1000,0.0005,1200,1.1015494072452725e-16,"[1200, 20]",True,36,80,0.037000000000000026,0.08100000000000006,,,,,,marble,"{""after_friction_scale"": 1.0, ""after_solref_scale"": 1.0, ""before_friction_scale"": 1.0, ""before_solref_scale"": 1.0}",4d360813e40729be3e24bc3d06710c0726c583f18cf4572d77607285e4aadfa7,7ae2c688f0943fd73cd6a63c25fb51d39204fc0dd6834a864d76b705e7e99a85,1425b15f73bd4095f0df53709d7c389c3eb9e790,2a66ca6336eadb3c0b34b557763f3e06d01ff8fcf6260dd4cedbd69d6093fc28,8d2734689fc12eb7c68208e9df98e181a8e3731283966ff27e1e33d4698f66a4
hostv2_D_sand_marble_0p15_v0_r0,hostv2_pair_050,hostv2_source_050,D_sand_marble,D,sand,marble,0.15,0,0.07,0.0,-0.006,1.0,1.0,1.0,1.0,0.075,0,2026082150,1.2,734731da2f2a6fb17900219f40ba0dba50ad2684cfffab9a7090644e9115cf62,True,True,1000,0.0005,1200,1.1015494072452725e-16,"[1200, 20]",True,180,80,0.18100000000000013,0.08100000000000006,976,,,,,marble,"{""after_friction_scale"": 1.0, ""after_solref_scale"": 1.0, ""before_friction_scale"": 1.0, ""before_solref_scale"": 1.0}",24473099b4742473eb2880d078f874f1710b23fe3662eff7c3cd0c5a9d06cce1,022ee4f2144ba57dbc4ddc48f204cde2ddb3df94aeb6acbf5f7b981fa73b5afe,1425b15f73bd4095f0df53709d7c389c3eb9e790,2a66ca6336eadb3c0b34b557763f3e06d01ff8fcf6260dd4cedbd69d6093fc28,efb2c31eb10bc42a80ea905238e671873eb30550d7b0960c84ca503b7abe4621
hostv2_D_sand_marble_0p15_v0_r1,hostv2_pair_051,hostv2_source_051,D_sand_marble,D,sand,marble,0.15,0,0.07,0.0,-0.006,1.0,1.0,1.0,1.0,0.075,1,2026082151,1.2,e8f662cd7cb5f6518cbf100817fdbf02afdae2ce9c6cb72192dbe6bc9a031a53,True,True,1000,0.0005,1200,1.1015494072452725e-16,"[1200, 20]",True,180,80,0.18100000000000013,0.08100000000000006,977,,,,,marble,"{""after_friction_scale"": 1.0, ""after_solref_scale"": 1.0, ""before_friction_scale"": 1.0, ""before_solref_scale"": 1.0}",e045dd20fee2861c3a79a1f96fdb20004c989af0c108a139cb87dadb1f05ec10,673352d5a0be9fbd24c0ad139f9577c47e0422bad756e31321b8a80562cbab46,1425b15f73bd4095f0df53709d7c389c3eb9e790,2a66ca6336eadb3c0b34b557763f3e06d01ff8fcf6260dd4cedbd69d6093fc28,45fc9de763ce901a3b33a92deab5c1226049a6fdcec5e2ea8f441666ca15f62c
hostv2_D_sand_marble_0p20_v0_r0,hostv2_pair_052,hostv2_source_052,D_sand_marble,D,sand,marble,0.2,0,0.07,0.0,-0.006,1.0,1.0,1.0,1.0,0.075,0,2026082152,1.2,bda75213e873d4b2af225ed0daf3b97bce7b83f7b73b4b3d34ec2fd17aba507e,True,True,1000,0.0005,1200,1.1015494072452725e-16,"[1200, 20]",True,185,80,0.18600000000000014,0.08100000000000006,988,,,,,marble,"{""after_friction_scale"": 1.0, ""after_solref_scale"": 1.0, ""before_friction_scale"": 1.0, ""before_solref_scale"": 1.0}",4d1f59858b6a352dffaae07869171ea33807ebf2ed5d9add849190b36522b175,634178cb1c938ef0f0e96a77b7ef1ee1d4c057be07ef67652c743db2c93799a7,1425b15f73bd4095f0df53709d7c389c3eb9e790,2a66ca6336eadb3c0b34b557763f3e06d01ff8fcf6260dd4cedbd69d6093fc28,32f7933b4f38744a5478cf05da736904fcf984289b7881fd38fa670f5b0656db
hostv2_D_sand_marble_0p20_v0_r1,hostv2_pair_053,hostv2_source_053,D_sand_marble,D,sand,marble,0.2,0,0.07,0.0,-0.006,1.0,1.0,1.0,1.0,0.075,1,2026082153,1.2,7535e2e27ec9ca09e49a231d75fdd1f279f72be0a6b504b63353bf5083dbafef,True,True,1000,0.0005,1200,1.1015494072452725e-16,"[1200, 20]",True,184,80,0.18500000000000014,0.08100000000000006,988,,,,,marble,"{""after_friction_scale"": 1.0, ""after_solref_scale"": 1.0, ""before_friction_scale"": 1.0, ""before_solref_scale"": 1.0}",59e43b8d68f02b60e5c2d9d478114916a6cb446ba40e57ceed661f15a9f78134,4200e1877a366dfc957dbf1161ec7e74e95c649dd919abad8bf710b99fe6a872,1425b15f73bd4095f0df53709d7c389c3eb9e790,2a66ca6336eadb3c0b34b557763f3e06d01ff8fcf6260dd4cedbd69d6093fc28,ee67c3377522c2a19162241173a47d27703cd1afb086e70745c6b5ce1a8c2a77
hostv2_D_sand_concrete_0p10_v0_r0,hostv2_pair_054,hostv2_source_054,D_sand_concrete,D,sand,concrete,0.1,0,0.07,0.0,-0.006,1.0,1.0,1.0,1.0,0.075,0,2026082154,1.2,e9598062df068c1c7deb14b882cabd4e18ae71bb2c3df6e26cef4c7a4d9fe818,True,True,1000,0.0005,1200,1.1015494072452725e-16,"[1200, 20]",True,36,80,0.037000000000000026,0.08100000000000006,,,,,,concrete,"{""after_friction_scale"": 1.0, ""after_solref_scale"": 1.0, ""before_friction_scale"": 1.0, ""before_solref_scale"": 1.0}",29a3af8d81902467733be15d5a249253ea11956392ebebf1853b3a3679506a90,12f49e3c968d07f9f43019ae739ff770b14466dc12e34f8a989cf822e8ba8988,1425b15f73bd4095f0df53709d7c389c3eb9e790,2a66ca6336eadb3c0b34b557763f3e06d01ff8fcf6260dd4cedbd69d6093fc28,110d102cd9dbe0a219bfb39407f8f0574a8bc3e598f1ec24a83ac7771487cdb0
hostv2_D_sand_concrete_0p10_v0_r1,hostv2_pair_055,hostv2_source_055,D_sand_concrete,D,sand,concrete,0.1,0,0.07,0.0,-0.006,1.0,1.0,1.0,1.0,0.075,1,2026082155,1.2,398117f55b612253bff809f3975a429b956c6dedf2e94dc95267307daeade0ba,True,True,1000,0.0005,1200,1.1015494072452725e-16,"[1200, 20]",True,36,80,0.037000000000000026,0.08100000000000006,,,,,,concrete,"{""after_friction_scale"": 1.0, ""after_solref_scale"": 1.0, ""before_friction_scale"": 1.0, ""before_solref_scale"": 1.0}",986143449c4bdd9b9a8df745ea1530cf3ebe96de8b3c2dae30578faeb5947ce1,6fcaf4495fe67a4a82d53ffaef9e0b96602ffdbffb72b82a40f7f78c1cbe38d0,1425b15f73bd4095f0df53709d7c389c3eb9e790,2a66ca6336eadb3c0b34b557763f3e06d01ff8fcf6260dd4cedbd69d6093fc28,0b71f287abb70e03bff654c314ed295d0f814db715e68e585a59eae39df9b5c7
hostv2_D_sand_concrete_0p15_v0_r0,hostv2_pair_056,hostv2_source_056,D_sand_concrete,D,sand,concrete,0.15,0,0.07,0.0,-0.006,1.0,1.0,1.0,1.0,0.075,0,2026082156,1.2,39013c2962f602a417a9e8076f89b3d3e16d4dd33f7b0f2777b7f424159f659c,True,True,1000,0.0005,1200,1.1015494072452725e-16,"[1200, 20]",True,180,80,0.18100000000000013,0.08100000000000006,980,,,,,concrete,"{""after_friction_scale"": 1.0, ""after_solref_scale"": 1.0, ""before_friction_scale"": 1.0, ""before_solref_scale"": 1.0}",0476675f4a0d50c085a79c0ea46cfe85cf81aca4bffc54c990e7e19f40137857,9c86d232c8c89c5fe247a0b21448a0cb2b480035c4fdc43eef2c7b1203289cfc,1425b15f73bd4095f0df53709d7c389c3eb9e790,2a66ca6336eadb3c0b34b557763f3e06d01ff8fcf6260dd4cedbd69d6093fc28,0007d445b38f4357c3e893d4ee5efb13262c01a9a790de204708819e2b17b531
hostv2_D_sand_concrete_0p15_v0_r1,hostv2_pair_057,hostv2_source_057,D_sand_concrete,D,sand,concrete,0.15,0,0.07,0.0,-0.006,1.0,1.0,1.0,1.0,0.075,1,2026082157,1.2,73f20cb288d1eeb0bee6f39298e6c45e32b35abfcafe3de3d26ad7fe0640e339,True,True,1000,0.0005,1200,1.1015494072452725e-16,"[1200, 20]",True,180,80,0.18100000000000013,0.08100000000000006,979,,,,,concrete,"{""after_friction_scale"": 1.0, ""after_solref_scale"": 1.0, ""before_friction_scale"": 1.0, ""before_solref_scale"": 1.0}",4bbbf5cf65b0e3196ce27d2146c0cec3eb684f0767c1779f2f4090166993234f,d36b4bb7d5e9f996d23ac763c13112b7668531ac95fa23d0271a982ad15ddb86,1425b15f73bd4095f0df53709d7c389c3eb9e790,2a66ca6336eadb3c0b34b557763f3e06d01ff8fcf6260dd4cedbd69d6093fc28,ff87b0401b552ce2fc620a78922a1c01270e241bce8e63a6dde7f685ca168fe8
hostv2_D_sand_concrete_0p20_v0_r0,hostv2_pair_058,hostv2_source_058,D_sand_concrete,D,sand,concrete,0.2,0,0.07,0.0,-0.006,1.0,1.0,1.0,1.0,0.075,0,2026082158,1.2,4d19fccfee4089bfe5a0d0ecff028bd10855783d95e9afb7c2a3e9d484a336ff,True,True,1000,0.0005,1200,1.1015494072452725e-16,"[1200, 20]",True,184,80,0.18500000000000014,0.08100000000000006,1173,,,,,concrete,"{""after_friction_scale"": 1.0, ""after_solref_scale"": 1.0, ""before_friction_scale"": 1.0, ""before_solref_scale"": 1.0}",37f39ba513d06e04e6981f1319af4a0463d1251d2d0160106efab67d4ede2a40,c595d303844232cb82b7156ffb9520b58b716fdb2e6777c51f2f64e41c615207,1425b15f73bd4095f0df53709d7c389c3eb9e790,2a66ca6336eadb3c0b34b557763f3e06d01ff8fcf6260dd4cedbd69d6093fc28,2c770f55e2485387456ecaf35d33bee7637df04c7cca728cfa2b8f9e68686413
hostv2_D_sand_concrete_0p20_v0_r1,hostv2_pair_059,hostv2_source_059,D_sand_concrete,D,sand,concrete,0.2,0,0.07,0.0,-0.006,1.0,1.0,1.0,1.0,0.075,1,2026082159,1.2,2a020721b3ee8ea0b3c3162fc58d1a016907cf3ab601e2518db7161bfeb62e53,True,True,1000,0.0005,1200,1.1015494072452725e-16,"[1200, 20]",True,183,80,0.18400000000000014,0.08100000000000006,1160,,,,,concrete,"{""after_friction_scale"": 1.0, ""after_solref_scale"": 1.0, ""before_friction_scale"": 1.0, ""before_solref_scale"": 1.0}",1e4d3fc8f3d7664e9c05976e28c68df1121240f0420037872478b9607f010c57,416d5de32c60aa5524fc9b0b20b8c17f3dd13fb46028cc79fa99d131e86f034e,1425b15f73bd4095f0df53709d7c389c3eb9e790,2a66ca6336eadb3c0b34b557763f3e06d01ff8fcf6260dd4cedbd69d6093fc28,823b231c988ebf1d6b77035668d34fe75d9eb0ff4a7f50c2a77ccf9a2e06f025
hostv2_S_concrete_0p10_v0_r0,hostv2_pair_060,hostv2_source_060,S_concrete,S,concrete,concrete,0.1,0,0.07,0.0,-0.006,1.0,1.0,1.0,1.0,0.075,0,2026082160,1.2,3d47fbfb56db680cda24d9aa795ff8d446ae44d593e742f83b3a70c4cfec89b1,True,True,1000,0.0005,1200,1.1015494072452725e-16,"[1200, 20]",True,36,500,0.037000000000000026,0.5010000000000002,,,,,,concrete,"{""after_friction_scale"": 1.0, ""after_solref_scale"": 1.0, ""before_friction_scale"": 1.0, ""before_solref_scale"": 1.0}",27babfc059f9d4c0e93a31afa282d0c778ce1a7e5146c1820a34e93eb729033a,426e2088dad32b042e7616e37b0dfe368a61f75f257e04ffca340e0015e92f34,1425b15f73bd4095f0df53709d7c389c3eb9e790,2a66ca6336eadb3c0b34b557763f3e06d01ff8fcf6260dd4cedbd69d6093fc28,95be2e09dccd4f1294edf236ff83212d2928681bdf4c8f35e4efb92cb3ab64be
hostv2_S_concrete_0p10_v0_r1,hostv2_pair_061,hostv2_source_061,S_concrete,S,concrete,concrete,0.1,0,0.07,0.0,-0.006,1.0,1.0,1.0,1.0,0.075,1,2026082161,1.2,d2434051919f834d0a1736aac9fa999f04145272c9c140c4fb2488a083ceccce,True,True,1000,0.0005,1200,1.1015494072452725e-16,"[1200, 20]",True,36,500,0.037000000000000026,0.5010000000000002,,,,,,concrete,"{""after_friction_scale"": 1.0, ""after_solref_scale"": 1.0, ""before_friction_scale"": 1.0, ""before_solref_scale"": 1.0}",61769963c8c7cb64469b4df1ffd85df382d504b77fbf27b47f54c112770e0b99,162284341d5cf1c2e37add5c485a24fb25d1b23ff3e3fc454ecd51dff5af7d23,1425b15f73bd4095f0df53709d7c389c3eb9e790,2a66ca6336eadb3c0b34b557763f3e06d01ff8fcf6260dd4cedbd69d6093fc28,81a4ab11d8fe2d877e9e1100a4b38a183f295f3dc0c319979e040c7e5962d956
hostv2_S_concrete_0p15_v0_r0,hostv2_pair_062,hostv2_source_062,S_concrete,S,concrete,concrete,0.15,0,0.07,0.0,-0.006,1.0,1.0,1.0,1.0,0.075,0,2026082162,1.2,7580d3d5b51c6818e1954eb33b1be48d0316eb4f4db9cbf482988db6e561a02a,True,True,1000,0.0005,1200,1.1015494072452725e-16,"[1200, 20]",True,218,440,0.21900000000000017,0.44100000000000034,,,,,,concrete,"{""after_friction_scale"": 1.0, ""after_solref_scale"": 1.0, ""before_friction_scale"": 1.0, ""before_solref_scale"": 1.0}",bb8a419b7dc4061b1cf8ffb4fe6ef11d1a91eff35800ad3666584a52c05dd960,274f672e9881d089c152ef607bbd90c079e22b6cdff0c3bd48cc60cfcf289a76,1425b15f73bd4095f0df53709d7c389c3eb9e790,2a66ca6336eadb3c0b34b557763f3e06d01ff8fcf6260dd4cedbd69d6093fc28,9eb9e7bd84b688b5567f6a886cf636f3d9234ad072f3343894ce0d015f6970d6
hostv2_S_concrete_0p15_v0_r1,hostv2_pair_063,hostv2_source_063,S_concrete,S,concrete,concrete,0.15,0,0.07,0.0,-0.006,1.0,1.0,1.0,1.0,0.075,1,2026082163,1.2,fcbc05edc144490c2996fcbc6d021afc8f0acc5fc35138772903a24ac871b020,True,True,1000,0.0005,1200,1.1015494072452725e-16,"[1200, 20]",True,218,440,0.21900000000000017,0.44100000000000034,,,,,,concrete,"{""after_friction_scale"": 1.0, ""after_solref_scale"": 1.0, ""before_friction_scale"": 1.0, ""before_solref_scale"": 1.0}",1abaa25f845fc3e7cc9eb04f169a3aaa168fbfea78c7ff248d2d652c89ca32d6,6ab531297ada8f062ade8746b4030ea3f01f962fb2cafbbb52838a7d61b6ccf3,1425b15f73bd4095f0df53709d7c389c3eb9e790,2a66ca6336eadb3c0b34b557763f3e06d01ff8fcf6260dd4cedbd69d6093fc28,f55f6ce150d7a712662551ac7ef66b4eace3b7a85c166f4c1cde70d4b43e25bf
hostv2_S_concrete_0p20_v0_r0,hostv2_pair_064,hostv2_source_064,S_concrete,S,concrete,concrete,0.2,0,0.07,0.0,-0.006,1.0,1.0,1.0,1.0,0.075,0,2026082164,1.2,76502ee04f7709fd2f920b60b828e64c87108dc68b0c6ea54695c36150d4f687,True,True,1000,0.0005,1200,1.1015494072452725e-16,"[1200, 20]",True,225,420,0.22600000000000017,0.4210000000000003,,,,,,concrete,"{""after_friction_scale"": 1.0, ""after_solref_scale"": 1.0, ""before_friction_scale"": 1.0, ""before_solref_scale"": 1.0}",e4717c7a13014cd642ec652cb7092c7e57908d173ef25257aa138414f1a3c550,af420e854fc302773ed7fb75769f0cb5507510da4d211f2aa10a530107cfc3c7,1425b15f73bd4095f0df53709d7c389c3eb9e790,2a66ca6336eadb3c0b34b557763f3e06d01ff8fcf6260dd4cedbd69d6093fc28,0a2b7653ac1ba8255650cca68a5fa741eb5922df6eb9a4b77d89d85c85614d34
hostv2_S_concrete_0p20_v0_r1,hostv2_pair_065,hostv2_source_065,S_concrete,S,concrete,concrete,0.2,0,0.07,0.0,-0.006,1.0,1.0,1.0,1.0,0.075,1,2026082165,1.2,b81dc60fa484fc6d51889cb8239534661e72f88dba4412044cdb2220ee06be06,True,True,1000,0.0005,1200,1.1015494072452725e-16,"[1200, 20]",True,225,420,0.22600000000000017,0.4210000000000003,,,,,,concrete,"{""after_friction_scale"": 1.0, ""after_solref_scale"": 1.0, ""before_friction_scale"": 1.0, ""before_solref_scale"": 1.0}",24267dd9eb8d797a42cf3afa45b7e2a2da873719907c7d72e2a318512b7b87b2,bc688cbf6f37adc09c227935cf71086112d3949e0d73340e3747069019c0db42,1425b15f73bd4095f0df53709d7c389c3eb9e790,2a66ca6336eadb3c0b34b557763f3e06d01ff8fcf6260dd4cedbd69d6093fc28,97ae3c619081609448f17cc03ee71b752a11a8607210faf4e030af551fe86c12
hostv2_S_marble_0p10_v0_r0,hostv2_pair_066,hostv2_source_066,S_marble,S,marble,marble,0.1,0,0.07,0.0,-0.006,1.0,1.0,1.0,1.0,0.075,0,2026082166,1.2,8d3362397c9aa7ebdcc368d44cfe142aed56381081a228beecf75862bcd64a1b,True,True,1000,0.0005,1200,1.1015494072452725e-16,"[1200, 20]",True,36,504,0.037000000000000026,0.5049999999999998,,,,,,marble,"{""after_friction_scale"": 1.0, ""after_solref_scale"": 1.0, ""before_friction_scale"": 1.0, ""before_solref_scale"": 1.0}",b29580647622aaa76f1ef4aff2905648882c6614b263bb364fa20a75ce3cdb9d,1374965a5a67e3052d95f7d1d2674c59cb7cf5da23c50d972e0caa11d84ccb93,1425b15f73bd4095f0df53709d7c389c3eb9e790,2a66ca6336eadb3c0b34b557763f3e06d01ff8fcf6260dd4cedbd69d6093fc28,020ec53f21b790e7eb5f140d8b30d4d83415bc4fbb5242554e3e3a34b708c4f9
hostv2_S_marble_0p10_v0_r1,hostv2_pair_067,hostv2_source_067,S_marble,S,marble,marble,0.1,0,0.07,0.0,-0.006,1.0,1.0,1.0,1.0,0.075,1,2026082167,1.2,1812f5db4eaec9721a2cd57885db98216571bd8303083b50b18cb965dd913e38,True,True,1000,0.0005,1200,1.1015494072452725e-16,"[1200, 20]",True,36,502,0.037000000000000026,0.503,,,,,,marble,"{""after_friction_scale"": 1.0, ""after_solref_scale"": 1.0, ""before_friction_scale"": 1.0, ""before_solref_scale"": 1.0}",ec752f388eb9cdf303c6582a9df6f2713087253c29df9d434d4f3c4f066ace37,f222bcc7c171028d246f005552e727e6b79b0b0aba26efeda7803149dfb2172f,1425b15f73bd4095f0df53709d7c389c3eb9e790,2a66ca6336eadb3c0b34b557763f3e06d01ff8fcf6260dd4cedbd69d6093fc28,2dbe108f237bcc7c4ff7b67c46f42a1e44e99a9a8f26f2916645d03ad4077680
hostv2_S_marble_0p15_v0_r0,hostv2_pair_068,hostv2_source_068,S_marble,S,marble,marble,0.15,0,0.07,0.0,-0.006,1.0,1.0,1.0,1.0,0.075,0,2026082168,1.2,0b1969fc00b99a07cef9de20110253097c220d5d1b5081c91f72b8b7a369168e,True,True,1000,0.0005,1200,1.1015494072452725e-16,"[1200, 20]",True,219,460,0.22000000000000017,0.46100000000000035,,,,,,marble,"{""after_friction_scale"": 1.0, ""after_solref_scale"": 1.0, ""before_friction_scale"": 1.0, ""before_solref_scale"": 1.0}",12611547f52f5c60e265341df6e1a8a72c4cac2213456a1ab2aef647fa24b828,1e5c102c7af9066ab33e8dad3bb9e515ad325a1cc51ae81de1caf3df34d996e2,1425b15f73bd4095f0df53709d7c389c3eb9e790,2a66ca6336eadb3c0b34b557763f3e06d01ff8fcf6260dd4cedbd69d6093fc28,7bd71154e8e628d170f888fcbba7d112af43042106dee05aa2923b16395fc938
hostv2_S_marble_0p15_v0_r1,hostv2_pair_069,hostv2_source_069,S_marble,S,marble,marble,0.15,0,0.07,0.0,-0.006,1.0,1.0,1.0,1.0,0.075,1,2026082169,1.2,34d8c0f121aa1caf94b2d9db85fdb45fbecb30e1e51c67e0632b569df2ef7184,True,True,1000,0.0005,1200,1.1015494072452725e-16,"[1200, 20]",True,218,460,0.21900000000000017,0.46100000000000035,,,,,,marble,"{""after_friction_scale"": 1.0, ""after_solref_scale"": 1.0, ""before_friction_scale"": 1.0, ""before_solref_scale"": 1.0}",03f773760f21b5c11ee29517dd9a24f6d20de2212a2460f001bc6e6b0c108121,735fd04ee885b4fb2d60c810e9d521d921d3dcd43d632428e12f9e13237d80ca,1425b15f73bd4095f0df53709d7c389c3eb9e790,2a66ca6336eadb3c0b34b557763f3e06d01ff8fcf6260dd4cedbd69d6093fc28,1c343f98c0d9a02d00950b7daf9c7930336dc09ef4369b66d2ec9ec3c9e01aed
hostv2_S_marble_0p20_v0_r0,hostv2_pair_070,hostv2_source_070,S_marble,S,marble,marble,0.2,0,0.07,0.0,-0.006,1.0,1.0,1.0,1.0,0.075,0,2026082170,1.2,7cb5e1ffc38a7fc8d072e21f6ce1e4575dfa57b40a02b2054bdd1278b22f19dd,True,True,1000,0.0005,1200,1.1015494072452725e-16,"[1200, 20]",True,225,431,0.22600000000000017,0.43200000000000033,,,,,,marble,"{""after_friction_scale"": 1.0, ""after_solref_scale"": 1.0, ""before_friction_scale"": 1.0, ""before_solref_scale"": 1.0}",c35bb2d5cf8a090fa8bd807ecaf3dd77e61582ba40990fc0f52f3779475e9a68,d5b9290c4e48b122b19f96236a5d3daa4b7e7c14400dc5b434444c5958e8535d,1425b15f73bd4095f0df53709d7c389c3eb9e790,2a66ca6336eadb3c0b34b557763f3e06d01ff8fcf6260dd4cedbd69d6093fc28,36222b121e3bd32d2a2b79f8f22dd24597d9ca838f20de8e024429b9a572db62
hostv2_S_marble_0p20_v0_r1,hostv2_pair_071,hostv2_source_071,S_marble,S,marble,marble,0.2,0,0.07,0.0,-0.006,1.0,1.0,1.0,1.0,0.075,1,2026082171,1.2,9ae67c0af9319bf200b351fba723c8312bc358fc856d6e517107206ed01deab7,True,True,1000,0.0005,1200,1.1015494072452725e-16,"[1200, 20]",True,224,423,0.22500000000000017,0.4240000000000003,,,,,,marble,"{""after_friction_scale"": 1.0, ""after_solref_scale"": 1.0, ""before_friction_scale"": 1.0, ""before_solref_scale"": 1.0}",ae4caaa480c6eb16ba7ad2d5100744f91cb9124794add0cdbdabdb1c75e155d2,fa7757608d06473e33e343f1daa651263c4506e1e18a08ffb58b9fec0b9c0571,1425b15f73bd4095f0df53709d7c389c3eb9e790,2a66ca6336eadb3c0b34b557763f3e06d01ff8fcf6260dd4cedbd69d6093fc28,bb7bc0dc42ed74face4d6c1568f46ed65cbcdd47e8c022a01c79f79f503a0065
hostv2_S_ice_0p10_v0_r0,hostv2_pair_072,hostv2_source_072,S_ice,S,ice,ice,0.1,0,0.07,0.0,-0.006,1.0,1.0,1.0,1.0,0.075,0,2026082172,1.2,f4460211c9b82e24bfa289b62a93cc97134cb251c7133bea91d04a4895b70978,True,True,1000,0.0005,1200,1.1015494072452725e-16,"[1200, 20]",True,36,189,0.037000000000000026,0.19000000000000014,134,,581,0.5819999999999913,fallen_base_height,,"{""after_friction_scale"": 1.0, ""after_solref_scale"": 1.0, ""before_friction_scale"": 1.0, ""before_solref_scale"": 1.0}",23557752020ea33ce86b83dd3be38a79ea620ba7236b89a24e910c46cbddab86,dd543520d11e8f3b139eb39d6971906321bb749f986a5deb490b1eec44d7a29f,1425b15f73bd4095f0df53709d7c389c3eb9e790,2a66ca6336eadb3c0b34b557763f3e06d01ff8fcf6260dd4cedbd69d6093fc28,d87473dbb5f68cb4165378428d6e7619fbc90b3ba4054b36cf6f73e8f91de374
hostv2_S_ice_0p10_v0_r1,hostv2_pair_073,hostv2_source_073,S_ice,S,ice,ice,0.1,0,0.07,0.0,-0.006,1.0,1.0,1.0,1.0,0.075,1,2026082173,1.2,bb1935cbae0f11530137c4739e3f4e516f814b632dcdaac0352b226e06e5895a,True,True,1000,0.0005,1200,1.1015494072452725e-16,"[1200, 20]",True,36,189,0.037000000000000026,0.19000000000000014,134,,594,0.5949999999999899,fallen_base_height,,"{""after_friction_scale"": 1.0, ""after_solref_scale"": 1.0, ""before_friction_scale"": 1.0, ""before_solref_scale"": 1.0}",f5802408ff22b718eb9c556dcefeda09f0c68c885a5da61c74bec148f6906c61,66cb1789b8a9588c9df8efd49b85245c548147e16ae5d8c7d6da80d8e2349cab,1425b15f73bd4095f0df53709d7c389c3eb9e790,2a66ca6336eadb3c0b34b557763f3e06d01ff8fcf6260dd4cedbd69d6093fc28,b47fa64d19f0a13a7904dbc216e8a2ad9dc82588c0dd44a7e0f871479fcf4121
hostv2_S_ice_0p15_v0_r0,hostv2_pair_074,hostv2_source_074,S_ice,S,ice,ice,0.15,0,0.07,0.0,-0.006,1.0,1.0,1.0,1.0,0.075,0,2026082174,1.2,bcbf39dd5839234d4d8ca3e0d20531d82f72f214ce8bead5ed1da40f333e9281,True,True,1000,0.0005,1200,1.1015494072452725e-16,"[1200, 20]",True,93,183,0.09400000000000007,0.18400000000000014,543,,544,0.5449999999999954,fallen_base_height,,"{""after_friction_scale"": 1.0, ""after_solref_scale"": 1.0, ""before_friction_scale"": 1.0, ""before_solref_scale"": 1.0}",b6c95990f1b19d92a7c0b78f304b6862184c0f1d0a02b6a900a55ac4df1bdd67,0fa75ff605530bc6e0cdd28fe10d56d94a912ab5ba9815dea059f8d583184cde,1425b15f73bd4095f0df53709d7c389c3eb9e790,2a66ca6336eadb3c0b34b557763f3e06d01ff8fcf6260dd4cedbd69d6093fc28,ac2ea733d784967fcf0e89a11f384c412c6fbca3c1db31f8f33fed84e4816331
hostv2_S_ice_0p15_v0_r1,hostv2_pair_075,hostv2_source_075,S_ice,S,ice,ice,0.15,0,0.07,0.0,-0.006,1.0,1.0,1.0,1.0,0.075,1,2026082175,1.2,511fc2608ab4c97533af20d33e83ea3badee6c66c238318fce5bafd2c9d436a8,True,True,1000,0.0005,1200,1.1015494072452725e-16,"[1200, 20]",True,93,184,0.09400000000000007,0.18500000000000014,,,598,0.5989999999999894,fallen_base_height,,"{""after_friction_scale"": 1.0, ""after_solref_scale"": 1.0, ""before_friction_scale"": 1.0, ""before_solref_scale"": 1.0}",e7a859302b253c2830ff45a9d5d64e37a094c3537ce4e8480351e1825fb04f5b,fb5a6d4ffd9133cb6a9c49f3c91e5eec779ab058880a05dadae32c06894266c1,1425b15f73bd4095f0df53709d7c389c3eb9e790,2a66ca6336eadb3c0b34b557763f3e06d01ff8fcf6260dd4cedbd69d6093fc28,e04773e5e6d56314900c22fc44a60c687354519bf90669d12e3f8826b71798f3
hostv2_S_ice_0p20_v0_r0,hostv2_pair_076,hostv2_source_076,S_ice,S,ice,ice,0.2,0,0.07,0.0,-0.006,1.0,1.0,1.0,1.0,0.075,0,2026082176,1.2,41430555ec60fe2b0a1198060db36a87d06b1bd456e7a70bc076fd1eff65f07b,True,True,1000,0.0005,1200,1.1015494072452725e-16,"[1200, 20]",True,91,190,0.09200000000000007,0.19100000000000014,490,,620,0.620999999999987,fallen_base_height,,"{""after_friction_scale"": 1.0, ""after_solref_scale"": 1.0, ""before_friction_scale"": 1.0, ""before_solref_scale"": 1.0}",edf9e8eaae0d8598c26a6bc2900d0d9d89ef4e195bbf3dd1cabf15309936765e,e9d785b412c4c2c88f915319ce65e1427444db9e9be7a766d4d3b33b6b1e38e3,1425b15f73bd4095f0df53709d7c389c3eb9e790,2a66ca6336eadb3c0b34b557763f3e06d01ff8fcf6260dd4cedbd69d6093fc28,254c25ddd511e51702b395a5201dafb14b48335d31b630a0a4f22a32cb14b998
hostv2_S_ice_0p20_v0_r1,hostv2_pair_077,hostv2_source_077,S_ice,S,ice,ice,0.2,0,0.07,0.0,-0.006,1.0,1.0,1.0,1.0,0.075,1,2026082177,1.2,dab2e31951a36b12b08b89137fd7f80e9ecf609775ffd2a12ea954d2cbfa43d4,True,True,1000,0.0005,1200,1.1015494072452725e-16,"[1200, 20]",True,91,192,0.09200000000000007,0.19300000000000014,511,,622,0.6229999999999868,fallen_base_height,,"{""after_friction_scale"": 1.0, ""after_solref_scale"": 1.0, ""before_friction_scale"": 1.0, ""before_solref_scale"": 1.0}",d28ded680fe9beb7eea8a91317a0a0bdbf712d7b59f7b9270d9dc64882c369a0,239d36a066a659af556471c90067bea66e11043c8021112cc23502d6213aed48,1425b15f73bd4095f0df53709d7c389c3eb9e790,2a66ca6336eadb3c0b34b557763f3e06d01ff8fcf6260dd4cedbd69d6093fc28,8f7c188c755b3eddda75174d0a828328c394e1b8d0757e56f73d2fb576d991fc
hostv2_S_sand_0p10_v0_r0,hostv2_pair_078,hostv2_source_078,S_sand,S,sand,sand,0.1,0,0.07,0.0,-0.006,1.0,1.0,1.0,1.0,0.075,0,2026082178,1.2,cabd6455eb2de4e39ce12737f76570cf32701cab43ac2115a46bc2c05c8e6650,True,True,1000,0.0005,1200,1.1015494072452725e-16,"[1200, 20]",True,36,100,0.037000000000000026,0.10100000000000008,,,,,,,"{""after_friction_scale"": 1.0, ""after_solref_scale"": 1.0, ""before_friction_scale"": 1.0, ""before_solref_scale"": 1.0}",46c392ac14014ee07f557959d837ddb021de4e4679ecc69c099c9223c4122a3b,5317b69e80d836a2f560044f0269a5bd78162e9f4cd3c338f63f810db0f1554e,1425b15f73bd4095f0df53709d7c389c3eb9e790,2a66ca6336eadb3c0b34b557763f3e06d01ff8fcf6260dd4cedbd69d6093fc28,4394deea199a465ed501129eec6885e1dbe2afe1e030d3ee030daf58d2450e9c
hostv2_S_sand_0p10_v0_r1,hostv2_pair_079,hostv2_source_079,S_sand,S,sand,sand,0.1,0,0.07,0.0,-0.006,1.0,1.0,1.0,1.0,0.075,1,2026082179,1.2,ef654b1a7da7e8d38798b193b129dae8af5a5c140608a4e2cff1f1bf211c5d5f,True,True,1000,0.0005,1200,1.1015494072452725e-16,"[1200, 20]",True,36,100,0.037000000000000026,0.10100000000000008,,,,,,,"{""after_friction_scale"": 1.0, ""after_solref_scale"": 1.0, ""before_friction_scale"": 1.0, ""before_solref_scale"": 1.0}",abd388b2544ed114025aec2795b4b319b7772999f3563bc285b49c927e7e788b,c9b48a717425090dfbbaeeab3d7cca4bdd6a3f2ba2a9aa3a44e38e7f05254cb2,1425b15f73bd4095f0df53709d7c389c3eb9e790,2a66ca6336eadb3c0b34b557763f3e06d01ff8fcf6260dd4cedbd69d6093fc28,067b82485ef400571e35e255a7b18c38c1c6217bc09cb891be43c58f8429e730
hostv2_S_sand_0p15_v0_r0,hostv2_pair_080,hostv2_source_080,S_sand,S,sand,sand,0.15,0,0.07,0.0,-0.006,1.0,1.0,1.0,1.0,0.075,0,2026082180,1.2,a0d82cabbef49f5525b50a883fe34875fdf48db5ccf58fc1e818440e9e308678,True,True,1000,0.0005,1200,1.1015494072452725e-16,"[1200, 20]",True,200,105,0.20100000000000015,0.10600000000000008,900,,,,,,"{""after_friction_scale"": 1.0, ""after_solref_scale"": 1.0, ""before_friction_scale"": 1.0, ""before_solref_scale"": 1.0}",ca2d05130fc68fb1134ff86fab4b9e83488ce9d27565396cbfcb59195521c862,36327b0e01f1bfa6cc0064222528801bffb84b3a85b587b66caaa635b691c056,1425b15f73bd4095f0df53709d7c389c3eb9e790,2a66ca6336eadb3c0b34b557763f3e06d01ff8fcf6260dd4cedbd69d6093fc28,806b1fb870052c35e1bafa5a1036fccc1770d751c4e023a6872bbafac15493fe
hostv2_S_sand_0p15_v0_r1,hostv2_pair_081,hostv2_source_081,S_sand,S,sand,sand,0.15,0,0.07,0.0,-0.006,1.0,1.0,1.0,1.0,0.075,1,2026082181,1.2,022df9f5f6ee7ac7c9428e6b83f0c521a050a86365d1855dab8f3e06d792a23a,True,True,1000,0.0005,1200,1.1015494072452725e-16,"[1200, 20]",True,200,105,0.20100000000000015,0.10600000000000008,898,,,,,,"{""after_friction_scale"": 1.0, ""after_solref_scale"": 1.0, ""before_friction_scale"": 1.0, ""before_solref_scale"": 1.0}",ffe0a6f54b36a06ba58b2d58dc4c8c53a341992b43b11e1843e117a4f8ac2627,29174f3f406c9d4ed0726be59c86a137edb90d2a5ca7e775f416afa2b5bf1b8e,1425b15f73bd4095f0df53709d7c389c3eb9e790,2a66ca6336eadb3c0b34b557763f3e06d01ff8fcf6260dd4cedbd69d6093fc28,5c0a8ba1199dfe962b77b27d4f65380c8a0dad58e893b1c23dd08e5efb72f30b
hostv2_S_sand_0p20_v0_r0,hostv2_pair_082,hostv2_source_082,S_sand,S,sand,sand,0.2,0,0.07,0.0,-0.006,1.0,1.0,1.0,1.0,0.075,0,2026082182,1.2,a27781176fb5ecc43afe8bcea8b53a059b7ebacb511ada0ba570c8c0e4c79c76,True,True,1000,0.0005,1200,1.1015494072452725e-16,"[1200, 20]",True,200,120,0.20100000000000015,0.1210000000000001,1131,,,,,,"{""after_friction_scale"": 1.0, ""after_solref_scale"": 1.0, ""before_friction_scale"": 1.0, ""before_solref_scale"": 1.0}",1f2786c430e91f51c93468cc2c9be02f34527f2a4f1dca527618c17bddb02ea4,64e65e6a34e1ae49fb5556888dd16fd6d2a573580f31688b573f677a6b3ad185,1425b15f73bd4095f0df53709d7c389c3eb9e790,2a66ca6336eadb3c0b34b557763f3e06d01ff8fcf6260dd4cedbd69d6093fc28,cf1ee912d6b75f4ddd3952ce3b9a591666172213e15b1051c2a9af6b1826048c
hostv2_S_sand_0p20_v0_r1,hostv2_pair_083,hostv2_source_083,S_sand,S,sand,sand,0.2,0,0.07,0.0,-0.006,1.0,1.0,1.0,1.0,0.075,1,2026082183,1.2,b4dcfa6fe7077fc632752be065ae0f53966bee7e1dcf4126e3d461c186e82e17,True,True,1000,0.0005,1200,1.1015494072452725e-16,"[1200, 20]",True,200,120,0.20100000000000015,0.1210000000000001,1130,,,,,,"{""after_friction_scale"": 1.0, ""after_solref_scale"": 1.0, ""before_friction_scale"": 1.0, ""before_solref_scale"": 1.0}",5ea4ddcc063a9f016e36b23e41115a23b27c5cfd40e0bf7d50621cef2ea9d622,9acb89e997dcbdcf6ccad393da87ef4fa317096fe9af6aec467edf51f08f13be,1425b15f73bd4095f0df53709d7c389c3eb9e790,2a66ca6336eadb3c0b34b557763f3e06d01ff8fcf6260dd4cedbd69d6093fc28,3ce8a66069541310ff5c44e2932c27fe42014c8847afd80eaef7ee1315200a49
hostv2_A_marble_ice_0p10_v1_r0,hostv2_pair_084,hostv2_source_084,A_marble_ice,A,marble,ice,0.1,1,0.23,0.02,-0.003,0.94,1.06,0.96,1.04,0.075,0,2026082184,1.2,d9a54465d1aea2069a2f7aaf8d39d0833d5060da242955ded5154d6168a84513,True,True,1000,0.0005,1200,1.1015494072452725e-16,"[1200, 20]",True,33,200,0.03400000000000002,0.20100000000000015,,,,,,marble,"{""after_friction_scale"": 1.06, ""after_solref_scale"": 1.04, ""before_friction_scale"": 0.94, ""before_solref_scale"": 0.96}",f417723b73db05509e9c9dfba5134624fe6d70429c4b8784974d6a448d274230,525b8b2888607162d51963520c4b107b882be644a17e345b8a09e35d5a5d3a3f,1425b15f73bd4095f0df53709d7c389c3eb9e790,2a66ca6336eadb3c0b34b557763f3e06d01ff8fcf6260dd4cedbd69d6093fc28,e64ad466e60cc30f3cba9ad686ed5f4741f998ce083a35518069d46029348236
hostv2_A_marble_ice_0p10_v1_r1,hostv2_pair_085,hostv2_source_085,A_marble_ice,A,marble,ice,0.1,1,0.23,0.02,-0.003,0.94,1.06,0.96,1.04,0.075,1,2026082185,1.2,03016ef774cf753f27b6b44b0f1d616621c796b4a4aa273525b75db08c82c891,True,True,1000,0.0005,1200,1.1015494072452725e-16,"[1200, 20]",True,33,200,0.03400000000000002,0.20100000000000015,,,,,,marble,"{""after_friction_scale"": 1.06, ""after_solref_scale"": 1.04, ""before_friction_scale"": 0.94, ""before_solref_scale"": 0.96}",b383b83b54e8f625798d4a6cbec7ac06e63adb2355011d588912cf7a1b3e87f8,d13e8c9cffd95f959f2615f50e1efb2225ccb6518305aea8407095b93469569b,1425b15f73bd4095f0df53709d7c389c3eb9e790,2a66ca6336eadb3c0b34b557763f3e06d01ff8fcf6260dd4cedbd69d6093fc28,fffb7666f4e5c78eb4d1d20411dd3414a9975991730c38d109eb4735cf85fc3c
hostv2_A_marble_ice_0p15_v1_r0,hostv2_pair_086,hostv2_source_086,A_marble_ice,A,marble,ice,0.15,1,0.23,0.02,-0.003,0.94,1.06,0.96,1.04,0.075,0,2026082186,1.2,69d2f42bb97c4f746a140149aa3a083646783dc747c27e07e80cb41c4e67b2c9,True,True,1000,0.0005,1200,1.1015494072452725e-16,"[1200, 20]",True,33,200,0.03400000000000002,0.20100000000000015,619,,,,,marble,"{""after_friction_scale"": 1.06, ""after_solref_scale"": 1.04, ""before_friction_scale"": 0.94, ""before_solref_scale"": 0.96}",31d1de2955b49bf206d91050f89872d029df8221fc3a88407e1a1b5b896ff7fd,69871f7f6ba76b4a3d7d8cab562d9546398446c41f0c2532ec5b20ff4a77a105,1425b15f73bd4095f0df53709d7c389c3eb9e790,2a66ca6336eadb3c0b34b557763f3e06d01ff8fcf6260dd4cedbd69d6093fc28,ea98f40fe2e124043b3d136ddad62bb94401cbc2f6a89f978a6502f2283c014a
hostv2_A_marble_ice_0p15_v1_r1,hostv2_pair_087,hostv2_source_087,A_marble_ice,A,marble,ice,0.15,1,0.23,0.02,-0.003,0.94,1.06,0.96,1.04,0.075,1,2026082187,1.2,6f061d34c3a072bec7735db70406476653030e4e7dd720cf079abb8833174103,True,True,1000,0.0005,1200,1.1015494072452725e-16,"[1200, 20]",True,33,200,0.03400000000000002,0.20100000000000015,615,,,,,marble,"{""after_friction_scale"": 1.06, ""after_solref_scale"": 1.04, ""before_friction_scale"": 0.94, ""before_solref_scale"": 0.96}",5888ffb82b35ea4017593f80f3da392049df859a97e4c088224942716a94ef39,edafaf2a097c0a1895178577853241ee7a8e639dd3917fd572c9083dfbd8c47c,1425b15f73bd4095f0df53709d7c389c3eb9e790,2a66ca6336eadb3c0b34b557763f3e06d01ff8fcf6260dd4cedbd69d6093fc28,7011d720d42da9489da3b8051354d7e144ccecb43c2442007f9f4f52aba38579
hostv2_A_marble_ice_0p20_v1_r0,hostv2_pair_088,hostv2_source_088,A_marble_ice,A,marble,ice,0.2,1,0.23,0.02,-0.003,0.94,1.06,0.96,1.04,0.075,0,2026082188,1.2,dbb298f59b2f94d0ec6921d04ba084af5d35107923d3252541f4eb79e0a753bb,True,True,1000,0.0005,1200,1.1015494072452725e-16,"[1200, 20]",True,33,240,0.03400000000000002,0.2410000000000002,769,,,,,marble,"{""after_friction_scale"": 1.06, ""after_solref_scale"": 1.04, ""before_friction_scale"": 0.94, ""before_solref_scale"": 0.96}",b3b894cef180a78e345d7de1aa5f7eb887d0947928eedfda3be571733beaa876,244a24949f301b3b0c83d85dbcbba24522b90cf9facac9de23944daeba79eefa,1425b15f73bd4095f0df53709d7c389c3eb9e790,2a66ca6336eadb3c0b34b557763f3e06d01ff8fcf6260dd4cedbd69d6093fc28,227c51f6d1e6d38b3e81d0034b0710f86d683d3e782e147f970418b67f9f7ae6
hostv2_A_marble_ice_0p20_v1_r1,hostv2_pair_089,hostv2_source_089,A_marble_ice,A,marble,ice,0.2,1,0.23,0.02,-0.003,0.94,1.06,0.96,1.04,0.075,1,2026082189,1.2,88a60f5ac95f00a3e45fd243cb42dbdb4647e6b158c9c425151ae3b28c5f9d70,True,True,1000,0.0005,1200,1.1015494072452725e-16,"[1200, 20]",True,33,240,0.03400000000000002,0.2410000000000002,1085,,,,,marble,"{""after_friction_scale"": 1.06, ""after_solref_scale"": 1.04, ""before_friction_scale"": 0.94, ""before_solref_scale"": 0.96}",146bb5db3c19e61268cd26a58cea18faf0ff39ee8e0f8b441bcc4843c0ebf223,540e08c686c2fcefe157e733897f74e54e019bd90456bb4fa3ab7c2718c86919,1425b15f73bd4095f0df53709d7c389c3eb9e790,2a66ca6336eadb3c0b34b557763f3e06d01ff8fcf6260dd4cedbd69d6093fc28,76ffac01e02f3ce72cd2c25f3664f95b893d434884b71c3890c26806dbcab277
hostv2_A_concrete_ice_0p10_v1_r0,hostv2_pair_090,hostv2_source_090,A_concrete_ice,A,concrete,ice,0.1,1,0.23,0.02,-0.003,0.94,1.06,0.96,1.04,0.075,0,2026082190,1.2,7815d19a77d9bc4ea3e0b34f0a68cd465ba0c90ab0c4c8fc206679c8a237d545,True,True,1000,0.0005,1200,1.1015494072452725e-16,"[1200, 20]",True,33,200,0.03400000000000002,0.20100000000000015,,,,,,concrete,"{""after_friction_scale"": 1.06, ""after_solref_scale"": 1.04, ""before_friction_scale"": 0.94, ""before_solref_scale"": 0.96}",54acec7e2ff60b3948b6b44ec4424c5f313ca027851d593cf809af426a03204b,063f73a7f0153b38687075ff1e6c0731491f3500274e41a6604ee9ec586d25d9,1425b15f73bd4095f0df53709d7c389c3eb9e790,2a66ca6336eadb3c0b34b557763f3e06d01ff8fcf6260dd4cedbd69d6093fc28,eaa3bbad0d9d09f4e636e924f016a4acd5bb9e822df24dbf07a2419ba5a75c5a
hostv2_A_concrete_ice_0p10_v1_r1,hostv2_pair_091,hostv2_source_091,A_concrete_ice,A,concrete,ice,0.1,1,0.23,0.02,-0.003,0.94,1.06,0.96,1.04,0.075,1,2026082191,1.2,4bc76410dc8953a6819f3c277ca09464cd57b82d5750d7833274e2347820d10c,True,True,1000,0.0005,1200,1.1015494072452725e-16,"[1200, 20]",True,33,200,0.03400000000000002,0.20100000000000015,,,,,,concrete,"{""after_friction_scale"": 1.06, ""after_solref_scale"": 1.04, ""before_friction_scale"": 0.94, ""before_solref_scale"": 0.96}",b679bd7d38e48e96528d426078a27dc8ce7f36eda3e877b3f3f48575dfe28fd0,3b066eb664ac00900550b030ba73e3949235c7908310ba7070344ab7cf32024f,1425b15f73bd4095f0df53709d7c389c3eb9e790,2a66ca6336eadb3c0b34b557763f3e06d01ff8fcf6260dd4cedbd69d6093fc28,b2db526e4309e0aeb2394619438e6653a3e5957b197a16ca9e816f2cac2ca3ae
hostv2_A_concrete_ice_0p15_v1_r0,hostv2_pair_092,hostv2_source_092,A_concrete_ice,A,concrete,ice,0.15,1,0.23,0.02,-0.003,0.94,1.06,0.96,1.04,0.075,0,2026082192,1.2,5e349ed3181f696f7efcbea132c88c465d17502a9094c042063db3d29a290cc0,True,True,1000,0.0005,1200,1.1015494072452725e-16,"[1200, 20]",True,33,200,0.03400000000000002,0.20100000000000015,719,,,,,concrete,"{""after_friction_scale"": 1.06, ""after_solref_scale"": 1.04, ""before_friction_scale"": 0.94, ""before_solref_scale"": 0.96}",a7f36bc724857765cec27405446dec15c5abf25de0c36e3aeca6d33bda0e8e32,da39e734129ef1e690e463d9f83ba8943efef27c5c5f117474e6f66341232958,1425b15f73bd4095f0df53709d7c389c3eb9e790,2a66ca6336eadb3c0b34b557763f3e06d01ff8fcf6260dd4cedbd69d6093fc28,919d4d371d82d798a20efc57d3c505858283b4227c3d4c3ab8f6a2dfed11871d
hostv2_A_concrete_ice_0p15_v1_r1,hostv2_pair_093,hostv2_source_093,A_concrete_ice,A,concrete,ice,0.15,1,0.23,0.02,-0.003,0.94,1.06,0.96,1.04,0.075,1,2026082193,1.2,e4e7f490b043db0ea8b71e850b73e3b0f1cef8a1ab5c51239ad45c63b81b3308,True,True,1000,0.0005,1200,1.1015494072452725e-16,"[1200, 20]",True,33,200,0.03400000000000002,0.20100000000000015,627,,,,,concrete,"{""after_friction_scale"": 1.06, ""after_solref_scale"": 1.04, ""before_friction_scale"": 0.94, ""before_solref_scale"": 0.96}",50cb0fd7eaa4334f3e34855987489a4f0775c70fef4fb342a62542fd09de759b,6d3b56978014fedd82a9cc7f95e7152c51e27211c2dd4541af46ad8033919cf7,1425b15f73bd4095f0df53709d7c389c3eb9e790,2a66ca6336eadb3c0b34b557763f3e06d01ff8fcf6260dd4cedbd69d6093fc28,194d72ef71da70f324f6910e824aeaaf922435e689284a96deba15fb8c1c7ce0
hostv2_A_concrete_ice_0p20_v1_r0,hostv2_pair_094,hostv2_source_094,A_concrete_ice,A,concrete,ice,0.2,1,0.23,0.02,-0.003,0.94,1.06,0.96,1.04,0.075,0,2026082194,1.2,530b8a769289fbf9ea826c45bf75f6945ca4b1e71f4164b78cb847131463b390,True,True,1000,0.0005,1200,1.1015494072452725e-16,"[1200, 20]",True,33,220,0.03400000000000002,0.22100000000000017,,,,,,concrete,"{""after_friction_scale"": 1.06, ""after_solref_scale"": 1.04, ""before_friction_scale"": 0.94, ""before_solref_scale"": 0.96}",07059effb07b3b75687b7cbaa2712d7e72516a9188be11c138ff49ab54cd120c,8639f44bdc9e7cdafb89c403237c15cdad6593a5ac6a9c6dfb311f79a0c659a1,1425b15f73bd4095f0df53709d7c389c3eb9e790,2a66ca6336eadb3c0b34b557763f3e06d01ff8fcf6260dd4cedbd69d6093fc28,453d4949bc19b5967db0bd767f1482606247f817f8a1fc4ed8c2bff5a6c26210
hostv2_A_concrete_ice_0p20_v1_r1,hostv2_pair_095,hostv2_source_095,A_concrete_ice,A,concrete,ice,0.2,1,0.23,0.02,-0.003,0.94,1.06,0.96,1.04,0.075,1,2026082195,1.2,9d480be057f1ccedd4c3c09e8505643f2efe14d2b65081d07189cb92543c3e82,True,True,1000,0.0005,1200,1.1015494072452725e-16,"[1200, 20]",True,33,220,0.03400000000000002,0.22100000000000017,745,,,,,concrete,"{""after_friction_scale"": 1.06, ""after_solref_scale"": 1.04, ""before_friction_scale"": 0.94, ""before_solref_scale"": 0.96}",6efe47486daf8081edc432f3b3a4132dea0da216a05dfa162857b215251fd54d,c884817913eb1a9a4fb608d92c7da5566883b96a8bbe1a19b55c40eef398436f,1425b15f73bd4095f0df53709d7c389c3eb9e790,2a66ca6336eadb3c0b34b557763f3e06d01ff8fcf6260dd4cedbd69d6093fc28,458fd8085ef9aef570e50afc0202bd67ac981ae678b2b62192b5fa2c2441dffd
hostv2_N_marble_concrete_0p10_v1_r0,hostv2_pair_096,hostv2_source_096,N_marble_concrete,N,marble,concrete,0.1,1,0.23,0.02,-0.003,0.94,1.06,0.96,1.04,0.075,0,2026082196,1.2,cf85209aebf924428ed34b840bbd8509e5d34249bffeca718328cdcb1a564adc,True,True,1000,0.0005,1200,1.1015494072452725e-16,"[1200, 20]",True,33,180,0.03400000000000002,0.18100000000000013,,,,,,marble,"{""after_friction_scale"": 1.06, ""after_solref_scale"": 1.04, ""before_friction_scale"": 0.94, ""before_solref_scale"": 0.96}",4cf5d5d4a3cc9479e241f3e7950e3d56969ee12b64045e09a1435a87cdc28b47,2ff1734c45790513a8bf855cd27199250c1d84cfb99e68bef863fafaa554cb16,1425b15f73bd4095f0df53709d7c389c3eb9e790,2a66ca6336eadb3c0b34b557763f3e06d01ff8fcf6260dd4cedbd69d6093fc28,27ec18b4e369a4c16820a55ce0e1ca0eba58bbc84bfea783061b4a2ba46832b7
hostv2_N_marble_concrete_0p10_v1_r1,hostv2_pair_097,hostv2_source_097,N_marble_concrete,N,marble,concrete,0.1,1,0.23,0.02,-0.003,0.94,1.06,0.96,1.04,0.075,1,2026082197,1.2,9137e0d5069a6e4724db859e552b96ea9d007b7b70de6b20e53d4b7c72bff360,True,True,1000,0.0005,1200,1.1015494072452725e-16,"[1200, 20]",True,33,180,0.03400000000000002,0.18100000000000013,,,,,,marble,"{""after_friction_scale"": 1.06, ""after_solref_scale"": 1.04, ""before_friction_scale"": 0.94, ""before_solref_scale"": 0.96}",fe9992a278f15db57ca0b3a12587e10de40b37f38a8411d4060bd1e7ff817da3,235758d1f8ce1914dd2ba457c9e74217e911ed8861e2648a8813dae0be743c89,1425b15f73bd4095f0df53709d7c389c3eb9e790,2a66ca6336eadb3c0b34b557763f3e06d01ff8fcf6260dd4cedbd69d6093fc28,94341fe19beea3811bc1b825291d911295b3da9636a25060a69c7d5f27c1d3ae
hostv2_N_marble_concrete_0p15_v1_r0,hostv2_pair_098,hostv2_source_098,N_marble_concrete,N,marble,concrete,0.15,1,0.23,0.02,-0.003,0.94,1.06,0.96,1.04,0.075,0,2026082198,1.2,3091ae2a71cc62b3a173a1b76872b7bbf883f88c5d49c3a67779327b6f009f7f,True,True,1000,0.0005,1200,1.1015494072452725e-16,"[1200, 20]",True,33,200,0.03400000000000002,0.20100000000000015,,,,,,marble,"{""after_friction_scale"": 1.06, ""after_solref_scale"": 1.04, ""before_friction_scale"": 0.94, ""before_solref_scale"": 0.96}",b984503ac1e40a9ea3dfe00219553bd02731518d9f38f4a25d1e3ccab39ddd30,421836ce93d5ccfaf06ebc0794401ce35139debff5a1b44441f9d30de0ff4afa,1425b15f73bd4095f0df53709d7c389c3eb9e790,2a66ca6336eadb3c0b34b557763f3e06d01ff8fcf6260dd4cedbd69d6093fc28,7d932b8bdd16ef4baceee628b202e68ac2a2b3e27be232608728d26aab9301aa
hostv2_N_marble_concrete_0p15_v1_r1,hostv2_pair_099,hostv2_source_099,N_marble_concrete,N,marble,concrete,0.15,1,0.23,0.02,-0.003,0.94,1.06,0.96,1.04,0.075,1,2026082199,1.2,6ce57d840088ff8648763365525c60b98d6161e3d85614ab4263de0a6a6b871f,True,True,1000,0.0005,1200,1.1015494072452725e-16,"[1200, 20]",True,33,200,0.03400000000000002,0.20100000000000015,,,,,,marble,"{""after_friction_scale"": 1.06, ""after_solref_scale"": 1.04, ""before_friction_scale"": 0.94, ""before_solref_scale"": 0.96}",4c924b819ccb0927a355a7b250b542d859e3b80baaaad8c63e047a2aaa98ead8,279cd86cec21ace95dcfec2d5520a53c84d12d55b141b002a092cc51e0c4a5db,1425b15f73bd4095f0df53709d7c389c3eb9e790,2a66ca6336eadb3c0b34b557763f3e06d01ff8fcf6260dd4cedbd69d6093fc28,c8beb9e528e88d18039787f81aadca9f8b877f43606264586698ad263031e510
hostv2_N_marble_concrete_0p20_v1_r0,hostv2_pair_100,hostv2_source_100,N_marble_concrete,N,marble,concrete,0.2,1,0.23,0.02,-0.003,0.94,1.06,0.96,1.04,0.075,0,2026082200,1.2,b9e1f16a3601d5811f542f0a5a4c3c99b20ad8c75979bebd68b9da3fb0a5c5fa,True,True,1000,0.0005,1200,1.1015494072452725e-16,"[1200, 20]",True,33,220,0.03400000000000002,0.22100000000000017,,,,,,marble,"{""after_friction_scale"": 1.06, ""after_solref_scale"": 1.04, ""before_friction_scale"": 0.94, ""before_solref_scale"": 0.96}",29d8ac37fc560c6916ba93404a1140a5c8a9486f4f485ba9e9bb1c3cd68e9395,364d83cbe1b2ff251aff8fa9ae28b34e363cda8694fe6da10d9c9f81e3e3a734,1425b15f73bd4095f0df53709d7c389c3eb9e790,2a66ca6336eadb3c0b34b557763f3e06d01ff8fcf6260dd4cedbd69d6093fc28,8e84f695eca8d12d3b4df1f01b0e2340940bb7c6dbc704d3f2e143cd3091f9d2
hostv2_N_marble_concrete_0p20_v1_r1,hostv2_pair_101,hostv2_source_101,N_marble_concrete,N,marble,concrete,0.2,1,0.23,0.02,-0.003,0.94,1.06,0.96,1.04,0.075,1,2026082201,1.2,2caffa922274feec831d9d4155f92638971604a138b8fbd6f1b7736b0f3c9f4f,True,True,1000,0.0005,1200,1.1015494072452725e-16,"[1200, 20]",True,33,220,0.03400000000000002,0.22100000000000017,,,,,,marble,"{""after_friction_scale"": 1.06, ""after_solref_scale"": 1.04, ""before_friction_scale"": 0.94, ""before_solref_scale"": 0.96}",a2b1b73db9c3872398e71e0a6cb5ddf9c324f754e7c2fb25c0836bb65b1b756f,4818558db3d0459ec94edf0f6b0917c12d12dfc278c8822fe996a0d7fee5d3b3,1425b15f73bd4095f0df53709d7c389c3eb9e790,2a66ca6336eadb3c0b34b557763f3e06d01ff8fcf6260dd4cedbd69d6093fc28,bdae674e08d9d9ee244e58f345d6f80c56702f89126e6d89a757c122d03f173e
hostv2_N_concrete_marble_0p10_v1_r0,hostv2_pair_102,hostv2_source_102,N_concrete_marble,N,concrete,marble,0.1,1,0.23,0.02,-0.003,0.94,1.06,0.96,1.04,0.075,0,2026082202,1.2,a1f75ba587a03ec0cf8aeda0770ca60de9811ed696107d386c3ad3382beacff7,True,True,1000,0.0005,1200,1.1015494072452725e-16,"[1200, 20]",True,33,180,0.03400000000000002,0.18100000000000013,,,,,,concrete,"{""after_friction_scale"": 1.06, ""after_solref_scale"": 1.04, ""before_friction_scale"": 0.94, ""before_solref_scale"": 0.96}",f4ac0f2bf2e156d60e72082f33268ddffc972bc29c33be6183eaeabe6d063f94,d81e88df51a92687b59ef5dbecaa160d8a74b81e0320cce0ee1248fa415062ab,1425b15f73bd4095f0df53709d7c389c3eb9e790,2a66ca6336eadb3c0b34b557763f3e06d01ff8fcf6260dd4cedbd69d6093fc28,e52d0e63b5e356046cb4e74a4456f2cc7df4f3dc92257e0bff5d09a24e93e66b
hostv2_N_concrete_marble_0p10_v1_r1,hostv2_pair_103,hostv2_source_103,N_concrete_marble,N,concrete,marble,0.1,1,0.23,0.02,-0.003,0.94,1.06,0.96,1.04,0.075,1,2026082203,1.2,f8b2ac47891a73058f23fcdbe74b7ac349f2c76af3205ffffd8e5a683f5c771a,True,True,1000,0.0005,1200,1.1015494072452725e-16,"[1200, 20]",True,33,190,0.03400000000000002,0.19100000000000014,,,,,,concrete,"{""after_friction_scale"": 1.06, ""after_solref_scale"": 1.04, ""before_friction_scale"": 0.94, ""before_solref_scale"": 0.96}",1923b0a299814cf27c6dff6d09c5164812a041048c0e9a2ad1f7d6e86f0429e8,9bbe0ceea6c3d3fcd6d555ea879f415cf42aad0285edc4a6080fc52acd3a5f39,1425b15f73bd4095f0df53709d7c389c3eb9e790,2a66ca6336eadb3c0b34b557763f3e06d01ff8fcf6260dd4cedbd69d6093fc28,8acfc0edd45206361c7cd3c4686667dc561bfd9cb481f9821649609bae74708a
hostv2_N_concrete_marble_0p15_v1_r0,hostv2_pair_104,hostv2_source_104,N_concrete_marble,N,concrete,marble,0.15,1,0.23,0.02,-0.003,0.94,1.06,0.96,1.04,0.075,0,2026082204,1.2,5d986f2deb58e241c772270f8a3a94b170ffda65b97806dbcd511270f6601b70,True,True,1000,0.0005,1200,1.1015494072452725e-16,"[1200, 20]",True,33,200,0.03400000000000002,0.20100000000000015,,,,,,concrete,"{""after_friction_scale"": 1.06, ""after_solref_scale"": 1.04, ""before_friction_scale"": 0.94, ""before_solref_scale"": 0.96}",8ac304e1e1c8476cc3831c9e0f0989077bf9e08d5099c201fcc95ee4c2207ad8,3385b475007bc0ccf76092c40cef9ebaac6388257c3de56c711961836304d421,1425b15f73bd4095f0df53709d7c389c3eb9e790,2a66ca6336eadb3c0b34b557763f3e06d01ff8fcf6260dd4cedbd69d6093fc28,993d0c6bfeed6270792f80066fdae7bdc119a8bbe0d592431303c4a0e447685f
hostv2_N_concrete_marble_0p15_v1_r1,hostv2_pair_105,hostv2_source_105,N_concrete_marble,N,concrete,marble,0.15,1,0.23,0.02,-0.003,0.94,1.06,0.96,1.04,0.075,1,2026082205,1.2,765b63af56f6b309b4e827189397468d0e00e95783a4cbf15510216161b75be2,True,True,1000,0.0005,1200,1.1015494072452725e-16,"[1200, 20]",True,33,200,0.03400000000000002,0.20100000000000015,,,,,,concrete,"{""after_friction_scale"": 1.06, ""after_solref_scale"": 1.04, ""before_friction_scale"": 0.94, ""before_solref_scale"": 0.96}",4e78581d6341f1b696d80143db0a393fd38bba83b41631715bda0000b2172ba0,dcccd776cf539873705d333127285442c5d2975b1a768b61dfcb47fa7dadea15,1425b15f73bd4095f0df53709d7c389c3eb9e790,2a66ca6336eadb3c0b34b557763f3e06d01ff8fcf6260dd4cedbd69d6093fc28,1f5bd9512fccce159edd81c2a96a8429685860193c9bf3d9d341c45caf89fb58
hostv2_N_concrete_marble_0p20_v1_r0,hostv2_pair_106,hostv2_source_106,N_concrete_marble,N,concrete,marble,0.2,1,0.23,0.02,-0.003,0.94,1.06,0.96,1.04,0.075,0,2026082206,1.2,a42b9deb737ca69fa15e5ebd4e3b2701adc5ad3adc0919315e3ab2480e045adc,True,True,1000,0.0005,1200,1.1015494072452725e-16,"[1200, 20]",True,33,220,0.03400000000000002,0.22100000000000017,,,,,,concrete,"{""after_friction_scale"": 1.06, ""after_solref_scale"": 1.04, ""before_friction_scale"": 0.94, ""before_solref_scale"": 0.96}",d6c98b840a56b5acc0bab112dab411732a1889f385e82c6d93a60b906c4110fa,e2bbf0f54cea66b4941aeb38f3f7d48a18b4dcb313973f0c33c13e65ff771261,1425b15f73bd4095f0df53709d7c389c3eb9e790,2a66ca6336eadb3c0b34b557763f3e06d01ff8fcf6260dd4cedbd69d6093fc28,471d4005e04501016530c27582bc4d08d5aa61a1cefe7e2ba5f381ba318f07ca
hostv2_N_concrete_marble_0p20_v1_r1,hostv2_pair_107,hostv2_source_107,N_concrete_marble,N,concrete,marble,0.2,1,0.23,0.02,-0.003,0.94,1.06,0.96,1.04,0.075,1,2026082207,1.2,032b110c2f09f85576c0d13b6de03985f53b84a75d8f13b6f47831730a739123,True,True,1000,0.0005,1200,1.1015494072452725e-16,"[1200, 20]",True,33,220,0.03400000000000002,0.22100000000000017,,,,,,concrete,"{""after_friction_scale"": 1.06, ""after_solref_scale"": 1.04, ""before_friction_scale"": 0.94, ""before_solref_scale"": 0.96}",e5c573898406caf6cded6676343d0897fe1ccc7dce4853d3c5efd8c11d5d4b51,2bbf259c2e9aeae8aad030d01e97dd8bb926761bb14ce9e5c4a4e32f14d52984,1425b15f73bd4095f0df53709d7c389c3eb9e790,2a66ca6336eadb3c0b34b557763f3e06d01ff8fcf6260dd4cedbd69d6093fc28,ee92e5f1cf8872e497e4ace15969f9fb37e948b96e20646ab324c407305990bd
hostv2_B_marble_sand_0p10_v1_r0,hostv2_pair_108,hostv2_source_108,B_marble_sand,B,marble,sand,0.1,1,0.23,0.02,-0.003,0.94,1.06,0.96,1.04,0.075,0,2026082208,1.2,789e6d31fa84d3b4bdbc123543a4b26d9acb43cc88924814b241f408812b7568,True,True,1000,0.0005,1200,1.1015494072452725e-16,"[1200, 20]",True,33,180,0.03400000000000002,0.18100000000000013,,,,,,marble,"{""after_friction_scale"": 1.06, ""after_solref_scale"": 1.04, ""before_friction_scale"": 0.94, ""before_solref_scale"": 0.96}",abf89fb7dd6627fed26837efb6cc8c699cefc8f59463fb356a2d5a19aac4f543,12ab3aa555b535e6d89614e5d2449ddeda6e8f873476b0a05d2159145f1a7c03,1425b15f73bd4095f0df53709d7c389c3eb9e790,2a66ca6336eadb3c0b34b557763f3e06d01ff8fcf6260dd4cedbd69d6093fc28,6dfa1828024786d34daf6472cff96f8e986fe94fd3f7bc408ab39bf984291132
hostv2_B_marble_sand_0p10_v1_r1,hostv2_pair_109,hostv2_source_109,B_marble_sand,B,marble,sand,0.1,1,0.23,0.02,-0.003,0.94,1.06,0.96,1.04,0.075,1,2026082209,1.2,4a522e52f246ce0053b38ebfef8e7144711c3ece7f9a7a9374e53c05fd88797c,True,True,1000,0.0005,1200,1.1015494072452725e-16,"[1200, 20]",True,33,180,0.03400000000000002,0.18100000000000013,,,,,,marble,"{""after_friction_scale"": 1.06, ""after_solref_scale"": 1.04, ""before_friction_scale"": 0.94, ""before_solref_scale"": 0.96}",714c7d1ebb37f198e7483760fe62017a4ed26d476eb9cb7475f8eca7aabe267d,a1b134f9329d00295676676546e2583b3b3739bd840857bc69a033b9e0ada62b,1425b15f73bd4095f0df53709d7c389c3eb9e790,2a66ca6336eadb3c0b34b557763f3e06d01ff8fcf6260dd4cedbd69d6093fc28,76f8b81de2c69319f449f93ec4925a2b36da72f74bd2ed95f829719f58eb4324
hostv2_B_marble_sand_0p15_v1_r0,hostv2_pair_110,hostv2_source_110,B_marble_sand,B,marble,sand,0.15,1,0.23,0.02,-0.003,0.94,1.06,0.96,1.04,0.075,0,2026082210,1.2,16e1a84b30306afd19037af450d2eab2169fec39a5f41b1ea03434a7e9fff1e3,True,True,1000,0.0005,1200,1.1015494072452725e-16,"[1200, 20]",True,33,180,0.03400000000000002,0.18100000000000013,,,,,,marble,"{""after_friction_scale"": 1.06, ""after_solref_scale"": 1.04, ""before_friction_scale"": 0.94, ""before_solref_scale"": 0.96}",12b04ffeed29848890457d5f1ad41ce5ba4d2dde92286a1724a7cd342e8b6c0c,412eec385f96337e208dcd8c84597964e56e90163f034fc0137b40f4b1c46e11,1425b15f73bd4095f0df53709d7c389c3eb9e790,2a66ca6336eadb3c0b34b557763f3e06d01ff8fcf6260dd4cedbd69d6093fc28,1a30faa2f59be83c73f8045d460674a1af362736e82249311e1c6e792131e5e6
hostv2_B_marble_sand_0p15_v1_r1,hostv2_pair_111,hostv2_source_111,B_marble_sand,B,marble,sand,0.15,1,0.23,0.02,-0.003,0.94,1.06,0.96,1.04,0.075,1,2026082211,1.2,abf9fd31140d6d9efb2da7d5a01b00bf95a511e63b777aaa3ca12516c35c071a,True,True,1000,0.0005,1200,1.1015494072452725e-16,"[1200, 20]",True,33,180,0.03400000000000002,0.18100000000000013,,,,,,marble,"{""after_friction_scale"": 1.06, ""after_solref_scale"": 1.04, ""before_friction_scale"": 0.94, ""before_solref_scale"": 0.96}",24514542aa0369a3ddc0e7d57c904fd508ebbc58e2edefed343cb30584532cc6,9215a9fa99f502be091802cf4f4ec979e09d585adc33bb3f6e030b5757f324b0,1425b15f73bd4095f0df53709d7c389c3eb9e790,2a66ca6336eadb3c0b34b557763f3e06d01ff8fcf6260dd4cedbd69d6093fc28,8e081af81b6c23dd02f7c29761c5f6660e4c199e62bcadfa6244648af86af498
hostv2_B_marble_sand_0p20_v1_r0,hostv2_pair_112,hostv2_source_112,B_marble_sand,B,marble,sand,0.2,1,0.23,0.02,-0.003,0.94,1.06,0.96,1.04,0.075,0,2026082212,1.2,336fcec5ce0205280433510cc2ea027422413bab22ad08ff935b7a3dccd5ba85,True,True,1000,0.0005,1200,1.1015494072452725e-16,"[1200, 20]",True,33,200,0.03400000000000002,0.20100000000000015,,,,,,marble,"{""after_friction_scale"": 1.06, ""after_solref_scale"": 1.04, ""before_friction_scale"": 0.94, ""before_solref_scale"": 0.96}",7c7a57bc1dfdba393970005057bdd6f520aa3f3e9079a49dff5147cc917130b6,f491b85452f30e4a840bdd6f113e144e01874e020a99c9bb4f20c21636022a15,1425b15f73bd4095f0df53709d7c389c3eb9e790,2a66ca6336eadb3c0b34b557763f3e06d01ff8fcf6260dd4cedbd69d6093fc28,a67343144817465e3de942723e7be3c75425a2ab0260fddd2076e933dcd3841d
hostv2_B_marble_sand_0p20_v1_r1,hostv2_pair_113,hostv2_source_113,B_marble_sand,B,marble,sand,0.2,1,0.23,0.02,-0.003,0.94,1.06,0.96,1.04,0.075,1,2026082213,1.2,62926ef485438311eb01028b1448fafed80a5333139ea337fc19e18d04f22ac5,True,True,1000,0.0005,1200,1.1015494072452725e-16,"[1200, 20]",True,33,200,0.03400000000000002,0.20100000000000015,,,,,,marble,"{""after_friction_scale"": 1.06, ""after_solref_scale"": 1.04, ""before_friction_scale"": 0.94, ""before_solref_scale"": 0.96}",356393cbd4396de7286ceb8634a723a12674073f32f75e6465d682e3d8a1e248,6f5e01e343c5fa1a3642cde960644f6ab65b6056ff93d4ea8767d60c33655863,1425b15f73bd4095f0df53709d7c389c3eb9e790,2a66ca6336eadb3c0b34b557763f3e06d01ff8fcf6260dd4cedbd69d6093fc28,bfa4ea762e4e5ab14de74b2d32793182bb9a63ec0a0863fe86d430bdd4d34bba
hostv2_B_concrete_sand_0p10_v1_r0,hostv2_pair_114,hostv2_source_114,B_concrete_sand,B,concrete,sand,0.1,1,0.23,0.02,-0.003,0.94,1.06,0.96,1.04,0.075,0,2026082214,1.2,74c5e6a2a7a6064dc3203071a785297d560823bffa4126c69906b6b9c9c2ec26,True,True,1000,0.0005,1200,1.1015494072452725e-16,"[1200, 20]",True,33,180,0.03400000000000002,0.18100000000000013,,,,,,concrete,"{""after_friction_scale"": 1.06, ""after_solref_scale"": 1.04, ""before_friction_scale"": 0.94, ""before_solref_scale"": 0.96}",98f87d015242a56ac21b5c006b5efbea182d1f7f68b22ea7563360194839e7e8,6d290ee847e58519a1eabe119ca9b18c34c0b5fe75ee213dfe185e0de14460d8,1425b15f73bd4095f0df53709d7c389c3eb9e790,2a66ca6336eadb3c0b34b557763f3e06d01ff8fcf6260dd4cedbd69d6093fc28,90cb9972c7f575661942f860ddff7b9b41707438c2d13b16dbd54f803d7b41b8
hostv2_B_concrete_sand_0p10_v1_r1,hostv2_pair_115,hostv2_source_115,B_concrete_sand,B,concrete,sand,0.1,1,0.23,0.02,-0.003,0.94,1.06,0.96,1.04,0.075,1,2026082215,1.2,16877c7b0027cb52c059d0ce4c873deeb67f0672d031ae1e2d3c02f553838892,True,True,1000,0.0005,1200,1.1015494072452725e-16,"[1200, 20]",True,33,180,0.03400000000000002,0.18100000000000013,,,,,,concrete,"{""after_friction_scale"": 1.06, ""after_solref_scale"": 1.04, ""before_friction_scale"": 0.94, ""before_solref_scale"": 0.96}",4138287c5b7649978a6f5077daec6b68ee5d9ea2433affea462a97410670468b,db6ded979d0589e34ee6437bd123d7a2acdcbcdda012a38556509e886586d581,1425b15f73bd4095f0df53709d7c389c3eb9e790,2a66ca6336eadb3c0b34b557763f3e06d01ff8fcf6260dd4cedbd69d6093fc28,20967eedee92c0f058f1adcca525bd6d40a324119da53ccc3eb2509ec928d28b
hostv2_B_concrete_sand_0p15_v1_r0,hostv2_pair_116,hostv2_source_116,B_concrete_sand,B,concrete,sand,0.15,1,0.23,0.02,-0.003,0.94,1.06,0.96,1.04,0.075,0,2026082216,1.2,45109d22c2d366700a9b51a8658ad1df9ec1ed2d7a4d29421beabdf29a3d3cf1,True,True,1000,0.0005,1200,1.1015494072452725e-16,"[1200, 20]",True,33,180,0.03400000000000002,0.18100000000000013,,1141,,,,concrete,"{""after_friction_scale"": 1.06, ""after_solref_scale"": 1.04, ""before_friction_scale"": 0.94, ""before_solref_scale"": 0.96}",60b53c9c24c8338f13d2c4bd6d83d822bb098a7920386819c8ff83b2a07ceac1,a129da41cc087704b5d98f93c97b3c82f11052f2be9d98155ca8fe6291090fd9,1425b15f73bd4095f0df53709d7c389c3eb9e790,2a66ca6336eadb3c0b34b557763f3e06d01ff8fcf6260dd4cedbd69d6093fc28,0ce9dc101d3980a944d662bb87d9312a367c721278442a34edeb42a81e782241
hostv2_B_concrete_sand_0p15_v1_r1,hostv2_pair_117,hostv2_source_117,B_concrete_sand,B,concrete,sand,0.15,1,0.23,0.02,-0.003,0.94,1.06,0.96,1.04,0.075,1,2026082217,1.2,612f191e0a195c4d5bea5d75e6688d18798a7897b96d94c6d2c88bcb1a48d7c5,True,True,1000,0.0005,1200,1.1015494072452725e-16,"[1200, 20]",True,33,180,0.03400000000000002,0.18100000000000013,,1140,,,,concrete,"{""after_friction_scale"": 1.06, ""after_solref_scale"": 1.04, ""before_friction_scale"": 0.94, ""before_solref_scale"": 0.96}",d60c607dc4807c60374e1965ee8e4ea3e790fc442fb61ab0817c6f67c419b8f5,e57920c5b4baae1b622e67bb7d5226ff2580351d51bb669c2302e85d305b1ced,1425b15f73bd4095f0df53709d7c389c3eb9e790,2a66ca6336eadb3c0b34b557763f3e06d01ff8fcf6260dd4cedbd69d6093fc28,ccba4134d47087069c386108f71e6e81d4c5ed6e03404b7f463036cc3e7939d1
hostv2_B_concrete_sand_0p20_v1_r0,hostv2_pair_118,hostv2_source_118,B_concrete_sand,B,concrete,sand,0.2,1,0.23,0.02,-0.003,0.94,1.06,0.96,1.04,0.075,0,2026082218,1.2,07c3c9111aa880952b02528704c61929401c7eb497f3ca5ac1e8b6aa2a2625fd,True,True,1000,0.0005,1200,1.1015494072452725e-16,"[1200, 20]",True,33,200,0.03400000000000002,0.20100000000000015,,,,,,concrete,"{""after_friction_scale"": 1.06, ""after_solref_scale"": 1.04, ""before_friction_scale"": 0.94, ""before_solref_scale"": 0.96}",b0e6cf59ff6808aa416c7b594fec9a53e69ae2b80e46d57c5055cb8d8fbef2b4,82691438370c00e422565611ea1f44b57e1db159e0a34c69dadf8f7c8645ef5e,1425b15f73bd4095f0df53709d7c389c3eb9e790,2a66ca6336eadb3c0b34b557763f3e06d01ff8fcf6260dd4cedbd69d6093fc28,f4189b59682821fd45d1e1feafe32732acdd21a0d24851cb5873c0f31db8999d
hostv2_B_concrete_sand_0p20_v1_r1,hostv2_pair_119,hostv2_source_119,B_concrete_sand,B,concrete,sand,0.2,1,0.23,0.02,-0.003,0.94,1.06,0.96,1.04,0.075,1,2026082219,1.2,ae539edb1ca2d1da672e2acef7e85f7c91043999ca4a2c0f92160b30ca6572e7,True,True,1000,0.0005,1200,1.1015494072452725e-16,"[1200, 20]",True,33,200,0.03400000000000002,0.20100000000000015,,,,,,concrete,"{""after_friction_scale"": 1.06, ""after_solref_scale"": 1.04, ""before_friction_scale"": 0.94, ""before_solref_scale"": 0.96}",9fd2fc00159d45d788f9a130453288c7ea3111e5181c13ab465860ff18c2547a,7d5003fad6f22604870c55f0d190691896f0073614c215d9bdad1ad2edf872d7,1425b15f73bd4095f0df53709d7c389c3eb9e790,2a66ca6336eadb3c0b34b557763f3e06d01ff8fcf6260dd4cedbd69d6093fc28,17411187e02f661ff0fa789c2584cb4d6035d09bc35442885aba67da892218a5
hostv2_C_ice_marble_0p10_v1_r0,hostv2_pair_120,hostv2_source_120,C_ice_marble,C,ice,marble,0.1,1,0.23,0.02,-0.003,0.94,1.06,0.96,1.04,0.075,0,2026082220,1.2,9f194313d253ebb071aee83e8cbbb6af7f625186505739b0452aff8a3ea0d406,True,True,1000,0.0005,1200,1.1015494072452725e-16,"[1200, 20]",True,33,131,0.03400000000000002,0.1320000000000001,616,877,,,,marble,"{""after_friction_scale"": 1.06, ""after_solref_scale"": 1.04, ""before_friction_scale"": 0.94, ""before_solref_scale"": 0.96}",6ba8642d5c59f5b3101c143fcc67c8165d022e5740c7fa544eb280be7ad17c49,1ea09a59478caa4af8b47dd5d6fe91baa9d19e2a3edcf55fe1790d53d369b3a6,1425b15f73bd4095f0df53709d7c389c3eb9e790,2a66ca6336eadb3c0b34b557763f3e06d01ff8fcf6260dd4cedbd69d6093fc28,229961ff77143a04b1dcb34e344b85364952ca4186826bd55be2d6e88b965854
hostv2_C_ice_marble_0p10_v1_r1,hostv2_pair_121,hostv2_source_121,C_ice_marble,C,ice,marble,0.1,1,0.23,0.02,-0.003,0.94,1.06,0.96,1.04,0.075,1,2026082221,1.2,a808120499cd0bb3773b06d6b26bcad6062a2a520b32148aaebb5688c460c975,True,True,1000,0.0005,1200,1.1015494072452725e-16,"[1200, 20]",True,33,159,0.03400000000000002,0.16000000000000011,617,864,,,,marble,"{""after_friction_scale"": 1.06, ""after_solref_scale"": 1.04, ""before_friction_scale"": 0.94, ""before_solref_scale"": 0.96}",fc22c0d3892f7484323a9403aff18cb4e2c96908d3a8f1ee04fad2f504ee130e,601bf0df19d06b65fcdfd0b413a82782f64314478b33db12646b5ffba135003f,1425b15f73bd4095f0df53709d7c389c3eb9e790,2a66ca6336eadb3c0b34b557763f3e06d01ff8fcf6260dd4cedbd69d6093fc28,01c9cb2cc345d4187a0c9d4470244631d476cf5acb03413045317c0c4c1b56f7
hostv2_C_ice_marble_0p15_v1_r0,hostv2_pair_122,hostv2_source_122,C_ice_marble,C,ice,marble,0.15,1,0.23,0.02,-0.003,0.94,1.06,0.96,1.04,0.075,0,2026082222,1.2,ed2295e1bbe39c7fef47eb5c0b21bade08d3323f05944d33ce02adfe5340ba0c,True,True,1000,0.0005,1200,1.1015494072452725e-16,"[1200, 20]",True,33,128,0.03400000000000002,0.1290000000000001,622,746,,,,marble,"{""after_friction_scale"": 1.06, ""after_solref_scale"": 1.04, ""before_friction_scale"": 0.94, ""before_solref_scale"": 0.96}",63dbea625c23712aac7a2050d5f2628b44ac869a740c3d2e6ad5ecb34574297f,c5159f62f0c58656498659a97449a3630f148cb0cd08871dfb03c73089f56e59,1425b15f73bd4095f0df53709d7c389c3eb9e790,2a66ca6336eadb3c0b34b557763f3e06d01ff8fcf6260dd4cedbd69d6093fc28,6f776a6e134215f68a28f6ef78123b65dbd83931304f0e8a3c42017ce5c3afa7
hostv2_C_ice_marble_0p15_v1_r1,hostv2_pair_123,hostv2_source_123,C_ice_marble,C,ice,marble,0.15,1,0.23,0.02,-0.003,0.94,1.06,0.96,1.04,0.075,1,2026082223,1.2,3da919c6d0cfda89771f4ca00aafa1fc721379a4106710e7d23c2ec1ada962f8,True,True,1000,0.0005,1200,1.1015494072452725e-16,"[1200, 20]",True,33,128,0.03400000000000002,0.1290000000000001,621,747,,,,marble,"{""after_friction_scale"": 1.06, ""after_solref_scale"": 1.04, ""before_friction_scale"": 0.94, ""before_solref_scale"": 0.96}",bba0bd20ccc10e4aabf0c72f7192029cf8fe1f70b3c5ef508ea2461d10e44f8b,bd158bbe3d646a03bc75766991ac86d50e0b3c847306f31413f3b2938d9836dd,1425b15f73bd4095f0df53709d7c389c3eb9e790,2a66ca6336eadb3c0b34b557763f3e06d01ff8fcf6260dd4cedbd69d6093fc28,e12ea764ae985bf247b21a9f81fc3beda169c475b4f55290ae3d9c69f7686031
hostv2_C_ice_marble_0p20_v1_r0,hostv2_pair_124,hostv2_source_124,C_ice_marble,C,ice,marble,0.2,1,0.23,0.02,-0.003,0.94,1.06,0.96,1.04,0.075,0,2026082224,1.2,b5b6553525dc3ae25094c1dcf9fe015b8ce46fd35a86b4b927184bf6ded11a7d,True,True,1000,0.0005,1200,1.1015494072452725e-16,"[1200, 20]",True,33,126,0.03400000000000002,0.12700000000000009,620,,,,,marble,"{""after_friction_scale"": 1.06, ""after_solref_scale"": 1.04, ""before_friction_scale"": 0.94, ""before_solref_scale"": 0.96}",288da3fe3f3229ba302f2c25d631f6808c757fc02d8dd0a0e1e01e0094cd60d5,b79a377ef1a6925a29d2feb8cd8c23e7b332835f47b565a52ffcbf0c5d8eeead,1425b15f73bd4095f0df53709d7c389c3eb9e790,2a66ca6336eadb3c0b34b557763f3e06d01ff8fcf6260dd4cedbd69d6093fc28,63f39e3c6e5353838b5165c8f00e20173449543ea5f1f1808ea0fb792bd3187b
hostv2_C_ice_marble_0p20_v1_r1,hostv2_pair_125,hostv2_source_125,C_ice_marble,C,ice,marble,0.2,1,0.23,0.02,-0.003,0.94,1.06,0.96,1.04,0.075,1,2026082225,1.2,6e5c8e596a5f19d3d7a4979c76ae1074e2a8f2699e08c89ec7f4159cf53d73b7,True,True,1000,0.0005,1200,1.1015494072452725e-16,"[1200, 20]",True,33,126,0.03400000000000002,0.12700000000000009,629,811,,,,marble,"{""after_friction_scale"": 1.06, ""after_solref_scale"": 1.04, ""before_friction_scale"": 0.94, ""before_solref_scale"": 0.96}",0fcb65d7c81ee422a43d84a031532698ffe94af1561ebdb177eab504ee16676d,a6ecfe6426d0b8f7a6831542f61ddca8de43fc2e081e4be4f517414930475b4b,1425b15f73bd4095f0df53709d7c389c3eb9e790,2a66ca6336eadb3c0b34b557763f3e06d01ff8fcf6260dd4cedbd69d6093fc28,93f5a033abdc52d8e3f06d736b4a51416b5a4ad97fbf73a9bacfe25eaea6723e
hostv2_C_ice_concrete_0p10_v1_r0,hostv2_pair_126,hostv2_source_126,C_ice_concrete,C,ice,concrete,0.1,1,0.23,0.02,-0.003,0.94,1.06,0.96,1.04,0.075,0,2026082226,1.2,dab3f849fdc794edc4080fa3f7109f807357fa90a09675d12bd3633d6f02c7ea,True,True,1000,0.0005,1200,1.1015494072452725e-16,"[1200, 20]",True,33,135,0.03400000000000002,0.1360000000000001,,,,,,concrete,"{""after_friction_scale"": 1.06, ""after_solref_scale"": 1.04, ""before_friction_scale"": 0.94, ""before_solref_scale"": 0.96}",f693dd502c87785b90a0b429d4bc6a2d9ad766ad026edbda579a1dcd4e90a6cf,1c04e599f0b2b91dff5eca65ced4d0634c71bcdb509fc71fc9d10492d3df8fe9,1425b15f73bd4095f0df53709d7c389c3eb9e790,2a66ca6336eadb3c0b34b557763f3e06d01ff8fcf6260dd4cedbd69d6093fc28,0626ebb94177da2197e883bec05772ac535751c6b411702d9f0aa8109ef8cccd
hostv2_C_ice_concrete_0p10_v1_r1,hostv2_pair_127,hostv2_source_127,C_ice_concrete,C,ice,concrete,0.1,1,0.23,0.02,-0.003,0.94,1.06,0.96,1.04,0.075,1,2026082227,1.2,21fb56fca646da58866f2b491b63fe5cb7c4d57b9c7e73b65d3c24852c16cd28,True,True,1000,0.0005,1200,1.1015494072452725e-16,"[1200, 20]",True,33,135,0.03400000000000002,0.1360000000000001,,950,,,,concrete,"{""after_friction_scale"": 1.06, ""after_solref_scale"": 1.04, ""before_friction_scale"": 0.94, ""before_solref_scale"": 0.96}",233402ad8d1ebb3f75a2ce54dced53211732101f00beff1e6ec573f700b4621b,455e57ae69c115795379844365b35512666cc36d790e5f22ca9e9e17feb82ced,1425b15f73bd4095f0df53709d7c389c3eb9e790,2a66ca6336eadb3c0b34b557763f3e06d01ff8fcf6260dd4cedbd69d6093fc28,2c6a188e7e551c54073e5b699fa9fb116a27abcbe5805c37e1b3e1812d81babe
hostv2_C_ice_concrete_0p15_v1_r0,hostv2_pair_128,hostv2_source_128,C_ice_concrete,C,ice,concrete,0.15,1,0.23,0.02,-0.003,0.94,1.06,0.96,1.04,0.075,0,2026082228,1.2,0e41779b6bcef9e569f68f1f342d48fbaa9ec2b3124406b4bca1dfd7a0821245,True,True,1000,0.0005,1200,1.1015494072452725e-16,"[1200, 20]",True,33,135,0.03400000000000002,0.1360000000000001,,942,,,,concrete,"{""after_friction_scale"": 1.06, ""after_solref_scale"": 1.04, ""before_friction_scale"": 0.94, ""before_solref_scale"": 0.96}",0528d9ee2a0fdfac15bc4da72605e2145e7c080d058221e16b10330d9c658419,f5d7275e812b0707600266fcea166ca9a80badbfd87b1b4a5f0da5e026c159ec,1425b15f73bd4095f0df53709d7c389c3eb9e790,2a66ca6336eadb3c0b34b557763f3e06d01ff8fcf6260dd4cedbd69d6093fc28,aa0ba47c66528d1ba86ba063364f4a627c5854e82430993add692357db41448c
hostv2_C_ice_concrete_0p15_v1_r1,hostv2_pair_129,hostv2_source_129,C_ice_concrete,C,ice,concrete,0.15,1,0.23,0.02,-0.003,0.94,1.06,0.96,1.04,0.075,1,2026082229,1.2,76404ddebf145306b2e1b0d31ad4f5be6fb4da76ad23338d392ccb036c0a70c6,True,True,1000,0.0005,1200,1.1015494072452725e-16,"[1200, 20]",True,33,135,0.03400000000000002,0.1360000000000001,,949,,,,concrete,"{""after_friction_scale"": 1.06, ""after_solref_scale"": 1.04, ""before_friction_scale"": 0.94, ""before_solref_scale"": 0.96}",9c1d7b6fdcb2569629a595118e6030d161e87c31ecd66019a92a4dcec25e74ef,ef39eb6a42315f8718c3674cd0c5a00cf19013e4ce1fa436425930430ffe78a6,1425b15f73bd4095f0df53709d7c389c3eb9e790,2a66ca6336eadb3c0b34b557763f3e06d01ff8fcf6260dd4cedbd69d6093fc28,304ad77aa49552fc7426f469cdb87154b7a47cc5cf963b464ba1e31cc3092147
hostv2_C_ice_concrete_0p20_v1_r0,hostv2_pair_130,hostv2_source_130,C_ice_concrete,C,ice,concrete,0.2,1,0.23,0.02,-0.003,0.94,1.06,0.96,1.04,0.075,0,2026082230,1.2,429cb6fd8d85e09b835c1b15988412da891d718a8ea1dc2ad97ac8cfb01c0e5b,True,True,1000,0.0005,1200,1.1015494072452725e-16,"[1200, 20]",True,33,154,0.03400000000000002,0.1550000000000001,,859,,,,concrete,"{""after_friction_scale"": 1.06, ""after_solref_scale"": 1.04, ""before_friction_scale"": 0.94, ""before_solref_scale"": 0.96}",2c202ac0c70f756f8199d8bae064a034d559c02f20e26811a47dc46fec7540e1,7add7ed85b271f5d406171b216d1aad69bd0fa6070b92a68df24f3d1a9c52b9b,1425b15f73bd4095f0df53709d7c389c3eb9e790,2a66ca6336eadb3c0b34b557763f3e06d01ff8fcf6260dd4cedbd69d6093fc28,4a757e9fa11fa08b0c99ddf7f5678922bf5f43b6ef9ae4b55336e5ecc5d91c4c
hostv2_C_ice_concrete_0p20_v1_r1,hostv2_pair_131,hostv2_source_131,C_ice_concrete,C,ice,concrete,0.2,1,0.23,0.02,-0.003,0.94,1.06,0.96,1.04,0.075,1,2026082231,1.2,b3bd5b7285fd4f6f7e7e30c918963edfd27f082d0e67600ab417f68ee5128f91,True,True,1000,0.0005,1200,1.1015494072452725e-16,"[1200, 20]",True,33,154,0.03400000000000002,0.1550000000000001,,870,,,,concrete,"{""after_friction_scale"": 1.06, ""after_solref_scale"": 1.04, ""before_friction_scale"": 0.94, ""before_solref_scale"": 0.96}",9d785f92737a752cd71461e158601fcee21bc8ff70d9ee04fe9413196c49fc62,9adfceaaa39a51b3c333e83c5965a59ec1bf0ad6f049d8263b79132ea56881cc,1425b15f73bd4095f0df53709d7c389c3eb9e790,2a66ca6336eadb3c0b34b557763f3e06d01ff8fcf6260dd4cedbd69d6093fc28,42a33dc1780a820aedd0f6c94b91c8339c80ea5b10a83c860961dd0123674803
hostv2_D_sand_marble_0p10_v1_r0,hostv2_pair_132,hostv2_source_132,D_sand_marble,D,sand,marble,0.1,1,0.23,0.02,-0.003,0.94,1.06,0.96,1.04,0.075,0,2026082232,1.2,bd037c3b06affb669ea08364e7558b231ab27c800142da59eb7a3ff9ffc0fb5d,True,True,1000,0.0005,1200,1.1015494072452725e-16,"[1200, 20]",True,33,220,0.03400000000000002,0.22100000000000017,,,,,,marble,"{""after_friction_scale"": 1.06, ""after_solref_scale"": 1.04, ""before_friction_scale"": 0.94, ""before_solref_scale"": 0.96}",c0508496f357e02cf80768f6f9b99575a61eecb181ccd6af95c9da43c8fa7656,7017af0b4372d4cad13f76fb01fe984aebfeb22db2c7a9770df1d099011648e1,1425b15f73bd4095f0df53709d7c389c3eb9e790,2a66ca6336eadb3c0b34b557763f3e06d01ff8fcf6260dd4cedbd69d6093fc28,1ecd0214acff527f1d500ee3a24bf69b8ead50fb4b9a084f3f01c2662b45a258
hostv2_D_sand_marble_0p10_v1_r1,hostv2_pair_133,hostv2_source_133,D_sand_marble,D,sand,marble,0.1,1,0.23,0.02,-0.003,0.94,1.06,0.96,1.04,0.075,1,2026082233,1.2,28f5a8f4744dfbbbea1357411f79e8fbbcd3a84ddea3f9760f034f029271bf11,True,True,1000,0.0005,1200,1.1015494072452725e-16,"[1200, 20]",True,33,220,0.03400000000000002,0.22100000000000017,,,,,,marble,"{""after_friction_scale"": 1.06, ""after_solref_scale"": 1.04, ""before_friction_scale"": 0.94, ""before_solref_scale"": 0.96}",2dccf926bef200e911345a3b579c78c95db41234a8dc8d7b676fb740b890aa02,efefbc6721442fe1eb1466f5d51087fa3a0b08dfb6de732cd1f5d58be9097ea4,1425b15f73bd4095f0df53709d7c389c3eb9e790,2a66ca6336eadb3c0b34b557763f3e06d01ff8fcf6260dd4cedbd69d6093fc28,a00338ac81c18a2551ff5bad2636d91a028ae167b9652a0d8617c13e4aa6e85b
hostv2_D_sand_marble_0p15_v1_r0,hostv2_pair_134,hostv2_source_134,D_sand_marble,D,sand,marble,0.15,1,0.23,0.02,-0.003,0.94,1.06,0.96,1.04,0.075,0,2026082234,1.2,f10635829569227ffe2af92c4a70379937ddd9c78d531ae21360a88317ba3463,True,True,1000,0.0005,1200,1.1015494072452725e-16,"[1200, 20]",True,33,280,0.03400000000000002,0.2810000000000002,,,,,,marble,"{""after_friction_scale"": 1.06, ""after_solref_scale"": 1.04, ""before_friction_scale"": 0.94, ""before_solref_scale"": 0.96}",9219e7ea97722a921b11d78b8953215c8ea675360ebb32de90dc97ab21d74db1,2bfd2078f9052186562b31991674254f3f734d774d8d23fd5e34f43dcf941bd9,1425b15f73bd4095f0df53709d7c389c3eb9e790,2a66ca6336eadb3c0b34b557763f3e06d01ff8fcf6260dd4cedbd69d6093fc28,1531b82323bfd1d4388ac160eacd4db42afd706fc8df371b685cbfd5f510471b
hostv2_D_sand_marble_0p15_v1_r1,hostv2_pair_135,hostv2_source_135,D_sand_marble,D,sand,marble,0.15,1,0.23,0.02,-0.003,0.94,1.06,0.96,1.04,0.075,1,2026082235,1.2,71be3df21efcd03f759ef6bac999d842212ce01e50789db5902771caabf6040b,True,True,1000,0.0005,1200,1.1015494072452725e-16,"[1200, 20]",True,33,280,0.03400000000000002,0.2810000000000002,,,,,,marble,"{""after_friction_scale"": 1.06, ""after_solref_scale"": 1.04, ""before_friction_scale"": 0.94, ""before_solref_scale"": 0.96}",06d8a46fb7bb13ba3f10a8a0ebe05469ab77b298b9426577d01ab8371a4520a4,d2a80a20af495f93153b7c4e3e9ccaf7f049a1f10cb652a57dca1719a51e5adc,1425b15f73bd4095f0df53709d7c389c3eb9e790,2a66ca6336eadb3c0b34b557763f3e06d01ff8fcf6260dd4cedbd69d6093fc28,968f4f841230fcfc3ac67c25e75b0fd70ed0234629d064dbaae34a2427b8667d
hostv2_D_sand_marble_0p20_v1_r0,hostv2_pair_136,hostv2_source_136,D_sand_marble,D,sand,marble,0.2,1,0.23,0.02,-0.003,0.94,1.06,0.96,1.04,0.075,0,2026082236,1.2,8e5d9fd330e8774d60f32e812cfec997bb7b798c0496867a3415753c7b6ce426,True,True,1000,0.0005,1200,1.1015494072452725e-16,"[1200, 20]",True,33,320,0.03400000000000002,0.32100000000000023,884,,,,,marble,"{""after_friction_scale"": 1.06, ""after_solref_scale"": 1.04, ""before_friction_scale"": 0.94, ""before_solref_scale"": 0.96}",cfc96e6b4cc5994926a551ceb5f9b6d83999bf91054c728aeb4a00c0a54ff289,9bd1c07a3833d0e3d488679adfafd584e2e51a4cb4914f94b51ccbf7f8e82617,1425b15f73bd4095f0df53709d7c389c3eb9e790,2a66ca6336eadb3c0b34b557763f3e06d01ff8fcf6260dd4cedbd69d6093fc28,a8ddc125ea825424ec0937ca9da6497b8410735faf351cb66752e7871ea79dac
hostv2_D_sand_marble_0p20_v1_r1,hostv2_pair_137,hostv2_source_137,D_sand_marble,D,sand,marble,0.2,1,0.23,0.02,-0.003,0.94,1.06,0.96,1.04,0.075,1,2026082237,1.2,e61811d05357ab5438aa0b371a059d03c0ae62d005c7323fd0403167ccc65171,True,True,1000,0.0005,1200,1.1015494072452725e-16,"[1200, 20]",True,33,320,0.03400000000000002,0.32100000000000023,884,,,,,marble,"{""after_friction_scale"": 1.06, ""after_solref_scale"": 1.04, ""before_friction_scale"": 0.94, ""before_solref_scale"": 0.96}",859788544c1fc598e2628822905110c40fe09f6b561c2487afb7c345c456aca1,e5d8b43fea7e5bb4d864066b272964381f4ae9be90fc2ed46dfd210d95bd3f09,1425b15f73bd4095f0df53709d7c389c3eb9e790,2a66ca6336eadb3c0b34b557763f3e06d01ff8fcf6260dd4cedbd69d6093fc28,76ce2c2d2267f318b64b5d2cafce819e7cc4a30a5633915640e4eecafb686a3f
hostv2_D_sand_concrete_0p10_v1_r0,hostv2_pair_138,hostv2_source_138,D_sand_concrete,D,sand,concrete,0.1,1,0.23,0.02,-0.003,0.94,1.06,0.96,1.04,0.075,0,2026082238,1.2,53dada5a44cd3314efd860cbc53e2ac46369491a67bdf21271c35858d90a8b23,True,True,1000,0.0005,1200,1.1015494072452725e-16,"[1200, 20]",True,33,260,0.03400000000000002,0.2610000000000002,,,,,,concrete,"{""after_friction_scale"": 1.06, ""after_solref_scale"": 1.04, ""before_friction_scale"": 0.94, ""before_solref_scale"": 0.96}",ad728ce745c90585e2e4286e3ad013dc5d657cca4ade53cb128d7d80ae04ef28,4e5fe1e24b0f76bf154b0d54ade17d9bf40567b732654c09fcf41ea34ac6ee91,1425b15f73bd4095f0df53709d7c389c3eb9e790,2a66ca6336eadb3c0b34b557763f3e06d01ff8fcf6260dd4cedbd69d6093fc28,8a4c1ba7d1f3c39dcba2125e00a3c879431befe33351683ed075b054ae987af8
hostv2_D_sand_concrete_0p10_v1_r1,hostv2_pair_139,hostv2_source_139,D_sand_concrete,D,sand,concrete,0.1,1,0.23,0.02,-0.003,0.94,1.06,0.96,1.04,0.075,1,2026082239,1.2,94da62ad17d955a56d3a63e3ea3dab58937ae2616ba086eddd4296c78e1b68d5,True,True,1000,0.0005,1200,1.1015494072452725e-16,"[1200, 20]",True,33,260,0.03400000000000002,0.2610000000000002,,,,,,concrete,"{""after_friction_scale"": 1.06, ""after_solref_scale"": 1.04, ""before_friction_scale"": 0.94, ""before_solref_scale"": 0.96}",ccf82a3f01c2be9240f038221c44cfdc65ddcfd8f2eebbc7f039bcc93563b7fc,b4c0d977bfa0245d73a3f6630d0aa8dd7bdae6464f78e2ae2834d4eaebc4f1b3,1425b15f73bd4095f0df53709d7c389c3eb9e790,2a66ca6336eadb3c0b34b557763f3e06d01ff8fcf6260dd4cedbd69d6093fc28,86a01eec7afda5c0239f7d951f3439fff92a8101dba58ca01e644c7a693f2a55
hostv2_D_sand_concrete_0p15_v1_r0,hostv2_pair_140,hostv2_source_140,D_sand_concrete,D,sand,concrete,0.15,1,0.23,0.02,-0.003,0.94,1.06,0.96,1.04,0.075,0,2026082240,1.2,9e12964b11d1c70b94a0e78d067f09ac5318001d5feec6f50eb56bdee553ceec,True,True,1000,0.0005,1200,1.1015494072452725e-16,"[1200, 20]",True,33,300,0.03400000000000002,0.3010000000000002,,,,,,concrete,"{""after_friction_scale"": 1.06, ""after_solref_scale"": 1.04, ""before_friction_scale"": 0.94, ""before_solref_scale"": 0.96}",9a4e2bae860d6c4a5b7eb071bbe49dc4623055bd7a5d61e7de8ea384df7e13a0,0a43f8ac6f2750836e808dcde2ba2a56ce398da62dc15cb25f538fa00da06483,1425b15f73bd4095f0df53709d7c389c3eb9e790,2a66ca6336eadb3c0b34b557763f3e06d01ff8fcf6260dd4cedbd69d6093fc28,7836234bcde733afdfa9faecc1abe787e69f19617d8e61369a1a76255e0504db
hostv2_D_sand_concrete_0p15_v1_r1,hostv2_pair_141,hostv2_source_141,D_sand_concrete,D,sand,concrete,0.15,1,0.23,0.02,-0.003,0.94,1.06,0.96,1.04,0.075,1,2026082241,1.2,0b26ac1397735a5067a9ba243b01af54d9b8a12d604365b87e34d923886fb927,True,True,1000,0.0005,1200,1.1015494072452725e-16,"[1200, 20]",True,33,300,0.03400000000000002,0.3010000000000002,,,,,,concrete,"{""after_friction_scale"": 1.06, ""after_solref_scale"": 1.04, ""before_friction_scale"": 0.94, ""before_solref_scale"": 0.96}",e80a6b128fe081c67462e37be68d2908cb5ac0ae8226b36318034df3fa887e11,8711a0c871f9a5ff08ec1d30ae08fdc0138bf778cdeca60f66d96e8afc231aec,1425b15f73bd4095f0df53709d7c389c3eb9e790,2a66ca6336eadb3c0b34b557763f3e06d01ff8fcf6260dd4cedbd69d6093fc28,ac45f3d4e5a89d119c3a0126c7a3841f5ea238a9fed1409150949da325e4e3a2
hostv2_D_sand_concrete_0p20_v1_r0,hostv2_pair_142,hostv2_source_142,D_sand_concrete,D,sand,concrete,0.2,1,0.23,0.02,-0.003,0.94,1.06,0.96,1.04,0.075,0,2026082242,1.2,26602a43cf23befa40efa3fc551bb922ce6bb121ba1255b652d88bb87f5556b2,True,True,1000,0.0005,1200,1.1015494072452725e-16,"[1200, 20]",True,33,320,0.03400000000000002,0.32100000000000023,890,1199,,,,concrete,"{""after_friction_scale"": 1.06, ""after_solref_scale"": 1.04, ""before_friction_scale"": 0.94, ""before_solref_scale"": 0.96}",53f57ba1ae7ead9803a1d89abe0f7e84d4f3dd2bd5ff6287a8e4b098f64f43a2,8b32081f8b3c6911dfdbf98d44857187003f1f3327fa922853b2735bbc2ad25e,1425b15f73bd4095f0df53709d7c389c3eb9e790,2a66ca6336eadb3c0b34b557763f3e06d01ff8fcf6260dd4cedbd69d6093fc28,0db399e32d26543f956f54a9347e4bd0afcc5a8f5a9120d838ece1ad1ea832cb
hostv2_D_sand_concrete_0p20_v1_r1,hostv2_pair_143,hostv2_source_143,D_sand_concrete,D,sand,concrete,0.2,1,0.23,0.02,-0.003,0.94,1.06,0.96,1.04,0.075,1,2026082243,1.2,72ce49fc710166d56c6de7d855580dcda7f494ab7dd8f06397c3ec7b95dd8e0c,True,True,1000,0.0005,1200,1.1015494072452725e-16,"[1200, 20]",True,33,320,0.03400000000000002,0.32100000000000023,891,,,,,concrete,"{""after_friction_scale"": 1.06, ""after_solref_scale"": 1.04, ""before_friction_scale"": 0.94, ""before_solref_scale"": 0.96}",55bf9d8db0a0e24849a0069dae98a1a7e90a902b5055db5594ae619669402612,7ef18ba9cf33ffb89eb9034a21580991960c0a7337750486429f8cb56a9af4f2,1425b15f73bd4095f0df53709d7c389c3eb9e790,2a66ca6336eadb3c0b34b557763f3e06d01ff8fcf6260dd4cedbd69d6093fc28,a551c00e871e1887dccdb09629de03093619eb342cac40fd5c822bd67b0c25c8
hostv2_S_concrete_0p10_v1_r0,hostv2_pair_144,hostv2_source_144,S_concrete,S,concrete,concrete,0.1,1,0.23,0.02,-0.003,0.94,1.06,0.96,1.04,0.075,0,2026082244,1.2,d49a0880811720e17d4486bfa3c9d673507d55ba4bc6fee701383a83f9c00479,True,True,1000,0.0005,1200,1.1015494072452725e-16,"[1200, 20]",True,33,180,0.03400000000000002,0.18100000000000013,,,,,,concrete,"{""after_friction_scale"": 1.06, ""after_solref_scale"": 1.04, ""before_friction_scale"": 0.94, ""before_solref_scale"": 0.96}",a20d146dd465c9a440380a55658097080d34412af1425b327ed9b90c1a1a32b9,f4b8c0b8d1aba76ceb44249f6838e16eb35c1d580059ec5f238cf5b9bfa117ff,1425b15f73bd4095f0df53709d7c389c3eb9e790,2a66ca6336eadb3c0b34b557763f3e06d01ff8fcf6260dd4cedbd69d6093fc28,4aa9cbe644eccdac82008b52ed286e3232f93978f13c295fd28e3e235dd19172
hostv2_S_concrete_0p10_v1_r1,hostv2_pair_145,hostv2_source_145,S_concrete,S,concrete,concrete,0.1,1,0.23,0.02,-0.003,0.94,1.06,0.96,1.04,0.075,1,2026082245,1.2,97f962e113b73f43e32e94240b0d835caf393e74e8ca5deb33fc5eead94994f7,True,True,1000,0.0005,1200,1.1015494072452725e-16,"[1200, 20]",True,33,180,0.03400000000000002,0.18100000000000013,,,,,,concrete,"{""after_friction_scale"": 1.06, ""after_solref_scale"": 1.04, ""before_friction_scale"": 0.94, ""before_solref_scale"": 0.96}",4208b230a4e844dbcea428f61cf3ffeb27d9bc192c18873824e3c9b2fb4f8e2d,2d9b0c787d990819a85a2823d5e93a7834176e61daa4fdf2b4f4b83ffa577355,1425b15f73bd4095f0df53709d7c389c3eb9e790,2a66ca6336eadb3c0b34b557763f3e06d01ff8fcf6260dd4cedbd69d6093fc28,7f859d3a10e2bf93c8c4b8aee7cc71f2607f50db3ca04d79c814da335b09fbb7
hostv2_S_concrete_0p15_v1_r0,hostv2_pair_146,hostv2_source_146,S_concrete,S,concrete,concrete,0.15,1,0.23,0.02,-0.003,0.94,1.06,0.96,1.04,0.075,0,2026082246,1.2,375bf74fe2779b714a1c4936d67458e91063934b373076bf60ef6f44b7b0fe99,True,True,1000,0.0005,1200,1.1015494072452725e-16,"[1200, 20]",True,33,200,0.03400000000000002,0.20100000000000015,,,,,,concrete,"{""after_friction_scale"": 1.06, ""after_solref_scale"": 1.04, ""before_friction_scale"": 0.94, ""before_solref_scale"": 0.96}",1737b61d83e8b063dc25670a94e8bf40db559b75cf26431e37f2d75bff175403,277b382a9a0773644de54fb95afdb038c76a4fadc438e7b18130d0e61bf5d6bb,1425b15f73bd4095f0df53709d7c389c3eb9e790,2a66ca6336eadb3c0b34b557763f3e06d01ff8fcf6260dd4cedbd69d6093fc28,9df42ac2acf556e797bfe7c98872c5d02ddf737110796fe5cf71d8ce717610c1
hostv2_S_concrete_0p15_v1_r1,hostv2_pair_147,hostv2_source_147,S_concrete,S,concrete,concrete,0.15,1,0.23,0.02,-0.003,0.94,1.06,0.96,1.04,0.075,1,2026082247,1.2,858f2ef6f60efbb9dc86ee28cacc2a31374b1685b13c58e2f9ef97593e907b46,True,True,1000,0.0005,1200,1.1015494072452725e-16,"[1200, 20]",True,33,200,0.03400000000000002,0.20100000000000015,,,,,,concrete,"{""after_friction_scale"": 1.06, ""after_solref_scale"": 1.04, ""before_friction_scale"": 0.94, ""before_solref_scale"": 0.96}",56cbf810383666a0f053fa4f85f8abc7777e3018345cf69ad52adb05e6214085,09608a470c5075fdaf543620dd22d0c00edadae74d60d1708351636e4231b891,1425b15f73bd4095f0df53709d7c389c3eb9e790,2a66ca6336eadb3c0b34b557763f3e06d01ff8fcf6260dd4cedbd69d6093fc28,53766174073ef9a6cccab9490db92f2185492aea582149111fb80c90589bcafc
hostv2_S_concrete_0p20_v1_r0,hostv2_pair_148,hostv2_source_148,S_concrete,S,concrete,concrete,0.2,1,0.23,0.02,-0.003,0.94,1.06,0.96,1.04,0.075,0,2026082248,1.2,fa159cb69671ed3de4edc16f080c3593a09ad69710552ccc66b79ae77be2c53d,True,True,1000,0.0005,1200,1.1015494072452725e-16,"[1200, 20]",True,33,220,0.03400000000000002,0.22100000000000017,,,,,,concrete,"{""after_friction_scale"": 1.06, ""after_solref_scale"": 1.04, ""before_friction_scale"": 0.94, ""before_solref_scale"": 0.96}",8f0b7dbb1db9a4cb4cbaf8ef93332ca4b14212450ec601094219958daba7164c,0da0cc5a5b69386445c60bf10e8ac249cfdf66e6e5ae6f8743f1801e43516e28,1425b15f73bd4095f0df53709d7c389c3eb9e790,2a66ca6336eadb3c0b34b557763f3e06d01ff8fcf6260dd4cedbd69d6093fc28,2b78a4fecbda1a0c9473023f5836e581397a223a18df5c13dcbc257fa762f0aa
hostv2_S_concrete_0p20_v1_r1,hostv2_pair_149,hostv2_source_149,S_concrete,S,concrete,concrete,0.2,1,0.23,0.02,-0.003,0.94,1.06,0.96,1.04,0.075,1,2026082249,1.2,5b16ecde850ba1e0e66d35c5767dd3051b7f0177383882104c54e56319124248,True,True,1000,0.0005,1200,1.1015494072452725e-16,"[1200, 20]",True,33,220,0.03400000000000002,0.22100000000000017,,,,,,concrete,"{""after_friction_scale"": 1.06, ""after_solref_scale"": 1.04, ""before_friction_scale"": 0.94, ""before_solref_scale"": 0.96}",7c72f864619896999e4e9a5564a01fefa9703b1a5f244277d3e629b89783b36c,3ac98c68fdf758d88365ca156e6671af73c2546292ee3389da9a06792e076859,1425b15f73bd4095f0df53709d7c389c3eb9e790,2a66ca6336eadb3c0b34b557763f3e06d01ff8fcf6260dd4cedbd69d6093fc28,1d997fa6fc7ee59b30bcbdcc68baac37e8cd075e75cabeca23e2b2d2a013ca8c
hostv2_S_marble_0p10_v1_r0,hostv2_pair_150,hostv2_source_150,S_marble,S,marble,marble,0.1,1,0.23,0.02,-0.003,0.94,1.06,0.96,1.04,0.075,0,2026082250,1.2,becd9fc8183f4d0fbd0f1f39995ca81411fd29c21a16e41196f1916cd4c37c63,True,True,1000,0.0005,1200,1.1015494072452725e-16,"[1200, 20]",True,33,180,0.03400000000000002,0.18100000000000013,,,,,,marble,"{""after_friction_scale"": 1.06, ""after_solref_scale"": 1.04, ""before_friction_scale"": 0.94, ""before_solref_scale"": 0.96}",74d391e462f25442e7e381fa36f2f0ca79d2eed9760bc2eff117b313762b0746,9970493be2d96661c25ccfb706b899faffca056e516d62daf6511e2aa539a35d,1425b15f73bd4095f0df53709d7c389c3eb9e790,2a66ca6336eadb3c0b34b557763f3e06d01ff8fcf6260dd4cedbd69d6093fc28,3ae2b5697452016508c5e99142371267f760e588c97a0be0e70e6785b30396ae
hostv2_S_marble_0p10_v1_r1,hostv2_pair_151,hostv2_source_151,S_marble,S,marble,marble,0.1,1,0.23,0.02,-0.003,0.94,1.06,0.96,1.04,0.075,1,2026082251,1.2,9567d0222da7bfae9f7fd98e33647f2d727da71420786ad43285de4132111d84,True,True,1000,0.0005,1200,1.1015494072452725e-16,"[1200, 20]",True,33,180,0.03400000000000002,0.18100000000000013,,,,,,marble,"{""after_friction_scale"": 1.06, ""after_solref_scale"": 1.04, ""before_friction_scale"": 0.94, ""before_solref_scale"": 0.96}",68de88277025bd78800fa3bd894444ff37f36dcb9373a3f72aa65b6a8e44a50b,a549a78da937368c1495cdbe60c78f363cfb52b9765be21acd5125944f792ad6,1425b15f73bd4095f0df53709d7c389c3eb9e790,2a66ca6336eadb3c0b34b557763f3e06d01ff8fcf6260dd4cedbd69d6093fc28,fd78619017ace0c46971e2ba2dfc9f02640813e6020998fabd59e9a0e61a3ef7
hostv2_S_marble_0p15_v1_r0,hostv2_pair_152,hostv2_source_152,S_marble,S,marble,marble,0.15,1,0.23,0.02,-0.003,0.94,1.06,0.96,1.04,0.075,0,2026082252,1.2,2629da3bd07fa8030af48bcb0e62028e62f9425b84e632e11a8043cf338f4869,True,True,1000,0.0005,1200,1.1015494072452725e-16,"[1200, 20]",True,33,200,0.03400000000000002,0.20100000000000015,,,,,,marble,"{""after_friction_scale"": 1.06, ""after_solref_scale"": 1.04, ""before_friction_scale"": 0.94, ""before_solref_scale"": 0.96}",600b25b0ca900af1cf9ff9318a3422c90ebb59a25e521091ef65e00518d04ffd,f0e3add98f922341bc13380e7e1eb183163587f2752f343a7787ae887f27aaf5,1425b15f73bd4095f0df53709d7c389c3eb9e790,2a66ca6336eadb3c0b34b557763f3e06d01ff8fcf6260dd4cedbd69d6093fc28,b05aa50f3380a1ac3869b811de69bc8ef17b1226d37b0c77e2f9569b6c1baa9f
hostv2_S_marble_0p15_v1_r1,hostv2_pair_153,hostv2_source_153,S_marble,S,marble,marble,0.15,1,0.23,0.02,-0.003,0.94,1.06,0.96,1.04,0.075,1,2026082253,1.2,0df3476f834b394aac43d2e890c93ddd99b5f7eec7a9792bc5add324e351131d,True,True,1000,0.0005,1200,1.1015494072452725e-16,"[1200, 20]",True,33,200,0.03400000000000002,0.20100000000000015,,,,,,marble,"{""after_friction_scale"": 1.06, ""after_solref_scale"": 1.04, ""before_friction_scale"": 0.94, ""before_solref_scale"": 0.96}",a702fecacc93d277d58f75f80a6ab4c85446e4883283a2154ccd79cd069d36cb,187a2d5b94205a34bbbe69722ff5bffa06427913999d252473aa71c99a0809c7,1425b15f73bd4095f0df53709d7c389c3eb9e790,2a66ca6336eadb3c0b34b557763f3e06d01ff8fcf6260dd4cedbd69d6093fc28,2b0e0e6ffa96e00a0ea4baed29b44e7e498f5605b762674601f9aa6a3c5f27bb
hostv2_S_marble_0p20_v1_r0,hostv2_pair_154,hostv2_source_154,S_marble,S,marble,marble,0.2,1,0.23,0.02,-0.003,0.94,1.06,0.96,1.04,0.075,0,2026082254,1.2,ac0fdc29e00ef2d8a6105bd3312cda96b254291e59cd16779c54a78787f51424,True,True,1000,0.0005,1200,1.1015494072452725e-16,"[1200, 20]",True,33,220,0.03400000000000002,0.22100000000000017,,,,,,marble,"{""after_friction_scale"": 1.06, ""after_solref_scale"": 1.04, ""before_friction_scale"": 0.94, ""before_solref_scale"": 0.96}",994bfbde319d7c7862ea558a919e007190c1a70497098cdbabce7187ac6f3231,677900107ce20efe442e0f87b66509b1e484e5c67f4a7039fc8c84dadaeb6c01,1425b15f73bd4095f0df53709d7c389c3eb9e790,2a66ca6336eadb3c0b34b557763f3e06d01ff8fcf6260dd4cedbd69d6093fc28,dfc17793b0699b30fef9a57a2ff7a353113f058f731c1e5533da92fa75a04bc2
hostv2_S_marble_0p20_v1_r1,hostv2_pair_155,hostv2_source_155,S_marble,S,marble,marble,0.2,1,0.23,0.02,-0.003,0.94,1.06,0.96,1.04,0.075,1,2026082255,1.2,d14c441a4b68257ef729e57ad97b7119ab7feff250a0095accf32f14edf1a848,True,True,1000,0.0005,1200,1.1015494072452725e-16,"[1200, 20]",True,33,240,0.03400000000000002,0.2410000000000002,,,,,,marble,"{""after_friction_scale"": 1.06, ""after_solref_scale"": 1.04, ""before_friction_scale"": 0.94, ""before_solref_scale"": 0.96}",4aa0f3ecb64fd3430d463797389ae4f0e1010b4f1b757800279f2b1e9baf74eb,ec212b29b4f678a29fd623d17fa9ba20c9dd83056f19f5f11dac5b1c87ceb175,1425b15f73bd4095f0df53709d7c389c3eb9e790,2a66ca6336eadb3c0b34b557763f3e06d01ff8fcf6260dd4cedbd69d6093fc28,09045b6420797c929c9f984bf7dc9027cad5c8e14e02f8234ad2cb4d01d1f120
hostv2_S_ice_0p10_v1_r0,hostv2_pair_156,hostv2_source_156,S_ice,S,ice,ice,0.1,1,0.23,0.02,-0.003,0.94,1.06,0.96,1.04,0.075,0,2026082256,1.2,2317fd7c5ff0627d4675d14c15f892b46e774919e2727652f5adb36b1233c36a,True,True,1000,0.0005,1200,1.1015494072452725e-16,"[1200, 20]",True,33,116,0.03400000000000002,0.11700000000000009,,,615,0.6159999999999876,fallen_base_height,,"{""after_friction_scale"": 1.06, ""after_solref_scale"": 1.04, ""before_friction_scale"": 0.94, ""before_solref_scale"": 0.96}",606af7a3411906f9b17b780e7a554f2a9000f58a738440305cd849080b58c15e,9b732426ac278f1a4def9bfc64de05e51cc0971afaf4abe42728e6dcebc6e3ea,1425b15f73bd4095f0df53709d7c389c3eb9e790,2a66ca6336eadb3c0b34b557763f3e06d01ff8fcf6260dd4cedbd69d6093fc28,920ba9c4a62ddff88d66efae674a4dba68c6761b640958406702ceec42c0ec68
hostv2_S_ice_0p10_v1_r1,hostv2_pair_157,hostv2_source_157,S_ice,S,ice,ice,0.1,1,0.23,0.02,-0.003,0.94,1.06,0.96,1.04,0.075,1,2026082257,1.2,3139125c611bc5a20e618ce3688e7c5fcc2c40b429c53ea4aa42633f90cda98c,True,True,1000,0.0005,1200,1.1015494072452725e-16,"[1200, 20]",True,33,116,0.03400000000000002,0.11700000000000009,,,574,0.5749999999999921,fallen_base_height,,"{""after_friction_scale"": 1.06, ""after_solref_scale"": 1.04, ""before_friction_scale"": 0.94, ""before_solref_scale"": 0.96}",04623ab699c35486136eccade567a7e081a0dbb23426411f5437975efc45fcb0,85b3d0a67648974acf8416f5c1ea8cd72d7dad23ed574871cc1af102d7a14e46,1425b15f73bd4095f0df53709d7c389c3eb9e790,2a66ca6336eadb3c0b34b557763f3e06d01ff8fcf6260dd4cedbd69d6093fc28,7a29a8afc496ce81450e5fe9770741c8d0beb8b11a1062559f725fc152bfa38e
hostv2_S_ice_0p15_v1_r0,hostv2_pair_158,hostv2_source_158,S_ice,S,ice,ice,0.15,1,0.23,0.02,-0.003,0.94,1.06,0.96,1.04,0.075,0,2026082258,1.2,11dc5726847a37ae33c3001a4cdede0da92eca9097da5649b6343c26c4d702ac,True,True,1000,0.0005,1200,1.1015494072452725e-16,"[1200, 20]",True,33,114,0.03400000000000002,0.11500000000000009,,,514,0.5149999999999987,fallen_base_height,,"{""after_friction_scale"": 1.06, ""after_solref_scale"": 1.04, ""before_friction_scale"": 0.94, ""before_solref_scale"": 0.96}",1a41cc4467345fbd77afd0d8743c480792afe70b06b5f18a1a598640d2643292,e8ea79cbe136c8728cf578b2beb124a630a8bb0ca3adec7e2e0146844f788b89,1425b15f73bd4095f0df53709d7c389c3eb9e790,2a66ca6336eadb3c0b34b557763f3e06d01ff8fcf6260dd4cedbd69d6093fc28,ca00739db422beb77b2686ce435b3197219a16c8eebed47ffcfb02e2c315ddbc
hostv2_S_ice_0p15_v1_r1,hostv2_pair_159,hostv2_source_159,S_ice,S,ice,ice,0.15,1,0.23,0.02,-0.003,0.94,1.06,0.96,1.04,0.075,1,2026082259,1.2,b711d29820df3af5423453f83fb8c8c8ec953bfa1b272cb10b7600f338efbcdc,True,True,1000,0.0005,1200,1.1015494072452725e-16,"[1200, 20]",True,33,114,0.03400000000000002,0.11500000000000009,,,580,0.5809999999999914,fallen_base_height,,"{""after_friction_scale"": 1.06, ""after_solref_scale"": 1.04, ""before_friction_scale"": 0.94, ""before_solref_scale"": 0.96}",85059e54c67ef5870f66d1cee0552a7240b563b2a4e459d0c2656f34e33eea49,8023ad282ce90956dbf8d6a3242667e485954f3222e74bb35f00d62f3f5dd337,1425b15f73bd4095f0df53709d7c389c3eb9e790,2a66ca6336eadb3c0b34b557763f3e06d01ff8fcf6260dd4cedbd69d6093fc28,c474e160fc199e6bf0fb10d0b500333b60798b8fe342640c2e01f293f1afc292
hostv2_S_ice_0p20_v1_r0,hostv2_pair_160,hostv2_source_160,S_ice,S,ice,ice,0.2,1,0.23,0.02,-0.003,0.94,1.06,0.96,1.04,0.075,0,2026082260,1.2,2b5dcc55b9ac5ccbdefc4c6f0507d3c296cfb2edf3c3e49d8ee56c23d726d691,True,True,1000,0.0005,1200,1.1015494072452725e-16,"[1200, 20]",True,33,121,0.03400000000000002,0.1220000000000001,,,537,0.5379999999999961,fallen_base_height,,"{""after_friction_scale"": 1.06, ""after_solref_scale"": 1.04, ""before_friction_scale"": 0.94, ""before_solref_scale"": 0.96}",28b80eb387e0b276f9a27bc74c5a2e773ddbdc1c64a6258d8eae01cd853f2dde,785ea3d5fd6b318e0477c12b48c4bf404bce8934cb04e625144903b717e7c7b2,1425b15f73bd4095f0df53709d7c389c3eb9e790,2a66ca6336eadb3c0b34b557763f3e06d01ff8fcf6260dd4cedbd69d6093fc28,30fed06b2ea752f767b406cfdf92e44dedbac9e912d7e2a658a18c4d1048cefe
hostv2_S_ice_0p20_v1_r1,hostv2_pair_161,hostv2_source_161,S_ice,S,ice,ice,0.2,1,0.23,0.02,-0.003,0.94,1.06,0.96,1.04,0.075,1,2026082261,1.2,7a987e2bf7a853ae1eba623c84f512250fdb6747c74ccc1cfbc000c8f31255c7,True,True,1000,0.0005,1200,1.1015494072452725e-16,"[1200, 20]",True,33,121,0.03400000000000002,0.1220000000000001,,,542,0.5429999999999956,fallen_base_height,,"{""after_friction_scale"": 1.06, ""after_solref_scale"": 1.04, ""before_friction_scale"": 0.94, ""before_solref_scale"": 0.96}",598173c6b218ff79da3cfb43d97d933f89a1c8383729a775a47b8d3195dddcad,73454be4d669ff8eea5ccf5620f9fc3c4f5eb3562c85878780abf64743c54f89,1425b15f73bd4095f0df53709d7c389c3eb9e790,2a66ca6336eadb3c0b34b557763f3e06d01ff8fcf6260dd4cedbd69d6093fc28,42e2d332ff11c0276751917aa3020c90066c7c886d56cad84257aa19a233ce76
hostv2_S_sand_0p10_v1_r0,hostv2_pair_162,hostv2_source_162,S_sand,S,sand,sand,0.1,1,0.23,0.02,-0.003,0.94,1.06,0.96,1.04,0.075,0,2026082262,1.2,32e157c6447e92abd7eaa12506c8bd280ab3f291bbb06104dffffc02930da7ad,True,True,1000,0.0005,1200,1.1015494072452725e-16,"[1200, 20]",True,33,200,0.03400000000000002,0.20100000000000015,,,,,,,"{""after_friction_scale"": 1.06, ""after_solref_scale"": 1.04, ""before_friction_scale"": 0.94, ""before_solref_scale"": 0.96}",51e37b673045f73ed9d4b272d1d87be2ae422f28162bdd65207775fbec9143b9,c85738695db889140a7cbf7986bb2ad1c96ed06fd52bea9d3474dadce7a2e0a4,1425b15f73bd4095f0df53709d7c389c3eb9e790,2a66ca6336eadb3c0b34b557763f3e06d01ff8fcf6260dd4cedbd69d6093fc28,ab6d38a0dfd93ce9a2c5e3047599297f64c746ac361d83306744455a2f88891f
hostv2_S_sand_0p10_v1_r1,hostv2_pair_163,hostv2_source_163,S_sand,S,sand,sand,0.1,1,0.23,0.02,-0.003,0.94,1.06,0.96,1.04,0.075,1,2026082263,1.2,bcfb1b6755c69aa91da8f21a87013f2097d5421efcd3f61472998772480b8a67,True,True,1000,0.0005,1200,1.1015494072452725e-16,"[1200, 20]",True,33,200,0.03400000000000002,0.20100000000000015,,,,,,,"{""after_friction_scale"": 1.06, ""after_solref_scale"": 1.04, ""before_friction_scale"": 0.94, ""before_solref_scale"": 0.96}",eca6137d6ad7a99c926b8029e7be34996ed141ffd247aaaf5757dd1c1c62f9ca,80aea4f7d5f44915e1258bc12d27644be780643f32287233e407f1dee71e8752,1425b15f73bd4095f0df53709d7c389c3eb9e790,2a66ca6336eadb3c0b34b557763f3e06d01ff8fcf6260dd4cedbd69d6093fc28,d76b682eabe93b63203bcf0af9afa62069e4070aae81f6a4c84e214a9d803c94
hostv2_S_sand_0p15_v1_r0,hostv2_pair_164,hostv2_source_164,S_sand,S,sand,sand,0.15,1,0.23,0.02,-0.003,0.94,1.06,0.96,1.04,0.075,0,2026082264,1.2,2d4b3689df1ae74bcc7b70fdd7c8bfb0fe81fca3eef95d6cab26466f93980fbb,True,True,1000,0.0005,1200,1.1015494072452725e-16,"[1200, 20]",True,33,220,0.03400000000000002,0.22100000000000017,807,,,,,,"{""after_friction_scale"": 1.06, ""after_solref_scale"": 1.04, ""before_friction_scale"": 0.94, ""before_solref_scale"": 0.96}",3922c172f0ddaead6d35687b3c0dfeefc1b6c79ea174ec25661e0436fcfad289,c7afd16039e2cd3cf828782999fe28c244bd1e170a471bd1f11b8f31f1a4f9d4,1425b15f73bd4095f0df53709d7c389c3eb9e790,2a66ca6336eadb3c0b34b557763f3e06d01ff8fcf6260dd4cedbd69d6093fc28,b03ec0633e3eaf31cca74fb235f4c7b8cff0b434a4c60d9dd76eddb9c4c24bd6
hostv2_S_sand_0p15_v1_r1,hostv2_pair_165,hostv2_source_165,S_sand,S,sand,sand,0.15,1,0.23,0.02,-0.003,0.94,1.06,0.96,1.04,0.075,1,2026082265,1.2,d092232503fab275abf9fc9803d3be21ea7f607c981bad782d5c7598e7f1dd67,True,True,1000,0.0005,1200,1.1015494072452725e-16,"[1200, 20]",True,33,220,0.03400000000000002,0.22100000000000017,807,,,,,,"{""after_friction_scale"": 1.06, ""after_solref_scale"": 1.04, ""before_friction_scale"": 0.94, ""before_solref_scale"": 0.96}",6ffafcb7e2b2f43adda17f42fd023b17cd6e4e2658822f9aeeb4b9984423736d,9c094e34e8ccdc672c1fd2a149528ec44edab17fbf22f84da7a96cce0b38bd30,1425b15f73bd4095f0df53709d7c389c3eb9e790,2a66ca6336eadb3c0b34b557763f3e06d01ff8fcf6260dd4cedbd69d6093fc28,86289a119807a6ee076244eec9839006a425b07adfe55bec313f4e09ddef5fef
hostv2_S_sand_0p20_v1_r0,hostv2_pair_166,hostv2_source_166,S_sand,S,sand,sand,0.2,1,0.23,0.02,-0.003,0.94,1.06,0.96,1.04,0.075,0,2026082266,1.2,4c40dd1653c9a2d26d67b03a743d8013630234942a28c0e274a4df07d8c1ae1a,True,True,1000,0.0005,1200,1.1015494072452725e-16,"[1200, 20]",True,33,240,0.03400000000000002,0.2410000000000002,822,,,,,,"{""after_friction_scale"": 1.06, ""after_solref_scale"": 1.04, ""before_friction_scale"": 0.94, ""before_solref_scale"": 0.96}",8ac1256ca2d3dc1b63f3691b21a7e61110964e23cf6f34fe546c974fe04a4921,520414436c3ade84710e0fa541e1dc0ffae7d15d28e732be21f4408d5bfab8f0,1425b15f73bd4095f0df53709d7c389c3eb9e790,2a66ca6336eadb3c0b34b557763f3e06d01ff8fcf6260dd4cedbd69d6093fc28,b9f01dee88165f91e142089ec006da1d0b7fa6bdcee3866993cf412d7ea42274
hostv2_S_sand_0p20_v1_r1,hostv2_pair_167,hostv2_source_167,S_sand,S,sand,sand,0.2,1,0.23,0.02,-0.003,0.94,1.06,0.96,1.04,0.075,1,2026082267,1.2,b265eb418e2d2544a3782a1defdb2978cebe3c65c04816f2047c74d5fbb4e1ec,True,True,1000,0.0005,1200,1.1015494072452725e-16,"[1200, 20]",True,33,240,0.03400000000000002,0.2410000000000002,822,,,,,,"{""after_friction_scale"": 1.06, ""after_solref_scale"": 1.04, ""before_friction_scale"": 0.94, ""before_solref_scale"": 0.96}",9cc26216fcd13dd212d8cf1af9294a480e975ea5ff40a38e4e6c8a36238a5d23,c33af2ef657c413aad15099da5980b254a657e2193bf7632eb9d2d58928fbc3a,1425b15f73bd4095f0df53709d7c389c3eb9e790,2a66ca6336eadb3c0b34b557763f3e06d01ff8fcf6260dd4cedbd69d6093fc28,c0dbe8bf96b8995403f1cec7753c046d0df309643e8c072184b819132c5cf05f
hostv2_A_marble_ice_0p10_v2_r0,hostv2_pair_168,hostv2_source_168,A_marble_ice,A,marble,ice,0.1,2,0.41,0.04,0.0,1.06,0.94,1.04,0.96,0.1,0,2026082268,1.2,762cd3c87582b3133bfd7d53cf0df9d8e04eb713f4b26f42ac81c3cec897511b,True,True,1000,0.0005,1200,1.1015494072452725e-16,"[1200, 20]",True,284,38,0.2850000000000002,0.03900000000000003,,,540,0.5409999999999958,fallen_base_height,marble,"{""after_friction_scale"": 0.94, ""after_solref_scale"": 0.96, ""before_friction_scale"": 1.06, ""before_solref_scale"": 1.04}",83bebe4ff8b4baac14da17aef301d7b60655b245ae50573a75107d71bb3aa1f6,82840eee6103acf5d1c5ab46bf3062db9d6a2791c118c093ce6071d7f7f1f139,1425b15f73bd4095f0df53709d7c389c3eb9e790,2a66ca6336eadb3c0b34b557763f3e06d01ff8fcf6260dd4cedbd69d6093fc28,0cba2357474d6cd1b0f7febc1d35b1d43bddc657c42ffb3918840b60e5e65532
hostv2_A_marble_ice_0p10_v2_r1,hostv2_pair_169,hostv2_source_169,A_marble_ice,A,marble,ice,0.1,2,0.41,0.04,0.0,1.06,0.94,1.04,0.96,0.1,1,2026082269,1.2,b0bf53a2ea26e41965d741ab840f8c84f6094fd7cf27b37f88e76fea3cd41e61,True,True,1000,0.0005,1200,1.1015494072452725e-16,"[1200, 20]",True,277,929,0.2780000000000002,0.929999999999953,,,534,0.5349999999999965,fallen_base_height,marble,"{""after_friction_scale"": 0.94, ""after_solref_scale"": 0.96, ""before_friction_scale"": 1.06, ""before_solref_scale"": 1.04}",c7a36d5547e22f63bb440be1473dc8b5e8bcf35bb15340e11664c8ba5af72153,0eb3bf406bcd79587bbdcdba2ea475e442af15b39cf1859473e3b278685c2948,1425b15f73bd4095f0df53709d7c389c3eb9e790,2a66ca6336eadb3c0b34b557763f3e06d01ff8fcf6260dd4cedbd69d6093fc28,67e8755a26ddf83fa96d00b1fd68e19d05a699071b643ea592ff5d4047ed5804
hostv2_A_marble_ice_0p15_v2_r0,hostv2_pair_170,hostv2_source_170,A_marble_ice,A,marble,ice,0.15,2,0.41,0.04,0.0,1.06,0.94,1.04,0.96,0.1,0,2026082270,1.2,6806e8c8a0159494195f992f3e199839115a2d561928f1154a4fa067da09df97,True,True,1000,0.0005,1200,1.1015494072452725e-16,"[1200, 20]",True,271,932,0.2720000000000002,0.9329999999999526,,,534,0.5349999999999965,fallen_base_height,marble,"{""after_friction_scale"": 0.94, ""after_solref_scale"": 0.96, ""before_friction_scale"": 1.06, ""before_solref_scale"": 1.04}",d72edb64c18d5cce03861e9e860116bd99996c2f1e67424cd710152bc9235b92,dc2b32c2d73ba1ef51557d31a6650edc10383c6b7462c41597efa892ff492fc6,1425b15f73bd4095f0df53709d7c389c3eb9e790,2a66ca6336eadb3c0b34b557763f3e06d01ff8fcf6260dd4cedbd69d6093fc28,8a5f63d3c97de227237aa9f6662362f19141011e9520951d5f93c1e3fe31b541
hostv2_A_marble_ice_0p15_v2_r1,hostv2_pair_171,hostv2_source_171,A_marble_ice,A,marble,ice,0.15,2,0.41,0.04,0.0,1.06,0.94,1.04,0.96,0.1,1,2026082271,1.2,b27a42709b629c3b0f19027a5634d827831514b39743d85cae3a943bcec0d5ed,True,True,1000,0.0005,1200,1.1015494072452725e-16,"[1200, 20]",True,270,42,0.2710000000000002,0.04300000000000003,,,534,0.5349999999999965,fallen_base_height,marble,"{""after_friction_scale"": 0.94, ""after_solref_scale"": 0.96, ""before_friction_scale"": 1.06, ""before_solref_scale"": 1.04}",3d1e9e7eab657ce0486551e044ec91bf6b51ef0fb75adc1c3de1b9ba49d6b37b,83950519059dac03afa646500670dc6e02a8a0a85611ecd080e9be5442926b92,1425b15f73bd4095f0df53709d7c389c3eb9e790,2a66ca6336eadb3c0b34b557763f3e06d01ff8fcf6260dd4cedbd69d6093fc28,bcbf0afcc158aeb6f191de59985bf0dd8f1ddb53ab3ef12f0d6f4e2e0179de08
hostv2_A_marble_ice_0p20_v2_r0,hostv2_pair_172,hostv2_source_172,A_marble_ice,A,marble,ice,0.2,2,0.41,0.04,0.0,1.06,0.94,1.04,0.96,0.1,0,2026082272,1.2,96e6d9d9d8bd8c15db85e5e6b7261d4eb9453c4f47770813c32c03b6019ed7f3,True,True,1000,0.0005,1200,1.1015494072452725e-16,"[1200, 20]",True,262,40,0.2630000000000002,0.04100000000000003,,,532,0.5329999999999967,fallen_base_height,marble,"{""after_friction_scale"": 0.94, ""after_solref_scale"": 0.96, ""before_friction_scale"": 1.06, ""before_solref_scale"": 1.04}",b059455a1325b009c7ad7b60d45bb167e928bb3bd2153245c73ee68c50a7fbae,9d4468ec33c71552ab4c7f5a70c5129907b107c6b99cb3217285e488b01353c3,1425b15f73bd4095f0df53709d7c389c3eb9e790,2a66ca6336eadb3c0b34b557763f3e06d01ff8fcf6260dd4cedbd69d6093fc28,a0af41fa2c408a2319ff44ef44c8744f1cbcacb2a95ea29d6d0ceaa87a82e05e
hostv2_A_marble_ice_0p20_v2_r1,hostv2_pair_173,hostv2_source_173,A_marble_ice,A,marble,ice,0.2,2,0.41,0.04,0.0,1.06,0.94,1.04,0.96,0.1,1,2026082273,1.2,2fcc8492d6ea441256ceccb374cf82b7bd1edc2e0796afdacd51dcd1cca685ec,True,True,1000,0.0005,1200,1.1015494072452725e-16,"[1200, 20]",True,265,930,0.2660000000000002,0.9309999999999529,,,535,0.5359999999999964,fallen_base_height,marble,"{""after_friction_scale"": 0.94, ""after_solref_scale"": 0.96, ""before_friction_scale"": 1.06, ""before_solref_scale"": 1.04}",f4f7ee3f1d0cfaf6ec4f85cb0053dc47487e0aebae99128449b1b900900cb0ac,48aa5d7411631a28002f2c4a57ffad870a176bc86ccbcb0e792b63ff37b4619d,1425b15f73bd4095f0df53709d7c389c3eb9e790,2a66ca6336eadb3c0b34b557763f3e06d01ff8fcf6260dd4cedbd69d6093fc28,c04de005344a044d54a60c03edf93c5066f598bcde86c94b55e501e1439b3d5b
hostv2_A_concrete_ice_0p10_v2_r0,hostv2_pair_174,hostv2_source_174,A_concrete_ice,A,concrete,ice,0.1,2,0.41,0.04,0.0,1.06,0.94,1.04,0.96,0.1,0,2026082274,1.2,6607fa6a14aa1712ca18d608f9c59beda74faa0be9ad6619a7ec03aa87bfd1bf,True,True,1000,0.0005,1200,1.1015494072452725e-16,"[1200, 20]",True,74,39,0.07500000000000005,0.04000000000000003,,,609,0.6099999999999882,fallen_base_height,concrete,"{""after_friction_scale"": 0.94, ""after_solref_scale"": 0.96, ""before_friction_scale"": 1.06, ""before_solref_scale"": 1.04}",95383892a165053a6640f38c75891b35ad2db2615ebf55ccb589ea37a0d3d18a,d9a66090d2ef4354c7b82a88b024a5e06943dcbaef7080f23b19c1d539fc025c,1425b15f73bd4095f0df53709d7c389c3eb9e790,2a66ca6336eadb3c0b34b557763f3e06d01ff8fcf6260dd4cedbd69d6093fc28,faf0c0995e35a9d69209088a155c8ef8d0bb16ac08782ee2dffa6e5461e73dfd
hostv2_A_concrete_ice_0p10_v2_r1,hostv2_pair_175,hostv2_source_175,A_concrete_ice,A,concrete,ice,0.1,2,0.41,0.04,0.0,1.06,0.94,1.04,0.96,0.1,1,2026082275,1.2,d85c846bb1cfad0cbfd2a6789bae181f54725423001266cfa24efe816ea1d2d0,True,True,1000,0.0005,1200,1.1015494072452725e-16,"[1200, 20]",True,281,40,0.2820000000000002,0.04100000000000003,,,600,0.6009999999999892,fallen_base_height,concrete,"{""after_friction_scale"": 0.94, ""after_solref_scale"": 0.96, ""before_friction_scale"": 1.06, ""before_solref_scale"": 1.04}",9cb6060d56edf94361fccacc6c6522ad4b6e7e4c4ffba047e9be2648782277de,f0b9d4695695266f4bfe6f65d16b1ed01a3701ea3bd0fd23da05c01ff9e53055,1425b15f73bd4095f0df53709d7c389c3eb9e790,2a66ca6336eadb3c0b34b557763f3e06d01ff8fcf6260dd4cedbd69d6093fc28,6f6f0193d35ef25f848fccfdea38cd53e1c1efce5620b04dd4f3be71e0ba234b
hostv2_A_concrete_ice_0p15_v2_r0,hostv2_pair_176,hostv2_source_176,A_concrete_ice,A,concrete,ice,0.15,2,0.41,0.04,0.0,1.06,0.94,1.04,0.96,0.1,0,2026082276,1.2,08ef5af01ae1612bd51bca35e48165fea526c0d22b5deb4bc33f316d7cb0ef26,True,True,1000,0.0005,1200,1.1015494072452725e-16,"[1200, 20]",True,274,1167,0.2750000000000002,1.1679999999999269,,,605,0.6059999999999887,fallen_base_height,concrete,"{""after_friction_scale"": 0.94, ""after_solref_scale"": 0.96, ""before_friction_scale"": 1.06, ""before_solref_scale"": 1.04}",fd1d7ec2d09bbd065c372c2eb1c5cfa2c3739e6da8a60d61ebc0bbe436fffa5f,f65fa5b2c3218933b06f6aefdd8ce20bab820042f4a80622a21a8a8816a35538,1425b15f73bd4095f0df53709d7c389c3eb9e790,2a66ca6336eadb3c0b34b557763f3e06d01ff8fcf6260dd4cedbd69d6093fc28,c09b71a8ad4bb35a1f94b834bb7ae3b0883a13a9076596d0400b9bf00deffdf8
hostv2_A_concrete_ice_0p15_v2_r1,hostv2_pair_177,hostv2_source_177,A_concrete_ice,A,concrete,ice,0.15,2,0.41,0.04,0.0,1.06,0.94,1.04,0.96,0.1,1,2026082277,1.2,fd9de6984da0cb52ff0793db6e42ec33318778c92c33b7d16661c2a014ed0127,True,True,1000,0.0005,1200,1.1015494072452725e-16,"[1200, 20]",True,270,42,0.2710000000000002,0.04300000000000003,,,599,0.5999999999999893,fallen_base_height,concrete,"{""after_friction_scale"": 0.94, ""after_solref_scale"": 0.96, ""before_friction_scale"": 1.06, ""before_solref_scale"": 1.04}",2d75cbfd713fa179a0a0295db63e445b356a7475a46b7d0b6dda62862a7734c4,8b4cb7f917956b3692d43047cbf720667bccaca15bfbbe4f307b397b5f1645f0,1425b15f73bd4095f0df53709d7c389c3eb9e790,2a66ca6336eadb3c0b34b557763f3e06d01ff8fcf6260dd4cedbd69d6093fc28,492cff9a862dc8b29c3c9fce89b3fad8c9941f299af502d24f2cccf84d8416ec
hostv2_A_concrete_ice_0p20_v2_r0,hostv2_pair_178,hostv2_source_178,A_concrete_ice,A,concrete,ice,0.2,2,0.41,0.04,0.0,1.06,0.94,1.04,0.96,0.1,0,2026082278,1.2,3608030b27670c892f7d40f329a5086f468642259697be90678dfeb556b91a1e,True,True,1000,0.0005,1200,1.1015494072452725e-16,"[1200, 20]",True,265,39,0.2660000000000002,0.04000000000000003,,,599,0.5999999999999893,fallen_base_height,concrete,"{""after_friction_scale"": 0.94, ""after_solref_scale"": 0.96, ""before_friction_scale"": 1.06, ""before_solref_scale"": 1.04}",a39aeebb284f37b32e193546e50ad7de92246ed9d8b39bbefe1a9fc96fb0cce1,a525ab4d191b42e4d9ce6e3bf8087d57df0250258973c54c8ab9863ec91cc4e9,1425b15f73bd4095f0df53709d7c389c3eb9e790,2a66ca6336eadb3c0b34b557763f3e06d01ff8fcf6260dd4cedbd69d6093fc28,45c2b1034c2771bd5b92ab200625612cec65fee1c82d7142d24beb5ec6ef4e41
hostv2_A_concrete_ice_0p20_v2_r1,hostv2_pair_179,hostv2_source_179,A_concrete_ice,A,concrete,ice,0.2,2,0.41,0.04,0.0,1.06,0.94,1.04,0.96,0.1,1,2026082279,1.2,d232c9298c267fabfc4c6b1b68992f8761cf565047ec5889ce981a503800f0c0,True,True,1000,0.0005,1200,1.1015494072452725e-16,"[1200, 20]",True,263,41,0.2640000000000002,0.04200000000000003,,,596,0.5969999999999897,fallen_base_height,concrete,"{""after_friction_scale"": 0.94, ""after_solref_scale"": 0.96, ""before_friction_scale"": 1.06, ""before_solref_scale"": 1.04}",9a45f10481c30212f4d0377ebae70c41e137ae18dc88bca5801fa28a35e3fbf5,902a6d8e8d8162bfd6485c7defcbec51e8fa0a70badbd2450cd3d32647c53437,1425b15f73bd4095f0df53709d7c389c3eb9e790,2a66ca6336eadb3c0b34b557763f3e06d01ff8fcf6260dd4cedbd69d6093fc28,538e3c327b077eddcc84aa870ebf1ffc117df2b7061abb4fc5aee8e7d523a88d
hostv2_N_marble_concrete_0p10_v2_r0,hostv2_pair_180,hostv2_source_180,N_marble_concrete,N,marble,concrete,0.1,2,0.41,0.04,0.0,1.06,0.94,1.04,0.96,0.1,0,2026082280,1.2,0a7a46db3652ecbbca4a41462648dacb8fadd94da03543681fdbc68943283a3e,True,True,1000,0.0005,1200,1.1015494072452725e-16,"[1200, 20]",True,80,40,0.08100000000000006,0.04100000000000003,,,548,0.5489999999999949,fallen_base_height,marble,"{""after_friction_scale"": 0.94, ""after_solref_scale"": 0.96, ""before_friction_scale"": 1.06, ""before_solref_scale"": 1.04}",120016a1fced4fdb4c9a3278c40b6b43d835b81d688e4c69df81693516cdea90,63a8ed2554b63921ec9f78f36d3d9666c1d697e23a4f6e6d37ebc17ab8b8a945,1425b15f73bd4095f0df53709d7c389c3eb9e790,2a66ca6336eadb3c0b34b557763f3e06d01ff8fcf6260dd4cedbd69d6093fc28,bef9b85a34ce0f405dcee2c66d2b1af3155535955e6abc628e46aedeb8f49932
hostv2_N_marble_concrete_0p10_v2_r1,hostv2_pair_181,hostv2_source_181,N_marble_concrete,N,marble,concrete,0.1,2,0.41,0.04,0.0,1.06,0.94,1.04,0.96,0.1,1,2026082281,1.2,0b7df1a170176cf27a5b3e3c99d85eef7a6b43553fdd40cf7c1fde4000d1af68,True,True,1000,0.0005,1200,1.1015494072452725e-16,"[1200, 20]",True,279,939,0.2800000000000002,0.9399999999999519,,,528,0.5289999999999971,fallen_base_height,marble,"{""after_friction_scale"": 0.94, ""after_solref_scale"": 0.96, ""before_friction_scale"": 1.06, ""before_solref_scale"": 1.04}",16aea07b1bda32f600e4db1dfb3049d89679f37b5cfd5a214ee2f2e205897b33,08583a5204089f12b5a5c91ade1f6d22ad4fe815bba855d3a459955e548cdf1d,1425b15f73bd4095f0df53709d7c389c3eb9e790,2a66ca6336eadb3c0b34b557763f3e06d01ff8fcf6260dd4cedbd69d6093fc28,418ce98c4466d65bf0669a9b06adb68aabb94beeb4c6ded162c77f7e4787f9e4
hostv2_N_marble_concrete_0p15_v2_r0,hostv2_pair_182,hostv2_source_182,N_marble_concrete,N,marble,concrete,0.15,2,0.41,0.04,0.0,1.06,0.94,1.04,0.96,0.1,0,2026082282,1.2,56f6c301268c8b08645c1c879921e4ade40525c5b718b85209a8dd819e58a1d9,True,True,1000,0.0005,1200,1.1015494072452725e-16,"[1200, 20]",True,288,39,0.2890000000000002,0.04000000000000003,,,589,0.5899999999999904,fallen_base_height,marble,"{""after_friction_scale"": 0.94, ""after_solref_scale"": 0.96, ""before_friction_scale"": 1.06, ""before_solref_scale"": 1.04}",74770e9293a5618e18f89f533500d21219ce900f5df2fb71510d7f0e05ee4342,5d7054bbe115a2a551fee85d64adba023fe5fd2e306f3eaa353a29653884b487,1425b15f73bd4095f0df53709d7c389c3eb9e790,2a66ca6336eadb3c0b34b557763f3e06d01ff8fcf6260dd4cedbd69d6093fc28,5b61f58bec2b864247d63449290e5a382a16b19788b75b25655878dd007b6e93
hostv2_N_marble_concrete_0p15_v2_r1,hostv2_pair_183,hostv2_source_183,N_marble_concrete,N,marble,concrete,0.15,2,0.41,0.04,0.0,1.06,0.94,1.04,0.96,0.1,1,2026082283,1.2,894a1c5542bdf6a2dcdeb6d36dee9d86ea314739024dcaefd00efc59affcf820,True,True,1000,0.0005,1200,1.1015494072452725e-16,"[1200, 20]",True,272,946,0.2730000000000002,0.9469999999999511,,,532,0.5329999999999967,fallen_base_height,marble,"{""after_friction_scale"": 0.94, ""after_solref_scale"": 0.96, ""before_friction_scale"": 1.06, ""before_solref_scale"": 1.04}",ab6dbe6d307e06230f89715b05f5b466f220490c622a34609e4d6e5e1960daef,bf82836e7ef8f9c3b0c85e8e5e4d21b8f55fab13cb5a806d3d72f431df28c56d,1425b15f73bd4095f0df53709d7c389c3eb9e790,2a66ca6336eadb3c0b34b557763f3e06d01ff8fcf6260dd4cedbd69d6093fc28,97473d5e53f1b5e74a04dd85e922424e8678a3daeddeda9cf7e0d59beccdb36a
hostv2_N_marble_concrete_0p20_v2_r0,hostv2_pair_184,hostv2_source_184,N_marble_concrete,N,marble,concrete,0.2,2,0.41,0.04,0.0,1.06,0.94,1.04,0.96,0.1,0,2026082284,1.2,4246c07fc9a3bdd37a649362182bc2d5db321fe129c5eb932f645b47287d861d,True,True,1000,0.0005,1200,1.1015494072452725e-16,"[1200, 20]",True,265,42,0.2660000000000002,0.04300000000000003,,,537,0.5379999999999961,fallen_base_height,marble,"{""after_friction_scale"": 0.94, ""after_solref_scale"": 0.96, ""before_friction_scale"": 1.06, ""before_solref_scale"": 1.04}",45c04586df925db1df02ef2f2a62c9cb5bb3fd8c946715a40242fa8fee491b4c,2970ddce4cb13bd40aeeb3cc2796db1da82fd75e396de3fd6f1a7e5dbdef12f9,1425b15f73bd4095f0df53709d7c389c3eb9e790,2a66ca6336eadb3c0b34b557763f3e06d01ff8fcf6260dd4cedbd69d6093fc28,f05e05c9901632e43a2a9385c7d484e083ff1821a840bf222e118c345c426185
hostv2_N_marble_concrete_0p20_v2_r1,hostv2_pair_185,hostv2_source_185,N_marble_concrete,N,marble,concrete,0.2,2,0.41,0.04,0.0,1.06,0.94,1.04,0.96,0.1,1,2026082285,1.2,a4d988d721ac534018193693dc951655f66821347e09270129c4f1b3f152a2f0,True,True,1000,0.0005,1200,1.1015494072452725e-16,"[1200, 20]",True,268,39,0.2690000000000002,0.04000000000000003,,,576,0.5769999999999919,fallen_base_height,marble,"{""after_friction_scale"": 0.94, ""after_solref_scale"": 0.96, ""before_friction_scale"": 1.06, ""before_solref_scale"": 1.04}",9e1f22db3b91eb5a9f37992280235392eb6fbe3367f4dbab3757f2a56d03742b,f252f25fe01192f4978768d609c9971b2d0b573d9638e4a91554437280cd1b0e,1425b15f73bd4095f0df53709d7c389c3eb9e790,2a66ca6336eadb3c0b34b557763f3e06d01ff8fcf6260dd4cedbd69d6093fc28,93aca377d26c7a43df2689d91d1c53113903c0ecc8d80cec9ff2a3bd36a62d4e
hostv2_N_concrete_marble_0p10_v2_r0,hostv2_pair_186,hostv2_source_186,N_concrete_marble,N,concrete,marble,0.1,2,0.41,0.04,0.0,1.06,0.94,1.04,0.96,0.1,0,2026082286,1.2,8c50ddafc40efc1d431f8038b5b8cd6f1af783490333141ef2eb61edb35b3346,True,True,1000,0.0005,1200,1.1015494072452725e-16,"[1200, 20]",True,288,41,0.2890000000000002,0.04200000000000003,,,603,0.6039999999999889,fallen_base_height,concrete,"{""after_friction_scale"": 0.94, ""after_solref_scale"": 0.96, ""before_friction_scale"": 1.06, ""before_solref_scale"": 1.04}",a5bd841a0b5fea27407fb8f853cd9941a298724f0ddbd1577fdb2e144bc54dcd,da7ba498a6a1a3a9ca16bef8fda85663fb065b63169741e22a1b683134059132,1425b15f73bd4095f0df53709d7c389c3eb9e790,2a66ca6336eadb3c0b34b557763f3e06d01ff8fcf6260dd4cedbd69d6093fc28,4f4074a8399569c49e13fcb371c12eda6b72e05402bea9c03a13029315d79c38
hostv2_N_concrete_marble_0p10_v2_r1,hostv2_pair_187,hostv2_source_187,N_concrete_marble,N,concrete,marble,0.1,2,0.41,0.04,0.0,1.06,0.94,1.04,0.96,0.1,1,2026082287,1.2,02258a7c875efaa0d22451f3258f9ced59ae76c7424ac72e3fe7351b26de17fb,True,True,1000,0.0005,1200,1.1015494072452725e-16,"[1200, 20]",True,97,41,0.09800000000000007,0.04200000000000003,,,598,0.5989999999999894,fallen_base_height,concrete,"{""after_friction_scale"": 0.94, ""after_solref_scale"": 0.96, ""before_friction_scale"": 1.06, ""before_solref_scale"": 1.04}",d5dfc36dd7d944be842291dde36ce1f12257f16481a6d845e3dee2dd05fd5b20,71389cf270de6e9ef8039c7fa9daa040fbc1a7ad1d50ffaceecbc52b03ab3534,1425b15f73bd4095f0df53709d7c389c3eb9e790,2a66ca6336eadb3c0b34b557763f3e06d01ff8fcf6260dd4cedbd69d6093fc28,90c60fc8c5b10cfea47431d029397d793bde3021c59650879aa6db26ec7d3954
hostv2_N_concrete_marble_0p15_v2_r0,hostv2_pair_188,hostv2_source_188,N_concrete_marble,N,concrete,marble,0.15,2,0.41,0.04,0.0,1.06,0.94,1.04,0.96,0.1,0,2026082288,1.2,2ab149b70de1a9d498e50c867fc0669c8210bc1ad37035f4bd461f0568ec9852,True,True,1000,0.0005,1200,1.1015494072452725e-16,"[1200, 20]",True,73,39,0.07400000000000005,0.04000000000000003,,,664,0.6649999999999822,fallen_base_height,concrete,"{""after_friction_scale"": 0.94, ""after_solref_scale"": 0.96, ""before_friction_scale"": 1.06, ""before_solref_scale"": 1.04}",97ea25deb9c4df4eadfca39846f4f53b0c00847a034ab4823dd25f0987503366,c158388ba7df74aabb0ed57c3515e66bf565e0c87b76efb919ee65992e16b2f5,1425b15f73bd4095f0df53709d7c389c3eb9e790,2a66ca6336eadb3c0b34b557763f3e06d01ff8fcf6260dd4cedbd69d6093fc28,de1b7d9697c947298a4a09e7ea1285b3db25439f5797d66dac5ebc5a6f19cbb0
hostv2_N_concrete_marble_0p15_v2_r1,hostv2_pair_189,hostv2_source_189,N_concrete_marble,N,concrete,marble,0.15,2,0.41,0.04,0.0,1.06,0.94,1.04,0.96,0.1,1,2026082289,1.2,3d015019bd2a07b4ac01af6d33bdec7f6c517be14370c74a16a66c8bdbda976d,True,True,1000,0.0005,1200,1.1015494072452725e-16,"[1200, 20]",True,80,40,0.08100000000000006,0.04100000000000003,,,637,0.6379999999999851,fallen_base_height,concrete,"{""after_friction_scale"": 0.94, ""after_solref_scale"": 0.96, ""before_friction_scale"": 1.06, ""before_solref_scale"": 1.04}",c3a7288774e9ba641525d51ffe3355332a7984af7d9872c68c3aacc7c223a885,600d79f7e67f83898810146d9317a54b3a62c4045e0cbc5d7a78851ffcf48bee,1425b15f73bd4095f0df53709d7c389c3eb9e790,2a66ca6336eadb3c0b34b557763f3e06d01ff8fcf6260dd4cedbd69d6093fc28,524dded05a2ff2aae90bcd245a8e04c8069c1f223bf3d99115fb2b4707e04634
hostv2_N_concrete_marble_0p20_v2_r0,hostv2_pair_190,hostv2_source_190,N_concrete_marble,N,concrete,marble,0.2,2,0.41,0.04,0.0,1.06,0.94,1.04,0.96,0.1,0,2026082290,1.2,c2fb3017a943d12696618bb1ceb8da6b0831da4be6d6773e92c059f3a0a572bf,True,True,1000,0.0005,1200,1.1015494072452725e-16,"[1200, 20]",True,58,38,0.059000000000000045,0.03900000000000003,,,,,,concrete,"{""after_friction_scale"": 0.94, ""after_solref_scale"": 0.96, ""before_friction_scale"": 1.06, ""before_solref_scale"": 1.04}",3be6bff85ee19a429a7cc054641adb76a22b928ad5044f0e2ec404aad9603911,c7e6f424d1b274407458e81954f6cf3db3e931ad3167422f01c57fa38b461f79,1425b15f73bd4095f0df53709d7c389c3eb9e790,2a66ca6336eadb3c0b34b557763f3e06d01ff8fcf6260dd4cedbd69d6093fc28,da46e106fa6b341a17d84d6a1eae6fe43054e07df716cc0015c927dd4f5185a8
hostv2_N_concrete_marble_0p20_v2_r1,hostv2_pair_191,hostv2_source_191,N_concrete_marble,N,concrete,marble,0.2,2,0.41,0.04,0.0,1.06,0.94,1.04,0.96,0.1,1,2026082291,1.2,4bde592c6d3673351fa4846cfa2c13043c57284d30165510dc0dbed22a255406,True,True,1000,0.0005,1200,1.1015494072452725e-16,"[1200, 20]",True,264,,0.2650000000000002,,,,609,0.6099999999999882,fallen_base_height,concrete,"{""after_friction_scale"": 0.94, ""after_solref_scale"": 0.96, ""before_friction_scale"": 1.06, ""before_solref_scale"": 1.04}",59dc54b4c5b7b25221a189e6c40dbdc672a46108e068e27acbec2bc07433f49e,80eb4debb0a647f3b2940635a29ee09eb20ab7cabd506306bf1684fd0ed38940,1425b15f73bd4095f0df53709d7c389c3eb9e790,2a66ca6336eadb3c0b34b557763f3e06d01ff8fcf6260dd4cedbd69d6093fc28,4aa2eaae4937a360ff4b45f44241e35122cd14d75fd18dfb2af6d613fef2db53
hostv2_B_marble_sand_0p10_v2_r0,hostv2_pair_192,hostv2_source_192,B_marble_sand,B,marble,sand,0.1,2,0.41,0.04,0.0,1.06,0.94,1.04,0.96,0.1,0,2026082292,1.2,c5ca10f576c5f9561b5e5202cc89e97256f983151e381bfeeb03177964f39b14,True,True,1000,0.0005,1200,1.1015494072452725e-16,"[1200, 20]",True,282,40,0.2830000000000002,0.04100000000000003,,,538,0.538999999999996,fallen_base_height,marble,"{""after_friction_scale"": 0.94, ""after_solref_scale"": 0.96, ""before_friction_scale"": 1.06, ""before_solref_scale"": 1.04}",cf20c6d2db817d71d915fed7da88b2f83dc9fe691ea72c365969064fc8cef4c9,1ce993d23e819ee593f923fd68369c0e83b7c2f4b9de7eab58f7bf3b37c26080,1425b15f73bd4095f0df53709d7c389c3eb9e790,2a66ca6336eadb3c0b34b557763f3e06d01ff8fcf6260dd4cedbd69d6093fc28,f4dbb13475bd59dcd77a0c2a7a6cbe74ac17b2bac4d25ddc876a7315b822ab74
hostv2_B_marble_sand_0p10_v2_r1,hostv2_pair_193,hostv2_source_193,B_marble_sand,B,marble,sand,0.1,2,0.41,0.04,0.0,1.06,0.94,1.04,0.96,0.1,1,2026082293,1.2,2ee3def1ca5c83e44df9e51f325770784b13989cfe3e67d5de260910dcb0c592,True,True,1000,0.0005,1200,1.1015494072452725e-16,"[1200, 20]",True,278,42,0.2790000000000002,0.04300000000000003,,,535,0.5359999999999964,fallen_base_height,marble,"{""after_friction_scale"": 0.94, ""after_solref_scale"": 0.96, ""before_friction_scale"": 1.06, ""before_solref_scale"": 1.04}",d991fc27dde73934e29ebc98644fe208ae221a574682fda7ff5a59a80e4ddb79,2dfeb8ce2f5dbc5196fe80114015d304e627ce98ddca8326c2bef728a1ab9de1,1425b15f73bd4095f0df53709d7c389c3eb9e790,2a66ca6336eadb3c0b34b557763f3e06d01ff8fcf6260dd4cedbd69d6093fc28,ee61b27fa24f81b0c68b83de9f168652bd1a3e45970685536c77ff78e3c855db
hostv2_B_marble_sand_0p15_v2_r0,hostv2_pair_194,hostv2_source_194,B_marble_sand,B,marble,sand,0.15,2,0.41,0.04,0.0,1.06,0.94,1.04,0.96,0.1,0,2026082294,1.2,1c29de5d56297aacd9d365fa3904392ae4ef359beebd65d7b197edf71ebb827c,True,True,1000,0.0005,1200,1.1015494072452725e-16,"[1200, 20]",True,272,40,0.2730000000000002,0.04100000000000003,,,535,0.5359999999999964,fallen_base_height,marble,"{""after_friction_scale"": 0.94, ""after_solref_scale"": 0.96, ""before_friction_scale"": 1.06, ""before_solref_scale"": 1.04}",d4b3415c0c4760dfa6edaef10805cb787b4ccbdef7affffae68c37aca7bd4bc0,6cc71c4e733ebd18999190f6fbff9a76656a5043b90cef27f55a87ede774f3e2,1425b15f73bd4095f0df53709d7c389c3eb9e790,2a66ca6336eadb3c0b34b557763f3e06d01ff8fcf6260dd4cedbd69d6093fc28,cea982f56ec52b580269d9a226d0f09c85c876eb1ad46ff4bbc0e7718063fc67
hostv2_B_marble_sand_0p15_v2_r1,hostv2_pair_195,hostv2_source_195,B_marble_sand,B,marble,sand,0.15,2,0.41,0.04,0.0,1.06,0.94,1.04,0.96,0.1,1,2026082295,1.2,f890bfb1cedfce056f414599594f879688c6114972d5d72d3411f53c7bd9e137,True,True,1000,0.0005,1200,1.1015494072452725e-16,"[1200, 20]",True,272,40,0.2730000000000002,0.04100000000000003,,,536,0.5369999999999963,fallen_base_height,marble,"{""after_friction_scale"": 0.94, ""after_solref_scale"": 0.96, ""before_friction_scale"": 1.06, ""before_solref_scale"": 1.04}",270a43232daf2544a1567e1c84c9c92b7fbbe0bd6cb6124217988a826dd1a806,dd61214b149dc09878b02e36cdf8e2e9c62e9219756a613b0f2e36e0739b430b,1425b15f73bd4095f0df53709d7c389c3eb9e790,2a66ca6336eadb3c0b34b557763f3e06d01ff8fcf6260dd4cedbd69d6093fc28,64da4eb2c0f71db915ee2a32ca0058df68b5760845b867d7bd198a49f8b99f3f
hostv2_B_marble_sand_0p20_v2_r0,hostv2_pair_196,hostv2_source_196,B_marble_sand,B,marble,sand,0.2,2,0.41,0.04,0.0,1.06,0.94,1.04,0.96,0.1,0,2026082296,1.2,53de1314a4c9117f80f69aedb8d2a9580ae1447197e8030202aa42c60544f88f,True,True,1000,0.0005,1200,1.1015494072452725e-16,"[1200, 20]",True,265,866,0.2660000000000002,0.8669999999999599,,,533,0.5339999999999966,fallen_base_height,marble,"{""after_friction_scale"": 0.94, ""after_solref_scale"": 0.96, ""before_friction_scale"": 1.06, ""before_solref_scale"": 1.04}",c7ffce9984d0260789a1635d74ef5ac0e666a4c31c879cfa21cb0499ff85f7b3,880c7357683fda802f373dfc3a8e787fa21868f8edbe2f8f9565800a477a6121,1425b15f73bd4095f0df53709d7c389c3eb9e790,2a66ca6336eadb3c0b34b557763f3e06d01ff8fcf6260dd4cedbd69d6093fc28,aa307e7734b79964a20ee1d2757630003b5f7467e8725f6dd8a6d763cf035b8e
hostv2_B_marble_sand_0p20_v2_r1,hostv2_pair_197,hostv2_source_197,B_marble_sand,B,marble,sand,0.2,2,0.41,0.04,0.0,1.06,0.94,1.04,0.96,0.1,1,2026082297,1.2,48d877664993d28251c01b470e385342720abdd8e5a2749cefd1ddb09567bfc3,True,True,1000,0.0005,1200,1.1015494072452725e-16,"[1200, 20]",True,264,867,0.2650000000000002,0.8679999999999598,,,533,0.5339999999999966,fallen_base_height,marble,"{""after_friction_scale"": 0.94, ""after_solref_scale"": 0.96, ""before_friction_scale"": 1.06, ""before_solref_scale"": 1.04}",aab0b4e7d2d8c5dc8983209abb99c262f2b369a1411ed923aeaa2d18a7feece1,3d644b1cba37419148424adc859773ed7c08bd094196ec6e8e8607982a1f3eac,1425b15f73bd4095f0df53709d7c389c3eb9e790,2a66ca6336eadb3c0b34b557763f3e06d01ff8fcf6260dd4cedbd69d6093fc28,f01bf3fe29456696ab0c110945d1ff1ef874147328222fa2a3c0db58b144bee8
hostv2_B_concrete_sand_0p10_v2_r0,hostv2_pair_198,hostv2_source_198,B_concrete_sand,B,concrete,sand,0.1,2,0.41,0.04,0.0,1.06,0.94,1.04,0.96,0.1,0,2026082298,1.2,52fa65097f3c64164b9a8376cd2f52673927a9ddfc5e516900cc2744b643380e,True,True,1000,0.0005,1200,1.1015494072452725e-16,"[1200, 20]",True,85,40,0.08600000000000006,0.04100000000000003,,,604,0.6049999999999888,fallen_base_height,concrete,"{""after_friction_scale"": 0.94, ""after_solref_scale"": 0.96, ""before_friction_scale"": 1.06, ""before_solref_scale"": 1.04}",68a34d5ad1c80a33f7d43879788fb70f0c78d216da09099daa81e4554bdb49bc,6bbf4638d38fa03c5b07f64d4704370d1b4e1a7a300e09747f0a5883047e134a,1425b15f73bd4095f0df53709d7c389c3eb9e790,2a66ca6336eadb3c0b34b557763f3e06d01ff8fcf6260dd4cedbd69d6093fc28,598f5294e4c1cffd617d3f1895902882ed15e24b44f69d5ea7d54924d65e212a
hostv2_B_concrete_sand_0p10_v2_r1,hostv2_pair_199,hostv2_source_199,B_concrete_sand,B,concrete,sand,0.1,2,0.41,0.04,0.0,1.06,0.94,1.04,0.96,0.1,1,2026082299,1.2,31c7b89f86adc40a4509a1ef5fae3e9dd44bd9d10ae7fd26dbc7f609c5bf6809,True,True,1000,0.0005,1200,1.1015494072452725e-16,"[1200, 20]",True,84,38,0.08500000000000006,0.03900000000000003,,,617,0.6179999999999873,fallen_base_height,concrete,"{""after_friction_scale"": 0.94, ""after_solref_scale"": 0.96, ""before_friction_scale"": 1.06, ""before_solref_scale"": 1.04}",1bda7acdb2c65a94a56846d4541a1d6ae11eee742a2e579b5525c81af6d3ce6b,f090ce4eae8ef4e24190f399d717574eaadf5806049aa6433553db58de772189,1425b15f73bd4095f0df53709d7c389c3eb9e790,2a66ca6336eadb3c0b34b557763f3e06d01ff8fcf6260dd4cedbd69d6093fc28,14e15b8b89c09343ddf5e865af257d582bb0af2bcb6d724fba183c02021a3d39
hostv2_B_concrete_sand_0p15_v2_r0,hostv2_pair_200,hostv2_source_200,B_concrete_sand,B,concrete,sand,0.15,2,0.41,0.04,0.0,1.06,0.94,1.04,0.96,0.1,0,2026082300,1.2,68c724becddbeb9ddcc79ff47d33b2b1ec6111a3c63f5cb84ec43595cb032d10,True,True,1000,0.0005,1200,1.1015494072452725e-16,"[1200, 20]",True,84,38,0.08500000000000006,0.03900000000000003,,,611,0.611999999999988,fallen_base_height,concrete,"{""after_friction_scale"": 0.94, ""after_solref_scale"": 0.96, ""before_friction_scale"": 1.06, ""before_solref_scale"": 1.04}",0c03158e54d58c3da0754c504ac4d1bbb09e4011f3b3e41877304acfbbbc1874,00b164762930c3b0005adf05a2313587118b93d8feae3379612a1afa0cb7f780,1425b15f73bd4095f0df53709d7c389c3eb9e790,2a66ca6336eadb3c0b34b557763f3e06d01ff8fcf6260dd4cedbd69d6093fc28,6c95457ac946b57eaf4e951cf29498b8e1df455a0cac070d0b4dd9b2fef3a8c1
hostv2_B_concrete_sand_0p15_v2_r1,hostv2_pair_201,hostv2_source_201,B_concrete_sand,B,concrete,sand,0.15,2,0.41,0.04,0.0,1.06,0.94,1.04,0.96,0.1,1,2026082301,1.2,dd32877e07fad12724b47cd5eaeab68e7b5525f33b1234efa049ef62e01cd17f,True,True,1000,0.0005,1200,1.1015494072452725e-16,"[1200, 20]",True,92,40,0.09300000000000007,0.04100000000000003,,,599,0.5999999999999893,fallen_base_height,concrete,"{""after_friction_scale"": 0.94, ""after_solref_scale"": 0.96, ""before_friction_scale"": 1.06, ""before_solref_scale"": 1.04}",b0a69b31c260fd9c6a655c20f31ab36e45da00771984c7cfbe88707d23f6085e,e8e3c2874d4463943b163a26b89eecc2abad2b4a7cdef10104eeca0587542ac9,1425b15f73bd4095f0df53709d7c389c3eb9e790,2a66ca6336eadb3c0b34b557763f3e06d01ff8fcf6260dd4cedbd69d6093fc28,9d7b6fc95fc52935731cc22bf9385165a0dd5458c8cbba88dd0f5954ca7f67d7
hostv2_B_concrete_sand_0p20_v2_r0,hostv2_pair_202,hostv2_source_202,B_concrete_sand,B,concrete,sand,0.2,2,0.41,0.04,0.0,1.06,0.94,1.04,0.96,0.1,0,2026082302,1.2,b3b44cf68cc82f812cee73312cac0d9000c85f14405ed8849f596a9db159710a,True,True,1000,0.0005,1200,1.1015494072452725e-16,"[1200, 20]",True,87,41,0.08800000000000006,0.04200000000000003,,,610,0.6109999999999881,fallen_base_height,concrete,"{""after_friction_scale"": 0.94, ""after_solref_scale"": 0.96, ""before_friction_scale"": 1.06, ""before_solref_scale"": 1.04}",0f4cfbff81b357a2e32817e3cac3b82d5fd6b0a04d8a3fd057bc68fd739b1b58,0b6fbe8f8085aaacb4ab92059c7f7b48ab059c86af495f17d78bec7c1f06977f,1425b15f73bd4095f0df53709d7c389c3eb9e790,2a66ca6336eadb3c0b34b557763f3e06d01ff8fcf6260dd4cedbd69d6093fc28,430d1b2375a82e18f67bb80a90c8c3a0fa627350caa518a42dd65203c5b41c57
hostv2_B_concrete_sand_0p20_v2_r1,hostv2_pair_203,hostv2_source_203,B_concrete_sand,B,concrete,sand,0.2,2,0.41,0.04,0.0,1.06,0.94,1.04,0.96,0.1,1,2026082303,1.2,13d7b66ad250ca86f2548c2eb7d3ab143412e9a7993e9bcaa7317bf477ea0229,True,True,1000,0.0005,1200,1.1015494072452725e-16,"[1200, 20]",True,85,40,0.08600000000000006,0.04100000000000003,,,618,0.6189999999999872,fallen_base_height,concrete,"{""after_friction_scale"": 0.94, ""after_solref_scale"": 0.96, ""before_friction_scale"": 1.06, ""before_solref_scale"": 1.04}",40eff6860f2cf775bf022b2848bb877dc2da649094d9ff7ddf6145162f2d6ace,10d1665d97258fd8e702620681232bf88a40359e7300855364b158eb652ae721,1425b15f73bd4095f0df53709d7c389c3eb9e790,2a66ca6336eadb3c0b34b557763f3e06d01ff8fcf6260dd4cedbd69d6093fc28,9977b29195b48908777c4b9212b1c19b31492ebda34185e38d3f926c5e395d25
hostv2_C_ice_marble_0p10_v2_r0,hostv2_pair_204,hostv2_source_204,C_ice_marble,C,ice,marble,0.1,2,0.41,0.04,0.0,1.06,0.94,1.04,0.96,0.1,0,2026082304,1.2,d840ea1e59b80f220b7c9b9dab2c48bf2db813cf4d5d3210f29a555b9b604df9,True,True,1000,0.0005,1200,1.1015494072452725e-16,"[1200, 20]",True,521,39,0.5219999999999979,0.04000000000000003,242,,425,0.4260000000000003,fallen_base_height,marble,"{""after_friction_scale"": 0.94, ""after_solref_scale"": 0.96, ""before_friction_scale"": 1.06, ""before_solref_scale"": 1.04}",23f8a16801e77c3c7d0e84ea1e8f068986e235d060af405b0d7296b677189243,9391fd87359b15541ba9fda82b22dcdb057d7b6fe37104a4850c283fe18334fb,1425b15f73bd4095f0df53709d7c389c3eb9e790,2a66ca6336eadb3c0b34b557763f3e06d01ff8fcf6260dd4cedbd69d6093fc28,83fad96ef1225542b23cd04731b8efc16f1cb5169bebf717252e74cde4f306aa
hostv2_C_ice_marble_0p10_v2_r1,hostv2_pair_205,hostv2_source_205,C_ice_marble,C,ice,marble,0.1,2,0.41,0.04,0.0,1.06,0.94,1.04,0.96,0.1,1,2026082305,1.2,3d185e5440be89142490fd60a65939a63ed7ca7d2322f89568ead308190dc910,True,True,1000,0.0005,1200,1.1015494072452725e-16,"[1200, 20]",True,504,39,0.5049999999999998,0.04000000000000003,240,421,428,0.4290000000000003,fallen_base_height,marble,"{""after_friction_scale"": 0.94, ""after_solref_scale"": 0.96, ""before_friction_scale"": 1.06, ""before_solref_scale"": 1.04}",255c07d159ddba04512cbd417ce24c7ba3c23139c05ac3d5ea862bbdd3796223,546168e32088744b8df80cfa9b457720491cf52d2e974e83dfa0685a146810d6,1425b15f73bd4095f0df53709d7c389c3eb9e790,2a66ca6336eadb3c0b34b557763f3e06d01ff8fcf6260dd4cedbd69d6093fc28,606f5ed47a09434d9752e25d2cdbfc01f304b1aeaed8dad1a22bffe9d92c4eca
hostv2_C_ice_marble_0p15_v2_r0,hostv2_pair_206,hostv2_source_206,C_ice_marble,C,ice,marble,0.15,2,0.41,0.04,0.0,1.06,0.94,1.04,0.96,0.1,0,2026082306,1.2,622593998b4009d58311b3876a45566dbf66786969a86c90f8281e6effabf8f8,True,True,1000,0.0005,1200,1.1015494072452725e-16,"[1200, 20]",True,256,38,0.2570000000000002,0.03900000000000003,,149,1174,1.174999999999926,fallen_base_height,marble,"{""after_friction_scale"": 0.94, ""after_solref_scale"": 0.96, ""before_friction_scale"": 1.06, ""before_solref_scale"": 1.04}",fd9cc372765193978aa3d10b84330b5aeb1c36fa425bfa656f54fce2ea87264d,8ec852650f5dfac3b1c41648aa3d796f9c2e54e6b35d555d478f4daf1746666a,1425b15f73bd4095f0df53709d7c389c3eb9e790,2a66ca6336eadb3c0b34b557763f3e06d01ff8fcf6260dd4cedbd69d6093fc28,1d39f6ec875b2f7200858e2875cc87805061ff2cdfe15ac54140ee591f2111cf
hostv2_C_ice_marble_0p15_v2_r1,hostv2_pair_207,hostv2_source_207,C_ice_marble,C,ice,marble,0.15,2,0.41,0.04,0.0,1.06,0.94,1.04,0.96,0.1,1,2026082307,1.2,29f205d55482dc2359db382bd3d195a4f69e1db2697ad7cc5eb15736d292718e,True,True,1000,0.0005,1200,1.1015494072452725e-16,"[1200, 20]",True,255,38,0.25600000000000017,0.03900000000000003,,150,,,,marble,"{""after_friction_scale"": 0.94, ""after_solref_scale"": 0.96, ""before_friction_scale"": 1.06, ""before_solref_scale"": 1.04}",73104b45138d8baaddbdfce0a00eebb95fe1e31739f8d0283a40afa94b167a09,b4c4a6ec176b2cb36b83722c766a989899950d001b0f8d2739668ce16607c9b6,1425b15f73bd4095f0df53709d7c389c3eb9e790,2a66ca6336eadb3c0b34b557763f3e06d01ff8fcf6260dd4cedbd69d6093fc28,44b5ad9c1835f4ac99577759524281a5c5a38d9b92b1a0c7ddb2a8f7d8b8d862
hostv2_C_ice_marble_0p20_v2_r0,hostv2_pair_208,hostv2_source_208,C_ice_marble,C,ice,marble,0.2,2,0.41,0.04,0.0,1.06,0.94,1.04,0.96,0.1,0,2026082308,1.2,a0a9c10798f9b30f8e21c57b3fe3bfe7dff55af90f38dad8dbd53c9448d6b8a1,True,True,1000,0.0005,1200,1.1015494072452725e-16,"[1200, 20]",True,524,42,0.5249999999999976,0.04300000000000003,243,,424,0.4250000000000003,fallen_base_height,marble,"{""after_friction_scale"": 0.94, ""after_solref_scale"": 0.96, ""before_friction_scale"": 1.06, ""before_solref_scale"": 1.04}",020b67ab7d4c1a3a73b6cfe900ff5955464b38825f27f897bebfa5895a922d6f,cb6d9c4813b5f53ec4adbc2b760ebc08ed7792ecacf1972940d99c014fd4553c,1425b15f73bd4095f0df53709d7c389c3eb9e790,2a66ca6336eadb3c0b34b557763f3e06d01ff8fcf6260dd4cedbd69d6093fc28,b5f65b523689b87801e5b1e5b8b20f4a40fa33c844a1a087a99453ad2c60b1f5
hostv2_C_ice_marble_0p20_v2_r1,hostv2_pair_209,hostv2_source_209,C_ice_marble,C,ice,marble,0.2,2,0.41,0.04,0.0,1.06,0.94,1.04,0.96,0.1,1,2026082309,1.2,df38e76d660356e6231acbb6699ec32e864c270481badbf6059a592280b6a105,True,True,1000,0.0005,1200,1.1015494072452725e-16,"[1200, 20]",True,257,39,0.2580000000000002,0.04000000000000003,367,149,1176,1.1769999999999259,fallen_base_height,marble,"{""after_friction_scale"": 0.94, ""after_solref_scale"": 0.96, ""before_friction_scale"": 1.06, ""before_solref_scale"": 1.04}",9f010c586e53151db7cf923ad923264e8b59bf5203b07df99c450a41e2875c5f,7dc51813f62006c489011bbd5802f0329690fa5cc051f08a9bbcba7e55b7562c,1425b15f73bd4095f0df53709d7c389c3eb9e790,2a66ca6336eadb3c0b34b557763f3e06d01ff8fcf6260dd4cedbd69d6093fc28,37f77e395bfca9a8241f45ddaddef9b7545b4b24f7cd93868806eab8ff0ec463
hostv2_C_ice_concrete_0p10_v2_r0,hostv2_pair_210,hostv2_source_210,C_ice_concrete,C,ice,concrete,0.1,2,0.41,0.04,0.0,1.06,0.94,1.04,0.96,0.1,0,2026082310,1.2,57297c791a2a7cbd3f04f43f694df53fb6b7dce1c21152bc79966a2ba47120ed,True,True,1000,0.0005,1200,1.1015494072452725e-16,"[1200, 20]",True,501,317,0.5020000000000001,0.3180000000000002,241,,415,0.4160000000000003,fallen_base_height,concrete,"{""after_friction_scale"": 0.94, ""after_solref_scale"": 0.96, ""before_friction_scale"": 1.06, ""before_solref_scale"": 1.04}",6841846130be34e4afc4671904a4aa7c4dd72e7ea2f512c900bcd15c50561800,32fa8d767908b362bc0ba69dda32cdb7822c11f63bc3f33be3a71040d007d9a6,1425b15f73bd4095f0df53709d7c389c3eb9e790,2a66ca6336eadb3c0b34b557763f3e06d01ff8fcf6260dd4cedbd69d6093fc28,1aae51ca8ac09a83a1e8d50e9c4de3d72cf44b310749e2b8d19a78cb22385d36
hostv2_C_ice_concrete_0p10_v2_r1,hostv2_pair_211,hostv2_source_211,C_ice_concrete,C,ice,concrete,0.1,2,0.41,0.04,0.0,1.06,0.94,1.04,0.96,0.1,1,2026082311,1.2,de484a8dc4ed6b8f814abdcccfe9bc81ec5990c63e06f9adef94cf919a1344d9,True,True,1000,0.0005,1200,1.1015494072452725e-16,"[1200, 20]",True,495,284,0.4960000000000004,0.2850000000000002,239,,411,0.4120000000000003,fallen_base_height,concrete,"{""after_friction_scale"": 0.94, ""after_solref_scale"": 0.96, ""before_friction_scale"": 1.06, ""before_solref_scale"": 1.04}",39f1cc27637e2438b25524cf8cace5077823e139e64e1dd9edcaf7c31ad21690,1417910ccaa934562e09a2f439aeecaf336f9951bd1b7f947e176df4a0ecba82,1425b15f73bd4095f0df53709d7c389c3eb9e790,2a66ca6336eadb3c0b34b557763f3e06d01ff8fcf6260dd4cedbd69d6093fc28,d12d6b4820f36197f2dd90eac288121eb7a54b7fea3970e143f66f0fc7732a3c
hostv2_C_ice_concrete_0p15_v2_r0,hostv2_pair_212,hostv2_source_212,C_ice_concrete,C,ice,concrete,0.15,2,0.41,0.04,0.0,1.06,0.94,1.04,0.96,0.1,0,2026082312,1.2,e8a0833254787a611bc7785681373519f18e88703b7fa5bb7eb9a6d421f25abf,True,True,1000,0.0005,1200,1.1015494072452725e-16,"[1200, 20]",True,251,40,0.25200000000000017,0.04100000000000003,377,150,,,,concrete,"{""after_friction_scale"": 0.94, ""after_solref_scale"": 0.96, ""before_friction_scale"": 1.06, ""before_solref_scale"": 1.04}",65fad1db4f714837f86fb3ab12c1b9278e9e4dab194fd419d5001b7905031058,478fb84f0b65c10461f6410d0aed4b9ca33e4ef362a8741244230885eed8356c,1425b15f73bd4095f0df53709d7c389c3eb9e790,2a66ca6336eadb3c0b34b557763f3e06d01ff8fcf6260dd4cedbd69d6093fc28,7a5817698c7549c096bcff805473551b94a55ccbc5b77178b7ffcf41c6eb7633
hostv2_C_ice_concrete_0p15_v2_r1,hostv2_pair_213,hostv2_source_213,C_ice_concrete,C,ice,concrete,0.15,2,0.41,0.04,0.0,1.06,0.94,1.04,0.96,0.1,1,2026082313,1.2,5c6d9c4b7eaf41d101fa97556762cf0b01a61475faf48c08bf1a1073bf6495d9,True,True,1000,0.0005,1200,1.1015494072452725e-16,"[1200, 20]",True,498,589,0.4990000000000004,0.5899999999999904,240,,417,0.4180000000000003,fallen_base_height,concrete,"{""after_friction_scale"": 0.94, ""after_solref_scale"": 0.96, ""before_friction_scale"": 1.06, ""before_solref_scale"": 1.04}",c860075d7696e8e2d5785923a3f6cb45ed544d0b3cce53e6882493109ac18d2d,4ac62b7de2215b42601c3cd1192fa2b907362e36c134671e090159cbbb9ca529,1425b15f73bd4095f0df53709d7c389c3eb9e790,2a66ca6336eadb3c0b34b557763f3e06d01ff8fcf6260dd4cedbd69d6093fc28,304f677cd5329b634b89abcfba2e8965591e5ef13c7009df26aea88697a09896
hostv2_C_ice_concrete_0p20_v2_r0,hostv2_pair_214,hostv2_source_214,C_ice_concrete,C,ice,concrete,0.2,2,0.41,0.04,0.0,1.06,0.94,1.04,0.96,0.1,0,2026082314,1.2,e9a74ce9eef6cd34e2b79b36f662fa0a0a8aa0750e20110c4a022ca852c93f08,True,True,1000,0.0005,1200,1.1015494072452725e-16,"[1200, 20]",True,252,41,0.25300000000000017,0.04200000000000003,377,150,1127,1.1279999999999313,fallen_base_height,concrete,"{""after_friction_scale"": 0.94, ""after_solref_scale"": 0.96, ""before_friction_scale"": 1.06, ""before_solref_scale"": 1.04}",364a5d750b0c9219db71c7db60e1d222df7b65fb6b057c98dc3212e48bdd44c3,d2b82b917eb4d4756b5e1f6ff915b0a0cb8bc1d3d69edc7703f3c6ceab873ed0,1425b15f73bd4095f0df53709d7c389c3eb9e790,2a66ca6336eadb3c0b34b557763f3e06d01ff8fcf6260dd4cedbd69d6093fc28,8eeacb9f51bdd200f067e6324d209f94cbe0a5e0d1eb532e933a57563ae2d4e6
hostv2_C_ice_concrete_0p20_v2_r1,hostv2_pair_215,hostv2_source_215,C_ice_concrete,C,ice,concrete,0.2,2,0.41,0.04,0.0,1.06,0.94,1.04,0.96,0.1,1,2026082315,1.2,2b83cc55dea1d2a35e8d832ee51b7ad93ad3ee4c3f0d306fa0f13ddaef3647c4,True,True,1000,0.0005,1200,1.1015494072452725e-16,"[1200, 20]",True,252,41,0.25300000000000017,0.04200000000000003,389,149,,,,concrete,"{""after_friction_scale"": 0.94, ""after_solref_scale"": 0.96, ""before_friction_scale"": 1.06, ""before_solref_scale"": 1.04}",3d9c0200c55ef35f6be29b6675601fba75e4e559d8279cb869bf92066343b091,c4504bd75343c3814ca5d38dcf698d2fd816171d9b7bc91b703382c61b777561,1425b15f73bd4095f0df53709d7c389c3eb9e790,2a66ca6336eadb3c0b34b557763f3e06d01ff8fcf6260dd4cedbd69d6093fc28,c176dfaa785df71da55a7b498d6be063babce1bbdd30e18eb04a0b1de3e22e39
hostv2_D_sand_marble_0p10_v2_r0,hostv2_pair_216,hostv2_source_216,D_sand_marble,D,sand,marble,0.1,2,0.41,0.04,0.0,1.06,0.94,1.04,0.96,0.1,0,2026082316,1.2,0707a761d42aade615034f73d2caf9724bd07a408e9973e3b93288f65371b85b,True,True,1000,0.0005,1200,1.1015494072452725e-16,"[1200, 20]",True,790,40,0.7909999999999683,0.04100000000000003,,,632,0.6329999999999857,fallen_base_height,marble,"{""after_friction_scale"": 0.94, ""after_solref_scale"": 0.96, ""before_friction_scale"": 1.06, ""before_solref_scale"": 1.04}",d909bb9ca804642bd13c741ee6e6cbfe8a4ea03020f7b829312480f462bb489e,1c58826a4656e01dc051e58e9e72e3ca3b0cf4b9398e7d5714a60d60593cc325,1425b15f73bd4095f0df53709d7c389c3eb9e790,2a66ca6336eadb3c0b34b557763f3e06d01ff8fcf6260dd4cedbd69d6093fc28,3424e0b5020ae4270c27ec6e6592a10b2ef52ae8b6c0ea13d63f0ab217597944
hostv2_D_sand_marble_0p10_v2_r1,hostv2_pair_217,hostv2_source_217,D_sand_marble,D,sand,marble,0.1,2,0.41,0.04,0.0,1.06,0.94,1.04,0.96,0.1,1,2026082317,1.2,1914f301f5181c830b5e07dfb0c95dfa7dbf3934bec4ebe88ebbcc129462dba3,True,True,1000,0.0005,1200,1.1015494072452725e-16,"[1200, 20]",True,793,40,0.793999999999968,0.04100000000000003,,,630,0.6309999999999859,fallen_base_height,marble,"{""after_friction_scale"": 0.94, ""after_solref_scale"": 0.96, ""before_friction_scale"": 1.06, ""before_solref_scale"": 1.04}",887b4262d33236eee679541ee255816496baf22823db5ed157e569fa880c3952,cb1faf0ce48527e39d496081a22f63a905c821fd3f1b1b253ccad2e9e946865e,1425b15f73bd4095f0df53709d7c389c3eb9e790,2a66ca6336eadb3c0b34b557763f3e06d01ff8fcf6260dd4cedbd69d6093fc28,7dfbc49a948299bed3620da5a5d3f246d386615b3bb712c272e80531f87a1ffc
hostv2_D_sand_marble_0p15_v2_r0,hostv2_pair_218,hostv2_source_218,D_sand_marble,D,sand,marble,0.15,2,0.41,0.04,0.0,1.06,0.94,1.04,0.96,0.1,0,2026082318,1.2,a0af320e22b60ddccf9fea35333412f8e271946c5e62843a7a5389854d9472c2,True,True,1000,0.0005,1200,1.1015494072452725e-16,"[1200, 20]",True,800,39,0.8009999999999672,0.04000000000000003,,,630,0.6309999999999859,fallen_base_height,marble,"{""after_friction_scale"": 0.94, ""after_solref_scale"": 0.96, ""before_friction_scale"": 1.06, ""before_solref_scale"": 1.04}",36888804d3a9e7df2977188e032f3abde8423a3c190f44e80dacbcd63844dafa,87c1476ded8f9f895228e38081e6051b6e45b4cf42e6715f5573cd34cc98a93d,1425b15f73bd4095f0df53709d7c389c3eb9e790,2a66ca6336eadb3c0b34b557763f3e06d01ff8fcf6260dd4cedbd69d6093fc28,0cf198920e2aaf94142bf2f3a34fb7d4428a46f547a74aed5730996b017dae0b
hostv2_D_sand_marble_0p15_v2_r1,hostv2_pair_219,hostv2_source_219,D_sand_marble,D,sand,marble,0.15,2,0.41,0.04,0.0,1.06,0.94,1.04,0.96,0.1,1,2026082319,1.2,34f7282e3efa105320b0f0bbe2ebb5c772da23ad1533c6a52b337fd32e0df05d,True,True,1000,0.0005,1200,1.1015494072452725e-16,"[1200, 20]",True,798,39,0.7989999999999674,0.04000000000000003,,,628,0.6289999999999861,fallen_base_height,marble,"{""after_friction_scale"": 0.94, ""after_solref_scale"": 0.96, ""before_friction_scale"": 1.06, ""before_solref_scale"": 1.04}",b4e7597486afe403bf6ccbd7a85200ce035b96c57be1491de95f932bf91d8a2f,79484e91e8f9510e6fb44b7cc6d9307e6f256db0cc446919d227dc1db2762525,1425b15f73bd4095f0df53709d7c389c3eb9e790,2a66ca6336eadb3c0b34b557763f3e06d01ff8fcf6260dd4cedbd69d6093fc28,f9f7693384eb08c0f38bdb14ffc030373f7f51880c9cf93412f6a7ebec6b8413
hostv2_D_sand_marble_0p20_v2_r0,hostv2_pair_220,hostv2_source_220,D_sand_marble,D,sand,marble,0.2,2,0.41,0.04,0.0,1.06,0.94,1.04,0.96,0.1,0,2026082320,1.2,ca65966fc43373e132557e18d8110ba37fe499c91a488bc427ff80939e8b25ad,True,True,1000,0.0005,1200,1.1015494072452725e-16,"[1200, 20]",True,789,990,0.7899999999999684,0.9909999999999463,,632,639,0.6399999999999849,fallen_base_height,marble,"{""after_friction_scale"": 0.94, ""after_solref_scale"": 0.96, ""before_friction_scale"": 1.06, ""before_solref_scale"": 1.04}",bc485cbd57042603057fcd02b1d70a071bc6d0a8b8689c366bfae8e2e7a6fd4e,dc9490a9b6445c2a7854eae91ad7fca8d7033d97362a965e8489cfe4da642edf,1425b15f73bd4095f0df53709d7c389c3eb9e790,2a66ca6336eadb3c0b34b557763f3e06d01ff8fcf6260dd4cedbd69d6093fc28,03926f816917748fffb5a8215863ecbe6d46f91d680669026724f4315e3df839
hostv2_D_sand_marble_0p20_v2_r1,hostv2_pair_221,hostv2_source_221,D_sand_marble,D,sand,marble,0.2,2,0.41,0.04,0.0,1.06,0.94,1.04,0.96,0.1,1,2026082321,1.2,ddd053bb5ae55427ee3c2208f22398e5125f0027b092568b512fdcf0e30a1160,True,True,1000,0.0005,1200,1.1015494072452725e-16,"[1200, 20]",True,803,39,0.8039999999999669,0.04000000000000003,,,635,0.6359999999999854,fallen_base_height,marble,"{""after_friction_scale"": 0.94, ""after_solref_scale"": 0.96, ""before_friction_scale"": 1.06, ""before_solref_scale"": 1.04}",27a9e31f64a646b565544962aaa9702412d566c9010deb3aec9760357d67e297,a557ea29a8b09f406c81a30dd5b43a3d266c37dcca3f2a695c36c3fd14ff8674,1425b15f73bd4095f0df53709d7c389c3eb9e790,2a66ca6336eadb3c0b34b557763f3e06d01ff8fcf6260dd4cedbd69d6093fc28,30af039df88d2c69c3dde754327f725b92e49306f81d4ed527d231d704645664
hostv2_D_sand_concrete_0p10_v2_r0,hostv2_pair_222,hostv2_source_222,D_sand_concrete,D,sand,concrete,0.1,2,0.41,0.04,0.0,1.06,0.94,1.04,0.96,0.1,0,2026082322,1.2,0c8d1b78dbe1f65b22125d339b7b640993c049b7faefaf92b34958eecb35d954,True,True,1000,0.0005,1200,1.1015494072452725e-16,"[1200, 20]",True,815,39,0.8159999999999655,0.04000000000000003,,,652,0.6529999999999835,fallen_base_height,concrete,"{""after_friction_scale"": 0.94, ""after_solref_scale"": 0.96, ""before_friction_scale"": 1.06, ""before_solref_scale"": 1.04}",07c6ee37b45aaae3ebd0f180ddeebf0d9f80ea0263488c904b8dbfc3cb6f188d,7eef28a28b5352768acb4314dac675e7d965e96e37340ec2d0f4665ab1eaf4f9,1425b15f73bd4095f0df53709d7c389c3eb9e790,2a66ca6336eadb3c0b34b557763f3e06d01ff8fcf6260dd4cedbd69d6093fc28,f829d26a0d2bb206dc48a638e59bbe3fc11961d3867bc1f67534c52c68fcfcc1
hostv2_D_sand_concrete_0p10_v2_r1,hostv2_pair_223,hostv2_source_223,D_sand_concrete,D,sand,concrete,0.1,2,0.41,0.04,0.0,1.06,0.94,1.04,0.96,0.1,1,2026082323,1.2,0bca909e05dfe56ac140a48951ab7c7972efd5e45018b02d73f5d8cbf2181e73,True,True,1000,0.0005,1200,1.1015494072452725e-16,"[1200, 20]",True,789,971,0.7899999999999684,0.9719999999999483,,,645,0.6459999999999843,fallen_base_height,concrete,"{""after_friction_scale"": 0.94, ""after_solref_scale"": 0.96, ""before_friction_scale"": 1.06, ""before_solref_scale"": 1.04}",596ce19afea03487be05bda09bc9162612d9380ef9e428ae3c13b9d97c562c89,dfb93e264b03600142ad42fc0414ce2dd5c945eeac63e2283bf2689deee1a934,1425b15f73bd4095f0df53709d7c389c3eb9e790,2a66ca6336eadb3c0b34b557763f3e06d01ff8fcf6260dd4cedbd69d6093fc28,bc2d5184c0f19e9dc0eb90c365d85abd4ee3adb843f4797b136e98ac9beb06af
hostv2_D_sand_concrete_0p15_v2_r0,hostv2_pair_224,hostv2_source_224,D_sand_concrete,D,sand,concrete,0.15,2,0.41,0.04,0.0,1.06,0.94,1.04,0.96,0.1,0,2026082324,1.2,63f64d4d65a2a9a58dc3ac197b9a8ea5773839b2f1ac9673f6e23fc62b37b315,True,True,1000,0.0005,1200,1.1015494072452725e-16,"[1200, 20]",True,799,40,0.7999999999999673,0.04100000000000003,,,643,0.6439999999999845,fallen_base_height,concrete,"{""after_friction_scale"": 0.94, ""after_solref_scale"": 0.96, ""before_friction_scale"": 1.06, ""before_solref_scale"": 1.04}",0baeccbea4bc15a7c223476016fc2ac46d5c747b6d1fc475916dd4522ed8dc2c,b7063def8ac778e086220fb8d0e80db833ea699e627342f24ee8a83a027a0de6,1425b15f73bd4095f0df53709d7c389c3eb9e790,2a66ca6336eadb3c0b34b557763f3e06d01ff8fcf6260dd4cedbd69d6093fc28,2f35b2107f872dd4007063797552cf1bc14ac37ca1715d91609b6977733b0bb1
hostv2_D_sand_concrete_0p15_v2_r1,hostv2_pair_225,hostv2_source_225,D_sand_concrete,D,sand,concrete,0.15,2,0.41,0.04,0.0,1.06,0.94,1.04,0.96,0.1,1,2026082325,1.2,b45d41dc059099eb8ca0edaacb6cc9c0760fbd9f57ce633fbc1c2965daa6e80f,True,True,1000,0.0005,1200,1.1015494072452725e-16,"[1200, 20]",True,791,977,0.7919999999999682,0.9779999999999477,,,643,0.6439999999999845,fallen_base_height,concrete,"{""after_friction_scale"": 0.94, ""after_solref_scale"": 0.96, ""before_friction_scale"": 1.06, ""before_solref_scale"": 1.04}",7daeccad4edf07c21ac2249ef033bf0df1c1b22962c26fe9a6c51ef3160fa082,a65660150e0f0120e80ea85bd1e59e0c744dfa0da0e6ae0875b1d962389ab864,1425b15f73bd4095f0df53709d7c389c3eb9e790,2a66ca6336eadb3c0b34b557763f3e06d01ff8fcf6260dd4cedbd69d6093fc28,93e425e56fb4d014e82914ce3d3cf55e9d08a15c68639540889afd7c20c42155
hostv2_D_sand_concrete_0p20_v2_r0,hostv2_pair_226,hostv2_source_226,D_sand_concrete,D,sand,concrete,0.2,2,0.41,0.04,0.0,1.06,0.94,1.04,0.96,0.1,0,2026082326,1.2,6d59ba00476d8df62c268db27e071be98eefb8f01369b5890924a8a7d80a9c96,True,True,1000,0.0005,1200,1.1015494072452725e-16,"[1200, 20]",True,809,39,0.8099999999999662,0.04000000000000003,,,648,0.6489999999999839,fallen_base_height,concrete,"{""after_friction_scale"": 0.94, ""after_solref_scale"": 0.96, ""before_friction_scale"": 1.06, ""before_solref_scale"": 1.04}",cdc7e38d47af99ec35d15a772d5174369f99c5c95f6a93ea62582544dd2a2372,ed02ace730830e44910cc6a8ba57664a0f58ab1c47f0561807f464180a1bf5ac,1425b15f73bd4095f0df53709d7c389c3eb9e790,2a66ca6336eadb3c0b34b557763f3e06d01ff8fcf6260dd4cedbd69d6093fc28,71a1d4c08a41159c1a851bf82de444e7e5a6dc4af477d9376626bb5dc1e6cac4
hostv2_D_sand_concrete_0p20_v2_r1,hostv2_pair_227,hostv2_source_227,D_sand_concrete,D,sand,concrete,0.2,2,0.41,0.04,0.0,1.06,0.94,1.04,0.96,0.1,1,2026082327,1.2,debe6d6ce3014bdda449a0f03266412f4dfe679c6748af3cecae3002a81b3e81,True,True,1000,0.0005,1200,1.1015494072452725e-16,"[1200, 20]",True,791,987,0.7919999999999682,0.9879999999999466,,,647,0.647999999999984,fallen_base_height,concrete,"{""after_friction_scale"": 0.94, ""after_solref_scale"": 0.96, ""before_friction_scale"": 1.06, ""before_solref_scale"": 1.04}",651e4394f5fa758a00f7e64cce871b68602a96089d64b700a7266049508416b6,80d8642f8a764d59e126898f79617afa703f874badfbb4fd9507e193fced9df5,1425b15f73bd4095f0df53709d7c389c3eb9e790,2a66ca6336eadb3c0b34b557763f3e06d01ff8fcf6260dd4cedbd69d6093fc28,6717e1527d251b80aa767efbb7a1aa38e81126de6920fb5bc2fdf03b7f03dd6c
hostv2_S_concrete_0p10_v2_r0,hostv2_pair_228,hostv2_source_228,S_concrete,S,concrete,concrete,0.1,2,0.41,0.04,0.0,1.06,0.94,1.04,0.96,0.1,0,2026082328,1.2,330cd6896991ac73bedec7f8161ebf9026fd28d86b033e5d21a16dc4de057f8d,True,True,1000,0.0005,1200,1.1015494072452725e-16,"[1200, 20]",True,73,40,0.07400000000000005,0.04100000000000003,,,679,0.6799999999999805,fallen_base_height,concrete,"{""after_friction_scale"": 0.94, ""after_solref_scale"": 0.96, ""before_friction_scale"": 1.06, ""before_solref_scale"": 1.04}",f235f773c1a36cc90711397f90486016fc754aa9231351e3d29cd22b1ad3670b,38813e53268202b308261c963ea4bfc995a89b2cc0b8493952de7fa6861f9ff7,1425b15f73bd4095f0df53709d7c389c3eb9e790,2a66ca6336eadb3c0b34b557763f3e06d01ff8fcf6260dd4cedbd69d6093fc28,f89c6de81810c8b6c592e5deb1111d97c09e471c08c0db48478a8d7138d31f47
hostv2_S_concrete_0p10_v2_r1,hostv2_pair_229,hostv2_source_229,S_concrete,S,concrete,concrete,0.1,2,0.41,0.04,0.0,1.06,0.94,1.04,0.96,0.1,1,2026082329,1.2,0b35cd3b051769d7264ada99aa9fe51e2cf5e01738677ab80bb36aa8fd3e3224,True,True,1000,0.0005,1200,1.1015494072452725e-16,"[1200, 20]",True,288,387,0.2890000000000002,0.3880000000000003,,,597,0.5979999999999895,fallen_base_height,concrete,"{""after_friction_scale"": 0.94, ""after_solref_scale"": 0.96, ""before_friction_scale"": 1.06, ""before_solref_scale"": 1.04}",1ab87a688dcf20292ed7c68523ffe56c29508f9519732a300d005e146b05580c,1f954c0e45b0512e234486318b785d1f91d50e6134bf5c0cfb01b3fa8e8e227b,1425b15f73bd4095f0df53709d7c389c3eb9e790,2a66ca6336eadb3c0b34b557763f3e06d01ff8fcf6260dd4cedbd69d6093fc28,86dc5a894d62b7f10ca9ed86afa504c12b7cfbda09ca3a5d196dce6719a4c7f4
hostv2_S_concrete_0p15_v2_r0,hostv2_pair_230,hostv2_source_230,S_concrete,S,concrete,concrete,0.15,2,0.41,0.04,0.0,1.06,0.94,1.04,0.96,0.1,0,2026082330,1.2,fec13fac651db80564843ae51d980d4c4c6bd4af1888107323ed536c55f67bbc,True,True,1000,0.0005,1200,1.1015494072452725e-16,"[1200, 20]",True,71,39,0.07200000000000005,0.04000000000000003,,,672,0.6729999999999813,fallen_base_height,concrete,"{""after_friction_scale"": 0.94, ""after_solref_scale"": 0.96, ""before_friction_scale"": 1.06, ""before_solref_scale"": 1.04}",43cc8c10b5478f82e8c300d35c590c0d5d3eed1558d897d15c6b13304183536e,3bab953948e99a2addd3bd9c5c2b72569aab2b8871b7aeaf50380a25cfcc6434,1425b15f73bd4095f0df53709d7c389c3eb9e790,2a66ca6336eadb3c0b34b557763f3e06d01ff8fcf6260dd4cedbd69d6093fc28,a45259424fc04833f20d84a2469c59d2b8021960f8449ba0d03762784e60c517
hostv2_S_concrete_0p15_v2_r1,hostv2_pair_231,hostv2_source_231,S_concrete,S,concrete,concrete,0.15,2,0.41,0.04,0.0,1.06,0.94,1.04,0.96,0.1,1,2026082331,1.2,0ccfd5220b4c191c1ccbef5a4c3c869da1fa383ed99c14b2ce5c87d01b33f5ec,True,True,1000,0.0005,1200,1.1015494072452725e-16,"[1200, 20]",True,93,42,0.09400000000000007,0.04300000000000003,,,654,0.6549999999999833,fallen_base_height,concrete,"{""after_friction_scale"": 0.94, ""after_solref_scale"": 0.96, ""before_friction_scale"": 1.06, ""before_solref_scale"": 1.04}",c408054f483fa51bb3e8653cf46f0b1e936dddd01f793d391e9759c17bfdc09c,f14c615d4373a47ec83e9dacb2dc4374aeaca91cc2490f57d14afeba9cb73c59,1425b15f73bd4095f0df53709d7c389c3eb9e790,2a66ca6336eadb3c0b34b557763f3e06d01ff8fcf6260dd4cedbd69d6093fc28,9ce216ce292224e54000caa36aa43af61e947dbdd2fdb5f19f5a577bf2c24aea
hostv2_S_concrete_0p20_v2_r0,hostv2_pair_232,hostv2_source_232,S_concrete,S,concrete,concrete,0.2,2,0.41,0.04,0.0,1.06,0.94,1.04,0.96,0.1,0,2026082332,1.2,666ea0dbad70613948322be54cfc71ca39152dd8335ea9ecccd05f95695049e3,True,True,1000,0.0005,1200,1.1015494072452725e-16,"[1200, 20]",True,269,388,0.2700000000000002,0.3890000000000003,,,620,0.620999999999987,fallen_base_height,concrete,"{""after_friction_scale"": 0.94, ""after_solref_scale"": 0.96, ""before_friction_scale"": 1.06, ""before_solref_scale"": 1.04}",656d458a65e5f7b5a2c72e1cee164e6ec734bcee7dbf0b5fba31b342891afbd3,adee952886a25a415adcb9db0e20c563c1beb44a7f763e402aa2cd56db379dc2,1425b15f73bd4095f0df53709d7c389c3eb9e790,2a66ca6336eadb3c0b34b557763f3e06d01ff8fcf6260dd4cedbd69d6093fc28,009b72f53f57c27c16c884c2a19e1cbc4350f21713ac4d75021f50e69a05778c
hostv2_S_concrete_0p20_v2_r1,hostv2_pair_233,hostv2_source_233,S_concrete,S,concrete,concrete,0.2,2,0.41,0.04,0.0,1.06,0.94,1.04,0.96,0.1,1,2026082333,1.2,c8fdf92e10e9dda588a782262dca737a3f945f9cafbdb7d9c01c0a20096cb3f2,True,True,1000,0.0005,1200,1.1015494072452725e-16,"[1200, 20]",True,71,39,0.07200000000000005,0.04000000000000003,,,,,,concrete,"{""after_friction_scale"": 0.94, ""after_solref_scale"": 0.96, ""before_friction_scale"": 1.06, ""before_solref_scale"": 1.04}",c16b98e90284146ca7df2e30363c62afe027a5f98db3653ed07d0f36a693dbe9,0cad80ff34ed18750721aad471e7902b7d62ca1a4347d78b0c9afe69576be4a2,1425b15f73bd4095f0df53709d7c389c3eb9e790,2a66ca6336eadb3c0b34b557763f3e06d01ff8fcf6260dd4cedbd69d6093fc28,65b390d5271a0501c5c48e6244bfac9548095a746857f7b6a9dacbac743c1158
hostv2_S_marble_0p10_v2_r0,hostv2_pair_234,hostv2_source_234,S_marble,S,marble,marble,0.1,2,0.41,0.04,0.0,1.06,0.94,1.04,0.96,0.1,0,2026082334,1.2,f0a281aa869d9877471f9e2afdcaa4a05264e1bb158b93dacf4d11023de56e2a,True,True,1000,0.0005,1200,1.1015494072452725e-16,"[1200, 20]",True,278,936,0.2790000000000002,0.9369999999999522,,,529,0.529999999999997,fallen_base_height,marble,"{""after_friction_scale"": 0.94, ""after_solref_scale"": 0.96, ""before_friction_scale"": 1.06, ""before_solref_scale"": 1.04}",c8e0f63f2cd45a345221b0d03eff9889eb3d4b3930537368138e50b41df8fa68,e766c8cb1a4015bdbb4d79622bfbb3ff0cdf8dae37e7ccecaa0d9308eeafe11c,1425b15f73bd4095f0df53709d7c389c3eb9e790,2a66ca6336eadb3c0b34b557763f3e06d01ff8fcf6260dd4cedbd69d6093fc28,f0e8e80e15cf92173028242fd8efc2752634e22c6922071ac36fc4711cc9a284
hostv2_S_marble_0p10_v2_r1,hostv2_pair_235,hostv2_source_235,S_marble,S,marble,marble,0.1,2,0.41,0.04,0.0,1.06,0.94,1.04,0.96,0.1,1,2026082335,1.2,d0032e85807e431f10189187dffb3650015941e50c12e3f86283fd328c3f0992,True,True,1000,0.0005,1200,1.1015494072452725e-16,"[1200, 20]",True,278,934,0.2790000000000002,0.9349999999999524,,,530,0.5309999999999969,fallen_base_height,marble,"{""after_friction_scale"": 0.94, ""after_solref_scale"": 0.96, ""before_friction_scale"": 1.06, ""before_solref_scale"": 1.04}",8620c4aad9d470c11d22932c1d54d910a72ee8605a9a533f4929c348d18c57f2,944b44c887deafeeee8094d4f7737d7ed52dc552a93a1c967a63d3665c867097,1425b15f73bd4095f0df53709d7c389c3eb9e790,2a66ca6336eadb3c0b34b557763f3e06d01ff8fcf6260dd4cedbd69d6093fc28,f151b0c3fd70bc78e8af5d93c68e107ffad19761cc2b504e53b54e724708b6b0
hostv2_S_marble_0p15_v2_r0,hostv2_pair_236,hostv2_source_236,S_marble,S,marble,marble,0.15,2,0.41,0.04,0.0,1.06,0.94,1.04,0.96,0.1,0,2026082336,1.2,4a9b032dc3d061af80f685bbf116980ff6eeb47ae3aa5e8345eaa3dcfd52cf20,True,True,1000,0.0005,1200,1.1015494072452725e-16,"[1200, 20]",True,270,41,0.2710000000000002,0.04200000000000003,,,531,0.5319999999999968,fallen_base_height,marble,"{""after_friction_scale"": 0.94, ""after_solref_scale"": 0.96, ""before_friction_scale"": 1.06, ""before_solref_scale"": 1.04}",c996a1819aec5da4eb9b2fe3ec4bc44434cf8342665223cd274a50cff391470f,11cd1d43b7a6d2be505a820ef7e8a6c9b9e1a2ba77ff0ba62badc4abd72fbd7a,1425b15f73bd4095f0df53709d7c389c3eb9e790,2a66ca6336eadb3c0b34b557763f3e06d01ff8fcf6260dd4cedbd69d6093fc28,60eb7f148c90143fc3c28ed51293455879a56afc1a463227d483ab1b1f9de1d0
hostv2_S_marble_0p15_v2_r1,hostv2_pair_237,hostv2_source_237,S_marble,S,marble,marble,0.15,2,0.41,0.04,0.0,1.06,0.94,1.04,0.96,0.1,1,2026082337,1.2,a3b4f04934fc0d84bb86cbc97bfe6e0e086ae63ba8cfec144586a51c781139df,True,True,1000,0.0005,1200,1.1015494072452725e-16,"[1200, 20]",True,279,39,0.2800000000000002,0.04000000000000003,,,535,0.5359999999999964,fallen_base_height,marble,"{""after_friction_scale"": 0.94, ""after_solref_scale"": 0.96, ""before_friction_scale"": 1.06, ""before_solref_scale"": 1.04}",0997a27e230639471ed2825a73590006b0c5e1a6425ec735d337d556806fc6aa,c30f7aaf6947015c599d96aed5c30a56368092240533e6e0aead15ad485c01d1,1425b15f73bd4095f0df53709d7c389c3eb9e790,2a66ca6336eadb3c0b34b557763f3e06d01ff8fcf6260dd4cedbd69d6093fc28,94de8d23d077282649e654bfcf496f71705253946f73f4d4ed004d8d0b76c332
hostv2_S_marble_0p20_v2_r0,hostv2_pair_238,hostv2_source_238,S_marble,S,marble,marble,0.2,2,0.41,0.04,0.0,1.06,0.94,1.04,0.96,0.1,0,2026082338,1.2,eaee90ad16f6f0299738ca5c4af2101f92b5698e67a14ad0f342f6431b9ed08f,True,True,1000,0.0005,1200,1.1015494072452725e-16,"[1200, 20]",True,266,40,0.2670000000000002,0.04100000000000003,,,533,0.5339999999999966,fallen_base_height,marble,"{""after_friction_scale"": 0.94, ""after_solref_scale"": 0.96, ""before_friction_scale"": 1.06, ""before_solref_scale"": 1.04}",35fceabae8b06d674cedc84ef485f6f78f599d63feee74200c96c0002ffb188f,fd9ed5915f28ab1e2dd5c1a6e3c70914e2473838b0f1efdd5536f018fb385fea,1425b15f73bd4095f0df53709d7c389c3eb9e790,2a66ca6336eadb3c0b34b557763f3e06d01ff8fcf6260dd4cedbd69d6093fc28,81a96246d4c826f7f09e443568769d8e3c60052fb7fa3716c4870cdb46a1c55a
hostv2_S_marble_0p20_v2_r1,hostv2_pair_239,hostv2_source_239,S_marble,S,marble,marble,0.2,2,0.41,0.04,0.0,1.06,0.94,1.04,0.96,0.1,1,2026082339,1.2,e3e7954ed187db3a18a13d2424bbe56762faedb75ece170e48efb7d2f6f73781,True,True,1000,0.0005,1200,1.1015494072452725e-16,"[1200, 20]",True,264,42,0.2650000000000002,0.04300000000000003,,,533,0.5339999999999966,fallen_base_height,marble,"{""after_friction_scale"": 0.94, ""after_solref_scale"": 0.96, ""before_friction_scale"": 1.06, ""before_solref_scale"": 1.04}",9d57814dda27430762d082ffbc8f164301389ab4d9da61027fe0eb9d8dd14492,ecb75778fe04eee05f2a021e1e197ec4371421b310e3065f2308da40dac94271,1425b15f73bd4095f0df53709d7c389c3eb9e790,2a66ca6336eadb3c0b34b557763f3e06d01ff8fcf6260dd4cedbd69d6093fc28,4bd4bae8468246676e851fa9c605c313121a78460dfe21007d1d7747fcfb414f
hostv2_S_ice_0p10_v2_r0,hostv2_pair_240,hostv2_source_240,S_ice,S,ice,ice,0.1,2,0.41,0.04,0.0,1.06,0.94,1.04,0.96,0.1,0,2026082340,1.2,a1f4cbbd31e2b824a08843e9259a72432b29689857a16626eb9357144830047e,True,True,1000,0.0005,1200,1.1015494072452725e-16,"[1200, 20]",True,531,39,0.5319999999999968,0.04000000000000003,237,,432,0.43300000000000033,fallen_base_height,,"{""after_friction_scale"": 0.94, ""after_solref_scale"": 0.96, ""before_friction_scale"": 1.06, ""before_solref_scale"": 1.04}",6a83c19c7891ba9cf0af8bd68cd9a29dc7830e582418295d1a78a73b3056dd66,f6d54876820c2f48f0811ae3a5a6d14186a273b3cc3e9edbd8e20e28c1256b29,1425b15f73bd4095f0df53709d7c389c3eb9e790,2a66ca6336eadb3c0b34b557763f3e06d01ff8fcf6260dd4cedbd69d6093fc28,435883dbd06fc0a6a979166165b9afa644b34b9f65a3098e6ec7c6c7c182c886
hostv2_S_ice_0p10_v2_r1,hostv2_pair_241,hostv2_source_241,S_ice,S,ice,ice,0.1,2,0.41,0.04,0.0,1.06,0.94,1.04,0.96,0.1,1,2026082341,1.2,595b09daa5695943cc00e48451895b05ad1a0b13426913258cf333567b3b9286,True,True,1000,0.0005,1200,1.1015494072452725e-16,"[1200, 20]",True,528,38,0.5289999999999971,0.03900000000000003,240,421,429,0.4300000000000003,fallen_base_height,,"{""after_friction_scale"": 0.94, ""after_solref_scale"": 0.96, ""before_friction_scale"": 1.06, ""before_solref_scale"": 1.04}",26d5c99ae41fe4fc1483bbf8848009b0ec97ebf83b9b969bc4fc266730e8d75f,64a84b17186e4cbd9346d5f0405897cea814aecd809368f597b146a8f1f6c113,1425b15f73bd4095f0df53709d7c389c3eb9e790,2a66ca6336eadb3c0b34b557763f3e06d01ff8fcf6260dd4cedbd69d6093fc28,dd8f99aafdc4774ac8c3dab7e04fb64d798ef218f61ca041c762505366b033e5
hostv2_S_ice_0p15_v2_r0,hostv2_pair_242,hostv2_source_242,S_ice,S,ice,ice,0.15,2,0.41,0.04,0.0,1.06,0.94,1.04,0.96,0.1,0,2026082342,1.2,28755f41fb1e61384d49330593aa9b0c7f424e8f204fe4104e9355aed8669b75,True,True,1000,0.0005,1200,1.1015494072452725e-16,"[1200, 20]",True,492,41,0.4930000000000004,0.04200000000000003,244,,408,0.4090000000000003,fallen_base_height,,"{""after_friction_scale"": 0.94, ""after_solref_scale"": 0.96, ""before_friction_scale"": 1.06, ""before_solref_scale"": 1.04}",4116529a7daa860a6c1575cc3d5599d8f8f80247cc0a083579e0d471c9cd845a,b10a2034560bee890c859179330b0ef35757213173da41dae9029c17ce35a35d,1425b15f73bd4095f0df53709d7c389c3eb9e790,2a66ca6336eadb3c0b34b557763f3e06d01ff8fcf6260dd4cedbd69d6093fc28,4d602cd75871a9a2e266269178149b7132e062a2fdfbe439a7354e0c2561588a
hostv2_S_ice_0p15_v2_r1,hostv2_pair_243,hostv2_source_243,S_ice,S,ice,ice,0.15,2,0.41,0.04,0.0,1.06,0.94,1.04,0.96,0.1,1,2026082343,1.2,584e5f17ec0b725faceb7d11e8abbc3aef21b45b4fa5202c11ca998b817904bb,True,True,1000,0.0005,1200,1.1015494072452725e-16,"[1200, 20]",True,510,39,0.5109999999999991,0.04000000000000003,243,332,427,0.4280000000000003,fallen_base_height,,"{""after_friction_scale"": 0.94, ""after_solref_scale"": 0.96, ""before_friction_scale"": 1.06, ""before_solref_scale"": 1.04}",2e9867799e1274f81aad25bdf371f380d97cc0c49ed2c484afc5ddded2b868f6,a5a6caec562c5d1f31d0588975661dd6956718b846e1ca9eb8830112199ba25d,1425b15f73bd4095f0df53709d7c389c3eb9e790,2a66ca6336eadb3c0b34b557763f3e06d01ff8fcf6260dd4cedbd69d6093fc28,b1a9ed42300a025233cd0d089ef2e7b4f21c1c1ee7cd042600d7d04c0ae11d1f
hostv2_S_ice_0p20_v2_r0,hostv2_pair_244,hostv2_source_244,S_ice,S,ice,ice,0.2,2,0.41,0.04,0.0,1.06,0.94,1.04,0.96,0.1,0,2026082344,1.2,6687bee7ba6116b8a1d69b15965fa9c9d090e9c70c0021101f7a7fc2bba4f459,True,True,1000,0.0005,1200,1.1015494072452725e-16,"[1200, 20]",True,256,39,0.2570000000000002,0.04000000000000003,294,151,1160,1.1609999999999276,fallen_base_height,,"{""after_friction_scale"": 0.94, ""after_solref_scale"": 0.96, ""before_friction_scale"": 1.06, ""before_solref_scale"": 1.04}",af7ffeb8f861d08d117e406f30ca697faba6e36e92ae40c714e1f91369b9fd17,297366586a965fa06ac67c1b8fabb429819d8a55b3bdb78b26b73f21c03bd9f1,1425b15f73bd4095f0df53709d7c389c3eb9e790,2a66ca6336eadb3c0b34b557763f3e06d01ff8fcf6260dd4cedbd69d6093fc28,1d08ac1a0da46f25ddf99fac261d54215e6cc019008a1cfbb9c31cf876190174
hostv2_S_ice_0p20_v2_r1,hostv2_pair_245,hostv2_source_245,S_ice,S,ice,ice,0.2,2,0.41,0.04,0.0,1.06,0.94,1.04,0.96,0.1,1,2026082345,1.2,ee95cfcc263aba4f137e15827fb33ef2a535e86919a69becd64a4c88feb7a25c,True,True,1000,0.0005,1200,1.1015494072452725e-16,"[1200, 20]",True,259,39,0.2600000000000002,0.04000000000000003,297,150,1168,1.1689999999999268,fallen_base_height,,"{""after_friction_scale"": 0.94, ""after_solref_scale"": 0.96, ""before_friction_scale"": 1.06, ""before_solref_scale"": 1.04}",bccbc8018a2b30702321bb58374b92792b1758c3afbf59ca7679d594eddfd417,db08532b6eadff32f9f560052a5412903e74e407947f55b005085966abd7cc91,1425b15f73bd4095f0df53709d7c389c3eb9e790,2a66ca6336eadb3c0b34b557763f3e06d01ff8fcf6260dd4cedbd69d6093fc28,6d30db4267b52c2c4734a515f4776988358176babdfcd474b356a412762fa5ac
hostv2_S_sand_0p10_v2_r0,hostv2_pair_246,hostv2_source_246,S_sand,S,sand,sand,0.1,2,0.41,0.04,0.0,1.06,0.94,1.04,0.96,0.1,0,2026082346,1.2,ad1f12f77d6239bdadcf6f0bf98c7237c74aaa95cbe71b01201bcf9b9269951e,True,True,1000,0.0005,1200,1.1015494072452725e-16,"[1200, 20]",True,792,40,0.7929999999999681,0.04100000000000003,,,636,0.6369999999999852,fallen_base_height,,"{""after_friction_scale"": 0.94, ""after_solref_scale"": 0.96, ""before_friction_scale"": 1.06, ""before_solref_scale"": 1.04}",d5fcb3a963d7eb12a1f936997bf22399d5afc13de3b71fdf96057b9f53efe495,8197dbe2008456fda15330fd98297587ec1d06ec31abed88d858910a57524d64,1425b15f73bd4095f0df53709d7c389c3eb9e790,2a66ca6336eadb3c0b34b557763f3e06d01ff8fcf6260dd4cedbd69d6093fc28,3f8740ac1ff06dbae89cc07de1950e5c17ef03142a84f81caab4706485921173
hostv2_S_sand_0p10_v2_r1,hostv2_pair_247,hostv2_source_247,S_sand,S,sand,sand,0.1,2,0.41,0.04,0.0,1.06,0.94,1.04,0.96,0.1,1,2026082347,1.2,64d6d2ab16761c2d624cfa72e14bb63fea733e6bc270a9ace9675e765ac18baf,True,True,1000,0.0005,1200,1.1015494072452725e-16,"[1200, 20]",True,788,986,0.7889999999999685,0.9869999999999467,,,645,0.6459999999999843,fallen_base_height,,"{""after_friction_scale"": 0.94, ""after_solref_scale"": 0.96, ""before_friction_scale"": 1.06, ""before_solref_scale"": 1.04}",b4f5d2546764f4347b8139153be83e77696fca9af407c454f24342b6527cb8e1,165d7e276b5ccf7bf9c84ba90b44e286a1acaef6df4139f670385a92ea43b3a1,1425b15f73bd4095f0df53709d7c389c3eb9e790,2a66ca6336eadb3c0b34b557763f3e06d01ff8fcf6260dd4cedbd69d6093fc28,a593534b8556eb63c10b360d7f7eeaef388d023c2e26f3ec53f0fed53991df27
hostv2_S_sand_0p15_v2_r0,hostv2_pair_248,hostv2_source_248,S_sand,S,sand,sand,0.15,2,0.41,0.04,0.0,1.06,0.94,1.04,0.96,0.1,0,2026082348,1.2,82b1af40c71ad0ece1d99d68de6b6786e0ec7f976e7acfe3282a2af381e5d3fa,True,True,1000,0.0005,1200,1.1015494072452725e-16,"[1200, 20]",True,797,38,0.7979999999999675,0.03900000000000003,,,636,0.6369999999999852,fallen_base_height,,"{""after_friction_scale"": 0.94, ""after_solref_scale"": 0.96, ""before_friction_scale"": 1.06, ""before_solref_scale"": 1.04}",f1e2beaf103e322809a104e9ab6e5d127079e0d1531e85a5a5eb3383cccf8c6e,17ab8912b8e17c5ed6f31ad5bc512703501b12a42fd9dfbc02f5aa8c0e26864a,1425b15f73bd4095f0df53709d7c389c3eb9e790,2a66ca6336eadb3c0b34b557763f3e06d01ff8fcf6260dd4cedbd69d6093fc28,ecca014c7502864a2a00e23332344df5adf5bc1d6fa07ba2d55a15ea1355d8fd
hostv2_S_sand_0p15_v2_r1,hostv2_pair_249,hostv2_source_249,S_sand,S,sand,sand,0.15,2,0.41,0.04,0.0,1.06,0.94,1.04,0.96,0.1,1,2026082349,1.2,62ff7ee10a24c4ca1626244d3d70aac0cd3a26790e7102ce739b4f6974bc10f6,True,True,1000,0.0005,1200,1.1015494072452725e-16,"[1200, 20]",True,793,40,0.793999999999968,0.04100000000000003,,,640,0.6409999999999848,fallen_base_height,,"{""after_friction_scale"": 0.94, ""after_solref_scale"": 0.96, ""before_friction_scale"": 1.06, ""before_solref_scale"": 1.04}",a359b524a911aca2295f8138637000e32da9785952f794b76c95a28eed2ddc07,c09461ca2444bab53d64362d86f62ea8ed461b209575d486c2b31763f32e61ee,1425b15f73bd4095f0df53709d7c389c3eb9e790,2a66ca6336eadb3c0b34b557763f3e06d01ff8fcf6260dd4cedbd69d6093fc28,a101140d881ef5a998a3a5a9e057814ff94ab9ca2d1b4645b3c42a76b2ccca6f
hostv2_S_sand_0p20_v2_r0,hostv2_pair_250,hostv2_source_250,S_sand,S,sand,sand,0.2,2,0.41,0.04,0.0,1.06,0.94,1.04,0.96,0.1,0,2026082350,1.2,c7da7f417c28c767ca47655d3be3e06faad1ee2cda0ecb6a9fe7e6031f2fe3b2,True,True,1000,0.0005,1200,1.1015494072452725e-16,"[1200, 20]",True,791,1002,0.7919999999999682,1.002999999999945,,,647,0.647999999999984,fallen_base_height,,"{""after_friction_scale"": 0.94, ""after_solref_scale"": 0.96, ""before_friction_scale"": 1.06, ""before_solref_scale"": 1.04}",4afb1c4f06e41c01362ff4060781658ddadc8b53ca79a5a7c4c87fabb63332c8,175d7f1cb0edad3a449838ebaead8df4f4467e52b0e9b177a79fd2e4f4c13b59,1425b15f73bd4095f0df53709d7c389c3eb9e790,2a66ca6336eadb3c0b34b557763f3e06d01ff8fcf6260dd4cedbd69d6093fc28,5b14026507637ae2fe32c826141c955717805d75f806ca64cfbafcdc8bdbb5ed
hostv2_S_sand_0p20_v2_r1,hostv2_pair_251,hostv2_source_251,S_sand,S,sand,sand,0.2,2,0.41,0.04,0.0,1.06,0.94,1.04,0.96,0.1,1,2026082351,1.2,c21f891ae73644eb4f51785dfc14728afe76429fbf20df75ea7460840138a054,True,True,1000,0.0005,1200,1.1015494072452725e-16,"[1200, 20]",True,792,41,0.7929999999999681,0.04200000000000003,,,642,0.6429999999999846,fallen_base_height,,"{""after_friction_scale"": 0.94, ""after_solref_scale"": 0.96, ""before_friction_scale"": 1.06, ""before_solref_scale"": 1.04}",e33a22254851a727a98b657c72670705bccb8d68c26a4b1b01f0f75d1d9fa02c,d78f1132af05d7aed88d483b69924db5bcf9aaf79da778d2f34b603e2fe9cd7c,1425b15f73bd4095f0df53709d7c389c3eb9e790,2a66ca6336eadb3c0b34b557763f3e06d01ff8fcf6260dd4cedbd69d6093fc28,6733d27ead51d8b5e9bd3f23cebea377f4b57da3e1db3efd9abce109af157505
hostv2_A_marble_ice_0p10_v3_r0,hostv2_pair_252,hostv2_source_252,A_marble_ice,A,marble,ice,0.1,3,0.67,0.06,0.003,0.9,1.02,1.06,0.94,0.075,0,2026082352,1.2,ff47c8dbd6ffdc166198f11f00b98b70b97f4b925f20628a9fe5c7aa9ba4e9bc,True,True,1000,0.0005,1200,1.1015494072452725e-16,"[1200, 20]",True,434,31,0.43500000000000033,0.03200000000000002,,,,,,marble,"{""after_friction_scale"": 1.02, ""after_solref_scale"": 0.94, ""before_friction_scale"": 0.9, ""before_solref_scale"": 1.06}",5c75392b7bac35e015506b6966460edf5e0d893e82ac32e845e150c821e67b27,8867f2862c2c686d2cf8c71aa8e3b80334652c6642a8384931ce04c707cf051e,1425b15f73bd4095f0df53709d7c389c3eb9e790,2a66ca6336eadb3c0b34b557763f3e06d01ff8fcf6260dd4cedbd69d6093fc28,b114d5924f4677efd6e1e6cf48de4cdedb7026bd4fbbb405dcead2a5abd3d212
hostv2_A_marble_ice_0p10_v3_r1,hostv2_pair_253,hostv2_source_253,A_marble_ice,A,marble,ice,0.1,3,0.67,0.06,0.003,0.9,1.02,1.06,0.94,0.075,1,2026082353,1.2,6651c591f79e2180608948684566642c58c4cde7d666c5e78de093eb11efd3a0,True,True,1000,0.0005,1200,1.1015494072452725e-16,"[1200, 20]",True,438,31,0.43900000000000033,0.03200000000000002,,,,,,marble,"{""after_friction_scale"": 1.02, ""after_solref_scale"": 0.94, ""before_friction_scale"": 0.9, ""before_solref_scale"": 1.06}",c0276e7e1849c89dd9e5e81c119e0a1bdb5d19728bc7b9b913817f42dabf4aa1,a2214781ae429ef939292c0052154838ff3856b07821ec2d4ea38dabac0b9f81,1425b15f73bd4095f0df53709d7c389c3eb9e790,2a66ca6336eadb3c0b34b557763f3e06d01ff8fcf6260dd4cedbd69d6093fc28,26b47c202cbffdbabd8c467181b5558b7aa2ac6540244a4f2c426b9118ecb2c7
hostv2_A_marble_ice_0p15_v3_r0,hostv2_pair_254,hostv2_source_254,A_marble_ice,A,marble,ice,0.15,3,0.67,0.06,0.003,0.9,1.02,1.06,0.94,0.075,0,2026082354,1.2,8b5e51015826b961d043e8974a7217ece0fb8d380ae285f47cf4551556bb6743,True,True,1000,0.0005,1200,1.1015494072452725e-16,"[1200, 20]",True,436,31,0.43700000000000033,0.03200000000000002,977,,,,,marble,"{""after_friction_scale"": 1.02, ""after_solref_scale"": 0.94, ""before_friction_scale"": 0.9, ""before_solref_scale"": 1.06}",6866d91ae08965f22681fccb8782857bbb09c69e05d07918a4b887bea53b2377,514edcd0b49c543bc5d9b858746861139d1a8a36cdacb3da6b36a58e653d171c,1425b15f73bd4095f0df53709d7c389c3eb9e790,2a66ca6336eadb3c0b34b557763f3e06d01ff8fcf6260dd4cedbd69d6093fc28,85e39cb9d74842f2d4a05c352e966b4eb83265ec1f921b28c67601520f5163d8
hostv2_A_marble_ice_0p15_v3_r1,hostv2_pair_255,hostv2_source_255,A_marble_ice,A,marble,ice,0.15,3,0.67,0.06,0.003,0.9,1.02,1.06,0.94,0.075,1,2026082355,1.2,19b33d90daf59a637ce46093e4a088509b7ef2229192454d2d6f62192cb3c949,True,True,1000,0.0005,1200,1.1015494072452725e-16,"[1200, 20]",True,434,31,0.43500000000000033,0.03200000000000002,978,,,,,marble,"{""after_friction_scale"": 1.02, ""after_solref_scale"": 0.94, ""before_friction_scale"": 0.9, ""before_solref_scale"": 1.06}",871b9a31a2976e10ea5afaf9b1cccf72f306f3d6cf086c47edc204ffc7d59f5a,8ee221c0a611cc638ae7e35b3f7536f1b7155a4b229f1612895d166f2addecc3,1425b15f73bd4095f0df53709d7c389c3eb9e790,2a66ca6336eadb3c0b34b557763f3e06d01ff8fcf6260dd4cedbd69d6093fc28,eeec62e7956fa0e8cb398bcf4d1caed650debb069b4fdd45132ad6a6532a7796
hostv2_A_marble_ice_0p20_v3_r0,hostv2_pair_256,hostv2_source_256,A_marble_ice,A,marble,ice,0.2,3,0.67,0.06,0.003,0.9,1.02,1.06,0.94,0.075,0,2026082356,1.2,dedc6b8042978d7bfcd99838a7afea8ec09e215219891e8bac0e31b24b4321ab,True,True,1000,0.0005,1200,1.1015494072452725e-16,"[1200, 20]",True,443,31,0.44400000000000034,0.03200000000000002,,,,,,marble,"{""after_friction_scale"": 1.02, ""after_solref_scale"": 0.94, ""before_friction_scale"": 0.9, ""before_solref_scale"": 1.06}",0b455ea5d1076663fc3b413a3640d5dc268a8c4b18643b73de091105c8fabeb0,b1c13b8b640da2b89bab33b7b06a54325ba22fd0a847517160fb6435b14549bf,1425b15f73bd4095f0df53709d7c389c3eb9e790,2a66ca6336eadb3c0b34b557763f3e06d01ff8fcf6260dd4cedbd69d6093fc28,1c9856aeb39abe483a65922f581fe5cd103cd95c3db4296de64d22979d984fa9
hostv2_A_marble_ice_0p20_v3_r1,hostv2_pair_257,hostv2_source_257,A_marble_ice,A,marble,ice,0.2,3,0.67,0.06,0.003,0.9,1.02,1.06,0.94,0.075,1,2026082357,1.2,c7de89896254f1cbd74186b4d30c52e028d6ad343c9f6233457bba43d7d5904f,True,True,1000,0.0005,1200,1.1015494072452725e-16,"[1200, 20]",True,442,31,0.44300000000000034,0.03200000000000002,1131,,,,,marble,"{""after_friction_scale"": 1.02, ""after_solref_scale"": 0.94, ""before_friction_scale"": 0.9, ""before_solref_scale"": 1.06}",0d6264e7a650ce46180c9ea88d7cf73f8ac2afbf309bd1b8ef4d0b436adb1c7f,516d181029fe473927736f067a545646094efebeeee178681e92368b2c00a8ec,1425b15f73bd4095f0df53709d7c389c3eb9e790,2a66ca6336eadb3c0b34b557763f3e06d01ff8fcf6260dd4cedbd69d6093fc28,0cf021d9dfc130ebd46ffdfd4ddd4a2ca68b66891ea1994bcd0ca6da7082824f
hostv2_A_concrete_ice_0p10_v3_r0,hostv2_pair_258,hostv2_source_258,A_concrete_ice,A,concrete,ice,0.1,3,0.67,0.06,0.003,0.9,1.02,1.06,0.94,0.075,0,2026082358,1.2,d4cd6a99271c57df8f5f3e45b9201ed67dffc78fbc6fb74b5afc79d40e41db1d,True,True,1000,0.0005,1200,1.1015494072452725e-16,"[1200, 20]",True,795,31,0.7959999999999677,0.03200000000000002,,,,,,concrete,"{""after_friction_scale"": 1.02, ""after_solref_scale"": 0.94, ""before_friction_scale"": 0.9, ""before_solref_scale"": 1.06}",753f9e82e4c6417be14293c96b922e6f92c2c0e7cbaaf1c35217129ebf7e3578,1191882d84b39808555538243f30ef8ae1b2431adb978f75416fae101df1d2db,1425b15f73bd4095f0df53709d7c389c3eb9e790,2a66ca6336eadb3c0b34b557763f3e06d01ff8fcf6260dd4cedbd69d6093fc28,25da4f6c9d11a2a6f0909c1cbd3a8839a7d8bc2211c0cdebd928b51fea1adc22
hostv2_A_concrete_ice_0p10_v3_r1,hostv2_pair_259,hostv2_source_259,A_concrete_ice,A,concrete,ice,0.1,3,0.67,0.06,0.003,0.9,1.02,1.06,0.94,0.075,1,2026082359,1.2,2eb0b5098362cf6d41d7a7e0d75b7ecb2a292e22a74fc349ff0d3c0a46c507dc,True,True,1000,0.0005,1200,1.1015494072452725e-16,"[1200, 20]",True,795,31,0.7959999999999677,0.03200000000000002,,,,,,concrete,"{""after_friction_scale"": 1.02, ""after_solref_scale"": 0.94, ""before_friction_scale"": 0.9, ""before_solref_scale"": 1.06}",814c6ba7ad392f2c92edb11855bc8496a7656a1a25e2eb8bb05992f673aa2584,8b26786cfbf8faf4313b0bacadb4e46e15c2994c56a16f4c62d0f8240e97d27d,1425b15f73bd4095f0df53709d7c389c3eb9e790,2a66ca6336eadb3c0b34b557763f3e06d01ff8fcf6260dd4cedbd69d6093fc28,2464442551ea38302b64ea2795152d850cf7fe629cbf40051b2882d183b5446b
hostv2_A_concrete_ice_0p15_v3_r0,hostv2_pair_260,hostv2_source_260,A_concrete_ice,A,concrete,ice,0.15,3,0.67,0.06,0.003,0.9,1.02,1.06,0.94,0.075,0,2026082360,1.2,a4baef710f77ba798d769cad319e0d5bbff387927dbcfbb03610dd2b5885281b,True,True,1000,0.0005,1200,1.1015494072452725e-16,"[1200, 20]",True,798,31,0.7989999999999674,0.03200000000000002,1075,,,,,concrete,"{""after_friction_scale"": 1.02, ""after_solref_scale"": 0.94, ""before_friction_scale"": 0.9, ""before_solref_scale"": 1.06}",735bc2e79a5da195cebb485a78598e56a197198286374d16227045aa1db29ca5,9fae66b39ee614d165e57c56525959e270cc8bc9aa214ebf861f87ee38d48dff,1425b15f73bd4095f0df53709d7c389c3eb9e790,2a66ca6336eadb3c0b34b557763f3e06d01ff8fcf6260dd4cedbd69d6093fc28,a672359f34b9833d0a9fb368e9c68af6b83063491ddd3f3151f35aca6f09ecae
hostv2_A_concrete_ice_0p15_v3_r1,hostv2_pair_261,hostv2_source_261,A_concrete_ice,A,concrete,ice,0.15,3,0.67,0.06,0.003,0.9,1.02,1.06,0.94,0.075,1,2026082361,1.2,0dfd180052235588eefacd70b9c16985cb7c215476295a9ca29f54a22ca76a87,True,True,1000,0.0005,1200,1.1015494072452725e-16,"[1200, 20]",True,798,31,0.7989999999999674,0.03200000000000002,1069,,,,,concrete,"{""after_friction_scale"": 1.02, ""after_solref_scale"": 0.94, ""before_friction_scale"": 0.9, ""before_solref_scale"": 1.06}",d893c0dd8d5831c63eab6db4255fbd4f0b00c1cf6d0fede4c479d8fd2d7aab87,93492a6006825f1a011e0010c40bbab1c8d9956a4f319d2e1572af3480139aa9,1425b15f73bd4095f0df53709d7c389c3eb9e790,2a66ca6336eadb3c0b34b557763f3e06d01ff8fcf6260dd4cedbd69d6093fc28,169e94ea57847edd34436c30fc0fe59fb531af9e2a75dd8ef22d0f17f82610d5
hostv2_A_concrete_ice_0p20_v3_r0,hostv2_pair_262,hostv2_source_262,A_concrete_ice,A,concrete,ice,0.2,3,0.67,0.06,0.003,0.9,1.02,1.06,0.94,0.075,0,2026082362,1.2,1ad20ca50911d3b2a9bd480761fc9f1ed6da699211ee61c6063254f42336ae84,True,True,1000,0.0005,1200,1.1015494072452725e-16,"[1200, 20]",True,802,31,0.802999999999967,0.03200000000000002,,,,,,concrete,"{""after_friction_scale"": 1.02, ""after_solref_scale"": 0.94, ""before_friction_scale"": 0.9, ""before_solref_scale"": 1.06}",9eedc3910bcbbda3060515347bd3250950baa98f8a742d3095cc2fa590f1bded,7024a852b35654ba53ad877db993628e0941cec976bbfc7973063d1d051637bd,1425b15f73bd4095f0df53709d7c389c3eb9e790,2a66ca6336eadb3c0b34b557763f3e06d01ff8fcf6260dd4cedbd69d6093fc28,0032ebf2a7455b3b9c0b90811cc39ad9afeef4969f707c3d612da897e2fd6789
hostv2_A_concrete_ice_0p20_v3_r1,hostv2_pair_263,hostv2_source_263,A_concrete_ice,A,concrete,ice,0.2,3,0.67,0.06,0.003,0.9,1.02,1.06,0.94,0.075,1,2026082363,1.2,ccc40985a7c5ef6f729c06b33b549604373c953eb1d7af50a0d81778430753ad,True,True,1000,0.0005,1200,1.1015494072452725e-16,"[1200, 20]",True,802,31,0.802999999999967,0.03200000000000002,,,,,,concrete,"{""after_friction_scale"": 1.02, ""after_solref_scale"": 0.94, ""before_friction_scale"": 0.9, ""before_solref_scale"": 1.06}",7fa1fd9e2eada54ae0eb6810145d18644b59973136adc3c0fe43949ad0b91b92,47b16b69cc917c25662f5fd67c2ad48a0e373a8f3fd5aaa02d6e180162935981,1425b15f73bd4095f0df53709d7c389c3eb9e790,2a66ca6336eadb3c0b34b557763f3e06d01ff8fcf6260dd4cedbd69d6093fc28,5ba4b1e33a4dc587b24c454d262f643966d075102c6a3df8da1fd394ca041cbd
hostv2_N_marble_concrete_0p10_v3_r0,hostv2_pair_264,hostv2_source_264,N_marble_concrete,N,marble,concrete,0.1,3,0.67,0.06,0.003,0.9,1.02,1.06,0.94,0.075,0,2026082364,1.2,35546c1bb118d100728008f84aa92f40428cc443010e7728762209044c1e9daf,True,True,1000,0.0005,1200,1.1015494072452725e-16,"[1200, 20]",True,797,31,0.7979999999999675,0.03200000000000002,,,,,,marble,"{""after_friction_scale"": 1.02, ""after_solref_scale"": 0.94, ""before_friction_scale"": 0.9, ""before_solref_scale"": 1.06}",bae7d803834ece5c7b2a331e1dbf6501681ef7411abd09259062321c2d329e06,299f292a6cd24f7173d7b16267faaa875eff07d11b08777532d233fc653a9f77,1425b15f73bd4095f0df53709d7c389c3eb9e790,2a66ca6336eadb3c0b34b557763f3e06d01ff8fcf6260dd4cedbd69d6093fc28,ac050ad89c064978d078633e2fa8efe6dbf940e5f3ac3b95d31ac6e31f1e0958
hostv2_N_marble_concrete_0p10_v3_r1,hostv2_pair_265,hostv2_source_265,N_marble_concrete,N,marble,concrete,0.1,3,0.67,0.06,0.003,0.9,1.02,1.06,0.94,0.075,1,2026082365,1.2,76a0125f72cc93a7bc67f2db1b75afca56c2aba4b4742c436b30fb6b510776a2,True,True,1000,0.0005,1200,1.1015494072452725e-16,"[1200, 20]",True,797,31,0.7979999999999675,0.03200000000000002,,,,,,marble,"{""after_friction_scale"": 1.02, ""after_solref_scale"": 0.94, ""before_friction_scale"": 0.9, ""before_solref_scale"": 1.06}",b5fc3adf688d8f32f697c903e05f3cde4c732231bf9dd0c25fb48d214f57c400,fe5a55e86b131e159fad54dad282e0c89b46049df09d0c936cf7cbf73634d02b,1425b15f73bd4095f0df53709d7c389c3eb9e790,2a66ca6336eadb3c0b34b557763f3e06d01ff8fcf6260dd4cedbd69d6093fc28,af26becb9b406ba31f9ebceda808123ea807a0a816dacf52cd421bdf329db522
hostv2_N_marble_concrete_0p15_v3_r0,hostv2_pair_266,hostv2_source_266,N_marble_concrete,N,marble,concrete,0.15,3,0.67,0.06,0.003,0.9,1.02,1.06,0.94,0.075,0,2026082366,1.2,f35862bc0a1e26bbafa9e9ef0465ca1ea18a49dfa3468c288acf8a0d90b6d690,True,True,1000,0.0005,1200,1.1015494072452725e-16,"[1200, 20]",True,800,31,0.8009999999999672,0.03200000000000002,,,,,,marble,"{""after_friction_scale"": 1.02, ""after_solref_scale"": 0.94, ""before_friction_scale"": 0.9, ""before_solref_scale"": 1.06}",5255182254366aa087fbc60698d14a1d765824847a0291e7186112c69cc9ee5c,0153a4b8f4462348b385d76bf74e0ba7178b930110e1450a5d26fffbf73d5883,1425b15f73bd4095f0df53709d7c389c3eb9e790,2a66ca6336eadb3c0b34b557763f3e06d01ff8fcf6260dd4cedbd69d6093fc28,322b8db570d2d632b45f3db79ac1570c0044bcc0d0334ac17f96f93025c3ce1d
hostv2_N_marble_concrete_0p15_v3_r1,hostv2_pair_267,hostv2_source_267,N_marble_concrete,N,marble,concrete,0.15,3,0.67,0.06,0.003,0.9,1.02,1.06,0.94,0.075,1,2026082367,1.2,0517970a3a76ec5ed1ad9717c39e8e0288f50b95e9c00e0c7b49cdf9e86893cf,True,True,1000,0.0005,1200,1.1015494072452725e-16,"[1200, 20]",True,800,31,0.8009999999999672,0.03200000000000002,,,,,,marble,"{""after_friction_scale"": 1.02, ""after_solref_scale"": 0.94, ""before_friction_scale"": 0.9, ""before_solref_scale"": 1.06}",f012c2508fc5442953039e99ccabd22a03ab06436cffef08d9ca45a27324d1f2,4fb3cf91a2d702a02a9ae25043049b8223beecf566f3026d793a518e9bf1aa13,1425b15f73bd4095f0df53709d7c389c3eb9e790,2a66ca6336eadb3c0b34b557763f3e06d01ff8fcf6260dd4cedbd69d6093fc28,a85dc5d118604ed36059dab4210be4c9ef8c0d5cfe9918c964b5045ab575fd7c
hostv2_N_marble_concrete_0p20_v3_r0,hostv2_pair_268,hostv2_source_268,N_marble_concrete,N,marble,concrete,0.2,3,0.67,0.06,0.003,0.9,1.02,1.06,0.94,0.075,0,2026082368,1.2,3968d40802a92e1a426fcae576cfc9dc5fd1e1048e77db109019fb2d05c33d06,True,True,1000,0.0005,1200,1.1015494072452725e-16,"[1200, 20]",True,804,31,0.8049999999999667,0.03200000000000002,,,,,,marble,"{""after_friction_scale"": 1.02, ""after_solref_scale"": 0.94, ""before_friction_scale"": 0.9, ""before_solref_scale"": 1.06}",183c5f6926671d7f8e5ffb41e0de92e0d54f05270e7741f75a0e0e607f4550f3,627e52d8b4426c9bb69ffa24a6cde82da373a63ac16bd34155ea35df86e8b4a5,1425b15f73bd4095f0df53709d7c389c3eb9e790,2a66ca6336eadb3c0b34b557763f3e06d01ff8fcf6260dd4cedbd69d6093fc28,0ed65b361a4026d7860937ab976c134618f2d54670b8e5914f79c6c215153d69
hostv2_N_marble_concrete_0p20_v3_r1,hostv2_pair_269,hostv2_source_269,N_marble_concrete,N,marble,concrete,0.2,3,0.67,0.06,0.003,0.9,1.02,1.06,0.94,0.075,1,2026082369,1.2,31f8d40cafee4ba3fcbd95e94b691672057286ef89618589016e683d5b1776bd,True,True,1000,0.0005,1200,1.1015494072452725e-16,"[1200, 20]",True,804,31,0.8049999999999667,0.03200000000000002,,,,,,marble,"{""after_friction_scale"": 1.02, ""after_solref_scale"": 0.94, ""before_friction_scale"": 0.9, ""before_solref_scale"": 1.06}",fd1ea54b6e81449f6e773bdd50f793af38661e67b530815464dcd9bfd722ca4a,99eb437e6972bfd73e861b962c9d18b2ed3a963257473bc3b460bdfc437a9135,1425b15f73bd4095f0df53709d7c389c3eb9e790,2a66ca6336eadb3c0b34b557763f3e06d01ff8fcf6260dd4cedbd69d6093fc28,5aa242d79a5f27f66004e886f9866395d19fe0cce1bdf431ef575bdb77e31ed5
hostv2_N_concrete_marble_0p10_v3_r0,hostv2_pair_270,hostv2_source_270,N_concrete_marble,N,concrete,marble,0.1,3,0.67,0.06,0.003,0.9,1.02,1.06,0.94,0.075,0,2026082370,1.2,86fb0fbec8c54573e06261cf6baf4fe63ef6a76ca62c1b03f34525cc2b279040,True,True,1000,0.0005,1200,1.1015494072452725e-16,"[1200, 20]",True,799,31,0.7999999999999673,0.03200000000000002,,,,,,concrete,"{""after_friction_scale"": 1.02, ""after_solref_scale"": 0.94, ""before_friction_scale"": 0.9, ""before_solref_scale"": 1.06}",c8653577c3a81d803623208c87d90215bd31054ca83725395b272016217bceaa,64c8c4ca8b47e27aa6c06bc9aa71242aca3e0fed95941290821af436273a6c03,1425b15f73bd4095f0df53709d7c389c3eb9e790,2a66ca6336eadb3c0b34b557763f3e06d01ff8fcf6260dd4cedbd69d6093fc28,d6e4df677d64da05207b85ef10583785a6f09c1722bd719be1ba75a081959e64
hostv2_N_concrete_marble_0p10_v3_r1,hostv2_pair_271,hostv2_source_271,N_concrete_marble,N,concrete,marble,0.1,3,0.67,0.06,0.003,0.9,1.02,1.06,0.94,0.075,1,2026082371,1.2,b1cc0df078d052457aed04c1000436355c6dc72327a46c82fca61bb3e98d0526,True,True,1000,0.0005,1200,1.1015494072452725e-16,"[1200, 20]",True,799,31,0.7999999999999673,0.03200000000000002,,,,,,concrete,"{""after_friction_scale"": 1.02, ""after_solref_scale"": 0.94, ""before_friction_scale"": 0.9, ""before_solref_scale"": 1.06}",4ad74e2fddbca0ea0ce2b83028b6557654cc31e15c09b282df4ea1e8fe144d6a,8db6795fb6def8914e093fd31f68e58242f775ccd0940f22a43f5c682d3a346e,1425b15f73bd4095f0df53709d7c389c3eb9e790,2a66ca6336eadb3c0b34b557763f3e06d01ff8fcf6260dd4cedbd69d6093fc28,1f800d0b436bfb6e64e985dccef2e3d069652e56ccc2108dfbdc7399a33eecfc
hostv2_N_concrete_marble_0p15_v3_r0,hostv2_pair_272,hostv2_source_272,N_concrete_marble,N,concrete,marble,0.15,3,0.67,0.06,0.003,0.9,1.02,1.06,0.94,0.075,0,2026082372,1.2,f4c4ff296519e7c6bfd259fe76213265e2aa4f10ae8d4df70493cb7857b08c65,True,True,1000,0.0005,1200,1.1015494072452725e-16,"[1200, 20]",True,802,31,0.802999999999967,0.03200000000000002,,,,,,concrete,"{""after_friction_scale"": 1.02, ""after_solref_scale"": 0.94, ""before_friction_scale"": 0.9, ""before_solref_scale"": 1.06}",a20dd2188017bdf0406220a6107f6de021cd378fcceb5be5895f58cc8a96f702,7b4179c38c846a745ac3f282d21c8b12c1513e7fd11f7ca4f1c6dafda6a27b6d,1425b15f73bd4095f0df53709d7c389c3eb9e790,2a66ca6336eadb3c0b34b557763f3e06d01ff8fcf6260dd4cedbd69d6093fc28,c29bfc963e55a0f4b37e71719a4da2c90dfcc56115accbc03a379d61d699eeeb
hostv2_N_concrete_marble_0p15_v3_r1,hostv2_pair_273,hostv2_source_273,N_concrete_marble,N,concrete,marble,0.15,3,0.67,0.06,0.003,0.9,1.02,1.06,0.94,0.075,1,2026082373,1.2,ae52fcf81c7f8aadada3047c0b924dfe270c8b84447cc26022d830f643d0905e,True,True,1000,0.0005,1200,1.1015494072452725e-16,"[1200, 20]",True,802,31,0.802999999999967,0.03200000000000002,,,,,,concrete,"{""after_friction_scale"": 1.02, ""after_solref_scale"": 0.94, ""before_friction_scale"": 0.9, ""before_solref_scale"": 1.06}",f190e7913f19aaea53af82a136726e5a0823bca2c32b4ec64bc675ee55bd0ff4,8e6ff3db9140847cf0feff4ba1081e33048ce6c56000aee10acc95779b12bb35,1425b15f73bd4095f0df53709d7c389c3eb9e790,2a66ca6336eadb3c0b34b557763f3e06d01ff8fcf6260dd4cedbd69d6093fc28,6f43bb1f0790ad16c760d6b691633f3020c7e374f0a8a73b098d1671a16e2185
hostv2_N_concrete_marble_0p20_v3_r0,hostv2_pair_274,hostv2_source_274,N_concrete_marble,N,concrete,marble,0.2,3,0.67,0.06,0.003,0.9,1.02,1.06,0.94,0.075,0,2026082374,1.2,22c5145255c4dddbf553be0d99a8a295f3c29d16f7265bc5031b86732c103dbc,True,True,1000,0.0005,1200,1.1015494072452725e-16,"[1200, 20]",True,807,31,0.8079999999999664,0.03200000000000002,,,,,,concrete,"{""after_friction_scale"": 1.02, ""after_solref_scale"": 0.94, ""before_friction_scale"": 0.9, ""before_solref_scale"": 1.06}",6a46dc34738055e358216542bfcf05390d8affa3405ff640a6f24d1fd32edbc6,2621b8356a1c26dab633d7256726d16db5b0695cfb51522911da05dd1b8569aa,1425b15f73bd4095f0df53709d7c389c3eb9e790,2a66ca6336eadb3c0b34b557763f3e06d01ff8fcf6260dd4cedbd69d6093fc28,a4b6c5f82abaac62634a35c18974c22b52da6e130b757794adba8e9f00bfbf75
hostv2_N_concrete_marble_0p20_v3_r1,hostv2_pair_275,hostv2_source_275,N_concrete_marble,N,concrete,marble,0.2,3,0.67,0.06,0.003,0.9,1.02,1.06,0.94,0.075,1,2026082375,1.2,93aa9c62f583368dafea4c1d96a965358b9f0c8bffa8fa0cb3a46c7b3e7da149,True,True,1000,0.0005,1200,1.1015494072452725e-16,"[1200, 20]",True,807,31,0.8079999999999664,0.03200000000000002,,,,,,concrete,"{""after_friction_scale"": 1.02, ""after_solref_scale"": 0.94, ""before_friction_scale"": 0.9, ""before_solref_scale"": 1.06}",d2526f52580548fc056205094f95fca45d6f0bed8037354898d065626d9cae47,3762a0c957625d8f66647cf8089e5a194a132f098a9826aed6078d20b7472753,1425b15f73bd4095f0df53709d7c389c3eb9e790,2a66ca6336eadb3c0b34b557763f3e06d01ff8fcf6260dd4cedbd69d6093fc28,99cf47cb3ca6df0bd2d3fef16587728e530b110219d145aa08bf78c554c10121
hostv2_B_marble_sand_0p10_v3_r0,hostv2_pair_276,hostv2_source_276,B_marble_sand,B,marble,sand,0.1,3,0.67,0.06,0.003,0.9,1.02,1.06,0.94,0.075,0,2026082376,1.2,f7a3885f7eb730695df803f6c5554643e2d4c96ca1588a24583a945aad99b2f7,True,True,1000,0.0005,1200,1.1015494072452725e-16,"[1200, 20]",True,260,31,0.2610000000000002,0.03200000000000002,,,,,,marble,"{""after_friction_scale"": 1.02, ""after_solref_scale"": 0.94, ""before_friction_scale"": 0.9, ""before_solref_scale"": 1.06}",0abb157a3c5907f32579b0c238912d9ecae6553a580455528e4d3e238f24ec64,383a5c2ae173cccffa05d98402117c3f2a87fd80d7e1714eb0a3dde75e61efad,1425b15f73bd4095f0df53709d7c389c3eb9e790,2a66ca6336eadb3c0b34b557763f3e06d01ff8fcf6260dd4cedbd69d6093fc28,550e337de0f696c154453c6225428e28fd48dc95729a509d49adec256abfecf5
hostv2_B_marble_sand_0p10_v3_r1,hostv2_pair_277,hostv2_source_277,B_marble_sand,B,marble,sand,0.1,3,0.67,0.06,0.003,0.9,1.02,1.06,0.94,0.075,1,2026082377,1.2,0798657def1e27e5b29b90699ba8b0d0e39c35628208b8b0d9c68f82f73c401a,True,True,1000,0.0005,1200,1.1015494072452725e-16,"[1200, 20]",True,260,31,0.2610000000000002,0.03200000000000002,,,,,,marble,"{""after_friction_scale"": 1.02, ""after_solref_scale"": 0.94, ""before_friction_scale"": 0.9, ""before_solref_scale"": 1.06}",d30918a4b3f33eacd14e05622c433ca7e992d2acab1b3958c45d7d903b18cb07,158687cc42491a49b5e165c37e93dfc6a6a30eed5242f2897546a2fbd9615c9c,1425b15f73bd4095f0df53709d7c389c3eb9e790,2a66ca6336eadb3c0b34b557763f3e06d01ff8fcf6260dd4cedbd69d6093fc28,a60c6e97b9f1f715545791dbbb9a54c136e963ee109df5c62ef0a4bdafd0c9c0
hostv2_B_marble_sand_0p15_v3_r0,hostv2_pair_278,hostv2_source_278,B_marble_sand,B,marble,sand,0.15,3,0.67,0.06,0.003,0.9,1.02,1.06,0.94,0.075,0,2026082378,1.2,4b96670a4362207d3cbaae250419e8d2e469f667d5788dd539be084ac8875b75,True,True,1000,0.0005,1200,1.1015494072452725e-16,"[1200, 20]",True,159,31,0.16000000000000011,0.03200000000000002,,,,,,marble,"{""after_friction_scale"": 1.02, ""after_solref_scale"": 0.94, ""before_friction_scale"": 0.9, ""before_solref_scale"": 1.06}",f170945576e9b891a05563b31b858a98abfda5425530306a4af2fde4d8dc4515,84a2ed1edd3cd1e9346540e5b7c530062c4e4e9c13b4e81309e395619af6115a,1425b15f73bd4095f0df53709d7c389c3eb9e790,2a66ca6336eadb3c0b34b557763f3e06d01ff8fcf6260dd4cedbd69d6093fc28,a97d11d947fbb22899825d44cde620df6e13104c0e2796ccf58e663c34554057
hostv2_B_marble_sand_0p15_v3_r1,hostv2_pair_279,hostv2_source_279,B_marble_sand,B,marble,sand,0.15,3,0.67,0.06,0.003,0.9,1.02,1.06,0.94,0.075,1,2026082379,1.2,a9f868945b623ab25315d43d8ae3e7a396bdce32bd5a0e538917c68fc12e4dce,True,True,1000,0.0005,1200,1.1015494072452725e-16,"[1200, 20]",True,159,31,0.16000000000000011,0.03200000000000002,,,,,,marble,"{""after_friction_scale"": 1.02, ""after_solref_scale"": 0.94, ""before_friction_scale"": 0.9, ""before_solref_scale"": 1.06}",142c93a075da300a401079d42ccd1d409fff21ddd60ad7732e689c4238958d61,ebfd6a9c7104d2df28ab1b29a37210eb2f9a98664d7d90309497740e3e37bf7d,1425b15f73bd4095f0df53709d7c389c3eb9e790,2a66ca6336eadb3c0b34b557763f3e06d01ff8fcf6260dd4cedbd69d6093fc28,a2d2b725bf5bc206256928934e49f12d6a1cdb91fba435f60d5de4f81dacdc3e
hostv2_B_marble_sand_0p20_v3_r0,hostv2_pair_280,hostv2_source_280,B_marble_sand,B,marble,sand,0.2,3,0.67,0.06,0.003,0.9,1.02,1.06,0.94,0.075,0,2026082380,1.2,e2a03163bf618ed2d9e823c79e170cfb443a586e168f7fe1c929a5b24bca9313,True,True,1000,0.0005,1200,1.1015494072452725e-16,"[1200, 20]",True,320,31,0.32100000000000023,0.03200000000000002,,,,,,marble,"{""after_friction_scale"": 1.02, ""after_solref_scale"": 0.94, ""before_friction_scale"": 0.9, ""before_solref_scale"": 1.06}",0064d5a31b1894fcadea751072b5d50ee3291757b15cc62553b80e647ff5d67a,8c6b59a9c318fe659f062b9302824b49185b2c2b0a98b79149dc633e663b2763,1425b15f73bd4095f0df53709d7c389c3eb9e790,2a66ca6336eadb3c0b34b557763f3e06d01ff8fcf6260dd4cedbd69d6093fc28,38bee3db5bf54a8cf1863412b137f22699ace080a0df671a0ebe4a621227ae27
hostv2_B_marble_sand_0p20_v3_r1,hostv2_pair_281,hostv2_source_281,B_marble_sand,B,marble,sand,0.2,3,0.67,0.06,0.003,0.9,1.02,1.06,0.94,0.075,1,2026082381,1.2,14f83177f955cc8a9479c04382e235fab2f3455b0908b0a47ab76634add4a217,True,True,1000,0.0005,1200,1.1015494072452725e-16,"[1200, 20]",True,153,31,0.1540000000000001,0.03200000000000002,,,,,,marble,"{""after_friction_scale"": 1.02, ""after_solref_scale"": 0.94, ""before_friction_scale"": 0.9, ""before_solref_scale"": 1.06}",306180ac1f3797cd65c26b8c84971c745d98c558c8957c59049627b3d9d8894d,295e74681c23be8b465f009facfaee0489c2f8cdf85c5457ee14e70edc3187aa,1425b15f73bd4095f0df53709d7c389c3eb9e790,2a66ca6336eadb3c0b34b557763f3e06d01ff8fcf6260dd4cedbd69d6093fc28,e64c6653a079d672f2c35dc5f7613ccdf4a4bb3689bd083b023b5d6bd135bd6d
hostv2_B_concrete_sand_0p10_v3_r0,hostv2_pair_282,hostv2_source_282,B_concrete_sand,B,concrete,sand,0.1,3,0.67,0.06,0.003,0.9,1.02,1.06,0.94,0.075,0,2026082382,1.2,6ac8a2aef2852b5e6b0aff83eaf09472bc167ed5213f37bd154368f238d45fe6,True,True,1000,0.0005,1200,1.1015494072452725e-16,"[1200, 20]",True,260,31,0.2610000000000002,0.03200000000000002,,,,,,concrete,"{""after_friction_scale"": 1.02, ""after_solref_scale"": 0.94, ""before_friction_scale"": 0.9, ""before_solref_scale"": 1.06}",d86e661718efc8a2643ff1b87ab8f7210558130699b474e0f38f12f4a7083321,3c9ef014e55cf1890c0efd06f08c80f2c64becaf555cd28f03a31a8b682d7f81,1425b15f73bd4095f0df53709d7c389c3eb9e790,2a66ca6336eadb3c0b34b557763f3e06d01ff8fcf6260dd4cedbd69d6093fc28,b0972d45b9b1728d9939dbee5d14f2db16cb495f1c53d5854cb71178d5779dc3
hostv2_B_concrete_sand_0p10_v3_r1,hostv2_pair_283,hostv2_source_283,B_concrete_sand,B,concrete,sand,0.1,3,0.67,0.06,0.003,0.9,1.02,1.06,0.94,0.075,1,2026082383,1.2,7e8141f9b5ec958350d6291ae3e3eeab674831fd0315cd71736da77adadef9e1,True,True,1000,0.0005,1200,1.1015494072452725e-16,"[1200, 20]",True,260,31,0.2610000000000002,0.03200000000000002,,,,,,concrete,"{""after_friction_scale"": 1.02, ""after_solref_scale"": 0.94, ""before_friction_scale"": 0.9, ""before_solref_scale"": 1.06}",53ee7e4dd583776ccf06ca018635f70299070c522ae0e820026672c60c5a74b5,13917439a6d28457339d8411db6f1d62b0c4a8328053578bbd18be76103824c8,1425b15f73bd4095f0df53709d7c389c3eb9e790,2a66ca6336eadb3c0b34b557763f3e06d01ff8fcf6260dd4cedbd69d6093fc28,764d42eee296805cb1d18afc4ec4a6f218715870bd0e6d313cf2d7fa0ed551e8
hostv2_B_concrete_sand_0p15_v3_r0,hostv2_pair_284,hostv2_source_284,B_concrete_sand,B,concrete,sand,0.15,3,0.67,0.06,0.003,0.9,1.02,1.06,0.94,0.075,0,2026082384,1.2,9f6703f925597f80480c4e32273ff21baa1fa9ed340b0b33a9093c9f2119f1dc,True,True,1000,0.0005,1200,1.1015494072452725e-16,"[1200, 20]",True,280,31,0.2810000000000002,0.03200000000000002,,,,,,concrete,"{""after_friction_scale"": 1.02, ""after_solref_scale"": 0.94, ""before_friction_scale"": 0.9, ""before_solref_scale"": 1.06}",97cca6d1cc9294e2d3919c17a7cdf91a1ab8823d638d7e30753b11a038c03d9e,32603e19b7466bc325b7f7354048c810de1fc3538623b762ecb998b20020b154,1425b15f73bd4095f0df53709d7c389c3eb9e790,2a66ca6336eadb3c0b34b557763f3e06d01ff8fcf6260dd4cedbd69d6093fc28,9024f9071bb66eba5788aa4c3f12ebf9394a532766038a37f81fd4faf53dc06b
hostv2_B_concrete_sand_0p15_v3_r1,hostv2_pair_285,hostv2_source_285,B_concrete_sand,B,concrete,sand,0.15,3,0.67,0.06,0.003,0.9,1.02,1.06,0.94,0.075,1,2026082385,1.2,978c56d99264806640ba173b7b9d5e013eb7bccfb968043c0561ec20d19ffc66,True,True,1000,0.0005,1200,1.1015494072452725e-16,"[1200, 20]",True,280,31,0.2810000000000002,0.03200000000000002,,,,,,concrete,"{""after_friction_scale"": 1.02, ""after_solref_scale"": 0.94, ""before_friction_scale"": 0.9, ""before_solref_scale"": 1.06}",4672384bcc8a9bec823e608822e8ba6715aebef71148c58e9f6d66468c2c8836,7782392289f4a9c52ed083175cda3c3aec18408b99541f824ed4c1cb5404adca,1425b15f73bd4095f0df53709d7c389c3eb9e790,2a66ca6336eadb3c0b34b557763f3e06d01ff8fcf6260dd4cedbd69d6093fc28,a0ca48396605395f89e5cd11cb513fe8a286e839c03783f8aa0177e9223b7747
hostv2_B_concrete_sand_0p20_v3_r0,hostv2_pair_286,hostv2_source_286,B_concrete_sand,B,concrete,sand,0.2,3,0.67,0.06,0.003,0.9,1.02,1.06,0.94,0.075,0,2026082386,1.2,ef11d1458f1f64c7dfccc5660d93f66e377c0210a9ab939199c48d839a7eb1a3,True,True,1000,0.0005,1200,1.1015494072452725e-16,"[1200, 20]",True,300,31,0.3010000000000002,0.03200000000000002,,,,,,concrete,"{""after_friction_scale"": 1.02, ""after_solref_scale"": 0.94, ""before_friction_scale"": 0.9, ""before_solref_scale"": 1.06}",a3412a5253fd1d8b6cfe6194498eeb897d11bee75f17a548223745c2c0e62b58,ab46c30eea320acd3f90a92444030e316afdc91b2923ccbf77189a82a684f686,1425b15f73bd4095f0df53709d7c389c3eb9e790,2a66ca6336eadb3c0b34b557763f3e06d01ff8fcf6260dd4cedbd69d6093fc28,f66299ae908e5293e9f10d4f9d772390e860f60543b9e8438c2da06cf30e5e56
hostv2_B_concrete_sand_0p20_v3_r1,hostv2_pair_287,hostv2_source_287,B_concrete_sand,B,concrete,sand,0.2,3,0.67,0.06,0.003,0.9,1.02,1.06,0.94,0.075,1,2026082387,1.2,eca8e8738539229fc8add9bc168d5798ffaf46a6379b3d0fd8b6727bb291ebbf,True,True,1000,0.0005,1200,1.1015494072452725e-16,"[1200, 20]",True,313,31,0.3140000000000002,0.03200000000000002,,,,,,concrete,"{""after_friction_scale"": 1.02, ""after_solref_scale"": 0.94, ""before_friction_scale"": 0.9, ""before_solref_scale"": 1.06}",3710bf8f3bde4e3b9639e3d6049a524b4e7a8b06f2584601f16478a242abf7f0,84b6112121645b77f5b9f6f8d22e2d4c651ee2e74ee8731631b0f36acc512a6c,1425b15f73bd4095f0df53709d7c389c3eb9e790,2a66ca6336eadb3c0b34b557763f3e06d01ff8fcf6260dd4cedbd69d6093fc28,c348c4af509a60bd99900b21b0feba2acf3a0c118430f7933024231a9ecc31bf
hostv2_C_ice_marble_0p10_v3_r0,hostv2_pair_288,hostv2_source_288,C_ice_marble,C,ice,marble,0.1,3,0.67,0.06,0.003,0.9,1.02,1.06,0.94,0.075,0,2026082388,1.2,f3fbd29bfedd977df2314643db85483bbc59d803c03b468cef3fe1e7ca0e95bf,True,True,1000,0.0005,1200,1.1015494072452725e-16,"[1200, 20]",True,169,31,0.17000000000000012,0.03200000000000002,243,663,,,,marble,"{""after_friction_scale"": 1.02, ""after_solref_scale"": 0.94, ""before_friction_scale"": 0.9, ""before_solref_scale"": 1.06}",f58efee7ebe82f06414fb33b82b1b94092e717bbdde35fda003226f7443d1daa,e71c3c5e152791d7f7c674e41305ee05103219ac8073703567381e1b0d850c20,1425b15f73bd4095f0df53709d7c389c3eb9e790,2a66ca6336eadb3c0b34b557763f3e06d01ff8fcf6260dd4cedbd69d6093fc28,da247b3fb6b1bbfcbeeefd17c65a0766c04d5302c6263a8504e86ff6aa389943
hostv2_C_ice_marble_0p10_v3_r1,hostv2_pair_289,hostv2_source_289,C_ice_marble,C,ice,marble,0.1,3,0.67,0.06,0.003,0.9,1.02,1.06,0.94,0.075,1,2026082389,1.2,72f9d00fbfc9560df9664df3a9e6796904eb6031c5d189476b31f5a2d267000b,True,True,1000,0.0005,1200,1.1015494072452725e-16,"[1200, 20]",True,150,31,0.1510000000000001,0.03200000000000002,244,,,,,marble,"{""after_friction_scale"": 1.02, ""after_solref_scale"": 0.94, ""before_friction_scale"": 0.9, ""before_solref_scale"": 1.06}",899c86dfe3c2f78f9bff0c25d45b03d335bf4b290e3daaceac668a549a2dc439,35154521bf49361f48b4ea80c0e1c92d67db034da1be80b27decd1efa9903f50,1425b15f73bd4095f0df53709d7c389c3eb9e790,2a66ca6336eadb3c0b34b557763f3e06d01ff8fcf6260dd4cedbd69d6093fc28,39498ffcdc0b128e2f94fba76cccf0883e5aaee4f58715a1d317b4cdb26bf3e7
hostv2_C_ice_marble_0p15_v3_r0,hostv2_pair_290,hostv2_source_290,C_ice_marble,C,ice,marble,0.15,3,0.67,0.06,0.003,0.9,1.02,1.06,0.94,0.075,0,2026082390,1.2,f5e266a2ab18a146bb6c1df74e28632ed63e2509ccc3f8f9171cffcabaa30b74,True,True,1000,0.0005,1200,1.1015494072452725e-16,"[1200, 20]",True,181,31,0.18200000000000013,0.03200000000000002,233,675,,,,marble,"{""after_friction_scale"": 1.02, ""after_solref_scale"": 0.94, ""before_friction_scale"": 0.9, ""before_solref_scale"": 1.06}",055cf76e51b9bcd3331f4495a06cae641111333b641fb8e6015006aeb4aba172,573e5b7caf6cf3fe68360b094a04410d5a51a0bd4f0111aae0cbd26f4dbaf434,1425b15f73bd4095f0df53709d7c389c3eb9e790,2a66ca6336eadb3c0b34b557763f3e06d01ff8fcf6260dd4cedbd69d6093fc28,56ba81766337ad7c599d19985d3f5733a84472445e288c8836951461a16f924f
hostv2_C_ice_marble_0p15_v3_r1,hostv2_pair_291,hostv2_source_291,C_ice_marble,C,ice,marble,0.15,3,0.67,0.06,0.003,0.9,1.02,1.06,0.94,0.075,1,2026082391,1.2,9fdcad63db6584824d4a5ff3e66b899d74f5dab04113200fa1445776f7170806,True,True,1000,0.0005,1200,1.1015494072452725e-16,"[1200, 20]",True,152,31,0.1530000000000001,0.03200000000000002,231,681,,,,marble,"{""after_friction_scale"": 1.02, ""after_solref_scale"": 0.94, ""before_friction_scale"": 0.9, ""before_solref_scale"": 1.06}",c6b524f89296b07ba86cfc59aeaaf162ab83235ffd82f43a0bd707c4b088cbf4,08b8033cd48bdc6c1206823a6395e37132765d5ddc63a81c37e9b8a5af6766cf,1425b15f73bd4095f0df53709d7c389c3eb9e790,2a66ca6336eadb3c0b34b557763f3e06d01ff8fcf6260dd4cedbd69d6093fc28,57d77a6861755716512896ee852fec6a02809c3d0b2f9457a92870c2004b549c
hostv2_C_ice_marble_0p20_v3_r0,hostv2_pair_292,hostv2_source_292,C_ice_marble,C,ice,marble,0.2,3,0.67,0.06,0.003,0.9,1.02,1.06,0.94,0.075,0,2026082392,1.2,6337a1ab2bc061ac7b134e46be2d149fedafcf1e01a8d2b6c0870f05176b691b,True,True,1000,0.0005,1200,1.1015494072452725e-16,"[1200, 20]",True,158,31,0.1590000000000001,0.03200000000000002,268,719,,,,marble,"{""after_friction_scale"": 1.02, ""after_solref_scale"": 0.94, ""before_friction_scale"": 0.9, ""before_solref_scale"": 1.06}",a321b0260ac8ab0c9b14dfd3bf1e03ff37185bd36c2f1c9315bf299855389a6d,5b62e2c860ef4e4a56a03b6c7460cae0eb50614a41879a35ee915319906bfc75,1425b15f73bd4095f0df53709d7c389c3eb9e790,2a66ca6336eadb3c0b34b557763f3e06d01ff8fcf6260dd4cedbd69d6093fc28,772d83511f1f7f88a1b1f57646234aca05f0fb9fd4c5d1228f971c6e4dc790a7
hostv2_C_ice_marble_0p20_v3_r1,hostv2_pair_293,hostv2_source_293,C_ice_marble,C,ice,marble,0.2,3,0.67,0.06,0.003,0.9,1.02,1.06,0.94,0.075,1,2026082393,1.2,887c67a447e86def7dc1e24813998bcab5404c67f75f97faa622c066475ce4a8,True,True,1000,0.0005,1200,1.1015494072452725e-16,"[1200, 20]",True,158,31,0.1590000000000001,0.03200000000000002,268,717,,,,marble,"{""after_friction_scale"": 1.02, ""after_solref_scale"": 0.94, ""before_friction_scale"": 0.9, ""before_solref_scale"": 1.06}",1d8b2b6c6c69bb5d2b370ff7ef7257c4b9fa995c37621dc1ae486329c1b8d8cc,769d47f6117dae57856b144dd986689b0da0a3e25688898c4fe7bde9923b1327,1425b15f73bd4095f0df53709d7c389c3eb9e790,2a66ca6336eadb3c0b34b557763f3e06d01ff8fcf6260dd4cedbd69d6093fc28,013aaf6701154d5bebb5b36ba8e03105cc6c825d92f1cdf786097ed6e7ce4ef6
hostv2_C_ice_concrete_0p10_v3_r0,hostv2_pair_294,hostv2_source_294,C_ice_concrete,C,ice,concrete,0.1,3,0.67,0.06,0.003,0.9,1.02,1.06,0.94,0.075,0,2026082394,1.2,bbcf960c121078bc88e12c499aaaca929213cbb481be3c61a93347f9c82484dc,True,True,1000,0.0005,1200,1.1015494072452725e-16,"[1200, 20]",True,166,31,0.16700000000000012,0.03200000000000002,,,,,,concrete,"{""after_friction_scale"": 1.02, ""after_solref_scale"": 0.94, ""before_friction_scale"": 0.9, ""before_solref_scale"": 1.06}",360e90e32c4d44b3f65fbaa75f5d24d6704d749ad6e5fb05e08b8dacd7ec6e3b,7d8e2fcbdc8e281771a515f4c4977a8e9cbfdf81ac59fad49c6a088fbf93692b,1425b15f73bd4095f0df53709d7c389c3eb9e790,2a66ca6336eadb3c0b34b557763f3e06d01ff8fcf6260dd4cedbd69d6093fc28,d8f9f915a2e50cd98b429fad47c5da26860a077bb3a66ed90ab2a3f2bbc94779
hostv2_C_ice_concrete_0p10_v3_r1,hostv2_pair_295,hostv2_source_295,C_ice_concrete,C,ice,concrete,0.1,3,0.67,0.06,0.003,0.9,1.02,1.06,0.94,0.075,1,2026082395,1.2,8790638c185ca7782c0c7c1f3cb7fa6807d75d70804c59af67fd938c36127744,True,True,1000,0.0005,1200,1.1015494072452725e-16,"[1200, 20]",True,166,31,0.16700000000000012,0.03200000000000002,,,,,,concrete,"{""after_friction_scale"": 1.02, ""after_solref_scale"": 0.94, ""before_friction_scale"": 0.9, ""before_solref_scale"": 1.06}",64b9e501ca7294f1633c6e6f22f1609f2c74caec85dffb1ff308dd92556e2cda,d290386346a8b9fee108ececa3b9f9bd61736fcc4fd7bca7d6821db5ab684497,1425b15f73bd4095f0df53709d7c389c3eb9e790,2a66ca6336eadb3c0b34b557763f3e06d01ff8fcf6260dd4cedbd69d6093fc28,d5c971ac03022598bc9497abff0dd539b38231279feecf29142b19c6b65ec8a7
hostv2_C_ice_concrete_0p15_v3_r0,hostv2_pair_296,hostv2_source_296,C_ice_concrete,C,ice,concrete,0.15,3,0.67,0.06,0.003,0.9,1.02,1.06,0.94,0.075,0,2026082396,1.2,44ddbee8f634b9692a1448fd6807336369658ec501b6d76830f28e3d210e5da1,True,True,1000,0.0005,1200,1.1015494072452725e-16,"[1200, 20]",True,163,31,0.16400000000000012,0.03200000000000002,413,1169,,,,concrete,"{""after_friction_scale"": 1.02, ""after_solref_scale"": 0.94, ""before_friction_scale"": 0.9, ""before_solref_scale"": 1.06}",dce66400fa04b29c4f7a8c249759c236926708133af64cb6e7dc6ace772cbcc8,16611a54629e3520a7b5dd6508ad315e3c536b27e7a15e5085b6002e4ee06003,1425b15f73bd4095f0df53709d7c389c3eb9e790,2a66ca6336eadb3c0b34b557763f3e06d01ff8fcf6260dd4cedbd69d6093fc28,6c69991d9bb137ce46de40321444d5133fa84d378ce78d83b8a5357697097601
hostv2_C_ice_concrete_0p15_v3_r1,hostv2_pair_297,hostv2_source_297,C_ice_concrete,C,ice,concrete,0.15,3,0.67,0.06,0.003,0.9,1.02,1.06,0.94,0.075,1,2026082397,1.2,26c5a2128bef38ad138ff4fb327cd5227c36d218f77d3cd1d1eac788b346252a,True,True,1000,0.0005,1200,1.1015494072452725e-16,"[1200, 20]",True,163,31,0.16400000000000012,0.03200000000000002,418,1166,,,,concrete,"{""after_friction_scale"": 1.02, ""after_solref_scale"": 0.94, ""before_friction_scale"": 0.9, ""before_solref_scale"": 1.06}",aa35836f9b0ab258dba61f6cfe8d4cc907bc7b27cd287f32a47242c2851d2265,daf2a1ec18cf00db8d29713003cbd5a8eea7e6cb1758a52c0f8b1658c123e78f,1425b15f73bd4095f0df53709d7c389c3eb9e790,2a66ca6336eadb3c0b34b557763f3e06d01ff8fcf6260dd4cedbd69d6093fc28,0947cfaad0810391a8230e072b12669e1cf613f0ed13f67de4f24b45dd87dadf
hostv2_C_ice_concrete_0p20_v3_r0,hostv2_pair_298,hostv2_source_298,C_ice_concrete,C,ice,concrete,0.2,3,0.67,0.06,0.003,0.9,1.02,1.06,0.94,0.075,0,2026082398,1.2,87a4b9a6258b8a6cc4792712706c92790a76e35e3340d8fdc53f6f0a0a77beef,True,True,1000,0.0005,1200,1.1015494072452725e-16,"[1200, 20]",True,157,31,0.1580000000000001,0.03200000000000002,275,,,,,concrete,"{""after_friction_scale"": 1.02, ""after_solref_scale"": 0.94, ""before_friction_scale"": 0.9, ""before_solref_scale"": 1.06}",b6ff28082e58039e552c6d571b163079ab7acf9a813fd80b6391f59684b5d795,0d57e43458a3d9f3c7841f7cb8e91431e7cc6b009fb3fcc1788971c7144011f0,1425b15f73bd4095f0df53709d7c389c3eb9e790,2a66ca6336eadb3c0b34b557763f3e06d01ff8fcf6260dd4cedbd69d6093fc28,9d95a7a41244ddda426e5a07edaa045091fb1fdd5167b9443fca4578a5ca0060
hostv2_C_ice_concrete_0p20_v3_r1,hostv2_pair_299,hostv2_source_299,C_ice_concrete,C,ice,concrete,0.2,3,0.67,0.06,0.003,0.9,1.02,1.06,0.94,0.075,1,2026082399,1.2,aaf42b1e901078c19da17f1b6c0bd2771883973c93a4f2e2f96cc6dd90ead089,True,True,1000,0.0005,1200,1.1015494072452725e-16,"[1200, 20]",True,157,31,0.1580000000000001,0.03200000000000002,275,1179,,,,concrete,"{""after_friction_scale"": 1.02, ""after_solref_scale"": 0.94, ""before_friction_scale"": 0.9, ""before_solref_scale"": 1.06}",164bba2e8a266be9dd8150ea1b863002323a3cb7069f67ddef7ebac21ec496be,16f220bb62e000f3d164241aa7212c9a394bbec228d451d95ad43ecc7155dbad,1425b15f73bd4095f0df53709d7c389c3eb9e790,2a66ca6336eadb3c0b34b557763f3e06d01ff8fcf6260dd4cedbd69d6093fc28,bdc3a2b82deab5479451a80bd80ac213c213c269008755c04780abf3e4d59cb2
hostv2_D_sand_marble_0p10_v3_r0,hostv2_pair_300,hostv2_source_300,D_sand_marble,D,sand,marble,0.1,3,0.67,0.06,0.003,0.9,1.02,1.06,0.94,0.075,0,2026082400,1.2,bdd77287852b7539a8d471ee110bbc480f5bd85da7fe322c25858595b7ab7824,True,True,1000,0.0005,1200,1.1015494072452725e-16,"[1200, 20]",True,69,31,0.07000000000000005,0.03200000000000002,,,,,,marble,"{""after_friction_scale"": 1.02, ""after_solref_scale"": 0.94, ""before_friction_scale"": 0.9, ""before_solref_scale"": 1.06}",31670b27790dfa00f8b3e3fbe6ce0b62bf60ff5490da8d0b94b3de47bc6642b9,10ffc511c2e216f7b0fc4d7a5b71916f3b9e79e393174642fe8f17178feb5136,1425b15f73bd4095f0df53709d7c389c3eb9e790,2a66ca6336eadb3c0b34b557763f3e06d01ff8fcf6260dd4cedbd69d6093fc28,4f6d303ee013502daab718e8872ef2c3aef9ec4ca4a5399b11f580b1e820a744
hostv2_D_sand_marble_0p10_v3_r1,hostv2_pair_301,hostv2_source_301,D_sand_marble,D,sand,marble,0.1,3,0.67,0.06,0.003,0.9,1.02,1.06,0.94,0.075,1,2026082401,1.2,a558bf6253251ea92bebaa86af9dc36074b5bf5f39bdd8278ff3cb7df494713a,True,True,1000,0.0005,1200,1.1015494072452725e-16,"[1200, 20]",True,69,31,0.07000000000000005,0.03200000000000002,,,,,,marble,"{""after_friction_scale"": 1.02, ""after_solref_scale"": 0.94, ""before_friction_scale"": 0.9, ""before_solref_scale"": 1.06}",8a1b587e1839d9aad1a5dc58d7b91bc81d80332ef6fddc5cbeb2800bfbb02862,6b86161f6ced035cb577e0b8c2acbd063158430db453be67735d619286737d6e,1425b15f73bd4095f0df53709d7c389c3eb9e790,2a66ca6336eadb3c0b34b557763f3e06d01ff8fcf6260dd4cedbd69d6093fc28,66f3a7429c1acc0e2456f93430df3d95ff0b3e685ae68f9f961aad9bf2f8f184
hostv2_D_sand_marble_0p15_v3_r0,hostv2_pair_302,hostv2_source_302,D_sand_marble,D,sand,marble,0.15,3,0.67,0.06,0.003,0.9,1.02,1.06,0.94,0.075,0,2026082402,1.2,4a4ff02dbb116bcd3f4b23c96de3f932b4da7fb366c0ebb9f59f7069bfeb37c7,True,True,1000,0.0005,1200,1.1015494072452725e-16,"[1200, 20]",True,69,31,0.07000000000000005,0.03200000000000002,,,,,,marble,"{""after_friction_scale"": 1.02, ""after_solref_scale"": 0.94, ""before_friction_scale"": 0.9, ""before_solref_scale"": 1.06}",84764bd35c1d9f158f50bb8919909d52a01f28521ab94cd9220c50c585961199,d18287d00ebd9c7e9eaaa21906a3c49f9626ba0a68657baf514544de8356c285,1425b15f73bd4095f0df53709d7c389c3eb9e790,2a66ca6336eadb3c0b34b557763f3e06d01ff8fcf6260dd4cedbd69d6093fc28,ed5d8fd58344117195d0fbf52ceea6c7793d39b305977f0a799acc696d4f72e2
hostv2_D_sand_marble_0p15_v3_r1,hostv2_pair_303,hostv2_source_303,D_sand_marble,D,sand,marble,0.15,3,0.67,0.06,0.003,0.9,1.02,1.06,0.94,0.075,1,2026082403,1.2,67d013ef29e0d60feb54289d28bbfa2a01535541b378cd89bae9ef4fda681625,True,True,1000,0.0005,1200,1.1015494072452725e-16,"[1200, 20]",True,69,31,0.07000000000000005,0.03200000000000002,,,,,,marble,"{""after_friction_scale"": 1.02, ""after_solref_scale"": 0.94, ""before_friction_scale"": 0.9, ""before_solref_scale"": 1.06}",490f3ccaf41e667a433aae1a4542aac635469eb9434ec6cb2afa2fc5ab3649ef,55cbf2ed7748f1fecc2d51797ae4de5a2a79f2f1adf1a4fee0ade813403ec936,1425b15f73bd4095f0df53709d7c389c3eb9e790,2a66ca6336eadb3c0b34b557763f3e06d01ff8fcf6260dd4cedbd69d6093fc28,9a3effeb1a13f100dcd1365cecb5ab182fdc661299cf4c3cad5b6be462452f2c
hostv2_D_sand_marble_0p20_v3_r0,hostv2_pair_304,hostv2_source_304,D_sand_marble,D,sand,marble,0.2,3,0.67,0.06,0.003,0.9,1.02,1.06,0.94,0.075,0,2026082404,1.2,5aa320a626c4659cd4cb200b84619ab232bf93477b72b00c19623fd8bc73c8ef,True,True,1000,0.0005,1200,1.1015494072452725e-16,"[1200, 20]",True,69,31,0.07000000000000005,0.03200000000000002,,,,,,marble,"{""after_friction_scale"": 1.02, ""after_solref_scale"": 0.94, ""before_friction_scale"": 0.9, ""before_solref_scale"": 1.06}",e536e46207631023d9748002913d76fbd1e225d00ab8dfccf658269b664bd8af,fa8b70235fffbd755fbf06913e2a4edf4472ff765db632833bfde559b015c422,1425b15f73bd4095f0df53709d7c389c3eb9e790,2a66ca6336eadb3c0b34b557763f3e06d01ff8fcf6260dd4cedbd69d6093fc28,2643c4db6635e8f91f1987944793fa7b411df214c3e526a9d2ec725d2b3149d4
hostv2_D_sand_marble_0p20_v3_r1,hostv2_pair_305,hostv2_source_305,D_sand_marble,D,sand,marble,0.2,3,0.67,0.06,0.003,0.9,1.02,1.06,0.94,0.075,1,2026082405,1.2,dfbe8c9fc67c53ae34297e12690d05cf5bac13279f196b9b9bda8b9b0745b498,True,True,1000,0.0005,1200,1.1015494072452725e-16,"[1200, 20]",True,69,31,0.07000000000000005,0.03200000000000002,,,,,,marble,"{""after_friction_scale"": 1.02, ""after_solref_scale"": 0.94, ""before_friction_scale"": 0.9, ""before_solref_scale"": 1.06}",5bb2b4a6a8654fa85894bcf52bfb38fedaf3036cfeada515d975ef350a95fcfb,c9ae815e7cc7db72cbf3dbbb234f300dab9a370027c0e8d0f867e7f99ba2e5b6,1425b15f73bd4095f0df53709d7c389c3eb9e790,2a66ca6336eadb3c0b34b557763f3e06d01ff8fcf6260dd4cedbd69d6093fc28,670933badd1e6d7f515f6a68eeae485d9ae39081c185d3bf0ce26e8188aad3f6
hostv2_D_sand_concrete_0p10_v3_r0,hostv2_pair_306,hostv2_source_306,D_sand_concrete,D,sand,concrete,0.1,3,0.67,0.06,0.003,0.9,1.02,1.06,0.94,0.075,0,2026082406,1.2,adeca8a6d40bd1b75cddb1a9c8034e791dc518e4f1dca1d5c57ee32e082d0b0d,True,True,1000,0.0005,1200,1.1015494072452725e-16,"[1200, 20]",True,70,31,0.07100000000000005,0.03200000000000002,,,,,,concrete,"{""after_friction_scale"": 1.02, ""after_solref_scale"": 0.94, ""before_friction_scale"": 0.9, ""before_solref_scale"": 1.06}",ace5081acfb7081c969d4f654628193e7b106834c63d15eb0e73af7f9ca35d9f,fab69490243514054b6256519b5ce273d6a6f1dc6b004f5eb56a77422d90064c,1425b15f73bd4095f0df53709d7c389c3eb9e790,2a66ca6336eadb3c0b34b557763f3e06d01ff8fcf6260dd4cedbd69d6093fc28,4aaa5eba2937083df5d63a79eab56d2da6f60d54ac69b12a0b45b5283b5dc580
hostv2_D_sand_concrete_0p10_v3_r1,hostv2_pair_307,hostv2_source_307,D_sand_concrete,D,sand,concrete,0.1,3,0.67,0.06,0.003,0.9,1.02,1.06,0.94,0.075,1,2026082407,1.2,5c32e10b4306e03d05cc617abd170bb2db37398ecfbec9a928e77a2bf54c5d33,True,True,1000,0.0005,1200,1.1015494072452725e-16,"[1200, 20]",True,70,31,0.07100000000000005,0.03200000000000002,,,,,,concrete,"{""after_friction_scale"": 1.02, ""after_solref_scale"": 0.94, ""before_friction_scale"": 0.9, ""before_solref_scale"": 1.06}",b47a45e4b764074e13781781b6d1a43ec7c165829c0f8bbd4f2277ec4314cdc2,79a09b7d173fd2be054f03cdbc17584c682ab56b98c2376eab9d2ddd9bc565a7,1425b15f73bd4095f0df53709d7c389c3eb9e790,2a66ca6336eadb3c0b34b557763f3e06d01ff8fcf6260dd4cedbd69d6093fc28,1952f592b0bbfa7cdde57815907171ad4fbfae227f92ce6de81c9025b51ef678
hostv2_D_sand_concrete_0p15_v3_r0,hostv2_pair_308,hostv2_source_308,D_sand_concrete,D,sand,concrete,0.15,3,0.67,0.06,0.003,0.9,1.02,1.06,0.94,0.075,0,2026082408,1.2,93d57c011eebfce59e0fe6415fbd61d3edc4d4a350068f7715d18dd8efededef,True,True,1000,0.0005,1200,1.1015494072452725e-16,"[1200, 20]",True,70,31,0.07100000000000005,0.03200000000000002,,,,,,concrete,"{""after_friction_scale"": 1.02, ""after_solref_scale"": 0.94, ""before_friction_scale"": 0.9, ""before_solref_scale"": 1.06}",8184cd7e30d3371769d17497f074a93b176313eec35bfda55bc6ce91f3496d2e,f73414233a7fc24400ca3195921029a9e3cb516552a7231a1b7db94c406bdcd7,1425b15f73bd4095f0df53709d7c389c3eb9e790,2a66ca6336eadb3c0b34b557763f3e06d01ff8fcf6260dd4cedbd69d6093fc28,0c0e09eb51e5fccbe8bd9e8cc300de8d011c2912bdb7e40361a73df3f657cb6e
hostv2_D_sand_concrete_0p15_v3_r1,hostv2_pair_309,hostv2_source_309,D_sand_concrete,D,sand,concrete,0.15,3,0.67,0.06,0.003,0.9,1.02,1.06,0.94,0.075,1,2026082409,1.2,11aebbace2fa52625e82235f37311597d816f734b271101301f68755f2c5cdbc,True,True,1000,0.0005,1200,1.1015494072452725e-16,"[1200, 20]",True,70,31,0.07100000000000005,0.03200000000000002,,,,,,concrete,"{""after_friction_scale"": 1.02, ""after_solref_scale"": 0.94, ""before_friction_scale"": 0.9, ""before_solref_scale"": 1.06}",7c1fe569dfbe2146437b34c3fc0fd31ebb593e4af83b692a310505c510ba2793,1c04376bb5cbf93181757cb879e097acfeb000e470ff3db5933f887be955c90d,1425b15f73bd4095f0df53709d7c389c3eb9e790,2a66ca6336eadb3c0b34b557763f3e06d01ff8fcf6260dd4cedbd69d6093fc28,6c27703b4648528f522b40e829b6ed355f7a9cfefa872c1943975440013d2731
hostv2_D_sand_concrete_0p20_v3_r0,hostv2_pair_310,hostv2_source_310,D_sand_concrete,D,sand,concrete,0.2,3,0.67,0.06,0.003,0.9,1.02,1.06,0.94,0.075,0,2026082410,1.2,df96492bc1054442e6b6902c8f17df8c28213731ec9fb22098f017f6b6533358,True,True,1000,0.0005,1200,1.1015494072452725e-16,"[1200, 20]",True,70,31,0.07100000000000005,0.03200000000000002,,,,,,concrete,"{""after_friction_scale"": 1.02, ""after_solref_scale"": 0.94, ""before_friction_scale"": 0.9, ""before_solref_scale"": 1.06}",f49a26405f8354bd9f4b5e2886c9ba224a67f920b1e0815a002d978e7c886975,3655e00f6664c6ca75b3cb154b50d4a72419392539845f5eedc824e81d2bdc66,1425b15f73bd4095f0df53709d7c389c3eb9e790,2a66ca6336eadb3c0b34b557763f3e06d01ff8fcf6260dd4cedbd69d6093fc28,2b3981e2f85e47b0543e5c55db90e24e519d5bd32e61d326b5b0ec1569e5df48
hostv2_D_sand_concrete_0p20_v3_r1,hostv2_pair_311,hostv2_source_311,D_sand_concrete,D,sand,concrete,0.2,3,0.67,0.06,0.003,0.9,1.02,1.06,0.94,0.075,1,2026082411,1.2,87b774c8b11c961af032d0d6d28e6df65e1d7f0c9a12f01f5a778ae2c9b99567,True,True,1000,0.0005,1200,1.1015494072452725e-16,"[1200, 20]",True,70,31,0.07100000000000005,0.03200000000000002,,,,,,concrete,"{""after_friction_scale"": 1.02, ""after_solref_scale"": 0.94, ""before_friction_scale"": 0.9, ""before_solref_scale"": 1.06}",c4e64beafe51b119b8188187419a3f3a26416a704bc297d4dd0589091f621384,0c57e7f257708793cc4c199e332ce82cad43393907768bbc4fbd6085e6bfe99e,1425b15f73bd4095f0df53709d7c389c3eb9e790,2a66ca6336eadb3c0b34b557763f3e06d01ff8fcf6260dd4cedbd69d6093fc28,556c46cf11a1b202782adff00904f26b98f194b066152550822c7d5d3b66cb29
hostv2_S_concrete_0p10_v3_r0,hostv2_pair_312,hostv2_source_312,S_concrete,S,concrete,concrete,0.1,3,0.67,0.06,0.003,0.9,1.02,1.06,0.94,0.075,0,2026082412,1.2,3c1fb50972c3c817fc30c5e0345059826281e13df68ea4ce504445b9012ff548,True,True,1000,0.0005,1200,1.1015494072452725e-16,"[1200, 20]",True,799,31,0.7999999999999673,0.03200000000000002,,,,,,concrete,"{""after_friction_scale"": 1.02, ""after_solref_scale"": 0.94, ""before_friction_scale"": 0.9, ""before_solref_scale"": 1.06}",2a8ddc55a36201bf06b7e9a91d432a9b24ca88e03c1b8d711437c4650e8a6c01,75aa8ef549522b262d4cb352fdc0ce3466a2e1106d34635e0f170c2edb40ed6c,1425b15f73bd4095f0df53709d7c389c3eb9e790,2a66ca6336eadb3c0b34b557763f3e06d01ff8fcf6260dd4cedbd69d6093fc28,b60d07db721104e33a0934a811cfb327dbed5fb4183670f5c9cfd3a1e9b6c424
hostv2_S_concrete_0p10_v3_r1,hostv2_pair_313,hostv2_source_313,S_concrete,S,concrete,concrete,0.1,3,0.67,0.06,0.003,0.9,1.02,1.06,0.94,0.075,1,2026082413,1.2,e110ac576117089ebf4ee2821cfea905c72fdeb9e0096ade83398f6de73fe9d5,True,True,1000,0.0005,1200,1.1015494072452725e-16,"[1200, 20]",True,799,31,0.7999999999999673,0.03200000000000002,,,,,,concrete,"{""after_friction_scale"": 1.02, ""after_solref_scale"": 0.94, ""before_friction_scale"": 0.9, ""before_solref_scale"": 1.06}",7752f2f03158753d09793e2621af912e58393f9a19fd8d068adffe0e1136dee8,9dfa48e848d87aaf4120b45d78e9800bc66b38c6a3061647c81e795cd4365f78,1425b15f73bd4095f0df53709d7c389c3eb9e790,2a66ca6336eadb3c0b34b557763f3e06d01ff8fcf6260dd4cedbd69d6093fc28,24dad6a75bebbeb0ca8204ee142bb47ba554b530b42c201712ed0fe7a012a92c
hostv2_S_concrete_0p15_v3_r0,hostv2_pair_314,hostv2_source_314,S_concrete,S,concrete,concrete,0.15,3,0.67,0.06,0.003,0.9,1.02,1.06,0.94,0.075,0,2026082414,1.2,bdc692324b5e83bf22a15062fbc480c893ca2146e2302c62bd84d6e5b1166358,True,True,1000,0.0005,1200,1.1015494072452725e-16,"[1200, 20]",True,802,31,0.802999999999967,0.03200000000000002,,,,,,concrete,"{""after_friction_scale"": 1.02, ""after_solref_scale"": 0.94, ""before_friction_scale"": 0.9, ""before_solref_scale"": 1.06}",16fd09d28717b9f949ab24d35375c151417ad56f0260b9a31ed293fc73c988da,628401bd31105babe816c1299f633bc7ebbdb0cd2a872c7325adbee3e95181cc,1425b15f73bd4095f0df53709d7c389c3eb9e790,2a66ca6336eadb3c0b34b557763f3e06d01ff8fcf6260dd4cedbd69d6093fc28,fb20f1f42abe77e1e633bb939668133da77a7e788c60f0dd5f5cdcd0aa350afc
hostv2_S_concrete_0p15_v3_r1,hostv2_pair_315,hostv2_source_315,S_concrete,S,concrete,concrete,0.15,3,0.67,0.06,0.003,0.9,1.02,1.06,0.94,0.075,1,2026082415,1.2,3cca8d6ac8b3c650b8af43d46b1cb9ebe252883fd562da3b97468bd2a5542354,True,True,1000,0.0005,1200,1.1015494072452725e-16,"[1200, 20]",True,802,31,0.802999999999967,0.03200000000000002,,,,,,concrete,"{""after_friction_scale"": 1.02, ""after_solref_scale"": 0.94, ""before_friction_scale"": 0.9, ""before_solref_scale"": 1.06}",fd9d8f55ccf42a1c67da7c53d6d3083c5f08574904cbbf145d1095747e8a7605,61f38b6d3aaadd771e6713e3f96365596e9f66d9ef77f0d75a2b475c66a87286,1425b15f73bd4095f0df53709d7c389c3eb9e790,2a66ca6336eadb3c0b34b557763f3e06d01ff8fcf6260dd4cedbd69d6093fc28,d1083b59be8f7cb04cea6b05894db301a50665c3ba45fc06a7f2bb05d8a9b4b5
hostv2_S_concrete_0p20_v3_r0,hostv2_pair_316,hostv2_source_316,S_concrete,S,concrete,concrete,0.2,3,0.67,0.06,0.003,0.9,1.02,1.06,0.94,0.075,0,2026082416,1.2,50b72fd8310c114d026191516bfca04edcaf6ee3664c4c26319df3cb0900ef53,True,True,1000,0.0005,1200,1.1015494072452725e-16,"[1200, 20]",True,807,31,0.8079999999999664,0.03200000000000002,,,,,,concrete,"{""after_friction_scale"": 1.02, ""after_solref_scale"": 0.94, ""before_friction_scale"": 0.9, ""before_solref_scale"": 1.06}",073d385a26237de3c1cab8b28ad4aa1184a793e3c3165d02c9693b8e419c5ae3,95eb839a776fdc594a04e010c053500b6c03d8da61e74f250a329c894d72f9ac,1425b15f73bd4095f0df53709d7c389c3eb9e790,2a66ca6336eadb3c0b34b557763f3e06d01ff8fcf6260dd4cedbd69d6093fc28,9addefb9d597cf4d49cd170fb16bc0209dfbf1be0e15d91f4112703ca9378c17
hostv2_S_concrete_0p20_v3_r1,hostv2_pair_317,hostv2_source_317,S_concrete,S,concrete,concrete,0.2,3,0.67,0.06,0.003,0.9,1.02,1.06,0.94,0.075,1,2026082417,1.2,2a26feeb668ae7794db3c69296e0587238ee098e5f1263308410c53e8ce23ec5,True,True,1000,0.0005,1200,1.1015494072452725e-16,"[1200, 20]",True,807,31,0.8079999999999664,0.03200000000000002,,,,,,concrete,"{""after_friction_scale"": 1.02, ""after_solref_scale"": 0.94, ""before_friction_scale"": 0.9, ""before_solref_scale"": 1.06}",6e1c4b0e7f6993a873f5dd0e6f3073a17c1224922715cdf1d1bad8df8a74382a,ae997b89d1ce553b3154b559ca449c34b92ebd2d5f827a894a9b1448f1e74bce,1425b15f73bd4095f0df53709d7c389c3eb9e790,2a66ca6336eadb3c0b34b557763f3e06d01ff8fcf6260dd4cedbd69d6093fc28,fb98397ff21c25f7ec377d5de557f90777d325a017585b31abcd3d1b99b86cca
hostv2_S_marble_0p10_v3_r0,hostv2_pair_318,hostv2_source_318,S_marble,S,marble,marble,0.1,3,0.67,0.06,0.003,0.9,1.02,1.06,0.94,0.075,0,2026082418,1.2,e50de56a1a51947760c0db451db9c10c88047f303e415fd0d005e936cf7dc5b2,True,True,1000,0.0005,1200,1.1015494072452725e-16,"[1200, 20]",True,797,31,0.7979999999999675,0.03200000000000002,,,,,,marble,"{""after_friction_scale"": 1.02, ""after_solref_scale"": 0.94, ""before_friction_scale"": 0.9, ""before_solref_scale"": 1.06}",9f46610edcceeb6b46fdf998514680210b6fbea0f7f3e8a76c959d06dde87ea7,353e0225a31082923254970235dd9fc6b94e55f3b635ebfc5058365b0e79c811,1425b15f73bd4095f0df53709d7c389c3eb9e790,2a66ca6336eadb3c0b34b557763f3e06d01ff8fcf6260dd4cedbd69d6093fc28,88cb4a8bd8c4448ae52edde06f951197ff30c5399327b26d79a890c8e52d21a2
hostv2_S_marble_0p10_v3_r1,hostv2_pair_319,hostv2_source_319,S_marble,S,marble,marble,0.1,3,0.67,0.06,0.003,0.9,1.02,1.06,0.94,0.075,1,2026082419,1.2,ff5317cb0ab7b9ff227b479d1a1e0deba63db82e9cc73c339f52b183721e62a0,True,True,1000,0.0005,1200,1.1015494072452725e-16,"[1200, 20]",True,797,31,0.7979999999999675,0.03200000000000002,,,,,,marble,"{""after_friction_scale"": 1.02, ""after_solref_scale"": 0.94, ""before_friction_scale"": 0.9, ""before_solref_scale"": 1.06}",a134f8ad89ce468393d05d013f6e94d373be4e77a85c02a32147439241ee168c,33cd0ad8c9b74749ad27daa822ab9fbe9b04ea23d61579677c24cf1a53b0bffc,1425b15f73bd4095f0df53709d7c389c3eb9e790,2a66ca6336eadb3c0b34b557763f3e06d01ff8fcf6260dd4cedbd69d6093fc28,8ac47e0b3ee37d4c9b6ee78c595bcd7b5594524aefd0986c72f64a753019ed82
hostv2_S_marble_0p15_v3_r0,hostv2_pair_320,hostv2_source_320,S_marble,S,marble,marble,0.15,3,0.67,0.06,0.003,0.9,1.02,1.06,0.94,0.075,0,2026082420,1.2,1e1f6fc3431420d666d720cb17d7eca04918aa7206e854eb730c8c8a3eb61ae0,True,True,1000,0.0005,1200,1.1015494072452725e-16,"[1200, 20]",True,800,31,0.8009999999999672,0.03200000000000002,,,,,,marble,"{""after_friction_scale"": 1.02, ""after_solref_scale"": 0.94, ""before_friction_scale"": 0.9, ""before_solref_scale"": 1.06}",9497d92b9b3bf83797c11cda9d14c9d69e14ec8fd5ae266dfd659253093ea8f2,10137bd243844623450729998f2588493f43ae73c0d12ba8fed8108f3423180f,1425b15f73bd4095f0df53709d7c389c3eb9e790,2a66ca6336eadb3c0b34b557763f3e06d01ff8fcf6260dd4cedbd69d6093fc28,37c5ec2aa4cadc2a22a6304645c27b5df7432e6fafb25ca928fcc7891e0929f7
hostv2_S_marble_0p15_v3_r1,hostv2_pair_321,hostv2_source_321,S_marble,S,marble,marble,0.15,3,0.67,0.06,0.003,0.9,1.02,1.06,0.94,0.075,1,2026082421,1.2,0806783179d2bd602a40f0d1db7d64a75ee749d4beb28d02e62b7f1ec1f0336e,True,True,1000,0.0005,1200,1.1015494072452725e-16,"[1200, 20]",True,800,31,0.8009999999999672,0.03200000000000002,,,,,,marble,"{""after_friction_scale"": 1.02, ""after_solref_scale"": 0.94, ""before_friction_scale"": 0.9, ""before_solref_scale"": 1.06}",428f56bcf7da2ba65bcb67225088f98d92529b729ee2b143ef54005e952f9197,afb17e3c5765490fbfc1721e9b6a3d6d18599c91cb3e911b237cdff2a8d388c5,1425b15f73bd4095f0df53709d7c389c3eb9e790,2a66ca6336eadb3c0b34b557763f3e06d01ff8fcf6260dd4cedbd69d6093fc28,086fc2655f9c4eef121aa46e754be5737dd82b4fda2a26453bc17e87fe561324
hostv2_S_marble_0p20_v3_r0,hostv2_pair_322,hostv2_source_322,S_marble,S,marble,marble,0.2,3,0.67,0.06,0.003,0.9,1.02,1.06,0.94,0.075,0,2026082422,1.2,1f8e496b9009dceef69b57227977cbc659f941132c3498c7a8fc5ea9a41cf5a4,True,True,1000,0.0005,1200,1.1015494072452725e-16,"[1200, 20]",True,804,31,0.8049999999999667,0.03200000000000002,,,,,,marble,"{""after_friction_scale"": 1.02, ""after_solref_scale"": 0.94, ""before_friction_scale"": 0.9, ""before_solref_scale"": 1.06}",65571305ee6abf378eacc5a619a1801b73b5f4000459fa18a00998b58cd91a4a,c060881cbef337908f6e1a13265949ec9db3299df48f75727d2c2b638399417f,1425b15f73bd4095f0df53709d7c389c3eb9e790,2a66ca6336eadb3c0b34b557763f3e06d01ff8fcf6260dd4cedbd69d6093fc28,674963786082df320847fef5a60c865a063bf0b4efc2b83392ee680ca4562e15
hostv2_S_marble_0p20_v3_r1,hostv2_pair_323,hostv2_source_323,S_marble,S,marble,marble,0.2,3,0.67,0.06,0.003,0.9,1.02,1.06,0.94,0.075,1,2026082423,1.2,d99f7eb1e142ce59f5717ccbf7c0d068ceb58d06adaeaccc582b69080e62cb09,True,True,1000,0.0005,1200,1.1015494072452725e-16,"[1200, 20]",True,804,31,0.8049999999999667,0.03200000000000002,,,,,,marble,"{""after_friction_scale"": 1.02, ""after_solref_scale"": 0.94, ""before_friction_scale"": 0.9, ""before_solref_scale"": 1.06}",33b4e325182fae2fbe2c5ae8a52d7923eb75d041d223a331458dfc5d3828d751,7cb42b67dcd63dfa4ddcf39254adf1c91d66a0d6a6832144e1542da6d374e501,1425b15f73bd4095f0df53709d7c389c3eb9e790,2a66ca6336eadb3c0b34b557763f3e06d01ff8fcf6260dd4cedbd69d6093fc28,5d629d9877c0f5fa73aefdcbbd3ba1d34dfc2d70debe568b59be767edad639bd
hostv2_S_ice_0p10_v3_r0,hostv2_pair_324,hostv2_source_324,S_ice,S,ice,ice,0.1,3,0.67,0.06,0.003,0.9,1.02,1.06,0.94,0.075,0,2026082424,1.2,1867cffcd47cde93895959a05514e45271df166a7c573cd5804410d6dad8d572,True,True,1000,0.0005,1200,1.1015494072452725e-16,"[1200, 20]",True,147,31,0.1480000000000001,0.03200000000000002,160,101,1103,1.103999999999934,fallen_base_height,,"{""after_friction_scale"": 1.02, ""after_solref_scale"": 0.94, ""before_friction_scale"": 0.9, ""before_solref_scale"": 1.06}",b4c42b17f1fca29e2df148989b9ecb9a22cae37810839fd13a977661911423aa,1a9451bdf95187f5b4ffdc6a1fdfd8238fdd73ff01decaf8a6a27136d331c490,1425b15f73bd4095f0df53709d7c389c3eb9e790,2a66ca6336eadb3c0b34b557763f3e06d01ff8fcf6260dd4cedbd69d6093fc28,b49203a2e503a3625e9ba6210906a7233c998034d6ad6ebe3f7eba05b22dd1ed
hostv2_S_ice_0p10_v3_r1,hostv2_pair_325,hostv2_source_325,S_ice,S,ice,ice,0.1,3,0.67,0.06,0.003,0.9,1.02,1.06,0.94,0.075,1,2026082425,1.2,09806c3530eaa64629e52c91dbca9e8480d5e8f3544990ad23a83633bbe38e7b,True,True,1000,0.0005,1200,1.1015494072452725e-16,"[1200, 20]",True,140,31,0.1410000000000001,0.03200000000000002,160,101,,,,,"{""after_friction_scale"": 1.02, ""after_solref_scale"": 0.94, ""before_friction_scale"": 0.9, ""before_solref_scale"": 1.06}",332b092f74f3bc6dbd1f1102b6911a2ab26725b274f77082825ea0407414746c,44de7585242b2743bbb06e12690e92065b54c268aa1b0cb5806917ffc2edf627,1425b15f73bd4095f0df53709d7c389c3eb9e790,2a66ca6336eadb3c0b34b557763f3e06d01ff8fcf6260dd4cedbd69d6093fc28,73d510e77a3db205708831d8631b790cd44a4e7ec7d4738df6f1a79b4f4eea5e
hostv2_S_ice_0p15_v3_r0,hostv2_pair_326,hostv2_source_326,S_ice,S,ice,ice,0.15,3,0.67,0.06,0.003,0.9,1.02,1.06,0.94,0.075,0,2026082426,1.2,abb4454b9ee3496951bad0186518a56b849e6f71a85a1e20648adced905f7d30,True,True,1000,0.0005,1200,1.1015494072452725e-16,"[1200, 20]",True,141,31,0.1420000000000001,0.03200000000000002,160,99,984,0.9849999999999469,fallen_base_height,,"{""after_friction_scale"": 1.02, ""after_solref_scale"": 0.94, ""before_friction_scale"": 0.9, ""before_solref_scale"": 1.06}",b3dd0830c4f29a896c359f56840b65d272e2e89df726efe4784fba0fe80736f4,ea3b84b09ba4ffc5912c82a63712ef426813ac766d4fe5f29d97809b4da712d6,1425b15f73bd4095f0df53709d7c389c3eb9e790,2a66ca6336eadb3c0b34b557763f3e06d01ff8fcf6260dd4cedbd69d6093fc28,09273d9a6b9cae29a5cbfe130fc674d3c8c92f8f00652d9adbf89beac8b5c42c
hostv2_S_ice_0p15_v3_r1,hostv2_pair_327,hostv2_source_327,S_ice,S,ice,ice,0.15,3,0.67,0.06,0.003,0.9,1.02,1.06,0.94,0.075,1,2026082427,1.2,de5cb43dcd3451c145ab108a0258c19c46f8f184b2f5c9fd6ee2fd33fdec9a06,True,True,1000,0.0005,1200,1.1015494072452725e-16,"[1200, 20]",True,141,31,0.1420000000000001,0.03200000000000002,160,99,1008,1.0089999999999444,fallen_base_height,,"{""after_friction_scale"": 1.02, ""after_solref_scale"": 0.94, ""before_friction_scale"": 0.9, ""before_solref_scale"": 1.06}",02b1e140940c32d64f3ff04cff394e00d00490cfe36cc7c539251a58ee477cab,8f7ffb26e0637ebaecce3597cdace520db7a3a30680a8bc947f0aa6f35580e98,1425b15f73bd4095f0df53709d7c389c3eb9e790,2a66ca6336eadb3c0b34b557763f3e06d01ff8fcf6260dd4cedbd69d6093fc28,901fcffdffeb489fb932fd2851e98422c36a250406dca01107108641d093892d
hostv2_S_ice_0p20_v3_r0,hostv2_pair_328,hostv2_source_328,S_ice,S,ice,ice,0.2,3,0.67,0.06,0.003,0.9,1.02,1.06,0.94,0.075,0,2026082428,1.2,204360eb45d3e0968914b9ed7670d92183b8876e6665d509badaa1f36b375783,True,True,1000,0.0005,1200,1.1015494072452725e-16,"[1200, 20]",True,138,31,0.1390000000000001,0.03200000000000002,160,99,960,0.9609999999999496,fallen_base_height,,"{""after_friction_scale"": 1.02, ""after_solref_scale"": 0.94, ""before_friction_scale"": 0.9, ""before_solref_scale"": 1.06}",907741c6c082b16b598d6f3472c554121bdaa857697fb44ec5fe70f642279680,0cf41194e0060d717953633bb0d13c818b3fc409446feac6a471e9514379b1d7,1425b15f73bd4095f0df53709d7c389c3eb9e790,2a66ca6336eadb3c0b34b557763f3e06d01ff8fcf6260dd4cedbd69d6093fc28,8cf2c21632e25481e6996f4550059d982cb8a2dc13b9aa175ad2d497ba0a03c2
hostv2_S_ice_0p20_v3_r1,hostv2_pair_329,hostv2_source_329,S_ice,S,ice,ice,0.2,3,0.67,0.06,0.003,0.9,1.02,1.06,0.94,0.075,1,2026082429,1.2,312c67ab8bce849744cf32d51cdf550d95b0305522e6141e8ea2fc4d83ea9067,True,True,1000,0.0005,1200,1.1015494072452725e-16,"[1200, 20]",True,138,31,0.1390000000000001,0.03200000000000002,160,99,886,0.8869999999999577,fallen_base_height,,"{""after_friction_scale"": 1.02, ""after_solref_scale"": 0.94, ""before_friction_scale"": 0.9, ""before_solref_scale"": 1.06}",3bfe7b06ec60727c3e84ed921837094f3eba39f3e91e4239d0b05dd405889ae2,1797eca74f20db4e274e9889c52f53156952560d73c8f73b6052495930143fea,1425b15f73bd4095f0df53709d7c389c3eb9e790,2a66ca6336eadb3c0b34b557763f3e06d01ff8fcf6260dd4cedbd69d6093fc28,177f5d81a56ac658f85782404f3175bc18e38bbe7e1225a777a894aaaf2edd16
hostv2_S_sand_0p10_v3_r0,hostv2_pair_330,hostv2_source_330,S_sand,S,sand,sand,0.1,3,0.67,0.06,0.003,0.9,1.02,1.06,0.94,0.075,0,2026082430,1.2,8db6d4c7d1a6e6a024f69f8d0e49d875e8231c491c937700d3a54305c7f4e850,True,True,1000,0.0005,1200,1.1015494072452725e-16,"[1200, 20]",True,64,31,0.06500000000000004,0.03200000000000002,,,,,,,"{""after_friction_scale"": 1.02, ""after_solref_scale"": 0.94, ""before_friction_scale"": 0.9, ""before_solref_scale"": 1.06}",e8b3a074f8acb072b1664e3a316017f69b94636e826935005cd546045e58f5de,6abfacd08881b7310dce33ba283f2818435799b11bb0ecd0ca73c2db331395df,1425b15f73bd4095f0df53709d7c389c3eb9e790,2a66ca6336eadb3c0b34b557763f3e06d01ff8fcf6260dd4cedbd69d6093fc28,bb925db6b45926b4d4e5325a97a96fe57d6127d083498e42bdb10ea808c5aac3
hostv2_S_sand_0p10_v3_r1,hostv2_pair_331,hostv2_source_331,S_sand,S,sand,sand,0.1,3,0.67,0.06,0.003,0.9,1.02,1.06,0.94,0.075,1,2026082431,1.2,b5346babfc82007f827c7d14a1c2a3d0a6d3d21dab6f3e216d4b9fb990764f4c,True,True,1000,0.0005,1200,1.1015494072452725e-16,"[1200, 20]",True,64,31,0.06500000000000004,0.03200000000000002,,,,,,,"{""after_friction_scale"": 1.02, ""after_solref_scale"": 0.94, ""before_friction_scale"": 0.9, ""before_solref_scale"": 1.06}",cfdda83532c0a1615cf61ff3e59897993af2698a4bc5530596c70d7257eaac3f,3423072626de08960e71ebbb76a06b5fb989bb120d6168d0f6544d2d220f18f0,1425b15f73bd4095f0df53709d7c389c3eb9e790,2a66ca6336eadb3c0b34b557763f3e06d01ff8fcf6260dd4cedbd69d6093fc28,f95d723e45162d4d21d1798b73df2eafe24f949c56a52cda68370c2572553c3c
hostv2_S_sand_0p15_v3_r0,hostv2_pair_332,hostv2_source_332,S_sand,S,sand,sand,0.15,3,0.67,0.06,0.003,0.9,1.02,1.06,0.94,0.075,0,2026082432,1.2,5de18d9f2fd7a2617962f3fda6b74b2badf12eb0d917d8b10ccc98d37856151c,True,True,1000,0.0005,1200,1.1015494072452725e-16,"[1200, 20]",True,64,31,0.06500000000000004,0.03200000000000002,1128,,,,,,"{""after_friction_scale"": 1.02, ""after_solref_scale"": 0.94, ""before_friction_scale"": 0.9, ""before_solref_scale"": 1.06}",ad31f9c0318683ebf34cedbded3bfbd28660b30101e11663dffd1d6b7a2fac35,314be3d34c474f21da7569537896e1f6848f53bd5a0dc24e4c6bd1e6ba2c8793,1425b15f73bd4095f0df53709d7c389c3eb9e790,2a66ca6336eadb3c0b34b557763f3e06d01ff8fcf6260dd4cedbd69d6093fc28,1ddd9c81fa3268c09d9af0b8af71744d5f3168f7a6abff7fc0d04ed47793bc84
hostv2_S_sand_0p15_v3_r1,hostv2_pair_333,hostv2_source_333,S_sand,S,sand,sand,0.15,3,0.67,0.06,0.003,0.9,1.02,1.06,0.94,0.075,1,2026082433,1.2,58adbf4fc585bf83d59a5d8f728dfcfd63ac9441064028a2a441f83246f30167,True,True,1000,0.0005,1200,1.1015494072452725e-16,"[1200, 20]",True,64,31,0.06500000000000004,0.03200000000000002,,,,,,,"{""after_friction_scale"": 1.02, ""after_solref_scale"": 0.94, ""before_friction_scale"": 0.9, ""before_solref_scale"": 1.06}",f59114b10ee0bb3c94c33362818a7b27c620b5194c343530825ee403c637b1b8,5261d290cf4c2afd84e682c5bd9dc34aa047aa1284dc0165afbf9c1b109246b9,1425b15f73bd4095f0df53709d7c389c3eb9e790,2a66ca6336eadb3c0b34b557763f3e06d01ff8fcf6260dd4cedbd69d6093fc28,a77bfec7d293a898f8152edb3125f826780d62c871965f2720443858e2cd7a78
hostv2_S_sand_0p20_v3_r0,hostv2_pair_334,hostv2_source_334,S_sand,S,sand,sand,0.2,3,0.67,0.06,0.003,0.9,1.02,1.06,0.94,0.075,0,2026082434,1.2,44a246523734bb7bb117d2c86060f17055b43468bf8a53934f617fd592accc25,True,True,1000,0.0005,1200,1.1015494072452725e-16,"[1200, 20]",True,64,31,0.06500000000000004,0.03200000000000002,1155,,,,,,"{""after_friction_scale"": 1.02, ""after_solref_scale"": 0.94, ""before_friction_scale"": 0.9, ""before_solref_scale"": 1.06}",14e7c4a53f15d795c5d5d75a81e7dc6d2b177387a25621276fc1a092a2134057,0ec836e59b5f49e3b6eb9d6895db7c1cb1550d9a3286314995391473d1e60ce4,1425b15f73bd4095f0df53709d7c389c3eb9e790,2a66ca6336eadb3c0b34b557763f3e06d01ff8fcf6260dd4cedbd69d6093fc28,1e21d5d612b60dce7600db6250e0aef97c428eec03eb9d1a508550a984c0ed81
hostv2_S_sand_0p20_v3_r1,hostv2_pair_335,hostv2_source_335,S_sand,S,sand,sand,0.2,3,0.67,0.06,0.003,0.9,1.02,1.06,0.94,0.075,1,2026082435,1.2,c884f978390a023464761405ce646f9465084f0452c1e700bd373adaaadc1ee4,True,True,1000,0.0005,1200,1.1015494072452725e-16,"[1200, 20]",True,64,31,0.06500000000000004,0.03200000000000002,1157,,,,,,"{""after_friction_scale"": 1.02, ""after_solref_scale"": 0.94, ""before_friction_scale"": 0.9, ""before_solref_scale"": 1.06}",72f84528a32a5fe975b8e09eba661c3f3a8c7b79f4e3a206e361492919d57085,2127ac1a941ab99ee7df5de26c930ca5a5d7368af474e978cf84cdaa15104ac2,1425b15f73bd4095f0df53709d7c389c3eb9e790,2a66ca6336eadb3c0b34b557763f3e06d01ff8fcf6260dd4cedbd69d6093fc28,8d0b377ff8245491ee9fced5a257077275c65a4f0212e0a92ab4de14b735491a
hostv2_A_marble_ice_0p10_v4_r0,hostv2_pair_336,hostv2_source_336,A_marble_ice,A,marble,ice,0.1,4,0.83,0.08,0.006,1.02,0.9,0.94,1.06,0.075,0,2026082436,1.2,9221511be62695066123eb6ccddc0b6612ada60a650717c20cd9d82d1d3ac8a0,True,True,1000,0.0005,1200,1.1015494072452725e-16,"[1200, 20]",True,260,34,0.2610000000000002,0.035000000000000024,,,,,,marble,"{""after_friction_scale"": 0.9, ""after_solref_scale"": 1.06, ""before_friction_scale"": 1.02, ""before_solref_scale"": 0.94}",4562cce7e00eda57376c03d26dce7f935a436eabdbc31f2285eef074c15a1580,ca720cf039ddfdf363deec5853ba29b80215b34eba4162c5cc5155124ea430c4,1425b15f73bd4095f0df53709d7c389c3eb9e790,2a66ca6336eadb3c0b34b557763f3e06d01ff8fcf6260dd4cedbd69d6093fc28,08fdccff8ee79ee0ff15a0e943b88156919e05984ceb9555d48f9a8b89fb0c23
hostv2_A_marble_ice_0p10_v4_r1,hostv2_pair_337,hostv2_source_337,A_marble_ice,A,marble,ice,0.1,4,0.83,0.08,0.006,1.02,0.9,0.94,1.06,0.075,1,2026082437,1.2,436282dd956ea0270c5dd197d0027904010db49301f236dc1476130767a8a379,True,True,1000,0.0005,1200,1.1015494072452725e-16,"[1200, 20]",True,260,34,0.2610000000000002,0.035000000000000024,,,,,,marble,"{""after_friction_scale"": 0.9, ""after_solref_scale"": 1.06, ""before_friction_scale"": 1.02, ""before_solref_scale"": 0.94}",c424a12392a2395faada30b809479c053ad4bfffffea923047c34e33e691aeef,2a9937983958de65b561c029b7218a742d4980041d7a91d5f534535e2aa320e7,1425b15f73bd4095f0df53709d7c389c3eb9e790,2a66ca6336eadb3c0b34b557763f3e06d01ff8fcf6260dd4cedbd69d6093fc28,02f8ecf4d74975842dbafd641f8637441f017b4cf6e0a2a822879ada06181f29
hostv2_A_marble_ice_0p15_v4_r0,hostv2_pair_338,hostv2_source_338,A_marble_ice,A,marble,ice,0.15,4,0.83,0.08,0.006,1.02,0.9,0.94,1.06,0.075,0,2026082438,1.2,72c7a8022e0e24533b35cb070baa2325bcc46c6edb05d6514ad2ef0955fe5fe3,True,True,1000,0.0005,1200,1.1015494072452725e-16,"[1200, 20]",True,300,34,0.3010000000000002,0.035000000000000024,878,,,,,marble,"{""after_friction_scale"": 0.9, ""after_solref_scale"": 1.06, ""before_friction_scale"": 1.02, ""before_solref_scale"": 0.94}",cbfe069261a1aff9c017f2dfb64450d5008fef6e3b13a6b3ea16d59fe626c8fe,e25c254a60fdf9edf7a3632653314ae3b0acd966eeadfa2f82490548a0e78ef6,1425b15f73bd4095f0df53709d7c389c3eb9e790,2a66ca6336eadb3c0b34b557763f3e06d01ff8fcf6260dd4cedbd69d6093fc28,e96c9cd70e11672b0c0d730373a757563849c8232bcea84b45e202e736591f23
hostv2_A_marble_ice_0p15_v4_r1,hostv2_pair_339,hostv2_source_339,A_marble_ice,A,marble,ice,0.15,4,0.83,0.08,0.006,1.02,0.9,0.94,1.06,0.075,1,2026082439,1.2,b7328cf1c7bbeaa445071f1a1753a69375c60993114f9e87c4c1e68e866079f5,True,True,1000,0.0005,1200,1.1015494072452725e-16,"[1200, 20]",True,300,34,0.3010000000000002,0.035000000000000024,875,,,,,marble,"{""after_friction_scale"": 0.9, ""after_solref_scale"": 1.06, ""before_friction_scale"": 1.02, ""before_solref_scale"": 0.94}",ba418d2b1e1ff9150d40c4ff30fa98aec252a1f2cd86b036cbe3879f15fb4875,03eb21faecfc985e2e281debadbeca069d887582f844ee1bd860be3d3a9596b0,1425b15f73bd4095f0df53709d7c389c3eb9e790,2a66ca6336eadb3c0b34b557763f3e06d01ff8fcf6260dd4cedbd69d6093fc28,c79d858741b20376866a07457a2e86dace4a820d8779f3003c06c2624da34e27
hostv2_A_marble_ice_0p20_v4_r0,hostv2_pair_340,hostv2_source_340,A_marble_ice,A,marble,ice,0.2,4,0.83,0.08,0.006,1.02,0.9,0.94,1.06,0.075,0,2026082440,1.2,fe0880add9962f09a6012686c7f71ad165e6890184001661c5dc8651054fdbf0,True,True,1000,0.0005,1200,1.1015494072452725e-16,"[1200, 20]",True,300,34,0.3010000000000002,0.035000000000000024,947,,,,,marble,"{""after_friction_scale"": 0.9, ""after_solref_scale"": 1.06, ""before_friction_scale"": 1.02, ""before_solref_scale"": 0.94}",c5993502377a7867bdd68ae7ba83d024c2856c83fd0d14acc5eaf0be2c7e1b3e,1c056366e537f1bdd174801025cb978aa4671d1bfe1f1d85452ffeb18c48cc1c,1425b15f73bd4095f0df53709d7c389c3eb9e790,2a66ca6336eadb3c0b34b557763f3e06d01ff8fcf6260dd4cedbd69d6093fc28,1137faa70733e2b352f397e42aa55b8bf17c2b10070be469752ee86ac35a01ff
hostv2_A_marble_ice_0p20_v4_r1,hostv2_pair_341,hostv2_source_341,A_marble_ice,A,marble,ice,0.2,4,0.83,0.08,0.006,1.02,0.9,0.94,1.06,0.075,1,2026082441,1.2,861200ca179028879410da4f0eb9bc44fb8b96bc339940bcf026f85793c83ae5,True,True,1000,0.0005,1200,1.1015494072452725e-16,"[1200, 20]",True,300,34,0.3010000000000002,0.035000000000000024,957,,,,,marble,"{""after_friction_scale"": 0.9, ""after_solref_scale"": 1.06, ""before_friction_scale"": 1.02, ""before_solref_scale"": 0.94}",71b736e42c4fc79335c1869305d4eebfb4619833e32972a1320adb3479134bd5,9900065fddc0639dd320195136d08dc0eadd9c452688c10d067d190496a50125,1425b15f73bd4095f0df53709d7c389c3eb9e790,2a66ca6336eadb3c0b34b557763f3e06d01ff8fcf6260dd4cedbd69d6093fc28,4a43d286474816ac5570dd65c0c7a5b599675bbfcfec4c14588de281f2fb0f34
hostv2_A_concrete_ice_0p10_v4_r0,hostv2_pair_342,hostv2_source_342,A_concrete_ice,A,concrete,ice,0.1,4,0.83,0.08,0.006,1.02,0.9,0.94,1.06,0.075,0,2026082442,1.2,7fe003b4feab017a8381dfcfaaf12c3841a5e5534b121b288319944a18471939,True,True,1000,0.0005,1200,1.1015494072452725e-16,"[1200, 20]",True,280,34,0.2810000000000002,0.035000000000000024,,,,,,concrete,"{""after_friction_scale"": 0.9, ""after_solref_scale"": 1.06, ""before_friction_scale"": 1.02, ""before_solref_scale"": 0.94}",f23c0d8955f43706db812da18eb0280ee507979286ccc2030d7200b2cab2ddea,38f3228b785de85746a53dbede19d9f7e1f491610c4c76ae6f08577a906844c6,1425b15f73bd4095f0df53709d7c389c3eb9e790,2a66ca6336eadb3c0b34b557763f3e06d01ff8fcf6260dd4cedbd69d6093fc28,e6bc8e4525110d8d1fbbefd4f64bdeec8313ddc4445c30951e2d8716eb98b5a3
hostv2_A_concrete_ice_0p10_v4_r1,hostv2_pair_343,hostv2_source_343,A_concrete_ice,A,concrete,ice,0.1,4,0.83,0.08,0.006,1.02,0.9,0.94,1.06,0.075,1,2026082443,1.2,0421c2d945fb00fdf52c41961b0117b037068802e6ee3308f4147e4ee2ba6518,True,True,1000,0.0005,1200,1.1015494072452725e-16,"[1200, 20]",True,280,34,0.2810000000000002,0.035000000000000024,,,,,,concrete,"{""after_friction_scale"": 0.9, ""after_solref_scale"": 1.06, ""before_friction_scale"": 1.02, ""before_solref_scale"": 0.94}",26622b2050a27e0011b33336f4ea50f4779b913fc7f5440c41027f82b5de06a4,383966f8a571c7f4b2e04b12916a3b8f7706cdca6d8ffe2dd1ceb28a4ba2199a,1425b15f73bd4095f0df53709d7c389c3eb9e790,2a66ca6336eadb3c0b34b557763f3e06d01ff8fcf6260dd4cedbd69d6093fc28,9ed7383870f7965c3564ddae1a120853a4f2f3147c3345c90c9d20123627d640
hostv2_A_concrete_ice_0p15_v4_r0,hostv2_pair_344,hostv2_source_344,A_concrete_ice,A,concrete,ice,0.15,4,0.83,0.08,0.006,1.02,0.9,0.94,1.06,0.075,0,2026082444,1.2,2b965e12f65edea3f25080d31a44400732df5426f73c0e408263fe353b544264,True,True,1000,0.0005,1200,1.1015494072452725e-16,"[1200, 20]",True,300,34,0.3010000000000002,0.035000000000000024,931,,,,,concrete,"{""after_friction_scale"": 0.9, ""after_solref_scale"": 1.06, ""before_friction_scale"": 1.02, ""before_solref_scale"": 0.94}",b629ec8daeab61754aa3ad0c20017321802db7525c1943891e82329217059b61,3d10e195dc08692469bfa5750193cf6bbbd71883b8f7909673169d7e7a6cd9c3,1425b15f73bd4095f0df53709d7c389c3eb9e790,2a66ca6336eadb3c0b34b557763f3e06d01ff8fcf6260dd4cedbd69d6093fc28,7a2c032296c36d9f5393fafcdb8f384c0d27d811f0c55e1454e731a0090eee72
hostv2_A_concrete_ice_0p15_v4_r1,hostv2_pair_345,hostv2_source_345,A_concrete_ice,A,concrete,ice,0.15,4,0.83,0.08,0.006,1.02,0.9,0.94,1.06,0.075,1,2026082445,1.2,230e3bc494853150e9a8730914598ed84228b1aeaa3119d5ec7b2d69a0696d40,True,True,1000,0.0005,1200,1.1015494072452725e-16,"[1200, 20]",True,300,34,0.3010000000000002,0.035000000000000024,895,,,,,concrete,"{""after_friction_scale"": 0.9, ""after_solref_scale"": 1.06, ""before_friction_scale"": 1.02, ""before_solref_scale"": 0.94}",574547d65ebfe2613556969c3a4688dd26561e4be7013a044039ade9a064c37e,36269d272a7fb4b820ae37170a5fa6f5eb83ba196ce18c6fe6e569035f1a6e0e,1425b15f73bd4095f0df53709d7c389c3eb9e790,2a66ca6336eadb3c0b34b557763f3e06d01ff8fcf6260dd4cedbd69d6093fc28,6832bc2934cdd5fbfbb4de93a7b48861d25af734852a2b9fd0083cac59e3b6fa
hostv2_A_concrete_ice_0p20_v4_r0,hostv2_pair_346,hostv2_source_346,A_concrete_ice,A,concrete,ice,0.2,4,0.83,0.08,0.006,1.02,0.9,0.94,1.06,0.075,0,2026082446,1.2,d1e03b89250748bdb1d571865471aafd89b5c23366685c0ae9767f1cd6ea4917,True,True,1000,0.0005,1200,1.1015494072452725e-16,"[1200, 20]",True,320,34,0.32100000000000023,0.035000000000000024,1025,,,,,concrete,"{""after_friction_scale"": 0.9, ""after_solref_scale"": 1.06, ""before_friction_scale"": 1.02, ""before_solref_scale"": 0.94}",ff7f862d64ceebaf21c6816dabddfea926bd76f22d8af7a61621897a6c427927,e87d2f5ee3829d4c80aa3fc1b89b61849d04ed5566f5ee532cc88582f543fbe0,1425b15f73bd4095f0df53709d7c389c3eb9e790,2a66ca6336eadb3c0b34b557763f3e06d01ff8fcf6260dd4cedbd69d6093fc28,86d5204df85601e45e419f4ed9abcd548f8fd8a89da3ae7e473503e15dd4a5c8
hostv2_A_concrete_ice_0p20_v4_r1,hostv2_pair_347,hostv2_source_347,A_concrete_ice,A,concrete,ice,0.2,4,0.83,0.08,0.006,1.02,0.9,0.94,1.06,0.075,1,2026082447,1.2,c0124709b67f85642629ef847a1251745c3b76fa5a559aff1c848d99d74ad620,True,True,1000,0.0005,1200,1.1015494072452725e-16,"[1200, 20]",True,320,34,0.32100000000000023,0.035000000000000024,1025,,,,,concrete,"{""after_friction_scale"": 0.9, ""after_solref_scale"": 1.06, ""before_friction_scale"": 1.02, ""before_solref_scale"": 0.94}",609ad17954f9f348adf4f0b17be80e33d1f48ef264a747a778cdeed652096c39,48ae1291bbcd3ca2bfe2291ab7ccfb7b39f68f38f1af0dff3a8eaa07a15b99b7,1425b15f73bd4095f0df53709d7c389c3eb9e790,2a66ca6336eadb3c0b34b557763f3e06d01ff8fcf6260dd4cedbd69d6093fc28,93c6ef9fba30cfe0f0fe20a9c264f40e6a6259827704a7d6b5b26f8a18a33354
hostv2_N_marble_concrete_0p10_v4_r0,hostv2_pair_348,hostv2_source_348,N_marble_concrete,N,marble,concrete,0.1,4,0.83,0.08,0.006,1.02,0.9,0.94,1.06,0.075,0,2026082448,1.2,93e2d3f0bd8a5c37bb03345337dc3bda2f10afb3acc7f17acb3482cc6aa4d78e,True,True,1000,0.0005,1200,1.1015494072452725e-16,"[1200, 20]",True,280,34,0.2810000000000002,0.035000000000000024,,,,,,marble,"{""after_friction_scale"": 0.9, ""after_solref_scale"": 1.06, ""before_friction_scale"": 1.02, ""before_solref_scale"": 0.94}",50321a377ff41f524e0c0f5008c815b6f435fb12f6f54501303fdeeb4269ac3f,a7da2764bddf98554f8074bc256a75090322e21c81e96226cf5e55d32d77c617,1425b15f73bd4095f0df53709d7c389c3eb9e790,2a66ca6336eadb3c0b34b557763f3e06d01ff8fcf6260dd4cedbd69d6093fc28,4d8624ec343f97eb996af91abfcb6155cb99c1b6f82b6733243f6465c1c35f4f
hostv2_N_marble_concrete_0p10_v4_r1,hostv2_pair_349,hostv2_source_349,N_marble_concrete,N,marble,concrete,0.1,4,0.83,0.08,0.006,1.02,0.9,0.94,1.06,0.075,1,2026082449,1.2,cac0ff3cb7bbaa70e0f032ed48c15b6d894f7b48228cb1ed3750be2b0d0e4da5,True,True,1000,0.0005,1200,1.1015494072452725e-16,"[1200, 20]",True,280,34,0.2810000000000002,0.035000000000000024,,,,,,marble,"{""after_friction_scale"": 0.9, ""after_solref_scale"": 1.06, ""before_friction_scale"": 1.02, ""before_solref_scale"": 0.94}",4657bed7906476b2167299cfc2e2fa07161704d33bee4b5939b7669df909bdee,8107ab6db95aa5f275fd834d4d4cd0cdde9e792be6a75a6016e76bb28377724b,1425b15f73bd4095f0df53709d7c389c3eb9e790,2a66ca6336eadb3c0b34b557763f3e06d01ff8fcf6260dd4cedbd69d6093fc28,a795fb0b1c1c24059475872930db4e561391afa502f2a62ffd02998ec22a9c7a
hostv2_N_marble_concrete_0p15_v4_r0,hostv2_pair_350,hostv2_source_350,N_marble_concrete,N,marble,concrete,0.15,4,0.83,0.08,0.006,1.02,0.9,0.94,1.06,0.075,0,2026082450,1.2,001fcd22cef329830003d8527110f63a6f50e1afd06a9cac4af7a5a8d4163daa,True,True,1000,0.0005,1200,1.1015494072452725e-16,"[1200, 20]",True,300,34,0.3010000000000002,0.035000000000000024,,,,,,marble,"{""after_friction_scale"": 0.9, ""after_solref_scale"": 1.06, ""before_friction_scale"": 1.02, ""before_solref_scale"": 0.94}",4951eef2aba749b8f3d7fadefd77a4b094bcd7323c7ebde2a770790de788ea40,901570318b90cebe13ba4d68ac8a753242a15a84a11b16e3b0ecaf16e4fe4158,1425b15f73bd4095f0df53709d7c389c3eb9e790,2a66ca6336eadb3c0b34b557763f3e06d01ff8fcf6260dd4cedbd69d6093fc28,1ed1bda6106b8d18f21cf8b4054602d6dbebfff977296de8d23410f1ecc04fd4
hostv2_N_marble_concrete_0p15_v4_r1,hostv2_pair_351,hostv2_source_351,N_marble_concrete,N,marble,concrete,0.15,4,0.83,0.08,0.006,1.02,0.9,0.94,1.06,0.075,1,2026082451,1.2,38a51fa69b9c92dd34fe0cef8b71443caf39a023a68417cd78b48444acfc0534,True,True,1000,0.0005,1200,1.1015494072452725e-16,"[1200, 20]",True,300,34,0.3010000000000002,0.035000000000000024,,,,,,marble,"{""after_friction_scale"": 0.9, ""after_solref_scale"": 1.06, ""before_friction_scale"": 1.02, ""before_solref_scale"": 0.94}",cb29086557bb1716c575a3e645a6175e78a41644449a547a38e20cef7724be3a,8527f316fb9f85fc599bdafcd2b08ffe7184196d9b4831016ae62c905f446430,1425b15f73bd4095f0df53709d7c389c3eb9e790,2a66ca6336eadb3c0b34b557763f3e06d01ff8fcf6260dd4cedbd69d6093fc28,b23342c133384aab8937783fafd7dba26f1feef8fb2abd55371b8d61d9927efc
hostv2_N_marble_concrete_0p20_v4_r0,hostv2_pair_352,hostv2_source_352,N_marble_concrete,N,marble,concrete,0.2,4,0.83,0.08,0.006,1.02,0.9,0.94,1.06,0.075,0,2026082452,1.2,de844b5b2ab8a83791123c502b8ee28d3de1e6c72f457bb2231ede35c00724a9,True,True,1000,0.0005,1200,1.1015494072452725e-16,"[1200, 20]",True,327,34,0.32800000000000024,0.035000000000000024,,,,,,marble,"{""after_friction_scale"": 0.9, ""after_solref_scale"": 1.06, ""before_friction_scale"": 1.02, ""before_solref_scale"": 0.94}",eefd64409061d686959e28f2febead296f4671684b917f503212ae31b00a0b10,04ae1fd90e6b15c9fbfebfb484fdd9c264605f926ac4c2ef8a1b3aa3be9bb575,1425b15f73bd4095f0df53709d7c389c3eb9e790,2a66ca6336eadb3c0b34b557763f3e06d01ff8fcf6260dd4cedbd69d6093fc28,1a1a4f2a678103b32161103ba391ec9bff78fee997ad46cd5a507ed0d6ee3ccc
hostv2_N_marble_concrete_0p20_v4_r1,hostv2_pair_353,hostv2_source_353,N_marble_concrete,N,marble,concrete,0.2,4,0.83,0.08,0.006,1.02,0.9,0.94,1.06,0.075,1,2026082453,1.2,770146190109d8b5a3f7436675c4cc74fd009535754e69caede116082f74abb1,True,True,1000,0.0005,1200,1.1015494072452725e-16,"[1200, 20]",True,324,34,0.32500000000000023,0.035000000000000024,,,,,,marble,"{""after_friction_scale"": 0.9, ""after_solref_scale"": 1.06, ""before_friction_scale"": 1.02, ""before_solref_scale"": 0.94}",41876b7b671123cb8561c6ee981369de6a15b893800d55292fa86293d6239ac7,719fd63164ebafce766e75f36f7d42b3c7392c119c6783fe740cc5bbd9b26cab,1425b15f73bd4095f0df53709d7c389c3eb9e790,2a66ca6336eadb3c0b34b557763f3e06d01ff8fcf6260dd4cedbd69d6093fc28,5e4c1b3097c8020e11bf36e01859312af394e3caf050750c4afe28be72fc5777
hostv2_N_concrete_marble_0p10_v4_r0,hostv2_pair_354,hostv2_source_354,N_concrete_marble,N,concrete,marble,0.1,4,0.83,0.08,0.006,1.02,0.9,0.94,1.06,0.075,0,2026082454,1.2,d963cb047da4e946cb57353f9999a846197630f0cecf052124d8745cf1eb735a,True,True,1000,0.0005,1200,1.1015494072452725e-16,"[1200, 20]",True,282,34,0.2830000000000002,0.035000000000000024,,,,,,concrete,"{""after_friction_scale"": 0.9, ""after_solref_scale"": 1.06, ""before_friction_scale"": 1.02, ""before_solref_scale"": 0.94}",645ed721905400596d54e72b0794eb3227cf9656cc9c58e48928a80eb2f6c75f,38c8f3cf15927ac53e941cc4bb6398620c6c0a71ca195c2de146372b513239fc,1425b15f73bd4095f0df53709d7c389c3eb9e790,2a66ca6336eadb3c0b34b557763f3e06d01ff8fcf6260dd4cedbd69d6093fc28,fe44f1b9770bdec5e35e5fb99a737add6799248dacc176401288e905e43a683e
hostv2_N_concrete_marble_0p10_v4_r1,hostv2_pair_355,hostv2_source_355,N_concrete_marble,N,concrete,marble,0.1,4,0.83,0.08,0.006,1.02,0.9,0.94,1.06,0.075,1,2026082455,1.2,b2dbe6f7fb07bb5bee2d0b6507f3df9bf183985a1f3a3bb0e89f6c889c5e7c0e,True,True,1000,0.0005,1200,1.1015494072452725e-16,"[1200, 20]",True,284,34,0.2850000000000002,0.035000000000000024,,,,,,concrete,"{""after_friction_scale"": 0.9, ""after_solref_scale"": 1.06, ""before_friction_scale"": 1.02, ""before_solref_scale"": 0.94}",7c386e95fd7221c956817fc273815dbb298070ad1b951a24aef40297fe9b5f3f,6a43e9c30fbf365edc6ba0a9c749b17e87cc5abff5793dda94229932aa51108d,1425b15f73bd4095f0df53709d7c389c3eb9e790,2a66ca6336eadb3c0b34b557763f3e06d01ff8fcf6260dd4cedbd69d6093fc28,6f185b6b5c2925fe6ebfc79aa0c44d6b438599a797c1e051ea144cda9eb4f0a3
hostv2_N_concrete_marble_0p15_v4_r0,hostv2_pair_356,hostv2_source_356,N_concrete_marble,N,concrete,marble,0.15,4,0.83,0.08,0.006,1.02,0.9,0.94,1.06,0.075,0,2026082456,1.2,3e50b8bedcee348666deef5eeac4eaf72159a9b7798046084fc2e69a4ca6236a,True,True,1000,0.0005,1200,1.1015494072452725e-16,"[1200, 20]",True,320,34,0.32100000000000023,0.035000000000000024,,,,,,concrete,"{""after_friction_scale"": 0.9, ""after_solref_scale"": 1.06, ""before_friction_scale"": 1.02, ""before_solref_scale"": 0.94}",1decadc50d77be7f814e4b07f0b5fccd7f4dd7a000fde1b8ecc5dd575e252408,f9b85ba097a0ec37add769995198d55b1855f11134a6eb54839bdc7aac35ab5a,1425b15f73bd4095f0df53709d7c389c3eb9e790,2a66ca6336eadb3c0b34b557763f3e06d01ff8fcf6260dd4cedbd69d6093fc28,cc0de57dc807992a241de39385f58219b2e92d4b6797ff49e5dbddbf3a486941
hostv2_N_concrete_marble_0p15_v4_r1,hostv2_pair_357,hostv2_source_357,N_concrete_marble,N,concrete,marble,0.15,4,0.83,0.08,0.006,1.02,0.9,0.94,1.06,0.075,1,2026082457,1.2,bdabe0765aab52622ce3fd4fa5a50fadb863c97eda3f9927dd2a43c76d2c9d93,True,True,1000,0.0005,1200,1.1015494072452725e-16,"[1200, 20]",True,320,34,0.32100000000000023,0.035000000000000024,,,,,,concrete,"{""after_friction_scale"": 0.9, ""after_solref_scale"": 1.06, ""before_friction_scale"": 1.02, ""before_solref_scale"": 0.94}",f9989c344d75dbccf064685a1b8425644c6958b1d73f63ba638582a262b05bc6,7b8ac132694dd4ee4274e01c9fd2e85bb5a931beff7b70fa863296559ce6540e,1425b15f73bd4095f0df53709d7c389c3eb9e790,2a66ca6336eadb3c0b34b557763f3e06d01ff8fcf6260dd4cedbd69d6093fc28,e9184ede345220c7e4cc92dc59292f717b224027ed95bf9ac09b856048a5bd6c
hostv2_N_concrete_marble_0p20_v4_r0,hostv2_pair_358,hostv2_source_358,N_concrete_marble,N,concrete,marble,0.2,4,0.83,0.08,0.006,1.02,0.9,0.94,1.06,0.075,0,2026082458,1.2,9f8b6af08546a6bdd5be22e7137e8b062b630ce9a42f947e590d734a2ed49cff,True,True,1000,0.0005,1200,1.1015494072452725e-16,"[1200, 20]",True,327,34,0.32800000000000024,0.035000000000000024,,,,,,concrete,"{""after_friction_scale"": 0.9, ""after_solref_scale"": 1.06, ""before_friction_scale"": 1.02, ""before_solref_scale"": 0.94}",2c6ec2cd00c8d9d3d24dedc669d910f2836a147b70e31fb6bac329846b0856d2,2526dcfc869770c4418a0b222adcd45909345597e1aed28284441ea4fca48d9f,1425b15f73bd4095f0df53709d7c389c3eb9e790,2a66ca6336eadb3c0b34b557763f3e06d01ff8fcf6260dd4cedbd69d6093fc28,881bf144743e8f176efd1647c868261bd41ca427eb1ea87cebf6f5a2dc0c0263
hostv2_N_concrete_marble_0p20_v4_r1,hostv2_pair_359,hostv2_source_359,N_concrete_marble,N,concrete,marble,0.2,4,0.83,0.08,0.006,1.02,0.9,0.94,1.06,0.075,1,2026082459,1.2,e2b85f9fe43851a4450f24025aa24e974fca5e21e15e5139b890229653f3b8b8,True,True,1000,0.0005,1200,1.1015494072452725e-16,"[1200, 20]",True,328,34,0.32900000000000024,0.035000000000000024,,,,,,concrete,"{""after_friction_scale"": 0.9, ""after_solref_scale"": 1.06, ""before_friction_scale"": 1.02, ""before_solref_scale"": 0.94}",fea0e56ef9e10a0ba60704e083657681591ad8823432a59a0a15e48a7b330af7,64c319c036158ef7193a7fe6478dc9fd05c4e0714ae32defc7664c793f4ae7e1,1425b15f73bd4095f0df53709d7c389c3eb9e790,2a66ca6336eadb3c0b34b557763f3e06d01ff8fcf6260dd4cedbd69d6093fc28,fdd6ceff3e7620ff8246a91ec6de8a105195c902abed9d6333310bfddb90ba9b
hostv2_B_marble_sand_0p10_v4_r0,hostv2_pair_360,hostv2_source_360,B_marble_sand,B,marble,sand,0.1,4,0.83,0.08,0.006,1.02,0.9,0.94,1.06,0.075,0,2026082460,1.2,c19c053d89c1a07e9fedc98ac4cbc612e0abaf6986fbcf1edd90ec69afb1c929,True,True,1000,0.0005,1200,1.1015494072452725e-16,"[1200, 20]",True,240,34,0.2410000000000002,0.035000000000000024,,,,,,marble,"{""after_friction_scale"": 0.9, ""after_solref_scale"": 1.06, ""before_friction_scale"": 1.02, ""before_solref_scale"": 0.94}",547724f3e1e715611f8902801e0bcb7024f9069e17050ee82d7db2f1aec3a079,19bf08645c5000923340af393131148407914d1b333b69fe04f424eae111f6e8,1425b15f73bd4095f0df53709d7c389c3eb9e790,2a66ca6336eadb3c0b34b557763f3e06d01ff8fcf6260dd4cedbd69d6093fc28,cdc6b6c3ead5af233b48354537dbb40c40abbb05b20334a14608e29da4a29a92
hostv2_B_marble_sand_0p10_v4_r1,hostv2_pair_361,hostv2_source_361,B_marble_sand,B,marble,sand,0.1,4,0.83,0.08,0.006,1.02,0.9,0.94,1.06,0.075,1,2026082461,1.2,4c83533ad997edc01df0eb7326ed32507faf29aa1321e082fed91c5511dd12c0,True,True,1000,0.0005,1200,1.1015494072452725e-16,"[1200, 20]",True,240,34,0.2410000000000002,0.035000000000000024,,,,,,marble,"{""after_friction_scale"": 0.9, ""after_solref_scale"": 1.06, ""before_friction_scale"": 1.02, ""before_solref_scale"": 0.94}",b1cd7a75738b154ed46b23b4b6c6f9f871bf133d6c969793639b92472ccf709e,19c126ea0ef48cd64b93b484e16d31c8c03bb93a7060d6c5c19aeedd0ca4db14,1425b15f73bd4095f0df53709d7c389c3eb9e790,2a66ca6336eadb3c0b34b557763f3e06d01ff8fcf6260dd4cedbd69d6093fc28,323791ea5fb32b1648c57af3be369eb4cec9d21e78679ed8ddec513b5d9468de
hostv2_B_marble_sand_0p15_v4_r0,hostv2_pair_362,hostv2_source_362,B_marble_sand,B,marble,sand,0.15,4,0.83,0.08,0.006,1.02,0.9,0.94,1.06,0.075,0,2026082462,1.2,eb053bf694899bfaf8699d96a8ccef893109bb9c3f56f7934ecd299723558bf5,True,True,1000,0.0005,1200,1.1015494072452725e-16,"[1200, 20]",True,280,34,0.2810000000000002,0.035000000000000024,,,,,,marble,"{""after_friction_scale"": 0.9, ""after_solref_scale"": 1.06, ""before_friction_scale"": 1.02, ""before_solref_scale"": 0.94}",690ed1484ee0854d0b980eefdb1206bebfc8992df3e25730b4d1771eade8eff4,64ccb9666daf27f23323e6702f31a88fbdba953f317e5d573ab250f83304eee0,1425b15f73bd4095f0df53709d7c389c3eb9e790,2a66ca6336eadb3c0b34b557763f3e06d01ff8fcf6260dd4cedbd69d6093fc28,bdc55676b35c622a8319de680a5467e281df074831097c617d402d670375f2a6
hostv2_B_marble_sand_0p15_v4_r1,hostv2_pair_363,hostv2_source_363,B_marble_sand,B,marble,sand,0.15,4,0.83,0.08,0.006,1.02,0.9,0.94,1.06,0.075,1,2026082463,1.2,2e60bdfc7dff3e81e4fbb3a199bc9edf65772b1634ee9f3d180e0ac23a355298,True,True,1000,0.0005,1200,1.1015494072452725e-16,"[1200, 20]",True,280,34,0.2810000000000002,0.035000000000000024,,,,,,marble,"{""after_friction_scale"": 0.9, ""after_solref_scale"": 1.06, ""before_friction_scale"": 1.02, ""before_solref_scale"": 0.94}",9f1f600f86551154f2f89dc84885ff5502af1ce1e6dba12c5fddf28d256eaa5e,4d33ac7ebf1058a78be5ca364455a1b3af495d8e2bee52e5e8c21c77cc6b2e69,1425b15f73bd4095f0df53709d7c389c3eb9e790,2a66ca6336eadb3c0b34b557763f3e06d01ff8fcf6260dd4cedbd69d6093fc28,fdc30801be6a1d5706f54a253d63781688def64668778cfa5762b1a592f458e2
hostv2_B_marble_sand_0p20_v4_r0,hostv2_pair_364,hostv2_source_364,B_marble_sand,B,marble,sand,0.2,4,0.83,0.08,0.006,1.02,0.9,0.94,1.06,0.075,0,2026082464,1.2,56f32964c4111a15f1ec983ed739cdb873920c7c9366c8f36207b88d000f7a91,True,True,1000,0.0005,1200,1.1015494072452725e-16,"[1200, 20]",True,301,34,0.3020000000000002,0.035000000000000024,,,,,,marble,"{""after_friction_scale"": 0.9, ""after_solref_scale"": 1.06, ""before_friction_scale"": 1.02, ""before_solref_scale"": 0.94}",a578e2073667ad3c64b6673cc9b7f8972238b4996707c821cb08c06553fd5ef2,02af789d38d28de5166b5d253e14483d035608e7e42eeda0ec1826d007ee5e92,1425b15f73bd4095f0df53709d7c389c3eb9e790,2a66ca6336eadb3c0b34b557763f3e06d01ff8fcf6260dd4cedbd69d6093fc28,aa9883d53c7c552b773e4db95cef96f5db372113cdda14d139572fe8c9b6abcc
hostv2_B_marble_sand_0p20_v4_r1,hostv2_pair_365,hostv2_source_365,B_marble_sand,B,marble,sand,0.2,4,0.83,0.08,0.006,1.02,0.9,0.94,1.06,0.075,1,2026082465,1.2,65437baeea162be4b97405cfa1741c66c583eb6f1386ac9ef9894cb5d7a1f038,True,True,1000,0.0005,1200,1.1015494072452725e-16,"[1200, 20]",True,300,34,0.3010000000000002,0.035000000000000024,,999,,,,marble,"{""after_friction_scale"": 0.9, ""after_solref_scale"": 1.06, ""before_friction_scale"": 1.02, ""before_solref_scale"": 0.94}",de33533f4b442f11f96b7f64e834b434ffb6523d5a9d197c2015367f34e6cb4e,aff121777053260e6fc751133c4e930cf20ff8b0e0cc3866005c8f8faf3f4859,1425b15f73bd4095f0df53709d7c389c3eb9e790,2a66ca6336eadb3c0b34b557763f3e06d01ff8fcf6260dd4cedbd69d6093fc28,83d3eb7e7b8c08d802836118aca7fc2b936cdde121dac5ada069e5bcdc9a2e33
hostv2_B_concrete_sand_0p10_v4_r0,hostv2_pair_366,hostv2_source_366,B_concrete_sand,B,concrete,sand,0.1,4,0.83,0.08,0.006,1.02,0.9,0.94,1.06,0.075,0,2026082466,1.2,9b2cd819f22977e5b8f6ed783abcfb88bc353d3fc9fd7b9b19b57cf86e8517e3,True,True,1000,0.0005,1200,1.1015494072452725e-16,"[1200, 20]",True,260,34,0.2610000000000002,0.035000000000000024,,,,,,concrete,"{""after_friction_scale"": 0.9, ""after_solref_scale"": 1.06, ""before_friction_scale"": 1.02, ""before_solref_scale"": 0.94}",6704c9bdb109f7b97c080676b4fe844f5afc884ae0df5093a8c3ac2836289503,751d9617cd477826f75940625e577e5efb200c8ca08a92998de2eaa978bfb53a,1425b15f73bd4095f0df53709d7c389c3eb9e790,2a66ca6336eadb3c0b34b557763f3e06d01ff8fcf6260dd4cedbd69d6093fc28,60311964c47fd2d34a231db8d733d1756e99ec3f4b3b0ae2acb4b9ed4e718c99
hostv2_B_concrete_sand_0p10_v4_r1,hostv2_pair_367,hostv2_source_367,B_concrete_sand,B,concrete,sand,0.1,4,0.83,0.08,0.006,1.02,0.9,0.94,1.06,0.075,1,2026082467,1.2,4246ce450f866bc2827667bd468d0eff8bab4e2cf0becd222486e800bc30c21f,True,True,1000,0.0005,1200,1.1015494072452725e-16,"[1200, 20]",True,260,34,0.2610000000000002,0.035000000000000024,,,,,,concrete,"{""after_friction_scale"": 0.9, ""after_solref_scale"": 1.06, ""before_friction_scale"": 1.02, ""before_solref_scale"": 0.94}",a80df6ea4cd7b13fde74f6e1727bd8cc853118182e18682c747043d15fb2294c,30a7b7a7d33703cf7db78c07bfe7d4a24474d4030c966ae538407279fd47bb85,1425b15f73bd4095f0df53709d7c389c3eb9e790,2a66ca6336eadb3c0b34b557763f3e06d01ff8fcf6260dd4cedbd69d6093fc28,1ed9c1b8e8f17dc18c782da44ae2b6a89f599c1d1ec8df0aa320f0fb74688b1d
hostv2_B_concrete_sand_0p15_v4_r0,hostv2_pair_368,hostv2_source_368,B_concrete_sand,B,concrete,sand,0.15,4,0.83,0.08,0.006,1.02,0.9,0.94,1.06,0.075,0,2026082468,1.2,466a3fd6d1a50603d6d4d826b68d4d55e30685e990cd0828cb5a90ad02e68852,True,True,1000,0.0005,1200,1.1015494072452725e-16,"[1200, 20]",True,300,34,0.3010000000000002,0.035000000000000024,,,,,,concrete,"{""after_friction_scale"": 0.9, ""after_solref_scale"": 1.06, ""before_friction_scale"": 1.02, ""before_solref_scale"": 0.94}",d2702d96c89a3458dbfb224a7e433ba3bd15b77df04e04bcb88e17dd0a4fca9d,d1b93037c0ffd1e05b23ff2d2de0f2523a5a7931db4cc9441e986a49c119a8f2,1425b15f73bd4095f0df53709d7c389c3eb9e790,2a66ca6336eadb3c0b34b557763f3e06d01ff8fcf6260dd4cedbd69d6093fc28,6415afc547ed396a1381565d163e1162aa1e3def51a83fcb03db6b96b361c5c7
hostv2_B_concrete_sand_0p15_v4_r1,hostv2_pair_369,hostv2_source_369,B_concrete_sand,B,concrete,sand,0.15,4,0.83,0.08,0.006,1.02,0.9,0.94,1.06,0.075,1,2026082469,1.2,570f62690b5d09885e12f22516e4dbfae3e751142ed680f57ce856a4eda948a5,True,True,1000,0.0005,1200,1.1015494072452725e-16,"[1200, 20]",True,300,34,0.3010000000000002,0.035000000000000024,,,,,,concrete,"{""after_friction_scale"": 0.9, ""after_solref_scale"": 1.06, ""before_friction_scale"": 1.02, ""before_solref_scale"": 0.94}",a850ab2b5e8dfb972341d9a31a25cb14b3ce28e2e0e5f7f25c3b1675fa4903fb,3e15887a7b53e88e9db6734c19a1fa3bee353379fb4c18d924146c625c7c443f,1425b15f73bd4095f0df53709d7c389c3eb9e790,2a66ca6336eadb3c0b34b557763f3e06d01ff8fcf6260dd4cedbd69d6093fc28,ffd67b06e3ce63ad9d40ae2be27fef7b708dcdadef64ff8304fb9db282b36898
hostv2_B_concrete_sand_0p20_v4_r0,hostv2_pair_370,hostv2_source_370,B_concrete_sand,B,concrete,sand,0.2,4,0.83,0.08,0.006,1.02,0.9,0.94,1.06,0.075,0,2026082470,1.2,f8663c90324af8de99e3ba62959a8284b8b579d122e316323b5a4c74761e0055,True,True,1000,0.0005,1200,1.1015494072452725e-16,"[1200, 20]",True,320,34,0.32100000000000023,0.035000000000000024,,1099,,,,concrete,"{""after_friction_scale"": 0.9, ""after_solref_scale"": 1.06, ""before_friction_scale"": 1.02, ""before_solref_scale"": 0.94}",f75bbbf17487e1dfe60bae0925780db84f0430739855feddf149177e357894fd,9b1aeef867398679f9db95398de95b0946deeb2514da6440096de51b8ab40cbb,1425b15f73bd4095f0df53709d7c389c3eb9e790,2a66ca6336eadb3c0b34b557763f3e06d01ff8fcf6260dd4cedbd69d6093fc28,0ce4dc106cb57dfac68a67244bd773489141816e9ffe33b268c6f6af65f6f8d1
hostv2_B_concrete_sand_0p20_v4_r1,hostv2_pair_371,hostv2_source_371,B_concrete_sand,B,concrete,sand,0.2,4,0.83,0.08,0.006,1.02,0.9,0.94,1.06,0.075,1,2026082471,1.2,332202686d2e2b073e1b049baec961798aceecdf668f5c31d58e0cccb85e8f3a,True,True,1000,0.0005,1200,1.1015494072452725e-16,"[1200, 20]",True,320,34,0.32100000000000023,0.035000000000000024,,1083,,,,concrete,"{""after_friction_scale"": 0.9, ""after_solref_scale"": 1.06, ""before_friction_scale"": 1.02, ""before_solref_scale"": 0.94}",5477f80bec16aa40a4508d5a1dc6f6be5db0d7a0d0549ae5361f98fe6f096134,b73b51608dba50f543b73feb438ebf002aca58c23657edbb5c676bb0dd93e360,1425b15f73bd4095f0df53709d7c389c3eb9e790,2a66ca6336eadb3c0b34b557763f3e06d01ff8fcf6260dd4cedbd69d6093fc28,7328cd214c0356f57970400680b7b61dbee20f26b2970d755f074308c69284a0
hostv2_C_ice_marble_0p10_v4_r0,hostv2_pair_372,hostv2_source_372,C_ice_marble,C,ice,marble,0.1,4,0.83,0.08,0.006,1.02,0.9,0.94,1.06,0.075,0,2026082472,1.2,53869319898f57a3ddf36dcd76b2f407254c0d22802bd790f7f13248c9cd80d9,True,True,1000,0.0005,1200,1.1015494072452725e-16,"[1200, 20]",True,169,34,0.17000000000000012,0.035000000000000024,738,619,,,,marble,"{""after_friction_scale"": 0.9, ""after_solref_scale"": 1.06, ""before_friction_scale"": 1.02, ""before_solref_scale"": 0.94}",63d0bee386815f909d276e848c65dfe7ba631d491f8501e03e4a7294561b6453,76d216263b700a0bbae58d1f19795415598418311130b8f8e86eae0b02d741ef,1425b15f73bd4095f0df53709d7c389c3eb9e790,2a66ca6336eadb3c0b34b557763f3e06d01ff8fcf6260dd4cedbd69d6093fc28,9469349e4a21cec972460c90d6850977522e31f1845dc029525c60d561fcbc98
hostv2_C_ice_marble_0p10_v4_r1,hostv2_pair_373,hostv2_source_373,C_ice_marble,C,ice,marble,0.1,4,0.83,0.08,0.006,1.02,0.9,0.94,1.06,0.075,1,2026082473,1.2,aa4acbe3d57ff55b4412f6d0a56bb2db701040ea4cdbfb82a85629917e75ab54,True,True,1000,0.0005,1200,1.1015494072452725e-16,"[1200, 20]",True,151,34,0.1520000000000001,0.035000000000000024,748,626,,,,marble,"{""after_friction_scale"": 0.9, ""after_solref_scale"": 1.06, ""before_friction_scale"": 1.02, ""before_solref_scale"": 0.94}",8c4eda5e438b64e19be01b4a4c21915f9ad1010611c257053a9e20d85684785d,d2ff6d8d02f5181df5efa7b384fbb44eb00a3c56b9fb598fccd99497bdf678c9,1425b15f73bd4095f0df53709d7c389c3eb9e790,2a66ca6336eadb3c0b34b557763f3e06d01ff8fcf6260dd4cedbd69d6093fc28,9498d90621a8b402bd6765d049c16ec08f2fbcdbde0d2349d39b9dd50332b129
hostv2_C_ice_marble_0p15_v4_r0,hostv2_pair_374,hostv2_source_374,C_ice_marble,C,ice,marble,0.15,4,0.83,0.08,0.006,1.02,0.9,0.94,1.06,0.075,0,2026082474,1.2,313b29164715a4543d3c0bf1c3a3dd54fbd3cbd90e573e0c5f22eed56697fd5b,True,True,1000,0.0005,1200,1.1015494072452725e-16,"[1200, 20]",True,147,34,0.1480000000000001,0.035000000000000024,,,,,,marble,"{""after_friction_scale"": 0.9, ""after_solref_scale"": 1.06, ""before_friction_scale"": 1.02, ""before_solref_scale"": 0.94}",e2b7f4888f878b9c9c98f534eca4e4428847268b8fced2f4cea4af8e641064e3,8b6561d7aa2f3c1d1b022f260cb8105c9bf2ecfef2e06052e8955612e8145082,1425b15f73bd4095f0df53709d7c389c3eb9e790,2a66ca6336eadb3c0b34b557763f3e06d01ff8fcf6260dd4cedbd69d6093fc28,be55b519837d9a87e1ef35bbd25b744b7e64887136bfc2931342b618f0bd8ec9
hostv2_C_ice_marble_0p15_v4_r1,hostv2_pair_375,hostv2_source_375,C_ice_marble,C,ice,marble,0.15,4,0.83,0.08,0.006,1.02,0.9,0.94,1.06,0.075,1,2026082475,1.2,28b5eb52e636278945715ac2e44351f09f9957dc3171e27efecd0f858ce23c4e,True,True,1000,0.0005,1200,1.1015494072452725e-16,"[1200, 20]",True,160,34,0.16100000000000012,0.035000000000000024,,621,,,,marble,"{""after_friction_scale"": 0.9, ""after_solref_scale"": 1.06, ""before_friction_scale"": 1.02, ""before_solref_scale"": 0.94}",0bdb4a566a96a928aa616c0874f85415c1cf06852b302f6393f950d1c47e2784,337337f189ec2da82ce617adae65e00ff5ba1db100aa7fe74cffbf7dcd72608a,1425b15f73bd4095f0df53709d7c389c3eb9e790,2a66ca6336eadb3c0b34b557763f3e06d01ff8fcf6260dd4cedbd69d6093fc28,c8169e0c8e847f0ae19ccc200c0d5afb8e64504f92560399f414b54dfea9a223
hostv2_C_ice_marble_0p20_v4_r0,hostv2_pair_376,hostv2_source_376,C_ice_marble,C,ice,marble,0.2,4,0.83,0.08,0.006,1.02,0.9,0.94,1.06,0.075,0,2026082476,1.2,0066682e3c4d0411b741070f420c35dec69df9179adceb30039d23607e400adb,True,True,1000,0.0005,1200,1.1015494072452725e-16,"[1200, 20]",True,185,34,0.18600000000000014,0.035000000000000024,,,,,,marble,"{""after_friction_scale"": 0.9, ""after_solref_scale"": 1.06, ""before_friction_scale"": 1.02, ""before_solref_scale"": 0.94}",4c246192f5943af6a8d4d3e3dae09c3181feae20d90f0f5990dd402f56ddbe50,7739994ef1b423847de9af295144c4377067fdb3831fcf8797f909151cc333b8,1425b15f73bd4095f0df53709d7c389c3eb9e790,2a66ca6336eadb3c0b34b557763f3e06d01ff8fcf6260dd4cedbd69d6093fc28,b3a44758e0641c1cf729388ff28e438d6d3115fee855fd55dde7d45b52594cf6
hostv2_C_ice_marble_0p20_v4_r1,hostv2_pair_377,hostv2_source_377,C_ice_marble,C,ice,marble,0.2,4,0.83,0.08,0.006,1.02,0.9,0.94,1.06,0.075,1,2026082477,1.2,5ec1a21d453604fbe46a4f80b22778fd8585b8ba176d2219b28ae94fdcbb5565,True,True,1000,0.0005,1200,1.1015494072452725e-16,"[1200, 20]",True,176,34,0.17700000000000013,0.035000000000000024,,605,,,,marble,"{""after_friction_scale"": 0.9, ""after_solref_scale"": 1.06, ""before_friction_scale"": 1.02, ""before_solref_scale"": 0.94}",74c99246cc6f310b20b9c9e1c8f7ea241fd2042a28501b6f2bb87120a12c06d0,b7d0ff977b5140e93b1d6b606fb785742d7a489d4e672a85d60dff9a1f2e8767,1425b15f73bd4095f0df53709d7c389c3eb9e790,2a66ca6336eadb3c0b34b557763f3e06d01ff8fcf6260dd4cedbd69d6093fc28,e71ecd887eba49eac07482cc6001088d4c7933571e061cfa426f7df3f438bc2f
hostv2_C_ice_concrete_0p10_v4_r0,hostv2_pair_378,hostv2_source_378,C_ice_concrete,C,ice,concrete,0.1,4,0.83,0.08,0.006,1.02,0.9,0.94,1.06,0.075,0,2026082478,1.2,0efac559fe89e5e844b6a1cab8a1c542906b8f2f1f420b6cf28aa6684dbc00da,True,True,1000,0.0005,1200,1.1015494072452725e-16,"[1200, 20]",True,169,34,0.17000000000000012,0.035000000000000024,876,1155,,,,concrete,"{""after_friction_scale"": 0.9, ""after_solref_scale"": 1.06, ""before_friction_scale"": 1.02, ""before_solref_scale"": 0.94}",36d78fa3b2be88ee0ff9fa59a5e04e3ea32b7c2cbd228c52d38fa4fb61b6b49e,d49c772e318e2f9004b931d434eabc6c579289435d7be4fc0ebf12fe9a6e52c0,1425b15f73bd4095f0df53709d7c389c3eb9e790,2a66ca6336eadb3c0b34b557763f3e06d01ff8fcf6260dd4cedbd69d6093fc28,a69fae4fa2add9240ddfd15fd0d5a876fce32e2f7a0b259de667e265bcf6fd53
hostv2_C_ice_concrete_0p10_v4_r1,hostv2_pair_379,hostv2_source_379,C_ice_concrete,C,ice,concrete,0.1,4,0.83,0.08,0.006,1.02,0.9,0.94,1.06,0.075,1,2026082479,1.2,7a9d9ca47429a6a0feb64fc775c5e032243d6a2791c01285d9a3b9cb52346e73,True,True,1000,0.0005,1200,1.1015494072452725e-16,"[1200, 20]",True,184,34,0.18500000000000014,0.035000000000000024,876,1099,,,,concrete,"{""after_friction_scale"": 0.9, ""after_solref_scale"": 1.06, ""before_friction_scale"": 1.02, ""before_solref_scale"": 0.94}",331b4f55267533e61f0fad66dfe71ebb052130d5bf5f65c5aaf21a0b1c4c15af,5fc204269b5fbc062bf9a5806e90d956c3661a0e0fb4a6f7c54c5aee307ad786,1425b15f73bd4095f0df53709d7c389c3eb9e790,2a66ca6336eadb3c0b34b557763f3e06d01ff8fcf6260dd4cedbd69d6093fc28,391e556a7e80e570d4a6fc75a909f9dd5af6ef7f98c072b577ef5230dd5818b7
hostv2_C_ice_concrete_0p15_v4_r0,hostv2_pair_380,hostv2_source_380,C_ice_concrete,C,ice,concrete,0.15,4,0.83,0.08,0.006,1.02,0.9,0.94,1.06,0.075,0,2026082480,1.2,ada79b5aa4b68f4a59c3147add21374809aa14f1dfb2284c5345a4fdff9cfd1b,True,True,1000,0.0005,1200,1.1015494072452725e-16,"[1200, 20]",True,134,34,0.1350000000000001,0.035000000000000024,,,,,,concrete,"{""after_friction_scale"": 0.9, ""after_solref_scale"": 1.06, ""before_friction_scale"": 1.02, ""before_solref_scale"": 0.94}",43d8416a20ee5e53011d1c8652423611ab07ee1803ca10e1ca27133921ec211b,b573db2caf871349ed0a1395c66f405b1439525c9151807de8c3b60d0a680563,1425b15f73bd4095f0df53709d7c389c3eb9e790,2a66ca6336eadb3c0b34b557763f3e06d01ff8fcf6260dd4cedbd69d6093fc28,fb63b2a7d6a1f4474a58422b8a0f25f0fadbdaee799dde4e5ac3e4c162430cba
hostv2_C_ice_concrete_0p15_v4_r1,hostv2_pair_381,hostv2_source_381,C_ice_concrete,C,ice,concrete,0.15,4,0.83,0.08,0.006,1.02,0.9,0.94,1.06,0.075,1,2026082481,1.2,c744c5d8c12c8142f3eea4c7cd31794c683010d79afedb9b5c9139c9ef220b0e,True,True,1000,0.0005,1200,1.1015494072452725e-16,"[1200, 20]",True,134,34,0.1350000000000001,0.035000000000000024,,,,,,concrete,"{""after_friction_scale"": 0.9, ""after_solref_scale"": 1.06, ""before_friction_scale"": 1.02, ""before_solref_scale"": 0.94}",010589e7c1d506b411f87d8307db1d17c43783261e2f6bc0e6f117b7b77a8045,31438a91e532ee27950eef60117018916268936447a753e72fcacc670a4a4f18,1425b15f73bd4095f0df53709d7c389c3eb9e790,2a66ca6336eadb3c0b34b557763f3e06d01ff8fcf6260dd4cedbd69d6093fc28,8d641d7acd1f9f2163464737f9e2b785d4d5d2cb32c585af99a77ce2e2bf1e94
hostv2_C_ice_concrete_0p20_v4_r0,hostv2_pair_382,hostv2_source_382,C_ice_concrete,C,ice,concrete,0.2,4,0.83,0.08,0.006,1.02,0.9,0.94,1.06,0.075,0,2026082482,1.2,7c2c373544ab8c2572b2245c8cf42262a88e8122119a5ad8e9febe3da41b70ca,True,True,1000,0.0005,1200,1.1015494072452725e-16,"[1200, 20]",True,134,34,0.1350000000000001,0.035000000000000024,,1098,,,,concrete,"{""after_friction_scale"": 0.9, ""after_solref_scale"": 1.06, ""before_friction_scale"": 1.02, ""before_solref_scale"": 0.94}",5fda7c0afbec20b987e9b28fc5b868b9f5756e3a55e74c6e12d1fc55c402fee9,4955cb58a31e5e19af926673863979342e225440d091d69faf375e8adaf3afc3,1425b15f73bd4095f0df53709d7c389c3eb9e790,2a66ca6336eadb3c0b34b557763f3e06d01ff8fcf6260dd4cedbd69d6093fc28,ca23fdb694f7be6607d773c81d5fe2cfb1d9dc7a7afb220aac30dffa6f7d800e
hostv2_C_ice_concrete_0p20_v4_r1,hostv2_pair_383,hostv2_source_383,C_ice_concrete,C,ice,concrete,0.2,4,0.83,0.08,0.006,1.02,0.9,0.94,1.06,0.075,1,2026082483,1.2,bf4013f1d90949748a48ccc01162127a669d1cc49f5eab5262289a62bd6c2bea,True,True,1000,0.0005,1200,1.1015494072452725e-16,"[1200, 20]",True,134,34,0.1350000000000001,0.035000000000000024,,,,,,concrete,"{""after_friction_scale"": 0.9, ""after_solref_scale"": 1.06, ""before_friction_scale"": 1.02, ""before_solref_scale"": 0.94}",8311a09fc4c0490fca5636ce78d7b3f99ab1b48b2af8af5e28ec9b146d0584bd,0d81c10ea30468db3d423065eea0c1cb068abf0fe73de7dabe9693790e9e815f,1425b15f73bd4095f0df53709d7c389c3eb9e790,2a66ca6336eadb3c0b34b557763f3e06d01ff8fcf6260dd4cedbd69d6093fc28,66e1c6aa7f53f3b1aacbcfca02e9c1577532368102bd8ad74b57d2ac517c0a65
hostv2_D_sand_marble_0p10_v4_r0,hostv2_pair_384,hostv2_source_384,D_sand_marble,D,sand,marble,0.1,4,0.83,0.08,0.006,1.02,0.9,0.94,1.06,0.075,0,2026082484,1.2,c498c4963174b37e5a383de7873fde8771b09cd4b355992e71a844ef6f5ff8ad,True,True,1000,0.0005,1200,1.1015494072452725e-16,"[1200, 20]",True,300,34,0.3010000000000002,0.035000000000000024,,,,,,marble,"{""after_friction_scale"": 0.9, ""after_solref_scale"": 1.06, ""before_friction_scale"": 1.02, ""before_solref_scale"": 0.94}",6d593c5ff34742c5533302d50150e876513a158196177a53e994c47c2104a8d7,503cc430ecebd837b5c641c0f3da03a1b8ba784e03c4090d5efb10271e1dd87f,1425b15f73bd4095f0df53709d7c389c3eb9e790,2a66ca6336eadb3c0b34b557763f3e06d01ff8fcf6260dd4cedbd69d6093fc28,d76cfd0d9780c0895605e7eb1264c90f22e4e65a53723ad68965d5a575688db0
hostv2_D_sand_marble_0p10_v4_r1,hostv2_pair_385,hostv2_source_385,D_sand_marble,D,sand,marble,0.1,4,0.83,0.08,0.006,1.02,0.9,0.94,1.06,0.075,1,2026082485,1.2,e1f4cff3359166ebb743132ee48374a1e5da31928e32ea9d11e49295ee247a3b,True,True,1000,0.0005,1200,1.1015494072452725e-16,"[1200, 20]",True,300,34,0.3010000000000002,0.035000000000000024,,,,,,marble,"{""after_friction_scale"": 0.9, ""after_solref_scale"": 1.06, ""before_friction_scale"": 1.02, ""before_solref_scale"": 0.94}",022857ebd77850ddf672f1d1269efd7cb3a6e0a6f848d79329e1706f1de63fb5,b7ca426b2afbb6f9075a0cbff8a31e3f352734b88c90197c2a3effafb71a7c1d,1425b15f73bd4095f0df53709d7c389c3eb9e790,2a66ca6336eadb3c0b34b557763f3e06d01ff8fcf6260dd4cedbd69d6093fc28,3691a5b4a93b8f0b9bfeafd499c2e59c22f2e9f74bd99173c7bffaa5e6b3a9c5
hostv2_D_sand_marble_0p15_v4_r0,hostv2_pair_386,hostv2_source_386,D_sand_marble,D,sand,marble,0.15,4,0.83,0.08,0.006,1.02,0.9,0.94,1.06,0.075,0,2026082486,1.2,7db7608474351a14e7c677a0c22e3503ca1162fc47c882337a14fa4214c4daff,True,True,1000,0.0005,1200,1.1015494072452725e-16,"[1200, 20]",True,300,34,0.3010000000000002,0.035000000000000024,1129,1166,,,,marble,"{""after_friction_scale"": 0.9, ""after_solref_scale"": 1.06, ""before_friction_scale"": 1.02, ""before_solref_scale"": 0.94}",a97adce723f636c52ee99526b9ce132ad7de070520632e1b89dd09f944134310,212f67a5548b4021da4027d5ba20d24f92c58eefefe7c6c85f45433e57e3061c,1425b15f73bd4095f0df53709d7c389c3eb9e790,2a66ca6336eadb3c0b34b557763f3e06d01ff8fcf6260dd4cedbd69d6093fc28,9e61194da736bc96243d0bd1feaaf77974446a4c1549044c2bd526aba1417151
hostv2_D_sand_marble_0p15_v4_r1,hostv2_pair_387,hostv2_source_387,D_sand_marble,D,sand,marble,0.15,4,0.83,0.08,0.006,1.02,0.9,0.94,1.06,0.075,1,2026082487,1.2,1376a3a84ac3edf19aed43e9caa75d7b56a6a6f29b59656cebca6e8d78138417,True,True,1000,0.0005,1200,1.1015494072452725e-16,"[1200, 20]",True,300,34,0.3010000000000002,0.035000000000000024,1129,1164,,,,marble,"{""after_friction_scale"": 0.9, ""after_solref_scale"": 1.06, ""before_friction_scale"": 1.02, ""before_solref_scale"": 0.94}",6173314581057d8c7e516ef30c93d5064b0120102f9eb69514cfc62e3e59d794,74ada088490229b0acc8585838078b7bb1c7092017dcf18ad2becefb8cdabfe8,1425b15f73bd4095f0df53709d7c389c3eb9e790,2a66ca6336eadb3c0b34b557763f3e06d01ff8fcf6260dd4cedbd69d6093fc28,90661f52f390f43b232e5216be488f57e915b8001ed41a3c2312cac1e3dade48
hostv2_D_sand_marble_0p20_v4_r0,hostv2_pair_388,hostv2_source_388,D_sand_marble,D,sand,marble,0.2,4,0.83,0.08,0.006,1.02,0.9,0.94,1.06,0.075,0,2026082488,1.2,820f72eb540d55846deb536c3f3fb2c5a1fd68a18bc5ff1b122f40c6764fd9af,True,True,1000,0.0005,1200,1.1015494072452725e-16,"[1200, 20]",True,320,34,0.32100000000000023,0.035000000000000024,,,,,,marble,"{""after_friction_scale"": 0.9, ""after_solref_scale"": 1.06, ""before_friction_scale"": 1.02, ""before_solref_scale"": 0.94}",544c7e53309d45e40f4e63c9da27175b7aecc2495484c2fb612f1855eb0d3ed1,7890bcfdfc3bb29c1f8fe63d50be357e8a2e6ef4e71eb918226abdd47f94681f,1425b15f73bd4095f0df53709d7c389c3eb9e790,2a66ca6336eadb3c0b34b557763f3e06d01ff8fcf6260dd4cedbd69d6093fc28,b6f7be7cfce1c7b31c1b916c9910fc9547550dcccbfa5b52dbf2c2700b570a9f
hostv2_D_sand_marble_0p20_v4_r1,hostv2_pair_389,hostv2_source_389,D_sand_marble,D,sand,marble,0.2,4,0.83,0.08,0.006,1.02,0.9,0.94,1.06,0.075,1,2026082489,1.2,10696c6ad1d83394b3409b1bf708047dc589c2d3cc367c29c3983865a26fb492,True,True,1000,0.0005,1200,1.1015494072452725e-16,"[1200, 20]",True,320,34,0.32100000000000023,0.035000000000000024,,,,,,marble,"{""after_friction_scale"": 0.9, ""after_solref_scale"": 1.06, ""before_friction_scale"": 1.02, ""before_solref_scale"": 0.94}",6f812684b6a424d4e5c533ef002ba55e1e7c887841ed2e70f77930d83eceeca9,07648c6f4eb6c1dcb0b58853f1a141d89e79438311f02b516fb228fa9eb739e5,1425b15f73bd4095f0df53709d7c389c3eb9e790,2a66ca6336eadb3c0b34b557763f3e06d01ff8fcf6260dd4cedbd69d6093fc28,ed751b6f59971be7a1df9f5eff6e395ec0c0f67e041cf54850eec653d98196ba
hostv2_D_sand_concrete_0p10_v4_r0,hostv2_pair_390,hostv2_source_390,D_sand_concrete,D,sand,concrete,0.1,4,0.83,0.08,0.006,1.02,0.9,0.94,1.06,0.075,0,2026082490,1.2,66074218b703978dc5ccd79656140a2b4a8a1d7e1a510266d0784c82280f426a,True,True,1000,0.0005,1200,1.1015494072452725e-16,"[1200, 20]",True,85,34,0.08600000000000006,0.035000000000000024,,,,,,concrete,"{""after_friction_scale"": 0.9, ""after_solref_scale"": 1.06, ""before_friction_scale"": 1.02, ""before_solref_scale"": 0.94}",214333d7d1d3f0472230117cd5bf5074b444dd634e155213173ceb4290071890,7986191b9ad0135f31669d33adfaa26c5d49fbfe5a802eec7a72ff5dabd5a3e1,1425b15f73bd4095f0df53709d7c389c3eb9e790,2a66ca6336eadb3c0b34b557763f3e06d01ff8fcf6260dd4cedbd69d6093fc28,4e6c95473349a790a87af821455427bd48657234a73230a7ace72d4077dd3ded
hostv2_D_sand_concrete_0p10_v4_r1,hostv2_pair_391,hostv2_source_391,D_sand_concrete,D,sand,concrete,0.1,4,0.83,0.08,0.006,1.02,0.9,0.94,1.06,0.075,1,2026082491,1.2,457ee6cf5948566d476d54421889f2f810ea247092221678b9d7d1bdd43ad1ac,True,True,1000,0.0005,1200,1.1015494072452725e-16,"[1200, 20]",True,86,34,0.08700000000000006,0.035000000000000024,,,,,,concrete,"{""after_friction_scale"": 0.9, ""after_solref_scale"": 1.06, ""before_friction_scale"": 1.02, ""before_solref_scale"": 0.94}",7f34ec58c2ed74d0df1ca12d59386b6f8a8915eec9e2cf0675b08b1f69b3984f,8cd818188c43cf0e4190f83deda6596502f3224b1f53a9f676f380a0cf894bdf,1425b15f73bd4095f0df53709d7c389c3eb9e790,2a66ca6336eadb3c0b34b557763f3e06d01ff8fcf6260dd4cedbd69d6093fc28,94ee881c67f2ecc50772f72051e2c92aa9f1bbeffb4b1769d4863967a95d9d1e
hostv2_D_sand_concrete_0p15_v4_r0,hostv2_pair_392,hostv2_source_392,D_sand_concrete,D,sand,concrete,0.15,4,0.83,0.08,0.006,1.02,0.9,0.94,1.06,0.075,0,2026082492,1.2,18d4c57f005915b1b568c5ea04858daa1a725400cccdb43fa2e5bf9cab7c6d1f,True,True,1000,0.0005,1200,1.1015494072452725e-16,"[1200, 20]",True,87,34,0.08800000000000006,0.035000000000000024,1130,,,,,concrete,"{""after_friction_scale"": 0.9, ""after_solref_scale"": 1.06, ""before_friction_scale"": 1.02, ""before_solref_scale"": 0.94}",2f6cf3e4930de725e0aa4e565788ea4d3795e7b15a8e02f137099f4b6965e27c,58dc06dbf2a2d8b97108169c2e09bc09ed7cd5ac373571cfe753c067ce013a67,1425b15f73bd4095f0df53709d7c389c3eb9e790,2a66ca6336eadb3c0b34b557763f3e06d01ff8fcf6260dd4cedbd69d6093fc28,1c8a07b2273d41c5bca5800a6189c7026002f75086b996b5cd383229cc4912af
hostv2_D_sand_concrete_0p15_v4_r1,hostv2_pair_393,hostv2_source_393,D_sand_concrete,D,sand,concrete,0.15,4,0.83,0.08,0.006,1.02,0.9,0.94,1.06,0.075,1,2026082493,1.2,9cddf0336f6a60dfb9a4d3920e3134a8c0e26487738e697b13e32756d44c46d9,True,True,1000,0.0005,1200,1.1015494072452725e-16,"[1200, 20]",True,87,34,0.08800000000000006,0.035000000000000024,1129,,,,,concrete,"{""after_friction_scale"": 0.9, ""after_solref_scale"": 1.06, ""before_friction_scale"": 1.02, ""before_solref_scale"": 0.94}",76d49d70709edf88ec4be79d00900995f6cafa2acfd67e4634d7cdeea61e718c,544e65fca7383162036b3efe27d2bdd4cc4428134e42803742278507d2a39969,1425b15f73bd4095f0df53709d7c389c3eb9e790,2a66ca6336eadb3c0b34b557763f3e06d01ff8fcf6260dd4cedbd69d6093fc28,62dd9e68874267d1d87f5f9bce45130441ab39e10ffee924f2aa006d095337d4
hostv2_D_sand_concrete_0p20_v4_r0,hostv2_pair_394,hostv2_source_394,D_sand_concrete,D,sand,concrete,0.2,4,0.83,0.08,0.006,1.02,0.9,0.94,1.06,0.075,0,2026082494,1.2,95fd57df128d3d98f2a75f9b6e3af50c8c31dfed03ad4d1e29048dc5fc806878,True,True,1000,0.0005,1200,1.1015494072452725e-16,"[1200, 20]",True,86,34,0.08700000000000006,0.035000000000000024,1137,,,,,concrete,"{""after_friction_scale"": 0.9, ""after_solref_scale"": 1.06, ""before_friction_scale"": 1.02, ""before_solref_scale"": 0.94}",e64769ee942a012b7a9283911dfdfcb7ac56340b760e892cca7a88ac9cf18743,758488a42b1bd9952000e669640f3bfeacb48a94d5b5f9ad4d7a519d7da2a0e7,1425b15f73bd4095f0df53709d7c389c3eb9e790,2a66ca6336eadb3c0b34b557763f3e06d01ff8fcf6260dd4cedbd69d6093fc28,14a50404d6da0345d0a05f11c794d4ce7496509f4f72fa3650cdde564171c4b3
hostv2_D_sand_concrete_0p20_v4_r1,hostv2_pair_395,hostv2_source_395,D_sand_concrete,D,sand,concrete,0.2,4,0.83,0.08,0.006,1.02,0.9,0.94,1.06,0.075,1,2026082495,1.2,c3b0df00fb263adcf2c894221e76dc048e58f25401c20a0d25696b99e68f6528,True,True,1000,0.0005,1200,1.1015494072452725e-16,"[1200, 20]",True,84,34,0.08500000000000006,0.035000000000000024,1138,,,,,concrete,"{""after_friction_scale"": 0.9, ""after_solref_scale"": 1.06, ""before_friction_scale"": 1.02, ""before_solref_scale"": 0.94}",39dd31dc764609a55866d0bdad1a8776debf226eb63a69f9517f4d5ed4181d07,8a00aa0fdb3a0f500fe54d8f2ababc2fc25c6933201a3e851617fe84eaa79ad6,1425b15f73bd4095f0df53709d7c389c3eb9e790,2a66ca6336eadb3c0b34b557763f3e06d01ff8fcf6260dd4cedbd69d6093fc28,e3858357728b35b1f6e6f2670349dc5443fb357b39db30c17ee4eb2f74be8119
hostv2_S_concrete_0p10_v4_r0,hostv2_pair_396,hostv2_source_396,S_concrete,S,concrete,concrete,0.1,4,0.83,0.08,0.006,1.02,0.9,0.94,1.06,0.075,0,2026082496,1.2,de21113f3d3577724e872d10185734b343f2391d0ce53d66eb091091e1f132db,True,True,1000,0.0005,1200,1.1015494072452725e-16,"[1200, 20]",True,288,34,0.2890000000000002,0.035000000000000024,,,,,,concrete,"{""after_friction_scale"": 0.9, ""after_solref_scale"": 1.06, ""before_friction_scale"": 1.02, ""before_solref_scale"": 0.94}",47c4bfe13fbebb97b3f0a56f76c17167ded9292af1b05b594c207ede31df4d7d,083295dab95a5cd3f5b113237676ff0b11745953320a0695a841e1ec9fef8ae4,1425b15f73bd4095f0df53709d7c389c3eb9e790,2a66ca6336eadb3c0b34b557763f3e06d01ff8fcf6260dd4cedbd69d6093fc28,629f7416499db0ff88a0ac1749304f8de1d2e5212aa37475aaeec3eaaeb17851
hostv2_S_concrete_0p10_v4_r1,hostv2_pair_397,hostv2_source_397,S_concrete,S,concrete,concrete,0.1,4,0.83,0.08,0.006,1.02,0.9,0.94,1.06,0.075,1,2026082497,1.2,2068260a04a7dc4ee8cca0621981cb73d81af946dca313944056c322d067c202,True,True,1000,0.0005,1200,1.1015494072452725e-16,"[1200, 20]",True,300,34,0.3010000000000002,0.035000000000000024,,,,,,concrete,"{""after_friction_scale"": 0.9, ""after_solref_scale"": 1.06, ""before_friction_scale"": 1.02, ""before_solref_scale"": 0.94}",29eb21a54de1629cf2943f162f24b48603662fddf243554189de4a47fccc105a,d69024df39badb7cbba8c98681bd173617736c2e78f078e41e7c0236d6481433,1425b15f73bd4095f0df53709d7c389c3eb9e790,2a66ca6336eadb3c0b34b557763f3e06d01ff8fcf6260dd4cedbd69d6093fc28,c596026027fb908eb2f76d60a960ab1698a7b301dea482d6296e17fc01b11196
hostv2_S_concrete_0p15_v4_r0,hostv2_pair_398,hostv2_source_398,S_concrete,S,concrete,concrete,0.15,4,0.83,0.08,0.006,1.02,0.9,0.94,1.06,0.075,0,2026082498,1.2,751bf09e42d13102867209569d812d9e44a8c5553a18de7fe58f100d5d305a75,True,True,1000,0.0005,1200,1.1015494072452725e-16,"[1200, 20]",True,320,34,0.32100000000000023,0.035000000000000024,,,,,,concrete,"{""after_friction_scale"": 0.9, ""after_solref_scale"": 1.06, ""before_friction_scale"": 1.02, ""before_solref_scale"": 0.94}",cec254357a1ccf8801da767d9fec10ee08a296f4e3117db049c89ff2c1424a6a,1d5f8b540068070119e23ad4f1171cdbbc017b5bbee92104dbcf70bb2b75b9ad,1425b15f73bd4095f0df53709d7c389c3eb9e790,2a66ca6336eadb3c0b34b557763f3e06d01ff8fcf6260dd4cedbd69d6093fc28,26689d9dbca21f829ec47adba422c76c532432cedb2c4cc195ecd12f5488b4ff
hostv2_S_concrete_0p15_v4_r1,hostv2_pair_399,hostv2_source_399,S_concrete,S,concrete,concrete,0.15,4,0.83,0.08,0.006,1.02,0.9,0.94,1.06,0.075,1,2026082499,1.2,8318aed7c0208be8b3c5978b58361b1559aaa12c81396d6b54424e78e5c27dc0,True,True,1000,0.0005,1200,1.1015494072452725e-16,"[1200, 20]",True,320,34,0.32100000000000023,0.035000000000000024,,,,,,concrete,"{""after_friction_scale"": 0.9, ""after_solref_scale"": 1.06, ""before_friction_scale"": 1.02, ""before_solref_scale"": 0.94}",54941186fb8e9c819131fe9ad5ccf9063b148c219cd704d4e7384b6e52ff3850,898a53d9085445a6c314d8c24494611844e6f6688f7ab6b2b66b388226650696,1425b15f73bd4095f0df53709d7c389c3eb9e790,2a66ca6336eadb3c0b34b557763f3e06d01ff8fcf6260dd4cedbd69d6093fc28,d5765073387b7e6192d7169547bc535d5fafeafbfa5e90b9c36a0e09eab90b53
hostv2_S_concrete_0p20_v4_r0,hostv2_pair_400,hostv2_source_400,S_concrete,S,concrete,concrete,0.2,4,0.83,0.08,0.006,1.02,0.9,0.94,1.06,0.075,0,2026082500,1.2,86b79076f55d1dbea0a8027fe3869e8963e712e260d158250915539f4c1de2cb,True,True,1000,0.0005,1200,1.1015494072452725e-16,"[1200, 20]",True,340,34,0.34100000000000025,0.035000000000000024,,,,,,concrete,"{""after_friction_scale"": 0.9, ""after_solref_scale"": 1.06, ""before_friction_scale"": 1.02, ""before_solref_scale"": 0.94}",4ac4e6006b0468fe72cbe6334cb6fc9f59ef56d543a1cfd10a10534607e82af4,14f7724ffa10b48e3aaa794ac4481671c619a4769614f5aecf46a75b1d4cb875,1425b15f73bd4095f0df53709d7c389c3eb9e790,2a66ca6336eadb3c0b34b557763f3e06d01ff8fcf6260dd4cedbd69d6093fc28,e2d7083a0452c9d6de99daf33323d373001a27b059b52dab57784981f88cffc4
hostv2_S_concrete_0p20_v4_r1,hostv2_pair_401,hostv2_source_401,S_concrete,S,concrete,concrete,0.2,4,0.83,0.08,0.006,1.02,0.9,0.94,1.06,0.075,1,2026082501,1.2,10a6b8e877b9ae7da0938d4a737700b2de6211723f34d3bbb1faebd7778a62e6,True,True,1000,0.0005,1200,1.1015494072452725e-16,"[1200, 20]",True,340,34,0.34100000000000025,0.035000000000000024,,,,,,concrete,"{""after_friction_scale"": 0.9, ""after_solref_scale"": 1.06, ""before_friction_scale"": 1.02, ""before_solref_scale"": 0.94}",d06b336508d42ad12984bc3d65d6a72322406869fe2b7c9ea01a7e92c58eb71c,87eccc0a8c94f0b3dbac4bb1871ece0f3cd0010d85c94e2cceed379425f52455,1425b15f73bd4095f0df53709d7c389c3eb9e790,2a66ca6336eadb3c0b34b557763f3e06d01ff8fcf6260dd4cedbd69d6093fc28,6437c873bbea589b653f5b453a8a17c3ad53caf2d9511c8c72644ec044510343
hostv2_S_marble_0p10_v4_r0,hostv2_pair_402,hostv2_source_402,S_marble,S,marble,marble,0.1,4,0.83,0.08,0.006,1.02,0.9,0.94,1.06,0.075,0,2026082502,1.2,2c519c3ee53eea06701680a8d8b8326c08244c11956a05f42a711c24a7a16583,True,True,1000,0.0005,1200,1.1015494072452725e-16,"[1200, 20]",True,280,34,0.2810000000000002,0.035000000000000024,,,,,,marble,"{""after_friction_scale"": 0.9, ""after_solref_scale"": 1.06, ""before_friction_scale"": 1.02, ""before_solref_scale"": 0.94}",1c6c8780a793c9b227f980064c0379bbba457e6fd2b6ea078e0349b4997232fb,002da8650b0caa5f9e1dc6a9048af0b86533332bf9ea53e67743ca18b16db982,1425b15f73bd4095f0df53709d7c389c3eb9e790,2a66ca6336eadb3c0b34b557763f3e06d01ff8fcf6260dd4cedbd69d6093fc28,540846903802f25284d416fbb13329585a2416105dab5f054006015dba0770d9
hostv2_S_marble_0p10_v4_r1,hostv2_pair_403,hostv2_source_403,S_marble,S,marble,marble,0.1,4,0.83,0.08,0.006,1.02,0.9,0.94,1.06,0.075,1,2026082503,1.2,abd280188bd1fbd78dd24c2f78bc949bfc9da66d9aad9a8e5a716f54548b52f6,True,True,1000,0.0005,1200,1.1015494072452725e-16,"[1200, 20]",True,280,34,0.2810000000000002,0.035000000000000024,,,,,,marble,"{""after_friction_scale"": 0.9, ""after_solref_scale"": 1.06, ""before_friction_scale"": 1.02, ""before_solref_scale"": 0.94}",79737e03d709fb18a15a3e995b8ca564350d13186a99d6cad50a91a28093065b,b507626a1e341ee19169588d435991c56f00fb3f7f0616a38491732ed3946c12,1425b15f73bd4095f0df53709d7c389c3eb9e790,2a66ca6336eadb3c0b34b557763f3e06d01ff8fcf6260dd4cedbd69d6093fc28,6a17db2b526dae3acf7d226015c596553fe35b3ae6ac15b87a39e8e9308847dc
hostv2_S_marble_0p15_v4_r0,hostv2_pair_404,hostv2_source_404,S_marble,S,marble,marble,0.15,4,0.83,0.08,0.006,1.02,0.9,0.94,1.06,0.075,0,2026082504,1.2,01d73a9833a0f2a31097919cd6d8d2f44311724ac2b33bda78259aa2184e3c8b,True,True,1000,0.0005,1200,1.1015494072452725e-16,"[1200, 20]",True,300,34,0.3010000000000002,0.035000000000000024,,,,,,marble,"{""after_friction_scale"": 0.9, ""after_solref_scale"": 1.06, ""before_friction_scale"": 1.02, ""before_solref_scale"": 0.94}",1f91c9a6a9f30fa964e1cf8eb42330cc6154207d8eee0b73959e3f9821dfa693,ffe700ad8e809d40acea5d740a6625bcf50b818ff607bc9fdaba53b21556ba80,1425b15f73bd4095f0df53709d7c389c3eb9e790,2a66ca6336eadb3c0b34b557763f3e06d01ff8fcf6260dd4cedbd69d6093fc28,79bedda2fc48231eb91f02dd7f5aaea7a63e07e4b711ca08d842109711482596
hostv2_S_marble_0p15_v4_r1,hostv2_pair_405,hostv2_source_405,S_marble,S,marble,marble,0.15,4,0.83,0.08,0.006,1.02,0.9,0.94,1.06,0.075,1,2026082505,1.2,1903b1edf4ef05a8b9bcba1725c931e5e88ceb7401f28855823866156b7ccd24,True,True,1000,0.0005,1200,1.1015494072452725e-16,"[1200, 20]",True,300,34,0.3010000000000002,0.035000000000000024,,,,,,marble,"{""after_friction_scale"": 0.9, ""after_solref_scale"": 1.06, ""before_friction_scale"": 1.02, ""before_solref_scale"": 0.94}",68e3448084b61a0557010092a9188fac764353517ea4f73aa449618caea88fdb,fc0c4959cdc1214626b9e3ca6d1f2e9e1246f11310b8d7c0279c89207dcc741b,1425b15f73bd4095f0df53709d7c389c3eb9e790,2a66ca6336eadb3c0b34b557763f3e06d01ff8fcf6260dd4cedbd69d6093fc28,b8fd72577c056dc456f6395845ecbb6587715e36b5fc73490170e05ecb595751
hostv2_S_marble_0p20_v4_r0,hostv2_pair_406,hostv2_source_406,S_marble,S,marble,marble,0.2,4,0.83,0.08,0.006,1.02,0.9,0.94,1.06,0.075,0,2026082506,1.2,fbd11479ab5e36b28830b0b0ca0a70237ea9cdbe39c47721237d8c0c8bf3b8ef,True,True,1000,0.0005,1200,1.1015494072452725e-16,"[1200, 20]",True,323,34,0.32400000000000023,0.035000000000000024,,,,,,marble,"{""after_friction_scale"": 0.9, ""after_solref_scale"": 1.06, ""before_friction_scale"": 1.02, ""before_solref_scale"": 0.94}",ab00d6b0ee2839e1bae30354a7363430facc30425bb26969e32e313ab4dfbc4d,d5cc94a310a2a9f3c305cbb17289873d0257cd4812305f94feb101e64f1c9dd2,1425b15f73bd4095f0df53709d7c389c3eb9e790,2a66ca6336eadb3c0b34b557763f3e06d01ff8fcf6260dd4cedbd69d6093fc28,40a7dd764f63a986e4cad00db365ab7c61f4a13e92e3f8a80386ff4c855bada7
hostv2_S_marble_0p20_v4_r1,hostv2_pair_407,hostv2_source_407,S_marble,S,marble,marble,0.2,4,0.83,0.08,0.006,1.02,0.9,0.94,1.06,0.075,1,2026082507,1.2,d5b27531aa6353f2b8277d60a7fc23ed6eaf3db891ad3d3eb9e30f8bfebf28c3,True,True,1000,0.0005,1200,1.1015494072452725e-16,"[1200, 20]",True,323,34,0.32400000000000023,0.035000000000000024,,,,,,marble,"{""after_friction_scale"": 0.9, ""after_solref_scale"": 1.06, ""before_friction_scale"": 1.02, ""before_solref_scale"": 0.94}",c202b5c4bb8408065cd7fee705b7d591b1af80396b13ac12e4f2fb8fe542a005,0b1191c17e8420ef87c7000171f7d27a75ed88b339a2ae0a73727e3428374c5f,1425b15f73bd4095f0df53709d7c389c3eb9e790,2a66ca6336eadb3c0b34b557763f3e06d01ff8fcf6260dd4cedbd69d6093fc28,fe39d0a3765f95914b9dfa122a171d544b2b3cfddb6710ea6d4a1847a21df98a
hostv2_S_ice_0p10_v4_r0,hostv2_pair_408,hostv2_source_408,S_ice,S,ice,ice,0.1,4,0.83,0.08,0.006,1.02,0.9,0.94,1.06,0.075,0,2026082508,1.2,a9c2a9a572d79771103b22de562a0a814dd8ccf8463f70661765294e9fa3b96c,True,True,1000,0.0005,1200,1.1015494072452725e-16,"[1200, 20]",True,94,34,0.09500000000000007,0.035000000000000024,447,406,778,0.7789999999999696,fallen_base_height,,"{""after_friction_scale"": 0.9, ""after_solref_scale"": 1.06, ""before_friction_scale"": 1.02, ""before_solref_scale"": 0.94}",29bab8a423e634a8581188c226b0b78b64c7c88ad4925b90bf13bb2950f8cefd,67602651094741d56b6e068de1391daa0bd40fc44a577c16e434d229b5b70a37,1425b15f73bd4095f0df53709d7c389c3eb9e790,2a66ca6336eadb3c0b34b557763f3e06d01ff8fcf6260dd4cedbd69d6093fc28,5e995f28e6cc0e39a78bc37b1fec059015042db305e1a73ad0abb6d5d193a25e
hostv2_S_ice_0p10_v4_r1,hostv2_pair_409,hostv2_source_409,S_ice,S,ice,ice,0.1,4,0.83,0.08,0.006,1.02,0.9,0.94,1.06,0.075,1,2026082509,1.2,cc85a6c4692f8c1c9704e51b33316853a045aba3490f7961274db0cc81cbe375,True,True,1000,0.0005,1200,1.1015494072452725e-16,"[1200, 20]",True,94,34,0.09500000000000007,0.035000000000000024,693,395,903,0.9039999999999558,fallen_base_height,,"{""after_friction_scale"": 0.9, ""after_solref_scale"": 1.06, ""before_friction_scale"": 1.02, ""before_solref_scale"": 0.94}",340d5abea3720c8863d965eadf77d6eed90a2846d5095bfb031d175f87c7707b,d9c4ae366f37faf2671a919280a4d5706559370a1cfabb7ceff02fee1bd3a705,1425b15f73bd4095f0df53709d7c389c3eb9e790,2a66ca6336eadb3c0b34b557763f3e06d01ff8fcf6260dd4cedbd69d6093fc28,36a4c7c02cd4262c4a07edfc0fe00b30772b7dce579d219130425819fea3e801
hostv2_S_ice_0p15_v4_r0,hostv2_pair_410,hostv2_source_410,S_ice,S,ice,ice,0.15,4,0.83,0.08,0.006,1.02,0.9,0.94,1.06,0.075,0,2026082510,1.2,54832eefb827da117d76e98dcef5e5f50fa35b8105568431b9c7a2cedec2cd33,True,True,1000,0.0005,1200,1.1015494072452725e-16,"[1200, 20]",True,94,34,0.09500000000000007,0.035000000000000024,,409,659,0.6599999999999827,fallen_orientation,,"{""after_friction_scale"": 0.9, ""after_solref_scale"": 1.06, ""before_friction_scale"": 1.02, ""before_solref_scale"": 0.94}",eb91842c22cfb3fa0538c6df9a2d8784755736912d36abd0e45e52d959a36acb,c7640991bc3b12c3feac5c6eb556a445df60bd141a97b8097024df663ef35da8,1425b15f73bd4095f0df53709d7c389c3eb9e790,2a66ca6336eadb3c0b34b557763f3e06d01ff8fcf6260dd4cedbd69d6093fc28,48e2bcb569f26cd0889825d6688d17dc39b4f364a9a52a28c7feeee40e86e256
hostv2_S_ice_0p15_v4_r1,hostv2_pair_411,hostv2_source_411,S_ice,S,ice,ice,0.15,4,0.83,0.08,0.006,1.02,0.9,0.94,1.06,0.075,1,2026082511,1.2,166455326eb61d3fdcc8e078d92dd9a2ff88c194765ca7d9350e6a0811893fb7,True,True,1000,0.0005,1200,1.1015494072452725e-16,"[1200, 20]",True,94,34,0.09500000000000007,0.035000000000000024,726,376,1042,1.0429999999999406,fallen_base_height,,"{""after_friction_scale"": 0.9, ""after_solref_scale"": 1.06, ""before_friction_scale"": 1.02, ""before_solref_scale"": 0.94}",0466ee100e8c4e16bff9fedf0612e4aea864677b579c2934c27f550008d90683,f873fadc22ac52f0170787233275d9714edfd06c9c144df85a8185e5c2fa8c03,1425b15f73bd4095f0df53709d7c389c3eb9e790,2a66ca6336eadb3c0b34b557763f3e06d01ff8fcf6260dd4cedbd69d6093fc28,4b5da5a9d1aef812cae3acc090919dfe07568fcc39f94efb5b54dc051046ee98
hostv2_S_ice_0p20_v4_r0,hostv2_pair_412,hostv2_source_412,S_ice,S,ice,ice,0.2,4,0.83,0.08,0.006,1.02,0.9,0.94,1.06,0.075,0,2026082512,1.2,c48fff06e89176269000f4ad236a14018b4d06eb15215b47364d830ec76d1a87,True,True,1000,0.0005,1200,1.1015494072452725e-16,"[1200, 20]",True,94,34,0.09500000000000007,0.035000000000000024,555,377,709,0.7099999999999772,fallen_base_height,,"{""after_friction_scale"": 0.9, ""after_solref_scale"": 1.06, ""before_friction_scale"": 1.02, ""before_solref_scale"": 0.94}",d8f1e37231b6739399c5826fb7d5b1b1f5b92e5fddd7620be948a21a29562c57,990c87ca72f391d0d94009288a3cb2a431327ea05fb8ee71791873e75e501dec,1425b15f73bd4095f0df53709d7c389c3eb9e790,2a66ca6336eadb3c0b34b557763f3e06d01ff8fcf6260dd4cedbd69d6093fc28,df52bfe90ac3354e42a8856fde60d4d01a69078d431df2e442ae7789f824e87a
hostv2_S_ice_0p20_v4_r1,hostv2_pair_413,hostv2_source_413,S_ice,S,ice,ice,0.2,4,0.83,0.08,0.006,1.02,0.9,0.94,1.06,0.075,1,2026082513,1.2,acb7dd76857eba4a2845b57fb036cb5988230899205c25226c0c3439a4bfe437,True,True,1000,0.0005,1200,1.1015494072452725e-16,"[1200, 20]",True,94,34,0.09500000000000007,0.035000000000000024,559,373,763,0.7639999999999713,fallen_base_height,,"{""after_friction_scale"": 0.9, ""after_solref_scale"": 1.06, ""before_friction_scale"": 1.02, ""before_solref_scale"": 0.94}",4e59a4e4a2f3ccbd1008dcbee5f2802aa5916d3ff03af0a4f41a576cbb980758,dd420fda6251a67f6f7a67143568ec9231563bc5fe2c023b3c43ae6bb7cd20d1,1425b15f73bd4095f0df53709d7c389c3eb9e790,2a66ca6336eadb3c0b34b557763f3e06d01ff8fcf6260dd4cedbd69d6093fc28,2cd02a6c2523c253232a57959726075901a578f83c8fb3968835388fc2d89f7c
hostv2_S_sand_0p10_v4_r0,hostv2_pair_414,hostv2_source_414,S_sand,S,sand,sand,0.1,4,0.83,0.08,0.006,1.02,0.9,0.94,1.06,0.075,0,2026082514,1.2,4672c6b2000c23a6a0239d68748fdbd1c36c89905893f2691be458cb933a5bbe,True,True,1000,0.0005,1200,1.1015494072452725e-16,"[1200, 20]",True,280,34,0.2810000000000002,0.035000000000000024,,,,,,,"{""after_friction_scale"": 0.9, ""after_solref_scale"": 1.06, ""before_friction_scale"": 1.02, ""before_solref_scale"": 0.94}",58fd44fc1ac72e8b8e929444a85f9dbe63e67dfe99a7b8d4c8d7fe7b05f1c2c7,ed3312b93ad23bd6c948b1df0e5ad72c97a423cb8ecb92d79280713df1929cc7,1425b15f73bd4095f0df53709d7c389c3eb9e790,2a66ca6336eadb3c0b34b557763f3e06d01ff8fcf6260dd4cedbd69d6093fc28,b9fc8685b63753ebd16a723d519a10e952e8578b023ac3b49e2e18380be566ec
hostv2_S_sand_0p10_v4_r1,hostv2_pair_415,hostv2_source_415,S_sand,S,sand,sand,0.1,4,0.83,0.08,0.006,1.02,0.9,0.94,1.06,0.075,1,2026082515,1.2,bf6a5cc3af0cf1fdf75822a01bdf703b0f6392383448a18b4b8b4cc76b061b9f,True,True,1000,0.0005,1200,1.1015494072452725e-16,"[1200, 20]",True,280,34,0.2810000000000002,0.035000000000000024,1023,,,,,,"{""after_friction_scale"": 0.9, ""after_solref_scale"": 1.06, ""before_friction_scale"": 1.02, ""before_solref_scale"": 0.94}",a316c5caa62ce954e700fb3ffa72b50ddb54963a9703386c837202ab4aaed07a,5bb901483df1b03c02cefdf53b33ad0bd9d31ec4b76444084fcf9f6e8bd2534b,1425b15f73bd4095f0df53709d7c389c3eb9e790,2a66ca6336eadb3c0b34b557763f3e06d01ff8fcf6260dd4cedbd69d6093fc28,13c0e30817c95f0467361eb6496f0433d322f20a106c0acc18751768b11072aa
hostv2_S_sand_0p15_v4_r0,hostv2_pair_416,hostv2_source_416,S_sand,S,sand,sand,0.15,4,0.83,0.08,0.006,1.02,0.9,0.94,1.06,0.075,0,2026082516,1.2,047d21cddd899552a882af2abd3e4c5d1fb1bca2bec7e007bb53be9e6d7b756c,True,True,1000,0.0005,1200,1.1015494072452725e-16,"[1200, 20]",True,300,34,0.3010000000000002,0.035000000000000024,1048,,,,,,"{""after_friction_scale"": 0.9, ""after_solref_scale"": 1.06, ""before_friction_scale"": 1.02, ""before_solref_scale"": 0.94}",a76671df7985ccf1ed4145882b3dd1dbc3dd52ae844ced06093ce2663213d2c6,8c98150970020fbe848fac152a047a08dfb762b0e99aebe0abdd23b0b43b74d8,1425b15f73bd4095f0df53709d7c389c3eb9e790,2a66ca6336eadb3c0b34b557763f3e06d01ff8fcf6260dd4cedbd69d6093fc28,9011d35676651006f9a938f1604fc7d39bc98e7322722c97ee52def6e42ad864
hostv2_S_sand_0p15_v4_r1,hostv2_pair_417,hostv2_source_417,S_sand,S,sand,sand,0.15,4,0.83,0.08,0.006,1.02,0.9,0.94,1.06,0.075,1,2026082517,1.2,c4cf6d8d6d389187b778e7144521ffa8f6c84a09a537b69ee989ce385315a6f2,True,True,1000,0.0005,1200,1.1015494072452725e-16,"[1200, 20]",True,300,34,0.3010000000000002,0.035000000000000024,1053,,,,,,"{""after_friction_scale"": 0.9, ""after_solref_scale"": 1.06, ""before_friction_scale"": 1.02, ""before_solref_scale"": 0.94}",de455ba95e453f26536005d8d4b12ecfc958bf35c3d6a6a7a20c989c18e868fc,11da0e0c60ad51d59a953cdb7a91ea7e914eec8eacc053f1bf2b8031ad0fc3a4,1425b15f73bd4095f0df53709d7c389c3eb9e790,2a66ca6336eadb3c0b34b557763f3e06d01ff8fcf6260dd4cedbd69d6093fc28,efff05d7a45dfe37da7899162eeebceb552a05752ab46b4fd6b3eb171a96af47
hostv2_S_sand_0p20_v4_r0,hostv2_pair_418,hostv2_source_418,S_sand,S,sand,sand,0.2,4,0.83,0.08,0.006,1.02,0.9,0.94,1.06,0.075,0,2026082518,1.2,c2b403a5e1292f8644382c6e57ca63d2ab8fc9ec55763e7cc04458808c14fcd7,True,True,1000,0.0005,1200,1.1015494072452725e-16,"[1200, 20]",True,300,34,0.3010000000000002,0.035000000000000024,,,,,,,"{""after_friction_scale"": 0.9, ""after_solref_scale"": 1.06, ""before_friction_scale"": 1.02, ""before_solref_scale"": 0.94}",69346a157469ff82bc169b3a8d2919129d1ecb826b9152e86355a9a044126c71,7182c7b751017a5b7c4f07769a1022ecc9a30a0ae06d4baf9f343d8b8586fc3d,1425b15f73bd4095f0df53709d7c389c3eb9e790,2a66ca6336eadb3c0b34b557763f3e06d01ff8fcf6260dd4cedbd69d6093fc28,f673b4d3c7381667ff1e53b3e1677583ba8d980597ee6efe17794ba2fc500499
hostv2_S_sand_0p20_v4_r1,hostv2_pair_419,hostv2_source_419,S_sand,S,sand,sand,0.2,4,0.83,0.08,0.006,1.02,0.9,0.94,1.06,0.075,1,2026082519,1.2,3f594340a022a0cadbf58c1ba40a5e7e99f4d8c185ab720ddd61f1a0c247e399,True,True,1000,0.0005,1200,1.1015494072452725e-16,"[1200, 20]",True,300,34,0.3010000000000002,0.035000000000000024,,,,,,,"{""after_friction_scale"": 0.9, ""after_solref_scale"": 1.06, ""before_friction_scale"": 1.02, ""before_solref_scale"": 0.94}",ac2b8b19327a205f93f64f6bb0e74066a53ebca6615b3c5f694c0c532049fcef,b3b30a36bb4e6649aa1b666b6804d1a00655526879090e5b6b5d0bf6263f2c65,1425b15f73bd4095f0df53709d7c389c3eb9e790,2a66ca6336eadb3c0b34b557763f3e06d01ff8fcf6260dd4cedbd69d6093fc28,0bad49858b3905c04bf3cd7a570f10c101abed0dea5134d406f8d13cd3fc157b
