pair_id,positive_run_id,control_run_id,speed_mps,target_foot,target_phase,severity,category,history_start_sample,history_end_sample_inclusive,future_sample_count,finite_comparison_values,mean_absolute_pair_difference,maximum_absolute_pair_difference,positive_mean,control_mean
pair_000,positive_0p10_left_early_loading_native_strong_ice_v0,control_0p10_left_early_loading_native_strong_ice_v0,0.1,left,early_loading,native_strong_ice,target_foot_fsr,0,156,0,628,0.0,0.0,77.0349488811698,77.0349488811698
pair_000,positive_0p10_left_early_loading_native_strong_ice_v0,control_0p10_left_early_loading_native_strong_ice_v0,0.1,left,early_loading,native_strong_ice,target_foot_imu,0,156,0,942,0.0,0.0,1.616441505956115,1.616441505956115
pair_000,positive_0p10_left_early_loading_native_strong_ice_v0,control_0p10_left_early_loading_native_strong_ice_v0,0.1,left,early_loading,native_strong_ice,contralateral_fsr,0,156,0,628,0.0,0.0,9.12636046272934,9.12636046272934
pair_000,positive_0p10_left_early_loading_native_strong_ice_v0,control_0p10_left_early_loading_native_strong_ice_v0,0.1,left,early_loading,native_strong_ice,contralateral_imu,0,156,0,942,0.0,0.0,2.0013188593907207,2.0013188593907207
pair_000,positive_0p10_left_early_loading_native_strong_ice_v0,control_0p10_left_early_loading_native_strong_ice_v0,0.1,left,early_loading,native_strong_ice,bilateral_asymmetry,0,156,0,1570,0.0,0.0,26.932508952001847,26.932508952001847
pair_000,positive_0p10_left_early_loading_native_strong_ice_v0,control_0p10_left_early_loading_native_strong_ice_v0,0.1,left,early_loading,native_strong_ice,contact_anchor_drift_label_only,0,156,0,121,0.0,0.0,0.0011640540327759429,0.0011640540327759429
pair_001,positive_0p10_left_early_loading_native_strong_ice_v1,control_0p10_left_early_loading_native_strong_ice_v1,0.1,left,early_loading,native_strong_ice,target_foot_fsr,0,159,0,640,0.0,0.0,14.811538396170363,14.811538396170363
pair_001,positive_0p10_left_early_loading_native_strong_ice_v1,control_0p10_left_early_loading_native_strong_ice_v1,0.1,left,early_loading,native_strong_ice,target_foot_imu,0,159,0,960,0.0,0.0,1.9722296226036633,1.9722296226036633
pair_001,positive_0p10_left_early_loading_native_strong_ice_v1,control_0p10_left_early_loading_native_strong_ice_v1,0.1,left,early_loading,native_strong_ice,contralateral_fsr,0,159,0,640,0.0,0.0,73.56257681697608,73.56257681697608
pair_001,positive_0p10_left_early_loading_native_strong_ice_v1,control_0p10_left_early_loading_native_strong_ice_v1,0.1,left,early_loading,native_strong_ice,contralateral_imu,0,159,0,960,0.0,0.0,1.6419867621499311,1.6419867621499311
pair_001,positive_0p10_left_early_loading_native_strong_ice_v1,control_0p10_left_early_loading_native_strong_ice_v1,0.1,left,early_loading,native_strong_ice,bilateral_asymmetry,0,159,0,1600,0.0,0.0,-23.302269658780716,-23.302269658780716
pair_001,positive_0p10_left_early_loading_native_strong_ice_v1,control_0p10_left_early_loading_native_strong_ice_v1,0.1,left,early_loading,native_strong_ice,contact_anchor_drift_label_only,0,159,0,50,0.0,0.0,0.0002885450627945829,0.0002885450627945829
pair_002,positive_0p10_left_early_loading_native_strong_ice_v2,control_0p10_left_early_loading_native_strong_ice_v2,0.1,left,early_loading,native_strong_ice,target_foot_fsr,0,164,0,660,0.0,0.0,45.81368255471162,45.81368255471162
pair_002,positive_0p10_left_early_loading_native_strong_ice_v2,control_0p10_left_early_loading_native_strong_ice_v2,0.1,left,early_loading,native_strong_ice,target_foot_imu,0,164,0,990,0.0,0.0,1.6704182156283662,1.6704182156283662
pair_002,positive_0p10_left_early_loading_native_strong_ice_v2,control_0p10_left_early_loading_native_strong_ice_v2,0.1,left,early_loading,native_strong_ice,contralateral_fsr,0,164,0,660,0.0,0.0,40.0910603523706,40.0910603523706
pair_002,positive_0p10_left_early_loading_native_strong_ice_v2,control_0p10_left_early_loading_native_strong_ice_v2,0.1,left,early_loading,native_strong_ice,contralateral_imu,0,164,0,990,0.0,0.0,1.474171269282809,1.474171269282809
pair_002,positive_0p10_left_early_loading_native_strong_ice_v2,control_0p10_left_early_loading_native_strong_ice_v2,0.1,left,early_loading,native_strong_ice,bilateral_asymmetry,0,164,0,1650,0.0,0.0,2.4067970456363312,2.4067970456363312
pair_002,positive_0p10_left_early_loading_native_strong_ice_v2,control_0p10_left_early_loading_native_strong_ice_v2,0.1,left,early_loading,native_strong_ice,contact_anchor_drift_label_only,0,164,0,121,0.0,0.0,0.003992185295099577,0.003992185295099577
pair_003,positive_0p10_left_early_loading_moderate_ice_preregistered_v0,control_0p10_left_early_loading_moderate_ice_preregistered_v0,0.1,left,early_loading,moderate_ice_preregistered,target_foot_fsr,0,156,0,628,0.0,0.0,77.02742410693199,77.02742410693199
pair_003,positive_0p10_left_early_loading_moderate_ice_preregistered_v0,control_0p10_left_early_loading_moderate_ice_preregistered_v0,0.1,left,early_loading,moderate_ice_preregistered,target_foot_imu,0,156,0,942,0.0,0.0,1.618571495880571,1.618571495880571
pair_003,positive_0p10_left_early_loading_moderate_ice_preregistered_v0,control_0p10_left_early_loading_moderate_ice_preregistered_v0,0.1,left,early_loading,moderate_ice_preregistered,contralateral_fsr,0,156,0,628,0.0,0.0,9.13128916131463,9.13128916131463
pair_003,positive_0p10_left_early_loading_moderate_ice_preregistered_v0,control_0p10_left_early_loading_moderate_ice_preregistered_v0,0.1,left,early_loading,moderate_ice_preregistered,contralateral_imu,0,156,0,942,0.0,0.0,2.0003721327784603,2.0003721327784603
pair_003,positive_0p10_left_early_loading_moderate_ice_preregistered_v0,control_0p10_left_early_loading_moderate_ice_preregistered_v0,0.1,left,early_loading,moderate_ice_preregistered,bilateral_asymmetry,0,156,0,1570,0.0,0.0,26.92937358884752,26.92937358884752
pair_003,positive_0p10_left_early_loading_moderate_ice_preregistered_v0,control_0p10_left_early_loading_moderate_ice_preregistered_v0,0.1,left,early_loading,moderate_ice_preregistered,contact_anchor_drift_label_only,0,156,0,121,0.0,0.0,0.0011518932652875226,0.0011518932652875226
pair_004,positive_0p10_left_early_loading_moderate_ice_preregistered_v1,control_0p10_left_early_loading_moderate_ice_preregistered_v1,0.1,left,early_loading,moderate_ice_preregistered,target_foot_fsr,0,159,0,640,0.0,0.0,14.810468875459629,14.810468875459629
pair_004,positive_0p10_left_early_loading_moderate_ice_preregistered_v1,control_0p10_left_early_loading_moderate_ice_preregistered_v1,0.1,left,early_loading,moderate_ice_preregistered,target_foot_imu,0,159,0,960,0.0,0.0,1.9722355873504056,1.9722355873504056
pair_004,positive_0p10_left_early_loading_moderate_ice_preregistered_v1,control_0p10_left_early_loading_moderate_ice_preregistered_v1,0.1,left,early_loading,moderate_ice_preregistered,contralateral_fsr,0,159,0,640,0.0,0.0,73.56366875842214,73.56366875842214
pair_004,positive_0p10_left_early_loading_moderate_ice_preregistered_v1,control_0p10_left_early_loading_moderate_ice_preregistered_v1,0.1,left,early_loading,moderate_ice_preregistered,contralateral_imu,0,159,0,960,0.0,0.0,1.6416838185711906,1.6416838185711906
pair_004,positive_0p10_left_early_loading_moderate_ice_preregistered_v1,control_0p10_left_early_loading_moderate_ice_preregistered_v1,0.1,left,early_loading,moderate_ice_preregistered,bilateral_asymmetry,0,159,0,1600,0.0,0.0,-23.30294888741686,-23.30294888741686
pair_004,positive_0p10_left_early_loading_moderate_ice_preregistered_v1,control_0p10_left_early_loading_moderate_ice_preregistered_v1,0.1,left,early_loading,moderate_ice_preregistered,contact_anchor_drift_label_only,0,159,0,50,0.0,0.0,0.0002889306254655821,0.0002889306254655821
pair_005,positive_0p10_left_early_loading_moderate_ice_preregistered_v2,control_0p10_left_early_loading_moderate_ice_preregistered_v2,0.1,left,early_loading,moderate_ice_preregistered,target_foot_fsr,0,164,0,660,0.0,0.0,45.78185807611003,45.78185807611003
pair_005,positive_0p10_left_early_loading_moderate_ice_preregistered_v2,control_0p10_left_early_loading_moderate_ice_preregistered_v2,0.1,left,early_loading,moderate_ice_preregistered,target_foot_imu,0,164,0,990,0.0,0.0,1.6722011805148067,1.6722011805148067
pair_005,positive_0p10_left_early_loading_moderate_ice_preregistered_v2,control_0p10_left_early_loading_moderate_ice_preregistered_v2,0.1,left,early_loading,moderate_ice_preregistered,contralateral_fsr,0,164,0,660,0.0,0.0,40.12193665061936,40.12193665061936
pair_005,positive_0p10_left_early_loading_moderate_ice_preregistered_v2,control_0p10_left_early_loading_moderate_ice_preregistered_v2,0.1,left,early_loading,moderate_ice_preregistered,contralateral_imu,0,164,0,990,0.0,0.0,1.47659414871027,1.47659414871027
pair_005,positive_0p10_left_early_loading_moderate_ice_preregistered_v2,control_0p10_left_early_loading_moderate_ice_preregistered_v2,0.1,left,early_loading,moderate_ice_preregistered,bilateral_asymmetry,0,164,0,1650,0.0,0.0,2.3813327960304784,2.3813327960304784
pair_005,positive_0p10_left_early_loading_moderate_ice_preregistered_v2,control_0p10_left_early_loading_moderate_ice_preregistered_v2,0.1,left,early_loading,moderate_ice_preregistered,contact_anchor_drift_label_only,0,164,0,121,0.0,0.0,0.003990448703691132,0.003990448703691132
pair_006,positive_0p10_left_mid_loading_early_stance_native_strong_ice_v0,control_0p10_left_mid_loading_early_stance_native_strong_ice_v0,0.1,left,mid_loading_early_stance,native_strong_ice,target_foot_fsr,96,296,0,804,0.0,0.0,46.69122430430123,46.69122430430123
pair_006,positive_0p10_left_mid_loading_early_stance_native_strong_ice_v0,control_0p10_left_mid_loading_early_stance_native_strong_ice_v0,0.1,left,mid_loading_early_stance,native_strong_ice,target_foot_imu,96,296,0,1206,0.0,0.0,1.6280877260974156,1.6280877260974156
pair_006,positive_0p10_left_mid_loading_early_stance_native_strong_ice_v0,control_0p10_left_mid_loading_early_stance_native_strong_ice_v0,0.1,left,mid_loading_early_stance,native_strong_ice,contralateral_fsr,96,296,0,804,0.0,0.0,41.45975083320295,41.45975083320295
pair_006,positive_0p10_left_mid_loading_early_stance_native_strong_ice_v0,control_0p10_left_mid_loading_early_stance_native_strong_ice_v0,0.1,left,mid_loading_early_stance,native_strong_ice,contralateral_imu,96,296,0,1206,0.0,0.0,1.5910428717835983,1.5910428717835983
pair_006,positive_0p10_left_mid_loading_early_stance_native_strong_ice_v0,control_0p10_left_mid_loading_early_stance_native_strong_ice_v0,0.1,left,mid_loading_early_stance,native_strong_ice,bilateral_asymmetry,96,296,0,2010,0.0,0.0,2.1148162947693696,2.1148162947693696
pair_006,positive_0p10_left_mid_loading_early_stance_native_strong_ice_v0,control_0p10_left_mid_loading_early_stance_native_strong_ice_v0,0.1,left,mid_loading_early_stance,native_strong_ice,contact_anchor_drift_label_only,96,296,0,147,0.0,0.0,0.0012312173822793325,0.0012312173822793325
pair_007,positive_0p10_left_mid_loading_early_stance_native_strong_ice_v1,control_0p10_left_mid_loading_early_stance_native_strong_ice_v1,0.1,left,mid_loading_early_stance,native_strong_ice,target_foot_fsr,99,299,0,804,0.0,0.0,0.0,0.0
pair_007,positive_0p10_left_mid_loading_early_stance_native_strong_ice_v1,control_0p10_left_mid_loading_early_stance_native_strong_ice_v1,0.1,left,mid_loading_early_stance,native_strong_ice,target_foot_imu,99,299,0,1206,0.0,0.0,2.102763214881341,2.102763214881341
pair_007,positive_0p10_left_mid_loading_early_stance_native_strong_ice_v1,control_0p10_left_mid_loading_early_stance_native_strong_ice_v1,0.1,left,mid_loading_early_stance,native_strong_ice,contralateral_fsr,99,299,0,804,0.0,0.0,77.43755905349641,77.43755905349641
pair_007,positive_0p10_left_mid_loading_early_stance_native_strong_ice_v1,control_0p10_left_mid_loading_early_stance_native_strong_ice_v1,0.1,left,mid_loading_early_stance,native_strong_ice,contralateral_imu,99,299,0,1206,0.0,0.0,1.727477755274158,1.727477755274158
pair_007,positive_0p10_left_mid_loading_early_stance_native_strong_ice_v1,control_0p10_left_mid_loading_early_stance_native_strong_ice_v1,0.1,left,mid_loading_early_stance,native_strong_ice,bilateral_asymmetry,99,299,0,2010,0.0,0.0,-30.74985234433373,-30.74985234433373
pair_007,positive_0p10_left_mid_loading_early_stance_native_strong_ice_v1,control_0p10_left_mid_loading_early_stance_native_strong_ice_v1,0.1,left,mid_loading_early_stance,native_strong_ice,contact_anchor_drift_label_only,99,299,0,0,,,,
pair_008,positive_0p10_left_mid_loading_early_stance_native_strong_ice_v2,control_0p10_left_mid_loading_early_stance_native_strong_ice_v2,0.1,left,mid_loading_early_stance,native_strong_ice,target_foot_fsr,104,304,0,804,0.0,0.0,79.759036693444,79.759036693444
pair_008,positive_0p10_left_mid_loading_early_stance_native_strong_ice_v2,control_0p10_left_mid_loading_early_stance_native_strong_ice_v2,0.1,left,mid_loading_early_stance,native_strong_ice,target_foot_imu,104,304,0,1206,0.0,0.0,1.6306352979216376,1.6306352979216376
pair_008,positive_0p10_left_mid_loading_early_stance_native_strong_ice_v2,control_0p10_left_mid_loading_early_stance_native_strong_ice_v2,0.1,left,mid_loading_early_stance,native_strong_ice,contralateral_fsr,104,304,0,804,0.0,0.0,4.203869062962372,4.203869062962372
pair_008,positive_0p10_left_mid_loading_early_stance_native_strong_ice_v2,control_0p10_left_mid_loading_early_stance_native_strong_ice_v2,0.1,left,mid_loading_early_stance,native_strong_ice,contralateral_imu,104,304,0,1206,0.0,0.0,2.321220364414801,2.321220364414801
pair_008,positive_0p10_left_mid_loading_early_stance_native_strong_ice_v2,control_0p10_left_mid_loading_early_stance_native_strong_ice_v2,0.1,left,mid_loading_early_stance,native_strong_ice,bilateral_asymmetry,104,304,0,2010,0.0,0.0,29.80771601372271,29.80771601372271
pair_008,positive_0p10_left_mid_loading_early_stance_native_strong_ice_v2,control_0p10_left_mid_loading_early_stance_native_strong_ice_v2,0.1,left,mid_loading_early_stance,native_strong_ice,contact_anchor_drift_label_only,104,304,0,201,0.0,0.0,0.0041854959838463004,0.0041854959838463004
pair_009,positive_0p10_left_mid_loading_early_stance_moderate_ice_preregistered_v0,control_0p10_left_mid_loading_early_stance_moderate_ice_preregistered_v0,0.1,left,mid_loading_early_stance,moderate_ice_preregistered,target_foot_fsr,96,296,0,804,0.0,0.0,46.68103229154402,46.68103229154402
pair_009,positive_0p10_left_mid_loading_early_stance_moderate_ice_preregistered_v0,control_0p10_left_mid_loading_early_stance_moderate_ice_preregistered_v0,0.1,left,mid_loading_early_stance,moderate_ice_preregistered,target_foot_imu,96,296,0,1206,0.0,0.0,1.6265696902999187,1.6265696902999187
pair_009,positive_0p10_left_mid_loading_early_stance_moderate_ice_preregistered_v0,control_0p10_left_mid_loading_early_stance_moderate_ice_preregistered_v0,0.1,left,mid_loading_early_stance,moderate_ice_preregistered,contralateral_fsr,96,296,0,804,0.0,0.0,41.465533146514225,41.465533146514225
pair_009,positive_0p10_left_mid_loading_early_stance_moderate_ice_preregistered_v0,control_0p10_left_mid_loading_early_stance_moderate_ice_preregistered_v0,0.1,left,mid_loading_early_stance,moderate_ice_preregistered,contralateral_imu,96,296,0,1206,0.0,0.0,1.5912831218212848,1.5912831218212848
pair_009,positive_0p10_left_mid_loading_early_stance_moderate_ice_preregistered_v0,control_0p10_left_mid_loading_early_stance_moderate_ice_preregistered_v0,0.1,left,mid_loading_early_stance,moderate_ice_preregistered,bilateral_asymmetry,96,296,0,2010,0.0,0.0,2.1073715891149267,2.1073715891149267
pair_009,positive_0p10_left_mid_loading_early_stance_moderate_ice_preregistered_v0,control_0p10_left_mid_loading_early_stance_moderate_ice_preregistered_v0,0.1,left,mid_loading_early_stance,moderate_ice_preregistered,contact_anchor_drift_label_only,96,296,0,147,0.0,0.0,0.0012231999295478572,0.0012231999295478572
pair_010,positive_0p10_left_mid_loading_early_stance_moderate_ice_preregistered_v1,control_0p10_left_mid_loading_early_stance_moderate_ice_preregistered_v1,0.1,left,mid_loading_early_stance,moderate_ice_preregistered,target_foot_fsr,99,299,0,804,0.0,0.0,0.0,0.0
pair_010,positive_0p10_left_mid_loading_early_stance_moderate_ice_preregistered_v1,control_0p10_left_mid_loading_early_stance_moderate_ice_preregistered_v1,0.1,left,mid_loading_early_stance,moderate_ice_preregistered,target_foot_imu,99,299,0,1206,0.0,0.0,2.1026392964411524,2.1026392964411524
pair_010,positive_0p10_left_mid_loading_early_stance_moderate_ice_preregistered_v1,control_0p10_left_mid_loading_early_stance_moderate_ice_preregistered_v1,0.1,left,mid_loading_early_stance,moderate_ice_preregistered,contralateral_fsr,99,299,0,804,0.0,0.0,77.4354215486077,77.4354215486077
pair_010,positive_0p10_left_mid_loading_early_stance_moderate_ice_preregistered_v1,control_0p10_left_mid_loading_early_stance_moderate_ice_preregistered_v1,0.1,left,mid_loading_early_stance,moderate_ice_preregistered,contralateral_imu,99,299,0,1206,0.0,0.0,1.7273891804389137,1.7273891804389137
pair_010,positive_0p10_left_mid_loading_early_stance_moderate_ice_preregistered_v1,control_0p10_left_mid_loading_early_stance_moderate_ice_preregistered_v1,0.1,left,mid_loading_early_stance,moderate_ice_preregistered,bilateral_asymmetry,99,299,0,2010,0.0,0.0,-30.74901854861551,-30.74901854861551
pair_010,positive_0p10_left_mid_loading_early_stance_moderate_ice_preregistered_v1,control_0p10_left_mid_loading_early_stance_moderate_ice_preregistered_v1,0.1,left,mid_loading_early_stance,moderate_ice_preregistered,contact_anchor_drift_label_only,99,299,0,0,,,,
pair_011,positive_0p10_left_mid_loading_early_stance_moderate_ice_preregistered_v2,control_0p10_left_mid_loading_early_stance_moderate_ice_preregistered_v2,0.1,left,mid_loading_early_stance,moderate_ice_preregistered,target_foot_fsr,104,304,0,804,0.0,0.0,79.74976583510934,79.74976583510934
pair_011,positive_0p10_left_mid_loading_early_stance_moderate_ice_preregistered_v2,control_0p10_left_mid_loading_early_stance_moderate_ice_preregistered_v2,0.1,left,mid_loading_early_stance,moderate_ice_preregistered,target_foot_imu,104,304,0,1206,0.0,0.0,1.6306195188585926,1.6306195188585926
pair_011,positive_0p10_left_mid_loading_early_stance_moderate_ice_preregistered_v2,control_0p10_left_mid_loading_early_stance_moderate_ice_preregistered_v2,0.1,left,mid_loading_early_stance,moderate_ice_preregistered,contralateral_fsr,104,304,0,804,0.0,0.0,4.211069761075784,4.211069761075784
pair_011,positive_0p10_left_mid_loading_early_stance_moderate_ice_preregistered_v2,control_0p10_left_mid_loading_early_stance_moderate_ice_preregistered_v2,0.1,left,mid_loading_early_stance,moderate_ice_preregistered,contralateral_imu,104,304,0,1206,0.0,0.0,2.319694495579007,2.319694495579007
pair_011,positive_0p10_left_mid_loading_early_stance_moderate_ice_preregistered_v2,control_0p10_left_mid_loading_early_stance_moderate_ice_preregistered_v2,0.1,left,mid_loading_early_stance,moderate_ice_preregistered,bilateral_asymmetry,104,304,0,2010,0.0,0.0,29.802033451528622,29.802033451528622
pair_011,positive_0p10_left_mid_loading_early_stance_moderate_ice_preregistered_v2,control_0p10_left_mid_loading_early_stance_moderate_ice_preregistered_v2,0.1,left,mid_loading_early_stance,moderate_ice_preregistered,contact_anchor_drift_label_only,104,304,0,201,0.0,0.0,0.004184896823723073,0.004184896823723073
pair_012,positive_0p10_left_mid_late_stance_native_strong_ice_v0,control_0p10_left_mid_late_stance_native_strong_ice_v0,0.1,left,mid_late_stance,native_strong_ice,target_foot_fsr,436,636,0,804,0.0,0.0,31.09637564361392,31.09637564361392
pair_012,positive_0p10_left_mid_late_stance_native_strong_ice_v0,control_0p10_left_mid_late_stance_native_strong_ice_v0,0.1,left,mid_late_stance,native_strong_ice,target_foot_imu,436,636,0,1206,0.0,0.0,1.167627322611888,1.167627322611888
pair_012,positive_0p10_left_mid_late_stance_native_strong_ice_v0,control_0p10_left_mid_late_stance_native_strong_ice_v0,0.1,left,mid_late_stance,native_strong_ice,contralateral_fsr,436,636,0,804,0.0,0.0,57.90519293416199,57.90519293416199
pair_012,positive_0p10_left_mid_late_stance_native_strong_ice_v0,control_0p10_left_mid_late_stance_native_strong_ice_v0,0.1,left,mid_late_stance,native_strong_ice,contralateral_imu,436,636,0,1206,0.0,0.0,1.4315159319590698,1.4315159319590698
pair_012,positive_0p10_left_mid_late_stance_native_strong_ice_v0,control_0p10_left_mid_late_stance_native_strong_ice_v0,0.1,left,mid_late_stance,native_strong_ice,bilateral_asymmetry,436,636,0,2010,0.0,0.0,-10.881860078299976,-10.881860078299976
pair_012,positive_0p10_left_mid_late_stance_native_strong_ice_v0,control_0p10_left_mid_late_stance_native_strong_ice_v0,0.1,left,mid_late_stance,native_strong_ice,contact_anchor_drift_label_only,436,636,0,74,0.0,0.0,0.0005201166350161657,0.0005201166350161657
pair_013,positive_0p10_left_mid_late_stance_native_strong_ice_v1,control_0p10_left_mid_late_stance_native_strong_ice_v1,0.1,left,mid_late_stance,native_strong_ice,target_foot_fsr,439,639,0,804,0.0,0.0,80.44143067782198,80.44143067782198
pair_013,positive_0p10_left_mid_late_stance_native_strong_ice_v1,control_0p10_left_mid_late_stance_native_strong_ice_v1,0.1,left,mid_late_stance,native_strong_ice,target_foot_imu,439,639,0,1206,0.0,0.0,1.6379732188886746,1.6379732188886746
pair_013,positive_0p10_left_mid_late_stance_native_strong_ice_v1,control_0p10_left_mid_late_stance_native_strong_ice_v1,0.1,left,mid_late_stance,native_strong_ice,contralateral_fsr,439,639,0,804,0.0,0.0,0.0,0.0
pair_013,positive_0p10_left_mid_late_stance_native_strong_ice_v1,control_0p10_left_mid_late_stance_native_strong_ice_v1,0.1,left,mid_late_stance,native_strong_ice,contralateral_imu,439,639,0,1206,0.0,0.0,1.8797700975965215,1.8797700975965215
pair_013,positive_0p10_left_mid_late_stance_native_strong_ice_v1,control_0p10_left_mid_late_stance_native_strong_ice_v1,0.1,left,mid_late_stance,native_strong_ice,bilateral_asymmetry,439,639,0,2010,0.0,0.0,32.031494140617355,32.031494140617355
pair_013,positive_0p10_left_mid_late_stance_native_strong_ice_v1,control_0p10_left_mid_late_stance_native_strong_ice_v1,0.1,left,mid_late_stance,native_strong_ice,contact_anchor_drift_label_only,439,639,0,201,0.0,0.0,0.007571828178598068,0.007571828178598068
pair_014,positive_0p10_left_mid_late_stance_native_strong_ice_v2,control_0p10_left_mid_late_stance_native_strong_ice_v2,0.1,left,mid_late_stance,native_strong_ice,target_foot_fsr,444,644,0,804,0.0,0.0,0.0,0.0
pair_014,positive_0p10_left_mid_late_stance_native_strong_ice_v2,control_0p10_left_mid_late_stance_native_strong_ice_v2,0.1,left,mid_late_stance,native_strong_ice,target_foot_imu,444,644,0,1206,0.0,0.0,2.1206838193699196,2.1206838193699196
pair_014,positive_0p10_left_mid_late_stance_native_strong_ice_v2,control_0p10_left_mid_late_stance_native_strong_ice_v2,0.1,left,mid_late_stance,native_strong_ice,contralateral_fsr,444,644,0,804,0.0,0.0,81.13979604350986,81.13979604350986
pair_014,positive_0p10_left_mid_late_stance_native_strong_ice_v2,control_0p10_left_mid_late_stance_native_strong_ice_v2,0.1,left,mid_late_stance,native_strong_ice,contralateral_imu,444,644,0,1206,0.0,0.0,1.6229807968060066,1.6229807968060066
pair_014,positive_0p10_left_mid_late_stance_native_strong_ice_v2,control_0p10_left_mid_late_stance_native_strong_ice_v2,0.1,left,mid_late_stance,native_strong_ice,bilateral_asymmetry,444,644,0,2010,0.0,0.0,-32.15729660335199,-32.15729660335199
pair_014,positive_0p10_left_mid_late_stance_native_strong_ice_v2,control_0p10_left_mid_late_stance_native_strong_ice_v2,0.1,left,mid_late_stance,native_strong_ice,contact_anchor_drift_label_only,444,644,0,0,,,,
pair_015,positive_0p10_left_mid_late_stance_moderate_ice_preregistered_v0,control_0p10_left_mid_late_stance_moderate_ice_preregistered_v0,0.1,left,mid_late_stance,moderate_ice_preregistered,target_foot_fsr,436,636,0,804,0.0,0.0,31.19229953294963,31.19229953294963
pair_015,positive_0p10_left_mid_late_stance_moderate_ice_preregistered_v0,control_0p10_left_mid_late_stance_moderate_ice_preregistered_v0,0.1,left,mid_late_stance,moderate_ice_preregistered,target_foot_imu,436,636,0,1206,0.0,0.0,1.1633590018217868,1.1633590018217868
pair_015,positive_0p10_left_mid_late_stance_moderate_ice_preregistered_v0,control_0p10_left_mid_late_stance_moderate_ice_preregistered_v0,0.1,left,mid_late_stance,moderate_ice_preregistered,contralateral_fsr,436,636,0,804,0.0,0.0,57.84151179725258,57.84151179725258
pair_015,positive_0p10_left_mid_late_stance_moderate_ice_preregistered_v0,control_0p10_left_mid_late_stance_moderate_ice_preregistered_v0,0.1,left,mid_late_stance,moderate_ice_preregistered,contralateral_imu,436,636,0,1206,0.0,0.0,1.4326881153547852,1.4326881153547852
pair_015,positive_0p10_left_mid_late_stance_moderate_ice_preregistered_v0,control_0p10_left_mid_late_stance_moderate_ice_preregistered_v0,0.1,left,mid_late_stance,moderate_ice_preregistered,bilateral_asymmetry,436,636,0,2010,0.0,0.0,-10.821282382268778,-10.821282382268778
pair_015,positive_0p10_left_mid_late_stance_moderate_ice_preregistered_v0,control_0p10_left_mid_late_stance_moderate_ice_preregistered_v0,0.1,left,mid_late_stance,moderate_ice_preregistered,contact_anchor_drift_label_only,436,636,0,74,0.0,0.0,0.000529397526799978,0.000529397526799978
pair_016,positive_0p10_left_mid_late_stance_moderate_ice_preregistered_v1,control_0p10_left_mid_late_stance_moderate_ice_preregistered_v1,0.1,left,mid_late_stance,moderate_ice_preregistered,target_foot_fsr,439,639,0,804,0.0,0.0,80.44201130119723,80.44201130119723
pair_016,positive_0p10_left_mid_late_stance_moderate_ice_preregistered_v1,control_0p10_left_mid_late_stance_moderate_ice_preregistered_v1,0.1,left,mid_late_stance,moderate_ice_preregistered,target_foot_imu,439,639,0,1206,0.0,0.0,1.6379756843647373,1.6379756843647373
pair_016,positive_0p10_left_mid_late_stance_moderate_ice_preregistered_v1,control_0p10_left_mid_late_stance_moderate_ice_preregistered_v1,0.1,left,mid_late_stance,moderate_ice_preregistered,contralateral_fsr,439,639,0,804,0.0,0.0,0.0,0.0
pair_016,positive_0p10_left_mid_late_stance_moderate_ice_preregistered_v1,control_0p10_left_mid_late_stance_moderate_ice_preregistered_v1,0.1,left,mid_late_stance,moderate_ice_preregistered,contralateral_imu,439,639,0,1206,0.0,0.0,1.8802798299557508,1.8802798299557508
pair_016,positive_0p10_left_mid_late_stance_moderate_ice_preregistered_v1,control_0p10_left_mid_late_stance_moderate_ice_preregistered_v1,0.1,left,mid_late_stance,moderate_ice_preregistered,bilateral_asymmetry,439,639,0,2010,0.0,0.0,32.03142203142848,32.03142203142848
pair_016,positive_0p10_left_mid_late_stance_moderate_ice_preregistered_v1,control_0p10_left_mid_late_stance_moderate_ice_preregistered_v1,0.1,left,mid_late_stance,moderate_ice_preregistered,contact_anchor_drift_label_only,439,639,0,201,0.0,0.0,0.0075737206446034695,0.0075737206446034695
pair_017,positive_0p10_left_mid_late_stance_moderate_ice_preregistered_v2,control_0p10_left_mid_late_stance_moderate_ice_preregistered_v2,0.1,left,mid_late_stance,moderate_ice_preregistered,target_foot_fsr,444,644,0,804,0.0,0.0,0.0,0.0
pair_017,positive_0p10_left_mid_late_stance_moderate_ice_preregistered_v2,control_0p10_left_mid_late_stance_moderate_ice_preregistered_v2,0.1,left,mid_late_stance,moderate_ice_preregistered,target_foot_imu,444,644,0,1206,0.0,0.0,2.12271508141128,2.12271508141128
pair_017,positive_0p10_left_mid_late_stance_moderate_ice_preregistered_v2,control_0p10_left_mid_late_stance_moderate_ice_preregistered_v2,0.1,left,mid_late_stance,moderate_ice_preregistered,contralateral_fsr,444,644,0,804,0.0,0.0,81.14522736108125,81.14522736108125
pair_017,positive_0p10_left_mid_late_stance_moderate_ice_preregistered_v2,control_0p10_left_mid_late_stance_moderate_ice_preregistered_v2,0.1,left,mid_late_stance,moderate_ice_preregistered,contralateral_imu,444,644,0,1206,0.0,0.0,1.6230216952247811,1.6230216952247811
pair_017,positive_0p10_left_mid_late_stance_moderate_ice_preregistered_v2,control_0p10_left_mid_late_stance_moderate_ice_preregistered_v2,0.1,left,mid_late_stance,moderate_ice_preregistered,bilateral_asymmetry,444,644,0,2010,0.0,0.0,-32.15827491394226,-32.15827491394226
pair_017,positive_0p10_left_mid_late_stance_moderate_ice_preregistered_v2,control_0p10_left_mid_late_stance_moderate_ice_preregistered_v2,0.1,left,mid_late_stance,moderate_ice_preregistered,contact_anchor_drift_label_only,444,644,0,0,,,,
pair_018,positive_0p10_right_early_loading_native_strong_ice_v0,control_0p10_right_early_loading_native_strong_ice_v0,0.1,right,early_loading,native_strong_ice,target_foot_fsr,0,163,0,656,0.0,0.0,8.740299798729943,8.740299798729943
pair_018,positive_0p10_right_early_loading_native_strong_ice_v0,control_0p10_right_early_loading_native_strong_ice_v0,0.1,right,early_loading,native_strong_ice,target_foot_imu,0,163,0,984,0.0,0.0,2.065763419638051,2.065763419638051
pair_018,positive_0p10_right_early_loading_native_strong_ice_v0,control_0p10_right_early_loading_native_strong_ice_v0,0.1,right,early_loading,native_strong_ice,contralateral_fsr,0,163,0,656,0.0,0.0,77.06281144553569,77.06281144553569
pair_018,positive_0p10_right_early_loading_native_strong_ice_v0,control_0p10_right_early_loading_native_strong_ice_v0,0.1,right,early_loading,native_strong_ice,contralateral_imu,0,163,0,984,0.0,0.0,1.619441572907884,1.619441572907884
pair_018,positive_0p10_right_early_loading_native_strong_ice_v0,control_0p10_right_early_loading_native_strong_ice_v0,0.1,right,early_loading,native_strong_ice,bilateral_asymmetry,0,163,0,1640,0.0,0.0,-27.06121156777017,-27.06121156777017
pair_018,positive_0p10_right_early_loading_native_strong_ice_v0,control_0p10_right_early_loading_native_strong_ice_v0,0.1,right,early_loading,native_strong_ice,contact_anchor_drift_label_only,0,163,0,46,0.0,0.0,0.001095530594086639,0.001095530594086639
pair_019,positive_0p10_right_early_loading_native_strong_ice_v1,control_0p10_right_early_loading_native_strong_ice_v1,0.1,right,early_loading,native_strong_ice,target_foot_fsr,0,157,0,632,0.0,0.0,73.4591391177117,73.4591391177117
pair_019,positive_0p10_right_early_loading_native_strong_ice_v1,control_0p10_right_early_loading_native_strong_ice_v1,0.1,right,early_loading,native_strong_ice,target_foot_imu,0,157,0,948,0.0,0.0,1.6404542414968661,1.6404542414968661
pair_019,positive_0p10_right_early_loading_native_strong_ice_v1,control_0p10_right_early_loading_native_strong_ice_v1,0.1,right,early_loading,native_strong_ice,contralateral_fsr,0,157,0,632,0.0,0.0,14.994529334922568,14.994529334922568
pair_019,positive_0p10_right_early_loading_native_strong_ice_v1,control_0p10_right_early_loading_native_strong_ice_v1,0.1,right,early_loading,native_strong_ice,contralateral_imu,0,157,0,948,0.0,0.0,1.9576274068132244,1.9576274068132244
pair_019,positive_0p10_right_early_loading_native_strong_ice_v1,control_0p10_right_early_loading_native_strong_ice_v1,0.1,right,early_loading,native_strong_ice,bilateral_asymmetry,0,157,0,1580,0.0,0.0,23.195539979794933,23.195539979794933
pair_019,positive_0p10_right_early_loading_native_strong_ice_v1,control_0p10_right_early_loading_native_strong_ice_v1,0.1,right,early_loading,native_strong_ice,contact_anchor_drift_label_only,0,157,0,121,0.0,0.0,0.0003303404508277866,0.0003303404508277866
pair_020,positive_0p10_right_early_loading_native_strong_ice_v2,control_0p10_right_early_loading_native_strong_ice_v2,0.1,right,early_loading,native_strong_ice,target_foot_fsr,0,154,0,620,0.0,0.0,42.69453689878987,42.69453689878987
pair_020,positive_0p10_right_early_loading_native_strong_ice_v2,control_0p10_right_early_loading_native_strong_ice_v2,0.1,right,early_loading,native_strong_ice,target_foot_imu,0,154,0,930,0.0,0.0,1.5711392852234474,1.5711392852234474
pair_020,positive_0p10_right_early_loading_native_strong_ice_v2,control_0p10_right_early_loading_native_strong_ice_v2,0.1,right,early_loading,native_strong_ice,contralateral_fsr,0,154,0,620,0.0,0.0,43.29566996941163,43.29566996941163
pair_020,positive_0p10_right_early_loading_native_strong_ice_v2,control_0p10_right_early_loading_native_strong_ice_v2,0.1,right,early_loading,native_strong_ice,contralateral_imu,0,154,0,930,0.0,0.0,1.6732680102639759,1.6732680102639759
pair_020,positive_0p10_right_early_loading_native_strong_ice_v2,control_0p10_right_early_loading_native_strong_ice_v2,0.1,right,early_loading,native_strong_ice,bilateral_asymmetry,0,154,0,1550,0.0,0.0,-0.3017304572267007,-0.3017304572267007
pair_020,positive_0p10_right_early_loading_native_strong_ice_v2,control_0p10_right_early_loading_native_strong_ice_v2,0.1,right,early_loading,native_strong_ice,contact_anchor_drift_label_only,0,154,0,119,0.0,0.0,0.0006473710659711363,0.0006473710659711363
pair_021,positive_0p10_right_early_loading_moderate_ice_preregistered_v0,control_0p10_right_early_loading_moderate_ice_preregistered_v0,0.1,right,early_loading,moderate_ice_preregistered,target_foot_fsr,0,163,0,656,0.0,0.0,8.737666951083556,8.737666951083556
pair_021,positive_0p10_right_early_loading_moderate_ice_preregistered_v0,control_0p10_right_early_loading_moderate_ice_preregistered_v0,0.1,right,early_loading,moderate_ice_preregistered,target_foot_imu,0,163,0,984,0.0,0.0,2.0664036319953363,2.0664036319953363
pair_021,positive_0p10_right_early_loading_moderate_ice_preregistered_v0,control_0p10_right_early_loading_moderate_ice_preregistered_v0,0.1,right,early_loading,moderate_ice_preregistered,contralateral_fsr,0,163,0,656,0.0,0.0,77.06764923463145,77.06764923463145
pair_021,positive_0p10_right_early_loading_moderate_ice_preregistered_v0,control_0p10_right_early_loading_moderate_ice_preregistered_v0,0.1,right,early_loading,moderate_ice_preregistered,contralateral_imu,0,163,0,984,0.0,0.0,1.6182998354617937,1.6182998354617937
pair_021,positive_0p10_right_early_loading_moderate_ice_preregistered_v0,control_0p10_right_early_loading_moderate_ice_preregistered_v0,0.1,right,early_loading,moderate_ice_preregistered,bilateral_asymmetry,0,163,0,1640,0.0,0.0,-27.06313061916082,-27.06313061916082
pair_021,positive_0p10_right_early_loading_moderate_ice_preregistered_v0,control_0p10_right_early_loading_moderate_ice_preregistered_v0,0.1,right,early_loading,moderate_ice_preregistered,contact_anchor_drift_label_only,0,163,0,46,0.0,0.0,0.001097904661867727,0.001097904661867727
pair_022,positive_0p10_right_early_loading_moderate_ice_preregistered_v1,control_0p10_right_early_loading_moderate_ice_preregistered_v1,0.1,right,early_loading,moderate_ice_preregistered,target_foot_fsr,0,157,0,632,0.0,0.0,73.45895230770111,73.45895230770111
pair_022,positive_0p10_right_early_loading_moderate_ice_preregistered_v1,control_0p10_right_early_loading_moderate_ice_preregistered_v1,0.1,right,early_loading,moderate_ice_preregistered,target_foot_imu,0,157,0,948,0.0,0.0,1.640509262751518,1.640509262751518
pair_022,positive_0p10_right_early_loading_moderate_ice_preregistered_v1,control_0p10_right_early_loading_moderate_ice_preregistered_v1,0.1,right,early_loading,moderate_ice_preregistered,contralateral_fsr,0,157,0,632,0.0,0.0,14.99471645182753,14.99471645182753
pair_022,positive_0p10_right_early_loading_moderate_ice_preregistered_v1,control_0p10_right_early_loading_moderate_ice_preregistered_v1,0.1,right,early_loading,moderate_ice_preregistered,contralateral_imu,0,157,0,948,0.0,0.0,1.9576286916678869,1.9576286916678869
pair_022,positive_0p10_right_early_loading_moderate_ice_preregistered_v1,control_0p10_right_early_loading_moderate_ice_preregistered_v1,0.1,right,early_loading,moderate_ice_preregistered,bilateral_asymmetry,0,157,0,1580,0.0,0.0,23.195422685524754,23.195422685524754
pair_022,positive_0p10_right_early_loading_moderate_ice_preregistered_v1,control_0p10_right_early_loading_moderate_ice_preregistered_v1,0.1,right,early_loading,moderate_ice_preregistered,contact_anchor_drift_label_only,0,157,0,121,0.0,0.0,0.0003300105415915778,0.0003300105415915778
pair_023,positive_0p10_right_early_loading_moderate_ice_preregistered_v2,control_0p10_right_early_loading_moderate_ice_preregistered_v2,0.1,right,early_loading,moderate_ice_preregistered,target_foot_fsr,0,154,0,620,0.0,0.0,42.68505513115275,42.68505513115275
pair_023,positive_0p10_right_early_loading_moderate_ice_preregistered_v2,control_0p10_right_early_loading_moderate_ice_preregistered_v2,0.1,right,early_loading,moderate_ice_preregistered,target_foot_imu,0,154,0,930,0.0,0.0,1.5702650015610518,1.5702650015610518
pair_023,positive_0p10_right_early_loading_moderate_ice_preregistered_v2,control_0p10_right_early_loading_moderate_ice_preregistered_v2,0.1,right,early_loading,moderate_ice_preregistered,contralateral_fsr,0,154,0,620,0.0,0.0,43.304393301183175,43.304393301183175
pair_023,positive_0p10_right_early_loading_moderate_ice_preregistered_v2,control_0p10_right_early_loading_moderate_ice_preregistered_v2,0.1,right,early_loading,moderate_ice_preregistered,contralateral_imu,0,154,0,930,0.0,0.0,1.6727109936566213,1.6727109936566213
pair_023,positive_0p10_right_early_loading_moderate_ice_preregistered_v2,control_0p10_right_early_loading_moderate_ice_preregistered_v2,0.1,right,early_loading,moderate_ice_preregistered,bilateral_asymmetry,0,154,0,1550,0.0,0.0,-0.3092028793076808,-0.3092028793076808
pair_023,positive_0p10_right_early_loading_moderate_ice_preregistered_v2,control_0p10_right_early_loading_moderate_ice_preregistered_v2,0.1,right,early_loading,moderate_ice_preregistered,contact_anchor_drift_label_only,0,154,0,119,0.0,0.0,0.0006499781297517847,0.0006499781297517847
pair_024,positive_0p10_right_mid_loading_early_stance_native_strong_ice_v0,control_0p10_right_mid_loading_early_stance_native_strong_ice_v0,0.1,right,mid_loading_early_stance,native_strong_ice,target_foot_fsr,103,303,0,804,0.0,0.0,44.31210003859961,44.31210003859961
pair_024,positive_0p10_right_mid_loading_early_stance_native_strong_ice_v0,control_0p10_right_mid_loading_early_stance_native_strong_ice_v0,0.1,right,mid_loading_early_stance,native_strong_ice,target_foot_imu,103,303,0,1206,0.0,0.0,1.5983201972162269,1.5983201972162269
pair_024,positive_0p10_right_mid_loading_early_stance_native_strong_ice_v0,control_0p10_right_mid_loading_early_stance_native_strong_ice_v0,0.1,right,mid_loading_early_stance,native_strong_ice,contralateral_fsr,103,303,0,804,0.0,0.0,43.70263948102495,43.70263948102495
pair_024,positive_0p10_right_mid_loading_early_stance_native_strong_ice_v0,control_0p10_right_mid_loading_early_stance_native_strong_ice_v0,0.1,right,mid_loading_early_stance,native_strong_ice,contralateral_imu,103,303,0,1206,0.0,0.0,1.6326345954402635,1.6326345954402635
pair_024,positive_0p10_right_mid_loading_early_stance_native_strong_ice_v0,control_0p10_right_mid_loading_early_stance_native_strong_ice_v0,0.1,right,mid_loading_early_stance,native_strong_ice,bilateral_asymmetry,103,303,0,2010,0.0,0.0,0.22319559691756483,0.22319559691756483
pair_024,positive_0p10_right_mid_loading_early_stance_native_strong_ice_v0,control_0p10_right_mid_loading_early_stance_native_strong_ice_v0,0.1,right,mid_loading_early_stance,native_strong_ice,contact_anchor_drift_label_only,103,303,0,105,0.0,0.0,0.005577089324305277,0.005577089324305277
pair_025,positive_0p10_right_mid_loading_early_stance_native_strong_ice_v1,control_0p10_right_mid_loading_early_stance_native_strong_ice_v1,0.1,right,mid_loading_early_stance,native_strong_ice,target_foot_fsr,97,297,0,804,0.0,0.0,77.79215128948468,77.79215128948468
pair_025,positive_0p10_right_mid_loading_early_stance_native_strong_ice_v1,control_0p10_right_mid_loading_early_stance_native_strong_ice_v1,0.1,right,mid_loading_early_stance,native_strong_ice,target_foot_imu,97,297,0,1206,0.0,0.0,1.723851701869221,1.723851701869221
pair_025,positive_0p10_right_mid_loading_early_stance_native_strong_ice_v1,control_0p10_right_mid_loading_early_stance_native_strong_ice_v1,0.1,right,mid_loading_early_stance,native_strong_ice,contralateral_fsr,97,297,0,804,0.0,0.0,0.0,0.0
pair_025,positive_0p10_right_mid_loading_early_stance_native_strong_ice_v1,control_0p10_right_mid_loading_early_stance_native_strong_ice_v1,0.1,right,mid_loading_early_stance,native_strong_ice,contralateral_imu,97,297,0,1206,0.0,0.0,2.135199570715208,2.135199570715208
pair_025,positive_0p10_right_mid_loading_early_stance_native_strong_ice_v1,control_0p10_right_mid_loading_early_stance_native_strong_ice_v1,0.1,right,mid_loading_early_stance,native_strong_ice,bilateral_asymmetry,97,297,0,2010,0.0,0.0,30.870051793797888,30.870051793797888
pair_025,positive_0p10_right_mid_loading_early_stance_native_strong_ice_v1,control_0p10_right_mid_loading_early_stance_native_strong_ice_v1,0.1,right,mid_loading_early_stance,native_strong_ice,contact_anchor_drift_label_only,97,297,0,201,0.0,0.0,0.00048670275336645764,0.00048670275336645764
pair_026,positive_0p10_right_mid_loading_early_stance_native_strong_ice_v2,control_0p10_right_mid_loading_early_stance_native_strong_ice_v2,0.1,right,mid_loading_early_stance,native_strong_ice,target_foot_fsr,94,294,0,804,0.0,0.0,5.946732763942349,5.946732763942349
pair_026,positive_0p10_right_mid_loading_early_stance_native_strong_ice_v2,control_0p10_right_mid_loading_early_stance_native_strong_ice_v2,0.1,right,mid_loading_early_stance,native_strong_ice,target_foot_imu,94,294,0,1206,0.0,0.0,2.1974511034067614,2.1974511034067614
pair_026,positive_0p10_right_mid_loading_early_stance_native_strong_ice_v2,control_0p10_right_mid_loading_early_stance_native_strong_ice_v2,0.1,right,mid_loading_early_stance,native_strong_ice,contralateral_fsr,94,294,0,804,0.0,0.0,77.89529648447753,77.89529648447753
pair_026,positive_0p10_right_mid_loading_early_stance_native_strong_ice_v2,control_0p10_right_mid_loading_early_stance_native_strong_ice_v2,0.1,right,mid_loading_early_stance,native_strong_ice,contralateral_imu,94,294,0,1206,0.0,0.0,1.6196423825691613,1.6196423825691613
pair_026,positive_0p10_right_mid_loading_early_stance_native_strong_ice_v2,control_0p10_right_mid_loading_early_stance_native_strong_ice_v2,0.1,right,mid_loading_early_stance,native_strong_ice,bilateral_asymmetry,94,294,0,2010,0.0,0.0,-28.432740247604446,-28.432740247604446
pair_026,positive_0p10_right_mid_loading_early_stance_native_strong_ice_v2,control_0p10_right_mid_loading_early_stance_native_strong_ice_v2,0.1,right,mid_loading_early_stance,native_strong_ice,contact_anchor_drift_label_only,94,294,0,59,0.0,0.0,0.0007209005584087918,0.0007209005584087918
pair_027,positive_0p10_right_mid_loading_early_stance_moderate_ice_preregistered_v0,control_0p10_right_mid_loading_early_stance_moderate_ice_preregistered_v0,0.1,right,mid_loading_early_stance,moderate_ice_preregistered,target_foot_fsr,103,303,0,804,0.0,0.0,44.30875153861829,44.30875153861829
pair_027,positive_0p10_right_mid_loading_early_stance_moderate_ice_preregistered_v0,control_0p10_right_mid_loading_early_stance_moderate_ice_preregistered_v0,0.1,right,mid_loading_early_stance,moderate_ice_preregistered,target_foot_imu,103,303,0,1206,0.0,0.0,1.598118078659084,1.598118078659084
pair_027,positive_0p10_right_mid_loading_early_stance_moderate_ice_preregistered_v0,control_0p10_right_mid_loading_early_stance_moderate_ice_preregistered_v0,0.1,right,mid_loading_early_stance,moderate_ice_preregistered,contralateral_fsr,103,303,0,804,0.0,0.0,43.70878187088824,43.70878187088824
pair_027,positive_0p10_right_mid_loading_early_stance_moderate_ice_preregistered_v0,control_0p10_right_mid_loading_early_stance_moderate_ice_preregistered_v0,0.1,right,mid_loading_early_stance,moderate_ice_preregistered,contralateral_imu,103,303,0,1206,0.0,0.0,1.6335302457198135,1.6335302457198135
pair_027,positive_0p10_right_mid_loading_early_stance_moderate_ice_preregistered_v0,control_0p10_right_mid_loading_early_stance_moderate_ice_preregistered_v0,0.1,right,mid_loading_early_stance,moderate_ice_preregistered,bilateral_asymmetry,103,303,0,2010,0.0,0.0,0.2187405743716118,0.2187405743716118
pair_027,positive_0p10_right_mid_loading_early_stance_moderate_ice_preregistered_v0,control_0p10_right_mid_loading_early_stance_moderate_ice_preregistered_v0,0.1,right,mid_loading_early_stance,moderate_ice_preregistered,contact_anchor_drift_label_only,103,303,0,105,0.0,0.0,0.005585663220179933,0.005585663220179933
pair_028,positive_0p10_right_mid_loading_early_stance_moderate_ice_preregistered_v1,control_0p10_right_mid_loading_early_stance_moderate_ice_preregistered_v1,0.1,right,mid_loading_early_stance,moderate_ice_preregistered,target_foot_fsr,97,297,0,804,0.0,0.0,77.78463409796232,77.78463409796232
pair_028,positive_0p10_right_mid_loading_early_stance_moderate_ice_preregistered_v1,control_0p10_right_mid_loading_early_stance_moderate_ice_preregistered_v1,0.1,right,mid_loading_early_stance,moderate_ice_preregistered,target_foot_imu,97,297,0,1206,0.0,0.0,1.7235359267488055,1.7235359267488055
pair_028,positive_0p10_right_mid_loading_early_stance_moderate_ice_preregistered_v1,control_0p10_right_mid_loading_early_stance_moderate_ice_preregistered_v1,0.1,right,mid_loading_early_stance,moderate_ice_preregistered,contralateral_fsr,97,297,0,804,0.0,0.0,0.0,0.0
pair_028,positive_0p10_right_mid_loading_early_stance_moderate_ice_preregistered_v1,control_0p10_right_mid_loading_early_stance_moderate_ice_preregistered_v1,0.1,right,mid_loading_early_stance,moderate_ice_preregistered,contralateral_imu,97,297,0,1206,0.0,0.0,2.134859402415308,2.134859402415308
pair_028,positive_0p10_right_mid_loading_early_stance_moderate_ice_preregistered_v1,control_0p10_right_mid_loading_early_stance_moderate_ice_preregistered_v1,0.1,right,mid_loading_early_stance,moderate_ice_preregistered,bilateral_asymmetry,97,297,0,2010,0.0,0.0,30.867059553201443,30.867059553201443
pair_028,positive_0p10_right_mid_loading_early_stance_moderate_ice_preregistered_v1,control_0p10_right_mid_loading_early_stance_moderate_ice_preregistered_v1,0.1,right,mid_loading_early_stance,moderate_ice_preregistered,contact_anchor_drift_label_only,97,297,0,201,0.0,0.0,0.0004998471734718655,0.0004998471734718655
pair_029,positive_0p10_right_mid_loading_early_stance_moderate_ice_preregistered_v2,control_0p10_right_mid_loading_early_stance_moderate_ice_preregistered_v2,0.1,right,mid_loading_early_stance,moderate_ice_preregistered,target_foot_fsr,94,294,0,804,0.0,0.0,5.9517102181652,5.9517102181652
pair_029,positive_0p10_right_mid_loading_early_stance_moderate_ice_preregistered_v2,control_0p10_right_mid_loading_early_stance_moderate_ice_preregistered_v2,0.1,right,mid_loading_early_stance,moderate_ice_preregistered,target_foot_imu,94,294,0,1206,0.0,0.0,2.196483708972672,2.196483708972672
pair_029,positive_0p10_right_mid_loading_early_stance_moderate_ice_preregistered_v2,control_0p10_right_mid_loading_early_stance_moderate_ice_preregistered_v2,0.1,right,mid_loading_early_stance,moderate_ice_preregistered,contralateral_fsr,94,294,0,804,0.0,0.0,77.88915394223643,77.88915394223643
pair_029,positive_0p10_right_mid_loading_early_stance_moderate_ice_preregistered_v2,control_0p10_right_mid_loading_early_stance_moderate_ice_preregistered_v2,0.1,right,mid_loading_early_stance,moderate_ice_preregistered,contralateral_imu,94,294,0,1206,0.0,0.0,1.6196334246428272,1.6196334246428272
pair_029,positive_0p10_right_mid_loading_early_stance_moderate_ice_preregistered_v2,control_0p10_right_mid_loading_early_stance_moderate_ice_preregistered_v2,0.1,right,mid_loading_early_stance,moderate_ice_preregistered,bilateral_asymmetry,94,294,0,2010,0.0,0.0,-28.42886732743322,-28.42886732743322
pair_029,positive_0p10_right_mid_loading_early_stance_moderate_ice_preregistered_v2,control_0p10_right_mid_loading_early_stance_moderate_ice_preregistered_v2,0.1,right,mid_loading_early_stance,moderate_ice_preregistered,contact_anchor_drift_label_only,94,294,0,59,0.0,0.0,0.0007187407720297323,0.0007187407720297323
pair_030,positive_0p10_right_mid_late_stance_native_strong_ice_v0,control_0p10_right_mid_late_stance_native_strong_ice_v0,0.1,right,mid_late_stance,native_strong_ice,target_foot_fsr,443,643,0,804,0.0,0.0,54.94841351156211,54.94841351156211
pair_030,positive_0p10_right_mid_late_stance_native_strong_ice_v0,control_0p10_right_mid_late_stance_native_strong_ice_v0,0.1,right,mid_late_stance,native_strong_ice,target_foot_imu,443,643,0,1206,0.0,0.0,1.4051467438992518,1.4051467438992518
pair_030,positive_0p10_right_mid_late_stance_native_strong_ice_v0,control_0p10_right_mid_late_stance_native_strong_ice_v0,0.1,right,mid_late_stance,native_strong_ice,contralateral_fsr,443,643,0,804,0.0,0.0,36.41146547818065,36.41146547818065
pair_030,positive_0p10_right_mid_late_stance_native_strong_ice_v0,control_0p10_right_mid_late_stance_native_strong_ice_v0,0.1,right,mid_late_stance,native_strong_ice,contralateral_imu,443,643,0,1206,0.0,0.0,1.1458227895415636,1.1458227895415636
pair_030,positive_0p10_right_mid_late_stance_native_strong_ice_v0,control_0p10_right_mid_late_stance_native_strong_ice_v0,0.1,right,mid_late_stance,native_strong_ice,bilateral_asymmetry,443,643,0,2010,0.0,0.0,7.570373586153111,7.570373586153111
pair_030,positive_0p10_right_mid_late_stance_native_strong_ice_v0,control_0p10_right_mid_late_stance_native_strong_ice_v0,0.1,right,mid_late_stance,native_strong_ice,contact_anchor_drift_label_only,443,643,0,161,0.0,0.0,0.006326318354062412,0.006326318354062412
pair_031,positive_0p10_right_mid_late_stance_native_strong_ice_v1,control_0p10_right_mid_late_stance_native_strong_ice_v1,0.1,right,mid_late_stance,native_strong_ice,target_foot_fsr,437,637,0,804,0.0,0.0,0.0,0.0
pair_031,positive_0p10_right_mid_late_stance_native_strong_ice_v1,control_0p10_right_mid_late_stance_native_strong_ice_v1,0.1,right,mid_late_stance,native_strong_ice,target_foot_imu,437,637,0,1206,0.0,0.0,1.896308302968431,1.896308302968431
pair_031,positive_0p10_right_mid_late_stance_native_strong_ice_v1,control_0p10_right_mid_late_stance_native_strong_ice_v1,0.1,right,mid_late_stance,native_strong_ice,contralateral_fsr,437,637,0,804,0.0,0.0,80.46043421498578,80.46043421498578
pair_031,positive_0p10_right_mid_late_stance_native_strong_ice_v1,control_0p10_right_mid_late_stance_native_strong_ice_v1,0.1,right,mid_late_stance,native_strong_ice,contralateral_imu,437,637,0,1206,0.0,0.0,1.6380581433836627,1.6380581433836627
pair_031,positive_0p10_right_mid_late_stance_native_strong_ice_v1,control_0p10_right_mid_late_stance_native_strong_ice_v1,0.1,right,mid_late_stance,native_strong_ice,bilateral_asymmetry,437,637,0,2010,0.0,0.0,-32.02922358611154,-32.02922358611154
pair_031,positive_0p10_right_mid_late_stance_native_strong_ice_v1,control_0p10_right_mid_late_stance_native_strong_ice_v1,0.1,right,mid_late_stance,native_strong_ice,contact_anchor_drift_label_only,437,637,0,0,,,,
pair_032,positive_0p10_right_mid_late_stance_native_strong_ice_v2,control_0p10_right_mid_late_stance_native_strong_ice_v2,0.1,right,mid_late_stance,native_strong_ice,target_foot_fsr,434,634,0,804,0.0,0.0,81.2744301776981,81.2744301776981
pair_032,positive_0p10_right_mid_late_stance_native_strong_ice_v2,control_0p10_right_mid_late_stance_native_strong_ice_v2,0.1,right,mid_late_stance,native_strong_ice,target_foot_imu,434,634,0,1206,0.0,0.0,1.6138975488363814,1.6138975488363814
pair_032,positive_0p10_right_mid_late_stance_native_strong_ice_v2,control_0p10_right_mid_late_stance_native_strong_ice_v2,0.1,right,mid_late_stance,native_strong_ice,contralateral_fsr,434,634,0,804,0.0,0.0,0.0,0.0
pair_032,positive_0p10_right_mid_late_stance_native_strong_ice_v2,control_0p10_right_mid_late_stance_native_strong_ice_v2,0.1,right,mid_late_stance,native_strong_ice,contralateral_imu,434,634,0,1206,0.0,0.0,2.1151373573939085,2.1151373573939085
pair_032,positive_0p10_right_mid_late_stance_native_strong_ice_v2,control_0p10_right_mid_late_stance_native_strong_ice_v2,0.1,right,mid_late_stance,native_strong_ice,bilateral_asymmetry,434,634,0,2010,0.0,0.0,32.20902818503769,32.20902818503769
pair_032,positive_0p10_right_mid_late_stance_native_strong_ice_v2,control_0p10_right_mid_late_stance_native_strong_ice_v2,0.1,right,mid_late_stance,native_strong_ice,contact_anchor_drift_label_only,434,634,0,201,0.0,0.0,0.007648299350889761,0.007648299350889761
pair_033,positive_0p10_right_mid_late_stance_moderate_ice_preregistered_v0,control_0p10_right_mid_late_stance_moderate_ice_preregistered_v0,0.1,right,mid_late_stance,moderate_ice_preregistered,target_foot_fsr,443,643,0,804,0.0,0.0,55.0124741841608,55.0124741841608
pair_033,positive_0p10_right_mid_late_stance_moderate_ice_preregistered_v0,control_0p10_right_mid_late_stance_moderate_ice_preregistered_v0,0.1,right,mid_late_stance,moderate_ice_preregistered,target_foot_imu,443,643,0,1206,0.0,0.0,1.4031206184859983,1.4031206184859983
pair_033,positive_0p10_right_mid_late_stance_moderate_ice_preregistered_v0,control_0p10_right_mid_late_stance_moderate_ice_preregistered_v0,0.1,right,mid_late_stance,moderate_ice_preregistered,contralateral_fsr,443,643,0,804,0.0,0.0,33.80542712988545,33.80542712988545
pair_033,positive_0p10_right_mid_late_stance_moderate_ice_preregistered_v0,control_0p10_right_mid_late_stance_moderate_ice_preregistered_v0,0.1,right,mid_late_stance,moderate_ice_preregistered,contralateral_imu,443,643,0,1206,0.0,0.0,1.1507659052557715,1.1507659052557715
pair_033,positive_0p10_right_mid_late_stance_moderate_ice_preregistered_v0,control_0p10_right_mid_late_stance_moderate_ice_preregistered_v0,0.1,right,mid_late_stance,moderate_ice_preregistered,bilateral_asymmetry,443,643,0,2010,0.0,0.0,8.634231670655627,8.634231670655627
pair_033,positive_0p10_right_mid_late_stance_moderate_ice_preregistered_v0,control_0p10_right_mid_late_stance_moderate_ice_preregistered_v0,0.1,right,mid_late_stance,moderate_ice_preregistered,contact_anchor_drift_label_only,443,643,0,161,0.0,0.0,0.006305718242034594,0.006305718242034594
pair_034,positive_0p10_right_mid_late_stance_moderate_ice_preregistered_v1,control_0p10_right_mid_late_stance_moderate_ice_preregistered_v1,0.1,right,mid_late_stance,moderate_ice_preregistered,target_foot_fsr,437,637,0,804,0.0,0.0,0.0,0.0
pair_034,positive_0p10_right_mid_late_stance_moderate_ice_preregistered_v1,control_0p10_right_mid_late_stance_moderate_ice_preregistered_v1,0.1,right,mid_late_stance,moderate_ice_preregistered,target_foot_imu,437,637,0,1206,0.0,0.0,1.8957367634246662,1.8957367634246662
pair_034,positive_0p10_right_mid_late_stance_moderate_ice_preregistered_v1,control_0p10_right_mid_late_stance_moderate_ice_preregistered_v1,0.1,right,mid_late_stance,moderate_ice_preregistered,contralateral_fsr,437,637,0,804,0.0,0.0,80.45474596403132,80.45474596403132
pair_034,positive_0p10_right_mid_late_stance_moderate_ice_preregistered_v1,control_0p10_right_mid_late_stance_moderate_ice_preregistered_v1,0.1,right,mid_late_stance,moderate_ice_preregistered,contralateral_imu,437,637,0,1206,0.0,0.0,1.6380596393010964,1.6380596393010964
pair_034,positive_0p10_right_mid_late_stance_moderate_ice_preregistered_v1,control_0p10_right_mid_late_stance_moderate_ice_preregistered_v1,0.1,right,mid_late_stance,moderate_ice_preregistered,bilateral_asymmetry,437,637,0,2010,0.0,0.0,-32.027292113253075,-32.027292113253075
pair_034,positive_0p10_right_mid_late_stance_moderate_ice_preregistered_v1,control_0p10_right_mid_late_stance_moderate_ice_preregistered_v1,0.1,right,mid_late_stance,moderate_ice_preregistered,contact_anchor_drift_label_only,437,637,0,0,,,,
pair_035,positive_0p10_right_mid_late_stance_moderate_ice_preregistered_v2,control_0p10_right_mid_late_stance_moderate_ice_preregistered_v2,0.1,right,mid_late_stance,moderate_ice_preregistered,target_foot_fsr,434,634,0,804,0.0,0.0,81.27843321140726,81.27843321140726
pair_035,positive_0p10_right_mid_late_stance_moderate_ice_preregistered_v2,control_0p10_right_mid_late_stance_moderate_ice_preregistered_v2,0.1,right,mid_late_stance,moderate_ice_preregistered,target_foot_imu,434,634,0,1206,0.0,0.0,1.6139463715775353,1.6139463715775353
pair_035,positive_0p10_right_mid_late_stance_moderate_ice_preregistered_v2,control_0p10_right_mid_late_stance_moderate_ice_preregistered_v2,0.1,right,mid_late_stance,moderate_ice_preregistered,contralateral_fsr,434,634,0,804,0.0,0.0,0.0,0.0
pair_035,positive_0p10_right_mid_late_stance_moderate_ice_preregistered_v2,control_0p10_right_mid_late_stance_moderate_ice_preregistered_v2,0.1,right,mid_late_stance,moderate_ice_preregistered,contralateral_imu,434,634,0,1206,0.0,0.0,2.1163720543586857,2.1163720543586857
pair_035,positive_0p10_right_mid_late_stance_moderate_ice_preregistered_v2,control_0p10_right_mid_late_stance_moderate_ice_preregistered_v2,0.1,right,mid_late_stance,moderate_ice_preregistered,bilateral_asymmetry,434,634,0,2010,0.0,0.0,32.20991787315457,32.20991787315457
pair_035,positive_0p10_right_mid_late_stance_moderate_ice_preregistered_v2,control_0p10_right_mid_late_stance_moderate_ice_preregistered_v2,0.1,right,mid_late_stance,moderate_ice_preregistered,contact_anchor_drift_label_only,434,634,0,201,0.0,0.0,0.00764759813449276,0.00764759813449276
pair_036,positive_0p15_left_early_loading_native_strong_ice_v0,control_0p15_left_early_loading_native_strong_ice_v0,0.15,left,early_loading,native_strong_ice,target_foot_fsr,0,157,0,632,0.0,0.0,76.82817928851405,76.82817928851405
pair_036,positive_0p15_left_early_loading_native_strong_ice_v0,control_0p15_left_early_loading_native_strong_ice_v0,0.15,left,early_loading,native_strong_ice,target_foot_imu,0,157,0,948,0.0,0.0,1.6098551080413765,1.6098551080413765
pair_036,positive_0p15_left_early_loading_native_strong_ice_v0,control_0p15_left_early_loading_native_strong_ice_v0,0.15,left,early_loading,native_strong_ice,contralateral_fsr,0,157,0,632,0.0,0.0,9.14526730021344,9.14526730021344
pair_036,positive_0p15_left_early_loading_native_strong_ice_v0,control_0p15_left_early_loading_native_strong_ice_v0,0.15,left,early_loading,native_strong_ice,contralateral_imu,0,157,0,948,0.0,0.0,2.030824665674359,2.030824665674359
pair_036,positive_0p15_left_early_loading_native_strong_ice_v0,control_0p15_left_early_loading_native_strong_ice_v0,0.15,left,early_loading,native_strong_ice,bilateral_asymmetry,0,157,0,1580,0.0,0.0,26.82058306836252,26.82058306836252
pair_036,positive_0p15_left_early_loading_native_strong_ice_v0,control_0p15_left_early_loading_native_strong_ice_v0,0.15,left,early_loading,native_strong_ice,contact_anchor_drift_label_only,0,157,0,121,0.0,0.0,0.001602806949344356,0.001602806949344356
pair_037,positive_0p15_left_early_loading_native_strong_ice_v1,control_0p15_left_early_loading_native_strong_ice_v1,0.15,left,early_loading,native_strong_ice,target_foot_fsr,0,159,0,640,0.0,0.0,14.842831034309347,14.842831034309347
pair_037,positive_0p15_left_early_loading_native_strong_ice_v1,control_0p15_left_early_loading_native_strong_ice_v1,0.15,left,early_loading,native_strong_ice,target_foot_imu,0,159,0,960,0.0,0.0,1.9917440501692303,1.9917440501692303
pair_037,positive_0p15_left_early_loading_native_strong_ice_v1,control_0p15_left_early_loading_native_strong_ice_v1,0.15,left,early_loading,native_strong_ice,contralateral_fsr,0,159,0,640,0.0,0.0,73.53659495264291,73.53659495264291
pair_037,positive_0p15_left_early_loading_native_strong_ice_v1,control_0p15_left_early_loading_native_strong_ice_v1,0.15,left,early_loading,native_strong_ice,contralateral_imu,0,159,0,960,0.0,0.0,1.6404629329468663,1.6404629329468663
pair_037,positive_0p15_left_early_loading_native_strong_ice_v1,control_0p15_left_early_loading_native_strong_ice_v1,0.15,left,early_loading,native_strong_ice,bilateral_asymmetry,0,159,0,1600,0.0,0.0,-23.26673689112009,-23.26673689112009
pair_037,positive_0p15_left_early_loading_native_strong_ice_v1,control_0p15_left_early_loading_native_strong_ice_v1,0.15,left,early_loading,native_strong_ice,contact_anchor_drift_label_only,0,159,0,50,0.0,0.0,0.00028449615587305743,0.00028449615587305743
pair_038,positive_0p15_left_early_loading_native_strong_ice_v2,control_0p15_left_early_loading_native_strong_ice_v2,0.15,left,early_loading,native_strong_ice,target_foot_fsr,0,164,0,660,0.0,0.0,45.454752779407706,45.454752779407706
pair_038,positive_0p15_left_early_loading_native_strong_ice_v2,control_0p15_left_early_loading_native_strong_ice_v2,0.15,left,early_loading,native_strong_ice,target_foot_imu,0,164,0,990,0.0,0.0,1.6707171728081045,1.6707171728081045
pair_038,positive_0p15_left_early_loading_native_strong_ice_v2,control_0p15_left_early_loading_native_strong_ice_v2,0.15,left,early_loading,native_strong_ice,contralateral_fsr,0,164,0,660,0.0,0.0,40.50579309571873,40.50579309571873
pair_038,positive_0p15_left_early_loading_native_strong_ice_v2,control_0p15_left_early_loading_native_strong_ice_v2,0.15,left,early_loading,native_strong_ice,contralateral_imu,0,164,0,990,0.0,0.0,1.5426972893080715,1.5426972893080715
pair_038,positive_0p15_left_early_loading_native_strong_ice_v2,control_0p15_left_early_loading_native_strong_ice_v2,0.15,left,early_loading,native_strong_ice,bilateral_asymmetry,0,164,0,1650,0.0,0.0,2.0563958181298485,2.0563958181298485
pair_038,positive_0p15_left_early_loading_native_strong_ice_v2,control_0p15_left_early_loading_native_strong_ice_v2,0.15,left,early_loading,native_strong_ice,contact_anchor_drift_label_only,0,164,0,121,0.0,0.0,0.003988385176207208,0.003988385176207208
pair_039,positive_0p15_left_early_loading_moderate_ice_preregistered_v0,control_0p15_left_early_loading_moderate_ice_preregistered_v0,0.15,left,early_loading,moderate_ice_preregistered,target_foot_fsr,0,157,0,632,0.0,0.0,76.82820955861973,76.82820955861973
pair_039,positive_0p15_left_early_loading_moderate_ice_preregistered_v0,control_0p15_left_early_loading_moderate_ice_preregistered_v0,0.15,left,early_loading,moderate_ice_preregistered,target_foot_imu,0,157,0,948,0.0,0.0,1.609844630416202,1.609844630416202
pair_039,positive_0p15_left_early_loading_moderate_ice_preregistered_v0,control_0p15_left_early_loading_moderate_ice_preregistered_v0,0.15,left,early_loading,moderate_ice_preregistered,contralateral_fsr,0,157,0,632,0.0,0.0,9.145247922856596,9.145247922856596
pair_039,positive_0p15_left_early_loading_moderate_ice_preregistered_v0,control_0p15_left_early_loading_moderate_ice_preregistered_v0,0.15,left,early_loading,moderate_ice_preregistered,contralateral_imu,0,157,0,948,0.0,0.0,2.03083123106226,2.03083123106226
pair_039,positive_0p15_left_early_loading_moderate_ice_preregistered_v0,control_0p15_left_early_loading_moderate_ice_preregistered_v0,0.15,left,early_loading,moderate_ice_preregistered,bilateral_asymmetry,0,157,0,1580,0.0,0.0,26.820592713445023,26.820592713445023
pair_039,positive_0p15_left_early_loading_moderate_ice_preregistered_v0,control_0p15_left_early_loading_moderate_ice_preregistered_v0,0.15,left,early_loading,moderate_ice_preregistered,contact_anchor_drift_label_only,0,157,0,121,0.0,0.0,0.0016028704846899357,0.0016028704846899357
pair_040,positive_0p15_left_early_loading_moderate_ice_preregistered_v1,control_0p15_left_early_loading_moderate_ice_preregistered_v1,0.15,left,early_loading,moderate_ice_preregistered,target_foot_fsr,0,159,0,640,0.0,0.0,14.83438130539289,14.83438130539289
pair_040,positive_0p15_left_early_loading_moderate_ice_preregistered_v1,control_0p15_left_early_loading_moderate_ice_preregistered_v1,0.15,left,early_loading,moderate_ice_preregistered,target_foot_imu,0,159,0,960,0.0,0.0,1.9917734392291095,1.9917734392291095
pair_040,positive_0p15_left_early_loading_moderate_ice_preregistered_v1,control_0p15_left_early_loading_moderate_ice_preregistered_v1,0.15,left,early_loading,moderate_ice_preregistered,contralateral_fsr,0,159,0,640,0.0,0.0,73.54433641582727,73.54433641582727
pair_040,positive_0p15_left_early_loading_moderate_ice_preregistered_v1,control_0p15_left_early_loading_moderate_ice_preregistered_v1,0.15,left,early_loading,moderate_ice_preregistered,contralateral_imu,0,159,0,960,0.0,0.0,1.6383408076156836,1.6383408076156836
pair_040,positive_0p15_left_early_loading_moderate_ice_preregistered_v1,control_0p15_left_early_loading_moderate_ice_preregistered_v1,0.15,left,early_loading,moderate_ice_preregistered,bilateral_asymmetry,0,159,0,1600,0.0,0.0,-23.271922439866174,-23.271922439866174
pair_040,positive_0p15_left_early_loading_moderate_ice_preregistered_v1,control_0p15_left_early_loading_moderate_ice_preregistered_v1,0.15,left,early_loading,moderate_ice_preregistered,contact_anchor_drift_label_only,0,159,0,50,0.0,0.0,0.0002864221674826695,0.0002864221674826695
pair_041,positive_0p15_left_early_loading_moderate_ice_preregistered_v2,control_0p15_left_early_loading_moderate_ice_preregistered_v2,0.15,left,early_loading,moderate_ice_preregistered,target_foot_fsr,0,164,0,660,0.0,0.0,45.507959999652776,45.507959999652776
pair_041,positive_0p15_left_early_loading_moderate_ice_preregistered_v2,control_0p15_left_early_loading_moderate_ice_preregistered_v2,0.15,left,early_loading,moderate_ice_preregistered,target_foot_imu,0,164,0,990,0.0,0.0,1.6677790060005455,1.6677790060005455
pair_041,positive_0p15_left_early_loading_moderate_ice_preregistered_v2,control_0p15_left_early_loading_moderate_ice_preregistered_v2,0.15,left,early_loading,moderate_ice_preregistered,contralateral_fsr,0,164,0,660,0.0,0.0,40.4268906120098,40.4268906120098
pair_041,positive_0p15_left_early_loading_moderate_ice_preregistered_v2,control_0p15_left_early_loading_moderate_ice_preregistered_v2,0.15,left,early_loading,moderate_ice_preregistered,contralateral_imu,0,164,0,990,0.0,0.0,1.5293794825705018,1.5293794825705018
pair_041,positive_0p15_left_early_loading_moderate_ice_preregistered_v2,control_0p15_left_early_loading_moderate_ice_preregistered_v2,0.15,left,early_loading,moderate_ice_preregistered,bilateral_asymmetry,0,164,0,1650,0.0,0.0,2.11546744579093,2.11546744579093
pair_041,positive_0p15_left_early_loading_moderate_ice_preregistered_v2,control_0p15_left_early_loading_moderate_ice_preregistered_v2,0.15,left,early_loading,moderate_ice_preregistered,contact_anchor_drift_label_only,0,164,0,121,0.0,0.0,0.0039913728616723775,0.0039913728616723775
pair_042,positive_0p15_left_mid_loading_early_stance_native_strong_ice_v0,control_0p15_left_mid_loading_early_stance_native_strong_ice_v0,0.15,left,mid_loading_early_stance,native_strong_ice,target_foot_fsr,97,297,0,804,0.0,0.0,45.79800848025291,45.79800848025291
pair_042,positive_0p15_left_mid_loading_early_stance_native_strong_ice_v0,control_0p15_left_mid_loading_early_stance_native_strong_ice_v0,0.15,left,mid_loading_early_stance,native_strong_ice,target_foot_imu,97,297,0,1206,0.0,0.0,1.6616753598451912,1.6616753598451912
pair_042,positive_0p15_left_mid_loading_early_stance_native_strong_ice_v0,control_0p15_left_mid_loading_early_stance_native_strong_ice_v0,0.15,left,mid_loading_early_stance,native_strong_ice,contralateral_fsr,97,297,0,804,0.0,0.0,42.18418556155257,42.18418556155257
pair_042,positive_0p15_left_mid_loading_early_stance_native_strong_ice_v0,control_0p15_left_mid_loading_early_stance_native_strong_ice_v0,0.15,left,mid_loading_early_stance,native_strong_ice,contralateral_imu,97,297,0,1206,0.0,0.0,1.5762598033007946,1.5762598033007946
pair_042,positive_0p15_left_mid_loading_early_stance_native_strong_ice_v0,control_0p15_left_mid_loading_early_stance_native_strong_ice_v0,0.15,left,mid_loading_early_stance,native_strong_ice,bilateral_asymmetry,97,297,0,2010,0.0,0.0,1.4967785026342955,1.4967785026342955
pair_042,positive_0p15_left_mid_loading_early_stance_native_strong_ice_v0,control_0p15_left_mid_loading_early_stance_native_strong_ice_v0,0.15,left,mid_loading_early_stance,native_strong_ice,contact_anchor_drift_label_only,97,297,0,145,0.0,0.0,0.0016582379904415074,0.0016582379904415074
pair_043,positive_0p15_left_mid_loading_early_stance_native_strong_ice_v1,control_0p15_left_mid_loading_early_stance_native_strong_ice_v1,0.15,left,mid_loading_early_stance,native_strong_ice,target_foot_fsr,99,299,0,804,0.0,0.0,0.0,0.0
pair_043,positive_0p15_left_mid_loading_early_stance_native_strong_ice_v1,control_0p15_left_mid_loading_early_stance_native_strong_ice_v1,0.15,left,mid_loading_early_stance,native_strong_ice,target_foot_imu,99,299,0,1206,0.0,0.0,2.1471344560551167,2.1471344560551167
pair_043,positive_0p15_left_mid_loading_early_stance_native_strong_ice_v1,control_0p15_left_mid_loading_early_stance_native_strong_ice_v1,0.15,left,mid_loading_early_stance,native_strong_ice,contralateral_fsr,99,299,0,804,0.0,0.0,77.3188940546758,77.3188940546758
pair_043,positive_0p15_left_mid_loading_early_stance_native_strong_ice_v1,control_0p15_left_mid_loading_early_stance_native_strong_ice_v1,0.15,left,mid_loading_early_stance,native_strong_ice,contralateral_imu,99,299,0,1206,0.0,0.0,1.7286099282193863,1.7286099282193863
pair_043,positive_0p15_left_mid_loading_early_stance_native_strong_ice_v1,control_0p15_left_mid_loading_early_stance_native_strong_ice_v1,0.15,left,mid_loading_early_stance,native_strong_ice,bilateral_asymmetry,99,299,0,2010,0.0,0.0,-30.67644290674816,-30.67644290674816
pair_043,positive_0p15_left_mid_loading_early_stance_native_strong_ice_v1,control_0p15_left_mid_loading_early_stance_native_strong_ice_v1,0.15,left,mid_loading_early_stance,native_strong_ice,contact_anchor_drift_label_only,99,299,0,0,,,,
pair_044,positive_0p15_left_mid_loading_early_stance_native_strong_ice_v2,control_0p15_left_mid_loading_early_stance_native_strong_ice_v2,0.15,left,mid_loading_early_stance,native_strong_ice,target_foot_fsr,104,304,0,804,0.0,0.0,79.4161449455012,79.4161449455012
pair_044,positive_0p15_left_mid_loading_early_stance_native_strong_ice_v2,control_0p15_left_mid_loading_early_stance_native_strong_ice_v2,0.15,left,mid_loading_early_stance,native_strong_ice,target_foot_imu,104,304,0,1206,0.0,0.0,1.6292320713084387,1.6292320713084387
pair_044,positive_0p15_left_mid_loading_early_stance_native_strong_ice_v2,control_0p15_left_mid_loading_early_stance_native_strong_ice_v2,0.15,left,mid_loading_early_stance,native_strong_ice,contralateral_fsr,104,304,0,804,0.0,0.0,4.4853083536020755,4.4853083536020755
pair_044,positive_0p15_left_mid_loading_early_stance_native_strong_ice_v2,control_0p15_left_mid_loading_early_stance_native_strong_ice_v2,0.15,left,mid_loading_early_stance,native_strong_ice,contralateral_imu,104,304,0,1206,0.0,0.0,2.325369900936974,2.325369900936974
pair_044,positive_0p15_left_mid_loading_early_stance_native_strong_ice_v2,control_0p15_left_mid_loading_early_stance_native_strong_ice_v2,0.15,left,mid_loading_early_stance,native_strong_ice,bilateral_asymmetry,104,304,0,2010,0.0,0.0,29.55465193139528,29.55465193139528
pair_044,positive_0p15_left_mid_loading_early_stance_native_strong_ice_v2,control_0p15_left_mid_loading_early_stance_native_strong_ice_v2,0.15,left,mid_loading_early_stance,native_strong_ice,contact_anchor_drift_label_only,104,304,0,201,0.0,0.0,0.004191479847224346,0.004191479847224346
pair_045,positive_0p15_left_mid_loading_early_stance_moderate_ice_preregistered_v0,control_0p15_left_mid_loading_early_stance_moderate_ice_preregistered_v0,0.15,left,mid_loading_early_stance,moderate_ice_preregistered,target_foot_fsr,97,297,0,804,0.0,0.0,45.79604170241611,45.79604170241611
pair_045,positive_0p15_left_mid_loading_early_stance_moderate_ice_preregistered_v0,control_0p15_left_mid_loading_early_stance_moderate_ice_preregistered_v0,0.15,left,mid_loading_early_stance,moderate_ice_preregistered,target_foot_imu,97,297,0,1206,0.0,0.0,1.661199230967094,1.661199230967094
pair_045,positive_0p15_left_mid_loading_early_stance_moderate_ice_preregistered_v0,control_0p15_left_mid_loading_early_stance_moderate_ice_preregistered_v0,0.15,left,mid_loading_early_stance,moderate_ice_preregistered,contralateral_fsr,97,297,0,804,0.0,0.0,42.185693696067105,42.185693696067105
pair_045,positive_0p15_left_mid_loading_early_stance_moderate_ice_preregistered_v0,control_0p15_left_mid_loading_early_stance_moderate_ice_preregistered_v0,0.15,left,mid_loading_early_stance,moderate_ice_preregistered,contralateral_imu,97,297,0,1206,0.0,0.0,1.5763329012614056,1.5763329012614056
pair_045,positive_0p15_left_mid_loading_early_stance_moderate_ice_preregistered_v0,control_0p15_left_mid_loading_early_stance_moderate_ice_preregistered_v0,0.15,left,mid_loading_early_stance,moderate_ice_preregistered,bilateral_asymmetry,97,297,0,2010,0.0,0.0,1.4950589931102016,1.4950589931102016
pair_045,positive_0p15_left_mid_loading_early_stance_moderate_ice_preregistered_v0,control_0p15_left_mid_loading_early_stance_moderate_ice_preregistered_v0,0.15,left,mid_loading_early_stance,moderate_ice_preregistered,contact_anchor_drift_label_only,97,297,0,145,0.0,0.0,0.0016554969716174848,0.0016554969716174848
pair_046,positive_0p15_left_mid_loading_early_stance_moderate_ice_preregistered_v1,control_0p15_left_mid_loading_early_stance_moderate_ice_preregistered_v1,0.15,left,mid_loading_early_stance,moderate_ice_preregistered,target_foot_fsr,99,299,0,804,0.0,0.0,0.0,0.0
pair_046,positive_0p15_left_mid_loading_early_stance_moderate_ice_preregistered_v1,control_0p15_left_mid_loading_early_stance_moderate_ice_preregistered_v1,0.15,left,mid_loading_early_stance,moderate_ice_preregistered,target_foot_imu,99,299,0,1206,0.0,0.0,2.1478664193744597,2.1478664193744597
pair_046,positive_0p15_left_mid_loading_early_stance_moderate_ice_preregistered_v1,control_0p15_left_mid_loading_early_stance_moderate_ice_preregistered_v1,0.15,left,mid_loading_early_stance,moderate_ice_preregistered,contralateral_fsr,99,299,0,804,0.0,0.0,77.32556685148298,77.32556685148298
pair_046,positive_0p15_left_mid_loading_early_stance_moderate_ice_preregistered_v1,control_0p15_left_mid_loading_early_stance_moderate_ice_preregistered_v1,0.15,left,mid_loading_early_stance,moderate_ice_preregistered,contralateral_imu,99,299,0,1206,0.0,0.0,1.7287364069650972,1.7287364069650972
pair_046,positive_0p15_left_mid_loading_early_stance_moderate_ice_preregistered_v1,control_0p15_left_mid_loading_early_stance_moderate_ice_preregistered_v1,0.15,left,mid_loading_early_stance,moderate_ice_preregistered,bilateral_asymmetry,99,299,0,2010,0.0,0.0,-30.678748733709007,-30.678748733709007
pair_046,positive_0p15_left_mid_loading_early_stance_moderate_ice_preregistered_v1,control_0p15_left_mid_loading_early_stance_moderate_ice_preregistered_v1,0.15,left,mid_loading_early_stance,moderate_ice_preregistered,contact_anchor_drift_label_only,99,299,0,0,,,,
pair_047,positive_0p15_left_mid_loading_early_stance_moderate_ice_preregistered_v2,control_0p15_left_mid_loading_early_stance_moderate_ice_preregistered_v2,0.15,left,mid_loading_early_stance,moderate_ice_preregistered,target_foot_fsr,104,304,0,804,0.0,0.0,79.4470370516218,79.4470370516218
pair_047,positive_0p15_left_mid_loading_early_stance_moderate_ice_preregistered_v2,control_0p15_left_mid_loading_early_stance_moderate_ice_preregistered_v2,0.15,left,mid_loading_early_stance,moderate_ice_preregistered,target_foot_imu,104,304,0,1206,0.0,0.0,1.6292696135211344,1.6292696135211344
pair_047,positive_0p15_left_mid_loading_early_stance_moderate_ice_preregistered_v2,control_0p15_left_mid_loading_early_stance_moderate_ice_preregistered_v2,0.15,left,mid_loading_early_stance,moderate_ice_preregistered,contralateral_fsr,104,304,0,804,0.0,0.0,4.472915241457708,4.472915241457708
pair_047,positive_0p15_left_mid_loading_early_stance_moderate_ice_preregistered_v2,control_0p15_left_mid_loading_early_stance_moderate_ice_preregistered_v2,0.15,left,mid_loading_early_stance,moderate_ice_preregistered,contralateral_imu,104,304,0,1206,0.0,0.0,2.333185726074414,2.333185726074414
pair_047,positive_0p15_left_mid_loading_early_stance_moderate_ice_preregistered_v2,control_0p15_left_mid_loading_early_stance_moderate_ice_preregistered_v2,0.15,left,mid_loading_early_stance,moderate_ice_preregistered,bilateral_asymmetry,104,304,0,2010,0.0,0.0,29.56729906011287,29.56729906011287
pair_047,positive_0p15_left_mid_loading_early_stance_moderate_ice_preregistered_v2,control_0p15_left_mid_loading_early_stance_moderate_ice_preregistered_v2,0.15,left,mid_loading_early_stance,moderate_ice_preregistered,contact_anchor_drift_label_only,104,304,0,201,0.0,0.0,0.004192313512981828,0.004192313512981828
pair_048,positive_0p15_left_mid_late_stance_native_strong_ice_v0,control_0p15_left_mid_late_stance_native_strong_ice_v0,0.15,left,mid_late_stance,native_strong_ice,target_foot_fsr,437,637,0,804,0.0,0.0,33.22450158785825,33.22450158785825
pair_048,positive_0p15_left_mid_late_stance_native_strong_ice_v0,control_0p15_left_mid_late_stance_native_strong_ice_v0,0.15,left,mid_late_stance,native_strong_ice,target_foot_imu,437,637,0,1206,0.0,0.0,1.0758719909112606,1.0758719909112606
pair_048,positive_0p15_left_mid_late_stance_native_strong_ice_v0,control_0p15_left_mid_late_stance_native_strong_ice_v0,0.15,left,mid_late_stance,native_strong_ice,contralateral_fsr,437,637,0,804,0.0,0.0,55.61759278576228,55.61759278576228
pair_048,positive_0p15_left_mid_late_stance_native_strong_ice_v0,control_0p15_left_mid_late_stance_native_strong_ice_v0,0.15,left,mid_late_stance,native_strong_ice,contralateral_imu,437,637,0,1206,0.0,0.0,1.506609039028963,1.506609039028963
pair_048,positive_0p15_left_mid_late_stance_native_strong_ice_v0,control_0p15_left_mid_late_stance_native_strong_ice_v0,0.15,left,mid_late_stance,native_strong_ice,bilateral_asymmetry,437,637,0,2010,0.0,0.0,-9.215678709461454,-9.215678709461454
pair_048,positive_0p15_left_mid_late_stance_native_strong_ice_v0,control_0p15_left_mid_late_stance_native_strong_ice_v0,0.15,left,mid_late_stance,native_strong_ice,contact_anchor_drift_label_only,437,637,0,75,0.0,0.0,0.0007721481441209714,0.0007721481441209714
pair_049,positive_0p15_left_mid_late_stance_native_strong_ice_v1,control_0p15_left_mid_late_stance_native_strong_ice_v1,0.15,left,mid_late_stance,native_strong_ice,target_foot_fsr,439,639,0,804,0.0,0.0,80.39745947436907,80.39745947436907
pair_049,positive_0p15_left_mid_late_stance_native_strong_ice_v1,control_0p15_left_mid_late_stance_native_strong_ice_v1,0.15,left,mid_late_stance,native_strong_ice,target_foot_imu,439,639,0,1206,0.0,0.0,1.6383106613713945,1.6383106613713945
pair_049,positive_0p15_left_mid_late_stance_native_strong_ice_v1,control_0p15_left_mid_late_stance_native_strong_ice_v1,0.15,left,mid_late_stance,native_strong_ice,contralateral_fsr,439,639,0,804,0.0,0.0,0.0,0.0
pair_049,positive_0p15_left_mid_late_stance_native_strong_ice_v1,control_0p15_left_mid_late_stance_native_strong_ice_v1,0.15,left,mid_late_stance,native_strong_ice,contralateral_imu,439,639,0,1206,0.0,0.0,1.8761040421691608,1.8761040421691608
pair_049,positive_0p15_left_mid_late_stance_native_strong_ice_v1,control_0p15_left_mid_late_stance_native_strong_ice_v1,0.15,left,mid_late_stance,native_strong_ice,bilateral_asymmetry,439,639,0,2010,0.0,0.0,32.01630775906546,32.01630775906546
pair_049,positive_0p15_left_mid_late_stance_native_strong_ice_v1,control_0p15_left_mid_late_stance_native_strong_ice_v1,0.15,left,mid_late_stance,native_strong_ice,contact_anchor_drift_label_only,439,639,0,201,0.0,0.0,0.007723115546749302,0.007723115546749302
pair_050,positive_0p15_left_mid_late_stance_native_strong_ice_v2,control_0p15_left_mid_late_stance_native_strong_ice_v2,0.15,left,mid_late_stance,native_strong_ice,target_foot_fsr,444,644,0,804,0.0,0.0,0.0,0.0
pair_050,positive_0p15_left_mid_late_stance_native_strong_ice_v2,control_0p15_left_mid_late_stance_native_strong_ice_v2,0.15,left,mid_late_stance,native_strong_ice,target_foot_imu,444,644,0,1206,0.0,0.0,2.1728163690162994,2.1728163690162994
pair_050,positive_0p15_left_mid_late_stance_native_strong_ice_v2,control_0p15_left_mid_late_stance_native_strong_ice_v2,0.15,left,mid_late_stance,native_strong_ice,contralateral_fsr,444,644,0,804,0.0,0.0,81.27870861926482,81.27870861926482
pair_050,positive_0p15_left_mid_late_stance_native_strong_ice_v2,control_0p15_left_mid_late_stance_native_strong_ice_v2,0.15,left,mid_late_stance,native_strong_ice,contralateral_imu,444,644,0,1206,0.0,0.0,1.6230630540696023,1.6230630540696023
pair_050,positive_0p15_left_mid_late_stance_native_strong_ice_v2,control_0p15_left_mid_late_stance_native_strong_ice_v2,0.15,left,mid_late_stance,native_strong_ice,bilateral_asymmetry,444,644,0,2010,0.0,0.0,-32.18163145821442,-32.18163145821442
pair_050,positive_0p15_left_mid_late_stance_native_strong_ice_v2,control_0p15_left_mid_late_stance_native_strong_ice_v2,0.15,left,mid_late_stance,native_strong_ice,contact_anchor_drift_label_only,444,644,0,0,,,,
pair_051,positive_0p15_left_mid_late_stance_moderate_ice_preregistered_v0,control_0p15_left_mid_late_stance_moderate_ice_preregistered_v0,0.15,left,mid_late_stance,moderate_ice_preregistered,target_foot_fsr,437,637,0,804,0.0,0.0,33.233865730798065,33.233865730798065
pair_051,positive_0p15_left_mid_late_stance_moderate_ice_preregistered_v0,control_0p15_left_mid_late_stance_moderate_ice_preregistered_v0,0.15,left,mid_late_stance,moderate_ice_preregistered,target_foot_imu,437,637,0,1206,0.0,0.0,1.075296111327788,1.075296111327788
pair_051,positive_0p15_left_mid_late_stance_moderate_ice_preregistered_v0,control_0p15_left_mid_late_stance_moderate_ice_preregistered_v0,0.15,left,mid_late_stance,moderate_ice_preregistered,contralateral_fsr,437,637,0,804,0.0,0.0,55.61191363736468,55.61191363736468
pair_051,positive_0p15_left_mid_late_stance_moderate_ice_preregistered_v0,control_0p15_left_mid_late_stance_moderate_ice_preregistered_v0,0.15,left,mid_late_stance,moderate_ice_preregistered,contralateral_imu,437,637,0,1206,0.0,0.0,1.507013516715368,1.507013516715368
pair_051,positive_0p15_left_mid_late_stance_moderate_ice_preregistered_v0,control_0p15_left_mid_late_stance_moderate_ice_preregistered_v0,0.15,left,mid_late_stance,moderate_ice_preregistered,bilateral_asymmetry,437,637,0,2010,0.0,0.0,-9.210249598698276,-9.210249598698276
pair_051,positive_0p15_left_mid_late_stance_moderate_ice_preregistered_v0,control_0p15_left_mid_late_stance_moderate_ice_preregistered_v0,0.15,left,mid_late_stance,moderate_ice_preregistered,contact_anchor_drift_label_only,437,637,0,75,0.0,0.0,0.0007732012396445498,0.0007732012396445498
pair_052,positive_0p15_left_mid_late_stance_moderate_ice_preregistered_v1,control_0p15_left_mid_late_stance_moderate_ice_preregistered_v1,0.15,left,mid_late_stance,moderate_ice_preregistered,target_foot_fsr,439,639,0,804,0.0,0.0,80.39583250005447,80.39583250005447
pair_052,positive_0p15_left_mid_late_stance_moderate_ice_preregistered_v1,control_0p15_left_mid_late_stance_moderate_ice_preregistered_v1,0.15,left,mid_late_stance,moderate_ice_preregistered,target_foot_imu,439,639,0,1206,0.0,0.0,1.6383114067651559,1.6383114067651559
pair_052,positive_0p15_left_mid_late_stance_moderate_ice_preregistered_v1,control_0p15_left_mid_late_stance_moderate_ice_preregistered_v1,0.15,left,mid_late_stance,moderate_ice_preregistered,contralateral_fsr,439,639,0,804,0.0,0.0,0.0,0.0
pair_052,positive_0p15_left_mid_late_stance_moderate_ice_preregistered_v1,control_0p15_left_mid_late_stance_moderate_ice_preregistered_v1,0.15,left,mid_late_stance,moderate_ice_preregistered,contralateral_imu,439,639,0,1206,0.0,0.0,1.874984485547639,1.874984485547639
pair_052,positive_0p15_left_mid_late_stance_moderate_ice_preregistered_v1,control_0p15_left_mid_late_stance_moderate_ice_preregistered_v1,0.15,left,mid_late_stance,moderate_ice_preregistered,bilateral_asymmetry,439,639,0,2010,0.0,0.0,32.016329152057345,32.016329152057345
pair_052,positive_0p15_left_mid_late_stance_moderate_ice_preregistered_v1,control_0p15_left_mid_late_stance_moderate_ice_preregistered_v1,0.15,left,mid_late_stance,moderate_ice_preregistered,contact_anchor_drift_label_only,439,639,0,201,0.0,0.0,0.007717949632481111,0.007717949632481111
pair_053,positive_0p15_left_mid_late_stance_moderate_ice_preregistered_v2,control_0p15_left_mid_late_stance_moderate_ice_preregistered_v2,0.15,left,mid_late_stance,moderate_ice_preregistered,target_foot_fsr,444,644,0,804,0.0,0.0,0.0,0.0
pair_053,positive_0p15_left_mid_late_stance_moderate_ice_preregistered_v2,control_0p15_left_mid_late_stance_moderate_ice_preregistered_v2,0.15,left,mid_late_stance,moderate_ice_preregistered,target_foot_imu,444,644,0,1206,0.0,0.0,2.1812046059869865,2.1812046059869865
pair_053,positive_0p15_left_mid_late_stance_moderate_ice_preregistered_v2,control_0p15_left_mid_late_stance_moderate_ice_preregistered_v2,0.15,left,mid_late_stance,moderate_ice_preregistered,contralateral_fsr,444,644,0,804,0.0,0.0,81.29502444718014,81.29502444718014
pair_053,positive_0p15_left_mid_late_stance_moderate_ice_preregistered_v2,control_0p15_left_mid_late_stance_moderate_ice_preregistered_v2,0.15,left,mid_late_stance,moderate_ice_preregistered,contralateral_imu,444,644,0,1206,0.0,0.0,1.6231109050072978,1.6231109050072978
pair_053,positive_0p15_left_mid_late_stance_moderate_ice_preregistered_v2,control_0p15_left_mid_late_stance_moderate_ice_preregistered_v2,0.15,left,mid_late_stance,moderate_ice_preregistered,bilateral_asymmetry,444,644,0,2010,0.0,0.0,-32.18315355815364,-32.18315355815364
pair_053,positive_0p15_left_mid_late_stance_moderate_ice_preregistered_v2,control_0p15_left_mid_late_stance_moderate_ice_preregistered_v2,0.15,left,mid_late_stance,moderate_ice_preregistered,contact_anchor_drift_label_only,444,644,0,0,,,,
pair_054,positive_0p15_right_early_loading_native_strong_ice_v0,control_0p15_right_early_loading_native_strong_ice_v0,0.15,right,early_loading,native_strong_ice,target_foot_fsr,0,163,0,656,0.0,0.0,8.806650237521021,8.806650237521021
pair_054,positive_0p15_right_early_loading_native_strong_ice_v0,control_0p15_right_early_loading_native_strong_ice_v0,0.15,right,early_loading,native_strong_ice,target_foot_imu,0,163,0,984,0.0,0.0,2.0917683903109157,2.0917683903109157
pair_054,positive_0p15_right_early_loading_native_strong_ice_v0,control_0p15_right_early_loading_native_strong_ice_v0,0.15,right,early_loading,native_strong_ice,contralateral_fsr,0,163,0,656,0.0,0.0,76.8425818783481,76.8425818783481
pair_054,positive_0p15_right_early_loading_native_strong_ice_v0,control_0p15_right_early_loading_native_strong_ice_v0,0.15,right,early_loading,native_strong_ice,contralateral_imu,0,163,0,984,0.0,0.0,1.6093571080636604,1.6093571080636604
pair_054,positive_0p15_right_early_loading_native_strong_ice_v0,control_0p15_right_early_loading_native_strong_ice_v0,0.15,right,early_loading,native_strong_ice,bilateral_asymmetry,0,163,0,1640,0.0,0.0,-26.924925886620994,-26.924925886620994
pair_054,positive_0p15_right_early_loading_native_strong_ice_v0,control_0p15_right_early_loading_native_strong_ice_v0,0.15,right,early_loading,native_strong_ice,contact_anchor_drift_label_only,0,163,0,47,0.0,0.0,0.0011625995743707654,0.0011625995743707654
pair_055,positive_0p15_right_early_loading_native_strong_ice_v1,control_0p15_right_early_loading_native_strong_ice_v1,0.15,right,early_loading,native_strong_ice,target_foot_fsr,0,157,0,632,0.0,0.0,73.44076270468628,73.44076270468628
pair_055,positive_0p15_right_early_loading_native_strong_ice_v1,control_0p15_right_early_loading_native_strong_ice_v1,0.15,right,early_loading,native_strong_ice,target_foot_imu,0,157,0,948,0.0,0.0,1.6378532988038015,1.6378532988038015
pair_055,positive_0p15_right_early_loading_native_strong_ice_v1,control_0p15_right_early_loading_native_strong_ice_v1,0.15,right,early_loading,native_strong_ice,contralateral_fsr,0,157,0,632,0.0,0.0,15.02146938965432,15.02146938965432
pair_055,positive_0p15_right_early_loading_native_strong_ice_v1,control_0p15_right_early_loading_native_strong_ice_v1,0.15,right,early_loading,native_strong_ice,contralateral_imu,0,157,0,948,0.0,0.0,1.976541752508254,1.976541752508254
pair_055,positive_0p15_right_early_loading_native_strong_ice_v1,control_0p15_right_early_loading_native_strong_ice_v1,0.15,right,early_loading,native_strong_ice,bilateral_asymmetry,0,157,0,1580,0.0,0.0,23.16450427210141,23.16450427210141
pair_055,positive_0p15_right_early_loading_native_strong_ice_v1,control_0p15_right_early_loading_native_strong_ice_v1,0.15,right,early_loading,native_strong_ice,contact_anchor_drift_label_only,0,157,0,121,0.0,0.0,0.00032809852913006645,0.00032809852913006645
pair_056,positive_0p15_right_early_loading_native_strong_ice_v2,control_0p15_right_early_loading_native_strong_ice_v2,0.15,right,early_loading,native_strong_ice,target_foot_fsr,0,154,0,620,0.0,0.0,42.97592916450193,42.97592916450193
pair_056,positive_0p15_right_early_loading_native_strong_ice_v2,control_0p15_right_early_loading_native_strong_ice_v2,0.15,right,early_loading,native_strong_ice,target_foot_imu,0,154,0,930,0.0,0.0,1.6070252915505256,1.6070252915505256
pair_056,positive_0p15_right_early_loading_native_strong_ice_v2,control_0p15_right_early_loading_native_strong_ice_v2,0.15,right,early_loading,native_strong_ice,contralateral_fsr,0,154,0,620,0.0,0.0,42.989597947444885,42.989597947444885
pair_056,positive_0p15_right_early_loading_native_strong_ice_v2,control_0p15_right_early_loading_native_strong_ice_v2,0.15,right,early_loading,native_strong_ice,contralateral_imu,0,154,0,930,0.0,0.0,1.67114922720536,1.67114922720536
pair_056,positive_0p15_right_early_loading_native_strong_ice_v2,control_0p15_right_early_loading_native_strong_ice_v2,0.15,right,early_loading,native_strong_ice,bilateral_asymmetry,0,154,0,1550,0.0,0.0,-0.04394188154536213,-0.04394188154536213
pair_056,positive_0p15_right_early_loading_native_strong_ice_v2,control_0p15_right_early_loading_native_strong_ice_v2,0.15,right,early_loading,native_strong_ice,contact_anchor_drift_label_only,0,154,0,121,0.0,0.0,0.0006540987796000058,0.0006540987796000058
pair_057,positive_0p15_right_early_loading_moderate_ice_preregistered_v0,control_0p15_right_early_loading_moderate_ice_preregistered_v0,0.15,right,early_loading,moderate_ice_preregistered,target_foot_fsr,0,163,0,656,0.0,0.0,8.810571999084658,8.810571999084658
pair_057,positive_0p15_right_early_loading_moderate_ice_preregistered_v0,control_0p15_right_early_loading_moderate_ice_preregistered_v0,0.15,right,early_loading,moderate_ice_preregistered,target_foot_imu,0,163,0,984,0.0,0.0,2.090217757014238,2.090217757014238
pair_057,positive_0p15_right_early_loading_moderate_ice_preregistered_v0,control_0p15_right_early_loading_moderate_ice_preregistered_v0,0.15,right,early_loading,moderate_ice_preregistered,contralateral_fsr,0,163,0,656,0.0,0.0,76.83546848122667,76.83546848122667
pair_057,positive_0p15_right_early_loading_moderate_ice_preregistered_v0,control_0p15_right_early_loading_moderate_ice_preregistered_v0,0.15,right,early_loading,moderate_ice_preregistered,contralateral_imu,0,163,0,984,0.0,0.0,1.6114567951740706,1.6114567951740706
pair_057,positive_0p15_right_early_loading_moderate_ice_preregistered_v0,control_0p15_right_early_loading_moderate_ice_preregistered_v0,0.15,right,early_loading,moderate_ice_preregistered,bilateral_asymmetry,0,163,0,1640,0.0,0.0,-26.922702015759764,-26.922702015759764
pair_057,positive_0p15_right_early_loading_moderate_ice_preregistered_v0,control_0p15_right_early_loading_moderate_ice_preregistered_v0,0.15,right,early_loading,moderate_ice_preregistered,contact_anchor_drift_label_only,0,163,0,47,0.0,0.0,0.0011567198818467775,0.0011567198818467775
pair_058,positive_0p15_right_early_loading_moderate_ice_preregistered_v1,control_0p15_right_early_loading_moderate_ice_preregistered_v1,0.15,right,early_loading,moderate_ice_preregistered,target_foot_fsr,0,157,0,632,0.0,0.0,73.440421184407,73.440421184407
pair_058,positive_0p15_right_early_loading_moderate_ice_preregistered_v1,control_0p15_right_early_loading_moderate_ice_preregistered_v1,0.15,right,early_loading,moderate_ice_preregistered,target_foot_imu,0,157,0,948,0.0,0.0,1.63794823056556,1.63794823056556
pair_058,positive_0p15_right_early_loading_moderate_ice_preregistered_v1,control_0p15_right_early_loading_moderate_ice_preregistered_v1,0.15,right,early_loading,moderate_ice_preregistered,contralateral_fsr,0,157,0,632,0.0,0.0,15.021848990245946,15.021848990245946
pair_058,positive_0p15_right_early_loading_moderate_ice_preregistered_v1,control_0p15_right_early_loading_moderate_ice_preregistered_v1,0.15,right,early_loading,moderate_ice_preregistered,contralateral_imu,0,157,0,948,0.0,0.0,1.976542229773742,1.976542229773742
pair_058,positive_0p15_right_early_loading_moderate_ice_preregistered_v1,control_0p15_right_early_loading_moderate_ice_preregistered_v1,0.15,right,early_loading,moderate_ice_preregistered,bilateral_asymmetry,0,157,0,1580,0.0,0.0,23.1642724669229,23.1642724669229
pair_058,positive_0p15_right_early_loading_moderate_ice_preregistered_v1,control_0p15_right_early_loading_moderate_ice_preregistered_v1,0.15,right,early_loading,moderate_ice_preregistered,contact_anchor_drift_label_only,0,157,0,121,0.0,0.0,0.0003275059850035959,0.0003275059850035959
pair_059,positive_0p15_right_early_loading_moderate_ice_preregistered_v2,control_0p15_right_early_loading_moderate_ice_preregistered_v2,0.15,right,early_loading,moderate_ice_preregistered,target_foot_fsr,0,154,0,620,0.0,0.0,42.9899615456981,42.9899615456981
pair_059,positive_0p15_right_early_loading_moderate_ice_preregistered_v2,control_0p15_right_early_loading_moderate_ice_preregistered_v2,0.15,right,early_loading,moderate_ice_preregistered,target_foot_imu,0,154,0,930,0.0,0.0,1.6084542610370933,1.6084542610370933
pair_059,positive_0p15_right_early_loading_moderate_ice_preregistered_v2,control_0p15_right_early_loading_moderate_ice_preregistered_v2,0.15,right,early_loading,moderate_ice_preregistered,contralateral_fsr,0,154,0,620,0.0,0.0,42.97707418113226,42.97707418113226
pair_059,positive_0p15_right_early_loading_moderate_ice_preregistered_v2,control_0p15_right_early_loading_moderate_ice_preregistered_v2,0.15,right,early_loading,moderate_ice_preregistered,contralateral_imu,0,154,0,930,0.0,0.0,1.671926291317862,1.671926291317862
pair_059,positive_0p15_right_early_loading_moderate_ice_preregistered_v2,control_0p15_right_early_loading_moderate_ice_preregistered_v2,0.15,right,early_loading,moderate_ice_preregistered,bilateral_asymmetry,0,154,0,1550,0.0,0.0,-0.03292826523031239,-0.03292826523031239
pair_059,positive_0p15_right_early_loading_moderate_ice_preregistered_v2,control_0p15_right_early_loading_moderate_ice_preregistered_v2,0.15,right,early_loading,moderate_ice_preregistered,contact_anchor_drift_label_only,0,154,0,121,0.0,0.0,0.0006503873843361031,0.0006503873843361031
pair_060,positive_0p15_right_mid_loading_early_stance_native_strong_ice_v0,control_0p15_right_mid_loading_early_stance_native_strong_ice_v0,0.15,right,mid_loading_early_stance,native_strong_ice,target_foot_fsr,103,303,0,804,0.0,0.0,44.63766620556513,44.63766620556513
pair_060,positive_0p15_right_mid_loading_early_stance_native_strong_ice_v0,control_0p15_right_mid_loading_early_stance_native_strong_ice_v0,0.15,right,mid_loading_early_stance,native_strong_ice,target_foot_imu,103,303,0,1206,0.0,0.0,1.5840777856759374,1.5840777856759374
pair_060,positive_0p15_right_mid_loading_early_stance_native_strong_ice_v0,control_0p15_right_mid_loading_early_stance_native_strong_ice_v0,0.15,right,mid_loading_early_stance,native_strong_ice,contralateral_fsr,103,303,0,804,0.0,0.0,43.24617523388631,43.24617523388631
pair_060,positive_0p15_right_mid_loading_early_stance_native_strong_ice_v0,control_0p15_right_mid_loading_early_stance_native_strong_ice_v0,0.15,right,mid_loading_early_stance,native_strong_ice,contralateral_imu,103,303,0,1206,0.0,0.0,1.6613444135116104,1.6613444135116104
pair_060,positive_0p15_right_mid_loading_early_stance_native_strong_ice_v0,control_0p15_right_mid_loading_early_stance_native_strong_ice_v0,0.15,right,mid_loading_early_stance,native_strong_ice,bilateral_asymmetry,103,303,0,2010,0.0,0.0,0.5102364198874627,0.5102364198874627
pair_060,positive_0p15_right_mid_loading_early_stance_native_strong_ice_v0,control_0p15_right_mid_loading_early_stance_native_strong_ice_v0,0.15,right,mid_loading_early_stance,native_strong_ice,contact_anchor_drift_label_only,103,303,0,107,0.0,0.0,0.005772101242425982,0.005772101242425982
pair_061,positive_0p15_right_mid_loading_early_stance_native_strong_ice_v1,control_0p15_right_mid_loading_early_stance_native_strong_ice_v1,0.15,right,mid_loading_early_stance,native_strong_ice,target_foot_fsr,97,297,0,804,0.0,0.0,77.67000280542123,77.67000280542123
pair_061,positive_0p15_right_mid_loading_early_stance_native_strong_ice_v1,control_0p15_right_mid_loading_early_stance_native_strong_ice_v1,0.15,right,mid_loading_early_stance,native_strong_ice,target_foot_imu,97,297,0,1206,0.0,0.0,1.7246542868803891,1.7246542868803891
pair_061,positive_0p15_right_mid_loading_early_stance_native_strong_ice_v1,control_0p15_right_mid_loading_early_stance_native_strong_ice_v1,0.15,right,mid_loading_early_stance,native_strong_ice,contralateral_fsr,97,297,0,804,0.0,0.0,0.0,0.0
pair_061,positive_0p15_right_mid_loading_early_stance_native_strong_ice_v1,control_0p15_right_mid_loading_early_stance_native_strong_ice_v1,0.15,right,mid_loading_early_stance,native_strong_ice,contralateral_imu,97,297,0,1206,0.0,0.0,2.1801518916650418,2.1801518916650418
pair_061,positive_0p15_right_mid_loading_early_stance_native_strong_ice_v1,control_0p15_right_mid_loading_early_stance_native_strong_ice_v1,0.15,right,mid_loading_early_stance,native_strong_ice,bilateral_asymmetry,97,297,0,2010,0.0,0.0,30.79470255695346,30.79470255695346
pair_061,positive_0p15_right_mid_loading_early_stance_native_strong_ice_v1,control_0p15_right_mid_loading_early_stance_native_strong_ice_v1,0.15,right,mid_loading_early_stance,native_strong_ice,contact_anchor_drift_label_only,97,297,0,201,0.0,0.0,0.00047001940535905016,0.00047001940535905016
pair_062,positive_0p15_right_mid_loading_early_stance_native_strong_ice_v2,control_0p15_right_mid_loading_early_stance_native_strong_ice_v2,0.15,right,mid_loading_early_stance,native_strong_ice,target_foot_fsr,94,294,0,804,0.0,0.0,6.299153868535265,6.299153868535265
pair_062,positive_0p15_right_mid_loading_early_stance_native_strong_ice_v2,control_0p15_right_mid_loading_early_stance_native_strong_ice_v2,0.15,right,mid_loading_early_stance,native_strong_ice,target_foot_imu,94,294,0,1206,0.0,0.0,2.193012719950542,2.193012719950542
pair_062,positive_0p15_right_mid_loading_early_stance_native_strong_ice_v2,control_0p15_right_mid_loading_early_stance_native_strong_ice_v2,0.15,right,mid_loading_early_stance,native_strong_ice,contralateral_fsr,94,294,0,804,0.0,0.0,77.4751486380559,77.4751486380559
pair_062,positive_0p15_right_mid_loading_early_stance_native_strong_ice_v2,control_0p15_right_mid_loading_early_stance_native_strong_ice_v2,0.15,right,mid_loading_early_stance,native_strong_ice,contralateral_imu,94,294,0,1206,0.0,0.0,1.618035556370125,1.618035556370125
pair_062,positive_0p15_right_mid_loading_early_stance_native_strong_ice_v2,control_0p15_right_mid_loading_early_stance_native_strong_ice_v2,0.15,right,mid_loading_early_stance,native_strong_ice,bilateral_asymmetry,94,294,0,2010,0.0,0.0,-28.125411612997333,-28.125411612997333
pair_062,positive_0p15_right_mid_loading_early_stance_native_strong_ice_v2,control_0p15_right_mid_loading_early_stance_native_strong_ice_v2,0.15,right,mid_loading_early_stance,native_strong_ice,contact_anchor_drift_label_only,94,294,0,67,0.0,0.0,0.000752274653311374,0.000752274653311374
pair_063,positive_0p15_right_mid_loading_early_stance_moderate_ice_preregistered_v0,control_0p15_right_mid_loading_early_stance_moderate_ice_preregistered_v0,0.15,right,mid_loading_early_stance,moderate_ice_preregistered,target_foot_fsr,103,303,0,804,0.0,0.0,44.629071306233385,44.629071306233385
pair_063,positive_0p15_right_mid_loading_early_stance_moderate_ice_preregistered_v0,control_0p15_right_mid_loading_early_stance_moderate_ice_preregistered_v0,0.15,right,mid_loading_early_stance,moderate_ice_preregistered,target_foot_imu,103,303,0,1206,0.0,0.0,1.583508014111901,1.583508014111901
pair_063,positive_0p15_right_mid_loading_early_stance_moderate_ice_preregistered_v0,control_0p15_right_mid_loading_early_stance_moderate_ice_preregistered_v0,0.15,right,mid_loading_early_stance,moderate_ice_preregistered,contralateral_fsr,103,303,0,804,0.0,0.0,43.25589179959315,43.25589179959315
pair_063,positive_0p15_right_mid_loading_early_stance_moderate_ice_preregistered_v0,control_0p15_right_mid_loading_early_stance_moderate_ice_preregistered_v0,0.15,right,mid_loading_early_stance,moderate_ice_preregistered,contralateral_imu,103,303,0,1206,0.0,0.0,1.6640165373566838,1.6640165373566838
pair_063,positive_0p15_right_mid_loading_early_stance_moderate_ice_preregistered_v0,control_0p15_right_mid_loading_early_stance_moderate_ice_preregistered_v0,0.15,right,mid_loading_early_stance,moderate_ice_preregistered,bilateral_asymmetry,103,303,0,2010,0.0,0.0,0.5009666897926424,0.5009666897926424
pair_063,positive_0p15_right_mid_loading_early_stance_moderate_ice_preregistered_v0,control_0p15_right_mid_loading_early_stance_moderate_ice_preregistered_v0,0.15,right,mid_loading_early_stance,moderate_ice_preregistered,contact_anchor_drift_label_only,103,303,0,107,0.0,0.0,0.005802155687760944,0.005802155687760944
pair_064,positive_0p15_right_mid_loading_early_stance_moderate_ice_preregistered_v1,control_0p15_right_mid_loading_early_stance_moderate_ice_preregistered_v1,0.15,right,mid_loading_early_stance,moderate_ice_preregistered,target_foot_fsr,97,297,0,804,0.0,0.0,77.67564954294531,77.67564954294531
pair_064,positive_0p15_right_mid_loading_early_stance_moderate_ice_preregistered_v1,control_0p15_right_mid_loading_early_stance_moderate_ice_preregistered_v1,0.15,right,mid_loading_early_stance,moderate_ice_preregistered,target_foot_imu,97,297,0,1206,0.0,0.0,1.7247630972526293,1.7247630972526293
pair_064,positive_0p15_right_mid_loading_early_stance_moderate_ice_preregistered_v1,control_0p15_right_mid_loading_early_stance_moderate_ice_preregistered_v1,0.15,right,mid_loading_early_stance,moderate_ice_preregistered,contralateral_fsr,97,297,0,804,0.0,0.0,0.0,0.0
pair_064,positive_0p15_right_mid_loading_early_stance_moderate_ice_preregistered_v1,control_0p15_right_mid_loading_early_stance_moderate_ice_preregistered_v1,0.15,right,mid_loading_early_stance,moderate_ice_preregistered,contralateral_imu,97,297,0,1206,0.0,0.0,2.18071947062777,2.18071947062777
pair_064,positive_0p15_right_mid_loading_early_stance_moderate_ice_preregistered_v1,control_0p15_right_mid_loading_early_stance_moderate_ice_preregistered_v1,0.15,right,mid_loading_early_stance,moderate_ice_preregistered,bilateral_asymmetry,97,297,0,2010,0.0,0.0,30.796685992516878,30.796685992516878
pair_064,positive_0p15_right_mid_loading_early_stance_moderate_ice_preregistered_v1,control_0p15_right_mid_loading_early_stance_moderate_ice_preregistered_v1,0.15,right,mid_loading_early_stance,moderate_ice_preregistered,contact_anchor_drift_label_only,97,297,0,201,0.0,0.0,0.0004631874531760015,0.0004631874531760015
pair_065,positive_0p15_right_mid_loading_early_stance_moderate_ice_preregistered_v2,control_0p15_right_mid_loading_early_stance_moderate_ice_preregistered_v2,0.15,right,mid_loading_early_stance,moderate_ice_preregistered,target_foot_fsr,94,294,0,804,0.0,0.0,6.2439783668210405,6.2439783668210405
pair_065,positive_0p15_right_mid_loading_early_stance_moderate_ice_preregistered_v2,control_0p15_right_mid_loading_early_stance_moderate_ice_preregistered_v2,0.15,right,mid_loading_early_stance,moderate_ice_preregistered,target_foot_imu,94,294,0,1206,0.0,0.0,2.1972721454468753,2.1972721454468753
pair_065,positive_0p15_right_mid_loading_early_stance_moderate_ice_preregistered_v2,control_0p15_right_mid_loading_early_stance_moderate_ice_preregistered_v2,0.15,right,mid_loading_early_stance,moderate_ice_preregistered,contralateral_fsr,94,294,0,804,0.0,0.0,77.5319588883729,77.5319588883729
pair_065,positive_0p15_right_mid_loading_early_stance_moderate_ice_preregistered_v2,control_0p15_right_mid_loading_early_stance_moderate_ice_preregistered_v2,0.15,right,mid_loading_early_stance,moderate_ice_preregistered,contralateral_imu,94,294,0,1206,0.0,0.0,1.6181498165266326,1.6181498165266326
pair_065,positive_0p15_right_mid_loading_early_stance_moderate_ice_preregistered_v2,control_0p15_right_mid_loading_early_stance_moderate_ice_preregistered_v2,0.15,right,mid_loading_early_stance,moderate_ice_preregistered,bilateral_asymmetry,94,294,0,2010,0.0,0.0,-28.16771882054221,-28.16771882054221
pair_065,positive_0p15_right_mid_loading_early_stance_moderate_ice_preregistered_v2,control_0p15_right_mid_loading_early_stance_moderate_ice_preregistered_v2,0.15,right,mid_loading_early_stance,moderate_ice_preregistered,contact_anchor_drift_label_only,94,294,0,66,0.0,0.0,0.0007582180683543397,0.0007582180683543397
pair_066,positive_0p15_right_mid_late_stance_native_strong_ice_v0,control_0p15_right_mid_late_stance_native_strong_ice_v0,0.15,right,mid_late_stance,native_strong_ice,target_foot_fsr,443,643,0,804,0.0,0.0,53.136717585690405,53.136717585690405
pair_066,positive_0p15_right_mid_late_stance_native_strong_ice_v0,control_0p15_right_mid_late_stance_native_strong_ice_v0,0.15,right,mid_late_stance,native_strong_ice,target_foot_imu,443,643,0,1206,0.0,0.0,1.4865605317986483,1.4865605317986483
pair_066,positive_0p15_right_mid_late_stance_native_strong_ice_v0,control_0p15_right_mid_late_stance_native_strong_ice_v0,0.15,right,mid_late_stance,native_strong_ice,contralateral_fsr,443,643,0,804,0.0,0.0,35.82238722262691,35.82238722262691
pair_066,positive_0p15_right_mid_late_stance_native_strong_ice_v0,control_0p15_right_mid_late_stance_native_strong_ice_v0,0.15,right,mid_late_stance,native_strong_ice,contralateral_imu,443,643,0,1206,0.0,0.0,1.0575103854581414,1.0575103854581414
pair_066,positive_0p15_right_mid_late_stance_native_strong_ice_v0,control_0p15_right_mid_late_stance_native_strong_ice_v0,0.15,right,mid_late_stance,native_strong_ice,bilateral_asymmetry,443,643,0,2010,0.0,0.0,7.183162215714459,7.183162215714459
pair_066,positive_0p15_right_mid_late_stance_native_strong_ice_v0,control_0p15_right_mid_late_stance_native_strong_ice_v0,0.15,right,mid_late_stance,native_strong_ice,contact_anchor_drift_label_only,443,643,0,161,0.0,0.0,0.006514874885657004,0.006514874885657004
pair_067,positive_0p15_right_mid_late_stance_native_strong_ice_v1,control_0p15_right_mid_late_stance_native_strong_ice_v1,0.15,right,mid_late_stance,native_strong_ice,target_foot_fsr,437,637,0,804,0.0,0.0,0.0,0.0
pair_067,positive_0p15_right_mid_late_stance_native_strong_ice_v1,control_0p15_right_mid_late_stance_native_strong_ice_v1,0.15,right,mid_late_stance,native_strong_ice,target_foot_imu,437,637,0,1206,0.0,0.0,1.89918763978546,1.89918763978546
pair_067,positive_0p15_right_mid_late_stance_native_strong_ice_v1,control_0p15_right_mid_late_stance_native_strong_ice_v1,0.15,right,mid_late_stance,native_strong_ice,contralateral_fsr,437,637,0,804,0.0,0.0,80.39513893151165,80.39513893151165
pair_067,positive_0p15_right_mid_late_stance_native_strong_ice_v1,control_0p15_right_mid_late_stance_native_strong_ice_v1,0.15,right,mid_late_stance,native_strong_ice,contralateral_imu,437,637,0,1206,0.0,0.0,1.638587093590662,1.638587093590662
pair_067,positive_0p15_right_mid_late_stance_native_strong_ice_v1,control_0p15_right_mid_late_stance_native_strong_ice_v1,0.15,right,mid_late_stance,native_strong_ice,bilateral_asymmetry,437,637,0,2010,0.0,0.0,-32.001695241815696,-32.001695241815696
pair_067,positive_0p15_right_mid_late_stance_native_strong_ice_v1,control_0p15_right_mid_late_stance_native_strong_ice_v1,0.15,right,mid_late_stance,native_strong_ice,contact_anchor_drift_label_only,437,637,0,0,,,,
pair_068,positive_0p15_right_mid_late_stance_native_strong_ice_v2,control_0p15_right_mid_late_stance_native_strong_ice_v2,0.15,right,mid_late_stance,native_strong_ice,target_foot_fsr,434,634,0,804,0.0,0.0,81.41689840003626,81.41689840003626
pair_068,positive_0p15_right_mid_late_stance_native_strong_ice_v2,control_0p15_right_mid_late_stance_native_strong_ice_v2,0.15,right,mid_late_stance,native_strong_ice,target_foot_imu,434,634,0,1206,0.0,0.0,1.6147954524453645,1.6147954524453645
pair_068,positive_0p15_right_mid_late_stance_native_strong_ice_v2,control_0p15_right_mid_late_stance_native_strong_ice_v2,0.15,right,mid_late_stance,native_strong_ice,contralateral_fsr,434,634,0,804,0.0,0.0,0.0,0.0
pair_068,positive_0p15_right_mid_late_stance_native_strong_ice_v2,control_0p15_right_mid_late_stance_native_strong_ice_v2,0.15,right,mid_late_stance,native_strong_ice,contralateral_imu,434,634,0,1206,0.0,0.0,2.201833133447713,2.201833133447713
pair_068,positive_0p15_right_mid_late_stance_native_strong_ice_v2,control_0p15_right_mid_late_stance_native_strong_ice_v2,0.15,right,mid_late_stance,native_strong_ice,bilateral_asymmetry,434,634,0,2010,0.0,0.0,32.21453675256894,32.21453675256894
pair_068,positive_0p15_right_mid_late_stance_native_strong_ice_v2,control_0p15_right_mid_late_stance_native_strong_ice_v2,0.15,right,mid_late_stance,native_strong_ice,contact_anchor_drift_label_only,434,634,0,201,0.0,0.0,0.008574096319168362,0.008574096319168362
pair_069,positive_0p15_right_mid_late_stance_moderate_ice_preregistered_v0,control_0p15_right_mid_late_stance_moderate_ice_preregistered_v0,0.15,right,mid_late_stance,moderate_ice_preregistered,target_foot_fsr,443,643,0,804,0.0,0.0,53.132025293746395,53.132025293746395
pair_069,positive_0p15_right_mid_late_stance_moderate_ice_preregistered_v0,control_0p15_right_mid_late_stance_moderate_ice_preregistered_v0,0.15,right,mid_late_stance,moderate_ice_preregistered,target_foot_imu,443,643,0,1206,0.0,0.0,1.486940247414404,1.486940247414404
pair_069,positive_0p15_right_mid_late_stance_moderate_ice_preregistered_v0,control_0p15_right_mid_late_stance_moderate_ice_preregistered_v0,0.15,right,mid_late_stance,moderate_ice_preregistered,contralateral_fsr,443,643,0,804,0.0,0.0,35.82981952268686,35.82981952268686
pair_069,positive_0p15_right_mid_late_stance_moderate_ice_preregistered_v0,control_0p15_right_mid_late_stance_moderate_ice_preregistered_v0,0.15,right,mid_late_stance,moderate_ice_preregistered,contralateral_imu,443,643,0,1206,0.0,0.0,1.0570562646901787,1.0570562646901787
pair_069,positive_0p15_right_mid_late_stance_moderate_ice_preregistered_v0,control_0p15_right_mid_late_stance_moderate_ice_preregistered_v0,0.15,right,mid_late_stance,moderate_ice_preregistered,bilateral_asymmetry,443,643,0,2010,0.0,0.0,7.178812708447451,7.178812708447451
pair_069,positive_0p15_right_mid_late_stance_moderate_ice_preregistered_v0,control_0p15_right_mid_late_stance_moderate_ice_preregistered_v0,0.15,right,mid_late_stance,moderate_ice_preregistered,contact_anchor_drift_label_only,443,643,0,161,0.0,0.0,0.006521077560526984,0.006521077560526984
pair_070,positive_0p15_right_mid_late_stance_moderate_ice_preregistered_v1,control_0p15_right_mid_late_stance_moderate_ice_preregistered_v1,0.15,right,mid_late_stance,moderate_ice_preregistered,target_foot_fsr,437,637,0,804,0.0,0.0,0.0,0.0
pair_070,positive_0p15_right_mid_late_stance_moderate_ice_preregistered_v1,control_0p15_right_mid_late_stance_moderate_ice_preregistered_v1,0.15,right,mid_late_stance,moderate_ice_preregistered,target_foot_imu,437,637,0,1206,0.0,0.0,1.9019316130637962,1.9019316130637962
pair_070,positive_0p15_right_mid_late_stance_moderate_ice_preregistered_v1,control_0p15_right_mid_late_stance_moderate_ice_preregistered_v1,0.15,right,mid_late_stance,moderate_ice_preregistered,contralateral_fsr,437,637,0,804,0.0,0.0,80.39891150519622,80.39891150519622
pair_070,positive_0p15_right_mid_late_stance_moderate_ice_preregistered_v1,control_0p15_right_mid_late_stance_moderate_ice_preregistered_v1,0.15,right,mid_late_stance,moderate_ice_preregistered,contralateral_imu,437,637,0,1206,0.0,0.0,1.6385872300113982,1.6385872300113982
pair_070,positive_0p15_right_mid_late_stance_moderate_ice_preregistered_v1,control_0p15_right_mid_late_stance_moderate_ice_preregistered_v1,0.15,right,mid_late_stance,moderate_ice_preregistered,bilateral_asymmetry,437,637,0,2010,0.0,0.0,-32.00155797164658,-32.00155797164658
pair_070,positive_0p15_right_mid_late_stance_moderate_ice_preregistered_v1,control_0p15_right_mid_late_stance_moderate_ice_preregistered_v1,0.15,right,mid_late_stance,moderate_ice_preregistered,contact_anchor_drift_label_only,437,637,0,0,,,,
pair_071,positive_0p15_right_mid_late_stance_moderate_ice_preregistered_v2,control_0p15_right_mid_late_stance_moderate_ice_preregistered_v2,0.15,right,mid_late_stance,moderate_ice_preregistered,target_foot_fsr,434,634,0,804,0.0,0.0,81.41495977705391,81.41495977705391
pair_071,positive_0p15_right_mid_late_stance_moderate_ice_preregistered_v2,control_0p15_right_mid_late_stance_moderate_ice_preregistered_v2,0.15,right,mid_late_stance,moderate_ice_preregistered,target_foot_imu,434,634,0,1206,0.0,0.0,1.614783062030632,1.614783062030632
pair_071,positive_0p15_right_mid_late_stance_moderate_ice_preregistered_v2,control_0p15_right_mid_late_stance_moderate_ice_preregistered_v2,0.15,right,mid_late_stance,moderate_ice_preregistered,contralateral_fsr,434,634,0,804,0.0,0.0,0.0,0.0
pair_071,positive_0p15_right_mid_late_stance_moderate_ice_preregistered_v2,control_0p15_right_mid_late_stance_moderate_ice_preregistered_v2,0.15,right,mid_late_stance,moderate_ice_preregistered,contralateral_imu,434,634,0,1206,0.0,0.0,2.1998447981874643,2.1998447981874643
pair_071,positive_0p15_right_mid_late_stance_moderate_ice_preregistered_v2,control_0p15_right_mid_late_stance_moderate_ice_preregistered_v2,0.15,right,mid_late_stance,moderate_ice_preregistered,bilateral_asymmetry,434,634,0,2010,0.0,0.0,32.21494686476277,32.21494686476277
pair_071,positive_0p15_right_mid_late_stance_moderate_ice_preregistered_v2,control_0p15_right_mid_late_stance_moderate_ice_preregistered_v2,0.15,right,mid_late_stance,moderate_ice_preregistered,contact_anchor_drift_label_only,434,634,0,201,0.0,0.0,0.008595893618219825,0.008595893618219825
pair_072,positive_0p20_left_early_loading_native_strong_ice_v0,control_0p20_left_early_loading_native_strong_ice_v0,0.2,left,early_loading,native_strong_ice,target_foot_fsr,0,156,0,628,0.0,0.0,76.22720874124651,76.22720874124651
pair_072,positive_0p20_left_early_loading_native_strong_ice_v0,control_0p20_left_early_loading_native_strong_ice_v0,0.2,left,early_loading,native_strong_ice,target_foot_imu,0,156,0,942,0.0,0.0,1.5642141478177953,1.5642141478177953
pair_072,positive_0p20_left_early_loading_native_strong_ice_v0,control_0p20_left_early_loading_native_strong_ice_v0,0.2,left,early_loading,native_strong_ice,contralateral_fsr,0,156,0,628,0.0,0.0,9.438019235612481,9.438019235612481
pair_072,positive_0p20_left_early_loading_native_strong_ice_v0,control_0p20_left_early_loading_native_strong_ice_v0,0.2,left,early_loading,native_strong_ice,contralateral_imu,0,156,0,942,0.0,0.0,2.0369265467853994,2.0369265467853994
pair_072,positive_0p20_left_early_loading_native_strong_ice_v0,control_0p20_left_early_loading_native_strong_ice_v0,0.2,left,early_loading,native_strong_ice,bilateral_asymmetry,0,156,0,1570,0.0,0.0,26.432048349526184,26.432048349526184
pair_072,positive_0p20_left_early_loading_native_strong_ice_v0,control_0p20_left_early_loading_native_strong_ice_v0,0.2,left,early_loading,native_strong_ice,contact_anchor_drift_label_only,0,156,0,121,0.0,0.0,0.002125571875386556,0.002125571875386556
pair_073,positive_0p20_left_early_loading_native_strong_ice_v1,control_0p20_left_early_loading_native_strong_ice_v1,0.2,left,early_loading,native_strong_ice,target_foot_fsr,0,159,0,640,0.0,0.0,14.889593498595058,14.889593498595058
pair_073,positive_0p20_left_early_loading_native_strong_ice_v1,control_0p20_left_early_loading_native_strong_ice_v1,0.2,left,early_loading,native_strong_ice,target_foot_imu,0,159,0,960,0.0,0.0,2.011298983724373,2.011298983724373
pair_073,positive_0p20_left_early_loading_native_strong_ice_v1,control_0p20_left_early_loading_native_strong_ice_v1,0.2,left,early_loading,native_strong_ice,contralateral_fsr,0,159,0,640,0.0,0.0,73.52692059651017,73.52692059651017
pair_073,positive_0p20_left_early_loading_native_strong_ice_v1,control_0p20_left_early_loading_native_strong_ice_v1,0.2,left,early_loading,native_strong_ice,contralateral_imu,0,159,0,960,0.0,0.0,1.638839277250554,1.638839277250554
pair_073,positive_0p20_left_early_loading_native_strong_ice_v1,control_0p20_left_early_loading_native_strong_ice_v1,0.2,left,early_loading,native_strong_ice,bilateral_asymmetry,0,159,0,1600,0.0,0.0,-23.231455025441974,-23.231455025441974
pair_073,positive_0p20_left_early_loading_native_strong_ice_v1,control_0p20_left_early_loading_native_strong_ice_v1,0.2,left,early_loading,native_strong_ice,contact_anchor_drift_label_only,0,159,0,50,0.0,0.0,0.00028685437711828854,0.00028685437711828854
pair_074,positive_0p20_left_early_loading_native_strong_ice_v2,control_0p20_left_early_loading_native_strong_ice_v2,0.2,left,early_loading,native_strong_ice,target_foot_fsr,0,164,0,660,0.0,0.0,45.15900733741847,45.15900733741847
pair_074,positive_0p20_left_early_loading_native_strong_ice_v2,control_0p20_left_early_loading_native_strong_ice_v2,0.2,left,early_loading,native_strong_ice,target_foot_imu,0,164,0,990,0.0,0.0,1.6674286473284412,1.6674286473284412
pair_074,positive_0p20_left_early_loading_native_strong_ice_v2,control_0p20_left_early_loading_native_strong_ice_v2,0.2,left,early_loading,native_strong_ice,contralateral_fsr,0,164,0,660,0.0,0.0,40.808493717511496,40.808493717511496
pair_074,positive_0p20_left_early_loading_native_strong_ice_v2,control_0p20_left_early_loading_native_strong_ice_v2,0.2,left,early_loading,native_strong_ice,contralateral_imu,0,164,0,990,0.0,0.0,1.5880736192547034,1.5880736192547034
pair_074,positive_0p20_left_early_loading_native_strong_ice_v2,control_0p20_left_early_loading_native_strong_ice_v2,0.2,left,early_loading,native_strong_ice,bilateral_asymmetry,0,164,0,1650,0.0,0.0,1.7878184845278773,1.7878184845278773
pair_074,positive_0p20_left_early_loading_native_strong_ice_v2,control_0p20_left_early_loading_native_strong_ice_v2,0.2,left,early_loading,native_strong_ice,contact_anchor_drift_label_only,0,164,0,121,0.0,0.0,0.0039893348101422595,0.0039893348101422595
pair_075,positive_0p20_left_early_loading_moderate_ice_preregistered_v0,control_0p20_left_early_loading_moderate_ice_preregistered_v0,0.2,left,early_loading,moderate_ice_preregistered,target_foot_fsr,0,156,0,628,0.0,0.0,76.2252733259444,76.2252733259444
pair_075,positive_0p20_left_early_loading_moderate_ice_preregistered_v0,control_0p20_left_early_loading_moderate_ice_preregistered_v0,0.2,left,early_loading,moderate_ice_preregistered,target_foot_imu,0,156,0,942,0.0,0.0,1.565149600954846,1.565149600954846
pair_075,positive_0p20_left_early_loading_moderate_ice_preregistered_v0,control_0p20_left_early_loading_moderate_ice_preregistered_v0,0.2,left,early_loading,moderate_ice_preregistered,contralateral_fsr,0,156,0,628,0.0,0.0,9.439633240175855,9.439633240175855
pair_075,positive_0p20_left_early_loading_moderate_ice_preregistered_v0,control_0p20_left_early_loading_moderate_ice_preregistered_v0,0.2,left,early_loading,moderate_ice_preregistered,contralateral_imu,0,156,0,942,0.0,0.0,2.036334895001956,2.036334895001956
pair_075,positive_0p20_left_early_loading_moderate_ice_preregistered_v0,control_0p20_left_early_loading_moderate_ice_preregistered_v0,0.2,left,early_loading,moderate_ice_preregistered,bilateral_asymmetry,0,156,0,1570,0.0,0.0,26.43154486373132,26.43154486373132
pair_075,positive_0p20_left_early_loading_moderate_ice_preregistered_v0,control_0p20_left_early_loading_moderate_ice_preregistered_v0,0.2,left,early_loading,moderate_ice_preregistered,contact_anchor_drift_label_only,0,156,0,121,0.0,0.0,0.002120021027719702,0.002120021027719702
pair_076,positive_0p20_left_early_loading_moderate_ice_preregistered_v1,control_0p20_left_early_loading_moderate_ice_preregistered_v1,0.2,left,early_loading,moderate_ice_preregistered,target_foot_fsr,0,159,0,640,0.0,0.0,14.879512980440632,14.879512980440632
pair_076,positive_0p20_left_early_loading_moderate_ice_preregistered_v1,control_0p20_left_early_loading_moderate_ice_preregistered_v1,0.2,left,early_loading,moderate_ice_preregistered,target_foot_imu,0,159,0,960,0.0,0.0,2.0112517280173656,2.0112517280173656
pair_076,positive_0p20_left_early_loading_moderate_ice_preregistered_v1,control_0p20_left_early_loading_moderate_ice_preregistered_v1,0.2,left,early_loading,moderate_ice_preregistered,contralateral_fsr,0,159,0,640,0.0,0.0,73.535291775316,73.535291775316
pair_076,positive_0p20_left_early_loading_moderate_ice_preregistered_v1,control_0p20_left_early_loading_moderate_ice_preregistered_v1,0.2,left,early_loading,moderate_ice_preregistered,contralateral_imu,0,159,0,960,0.0,0.0,1.6363087184106158,1.6363087184106158
pair_076,positive_0p20_left_early_loading_moderate_ice_preregistered_v1,control_0p20_left_early_loading_moderate_ice_preregistered_v1,0.2,left,early_loading,moderate_ice_preregistered,bilateral_asymmetry,0,159,0,1600,0.0,0.0,-23.23734569783992,-23.23734569783992
pair_076,positive_0p20_left_early_loading_moderate_ice_preregistered_v1,control_0p20_left_early_loading_moderate_ice_preregistered_v1,0.2,left,early_loading,moderate_ice_preregistered,contact_anchor_drift_label_only,0,159,0,50,0.0,0.0,0.00028606461699382635,0.00028606461699382635
pair_077,positive_0p20_left_early_loading_moderate_ice_preregistered_v2,control_0p20_left_early_loading_moderate_ice_preregistered_v2,0.2,left,early_loading,moderate_ice_preregistered,target_foot_fsr,0,164,0,660,0.0,0.0,45.128222633311246,45.128222633311246
pair_077,positive_0p20_left_early_loading_moderate_ice_preregistered_v2,control_0p20_left_early_loading_moderate_ice_preregistered_v2,0.2,left,early_loading,moderate_ice_preregistered,target_foot_imu,0,164,0,990,0.0,0.0,1.669130615118013,1.669130615118013
pair_077,positive_0p20_left_early_loading_moderate_ice_preregistered_v2,control_0p20_left_early_loading_moderate_ice_preregistered_v2,0.2,left,early_loading,moderate_ice_preregistered,contralateral_fsr,0,164,0,660,0.0,0.0,40.84596596558889,40.84596596558889
pair_077,positive_0p20_left_early_loading_moderate_ice_preregistered_v2,control_0p20_left_early_loading_moderate_ice_preregistered_v2,0.2,left,early_loading,moderate_ice_preregistered,contralateral_imu,0,164,0,990,0.0,0.0,1.5904468091928041,1.5904468091928041
pair_077,positive_0p20_left_early_loading_moderate_ice_preregistered_v2,control_0p20_left_early_loading_moderate_ice_preregistered_v2,0.2,left,early_loading,moderate_ice_preregistered,bilateral_asymmetry,0,164,0,1650,0.0,0.0,1.7601129622822036,1.7601129622822036
pair_077,positive_0p20_left_early_loading_moderate_ice_preregistered_v2,control_0p20_left_early_loading_moderate_ice_preregistered_v2,0.2,left,early_loading,moderate_ice_preregistered,contact_anchor_drift_label_only,0,164,0,121,0.0,0.0,0.003987549205959105,0.003987549205959105
pair_078,positive_0p20_left_mid_loading_early_stance_native_strong_ice_v0,control_0p20_left_mid_loading_early_stance_native_strong_ice_v0,0.2,left,mid_loading_early_stance,native_strong_ice,target_foot_fsr,96,296,0,804,0.0,0.0,45.95888710360678,45.95888710360678
pair_078,positive_0p20_left_mid_loading_early_stance_native_strong_ice_v0,control_0p20_left_mid_loading_early_stance_native_strong_ice_v0,0.2,left,mid_loading_early_stance,native_strong_ice,target_foot_imu,96,296,0,1206,0.0,0.0,1.6640618459008705,1.6640618459008705
pair_078,positive_0p20_left_mid_loading_early_stance_native_strong_ice_v0,control_0p20_left_mid_loading_early_stance_native_strong_ice_v0,0.2,left,mid_loading_early_stance,native_strong_ice,contralateral_fsr,96,296,0,804,0.0,0.0,42.058156919420064,42.058156919420064
pair_078,positive_0p20_left_mid_loading_early_stance_native_strong_ice_v0,control_0p20_left_mid_loading_early_stance_native_strong_ice_v0,0.2,left,mid_loading_early_stance,native_strong_ice,contralateral_imu,96,296,0,1206,0.0,0.0,1.5922152842077604,1.5922152842077604
pair_078,positive_0p20_left_mid_loading_early_stance_native_strong_ice_v0,control_0p20_left_mid_loading_early_stance_native_strong_ice_v0,0.2,left,mid_loading_early_stance,native_strong_ice,bilateral_asymmetry,96,296,0,2010,0.0,0.0,1.603400031754988,1.603400031754988
pair_078,positive_0p20_left_mid_loading_early_stance_native_strong_ice_v0,control_0p20_left_mid_loading_early_stance_native_strong_ice_v0,0.2,left,mid_loading_early_stance,native_strong_ice,contact_anchor_drift_label_only,96,296,0,144,0.0,0.0,0.002146960137502497,0.002146960137502497
pair_079,positive_0p20_left_mid_loading_early_stance_native_strong_ice_v1,control_0p20_left_mid_loading_early_stance_native_strong_ice_v1,0.2,left,mid_loading_early_stance,native_strong_ice,target_foot_fsr,99,299,0,804,0.0,0.0,0.0,0.0
pair_079,positive_0p20_left_mid_loading_early_stance_native_strong_ice_v1,control_0p20_left_mid_loading_early_stance_native_strong_ice_v1,0.2,left,mid_loading_early_stance,native_strong_ice,target_foot_imu,99,299,0,1206,0.0,0.0,2.2036046855275018,2.2036046855275018
pair_079,positive_0p20_left_mid_loading_early_stance_native_strong_ice_v1,control_0p20_left_mid_loading_early_stance_native_strong_ice_v1,0.2,left,mid_loading_early_stance,native_strong_ice,contralateral_fsr,99,299,0,804,0.0,0.0,77.28456452392524,77.28456452392524
pair_079,positive_0p20_left_mid_loading_early_stance_native_strong_ice_v1,control_0p20_left_mid_loading_early_stance_native_strong_ice_v1,0.2,left,mid_loading_early_stance,native_strong_ice,contralateral_imu,99,299,0,1206,0.0,0.0,1.7286521074090355,1.7286521074090355
pair_079,positive_0p20_left_mid_loading_early_stance_native_strong_ice_v1,control_0p20_left_mid_loading_early_stance_native_strong_ice_v1,0.2,left,mid_loading_early_stance,native_strong_ice,bilateral_asymmetry,99,299,0,2010,0.0,0.0,-30.628854263041735,-30.628854263041735
pair_079,positive_0p20_left_mid_loading_early_stance_native_strong_ice_v1,control_0p20_left_mid_loading_early_stance_native_strong_ice_v1,0.2,left,mid_loading_early_stance,native_strong_ice,contact_anchor_drift_label_only,99,299,0,0,,,,
pair_080,positive_0p20_left_mid_loading_early_stance_native_strong_ice_v2,control_0p20_left_mid_loading_early_stance_native_strong_ice_v2,0.2,left,mid_loading_early_stance,native_strong_ice,target_foot_fsr,104,304,0,804,0.0,0.0,79.04797019739055,79.04797019739055
pair_080,positive_0p20_left_mid_loading_early_stance_native_strong_ice_v2,control_0p20_left_mid_loading_early_stance_native_strong_ice_v2,0.2,left,mid_loading_early_stance,native_strong_ice,target_foot_imu,104,304,0,1206,0.0,0.0,1.6278086415213135,1.6278086415213135
pair_080,positive_0p20_left_mid_loading_early_stance_native_strong_ice_v2,control_0p20_left_mid_loading_early_stance_native_strong_ice_v2,0.2,left,mid_loading_early_stance,native_strong_ice,contralateral_fsr,104,304,0,804,0.0,0.0,4.778892415672986,4.778892415672986
pair_080,positive_0p20_left_mid_loading_early_stance_native_strong_ice_v2,control_0p20_left_mid_loading_early_stance_native_strong_ice_v2,0.2,left,mid_loading_early_stance,native_strong_ice,contralateral_imu,104,304,0,1206,0.0,0.0,2.3246776610801194,2.3246776610801194
pair_080,positive_0p20_left_mid_loading_early_stance_native_strong_ice_v2,control_0p20_left_mid_loading_early_stance_native_strong_ice_v2,0.2,left,mid_loading_early_stance,native_strong_ice,bilateral_asymmetry,104,304,0,2010,0.0,0.0,29.289509697361336,29.289509697361336
pair_080,positive_0p20_left_mid_loading_early_stance_native_strong_ice_v2,control_0p20_left_mid_loading_early_stance_native_strong_ice_v2,0.2,left,mid_loading_early_stance,native_strong_ice,contact_anchor_drift_label_only,104,304,0,201,0.0,0.0,0.004201264845772614,0.004201264845772614
pair_081,positive_0p20_left_mid_loading_early_stance_moderate_ice_preregistered_v0,control_0p20_left_mid_loading_early_stance_moderate_ice_preregistered_v0,0.2,left,mid_loading_early_stance,moderate_ice_preregistered,target_foot_fsr,96,296,0,804,0.0,0.0,45.95846635873304,45.95846635873304
pair_081,positive_0p20_left_mid_loading_early_stance_moderate_ice_preregistered_v0,control_0p20_left_mid_loading_early_stance_moderate_ice_preregistered_v0,0.2,left,mid_loading_early_stance,moderate_ice_preregistered,target_foot_imu,96,296,0,1206,0.0,0.0,1.6660828915418058,1.6660828915418058
pair_081,positive_0p20_left_mid_loading_early_stance_moderate_ice_preregistered_v0,control_0p20_left_mid_loading_early_stance_moderate_ice_preregistered_v0,0.2,left,mid_loading_early_stance,moderate_ice_preregistered,contralateral_fsr,96,296,0,804,0.0,0.0,42.06284422483017,42.06284422483017
pair_081,positive_0p20_left_mid_loading_early_stance_moderate_ice_preregistered_v0,control_0p20_left_mid_loading_early_stance_moderate_ice_preregistered_v0,0.2,left,mid_loading_early_stance,moderate_ice_preregistered,contralateral_imu,96,296,0,1206,0.0,0.0,1.5923897705143097,1.5923897705143097
pair_081,positive_0p20_left_mid_loading_early_stance_moderate_ice_preregistered_v0,control_0p20_left_mid_loading_early_stance_moderate_ice_preregistered_v0,0.2,left,mid_loading_early_stance,moderate_ice_preregistered,bilateral_asymmetry,96,296,0,2010,0.0,0.0,1.6024647292773708,1.6024647292773708
pair_081,positive_0p20_left_mid_loading_early_stance_moderate_ice_preregistered_v0,control_0p20_left_mid_loading_early_stance_moderate_ice_preregistered_v0,0.2,left,mid_loading_early_stance,moderate_ice_preregistered,contact_anchor_drift_label_only,96,296,0,144,0.0,0.0,0.002138975239682218,0.002138975239682218
pair_082,positive_0p20_left_mid_loading_early_stance_moderate_ice_preregistered_v1,control_0p20_left_mid_loading_early_stance_moderate_ice_preregistered_v1,0.2,left,mid_loading_early_stance,moderate_ice_preregistered,target_foot_fsr,99,299,0,804,0.0,0.0,0.0,0.0
pair_082,positive_0p20_left_mid_loading_early_stance_moderate_ice_preregistered_v1,control_0p20_left_mid_loading_early_stance_moderate_ice_preregistered_v1,0.2,left,mid_loading_early_stance,moderate_ice_preregistered,target_foot_imu,99,299,0,1206,0.0,0.0,2.2052298649866753,2.2052298649866753
pair_082,positive_0p20_left_mid_loading_early_stance_moderate_ice_preregistered_v1,control_0p20_left_mid_loading_early_stance_moderate_ice_preregistered_v1,0.2,left,mid_loading_early_stance,moderate_ice_preregistered,contralateral_fsr,99,299,0,804,0.0,0.0,77.30044302737238,77.30044302737238
pair_082,positive_0p20_left_mid_loading_early_stance_moderate_ice_preregistered_v1,control_0p20_left_mid_loading_early_stance_moderate_ice_preregistered_v1,0.2,left,mid_loading_early_stance,moderate_ice_preregistered,contralateral_imu,99,299,0,1206,0.0,0.0,1.7287561668131992,1.7287561668131992
pair_082,positive_0p20_left_mid_loading_early_stance_moderate_ice_preregistered_v1,control_0p20_left_mid_loading_early_stance_moderate_ice_preregistered_v1,0.2,left,mid_loading_early_stance,moderate_ice_preregistered,bilateral_asymmetry,99,299,0,2010,0.0,0.0,-30.634292989529307,-30.634292989529307
pair_082,positive_0p20_left_mid_loading_early_stance_moderate_ice_preregistered_v1,control_0p20_left_mid_loading_early_stance_moderate_ice_preregistered_v1,0.2,left,mid_loading_early_stance,moderate_ice_preregistered,contact_anchor_drift_label_only,99,299,0,0,,,,
pair_083,positive_0p20_left_mid_loading_early_stance_moderate_ice_preregistered_v2,control_0p20_left_mid_loading_early_stance_moderate_ice_preregistered_v2,0.2,left,mid_loading_early_stance,moderate_ice_preregistered,target_foot_fsr,104,304,0,804,0.0,0.0,79.02016406124504,79.02016406124504
pair_083,positive_0p20_left_mid_loading_early_stance_moderate_ice_preregistered_v2,control_0p20_left_mid_loading_early_stance_moderate_ice_preregistered_v2,0.2,left,mid_loading_early_stance,moderate_ice_preregistered,target_foot_imu,104,304,0,1206,0.0,0.0,1.6276507710856614,1.6276507710856614
pair_083,positive_0p20_left_mid_loading_early_stance_moderate_ice_preregistered_v2,control_0p20_left_mid_loading_early_stance_moderate_ice_preregistered_v2,0.2,left,mid_loading_early_stance,moderate_ice_preregistered,contralateral_fsr,104,304,0,804,0.0,0.0,4.7984230909774555,4.7984230909774555
pair_083,positive_0p20_left_mid_loading_early_stance_moderate_ice_preregistered_v2,control_0p20_left_mid_loading_early_stance_moderate_ice_preregistered_v2,0.2,left,mid_loading_early_stance,moderate_ice_preregistered,contralateral_imu,104,304,0,1206,0.0,0.0,2.320688494276834,2.320688494276834
pair_083,positive_0p20_left_mid_loading_early_stance_moderate_ice_preregistered_v2,control_0p20_left_mid_loading_early_stance_moderate_ice_preregistered_v2,0.2,left,mid_loading_early_stance,moderate_ice_preregistered,bilateral_asymmetry,104,304,0,2010,0.0,0.0,29.272873760976097,29.272873760976097
pair_083,positive_0p20_left_mid_loading_early_stance_moderate_ice_preregistered_v2,control_0p20_left_mid_loading_early_stance_moderate_ice_preregistered_v2,0.2,left,mid_loading_early_stance,moderate_ice_preregistered,contact_anchor_drift_label_only,104,304,0,201,0.0,0.0,0.004200309795322851,0.004200309795322851
pair_084,positive_0p20_left_mid_late_stance_native_strong_ice_v0,control_0p20_left_mid_late_stance_native_strong_ice_v0,0.2,left,mid_late_stance,native_strong_ice,target_foot_fsr,436,636,0,804,0.0,0.0,34.766930160237784,34.766930160237784
pair_084,positive_0p20_left_mid_late_stance_native_strong_ice_v0,control_0p20_left_mid_late_stance_native_strong_ice_v0,0.2,left,mid_late_stance,native_strong_ice,target_foot_imu,436,636,0,1206,0.0,0.0,0.994325195810294,0.994325195810294
pair_084,positive_0p20_left_mid_late_stance_native_strong_ice_v0,control_0p20_left_mid_late_stance_native_strong_ice_v0,0.2,left,mid_late_stance,native_strong_ice,contralateral_fsr,436,636,0,804,0.0,0.0,54.36637022311044,54.36637022311044
pair_084,positive_0p20_left_mid_late_stance_native_strong_ice_v0,control_0p20_left_mid_late_stance_native_strong_ice_v0,0.2,left,mid_late_stance,native_strong_ice,contralateral_imu,436,636,0,1206,0.0,0.0,1.66675883422684,1.66675883422684
pair_084,positive_0p20_left_mid_late_stance_native_strong_ice_v0,control_0p20_left_mid_late_stance_native_strong_ice_v0,0.2,left,mid_late_stance,native_strong_ice,bilateral_asymmetry,436,636,0,2010,0.0,0.0,-8.243236192836674,-8.243236192836674
pair_084,positive_0p20_left_mid_late_stance_native_strong_ice_v0,control_0p20_left_mid_late_stance_native_strong_ice_v0,0.2,left,mid_late_stance,native_strong_ice,contact_anchor_drift_label_only,436,636,0,75,0.0,0.0,0.0009815867668172965,0.0009815867668172965
pair_085,positive_0p20_left_mid_late_stance_native_strong_ice_v1,control_0p20_left_mid_late_stance_native_strong_ice_v1,0.2,left,mid_late_stance,native_strong_ice,target_foot_fsr,439,639,0,804,0.0,0.0,80.46108956123466,80.46108956123466
pair_085,positive_0p20_left_mid_late_stance_native_strong_ice_v1,control_0p20_left_mid_late_stance_native_strong_ice_v1,0.2,left,mid_late_stance,native_strong_ice,target_foot_imu,439,639,0,1206,0.0,0.0,1.639697437989782,1.639697437989782
pair_085,positive_0p20_left_mid_late_stance_native_strong_ice_v1,control_0p20_left_mid_late_stance_native_strong_ice_v1,0.2,left,mid_late_stance,native_strong_ice,contralateral_fsr,439,639,0,804,0.0,0.0,0.0,0.0
pair_085,positive_0p20_left_mid_late_stance_native_strong_ice_v1,control_0p20_left_mid_late_stance_native_strong_ice_v1,0.2,left,mid_late_stance,native_strong_ice,contralateral_imu,439,639,0,1206,0.0,0.0,1.8580001195395368,1.8580001195395368
pair_085,positive_0p20_left_mid_late_stance_native_strong_ice_v1,control_0p20_left_mid_late_stance_native_strong_ice_v1,0.2,left,mid_late_stance,native_strong_ice,bilateral_asymmetry,439,639,0,2010,0.0,0.0,32.05345421852845,32.05345421852845
pair_085,positive_0p20_left_mid_late_stance_native_strong_ice_v1,control_0p20_left_mid_late_stance_native_strong_ice_v1,0.2,left,mid_late_stance,native_strong_ice,contact_anchor_drift_label_only,439,639,0,201,0.0,0.0,0.008690027677597691,0.008690027677597691
pair_086,positive_0p20_left_mid_late_stance_native_strong_ice_v2,control_0p20_left_mid_late_stance_native_strong_ice_v2,0.2,left,mid_late_stance,native_strong_ice,target_foot_fsr,444,644,0,804,0.0,0.0,0.0,0.0
pair_086,positive_0p20_left_mid_late_stance_native_strong_ice_v2,control_0p20_left_mid_late_stance_native_strong_ice_v2,0.2,left,mid_late_stance,native_strong_ice,target_foot_imu,444,644,0,1206,0.0,0.0,2.2436718426907944,2.2436718426907944
pair_086,positive_0p20_left_mid_late_stance_native_strong_ice_v2,control_0p20_left_mid_late_stance_native_strong_ice_v2,0.2,left,mid_late_stance,native_strong_ice,contralateral_fsr,444,644,0,804,0.0,0.0,81.3491351782386,81.3491351782386
pair_086,positive_0p20_left_mid_late_stance_native_strong_ice_v2,control_0p20_left_mid_late_stance_native_strong_ice_v2,0.2,left,mid_late_stance,native_strong_ice,contralateral_imu,444,644,0,1206,0.0,0.0,1.6227482544738356,1.6227482544738356
pair_086,positive_0p20_left_mid_late_stance_native_strong_ice_v2,control_0p20_left_mid_late_stance_native_strong_ice_v2,0.2,left,mid_late_stance,native_strong_ice,bilateral_asymmetry,444,644,0,2010,0.0,0.0,-32.167099920108875,-32.167099920108875
pair_086,positive_0p20_left_mid_late_stance_native_strong_ice_v2,control_0p20_left_mid_late_stance_native_strong_ice_v2,0.2,left,mid_late_stance,native_strong_ice,contact_anchor_drift_label_only,444,644,0,0,,,,
pair_087,positive_0p20_left_mid_late_stance_moderate_ice_preregistered_v0,control_0p20_left_mid_late_stance_moderate_ice_preregistered_v0,0.2,left,mid_late_stance,moderate_ice_preregistered,target_foot_fsr,436,636,0,804,0.0,0.0,34.80324143319581,34.80324143319581
pair_087,positive_0p20_left_mid_late_stance_moderate_ice_preregistered_v0,control_0p20_left_mid_late_stance_moderate_ice_preregistered_v0,0.2,left,mid_late_stance,moderate_ice_preregistered,target_foot_imu,436,636,0,1206,0.0,0.0,0.9933595553608681,0.9933595553608681
pair_087,positive_0p20_left_mid_late_stance_moderate_ice_preregistered_v0,control_0p20_left_mid_late_stance_moderate_ice_preregistered_v0,0.2,left,mid_late_stance,moderate_ice_preregistered,contralateral_fsr,436,636,0,804,0.0,0.0,54.34244325524891,54.34244325524891
pair_087,positive_0p20_left_mid_late_stance_moderate_ice_preregistered_v0,control_0p20_left_mid_late_stance_moderate_ice_preregistered_v0,0.2,left,mid_late_stance,moderate_ice_preregistered,contralateral_imu,436,636,0,1206,0.0,0.0,1.6685753267715482,1.6685753267715482
pair_087,positive_0p20_left_mid_late_stance_moderate_ice_preregistered_v0,control_0p20_left_mid_late_stance_moderate_ice_preregistered_v0,0.2,left,mid_late_stance,moderate_ice_preregistered,bilateral_asymmetry,436,636,0,2010,0.0,0.0,-8.22081018703838,-8.22081018703838
pair_087,positive_0p20_left_mid_late_stance_moderate_ice_preregistered_v0,control_0p20_left_mid_late_stance_moderate_ice_preregistered_v0,0.2,left,mid_late_stance,moderate_ice_preregistered,contact_anchor_drift_label_only,436,636,0,75,0.0,0.0,0.0009840153146069496,0.0009840153146069496
pair_088,positive_0p20_left_mid_late_stance_moderate_ice_preregistered_v1,control_0p20_left_mid_late_stance_moderate_ice_preregistered_v1,0.2,left,mid_late_stance,moderate_ice_preregistered,target_foot_fsr,439,639,0,804,0.0,0.0,80.42201943095051,80.42201943095051
pair_088,positive_0p20_left_mid_late_stance_moderate_ice_preregistered_v1,control_0p20_left_mid_late_stance_moderate_ice_preregistered_v1,0.2,left,mid_late_stance,moderate_ice_preregistered,target_foot_imu,439,639,0,1206,0.0,0.0,1.6375811354796836,1.6375811354796836
pair_088,positive_0p20_left_mid_late_stance_moderate_ice_preregistered_v1,control_0p20_left_mid_late_stance_moderate_ice_preregistered_v1,0.2,left,mid_late_stance,moderate_ice_preregistered,contralateral_fsr,439,639,0,804,0.0,0.0,0.0,0.0
pair_088,positive_0p20_left_mid_late_stance_moderate_ice_preregistered_v1,control_0p20_left_mid_late_stance_moderate_ice_preregistered_v1,0.2,left,mid_late_stance,moderate_ice_preregistered,contralateral_imu,439,639,0,1206,0.0,0.0,1.8565774493167142,1.8565774493167142
pair_088,positive_0p20_left_mid_late_stance_moderate_ice_preregistered_v1,control_0p20_left_mid_late_stance_moderate_ice_preregistered_v1,0.2,left,mid_late_stance,moderate_ice_preregistered,bilateral_asymmetry,439,639,0,2010,0.0,0.0,32.03740997918191,32.03740997918191
pair_088,positive_0p20_left_mid_late_stance_moderate_ice_preregistered_v1,control_0p20_left_mid_late_stance_moderate_ice_preregistered_v1,0.2,left,mid_late_stance,moderate_ice_preregistered,contact_anchor_drift_label_only,439,639,0,201,0.0,0.0,0.008187533055075365,0.008187533055075365
pair_089,positive_0p20_left_mid_late_stance_moderate_ice_preregistered_v2,control_0p20_left_mid_late_stance_moderate_ice_preregistered_v2,0.2,left,mid_late_stance,moderate_ice_preregistered,target_foot_fsr,444,644,0,804,0.0,0.0,0.0,0.0
pair_089,positive_0p20_left_mid_late_stance_moderate_ice_preregistered_v2,control_0p20_left_mid_late_stance_moderate_ice_preregistered_v2,0.2,left,mid_late_stance,moderate_ice_preregistered,target_foot_imu,444,644,0,1206,0.0,0.0,2.2447442456416824,2.2447442456416824
pair_089,positive_0p20_left_mid_late_stance_moderate_ice_preregistered_v2,control_0p20_left_mid_late_stance_moderate_ice_preregistered_v2,0.2,left,mid_late_stance,moderate_ice_preregistered,contralateral_fsr,444,644,0,804,0.0,0.0,81.35135129435146,81.35135129435146
pair_089,positive_0p20_left_mid_late_stance_moderate_ice_preregistered_v2,control_0p20_left_mid_late_stance_moderate_ice_preregistered_v2,0.2,left,mid_late_stance,moderate_ice_preregistered,contralateral_imu,444,644,0,1206,0.0,0.0,1.6227792401358194,1.6227792401358194
pair_089,positive_0p20_left_mid_late_stance_moderate_ice_preregistered_v2,control_0p20_left_mid_late_stance_moderate_ice_preregistered_v2,0.2,left,mid_late_stance,moderate_ice_preregistered,bilateral_asymmetry,444,644,0,2010,0.0,0.0,-32.16736151358508,-32.16736151358508
pair_089,positive_0p20_left_mid_late_stance_moderate_ice_preregistered_v2,control_0p20_left_mid_late_stance_moderate_ice_preregistered_v2,0.2,left,mid_late_stance,moderate_ice_preregistered,contact_anchor_drift_label_only,444,644,0,0,,,,
pair_090,positive_0p20_right_early_loading_native_strong_ice_v0,control_0p20_right_early_loading_native_strong_ice_v0,0.2,right,early_loading,native_strong_ice,target_foot_fsr,0,162,0,652,0.0,0.0,9.09065035003826,9.09065035003826
pair_090,positive_0p20_right_early_loading_native_strong_ice_v0,control_0p20_right_early_loading_native_strong_ice_v0,0.2,right,early_loading,native_strong_ice,target_foot_imu,0,162,0,978,0.0,0.0,2.0865287911958097,2.0865287911958097
pair_090,positive_0p20_right_early_loading_native_strong_ice_v0,control_0p20_right_early_loading_native_strong_ice_v0,0.2,right,early_loading,native_strong_ice,contralateral_fsr,0,162,0,652,0.0,0.0,76.26467019164123,76.26467019164123
pair_090,positive_0p20_right_early_loading_native_strong_ice_v0,control_0p20_right_early_loading_native_strong_ice_v0,0.2,right,early_loading,native_strong_ice,contralateral_imu,0,162,0,978,0.0,0.0,1.5675665514123105,1.5675665514123105
pair_090,positive_0p20_right_early_loading_native_strong_ice_v0,control_0p20_right_early_loading_native_strong_ice_v0,0.2,right,early_loading,native_strong_ice,bilateral_asymmetry,0,162,0,1630,0.0,0.0,-26.55823058279837,-26.55823058279837
pair_090,positive_0p20_right_early_loading_native_strong_ice_v0,control_0p20_right_early_loading_native_strong_ice_v0,0.2,right,early_loading,native_strong_ice,contact_anchor_drift_label_only,0,162,0,47,0.0,0.0,0.0012914636036123527,0.0012914636036123527
pair_091,positive_0p20_right_early_loading_native_strong_ice_v1,control_0p20_right_early_loading_native_strong_ice_v1,0.2,right,early_loading,native_strong_ice,target_foot_fsr,0,157,0,632,0.0,0.0,73.4293672566927,73.4293672566927
pair_091,positive_0p20_right_early_loading_native_strong_ice_v1,control_0p20_right_early_loading_native_strong_ice_v1,0.2,right,early_loading,native_strong_ice,target_foot_imu,0,157,0,948,0.0,0.0,1.6373805112351076,1.6373805112351076
pair_091,positive_0p20_right_early_loading_native_strong_ice_v1,control_0p20_right_early_loading_native_strong_ice_v1,0.2,right,early_loading,native_strong_ice,contralateral_fsr,0,157,0,632,0.0,0.0,15.0734295631417,15.0734295631417
pair_091,positive_0p20_right_early_loading_native_strong_ice_v1,control_0p20_right_early_loading_native_strong_ice_v1,0.2,right,early_loading,native_strong_ice,contralateral_imu,0,157,0,948,0.0,0.0,1.9953609132688082,1.9953609132688082
pair_091,positive_0p20_right_early_loading_native_strong_ice_v1,control_0p20_right_early_loading_native_strong_ice_v1,0.2,right,early_loading,native_strong_ice,bilateral_asymmetry,0,157,0,1580,0.0,0.0,23.127586818129394,23.127586818129394
pair_091,positive_0p20_right_early_loading_native_strong_ice_v1,control_0p20_right_early_loading_native_strong_ice_v1,0.2,right,early_loading,native_strong_ice,contact_anchor_drift_label_only,0,157,0,121,0.0,0.0,0.00031190837876801956,0.00031190837876801956
pair_092,positive_0p20_right_early_loading_native_strong_ice_v2,control_0p20_right_early_loading_native_strong_ice_v2,0.2,right,early_loading,native_strong_ice,target_foot_fsr,0,154,0,620,0.0,0.0,43.287174429432035,43.287174429432035
pair_092,positive_0p20_right_early_loading_native_strong_ice_v2,control_0p20_right_early_loading_native_strong_ice_v2,0.2,right,early_loading,native_strong_ice,target_foot_imu,0,154,0,930,0.0,0.0,1.6383820588525086,1.6383820588525086
pair_092,positive_0p20_right_early_loading_native_strong_ice_v2,control_0p20_right_early_loading_native_strong_ice_v2,0.2,right,early_loading,native_strong_ice,contralateral_fsr,0,154,0,620,0.0,0.0,42.64283028754496,42.64283028754496
pair_092,positive_0p20_right_early_loading_native_strong_ice_v2,control_0p20_right_early_loading_native_strong_ice_v2,0.2,right,early_loading,native_strong_ice,contralateral_imu,0,154,0,930,0.0,0.0,1.6708723409429431,1.6708723409429431
pair_092,positive_0p20_right_early_loading_native_strong_ice_v2,control_0p20_right_early_loading_native_strong_ice_v2,0.2,right,early_loading,native_strong_ice,bilateral_asymmetry,0,154,0,1550,0.0,0.0,0.23824350185519566,0.23824350185519566
pair_092,positive_0p20_right_early_loading_native_strong_ice_v2,control_0p20_right_early_loading_native_strong_ice_v2,0.2,right,early_loading,native_strong_ice,contact_anchor_drift_label_only,0,154,0,121,0.0,0.0,0.0006464557185353449,0.0006464557185353449
pair_093,positive_0p20_right_early_loading_moderate_ice_preregistered_v0,control_0p20_right_early_loading_moderate_ice_preregistered_v0,0.2,right,early_loading,moderate_ice_preregistered,target_foot_fsr,0,162,0,652,0.0,0.0,9.090304859942453,9.090304859942453
pair_093,positive_0p20_right_early_loading_moderate_ice_preregistered_v0,control_0p20_right_early_loading_moderate_ice_preregistered_v0,0.2,right,early_loading,moderate_ice_preregistered,target_foot_imu,0,162,0,978,0.0,0.0,2.0866758449384366,2.0866758449384366
pair_093,positive_0p20_right_early_loading_moderate_ice_preregistered_v0,control_0p20_right_early_loading_moderate_ice_preregistered_v0,0.2,right,early_loading,moderate_ice_preregistered,contralateral_fsr,0,162,0,652,0.0,0.0,76.26518424815195,76.26518424815195
pair_093,positive_0p20_right_early_loading_moderate_ice_preregistered_v0,control_0p20_right_early_loading_moderate_ice_preregistered_v0,0.2,right,early_loading,moderate_ice_preregistered,contralateral_imu,0,162,0,978,0.0,0.0,1.5673681292140687,1.5673681292140687
pair_093,positive_0p20_right_early_loading_moderate_ice_preregistered_v0,control_0p20_right_early_loading_moderate_ice_preregistered_v0,0.2,right,early_loading,moderate_ice_preregistered,bilateral_asymmetry,0,162,0,1630,0.0,0.0,-26.558367157173542,-26.558367157173542
pair_093,positive_0p20_right_early_loading_moderate_ice_preregistered_v0,control_0p20_right_early_loading_moderate_ice_preregistered_v0,0.2,right,early_loading,moderate_ice_preregistered,contact_anchor_drift_label_only,0,162,0,47,0.0,0.0,0.001292118914747373,0.001292118914747373
pair_094,positive_0p20_right_early_loading_moderate_ice_preregistered_v1,control_0p20_right_early_loading_moderate_ice_preregistered_v1,0.2,right,early_loading,moderate_ice_preregistered,target_foot_fsr,0,157,0,632,0.0,0.0,73.43754395163512,73.43754395163512
pair_094,positive_0p20_right_early_loading_moderate_ice_preregistered_v1,control_0p20_right_early_loading_moderate_ice_preregistered_v1,0.2,right,early_loading,moderate_ice_preregistered,target_foot_imu,0,157,0,948,0.0,0.0,1.6348661376415363,1.6348661376415363
pair_094,positive_0p20_right_early_loading_moderate_ice_preregistered_v1,control_0p20_right_early_loading_moderate_ice_preregistered_v1,0.2,right,early_loading,moderate_ice_preregistered,contralateral_fsr,0,157,0,632,0.0,0.0,15.063414501945806,15.063414501945806
pair_094,positive_0p20_right_early_loading_moderate_ice_preregistered_v1,control_0p20_right_early_loading_moderate_ice_preregistered_v1,0.2,right,early_loading,moderate_ice_preregistered,contralateral_imu,0,157,0,948,0.0,0.0,1.9952636625866906,1.9952636625866906
pair_094,positive_0p20_right_early_loading_moderate_ice_preregistered_v1,control_0p20_right_early_loading_moderate_ice_preregistered_v1,0.2,right,early_loading,moderate_ice_preregistered,bilateral_asymmetry,0,157,0,1580,0.0,0.0,23.13341326685593,23.13341326685593
pair_094,positive_0p20_right_early_loading_moderate_ice_preregistered_v1,control_0p20_right_early_loading_moderate_ice_preregistered_v1,0.2,right,early_loading,moderate_ice_preregistered,contact_anchor_drift_label_only,0,157,0,121,0.0,0.0,0.0003276710304208408,0.0003276710304208408
pair_095,positive_0p20_right_early_loading_moderate_ice_preregistered_v2,control_0p20_right_early_loading_moderate_ice_preregistered_v2,0.2,right,early_loading,moderate_ice_preregistered,target_foot_fsr,0,154,0,620,0.0,0.0,43.235864007088445,43.235864007088445
pair_095,positive_0p20_right_early_loading_moderate_ice_preregistered_v2,control_0p20_right_early_loading_moderate_ice_preregistered_v2,0.2,right,early_loading,moderate_ice_preregistered,target_foot_imu,0,154,0,930,0.0,0.0,1.6352028080977166,1.6352028080977166
pair_095,positive_0p20_right_early_loading_moderate_ice_preregistered_v2,control_0p20_right_early_loading_moderate_ice_preregistered_v2,0.2,right,early_loading,moderate_ice_preregistered,contralateral_fsr,0,154,0,620,0.0,0.0,42.685171944672064,42.685171944672064
pair_095,positive_0p20_right_early_loading_moderate_ice_preregistered_v2,control_0p20_right_early_loading_moderate_ice_preregistered_v2,0.2,right,early_loading,moderate_ice_preregistered,contralateral_imu,0,154,0,930,0.0,0.0,1.668185211286661,1.668185211286661
pair_095,positive_0p20_right_early_loading_moderate_ice_preregistered_v2,control_0p20_right_early_loading_moderate_ice_preregistered_v2,0.2,right,early_loading,moderate_ice_preregistered,bilateral_asymmetry,0,154,0,1550,0.0,0.0,0.20048738905126107,0.20048738905126107
pair_095,positive_0p20_right_early_loading_moderate_ice_preregistered_v2,control_0p20_right_early_loading_moderate_ice_preregistered_v2,0.2,right,early_loading,moderate_ice_preregistered,contact_anchor_drift_label_only,0,154,0,121,0.0,0.0,0.000659534786317944,0.000659534786317944
pair_096,positive_0p20_right_mid_loading_early_stance_native_strong_ice_v0,control_0p20_right_mid_loading_early_stance_native_strong_ice_v0,0.2,right,mid_loading_early_stance,native_strong_ice,target_foot_fsr,102,302,0,804,0.0,0.0,44.53017247019716,44.53017247019716
pair_096,positive_0p20_right_mid_loading_early_stance_native_strong_ice_v0,control_0p20_right_mid_loading_early_stance_native_strong_ice_v0,0.2,right,mid_loading_early_stance,native_strong_ice,target_foot_imu,102,302,0,1206,0.0,0.0,1.59432353983443,1.59432353983443
pair_096,positive_0p20_right_mid_loading_early_stance_native_strong_ice_v0,control_0p20_right_mid_loading_early_stance_native_strong_ice_v0,0.2,right,mid_loading_early_stance,native_strong_ice,contralateral_fsr,102,302,0,804,0.0,0.0,43.40839721258748,43.40839721258748
pair_096,positive_0p20_right_mid_loading_early_stance_native_strong_ice_v0,control_0p20_right_mid_loading_early_stance_native_strong_ice_v0,0.2,right,mid_loading_early_stance,native_strong_ice,contralateral_imu,102,302,0,1206,0.0,0.0,1.6797990183982758,1.6797990183982758
pair_096,positive_0p20_right_mid_loading_early_stance_native_strong_ice_v0,control_0p20_right_mid_loading_early_stance_native_strong_ice_v0,0.2,right,mid_loading_early_stance,native_strong_ice,bilateral_asymmetry,102,302,0,2010,0.0,0.0,0.3974248171872019,0.3974248171872019
pair_096,positive_0p20_right_mid_loading_early_stance_native_strong_ice_v0,control_0p20_right_mid_loading_early_stance_native_strong_ice_v0,0.2,right,mid_loading_early_stance,native_strong_ice,contact_anchor_drift_label_only,102,302,0,107,0.0,0.0,0.005907126622400725,0.005907126622400725
pair_097,positive_0p20_right_mid_loading_early_stance_native_strong_ice_v1,control_0p20_right_mid_loading_early_stance_native_strong_ice_v1,0.2,right,mid_loading_early_stance,native_strong_ice,target_foot_fsr,97,297,0,804,0.0,0.0,77.65607779499014,77.65607779499014
pair_097,positive_0p20_right_mid_loading_early_stance_native_strong_ice_v1,control_0p20_right_mid_loading_early_stance_native_strong_ice_v1,0.2,right,mid_loading_early_stance,native_strong_ice,target_foot_imu,97,297,0,1206,0.0,0.0,1.724739023259409,1.724739023259409
pair_097,positive_0p20_right_mid_loading_early_stance_native_strong_ice_v1,control_0p20_right_mid_loading_early_stance_native_strong_ice_v1,0.2,right,mid_loading_early_stance,native_strong_ice,contralateral_fsr,97,297,0,804,0.0,0.0,0.0,0.0
pair_097,positive_0p20_right_mid_loading_early_stance_native_strong_ice_v1,control_0p20_right_mid_loading_early_stance_native_strong_ice_v1,0.2,right,mid_loading_early_stance,native_strong_ice,contralateral_imu,97,297,0,1206,0.0,0.0,2.2392208450919813,2.2392208450919813
pair_097,positive_0p20_right_mid_loading_early_stance_native_strong_ice_v1,control_0p20_right_mid_loading_early_stance_native_strong_ice_v1,0.2,right,mid_loading_early_stance,native_strong_ice,bilateral_asymmetry,97,297,0,2010,0.0,0.0,30.753742029708786,30.753742029708786
pair_097,positive_0p20_right_mid_loading_early_stance_native_strong_ice_v1,control_0p20_right_mid_loading_early_stance_native_strong_ice_v1,0.2,right,mid_loading_early_stance,native_strong_ice,contact_anchor_drift_label_only,97,297,0,201,0.0,0.0,0.0004036046870965603,0.0004036046870965603
pair_098,positive_0p20_right_mid_loading_early_stance_native_strong_ice_v2,control_0p20_right_mid_loading_early_stance_native_strong_ice_v2,0.2,right,mid_loading_early_stance,native_strong_ice,target_foot_fsr,94,294,0,804,0.0,0.0,6.590353876797121,6.590353876797121
pair_098,positive_0p20_right_mid_loading_early_stance_native_strong_ice_v2,control_0p20_right_mid_loading_early_stance_native_strong_ice_v2,0.2,right,mid_loading_early_stance,native_strong_ice,target_foot_imu,94,294,0,1206,0.0,0.0,2.1887036811397134,2.1887036811397134
pair_098,positive_0p20_right_mid_loading_early_stance_native_strong_ice_v2,control_0p20_right_mid_loading_early_stance_native_strong_ice_v2,0.2,right,mid_loading_early_stance,native_strong_ice,contralateral_fsr,94,294,0,804,0.0,0.0,77.09378682069517,77.09378682069517
pair_098,positive_0p20_right_mid_loading_early_stance_native_strong_ice_v2,control_0p20_right_mid_loading_early_stance_native_strong_ice_v2,0.2,right,mid_loading_early_stance,native_strong_ice,contralateral_imu,94,294,0,1206,0.0,0.0,1.6170493539042157,1.6170493539042157
pair_098,positive_0p20_right_mid_loading_early_stance_native_strong_ice_v2,control_0p20_right_mid_loading_early_stance_native_strong_ice_v2,0.2,right,mid_loading_early_stance,native_strong_ice,bilateral_asymmetry,94,294,0,2010,0.0,0.0,-27.858380569170436,-27.858380569170436
pair_098,positive_0p20_right_mid_loading_early_stance_native_strong_ice_v2,control_0p20_right_mid_loading_early_stance_native_strong_ice_v2,0.2,right,mid_loading_early_stance,native_strong_ice,contact_anchor_drift_label_only,94,294,0,72,0.0,0.0,0.0007758143733048604,0.0007758143733048604
pair_099,positive_0p20_right_mid_loading_early_stance_moderate_ice_preregistered_v0,control_0p20_right_mid_loading_early_stance_moderate_ice_preregistered_v0,0.2,right,mid_loading_early_stance,moderate_ice_preregistered,target_foot_fsr,102,302,0,804,0.0,0.0,44.530076601018955,44.530076601018955
pair_099,positive_0p20_right_mid_loading_early_stance_moderate_ice_preregistered_v0,control_0p20_right_mid_loading_early_stance_moderate_ice_preregistered_v0,0.2,right,mid_loading_early_stance,moderate_ice_preregistered,target_foot_imu,102,302,0,1206,0.0,0.0,1.5944230799986103,1.5944230799986103
pair_099,positive_0p20_right_mid_loading_early_stance_moderate_ice_preregistered_v0,control_0p20_right_mid_loading_early_stance_moderate_ice_preregistered_v0,0.2,right,mid_loading_early_stance,moderate_ice_preregistered,contralateral_fsr,102,302,0,804,0.0,0.0,43.40831494579712,43.40831494579712
pair_099,positive_0p20_right_mid_loading_early_stance_moderate_ice_preregistered_v0,control_0p20_right_mid_loading_early_stance_moderate_ice_preregistered_v0,0.2,right,mid_loading_early_stance,moderate_ice_preregistered,contralateral_imu,102,302,0,1206,0.0,0.0,1.6791906040356719,1.6791906040356719
pair_099,positive_0p20_right_mid_loading_early_stance_moderate_ice_preregistered_v0,control_0p20_right_mid_loading_early_stance_moderate_ice_preregistered_v0,0.2,right,mid_loading_early_stance,moderate_ice_preregistered,bilateral_asymmetry,102,302,0,2010,0.0,0.0,0.39784415116908944,0.39784415116908944
pair_099,positive_0p20_right_mid_loading_early_stance_moderate_ice_preregistered_v0,control_0p20_right_mid_loading_early_stance_moderate_ice_preregistered_v0,0.2,right,mid_loading_early_stance,moderate_ice_preregistered,contact_anchor_drift_label_only,102,302,0,107,0.0,0.0,0.005899939421133495,0.005899939421133495
pair_100,positive_0p20_right_mid_loading_early_stance_moderate_ice_preregistered_v1,control_0p20_right_mid_loading_early_stance_moderate_ice_preregistered_v1,0.2,right,mid_loading_early_stance,moderate_ice_preregistered,target_foot_fsr,97,297,0,804,0.0,0.0,77.6415048627118,77.6415048627118
pair_100,positive_0p20_right_mid_loading_early_stance_moderate_ice_preregistered_v1,control_0p20_right_mid_loading_early_stance_moderate_ice_preregistered_v1,0.2,right,mid_loading_early_stance,moderate_ice_preregistered,target_foot_imu,97,297,0,1206,0.0,0.0,1.7246499291190829,1.7246499291190829
pair_100,positive_0p20_right_mid_loading_early_stance_moderate_ice_preregistered_v1,control_0p20_right_mid_loading_early_stance_moderate_ice_preregistered_v1,0.2,right,mid_loading_early_stance,moderate_ice_preregistered,contralateral_fsr,97,297,0,804,0.0,0.0,0.0,0.0
pair_100,positive_0p20_right_mid_loading_early_stance_moderate_ice_preregistered_v1,control_0p20_right_mid_loading_early_stance_moderate_ice_preregistered_v1,0.2,right,mid_loading_early_stance,moderate_ice_preregistered,contralateral_imu,97,297,0,1206,0.0,0.0,2.23780897389246,2.23780897389246
pair_100,positive_0p20_right_mid_loading_early_stance_moderate_ice_preregistered_v1,control_0p20_right_mid_loading_early_stance_moderate_ice_preregistered_v1,0.2,right,mid_loading_early_stance,moderate_ice_preregistered,bilateral_asymmetry,97,297,0,2010,0.0,0.0,30.748706516710953,30.748706516710953
pair_100,positive_0p20_right_mid_loading_early_stance_moderate_ice_preregistered_v1,control_0p20_right_mid_loading_early_stance_moderate_ice_preregistered_v1,0.2,right,mid_loading_early_stance,moderate_ice_preregistered,contact_anchor_drift_label_only,97,297,0,201,0.0,0.0,0.00041627147055719863,0.00041627147055719863
pair_101,positive_0p20_right_mid_loading_early_stance_moderate_ice_preregistered_v2,control_0p20_right_mid_loading_early_stance_moderate_ice_preregistered_v2,0.2,right,mid_loading_early_stance,moderate_ice_preregistered,target_foot_fsr,94,294,0,804,0.0,0.0,6.563061720696255,6.563061720696255
pair_101,positive_0p20_right_mid_loading_early_stance_moderate_ice_preregistered_v2,control_0p20_right_mid_loading_early_stance_moderate_ice_preregistered_v2,0.2,right,mid_loading_early_stance,moderate_ice_preregistered,target_foot_imu,94,294,0,1206,0.0,0.0,2.193726619905867,2.193726619905867
pair_101,positive_0p20_right_mid_loading_early_stance_moderate_ice_preregistered_v2,control_0p20_right_mid_loading_early_stance_moderate_ice_preregistered_v2,0.2,right,mid_loading_early_stance,moderate_ice_preregistered,contralateral_fsr,94,294,0,804,0.0,0.0,77.12638925779518,77.12638925779518
pair_101,positive_0p20_right_mid_loading_early_stance_moderate_ice_preregistered_v2,control_0p20_right_mid_loading_early_stance_moderate_ice_preregistered_v2,0.2,right,mid_loading_early_stance,moderate_ice_preregistered,contralateral_imu,94,294,0,1206,0.0,0.0,1.616722170622639,1.616722170622639
pair_101,positive_0p20_right_mid_loading_early_stance_moderate_ice_preregistered_v2,control_0p20_right_mid_loading_early_stance_moderate_ice_preregistered_v2,0.2,right,mid_loading_early_stance,moderate_ice_preregistered,bilateral_asymmetry,94,294,0,2010,0.0,0.0,-27.879128329539746,-27.879128329539746
pair_101,positive_0p20_right_mid_loading_early_stance_moderate_ice_preregistered_v2,control_0p20_right_mid_loading_early_stance_moderate_ice_preregistered_v2,0.2,right,mid_loading_early_stance,moderate_ice_preregistered,contact_anchor_drift_label_only,94,294,0,72,0.0,0.0,0.0007846362043185056,0.0007846362043185056
pair_102,positive_0p20_right_mid_late_stance_native_strong_ice_v0,control_0p20_right_mid_late_stance_native_strong_ice_v0,0.2,right,mid_late_stance,native_strong_ice,target_foot_fsr,442,642,0,804,0.0,0.0,51.9316670904631,51.9316670904631
pair_102,positive_0p20_right_mid_late_stance_native_strong_ice_v0,control_0p20_right_mid_late_stance_native_strong_ice_v0,0.2,right,mid_late_stance,native_strong_ice,target_foot_imu,442,642,0,1206,0.0,0.0,1.6647356640788527,1.6647356640788527
pair_102,positive_0p20_right_mid_late_stance_native_strong_ice_v0,control_0p20_right_mid_late_stance_native_strong_ice_v0,0.2,right,mid_late_stance,native_strong_ice,contralateral_fsr,442,642,0,804,0.0,0.0,37.28977795501253,37.28977795501253
pair_102,positive_0p20_right_mid_late_stance_native_strong_ice_v0,control_0p20_right_mid_late_stance_native_strong_ice_v0,0.2,right,mid_late_stance,native_strong_ice,contralateral_imu,442,642,0,1206,0.0,0.0,0.983705551928235,0.983705551928235
pair_102,positive_0p20_right_mid_late_stance_native_strong_ice_v0,control_0p20_right_mid_late_stance_native_strong_ice_v0,0.2,right,mid_late_stance,native_strong_ice,bilateral_asymmetry,442,642,0,2010,0.0,0.0,6.2653737093825,6.2653737093825
pair_102,positive_0p20_right_mid_late_stance_native_strong_ice_v0,control_0p20_right_mid_late_stance_native_strong_ice_v0,0.2,right,mid_late_stance,native_strong_ice,contact_anchor_drift_label_only,442,642,0,161,0.0,0.0,0.006608061000751043,0.006608061000751043
pair_103,positive_0p20_right_mid_late_stance_native_strong_ice_v1,control_0p20_right_mid_late_stance_native_strong_ice_v1,0.2,right,mid_late_stance,native_strong_ice,target_foot_fsr,437,637,0,804,0.0,0.0,0.0,0.0
pair_103,positive_0p20_right_mid_late_stance_native_strong_ice_v1,control_0p20_right_mid_late_stance_native_strong_ice_v1,0.2,right,mid_late_stance,native_strong_ice,target_foot_imu,437,637,0,1206,0.0,0.0,1.874571530671387,1.874571530671387
pair_103,positive_0p20_right_mid_late_stance_native_strong_ice_v1,control_0p20_right_mid_late_stance_native_strong_ice_v1,0.2,right,mid_late_stance,native_strong_ice,contralateral_fsr,437,637,0,804,0.0,0.0,80.61808117586583,80.61808117586583
pair_103,positive_0p20_right_mid_late_stance_native_strong_ice_v1,control_0p20_right_mid_late_stance_native_strong_ice_v1,0.2,right,mid_late_stance,native_strong_ice,contralateral_imu,437,637,0,1206,0.0,0.0,1.6393447496007794,1.6393447496007794
pair_103,positive_0p20_right_mid_late_stance_native_strong_ice_v1,control_0p20_right_mid_late_stance_native_strong_ice_v1,0.2,right,mid_late_stance,native_strong_ice,bilateral_asymmetry,437,637,0,2010,0.0,0.0,-32.106096405250895,-32.106096405250895
pair_103,positive_0p20_right_mid_late_stance_native_strong_ice_v1,control_0p20_right_mid_late_stance_native_strong_ice_v1,0.2,right,mid_late_stance,native_strong_ice,contact_anchor_drift_label_only,437,637,0,0,,,,
pair_104,positive_0p20_right_mid_late_stance_native_strong_ice_v2,control_0p20_right_mid_late_stance_native_strong_ice_v2,0.2,right,mid_late_stance,native_strong_ice,target_foot_fsr,434,634,0,804,0.0,0.0,81.47626043433574,81.47626043433574
pair_104,positive_0p20_right_mid_late_stance_native_strong_ice_v2,control_0p20_right_mid_late_stance_native_strong_ice_v2,0.2,right,mid_late_stance,native_strong_ice,target_foot_imu,434,634,0,1206,0.0,0.0,1.6149939068592434,1.6149939068592434
pair_104,positive_0p20_right_mid_late_stance_native_strong_ice_v2,control_0p20_right_mid_late_stance_native_strong_ice_v2,0.2,right,mid_late_stance,native_strong_ice,contralateral_fsr,434,634,0,804,0.0,0.0,0.0,0.0
pair_104,positive_0p20_right_mid_late_stance_native_strong_ice_v2,control_0p20_right_mid_late_stance_native_strong_ice_v2,0.2,right,mid_late_stance,native_strong_ice,contralateral_imu,434,634,0,1206,0.0,0.0,2.2815227064596635,2.2815227064596635
pair_104,positive_0p20_right_mid_late_stance_native_strong_ice_v2,control_0p20_right_mid_late_stance_native_strong_ice_v2,0.2,right,mid_late_stance,native_strong_ice,bilateral_asymmetry,434,634,0,2010,0.0,0.0,32.19058689286212,32.19058689286212
pair_104,positive_0p20_right_mid_late_stance_native_strong_ice_v2,control_0p20_right_mid_late_stance_native_strong_ice_v2,0.2,right,mid_late_stance,native_strong_ice,contact_anchor_drift_label_only,434,634,0,201,0.0,0.0,0.008768744196798375,0.008768744196798375
pair_105,positive_0p20_right_mid_late_stance_moderate_ice_preregistered_v0,control_0p20_right_mid_late_stance_moderate_ice_preregistered_v0,0.2,right,mid_late_stance,moderate_ice_preregistered,target_foot_fsr,442,642,0,804,0.0,0.0,51.87285020185486,51.87285020185486
pair_105,positive_0p20_right_mid_late_stance_moderate_ice_preregistered_v0,control_0p20_right_mid_late_stance_moderate_ice_preregistered_v0,0.2,right,mid_late_stance,moderate_ice_preregistered,target_foot_imu,442,642,0,1206,0.0,0.0,1.6694127297722365,1.6694127297722365
pair_105,positive_0p20_right_mid_late_stance_moderate_ice_preregistered_v0,control_0p20_right_mid_late_stance_moderate_ice_preregistered_v0,0.2,right,mid_late_stance,moderate_ice_preregistered,contralateral_fsr,442,642,0,804,0.0,0.0,37.37262057546359,37.37262057546359
pair_105,positive_0p20_right_mid_late_stance_moderate_ice_preregistered_v0,control_0p20_right_mid_late_stance_moderate_ice_preregistered_v0,0.2,right,mid_late_stance,moderate_ice_preregistered,contralateral_imu,442,642,0,1206,0.0,0.0,0.9803856644497045,0.9803856644497045
pair_105,positive_0p20_right_mid_late_stance_moderate_ice_preregistered_v0,control_0p20_right_mid_late_stance_moderate_ice_preregistered_v0,0.2,right,mid_late_stance,moderate_ice_preregistered,bilateral_asymmetry,442,642,0,2010,0.0,0.0,6.213508086487076,6.213508086487076
pair_105,positive_0p20_right_mid_late_stance_moderate_ice_preregistered_v0,control_0p20_right_mid_late_stance_moderate_ice_preregistered_v0,0.2,right,mid_late_stance,moderate_ice_preregistered,contact_anchor_drift_label_only,442,642,0,161,0.0,0.0,0.006661425370676732,0.006661425370676732
pair_106,positive_0p20_right_mid_late_stance_moderate_ice_preregistered_v1,control_0p20_right_mid_late_stance_moderate_ice_preregistered_v1,0.2,right,mid_late_stance,moderate_ice_preregistered,target_foot_fsr,437,637,0,804,0.0,0.0,0.0,0.0
pair_106,positive_0p20_right_mid_late_stance_moderate_ice_preregistered_v1,control_0p20_right_mid_late_stance_moderate_ice_preregistered_v1,0.2,right,mid_late_stance,moderate_ice_preregistered,target_foot_imu,437,637,0,1206,0.0,0.0,1.875482946556248,1.875482946556248
pair_106,positive_0p20_right_mid_late_stance_moderate_ice_preregistered_v1,control_0p20_right_mid_late_stance_moderate_ice_preregistered_v1,0.2,right,mid_late_stance,moderate_ice_preregistered,contralateral_fsr,437,637,0,804,0.0,0.0,80.4598500639645,80.4598500639645
pair_106,positive_0p20_right_mid_late_stance_moderate_ice_preregistered_v1,control_0p20_right_mid_late_stance_moderate_ice_preregistered_v1,0.2,right,mid_late_stance,moderate_ice_preregistered,contralateral_imu,437,637,0,1206,0.0,0.0,1.6377149987770907,1.6377149987770907
pair_106,positive_0p20_right_mid_late_stance_moderate_ice_preregistered_v1,control_0p20_right_mid_late_stance_moderate_ice_preregistered_v1,0.2,right,mid_late_stance,moderate_ice_preregistered,bilateral_asymmetry,437,637,0,2010,0.0,0.0,-32.04127925915145,-32.04127925915145
pair_106,positive_0p20_right_mid_late_stance_moderate_ice_preregistered_v1,control_0p20_right_mid_late_stance_moderate_ice_preregistered_v1,0.2,right,mid_late_stance,moderate_ice_preregistered,contact_anchor_drift_label_only,437,637,0,0,,,,
pair_107,positive_0p20_right_mid_late_stance_moderate_ice_preregistered_v2,control_0p20_right_mid_late_stance_moderate_ice_preregistered_v2,0.2,right,mid_late_stance,moderate_ice_preregistered,target_foot_fsr,434,634,0,804,0.0,0.0,81.47747612236743,81.47747612236743
pair_107,positive_0p20_right_mid_late_stance_moderate_ice_preregistered_v2,control_0p20_right_mid_late_stance_moderate_ice_preregistered_v2,0.2,right,mid_late_stance,moderate_ice_preregistered,target_foot_imu,434,634,0,1206,0.0,0.0,1.6150093778600307,1.6150093778600307
pair_107,positive_0p20_right_mid_late_stance_moderate_ice_preregistered_v2,control_0p20_right_mid_late_stance_moderate_ice_preregistered_v2,0.2,right,mid_late_stance,moderate_ice_preregistered,contralateral_fsr,434,634,0,804,0.0,0.0,0.0,0.0
pair_107,positive_0p20_right_mid_late_stance_moderate_ice_preregistered_v2,control_0p20_right_mid_late_stance_moderate_ice_preregistered_v2,0.2,right,mid_late_stance,moderate_ice_preregistered,contralateral_imu,434,634,0,1206,0.0,0.0,2.2818988507738207,2.2818988507738207
pair_107,positive_0p20_right_mid_late_stance_moderate_ice_preregistered_v2,control_0p20_right_mid_late_stance_moderate_ice_preregistered_v2,0.2,right,mid_late_stance,moderate_ice_preregistered,bilateral_asymmetry,434,634,0,2010,0.0,0.0,32.19085676622489,32.19085676622489
pair_107,positive_0p20_right_mid_late_stance_moderate_ice_preregistered_v2,control_0p20_right_mid_late_stance_moderate_ice_preregistered_v2,0.2,right,mid_late_stance,moderate_ice_preregistered,contact_anchor_drift_label_only,434,634,0,201,0.0,0.0,0.00876592362846308,0.00876592362846308
