run_id,pair_id,role,target_foot,foot,actual_first_affected_foot,contact_episode_id,episode_start_sample,episode_end_sample_exclusive,touchdown_sample,physical_onset_sample,time_from_touchdown_to_onset_ms,active_physical_slip_intervals,maximum_contact_anchor_drift_m,stable_loaded_contact_valid,fall_time_s,fall_reason,first_fall_censor_boundary,post_fall_excluded_sample_count,air_mask_sample_count,touchdown_mask_sample_count,invalid_mask_sample_count,contralateral_physical_slip_contamination
positive_0p10_left_early_loading_native_strong_ice_v0,pair_000,positive,left,left,none,0,36,243,36,,,[],0.001382596092298627,True,,,,0,0,10,13,False
positive_0p10_left_early_loading_native_strong_ice_v0,pair_000,positive,left,left,none,1,563,908,563,,,[],0.0024260736536234617,True,,,,0,0,10,12,False
positive_0p10_left_early_loading_native_strong_ice_v0,pair_000,positive,left,left,none,2,1152,1489,1152,,,[],0.001508158165961504,True,,,,0,0,10,10,False
positive_0p10_left_early_loading_native_strong_ice_v0,pair_000,positive,left,left,none,3,1755,2087,1755,,,[],0.0017755876760929823,True,,,,0,0,10,10,False
positive_0p10_left_early_loading_native_strong_ice_v0,pair_000,positive,left,left,none,4,2351,2687,2351,,,[],0.0015970647800713778,True,,,,0,0,10,15,False
positive_0p10_left_early_loading_native_strong_ice_v0,pair_000,positive,left,left,none,5,2950,3000,2950,,,[],0.0016164554981514812,True,,,,0,0,10,10,False
positive_0p10_left_early_loading_native_strong_ice_v0,pair_000,positive,left,right,none,0,43,89,43,,,[],0.0019454481080174446,True,,,,0,0,10,19,False
positive_0p10_left_early_loading_native_strong_ice_v0,pair_000,positive,left,right,none,1,199,604,199,,,[],0.006409397814422846,True,,,,0,0,10,10,False
positive_0p10_left_early_loading_native_strong_ice_v0,pair_000,positive,left,right,none,2,856,1202,856,,,[],0.004095087759196758,True,,,,0,0,10,12,False
positive_0p10_left_early_loading_native_strong_ice_v0,pair_000,positive,left,right,none,3,1454,1790,1454,,,[],0.0046961065381765366,True,,,,0,0,10,10,False
positive_0p10_left_early_loading_native_strong_ice_v0,pair_000,positive,left,right,none,4,2050,2386,2050,,,[],0.004718284122645855,True,,,,0,0,10,10,False
positive_0p10_left_early_loading_native_strong_ice_v0,pair_000,positive,left,right,none,5,2650,2985,2650,,,[],0.004738007206469774,True,,,,0,0,10,10,False
control_0p10_left_early_loading_native_strong_ice_v0,pair_000,control,left,left,none,0,36,243,36,,,[],0.001382596092298627,True,,,,0,0,10,13,False
control_0p10_left_early_loading_native_strong_ice_v0,pair_000,control,left,left,none,1,563,908,563,,,[],0.0024260736536234617,True,,,,0,0,10,12,False
control_0p10_left_early_loading_native_strong_ice_v0,pair_000,control,left,left,none,2,1152,1489,1152,,,[],0.001508158165961504,True,,,,0,0,10,10,False
control_0p10_left_early_loading_native_strong_ice_v0,pair_000,control,left,left,none,3,1755,2087,1755,,,[],0.0017755876760929823,True,,,,0,0,10,10,False
control_0p10_left_early_loading_native_strong_ice_v0,pair_000,control,left,left,none,4,2351,2687,2351,,,[],0.0015970647800713778,True,,,,0,0,10,15,False
control_0p10_left_early_loading_native_strong_ice_v0,pair_000,control,left,left,none,5,2950,3000,2950,,,[],0.0016164554981514812,True,,,,0,0,10,10,False
control_0p10_left_early_loading_native_strong_ice_v0,pair_000,control,left,right,none,0,43,89,43,,,[],0.0019454481080174446,True,,,,0,0,10,19,False
control_0p10_left_early_loading_native_strong_ice_v0,pair_000,control,left,right,none,1,199,604,199,,,[],0.006409397814422846,True,,,,0,0,10,10,False
control_0p10_left_early_loading_native_strong_ice_v0,pair_000,control,left,right,none,2,856,1202,856,,,[],0.004095087759196758,True,,,,0,0,10,12,False
control_0p10_left_early_loading_native_strong_ice_v0,pair_000,control,left,right,none,3,1454,1790,1454,,,[],0.0046961065381765366,True,,,,0,0,10,10,False
control_0p10_left_early_loading_native_strong_ice_v0,pair_000,control,left,right,none,4,2050,2386,2050,,,[],0.004718284122645855,True,,,,0,0,10,10,False
control_0p10_left_early_loading_native_strong_ice_v0,pair_000,control,left,right,none,5,2650,2985,2650,,,[],0.004738007206469774,True,,,,0,0,10,10,False
positive_0p10_left_early_loading_native_strong_ice_v1,pair_001,positive,left,left,none,0,39,89,39,,,[],0.0006745096761733294,True,,,,0,0,10,19,False
positive_0p10_left_early_loading_native_strong_ice_v1,pair_001,positive,left,left,none,1,304,684,304,,,[],0.007936322130262852,True,,,,0,0,10,13,False
positive_0p10_left_early_loading_native_strong_ice_v1,pair_001,positive,left,left,none,2,944,1296,944,,,[],0.0015836382517591119,True,,,,0,0,10,10,False
positive_0p10_left_early_loading_native_strong_ice_v1,pair_001,positive,left,left,none,3,1553,1887,1553,,,[],0.0012036684202030301,True,,,,0,0,10,15,False
positive_0p10_left_early_loading_native_strong_ice_v1,pair_001,positive,left,left,none,4,2151,2486,2151,,,[],0.0015436809044331312,True,,,,0,0,10,15,False
positive_0p10_left_early_loading_native_strong_ice_v1,pair_001,positive,left,left,none,5,2748,3000,2748,,,[],0.001635655527934432,True,,,,0,0,10,10,False
positive_0p10_left_early_loading_native_strong_ice_v1,pair_001,positive,left,right,none,0,37,328,37,,,[],0.002955615520477295,True,,,,0,0,10,10,False
positive_0p10_left_early_loading_native_strong_ice_v1,pair_001,positive,left,right,none,1,641,984,641,,,[],0.004767450969666243,True,,,,0,0,10,10,False
positive_0p10_left_early_loading_native_strong_ice_v1,pair_001,positive,left,right,none,2,1252,1601,1252,,,[],0.004625815898180008,True,,,,0,0,10,11,False
positive_0p10_left_early_loading_native_strong_ice_v1,pair_001,positive,left,right,none,3,1849,2187,1849,,,[],0.004637033212929964,True,,,,0,0,10,10,False
positive_0p10_left_early_loading_native_strong_ice_v1,pair_001,positive,left,right,none,4,2448,2785,2448,,,[],0.004566985182464123,True,,,,0,0,10,10,False
control_0p10_left_early_loading_native_strong_ice_v1,pair_001,control,left,left,none,0,39,89,39,,,[],0.0006745096761733294,True,,,,0,0,10,19,False
control_0p10_left_early_loading_native_strong_ice_v1,pair_001,control,left,left,none,1,304,684,304,,,[],0.007936322130262852,True,,,,0,0,10,13,False
control_0p10_left_early_loading_native_strong_ice_v1,pair_001,control,left,left,none,2,944,1296,944,,,[],0.0015836382517591119,True,,,,0,0,10,10,False
control_0p10_left_early_loading_native_strong_ice_v1,pair_001,control,left,left,none,3,1553,1887,1553,,,[],0.0012036684202030301,True,,,,0,0,10,15,False
control_0p10_left_early_loading_native_strong_ice_v1,pair_001,control,left,left,none,4,2151,2486,2151,,,[],0.0015436809044331312,True,,,,0,0,10,15,False
control_0p10_left_early_loading_native_strong_ice_v1,pair_001,control,left,left,none,5,2748,3000,2748,,,[],0.001635655527934432,True,,,,0,0,10,10,False
control_0p10_left_early_loading_native_strong_ice_v1,pair_001,control,left,right,none,0,37,328,37,,,[],0.002955615520477295,True,,,,0,0,10,10,False
control_0p10_left_early_loading_native_strong_ice_v1,pair_001,control,left,right,none,1,641,984,641,,,[],0.004767450969666243,True,,,,0,0,10,10,False
control_0p10_left_early_loading_native_strong_ice_v1,pair_001,control,left,right,none,2,1252,1601,1252,,,[],0.004625815898180008,True,,,,0,0,10,11,False
control_0p10_left_early_loading_native_strong_ice_v1,pair_001,control,left,right,none,3,1849,2187,1849,,,[],0.004637033212929964,True,,,,0,0,10,10,False
control_0p10_left_early_loading_native_strong_ice_v1,pair_001,control,left,right,none,4,2448,2785,2448,,,[],0.004566985182464123,True,,,,0,0,10,10,False
positive_0p10_left_early_loading_native_strong_ice_v2,pair_002,positive,left,left,none,0,44,402,44,,,[],0.0055467793717980385,True,,,,0,0,10,12,False
positive_0p10_left_early_loading_native_strong_ice_v2,pair_002,positive,left,left,none,1,706,1044,706,,,[],0.0014427320566028357,True,,,,0,0,10,12,False
positive_0p10_left_early_loading_native_strong_ice_v2,pair_002,positive,left,left,none,2,1291,1640,1291,,,[],0.001337859663181007,True,,,,0,0,10,10,False
positive_0p10_left_early_loading_native_strong_ice_v2,pair_002,positive,left,left,none,3,1899,2230,1899,,,[],0.001453209319151938,True,,,,0,0,10,10,False
positive_0p10_left_early_loading_native_strong_ice_v2,pair_002,positive,left,left,none,4,2496,2833,2496,,,[],0.0014394307509064674,True,,,,0,0,10,10,False
positive_0p10_left_early_loading_native_strong_ice_v2,pair_002,positive,left,right,none,0,34,153,34,,,[],0.0009999109897762537,True,,,,0,0,10,10,False
positive_0p10_left_early_loading_native_strong_ice_v2,pair_002,positive,left,right,none,1,368,745,368,,,[],0.008004751987755299,True,,,,0,0,10,10,False
positive_0p10_left_early_loading_native_strong_ice_v2,pair_002,positive,left,right,none,2,995,1328,995,,,[],0.003950520884245634,True,,,,0,0,10,10,False
positive_0p10_left_early_loading_native_strong_ice_v2,pair_002,positive,left,right,none,3,1337,1341,1337,,,[],0.0004881025233771652,False,,,,0,0,4,4,False
positive_0p10_left_early_loading_native_strong_ice_v2,pair_002,positive,left,right,none,4,1599,1943,1599,,,[],0.004500478506088257,True,,,,0,0,10,10,False
positive_0p10_left_early_loading_native_strong_ice_v2,pair_002,positive,left,right,none,5,2193,2535,2193,,,[],0.004906923975795507,True,,,,0,0,10,10,False
positive_0p10_left_early_loading_native_strong_ice_v2,pair_002,positive,left,right,none,6,2538,2541,2538,,,[],0.00016129299183376133,False,,,,0,0,3,3,False
positive_0p10_left_early_loading_native_strong_ice_v2,pair_002,positive,left,right,none,7,2795,3000,2795,,,[],0.004427415318787098,True,,,,0,0,10,10,False
control_0p10_left_early_loading_native_strong_ice_v2,pair_002,control,left,left,none,0,44,402,44,,,[],0.0055467793717980385,True,,,,0,0,10,12,False
control_0p10_left_early_loading_native_strong_ice_v2,pair_002,control,left,left,none,1,706,1044,706,,,[],0.0014427320566028357,True,,,,0,0,10,12,False
control_0p10_left_early_loading_native_strong_ice_v2,pair_002,control,left,left,none,2,1291,1640,1291,,,[],0.001337859663181007,True,,,,0,0,10,10,False
control_0p10_left_early_loading_native_strong_ice_v2,pair_002,control,left,left,none,3,1899,2230,1899,,,[],0.001453209319151938,True,,,,0,0,10,10,False
control_0p10_left_early_loading_native_strong_ice_v2,pair_002,control,left,left,none,4,2496,2833,2496,,,[],0.0014394307509064674,True,,,,0,0,10,10,False
control_0p10_left_early_loading_native_strong_ice_v2,pair_002,control,left,right,none,0,34,153,34,,,[],0.0009999109897762537,True,,,,0,0,10,10,False
control_0p10_left_early_loading_native_strong_ice_v2,pair_002,control,left,right,none,1,368,745,368,,,[],0.008004751987755299,True,,,,0,0,10,10,False
control_0p10_left_early_loading_native_strong_ice_v2,pair_002,control,left,right,none,2,995,1328,995,,,[],0.003950520884245634,True,,,,0,0,10,10,False
control_0p10_left_early_loading_native_strong_ice_v2,pair_002,control,left,right,none,3,1337,1341,1337,,,[],0.0004881025233771652,False,,,,0,0,4,4,False
control_0p10_left_early_loading_native_strong_ice_v2,pair_002,control,left,right,none,4,1599,1943,1599,,,[],0.004500478506088257,True,,,,0,0,10,10,False
control_0p10_left_early_loading_native_strong_ice_v2,pair_002,control,left,right,none,5,2193,2535,2193,,,[],0.004906923975795507,True,,,,0,0,10,10,False
control_0p10_left_early_loading_native_strong_ice_v2,pair_002,control,left,right,none,6,2538,2541,2538,,,[],0.00016129299183376133,False,,,,0,0,3,3,False
control_0p10_left_early_loading_native_strong_ice_v2,pair_002,control,left,right,none,7,2795,3000,2795,,,[],0.004427415318787098,True,,,,0,0,10,10,False
positive_0p10_left_early_loading_moderate_ice_preregistered_v0,pair_003,positive,left,left,none,0,36,243,36,,,[],0.0013557551428675652,True,,,,0,0,10,13,False
positive_0p10_left_early_loading_moderate_ice_preregistered_v0,pair_003,positive,left,left,none,1,563,908,563,,,[],0.0020174244418740273,True,,,,0,0,10,12,False
positive_0p10_left_early_loading_moderate_ice_preregistered_v0,pair_003,positive,left,left,none,2,1152,1489,1152,,,[],0.0015437700785696507,True,,,,0,0,10,10,False
positive_0p10_left_early_loading_moderate_ice_preregistered_v0,pair_003,positive,left,left,none,3,1755,2087,1755,,,[],0.0017938597593456507,True,,,,0,0,10,10,False
positive_0p10_left_early_loading_moderate_ice_preregistered_v0,pair_003,positive,left,left,none,4,2351,2687,2351,,,[],0.0017439017537981272,True,,,,0,0,10,10,False
positive_0p10_left_early_loading_moderate_ice_preregistered_v0,pair_003,positive,left,left,none,5,2950,3000,2950,,,[],0.00175916263833642,True,,,,0,0,10,10,False
positive_0p10_left_early_loading_moderate_ice_preregistered_v0,pair_003,positive,left,right,none,0,43,89,43,,,[],0.0019413311965763569,True,,,,0,0,10,19,False
positive_0p10_left_early_loading_moderate_ice_preregistered_v0,pair_003,positive,left,right,none,1,199,604,199,,,[],0.006401648744940758,True,,,,0,0,10,10,False
positive_0p10_left_early_loading_moderate_ice_preregistered_v0,pair_003,positive,left,right,none,2,856,1202,856,,,[],0.003907840698957443,True,,,,0,0,10,12,False
positive_0p10_left_early_loading_moderate_ice_preregistered_v0,pair_003,positive,left,right,none,3,1454,1791,1454,,,[],0.004812322556972504,True,,,,0,0,10,10,False
positive_0p10_left_early_loading_moderate_ice_preregistered_v0,pair_003,positive,left,right,none,4,2050,2386,2050,,,[],0.0047209556214511395,True,,,,0,0,10,10,False
positive_0p10_left_early_loading_moderate_ice_preregistered_v0,pair_003,positive,left,right,none,5,2650,2985,2650,,,[],0.0049969847314059734,True,,,,0,0,10,10,False
control_0p10_left_early_loading_moderate_ice_preregistered_v0,pair_003,control,left,left,none,0,36,243,36,,,[],0.0013557551428675652,True,,,,0,0,10,13,False
control_0p10_left_early_loading_moderate_ice_preregistered_v0,pair_003,control,left,left,none,1,563,908,563,,,[],0.0020174244418740273,True,,,,0,0,10,12,False
control_0p10_left_early_loading_moderate_ice_preregistered_v0,pair_003,control,left,left,none,2,1152,1489,1152,,,[],0.0015437700785696507,True,,,,0,0,10,10,False
control_0p10_left_early_loading_moderate_ice_preregistered_v0,pair_003,control,left,left,none,3,1755,2087,1755,,,[],0.0017938597593456507,True,,,,0,0,10,10,False
control_0p10_left_early_loading_moderate_ice_preregistered_v0,pair_003,control,left,left,none,4,2351,2687,2351,,,[],0.0017439017537981272,True,,,,0,0,10,10,False
control_0p10_left_early_loading_moderate_ice_preregistered_v0,pair_003,control,left,left,none,5,2950,3000,2950,,,[],0.00175916263833642,True,,,,0,0,10,10,False
control_0p10_left_early_loading_moderate_ice_preregistered_v0,pair_003,control,left,right,none,0,43,89,43,,,[],0.0019413311965763569,True,,,,0,0,10,19,False
control_0p10_left_early_loading_moderate_ice_preregistered_v0,pair_003,control,left,right,none,1,199,604,199,,,[],0.006401648744940758,True,,,,0,0,10,10,False
control_0p10_left_early_loading_moderate_ice_preregistered_v0,pair_003,control,left,right,none,2,856,1202,856,,,[],0.003907840698957443,True,,,,0,0,10,12,False
control_0p10_left_early_loading_moderate_ice_preregistered_v0,pair_003,control,left,right,none,3,1454,1791,1454,,,[],0.004812322556972504,True,,,,0,0,10,10,False
control_0p10_left_early_loading_moderate_ice_preregistered_v0,pair_003,control,left,right,none,4,2050,2386,2050,,,[],0.0047209556214511395,True,,,,0,0,10,10,False
control_0p10_left_early_loading_moderate_ice_preregistered_v0,pair_003,control,left,right,none,5,2650,2985,2650,,,[],0.0049969847314059734,True,,,,0,0,10,10,False
positive_0p10_left_early_loading_moderate_ice_preregistered_v1,pair_004,positive,left,left,none,0,39,89,39,,,[],0.000674561015330255,True,,,,0,0,10,19,False
positive_0p10_left_early_loading_moderate_ice_preregistered_v1,pair_004,positive,left,left,none,1,304,684,304,,,[],0.007934007793664932,True,,,,0,0,10,13,False
positive_0p10_left_early_loading_moderate_ice_preregistered_v1,pair_004,positive,left,left,none,2,944,1296,944,,,[],0.0015847411705181003,True,,,,0,0,10,10,False
positive_0p10_left_early_loading_moderate_ice_preregistered_v1,pair_004,positive,left,left,none,3,1553,1887,1553,,,[],0.0012035529362037778,True,,,,0,0,10,15,False
positive_0p10_left_early_loading_moderate_ice_preregistered_v1,pair_004,positive,left,left,none,4,2151,2486,2151,,,[],0.0015434229280799627,True,,,,0,0,10,15,False
positive_0p10_left_early_loading_moderate_ice_preregistered_v1,pair_004,positive,left,left,none,5,2748,3000,2748,,,[],0.0016355046536773443,True,,,,0,0,10,10,False
positive_0p10_left_early_loading_moderate_ice_preregistered_v1,pair_004,positive,left,right,none,0,37,328,37,,,[],0.002955015981569886,True,,,,0,0,10,10,False
positive_0p10_left_early_loading_moderate_ice_preregistered_v1,pair_004,positive,left,right,none,1,641,984,641,,,[],0.004768069367855787,True,,,,0,0,10,10,False
positive_0p10_left_early_loading_moderate_ice_preregistered_v1,pair_004,positive,left,right,none,2,1252,1601,1252,,,[],0.004625913221389055,True,,,,0,0,10,11,False
positive_0p10_left_early_loading_moderate_ice_preregistered_v1,pair_004,positive,left,right,none,3,1849,2187,1849,,,[],0.004637025762349367,True,,,,0,0,10,10,False
positive_0p10_left_early_loading_moderate_ice_preregistered_v1,pair_004,positive,left,right,none,4,2448,2785,2448,,,[],0.004566912539303303,True,,,,0,0,10,10,False
control_0p10_left_early_loading_moderate_ice_preregistered_v1,pair_004,control,left,left,none,0,39,89,39,,,[],0.000674561015330255,True,,,,0,0,10,19,False
control_0p10_left_early_loading_moderate_ice_preregistered_v1,pair_004,control,left,left,none,1,304,684,304,,,[],0.007934007793664932,True,,,,0,0,10,13,False
control_0p10_left_early_loading_moderate_ice_preregistered_v1,pair_004,control,left,left,none,2,944,1296,944,,,[],0.0015847411705181003,True,,,,0,0,10,10,False
control_0p10_left_early_loading_moderate_ice_preregistered_v1,pair_004,control,left,left,none,3,1553,1887,1553,,,[],0.0012035529362037778,True,,,,0,0,10,15,False
control_0p10_left_early_loading_moderate_ice_preregistered_v1,pair_004,control,left,left,none,4,2151,2486,2151,,,[],0.0015434229280799627,True,,,,0,0,10,15,False
control_0p10_left_early_loading_moderate_ice_preregistered_v1,pair_004,control,left,left,none,5,2748,3000,2748,,,[],0.0016355046536773443,True,,,,0,0,10,10,False
control_0p10_left_early_loading_moderate_ice_preregistered_v1,pair_004,control,left,right,none,0,37,328,37,,,[],0.002955015981569886,True,,,,0,0,10,10,False
control_0p10_left_early_loading_moderate_ice_preregistered_v1,pair_004,control,left,right,none,1,641,984,641,,,[],0.004768069367855787,True,,,,0,0,10,10,False
control_0p10_left_early_loading_moderate_ice_preregistered_v1,pair_004,control,left,right,none,2,1252,1601,1252,,,[],0.004625913221389055,True,,,,0,0,10,11,False
control_0p10_left_early_loading_moderate_ice_preregistered_v1,pair_004,control,left,right,none,3,1849,2187,1849,,,[],0.004637025762349367,True,,,,0,0,10,10,False
control_0p10_left_early_loading_moderate_ice_preregistered_v1,pair_004,control,left,right,none,4,2448,2785,2448,,,[],0.004566912539303303,True,,,,0,0,10,10,False
positive_0p10_left_early_loading_moderate_ice_preregistered_v2,pair_005,positive,left,left,none,0,44,402,44,,,[],0.005536844953894615,True,,,,0,0,10,12,False
positive_0p10_left_early_loading_moderate_ice_preregistered_v2,pair_005,positive,left,left,none,1,706,1044,706,,,[],0.0014404660323634744,True,,,,0,0,10,12,False
positive_0p10_left_early_loading_moderate_ice_preregistered_v2,pair_005,positive,left,left,none,2,1291,1640,1291,,,[],0.0014018170768395066,True,,,,0,0,10,10,False
positive_0p10_left_early_loading_moderate_ice_preregistered_v2,pair_005,positive,left,left,none,3,1899,2231,1899,,,[],0.0014325339579954743,True,,,,0,0,10,10,False
positive_0p10_left_early_loading_moderate_ice_preregistered_v2,pair_005,positive,left,left,none,4,2496,2832,2496,,,[],0.0014344325754791498,True,,,,0,0,10,10,False
positive_0p10_left_early_loading_moderate_ice_preregistered_v2,pair_005,positive,left,right,none,0,34,153,34,,,[],0.0009941871976479888,True,,,,0,0,10,10,False
positive_0p10_left_early_loading_moderate_ice_preregistered_v2,pair_005,positive,left,right,none,1,368,745,368,,,[],0.008003970608115196,True,,,,0,0,10,10,False
positive_0p10_left_early_loading_moderate_ice_preregistered_v2,pair_005,positive,left,right,none,2,995,1328,995,,,[],0.0038963749539107084,True,,,,0,0,10,10,False
positive_0p10_left_early_loading_moderate_ice_preregistered_v2,pair_005,positive,left,right,none,3,1336,1340,1336,,,[],0.00045274387230165303,False,,,,0,0,4,4,False
positive_0p10_left_early_loading_moderate_ice_preregistered_v2,pair_005,positive,left,right,none,4,1599,1943,1599,,,[],0.004388279281556606,True,,,,0,0,10,10,False
positive_0p10_left_early_loading_moderate_ice_preregistered_v2,pair_005,positive,left,right,none,5,2193,2535,2193,,,[],0.005162886343896389,True,,,,0,0,10,10,False
positive_0p10_left_early_loading_moderate_ice_preregistered_v2,pair_005,positive,left,right,none,6,2538,2541,2538,,,[],0.0001594525238033384,False,,,,0,0,3,3,False
positive_0p10_left_early_loading_moderate_ice_preregistered_v2,pair_005,positive,left,right,none,7,2795,3000,2795,,,[],0.004429315682500601,True,,,,0,0,10,10,False
control_0p10_left_early_loading_moderate_ice_preregistered_v2,pair_005,control,left,left,none,0,44,402,44,,,[],0.005536844953894615,True,,,,0,0,10,12,False
control_0p10_left_early_loading_moderate_ice_preregistered_v2,pair_005,control,left,left,none,1,706,1044,706,,,[],0.0014404660323634744,True,,,,0,0,10,12,False
control_0p10_left_early_loading_moderate_ice_preregistered_v2,pair_005,control,left,left,none,2,1291,1640,1291,,,[],0.0014018170768395066,True,,,,0,0,10,10,False
control_0p10_left_early_loading_moderate_ice_preregistered_v2,pair_005,control,left,left,none,3,1899,2231,1899,,,[],0.0014325339579954743,True,,,,0,0,10,10,False
control_0p10_left_early_loading_moderate_ice_preregistered_v2,pair_005,control,left,left,none,4,2496,2832,2496,,,[],0.0014344325754791498,True,,,,0,0,10,10,False
control_0p10_left_early_loading_moderate_ice_preregistered_v2,pair_005,control,left,right,none,0,34,153,34,,,[],0.0009941871976479888,True,,,,0,0,10,10,False
control_0p10_left_early_loading_moderate_ice_preregistered_v2,pair_005,control,left,right,none,1,368,745,368,,,[],0.008003970608115196,True,,,,0,0,10,10,False
control_0p10_left_early_loading_moderate_ice_preregistered_v2,pair_005,control,left,right,none,2,995,1328,995,,,[],0.0038963749539107084,True,,,,0,0,10,10,False
control_0p10_left_early_loading_moderate_ice_preregistered_v2,pair_005,control,left,right,none,3,1336,1340,1336,,,[],0.00045274387230165303,False,,,,0,0,4,4,False
control_0p10_left_early_loading_moderate_ice_preregistered_v2,pair_005,control,left,right,none,4,1599,1943,1599,,,[],0.004388279281556606,True,,,,0,0,10,10,False
control_0p10_left_early_loading_moderate_ice_preregistered_v2,pair_005,control,left,right,none,5,2193,2535,2193,,,[],0.005162886343896389,True,,,,0,0,10,10,False
control_0p10_left_early_loading_moderate_ice_preregistered_v2,pair_005,control,left,right,none,6,2538,2541,2538,,,[],0.0001594525238033384,False,,,,0,0,3,3,False
control_0p10_left_early_loading_moderate_ice_preregistered_v2,pair_005,control,left,right,none,7,2795,3000,2795,,,[],0.004429315682500601,True,,,,0,0,10,10,False
positive_0p10_left_mid_loading_early_stance_native_strong_ice_v0,pair_006,positive,left,left,none,0,36,243,36,,,[],0.0013876736629754305,True,,,,0,0,10,13,False
positive_0p10_left_mid_loading_early_stance_native_strong_ice_v0,pair_006,positive,left,left,none,1,563,908,563,,,[],0.0020355968736112118,True,,,,0,0,10,12,False
positive_0p10_left_mid_loading_early_stance_native_strong_ice_v0,pair_006,positive,left,left,none,2,1152,1489,1152,,,[],0.0015472706872969866,True,,,,0,0,10,10,False
positive_0p10_left_mid_loading_early_stance_native_strong_ice_v0,pair_006,positive,left,left,none,3,1755,2087,1755,,,[],0.0017948063323274255,True,,,,0,0,10,10,False
positive_0p10_left_mid_loading_early_stance_native_strong_ice_v0,pair_006,positive,left,left,none,4,2351,2687,2351,,,[],0.0017447484424337745,True,,,,0,0,10,10,False
positive_0p10_left_mid_loading_early_stance_native_strong_ice_v0,pair_006,positive,left,left,none,5,2950,3000,2950,,,[],0.0017593874363228679,True,,,,0,0,10,10,False
positive_0p10_left_mid_loading_early_stance_native_strong_ice_v0,pair_006,positive,left,right,none,0,43,89,43,,,[],0.0019468243699520826,True,,,,0,0,10,19,False
positive_0p10_left_mid_loading_early_stance_native_strong_ice_v0,pair_006,positive,left,right,none,1,199,604,199,,,[],0.006417825352400541,True,,,,0,0,10,10,False
positive_0p10_left_mid_loading_early_stance_native_strong_ice_v0,pair_006,positive,left,right,none,2,856,1202,856,,,[],0.003923503682017326,True,,,,0,0,10,12,False
positive_0p10_left_mid_loading_early_stance_native_strong_ice_v0,pair_006,positive,left,right,none,3,1454,1791,1454,,,[],0.004812607076019049,True,,,,0,0,10,10,False
positive_0p10_left_mid_loading_early_stance_native_strong_ice_v0,pair_006,positive,left,right,none,4,2050,2386,2050,,,[],0.00472209881991148,True,,,,0,0,10,10,False
positive_0p10_left_mid_loading_early_stance_native_strong_ice_v0,pair_006,positive,left,right,none,5,2650,2985,2650,,,[],0.004997010342776775,True,,,,0,0,10,10,False
control_0p10_left_mid_loading_early_stance_native_strong_ice_v0,pair_006,control,left,left,none,0,36,243,36,,,[],0.0013876736629754305,True,,,,0,0,10,13,False
control_0p10_left_mid_loading_early_stance_native_strong_ice_v0,pair_006,control,left,left,none,1,563,908,563,,,[],0.0020355968736112118,True,,,,0,0,10,12,False
control_0p10_left_mid_loading_early_stance_native_strong_ice_v0,pair_006,control,left,left,none,2,1152,1489,1152,,,[],0.0015472706872969866,True,,,,0,0,10,10,False
control_0p10_left_mid_loading_early_stance_native_strong_ice_v0,pair_006,control,left,left,none,3,1755,2087,1755,,,[],0.0017948063323274255,True,,,,0,0,10,10,False
control_0p10_left_mid_loading_early_stance_native_strong_ice_v0,pair_006,control,left,left,none,4,2351,2687,2351,,,[],0.0017447484424337745,True,,,,0,0,10,10,False
control_0p10_left_mid_loading_early_stance_native_strong_ice_v0,pair_006,control,left,left,none,5,2950,3000,2950,,,[],0.0017593874363228679,True,,,,0,0,10,10,False
control_0p10_left_mid_loading_early_stance_native_strong_ice_v0,pair_006,control,left,right,none,0,43,89,43,,,[],0.0019468243699520826,True,,,,0,0,10,19,False
control_0p10_left_mid_loading_early_stance_native_strong_ice_v0,pair_006,control,left,right,none,1,199,604,199,,,[],0.006417825352400541,True,,,,0,0,10,10,False
control_0p10_left_mid_loading_early_stance_native_strong_ice_v0,pair_006,control,left,right,none,2,856,1202,856,,,[],0.003923503682017326,True,,,,0,0,10,12,False
control_0p10_left_mid_loading_early_stance_native_strong_ice_v0,pair_006,control,left,right,none,3,1454,1791,1454,,,[],0.004812607076019049,True,,,,0,0,10,10,False
control_0p10_left_mid_loading_early_stance_native_strong_ice_v0,pair_006,control,left,right,none,4,2050,2386,2050,,,[],0.00472209881991148,True,,,,0,0,10,10,False
control_0p10_left_mid_loading_early_stance_native_strong_ice_v0,pair_006,control,left,right,none,5,2650,2985,2650,,,[],0.004997010342776775,True,,,,0,0,10,10,False
positive_0p10_left_mid_loading_early_stance_native_strong_ice_v1,pair_007,positive,left,left,none,0,39,89,39,,,[],0.0006748225423507392,True,,,,0,0,10,19,False
positive_0p10_left_mid_loading_early_stance_native_strong_ice_v1,pair_007,positive,left,left,none,1,304,684,304,,,[],0.007925821468234062,True,,,,0,0,10,13,False
positive_0p10_left_mid_loading_early_stance_native_strong_ice_v1,pair_007,positive,left,left,none,2,944,1296,944,,,[],0.001588647486642003,True,,,,0,0,10,10,False
positive_0p10_left_mid_loading_early_stance_native_strong_ice_v1,pair_007,positive,left,left,none,3,1553,1887,1553,,,[],0.0012031055521219969,True,,,,0,0,10,15,False
positive_0p10_left_mid_loading_early_stance_native_strong_ice_v1,pair_007,positive,left,left,none,4,2151,2486,2151,,,[],0.0015408779727295041,True,,,,0,0,10,15,False
positive_0p10_left_mid_loading_early_stance_native_strong_ice_v1,pair_007,positive,left,left,none,5,2748,3000,2748,,,[],0.0016247349558398128,True,,,,0,0,10,10,False
positive_0p10_left_mid_loading_early_stance_native_strong_ice_v1,pair_007,positive,left,right,none,0,37,328,37,,,[],0.002952850889414549,True,,,,0,0,10,10,False
positive_0p10_left_mid_loading_early_stance_native_strong_ice_v1,pair_007,positive,left,right,none,1,641,984,641,,,[],0.004770311992615461,True,,,,0,0,10,10,False
positive_0p10_left_mid_loading_early_stance_native_strong_ice_v1,pair_007,positive,left,right,none,2,1252,1601,1252,,,[],0.004626224748790264,True,,,,0,0,10,11,False
positive_0p10_left_mid_loading_early_stance_native_strong_ice_v1,pair_007,positive,left,right,none,3,1849,2187,1849,,,[],0.0046344720758497715,True,,,,0,0,10,10,False
positive_0p10_left_mid_loading_early_stance_native_strong_ice_v1,pair_007,positive,left,right,none,4,2447,2785,2447,,,[],0.004938222002238035,True,,,,0,0,10,10,False
control_0p10_left_mid_loading_early_stance_native_strong_ice_v1,pair_007,control,left,left,none,0,39,89,39,,,[],0.0006748225423507392,True,,,,0,0,10,19,False
control_0p10_left_mid_loading_early_stance_native_strong_ice_v1,pair_007,control,left,left,none,1,304,684,304,,,[],0.007925821468234062,True,,,,0,0,10,13,False
control_0p10_left_mid_loading_early_stance_native_strong_ice_v1,pair_007,control,left,left,none,2,944,1296,944,,,[],0.001588647486642003,True,,,,0,0,10,10,False
control_0p10_left_mid_loading_early_stance_native_strong_ice_v1,pair_007,control,left,left,none,3,1553,1887,1553,,,[],0.0012031055521219969,True,,,,0,0,10,15,False
control_0p10_left_mid_loading_early_stance_native_strong_ice_v1,pair_007,control,left,left,none,4,2151,2486,2151,,,[],0.0015408779727295041,True,,,,0,0,10,15,False
control_0p10_left_mid_loading_early_stance_native_strong_ice_v1,pair_007,control,left,left,none,5,2748,3000,2748,,,[],0.0016247349558398128,True,,,,0,0,10,10,False
control_0p10_left_mid_loading_early_stance_native_strong_ice_v1,pair_007,control,left,right,none,0,37,328,37,,,[],0.002952850889414549,True,,,,0,0,10,10,False
control_0p10_left_mid_loading_early_stance_native_strong_ice_v1,pair_007,control,left,right,none,1,641,984,641,,,[],0.004770311992615461,True,,,,0,0,10,10,False
control_0p10_left_mid_loading_early_stance_native_strong_ice_v1,pair_007,control,left,right,none,2,1252,1601,1252,,,[],0.004626224748790264,True,,,,0,0,10,11,False
control_0p10_left_mid_loading_early_stance_native_strong_ice_v1,pair_007,control,left,right,none,3,1849,2187,1849,,,[],0.0046344720758497715,True,,,,0,0,10,10,False
control_0p10_left_mid_loading_early_stance_native_strong_ice_v1,pair_007,control,left,right,none,4,2447,2785,2447,,,[],0.004938222002238035,True,,,,0,0,10,10,False
positive_0p10_left_mid_loading_early_stance_native_strong_ice_v2,pair_008,positive,left,left,none,0,44,402,44,,,[],0.0055402289144694805,True,,,,0,0,10,12,False
positive_0p10_left_mid_loading_early_stance_native_strong_ice_v2,pair_008,positive,left,left,none,1,706,1044,706,,,[],0.0014411460142582655,True,,,,0,0,10,12,False
positive_0p10_left_mid_loading_early_stance_native_strong_ice_v2,pair_008,positive,left,left,none,2,1291,1640,1291,,,[],0.0013492016587406397,True,,,,0,0,10,10,False
positive_0p10_left_mid_loading_early_stance_native_strong_ice_v2,pair_008,positive,left,left,none,3,1899,2231,1899,,,[],0.001453596050851047,True,,,,0,0,10,10,False
positive_0p10_left_mid_loading_early_stance_native_strong_ice_v2,pair_008,positive,left,left,none,4,2496,2832,2496,,,[],0.0015624732477590442,True,,,,0,0,10,10,False
positive_0p10_left_mid_loading_early_stance_native_strong_ice_v2,pair_008,positive,left,right,none,0,34,153,34,,,[],0.0009959498420357704,True,,,,0,0,10,10,False
positive_0p10_left_mid_loading_early_stance_native_strong_ice_v2,pair_008,positive,left,right,none,1,368,745,368,,,[],0.008004220202565193,True,,,,0,0,10,10,False
positive_0p10_left_mid_loading_early_stance_native_strong_ice_v2,pair_008,positive,left,right,none,2,995,1328,995,,,[],0.003939957357943058,True,,,,0,0,10,10,False
positive_0p10_left_mid_loading_early_stance_native_strong_ice_v2,pair_008,positive,left,right,none,3,1336,1341,1336,,,[],0.0006276622880250216,False,,,,0,0,5,5,False
positive_0p10_left_mid_loading_early_stance_native_strong_ice_v2,pair_008,positive,left,right,none,4,1599,1943,1599,,,[],0.0044970023445785046,True,,,,0,0,10,10,False
positive_0p10_left_mid_loading_early_stance_native_strong_ice_v2,pair_008,positive,left,right,none,5,2193,2535,2193,,,[],0.005167457275092602,True,,,,0,0,10,10,False
positive_0p10_left_mid_loading_early_stance_native_strong_ice_v2,pair_008,positive,left,right,none,6,2538,2541,2538,,,[],0.0001601627009222284,False,,,,0,0,3,3,False
positive_0p10_left_mid_loading_early_stance_native_strong_ice_v2,pair_008,positive,left,right,none,7,2795,3000,2795,,,[],0.0044049047864973545,True,,,,0,0,10,10,False
control_0p10_left_mid_loading_early_stance_native_strong_ice_v2,pair_008,control,left,left,none,0,44,402,44,,,[],0.0055402289144694805,True,,,,0,0,10,12,False
control_0p10_left_mid_loading_early_stance_native_strong_ice_v2,pair_008,control,left,left,none,1,706,1044,706,,,[],0.0014411460142582655,True,,,,0,0,10,12,False
control_0p10_left_mid_loading_early_stance_native_strong_ice_v2,pair_008,control,left,left,none,2,1291,1640,1291,,,[],0.0013492016587406397,True,,,,0,0,10,10,False
control_0p10_left_mid_loading_early_stance_native_strong_ice_v2,pair_008,control,left,left,none,3,1899,2231,1899,,,[],0.001453596050851047,True,,,,0,0,10,10,False
control_0p10_left_mid_loading_early_stance_native_strong_ice_v2,pair_008,control,left,left,none,4,2496,2832,2496,,,[],0.0015624732477590442,True,,,,0,0,10,10,False
control_0p10_left_mid_loading_early_stance_native_strong_ice_v2,pair_008,control,left,right,none,0,34,153,34,,,[],0.0009959498420357704,True,,,,0,0,10,10,False
control_0p10_left_mid_loading_early_stance_native_strong_ice_v2,pair_008,control,left,right,none,1,368,745,368,,,[],0.008004220202565193,True,,,,0,0,10,10,False
control_0p10_left_mid_loading_early_stance_native_strong_ice_v2,pair_008,control,left,right,none,2,995,1328,995,,,[],0.003939957357943058,True,,,,0,0,10,10,False
control_0p10_left_mid_loading_early_stance_native_strong_ice_v2,pair_008,control,left,right,none,3,1336,1341,1336,,,[],0.0006276622880250216,False,,,,0,0,5,5,False
control_0p10_left_mid_loading_early_stance_native_strong_ice_v2,pair_008,control,left,right,none,4,1599,1943,1599,,,[],0.0044970023445785046,True,,,,0,0,10,10,False
control_0p10_left_mid_loading_early_stance_native_strong_ice_v2,pair_008,control,left,right,none,5,2193,2535,2193,,,[],0.005167457275092602,True,,,,0,0,10,10,False
control_0p10_left_mid_loading_early_stance_native_strong_ice_v2,pair_008,control,left,right,none,6,2538,2541,2538,,,[],0.0001601627009222284,False,,,,0,0,3,3,False
control_0p10_left_mid_loading_early_stance_native_strong_ice_v2,pair_008,control,left,right,none,7,2795,3000,2795,,,[],0.0044049047864973545,True,,,,0,0,10,10,False
positive_0p10_left_mid_loading_early_stance_moderate_ice_preregistered_v0,pair_009,positive,left,left,none,0,36,243,36,,,[],0.0013766480842605233,True,,,,0,0,10,13,False
positive_0p10_left_mid_loading_early_stance_moderate_ice_preregistered_v0,pair_009,positive,left,left,none,1,563,908,563,,,[],0.002049766480922699,True,,,,0,0,10,12,False
positive_0p10_left_mid_loading_early_stance_moderate_ice_preregistered_v0,pair_009,positive,left,left,none,2,1152,1489,1152,,,[],0.0015451975632458925,True,,,,0,0,10,10,False
positive_0p10_left_mid_loading_early_stance_moderate_ice_preregistered_v0,pair_009,positive,left,left,none,3,1755,2087,1755,,,[],0.0017938821110874414,True,,,,0,0,10,10,False
positive_0p10_left_mid_loading_early_stance_moderate_ice_preregistered_v0,pair_009,positive,left,left,none,4,2351,2687,2351,,,[],0.0017444678815081716,True,,,,0,0,10,10,False
positive_0p10_left_mid_loading_early_stance_moderate_ice_preregistered_v0,pair_009,positive,left,left,none,5,2950,3000,2950,,,[],0.001759260194376111,True,,,,0,0,10,10,False
positive_0p10_left_mid_loading_early_stance_moderate_ice_preregistered_v0,pair_009,positive,left,right,none,0,43,89,43,,,[],0.0019443042110651731,True,,,,0,0,10,19,False
positive_0p10_left_mid_loading_early_stance_moderate_ice_preregistered_v0,pair_009,positive,left,right,none,1,199,604,199,,,[],0.0064021991565823555,True,,,,0,0,10,10,False
positive_0p10_left_mid_loading_early_stance_moderate_ice_preregistered_v0,pair_009,positive,left,right,none,2,856,1202,856,,,[],0.0039150286465883255,True,,,,0,0,10,12,False
positive_0p10_left_mid_loading_early_stance_moderate_ice_preregistered_v0,pair_009,positive,left,right,none,3,1454,1791,1454,,,[],0.00481256702914834,True,,,,0,0,10,10,False
positive_0p10_left_mid_loading_early_stance_moderate_ice_preregistered_v0,pair_009,positive,left,right,none,4,2050,2386,2050,,,[],0.004721653647720814,True,,,,0,0,10,10,False
positive_0p10_left_mid_loading_early_stance_moderate_ice_preregistered_v0,pair_009,positive,left,right,none,5,2650,2985,2650,,,[],0.004996950738132,True,,,,0,0,10,10,False
control_0p10_left_mid_loading_early_stance_moderate_ice_preregistered_v0,pair_009,control,left,left,none,0,36,243,36,,,[],0.0013766480842605233,True,,,,0,0,10,13,False
control_0p10_left_mid_loading_early_stance_moderate_ice_preregistered_v0,pair_009,control,left,left,none,1,563,908,563,,,[],0.002049766480922699,True,,,,0,0,10,12,False
control_0p10_left_mid_loading_early_stance_moderate_ice_preregistered_v0,pair_009,control,left,left,none,2,1152,1489,1152,,,[],0.0015451975632458925,True,,,,0,0,10,10,False
control_0p10_left_mid_loading_early_stance_moderate_ice_preregistered_v0,pair_009,control,left,left,none,3,1755,2087,1755,,,[],0.0017938821110874414,True,,,,0,0,10,10,False
control_0p10_left_mid_loading_early_stance_moderate_ice_preregistered_v0,pair_009,control,left,left,none,4,2351,2687,2351,,,[],0.0017444678815081716,True,,,,0,0,10,10,False
control_0p10_left_mid_loading_early_stance_moderate_ice_preregistered_v0,pair_009,control,left,left,none,5,2950,3000,2950,,,[],0.001759260194376111,True,,,,0,0,10,10,False
control_0p10_left_mid_loading_early_stance_moderate_ice_preregistered_v0,pair_009,control,left,right,none,0,43,89,43,,,[],0.0019443042110651731,True,,,,0,0,10,19,False
control_0p10_left_mid_loading_early_stance_moderate_ice_preregistered_v0,pair_009,control,left,right,none,1,199,604,199,,,[],0.0064021991565823555,True,,,,0,0,10,10,False
control_0p10_left_mid_loading_early_stance_moderate_ice_preregistered_v0,pair_009,control,left,right,none,2,856,1202,856,,,[],0.0039150286465883255,True,,,,0,0,10,12,False
control_0p10_left_mid_loading_early_stance_moderate_ice_preregistered_v0,pair_009,control,left,right,none,3,1454,1791,1454,,,[],0.00481256702914834,True,,,,0,0,10,10,False
control_0p10_left_mid_loading_early_stance_moderate_ice_preregistered_v0,pair_009,control,left,right,none,4,2050,2386,2050,,,[],0.004721653647720814,True,,,,0,0,10,10,False
control_0p10_left_mid_loading_early_stance_moderate_ice_preregistered_v0,pair_009,control,left,right,none,5,2650,2985,2650,,,[],0.004996950738132,True,,,,0,0,10,10,False
positive_0p10_left_mid_loading_early_stance_moderate_ice_preregistered_v1,pair_010,positive,left,left,none,0,39,89,39,,,[],0.00067505071638152,True,,,,0,0,10,19,False
positive_0p10_left_mid_loading_early_stance_moderate_ice_preregistered_v1,pair_010,positive,left,left,none,1,304,684,304,,,[],0.007920539006590843,True,,,,0,0,10,13,False
positive_0p10_left_mid_loading_early_stance_moderate_ice_preregistered_v1,pair_010,positive,left,left,none,2,944,1296,944,,,[],0.0015911627560853958,True,,,,0,0,10,10,False
positive_0p10_left_mid_loading_early_stance_moderate_ice_preregistered_v1,pair_010,positive,left,left,none,3,1553,1887,1553,,,[],0.0012028225464746356,True,,,,0,0,10,15,False
positive_0p10_left_mid_loading_early_stance_moderate_ice_preregistered_v1,pair_010,positive,left,left,none,4,2151,2486,2151,,,[],0.0015401627169921994,True,,,,0,0,10,15,False
positive_0p10_left_mid_loading_early_stance_moderate_ice_preregistered_v1,pair_010,positive,left,left,none,5,2748,3000,2748,,,[],0.0016307961195707321,True,,,,0,0,10,10,False
positive_0p10_left_mid_loading_early_stance_moderate_ice_preregistered_v1,pair_010,positive,left,right,none,0,37,328,37,,,[],0.0029514553025364876,True,,,,0,0,10,10,False
positive_0p10_left_mid_loading_early_stance_moderate_ice_preregistered_v1,pair_010,positive,left,right,none,1,641,984,641,,,[],0.004771728068590164,True,,,,0,0,10,10,False
positive_0p10_left_mid_loading_early_stance_moderate_ice_preregistered_v1,pair_010,positive,left,right,none,2,1252,1601,1252,,,[],0.004626427311450243,True,,,,0,0,10,11,False
positive_0p10_left_mid_loading_early_stance_moderate_ice_preregistered_v1,pair_010,positive,left,right,none,3,1849,2187,1849,,,[],0.004634125158190727,True,,,,0,0,10,10,False
positive_0p10_left_mid_loading_early_stance_moderate_ice_preregistered_v1,pair_010,positive,left,right,none,4,2448,2785,2448,,,[],0.0045710536651313305,True,,,,0,0,10,10,False
control_0p10_left_mid_loading_early_stance_moderate_ice_preregistered_v1,pair_010,control,left,left,none,0,39,89,39,,,[],0.00067505071638152,True,,,,0,0,10,19,False
control_0p10_left_mid_loading_early_stance_moderate_ice_preregistered_v1,pair_010,control,left,left,none,1,304,684,304,,,[],0.007920539006590843,True,,,,0,0,10,13,False
control_0p10_left_mid_loading_early_stance_moderate_ice_preregistered_v1,pair_010,control,left,left,none,2,944,1296,944,,,[],0.0015911627560853958,True,,,,0,0,10,10,False
control_0p10_left_mid_loading_early_stance_moderate_ice_preregistered_v1,pair_010,control,left,left,none,3,1553,1887,1553,,,[],0.0012028225464746356,True,,,,0,0,10,15,False
control_0p10_left_mid_loading_early_stance_moderate_ice_preregistered_v1,pair_010,control,left,left,none,4,2151,2486,2151,,,[],0.0015401627169921994,True,,,,0,0,10,15,False
control_0p10_left_mid_loading_early_stance_moderate_ice_preregistered_v1,pair_010,control,left,left,none,5,2748,3000,2748,,,[],0.0016307961195707321,True,,,,0,0,10,10,False
control_0p10_left_mid_loading_early_stance_moderate_ice_preregistered_v1,pair_010,control,left,right,none,0,37,328,37,,,[],0.0029514553025364876,True,,,,0,0,10,10,False
control_0p10_left_mid_loading_early_stance_moderate_ice_preregistered_v1,pair_010,control,left,right,none,1,641,984,641,,,[],0.004771728068590164,True,,,,0,0,10,10,False
control_0p10_left_mid_loading_early_stance_moderate_ice_preregistered_v1,pair_010,control,left,right,none,2,1252,1601,1252,,,[],0.004626427311450243,True,,,,0,0,10,11,False
control_0p10_left_mid_loading_early_stance_moderate_ice_preregistered_v1,pair_010,control,left,right,none,3,1849,2187,1849,,,[],0.004634125158190727,True,,,,0,0,10,10,False
control_0p10_left_mid_loading_early_stance_moderate_ice_preregistered_v1,pair_010,control,left,right,none,4,2448,2785,2448,,,[],0.0045710536651313305,True,,,,0,0,10,10,False
positive_0p10_left_mid_loading_early_stance_moderate_ice_preregistered_v2,pair_011,positive,left,left,none,0,44,402,44,,,[],0.005535890348255634,True,,,,0,0,10,12,False
positive_0p10_left_mid_loading_early_stance_moderate_ice_preregistered_v2,pair_011,positive,left,left,none,1,706,1044,706,,,[],0.001440277323126793,True,,,,0,0,10,12,False
positive_0p10_left_mid_loading_early_stance_moderate_ice_preregistered_v2,pair_011,positive,left,left,none,2,1291,1641,1291,,,[],0.001332699554041028,True,,,,0,0,10,11,False
positive_0p10_left_mid_loading_early_stance_moderate_ice_preregistered_v2,pair_011,positive,left,left,none,3,1899,2231,1899,,,[],0.0015898930141702294,True,,,,0,0,10,10,False
positive_0p10_left_mid_loading_early_stance_moderate_ice_preregistered_v2,pair_011,positive,left,left,none,4,2496,2832,2496,,,[],0.0015622163191437721,True,,,,0,0,10,10,False
positive_0p10_left_mid_loading_early_stance_moderate_ice_preregistered_v2,pair_011,positive,left,right,none,0,34,153,34,,,[],0.0009936925489455462,True,,,,0,0,10,10,False
positive_0p10_left_mid_loading_early_stance_moderate_ice_preregistered_v2,pair_011,positive,left,right,none,1,368,745,368,,,[],0.008003904484212399,True,,,,0,0,10,10,False
positive_0p10_left_mid_loading_early_stance_moderate_ice_preregistered_v2,pair_011,positive,left,right,none,2,995,1328,995,,,[],0.0037784099113196135,True,,,,0,0,10,10,False
positive_0p10_left_mid_loading_early_stance_moderate_ice_preregistered_v2,pair_011,positive,left,right,none,3,1336,1340,1336,,,[],0.0004782259638886899,False,,,,0,0,4,4,False
positive_0p10_left_mid_loading_early_stance_moderate_ice_preregistered_v2,pair_011,positive,left,right,none,4,1599,1944,1599,,,[],0.004664093255996704,True,,,,0,0,10,10,False
positive_0p10_left_mid_loading_early_stance_moderate_ice_preregistered_v2,pair_011,positive,left,right,none,5,2193,2536,2193,,,[],0.005167691968381405,True,,,,0,0,10,10,False
positive_0p10_left_mid_loading_early_stance_moderate_ice_preregistered_v2,pair_011,positive,left,right,none,6,2539,2541,2539,,,[],7.928538980195299e-05,False,,,,0,0,2,2,False
positive_0p10_left_mid_loading_early_stance_moderate_ice_preregistered_v2,pair_011,positive,left,right,none,7,2795,3000,2795,,,[],0.004413196351379156,True,,,,0,0,10,10,False
control_0p10_left_mid_loading_early_stance_moderate_ice_preregistered_v2,pair_011,control,left,left,none,0,44,402,44,,,[],0.005535890348255634,True,,,,0,0,10,12,False
control_0p10_left_mid_loading_early_stance_moderate_ice_preregistered_v2,pair_011,control,left,left,none,1,706,1044,706,,,[],0.001440277323126793,True,,,,0,0,10,12,False
control_0p10_left_mid_loading_early_stance_moderate_ice_preregistered_v2,pair_011,control,left,left,none,2,1291,1641,1291,,,[],0.001332699554041028,True,,,,0,0,10,11,False
control_0p10_left_mid_loading_early_stance_moderate_ice_preregistered_v2,pair_011,control,left,left,none,3,1899,2231,1899,,,[],0.0015898930141702294,True,,,,0,0,10,10,False
control_0p10_left_mid_loading_early_stance_moderate_ice_preregistered_v2,pair_011,control,left,left,none,4,2496,2832,2496,,,[],0.0015622163191437721,True,,,,0,0,10,10,False
control_0p10_left_mid_loading_early_stance_moderate_ice_preregistered_v2,pair_011,control,left,right,none,0,34,153,34,,,[],0.0009936925489455462,True,,,,0,0,10,10,False
control_0p10_left_mid_loading_early_stance_moderate_ice_preregistered_v2,pair_011,control,left,right,none,1,368,745,368,,,[],0.008003904484212399,True,,,,0,0,10,10,False
control_0p10_left_mid_loading_early_stance_moderate_ice_preregistered_v2,pair_011,control,left,right,none,2,995,1328,995,,,[],0.0037784099113196135,True,,,,0,0,10,10,False
control_0p10_left_mid_loading_early_stance_moderate_ice_preregistered_v2,pair_011,control,left,right,none,3,1336,1340,1336,,,[],0.0004782259638886899,False,,,,0,0,4,4,False
control_0p10_left_mid_loading_early_stance_moderate_ice_preregistered_v2,pair_011,control,left,right,none,4,1599,1944,1599,,,[],0.004664093255996704,True,,,,0,0,10,10,False
control_0p10_left_mid_loading_early_stance_moderate_ice_preregistered_v2,pair_011,control,left,right,none,5,2193,2536,2193,,,[],0.005167691968381405,True,,,,0,0,10,10,False
control_0p10_left_mid_loading_early_stance_moderate_ice_preregistered_v2,pair_011,control,left,right,none,6,2539,2541,2539,,,[],7.928538980195299e-05,False,,,,0,0,2,2,False
control_0p10_left_mid_loading_early_stance_moderate_ice_preregistered_v2,pair_011,control,left,right,none,7,2795,3000,2795,,,[],0.004413196351379156,True,,,,0,0,10,10,False
positive_0p10_left_mid_late_stance_native_strong_ice_v0,pair_012,positive,left,left,none,0,36,243,36,,,[],0.0013484286610037088,True,,,,0,0,10,13,False
positive_0p10_left_mid_late_stance_native_strong_ice_v0,pair_012,positive,left,left,none,1,563,908,563,,,[],0.002022526226937771,True,,,,0,0,10,12,False
positive_0p10_left_mid_late_stance_native_strong_ice_v0,pair_012,positive,left,left,none,2,1152,1489,1152,,,[],0.0015423268778249621,True,,,,0,0,10,10,False
positive_0p10_left_mid_late_stance_native_strong_ice_v0,pair_012,positive,left,left,none,3,1755,2087,1755,,,[],0.001793623436242342,True,,,,0,0,10,10,False
positive_0p10_left_mid_late_stance_native_strong_ice_v0,pair_012,positive,left,left,none,4,2351,2687,2351,,,[],0.001743623404763639,True,,,,0,0,10,10,False
positive_0p10_left_mid_late_stance_native_strong_ice_v0,pair_012,positive,left,left,none,5,2950,3000,2950,,,[],0.001759003265760839,True,,,,0,0,10,10,False
positive_0p10_left_mid_late_stance_native_strong_ice_v0,pair_012,positive,left,right,none,0,43,89,43,,,[],0.001939845154993236,True,,,,0,0,10,19,False
positive_0p10_left_mid_late_stance_native_strong_ice_v0,pair_012,positive,left,right,none,1,199,604,199,,,[],0.006399702280759811,True,,,,0,0,10,10,False
positive_0p10_left_mid_late_stance_native_strong_ice_v0,pair_012,positive,left,right,none,2,856,1202,856,,,[],0.003900921205058694,True,,,,0,0,10,12,False
positive_0p10_left_mid_late_stance_native_strong_ice_v0,pair_012,positive,left,right,none,3,1454,1791,1454,,,[],0.004811349790543318,True,,,,0,0,10,10,False
positive_0p10_left_mid_late_stance_native_strong_ice_v0,pair_012,positive,left,right,none,4,2050,2386,2050,,,[],0.0047207120805978775,True,,,,0,0,10,10,False
positive_0p10_left_mid_late_stance_native_strong_ice_v0,pair_012,positive,left,right,none,5,2650,2985,2650,,,[],0.004996913950890303,True,,,,0,0,10,10,False
control_0p10_left_mid_late_stance_native_strong_ice_v0,pair_012,control,left,left,none,0,36,243,36,,,[],0.0013484286610037088,True,,,,0,0,10,13,False
control_0p10_left_mid_late_stance_native_strong_ice_v0,pair_012,control,left,left,none,1,563,908,563,,,[],0.002022526226937771,True,,,,0,0,10,12,False
control_0p10_left_mid_late_stance_native_strong_ice_v0,pair_012,control,left,left,none,2,1152,1489,1152,,,[],0.0015423268778249621,True,,,,0,0,10,10,False
control_0p10_left_mid_late_stance_native_strong_ice_v0,pair_012,control,left,left,none,3,1755,2087,1755,,,[],0.001793623436242342,True,,,,0,0,10,10,False
control_0p10_left_mid_late_stance_native_strong_ice_v0,pair_012,control,left,left,none,4,2351,2687,2351,,,[],0.001743623404763639,True,,,,0,0,10,10,False
control_0p10_left_mid_late_stance_native_strong_ice_v0,pair_012,control,left,left,none,5,2950,3000,2950,,,[],0.001759003265760839,True,,,,0,0,10,10,False
control_0p10_left_mid_late_stance_native_strong_ice_v0,pair_012,control,left,right,none,0,43,89,43,,,[],0.001939845154993236,True,,,,0,0,10,19,False
control_0p10_left_mid_late_stance_native_strong_ice_v0,pair_012,control,left,right,none,1,199,604,199,,,[],0.006399702280759811,True,,,,0,0,10,10,False
control_0p10_left_mid_late_stance_native_strong_ice_v0,pair_012,control,left,right,none,2,856,1202,856,,,[],0.003900921205058694,True,,,,0,0,10,12,False
control_0p10_left_mid_late_stance_native_strong_ice_v0,pair_012,control,left,right,none,3,1454,1791,1454,,,[],0.004811349790543318,True,,,,0,0,10,10,False
control_0p10_left_mid_late_stance_native_strong_ice_v0,pair_012,control,left,right,none,4,2050,2386,2050,,,[],0.0047207120805978775,True,,,,0,0,10,10,False
control_0p10_left_mid_late_stance_native_strong_ice_v0,pair_012,control,left,right,none,5,2650,2985,2650,,,[],0.004996913950890303,True,,,,0,0,10,10,False
positive_0p10_left_mid_late_stance_native_strong_ice_v1,pair_013,positive,left,left,none,0,39,89,39,,,[],0.0006757608498446643,True,,,,0,0,10,19,False
positive_0p10_left_mid_late_stance_native_strong_ice_v1,pair_013,positive,left,left,none,1,304,684,304,,,[],0.007877731695771217,True,,,,0,0,10,13,False
positive_0p10_left_mid_late_stance_native_strong_ice_v1,pair_013,positive,left,left,none,2,944,1297,944,,,[],0.0016051429556682706,True,,,,0,0,10,10,False
positive_0p10_left_mid_late_stance_native_strong_ice_v1,pair_013,positive,left,left,none,3,1553,1887,1553,,,[],0.0011977037647739053,True,,,,0,0,10,15,False
positive_0p10_left_mid_late_stance_native_strong_ice_v1,pair_013,positive,left,left,none,4,2151,2486,2151,,,[],0.0015472202794626355,True,,,,0,0,10,15,False
positive_0p10_left_mid_late_stance_native_strong_ice_v1,pair_013,positive,left,left,none,5,2748,3000,2748,,,[],0.0016273888759315014,True,,,,0,0,10,10,False
positive_0p10_left_mid_late_stance_native_strong_ice_v1,pair_013,positive,left,right,none,0,37,328,37,,,[],0.002959079807624221,True,,,,0,0,10,10,False
positive_0p10_left_mid_late_stance_native_strong_ice_v1,pair_013,positive,left,right,none,1,641,984,641,,,[],0.004789041355252266,True,,,,0,0,10,10,False
positive_0p10_left_mid_late_stance_native_strong_ice_v1,pair_013,positive,left,right,none,2,1252,1601,1252,,,[],0.0047027068212628365,True,,,,0,0,10,11,False
positive_0p10_left_mid_late_stance_native_strong_ice_v1,pair_013,positive,left,right,none,3,1849,2187,1849,,,[],0.004653641022741795,True,,,,0,0,10,10,False
positive_0p10_left_mid_late_stance_native_strong_ice_v1,pair_013,positive,left,right,none,4,2447,2785,2447,,,[],0.004942356608808041,True,,,,0,0,10,10,False
control_0p10_left_mid_late_stance_native_strong_ice_v1,pair_013,control,left,left,none,0,39,89,39,,,[],0.0006757608498446643,True,,,,0,0,10,19,False
control_0p10_left_mid_late_stance_native_strong_ice_v1,pair_013,control,left,left,none,1,304,684,304,,,[],0.007877731695771217,True,,,,0,0,10,13,False
control_0p10_left_mid_late_stance_native_strong_ice_v1,pair_013,control,left,left,none,2,944,1297,944,,,[],0.0016051429556682706,True,,,,0,0,10,10,False
control_0p10_left_mid_late_stance_native_strong_ice_v1,pair_013,control,left,left,none,3,1553,1887,1553,,,[],0.0011977037647739053,True,,,,0,0,10,15,False
control_0p10_left_mid_late_stance_native_strong_ice_v1,pair_013,control,left,left,none,4,2151,2486,2151,,,[],0.0015472202794626355,True,,,,0,0,10,15,False
control_0p10_left_mid_late_stance_native_strong_ice_v1,pair_013,control,left,left,none,5,2748,3000,2748,,,[],0.0016273888759315014,True,,,,0,0,10,10,False
control_0p10_left_mid_late_stance_native_strong_ice_v1,pair_013,control,left,right,none,0,37,328,37,,,[],0.002959079807624221,True,,,,0,0,10,10,False
control_0p10_left_mid_late_stance_native_strong_ice_v1,pair_013,control,left,right,none,1,641,984,641,,,[],0.004789041355252266,True,,,,0,0,10,10,False
control_0p10_left_mid_late_stance_native_strong_ice_v1,pair_013,control,left,right,none,2,1252,1601,1252,,,[],0.0047027068212628365,True,,,,0,0,10,11,False
control_0p10_left_mid_late_stance_native_strong_ice_v1,pair_013,control,left,right,none,3,1849,2187,1849,,,[],0.004653641022741795,True,,,,0,0,10,10,False
control_0p10_left_mid_late_stance_native_strong_ice_v1,pair_013,control,left,right,none,4,2447,2785,2447,,,[],0.004942356608808041,True,,,,0,0,10,10,False
positive_0p10_left_mid_late_stance_native_strong_ice_v2,pair_014,positive,left,left,none,0,44,402,44,,,[],0.005548645276576281,True,,,,0,0,10,12,False
positive_0p10_left_mid_late_stance_native_strong_ice_v2,pair_014,positive,left,left,none,1,706,1044,706,,,[],0.0014434135518968105,True,,,,0,0,10,12,False
positive_0p10_left_mid_late_stance_native_strong_ice_v2,pair_014,positive,left,left,none,2,1291,1641,1291,,,[],0.0013252130011096597,True,,,,0,0,10,11,False
positive_0p10_left_mid_late_stance_native_strong_ice_v2,pair_014,positive,left,left,none,3,1899,2231,1899,,,[],0.001587643171660602,True,,,,0,0,10,10,False
positive_0p10_left_mid_late_stance_native_strong_ice_v2,pair_014,positive,left,left,none,4,2496,2832,2496,,,[],0.0015592491254210472,True,,,,0,0,10,10,False
positive_0p10_left_mid_late_stance_native_strong_ice_v2,pair_014,positive,left,right,none,0,34,153,34,,,[],0.0010014226427301764,True,,,,0,0,10,10,False
positive_0p10_left_mid_late_stance_native_strong_ice_v2,pair_014,positive,left,right,none,1,368,745,368,,,[],0.00800495408475399,True,,,,0,0,10,10,False
positive_0p10_left_mid_late_stance_native_strong_ice_v2,pair_014,positive,left,right,none,2,995,1328,995,,,[],0.0039121066220104694,True,,,,0,0,10,10,False
positive_0p10_left_mid_late_stance_native_strong_ice_v2,pair_014,positive,left,right,none,3,1336,1340,1336,,,[],0.0004947638371959329,False,,,,0,0,4,4,False
positive_0p10_left_mid_late_stance_native_strong_ice_v2,pair_014,positive,left,right,none,4,1599,1944,1599,,,[],0.004658420104533434,True,,,,0,0,10,10,False
positive_0p10_left_mid_late_stance_native_strong_ice_v2,pair_014,positive,left,right,none,5,2193,2536,2193,,,[],0.005167154595255852,True,,,,0,0,10,10,False
positive_0p10_left_mid_late_stance_native_strong_ice_v2,pair_014,positive,left,right,none,6,2538,2541,2538,,,[],0.00014878467482049018,False,,,,0,0,3,3,False
positive_0p10_left_mid_late_stance_native_strong_ice_v2,pair_014,positive,left,right,none,7,2795,3000,2795,,,[],0.004410695284605026,True,,,,0,0,10,10,False
control_0p10_left_mid_late_stance_native_strong_ice_v2,pair_014,control,left,left,none,0,44,402,44,,,[],0.005548645276576281,True,,,,0,0,10,12,False
control_0p10_left_mid_late_stance_native_strong_ice_v2,pair_014,control,left,left,none,1,706,1044,706,,,[],0.0014434135518968105,True,,,,0,0,10,12,False
control_0p10_left_mid_late_stance_native_strong_ice_v2,pair_014,control,left,left,none,2,1291,1641,1291,,,[],0.0013252130011096597,True,,,,0,0,10,11,False
control_0p10_left_mid_late_stance_native_strong_ice_v2,pair_014,control,left,left,none,3,1899,2231,1899,,,[],0.001587643171660602,True,,,,0,0,10,10,False
control_0p10_left_mid_late_stance_native_strong_ice_v2,pair_014,control,left,left,none,4,2496,2832,2496,,,[],0.0015592491254210472,True,,,,0,0,10,10,False
control_0p10_left_mid_late_stance_native_strong_ice_v2,pair_014,control,left,right,none,0,34,153,34,,,[],0.0010014226427301764,True,,,,0,0,10,10,False
control_0p10_left_mid_late_stance_native_strong_ice_v2,pair_014,control,left,right,none,1,368,745,368,,,[],0.00800495408475399,True,,,,0,0,10,10,False
control_0p10_left_mid_late_stance_native_strong_ice_v2,pair_014,control,left,right,none,2,995,1328,995,,,[],0.0039121066220104694,True,,,,0,0,10,10,False
control_0p10_left_mid_late_stance_native_strong_ice_v2,pair_014,control,left,right,none,3,1336,1340,1336,,,[],0.0004947638371959329,False,,,,0,0,4,4,False
control_0p10_left_mid_late_stance_native_strong_ice_v2,pair_014,control,left,right,none,4,1599,1944,1599,,,[],0.004658420104533434,True,,,,0,0,10,10,False
control_0p10_left_mid_late_stance_native_strong_ice_v2,pair_014,control,left,right,none,5,2193,2536,2193,,,[],0.005167154595255852,True,,,,0,0,10,10,False
control_0p10_left_mid_late_stance_native_strong_ice_v2,pair_014,control,left,right,none,6,2538,2541,2538,,,[],0.00014878467482049018,False,,,,0,0,3,3,False
control_0p10_left_mid_late_stance_native_strong_ice_v2,pair_014,control,left,right,none,7,2795,3000,2795,,,[],0.004410695284605026,True,,,,0,0,10,10,False
positive_0p10_left_mid_late_stance_moderate_ice_preregistered_v0,pair_015,positive,left,left,none,0,36,243,36,,,[],0.0013888535322621465,True,,,,0,0,10,13,False
positive_0p10_left_mid_late_stance_moderate_ice_preregistered_v0,pair_015,positive,left,left,none,1,563,908,563,,,[],0.0020370110869407654,True,,,,0,0,10,12,False
positive_0p10_left_mid_late_stance_moderate_ice_preregistered_v0,pair_015,positive,left,left,none,2,1152,1489,1152,,,[],0.0015473581152036786,True,,,,0,0,10,10,False
positive_0p10_left_mid_late_stance_moderate_ice_preregistered_v0,pair_015,positive,left,left,none,3,1755,2087,1755,,,[],0.0017947896849364042,True,,,,0,0,10,10,False
positive_0p10_left_mid_late_stance_moderate_ice_preregistered_v0,pair_015,positive,left,left,none,4,2351,2687,2351,,,[],0.001744755543768406,True,,,,0,0,10,10,False
positive_0p10_left_mid_late_stance_moderate_ice_preregistered_v0,pair_015,positive,left,left,none,5,2950,3000,2950,,,[],0.0017593838274478912,True,,,,0,0,10,10,False
positive_0p10_left_mid_late_stance_moderate_ice_preregistered_v0,pair_015,positive,left,right,none,0,43,89,43,,,[],0.0019468842074275017,True,,,,0,0,10,19,False
positive_0p10_left_mid_late_stance_moderate_ice_preregistered_v0,pair_015,positive,left,right,none,1,199,604,199,,,[],0.006418141070753336,True,,,,0,0,10,10,False
positive_0p10_left_mid_late_stance_moderate_ice_preregistered_v0,pair_015,positive,left,right,none,2,856,1202,856,,,[],0.003923805896192789,True,,,,0,0,10,12,False
positive_0p10_left_mid_late_stance_moderate_ice_preregistered_v0,pair_015,positive,left,right,none,3,1454,1791,1454,,,[],0.004812648054212332,True,,,,0,0,10,10,False
positive_0p10_left_mid_late_stance_moderate_ice_preregistered_v0,pair_015,positive,left,right,none,4,2050,2386,2050,,,[],0.004722120705991983,True,,,,0,0,10,10,False
positive_0p10_left_mid_late_stance_moderate_ice_preregistered_v0,pair_015,positive,left,right,none,5,2650,2985,2650,,,[],0.0049969847314059734,True,,,,0,0,10,10,False
control_0p10_left_mid_late_stance_moderate_ice_preregistered_v0,pair_015,control,left,left,none,0,36,243,36,,,[],0.0013888535322621465,True,,,,0,0,10,13,False
control_0p10_left_mid_late_stance_moderate_ice_preregistered_v0,pair_015,control,left,left,none,1,563,908,563,,,[],0.0020370110869407654,True,,,,0,0,10,12,False
control_0p10_left_mid_late_stance_moderate_ice_preregistered_v0,pair_015,control,left,left,none,2,1152,1489,1152,,,[],0.0015473581152036786,True,,,,0,0,10,10,False
control_0p10_left_mid_late_stance_moderate_ice_preregistered_v0,pair_015,control,left,left,none,3,1755,2087,1755,,,[],0.0017947896849364042,True,,,,0,0,10,10,False
control_0p10_left_mid_late_stance_moderate_ice_preregistered_v0,pair_015,control,left,left,none,4,2351,2687,2351,,,[],0.001744755543768406,True,,,,0,0,10,10,False
control_0p10_left_mid_late_stance_moderate_ice_preregistered_v0,pair_015,control,left,left,none,5,2950,3000,2950,,,[],0.0017593838274478912,True,,,,0,0,10,10,False
control_0p10_left_mid_late_stance_moderate_ice_preregistered_v0,pair_015,control,left,right,none,0,43,89,43,,,[],0.0019468842074275017,True,,,,0,0,10,19,False
control_0p10_left_mid_late_stance_moderate_ice_preregistered_v0,pair_015,control,left,right,none,1,199,604,199,,,[],0.006418141070753336,True,,,,0,0,10,10,False
control_0p10_left_mid_late_stance_moderate_ice_preregistered_v0,pair_015,control,left,right,none,2,856,1202,856,,,[],0.003923805896192789,True,,,,0,0,10,12,False
control_0p10_left_mid_late_stance_moderate_ice_preregistered_v0,pair_015,control,left,right,none,3,1454,1791,1454,,,[],0.004812648054212332,True,,,,0,0,10,10,False
control_0p10_left_mid_late_stance_moderate_ice_preregistered_v0,pair_015,control,left,right,none,4,2050,2386,2050,,,[],0.004722120705991983,True,,,,0,0,10,10,False
control_0p10_left_mid_late_stance_moderate_ice_preregistered_v0,pair_015,control,left,right,none,5,2650,2985,2650,,,[],0.0049969847314059734,True,,,,0,0,10,10,False
positive_0p10_left_mid_late_stance_moderate_ice_preregistered_v1,pair_016,positive,left,left,none,0,39,89,39,,,[],0.0006756300572305918,True,,,,0,0,10,19,False
positive_0p10_left_mid_late_stance_moderate_ice_preregistered_v1,pair_016,positive,left,left,none,1,304,684,304,,,[],0.007879665121436119,True,,,,0,0,10,13,False
positive_0p10_left_mid_late_stance_moderate_ice_preregistered_v1,pair_016,positive,left,left,none,2,944,1297,944,,,[],0.0016041002236306667,True,,,,0,0,10,10,False
positive_0p10_left_mid_late_stance_moderate_ice_preregistered_v1,pair_016,positive,left,left,none,3,1553,1887,1553,,,[],0.001197815639898181,True,,,,0,0,10,15,False
positive_0p10_left_mid_late_stance_moderate_ice_preregistered_v1,pair_016,positive,left,left,none,4,2151,2486,2151,,,[],0.0015476070111617446,True,,,,0,0,10,15,False
positive_0p10_left_mid_late_stance_moderate_ice_preregistered_v1,pair_016,positive,left,left,none,5,2748,3000,2748,,,[],0.0016277511604130268,True,,,,0,0,10,10,False
positive_0p10_left_mid_late_stance_moderate_ice_preregistered_v1,pair_016,positive,left,right,none,0,37,328,37,,,[],0.002959605772048235,True,,,,0,0,10,10,False
positive_0p10_left_mid_late_stance_moderate_ice_preregistered_v1,pair_016,positive,left,right,none,1,641,984,641,,,[],0.0047884751111269,True,,,,0,0,10,10,False
positive_0p10_left_mid_late_stance_moderate_ice_preregistered_v1,pair_016,positive,left,right,none,2,1252,1601,1252,,,[],0.004702629055827856,True,,,,0,0,10,11,False
positive_0p10_left_mid_late_stance_moderate_ice_preregistered_v1,pair_016,positive,left,right,none,3,1849,2187,1849,,,[],0.004653998650610447,True,,,,0,0,10,10,False
positive_0p10_left_mid_late_stance_moderate_ice_preregistered_v1,pair_016,positive,left,right,none,4,2447,2785,2447,,,[],0.004942451138049364,True,,,,0,0,10,10,False
control_0p10_left_mid_late_stance_moderate_ice_preregistered_v1,pair_016,control,left,left,none,0,39,89,39,,,[],0.0006756300572305918,True,,,,0,0,10,19,False
control_0p10_left_mid_late_stance_moderate_ice_preregistered_v1,pair_016,control,left,left,none,1,304,684,304,,,[],0.007879665121436119,True,,,,0,0,10,13,False
control_0p10_left_mid_late_stance_moderate_ice_preregistered_v1,pair_016,control,left,left,none,2,944,1297,944,,,[],0.0016041002236306667,True,,,,0,0,10,10,False
control_0p10_left_mid_late_stance_moderate_ice_preregistered_v1,pair_016,control,left,left,none,3,1553,1887,1553,,,[],0.001197815639898181,True,,,,0,0,10,15,False
control_0p10_left_mid_late_stance_moderate_ice_preregistered_v1,pair_016,control,left,left,none,4,2151,2486,2151,,,[],0.0015476070111617446,True,,,,0,0,10,15,False
control_0p10_left_mid_late_stance_moderate_ice_preregistered_v1,pair_016,control,left,left,none,5,2748,3000,2748,,,[],0.0016277511604130268,True,,,,0,0,10,10,False
control_0p10_left_mid_late_stance_moderate_ice_preregistered_v1,pair_016,control,left,right,none,0,37,328,37,,,[],0.002959605772048235,True,,,,0,0,10,10,False
control_0p10_left_mid_late_stance_moderate_ice_preregistered_v1,pair_016,control,left,right,none,1,641,984,641,,,[],0.0047884751111269,True,,,,0,0,10,10,False
control_0p10_left_mid_late_stance_moderate_ice_preregistered_v1,pair_016,control,left,right,none,2,1252,1601,1252,,,[],0.004702629055827856,True,,,,0,0,10,11,False
control_0p10_left_mid_late_stance_moderate_ice_preregistered_v1,pair_016,control,left,right,none,3,1849,2187,1849,,,[],0.004653998650610447,True,,,,0,0,10,10,False
control_0p10_left_mid_late_stance_moderate_ice_preregistered_v1,pair_016,control,left,right,none,4,2447,2785,2447,,,[],0.004942451138049364,True,,,,0,0,10,10,False
positive_0p10_left_mid_late_stance_moderate_ice_preregistered_v2,pair_017,positive,left,left,none,0,44,402,44,,,[],0.005542064551264048,True,,,,0,0,10,12,False
positive_0p10_left_mid_late_stance_moderate_ice_preregistered_v2,pair_017,positive,left,left,none,1,706,1044,706,,,[],0.0014415043406188488,True,,,,0,0,10,12,False
positive_0p10_left_mid_late_stance_moderate_ice_preregistered_v2,pair_017,positive,left,left,none,2,1291,1641,1291,,,[],0.0013419685419648886,True,,,,0,0,10,11,False
positive_0p10_left_mid_late_stance_moderate_ice_preregistered_v2,pair_017,positive,left,left,none,3,1899,2231,1899,,,[],0.0015901064034551382,True,,,,0,0,10,10,False
positive_0p10_left_mid_late_stance_moderate_ice_preregistered_v2,pair_017,positive,left,left,none,4,2496,2832,2496,,,[],0.0015594317810609937,True,,,,0,0,10,10,False
positive_0p10_left_mid_late_stance_moderate_ice_preregistered_v2,pair_017,positive,left,right,none,0,34,153,34,,,[],0.0009969143429771066,True,,,,0,0,10,10,False
positive_0p10_left_mid_late_stance_moderate_ice_preregistered_v2,pair_017,positive,left,right,none,1,368,745,368,,,[],0.008004358038306236,True,,,,0,0,10,10,False
positive_0p10_left_mid_late_stance_moderate_ice_preregistered_v2,pair_017,positive,left,right,none,2,995,1328,995,,,[],0.003977025859057903,True,,,,0,0,10,10,False
positive_0p10_left_mid_late_stance_moderate_ice_preregistered_v2,pair_017,positive,left,right,none,3,1336,1340,1336,,,[],0.0004774022090714425,False,,,,0,0,4,4,False
positive_0p10_left_mid_late_stance_moderate_ice_preregistered_v2,pair_017,positive,left,right,none,4,1599,1944,1599,,,[],0.004659406375139952,True,,,,0,0,10,10,False
positive_0p10_left_mid_late_stance_moderate_ice_preregistered_v2,pair_017,positive,left,right,none,5,2193,2536,2193,,,[],0.005168417934328318,True,,,,0,0,10,10,False
positive_0p10_left_mid_late_stance_moderate_ice_preregistered_v2,pair_017,positive,left,right,none,6,2538,2541,2538,,,[],0.0001480382343288511,False,,,,0,0,3,3,False
positive_0p10_left_mid_late_stance_moderate_ice_preregistered_v2,pair_017,positive,left,right,none,7,2795,3000,2795,,,[],0.004408006556332111,True,,,,0,0,10,10,False
control_0p10_left_mid_late_stance_moderate_ice_preregistered_v2,pair_017,control,left,left,none,0,44,402,44,,,[],0.005542064551264048,True,,,,0,0,10,12,False
control_0p10_left_mid_late_stance_moderate_ice_preregistered_v2,pair_017,control,left,left,none,1,706,1044,706,,,[],0.0014415043406188488,True,,,,0,0,10,12,False
control_0p10_left_mid_late_stance_moderate_ice_preregistered_v2,pair_017,control,left,left,none,2,1291,1641,1291,,,[],0.0013419685419648886,True,,,,0,0,10,11,False
control_0p10_left_mid_late_stance_moderate_ice_preregistered_v2,pair_017,control,left,left,none,3,1899,2231,1899,,,[],0.0015901064034551382,True,,,,0,0,10,10,False
control_0p10_left_mid_late_stance_moderate_ice_preregistered_v2,pair_017,control,left,left,none,4,2496,2832,2496,,,[],0.0015594317810609937,True,,,,0,0,10,10,False
control_0p10_left_mid_late_stance_moderate_ice_preregistered_v2,pair_017,control,left,right,none,0,34,153,34,,,[],0.0009969143429771066,True,,,,0,0,10,10,False
control_0p10_left_mid_late_stance_moderate_ice_preregistered_v2,pair_017,control,left,right,none,1,368,745,368,,,[],0.008004358038306236,True,,,,0,0,10,10,False
control_0p10_left_mid_late_stance_moderate_ice_preregistered_v2,pair_017,control,left,right,none,2,995,1328,995,,,[],0.003977025859057903,True,,,,0,0,10,10,False
control_0p10_left_mid_late_stance_moderate_ice_preregistered_v2,pair_017,control,left,right,none,3,1336,1340,1336,,,[],0.0004774022090714425,False,,,,0,0,4,4,False
control_0p10_left_mid_late_stance_moderate_ice_preregistered_v2,pair_017,control,left,right,none,4,1599,1944,1599,,,[],0.004659406375139952,True,,,,0,0,10,10,False
control_0p10_left_mid_late_stance_moderate_ice_preregistered_v2,pair_017,control,left,right,none,5,2193,2536,2193,,,[],0.005168417934328318,True,,,,0,0,10,10,False
control_0p10_left_mid_late_stance_moderate_ice_preregistered_v2,pair_017,control,left,right,none,6,2538,2541,2538,,,[],0.0001480382343288511,False,,,,0,0,3,3,False
control_0p10_left_mid_late_stance_moderate_ice_preregistered_v2,pair_017,control,left,right,none,7,2795,3000,2795,,,[],0.004408006556332111,True,,,,0,0,10,10,False
positive_0p10_right_early_loading_native_strong_ice_v0,pair_018,positive,right,left,none,0,36,243,36,,,[],0.0013676107628270984,True,,,,0,0,10,13,False
positive_0p10_right_early_loading_native_strong_ice_v0,pair_018,positive,right,left,none,1,563,908,563,,,[],0.002019154606387019,True,,,,0,0,10,12,False
positive_0p10_right_early_loading_native_strong_ice_v0,pair_018,positive,right,left,none,2,1152,1489,1152,,,[],0.0015440457500517368,True,,,,0,0,10,10,False
positive_0p10_right_early_loading_native_strong_ice_v0,pair_018,positive,right,left,none,3,1755,2087,1755,,,[],0.0017937757074832916,True,,,,0,0,10,10,False
positive_0p10_right_early_loading_native_strong_ice_v0,pair_018,positive,right,left,none,4,2351,2687,2351,,,[],0.001744257053360343,True,,,,0,0,10,10,False
positive_0p10_right_early_loading_native_strong_ice_v0,pair_018,positive,right,left,none,5,2950,3000,2950,,,[],0.0017592720687389374,True,,,,0,0,10,10,False
positive_0p10_right_early_loading_native_strong_ice_v0,pair_018,positive,right,right,none,0,43,89,43,,,[],0.0019423962803557515,True,,,,0,0,10,19,False
positive_0p10_right_early_loading_native_strong_ice_v0,pair_018,positive,right,right,none,1,199,604,199,,,[],0.0063901557587087154,True,,,,0,0,10,10,False
positive_0p10_right_early_loading_native_strong_ice_v0,pair_018,positive,right,right,none,2,856,1202,856,,,[],0.003907384816557169,True,,,,0,0,10,12,False
positive_0p10_right_early_loading_native_strong_ice_v0,pair_018,positive,right,right,none,3,1454,1791,1454,,,[],0.00481235608458519,True,,,,0,0,10,10,False
positive_0p10_right_early_loading_native_strong_ice_v0,pair_018,positive,right,right,none,4,2050,2386,2050,,,[],0.0047212583012878895,True,,,,0,0,10,10,False
positive_0p10_right_early_loading_native_strong_ice_v0,pair_018,positive,right,right,none,5,2650,2985,2650,,,[],0.004997026175260544,True,,,,0,0,10,10,False
control_0p10_right_early_loading_native_strong_ice_v0,pair_018,control,right,left,none,0,36,243,36,,,[],0.0013676107628270984,True,,,,0,0,10,13,False
control_0p10_right_early_loading_native_strong_ice_v0,pair_018,control,right,left,none,1,563,908,563,,,[],0.002019154606387019,True,,,,0,0,10,12,False
control_0p10_right_early_loading_native_strong_ice_v0,pair_018,control,right,left,none,2,1152,1489,1152,,,[],0.0015440457500517368,True,,,,0,0,10,10,False
control_0p10_right_early_loading_native_strong_ice_v0,pair_018,control,right,left,none,3,1755,2087,1755,,,[],0.0017937757074832916,True,,,,0,0,10,10,False
control_0p10_right_early_loading_native_strong_ice_v0,pair_018,control,right,left,none,4,2351,2687,2351,,,[],0.001744257053360343,True,,,,0,0,10,10,False
control_0p10_right_early_loading_native_strong_ice_v0,pair_018,control,right,left,none,5,2950,3000,2950,,,[],0.0017592720687389374,True,,,,0,0,10,10,False
control_0p10_right_early_loading_native_strong_ice_v0,pair_018,control,right,right,none,0,43,89,43,,,[],0.0019423962803557515,True,,,,0,0,10,19,False
control_0p10_right_early_loading_native_strong_ice_v0,pair_018,control,right,right,none,1,199,604,199,,,[],0.0063901557587087154,True,,,,0,0,10,10,False
control_0p10_right_early_loading_native_strong_ice_v0,pair_018,control,right,right,none,2,856,1202,856,,,[],0.003907384816557169,True,,,,0,0,10,12,False
control_0p10_right_early_loading_native_strong_ice_v0,pair_018,control,right,right,none,3,1454,1791,1454,,,[],0.00481235608458519,True,,,,0,0,10,10,False
control_0p10_right_early_loading_native_strong_ice_v0,pair_018,control,right,right,none,4,2050,2386,2050,,,[],0.0047212583012878895,True,,,,0,0,10,10,False
control_0p10_right_early_loading_native_strong_ice_v0,pair_018,control,right,right,none,5,2650,2985,2650,,,[],0.004997026175260544,True,,,,0,0,10,10,False
positive_0p10_right_early_loading_native_strong_ice_v1,pair_019,positive,right,left,none,0,39,89,39,,,[],0.0006747810984961689,True,,,,0,0,10,19,False
positive_0p10_right_early_loading_native_strong_ice_v1,pair_019,positive,right,left,none,1,304,684,304,,,[],0.007926876656711102,True,,,,0,0,10,13,False
positive_0p10_right_early_loading_native_strong_ice_v1,pair_019,positive,right,left,none,2,944,1296,944,,,[],0.0015881413128226995,True,,,,0,0,10,10,False
positive_0p10_right_early_loading_native_strong_ice_v1,pair_019,positive,right,left,none,3,1553,1887,1553,,,[],0.0012031669029965997,True,,,,0,0,10,15,False
positive_0p10_right_early_loading_native_strong_ice_v1,pair_019,positive,right,left,none,4,2151,2486,2151,,,[],0.0015406094025820494,True,,,,0,0,10,15,False
positive_0p10_right_early_loading_native_strong_ice_v1,pair_019,positive,right,left,none,5,2748,3000,2748,,,[],0.0016269416082650423,True,,,,0,0,10,10,False
positive_0p10_right_early_loading_native_strong_ice_v1,pair_019,positive,right,right,none,0,37,328,37,,,[],0.0029531337786465883,True,,,,0,0,10,10,False
positive_0p10_right_early_loading_native_strong_ice_v1,pair_019,positive,right,right,none,1,641,984,641,,,[],0.004770024213939905,True,,,,0,0,10,10,False
positive_0p10_right_early_loading_native_strong_ice_v1,pair_019,positive,right,right,none,2,1252,1601,1252,,,[],0.004626172594726086,True,,,,0,0,10,11,False
positive_0p10_right_early_loading_native_strong_ice_v1,pair_019,positive,right,right,none,3,1849,2187,1849,,,[],0.004651030525565147,True,,,,0,0,10,10,False
positive_0p10_right_early_loading_native_strong_ice_v1,pair_019,positive,right,right,none,4,2447,2785,2447,,,[],0.004942977800965309,True,,,,0,0,10,10,False
control_0p10_right_early_loading_native_strong_ice_v1,pair_019,control,right,left,none,0,39,89,39,,,[],0.0006747810984961689,True,,,,0,0,10,19,False
control_0p10_right_early_loading_native_strong_ice_v1,pair_019,control,right,left,none,1,304,684,304,,,[],0.007926876656711102,True,,,,0,0,10,13,False
control_0p10_right_early_loading_native_strong_ice_v1,pair_019,control,right,left,none,2,944,1296,944,,,[],0.0015881413128226995,True,,,,0,0,10,10,False
control_0p10_right_early_loading_native_strong_ice_v1,pair_019,control,right,left,none,3,1553,1887,1553,,,[],0.0012031669029965997,True,,,,0,0,10,15,False
control_0p10_right_early_loading_native_strong_ice_v1,pair_019,control,right,left,none,4,2151,2486,2151,,,[],0.0015406094025820494,True,,,,0,0,10,15,False
control_0p10_right_early_loading_native_strong_ice_v1,pair_019,control,right,left,none,5,2748,3000,2748,,,[],0.0016269416082650423,True,,,,0,0,10,10,False
control_0p10_right_early_loading_native_strong_ice_v1,pair_019,control,right,right,none,0,37,328,37,,,[],0.0029531337786465883,True,,,,0,0,10,10,False
control_0p10_right_early_loading_native_strong_ice_v1,pair_019,control,right,right,none,1,641,984,641,,,[],0.004770024213939905,True,,,,0,0,10,10,False
control_0p10_right_early_loading_native_strong_ice_v1,pair_019,control,right,right,none,2,1252,1601,1252,,,[],0.004626172594726086,True,,,,0,0,10,11,False
control_0p10_right_early_loading_native_strong_ice_v1,pair_019,control,right,right,none,3,1849,2187,1849,,,[],0.004651030525565147,True,,,,0,0,10,10,False
control_0p10_right_early_loading_native_strong_ice_v1,pair_019,control,right,right,none,4,2447,2785,2447,,,[],0.004942977800965309,True,,,,0,0,10,10,False
positive_0p10_right_early_loading_native_strong_ice_v2,pair_020,positive,right,left,none,0,44,402,44,,,[],0.005542157683521509,True,,,,0,0,10,12,False
positive_0p10_right_early_loading_native_strong_ice_v2,pair_020,positive,right,left,none,1,706,1044,706,,,[],0.0014415206387639046,True,,,,0,0,10,12,False
positive_0p10_right_early_loading_native_strong_ice_v2,pair_020,positive,right,left,none,2,1291,1641,1291,,,[],0.0014180594589561224,True,,,,0,0,10,11,False
positive_0p10_right_early_loading_native_strong_ice_v2,pair_020,positive,right,left,none,3,1899,2230,1899,,,[],0.001427136710844934,True,,,,0,0,10,10,False
positive_0p10_right_early_loading_native_strong_ice_v2,pair_020,positive,right,left,none,4,2496,2833,2496,,,[],0.0014393083984032273,True,,,,0,0,10,10,False
positive_0p10_right_early_loading_native_strong_ice_v2,pair_020,positive,right,right,none,0,34,153,34,,,[],0.0009969669627025723,True,,,,0,0,10,10,False
positive_0p10_right_early_loading_native_strong_ice_v2,pair_020,positive,right,right,none,1,368,745,368,,,[],0.00800436269491911,True,,,,0,0,10,10,False
positive_0p10_right_early_loading_native_strong_ice_v2,pair_020,positive,right,right,none,2,995,1328,995,,,[],0.0037462336476892233,True,,,,0,0,10,10,False
positive_0p10_right_early_loading_native_strong_ice_v2,pair_020,positive,right,right,none,3,1336,1340,1336,,,[],0.0004931109142489731,False,,,,0,0,4,4,False
positive_0p10_right_early_loading_native_strong_ice_v2,pair_020,positive,right,right,none,4,1599,1943,1599,,,[],0.004512552637606859,True,,,,0,0,10,10,False
positive_0p10_right_early_loading_native_strong_ice_v2,pair_020,positive,right,right,none,5,2193,2535,2193,,,[],0.004905949346721172,True,,,,0,0,10,10,False
positive_0p10_right_early_loading_native_strong_ice_v2,pair_020,positive,right,right,none,6,2538,2541,2538,,,[],0.0001604445424163714,False,,,,0,0,3,3,False
positive_0p10_right_early_loading_native_strong_ice_v2,pair_020,positive,right,right,none,7,2795,3000,2795,,,[],0.0044280351139605045,True,,,,0,0,10,10,False
control_0p10_right_early_loading_native_strong_ice_v2,pair_020,control,right,left,none,0,44,402,44,,,[],0.005542157683521509,True,,,,0,0,10,12,False
control_0p10_right_early_loading_native_strong_ice_v2,pair_020,control,right,left,none,1,706,1044,706,,,[],0.0014415206387639046,True,,,,0,0,10,12,False
control_0p10_right_early_loading_native_strong_ice_v2,pair_020,control,right,left,none,2,1291,1641,1291,,,[],0.0014180594589561224,True,,,,0,0,10,11,False
control_0p10_right_early_loading_native_strong_ice_v2,pair_020,control,right,left,none,3,1899,2230,1899,,,[],0.001427136710844934,True,,,,0,0,10,10,False
control_0p10_right_early_loading_native_strong_ice_v2,pair_020,control,right,left,none,4,2496,2833,2496,,,[],0.0014393083984032273,True,,,,0,0,10,10,False
control_0p10_right_early_loading_native_strong_ice_v2,pair_020,control,right,right,none,0,34,153,34,,,[],0.0009969669627025723,True,,,,0,0,10,10,False
control_0p10_right_early_loading_native_strong_ice_v2,pair_020,control,right,right,none,1,368,745,368,,,[],0.00800436269491911,True,,,,0,0,10,10,False
control_0p10_right_early_loading_native_strong_ice_v2,pair_020,control,right,right,none,2,995,1328,995,,,[],0.0037462336476892233,True,,,,0,0,10,10,False
control_0p10_right_early_loading_native_strong_ice_v2,pair_020,control,right,right,none,3,1336,1340,1336,,,[],0.0004931109142489731,False,,,,0,0,4,4,False
control_0p10_right_early_loading_native_strong_ice_v2,pair_020,control,right,right,none,4,1599,1943,1599,,,[],0.004512552637606859,True,,,,0,0,10,10,False
control_0p10_right_early_loading_native_strong_ice_v2,pair_020,control,right,right,none,5,2193,2535,2193,,,[],0.004905949346721172,True,,,,0,0,10,10,False
control_0p10_right_early_loading_native_strong_ice_v2,pair_020,control,right,right,none,6,2538,2541,2538,,,[],0.0001604445424163714,False,,,,0,0,3,3,False
control_0p10_right_early_loading_native_strong_ice_v2,pair_020,control,right,right,none,7,2795,3000,2795,,,[],0.0044280351139605045,True,,,,0,0,10,10,False
positive_0p10_right_early_loading_moderate_ice_preregistered_v0,pair_021,positive,right,left,none,0,36,243,36,,,[],0.001377614913508296,True,,,,0,0,10,13,False
positive_0p10_right_early_loading_moderate_ice_preregistered_v0,pair_021,positive,right,left,none,1,563,908,563,,,[],0.0020276447758078575,True,,,,0,0,10,12,False
positive_0p10_right_early_loading_moderate_ice_preregistered_v0,pair_021,positive,right,left,none,2,1152,1489,1152,,,[],0.001545668812468648,True,,,,0,0,10,10,False
positive_0p10_right_early_loading_moderate_ice_preregistered_v0,pair_021,positive,right,left,none,3,1755,2087,1755,,,[],0.0017943230923265219,True,,,,0,0,10,10,False
positive_0p10_right_early_loading_moderate_ice_preregistered_v0,pair_021,positive,right,left,none,4,2351,2687,2351,,,[],0.0017445178236812353,True,,,,0,0,10,10,False
positive_0p10_right_early_loading_moderate_ice_preregistered_v0,pair_021,positive,right,left,none,5,2950,3000,2950,,,[],0.0017593374941498041,True,,,,0,0,10,10,False
positive_0p10_right_early_loading_moderate_ice_preregistered_v0,pair_021,positive,right,right,none,0,43,89,43,,,[],0.0019447029335424304,True,,,,0,0,10,19,False
positive_0p10_right_early_loading_moderate_ice_preregistered_v0,pair_021,positive,right,right,none,1,199,604,199,,,[],0.006404620595276356,True,,,,0,0,10,10,False
positive_0p10_right_early_loading_moderate_ice_preregistered_v0,pair_021,positive,right,right,none,2,856,1202,856,,,[],0.00391569547355175,True,,,,0,0,10,12,False
positive_0p10_right_early_loading_moderate_ice_preregistered_v0,pair_021,positive,right,right,none,3,1454,1791,1454,,,[],0.004812463652342558,True,,,,0,0,10,10,False
positive_0p10_right_early_loading_moderate_ice_preregistered_v0,pair_021,positive,right,right,none,4,2050,2386,2050,,,[],0.004721704870462418,True,,,,0,0,10,10,False
positive_0p10_right_early_loading_moderate_ice_preregistered_v0,pair_021,positive,right,right,none,5,2650,2985,2650,,,[],0.004997021518647671,True,,,,0,0,10,10,False
control_0p10_right_early_loading_moderate_ice_preregistered_v0,pair_021,control,right,left,none,0,36,243,36,,,[],0.001377614913508296,True,,,,0,0,10,13,False
control_0p10_right_early_loading_moderate_ice_preregistered_v0,pair_021,control,right,left,none,1,563,908,563,,,[],0.0020276447758078575,True,,,,0,0,10,12,False
control_0p10_right_early_loading_moderate_ice_preregistered_v0,pair_021,control,right,left,none,2,1152,1489,1152,,,[],0.001545668812468648,True,,,,0,0,10,10,False
control_0p10_right_early_loading_moderate_ice_preregistered_v0,pair_021,control,right,left,none,3,1755,2087,1755,,,[],0.0017943230923265219,True,,,,0,0,10,10,False
control_0p10_right_early_loading_moderate_ice_preregistered_v0,pair_021,control,right,left,none,4,2351,2687,2351,,,[],0.0017445178236812353,True,,,,0,0,10,10,False
control_0p10_right_early_loading_moderate_ice_preregistered_v0,pair_021,control,right,left,none,5,2950,3000,2950,,,[],0.0017593374941498041,True,,,,0,0,10,10,False
control_0p10_right_early_loading_moderate_ice_preregistered_v0,pair_021,control,right,right,none,0,43,89,43,,,[],0.0019447029335424304,True,,,,0,0,10,19,False
control_0p10_right_early_loading_moderate_ice_preregistered_v0,pair_021,control,right,right,none,1,199,604,199,,,[],0.006404620595276356,True,,,,0,0,10,10,False
control_0p10_right_early_loading_moderate_ice_preregistered_v0,pair_021,control,right,right,none,2,856,1202,856,,,[],0.00391569547355175,True,,,,0,0,10,12,False
control_0p10_right_early_loading_moderate_ice_preregistered_v0,pair_021,control,right,right,none,3,1454,1791,1454,,,[],0.004812463652342558,True,,,,0,0,10,10,False
control_0p10_right_early_loading_moderate_ice_preregistered_v0,pair_021,control,right,right,none,4,2050,2386,2050,,,[],0.004721704870462418,True,,,,0,0,10,10,False
control_0p10_right_early_loading_moderate_ice_preregistered_v0,pair_021,control,right,right,none,5,2650,2985,2650,,,[],0.004997021518647671,True,,,,0,0,10,10,False
positive_0p10_right_early_loading_moderate_ice_preregistered_v1,pair_022,positive,right,left,none,0,39,89,39,,,[],0.0006747691077180207,True,,,,0,0,10,19,False
positive_0p10_right_early_loading_moderate_ice_preregistered_v1,pair_022,positive,right,left,none,1,304,684,304,,,[],0.00792726967483759,True,,,,0,0,10,13,False
positive_0p10_right_early_loading_moderate_ice_preregistered_v1,pair_022,positive,right,left,none,2,944,1296,944,,,[],0.0015879751881584525,True,,,,0,0,10,10,False
positive_0p10_right_early_loading_moderate_ice_preregistered_v1,pair_022,positive,right,left,none,3,1553,1887,1553,,,[],0.001203189487569034,True,,,,0,0,10,15,False
positive_0p10_right_early_loading_moderate_ice_preregistered_v1,pair_022,positive,right,left,none,4,2151,2486,2151,,,[],0.0015406456077471375,True,,,,0,0,10,15,False
positive_0p10_right_early_loading_moderate_ice_preregistered_v1,pair_022,positive,right,left,none,5,2748,3000,2748,,,[],0.0016269679181277752,True,,,,0,0,10,10,False
positive_0p10_right_early_loading_moderate_ice_preregistered_v1,pair_022,positive,right,right,none,0,37,328,37,,,[],0.002953240182250738,True,,,,0,0,10,10,False
positive_0p10_right_early_loading_moderate_ice_preregistered_v1,pair_022,positive,right,right,none,1,641,984,641,,,[],0.004769912920892239,True,,,,0,0,10,10,False
positive_0p10_right_early_loading_moderate_ice_preregistered_v1,pair_022,positive,right,right,none,2,1252,1601,1252,,,[],0.004626160953193903,True,,,,0,0,10,11,False
positive_0p10_right_early_loading_moderate_ice_preregistered_v1,pair_022,positive,right,right,none,3,1849,2187,1849,,,[],0.004651026800274849,True,,,,0,0,10,10,False
positive_0p10_right_early_loading_moderate_ice_preregistered_v1,pair_022,positive,right,right,none,4,2447,2785,2447,,,[],0.00494299316778779,True,,,,0,0,10,10,False
control_0p10_right_early_loading_moderate_ice_preregistered_v1,pair_022,control,right,left,none,0,39,89,39,,,[],0.0006747691077180207,True,,,,0,0,10,19,False
control_0p10_right_early_loading_moderate_ice_preregistered_v1,pair_022,control,right,left,none,1,304,684,304,,,[],0.00792726967483759,True,,,,0,0,10,13,False
control_0p10_right_early_loading_moderate_ice_preregistered_v1,pair_022,control,right,left,none,2,944,1296,944,,,[],0.0015879751881584525,True,,,,0,0,10,10,False
control_0p10_right_early_loading_moderate_ice_preregistered_v1,pair_022,control,right,left,none,3,1553,1887,1553,,,[],0.001203189487569034,True,,,,0,0,10,15,False
control_0p10_right_early_loading_moderate_ice_preregistered_v1,pair_022,control,right,left,none,4,2151,2486,2151,,,[],0.0015406456077471375,True,,,,0,0,10,15,False
control_0p10_right_early_loading_moderate_ice_preregistered_v1,pair_022,control,right,left,none,5,2748,3000,2748,,,[],0.0016269679181277752,True,,,,0,0,10,10,False
control_0p10_right_early_loading_moderate_ice_preregistered_v1,pair_022,control,right,right,none,0,37,328,37,,,[],0.002953240182250738,True,,,,0,0,10,10,False
control_0p10_right_early_loading_moderate_ice_preregistered_v1,pair_022,control,right,right,none,1,641,984,641,,,[],0.004769912920892239,True,,,,0,0,10,10,False
control_0p10_right_early_loading_moderate_ice_preregistered_v1,pair_022,control,right,right,none,2,1252,1601,1252,,,[],0.004626160953193903,True,,,,0,0,10,11,False
control_0p10_right_early_loading_moderate_ice_preregistered_v1,pair_022,control,right,right,none,3,1849,2187,1849,,,[],0.004651026800274849,True,,,,0,0,10,10,False
control_0p10_right_early_loading_moderate_ice_preregistered_v1,pair_022,control,right,right,none,4,2447,2785,2447,,,[],0.00494299316778779,True,,,,0,0,10,10,False
positive_0p10_right_early_loading_moderate_ice_preregistered_v2,pair_023,positive,right,left,none,0,44,402,44,,,[],0.005544318351894617,True,,,,0,0,10,12,False
positive_0p10_right_early_loading_moderate_ice_preregistered_v2,pair_023,positive,right,left,none,1,706,1044,706,,,[],0.0014422478852793574,True,,,,0,0,10,12,False
positive_0p10_right_early_loading_moderate_ice_preregistered_v2,pair_023,positive,right,left,none,2,1291,1641,1291,,,[],0.001337029505521059,True,,,,0,0,10,11,False
positive_0p10_right_early_loading_moderate_ice_preregistered_v2,pair_023,positive,right,left,none,3,1899,2231,1899,,,[],0.00158546376042068,True,,,,0,0,10,10,False
positive_0p10_right_early_loading_moderate_ice_preregistered_v2,pair_023,positive,right,left,none,4,2496,2832,2496,,,[],0.001560678705573082,True,,,,0,0,10,10,False
positive_0p10_right_early_loading_moderate_ice_preregistered_v2,pair_023,positive,right,right,none,0,34,153,34,,,[],0.000998613191768527,True,,,,0,0,10,10,False
positive_0p10_right_early_loading_moderate_ice_preregistered_v2,pair_023,positive,right,right,none,1,368,745,368,,,[],0.008004586212337017,True,,,,0,0,10,10,False
positive_0p10_right_early_loading_moderate_ice_preregistered_v2,pair_023,positive,right,right,none,2,995,1328,995,,,[],0.003701497334986925,True,,,,0,0,10,10,False
positive_0p10_right_early_loading_moderate_ice_preregistered_v2,pair_023,positive,right,right,none,3,1336,1340,1336,,,[],0.0004941355437040329,False,,,,0,0,4,4,False
positive_0p10_right_early_loading_moderate_ice_preregistered_v2,pair_023,positive,right,right,none,4,1599,1944,1599,,,[],0.0046660094521939754,True,,,,0,0,10,10,False
positive_0p10_right_early_loading_moderate_ice_preregistered_v2,pair_023,positive,right,right,none,5,2193,2536,2193,,,[],0.0051668668165802956,True,,,,0,0,10,10,False
positive_0p10_right_early_loading_moderate_ice_preregistered_v2,pair_023,positive,right,right,none,6,2538,2541,2538,,,[],0.00014832390297669917,False,,,,0,0,3,3,False
positive_0p10_right_early_loading_moderate_ice_preregistered_v2,pair_023,positive,right,right,none,7,2795,3000,2795,,,[],0.004411063622683287,True,,,,0,0,10,10,False
control_0p10_right_early_loading_moderate_ice_preregistered_v2,pair_023,control,right,left,none,0,44,402,44,,,[],0.005544318351894617,True,,,,0,0,10,12,False
control_0p10_right_early_loading_moderate_ice_preregistered_v2,pair_023,control,right,left,none,1,706,1044,706,,,[],0.0014422478852793574,True,,,,0,0,10,12,False
control_0p10_right_early_loading_moderate_ice_preregistered_v2,pair_023,control,right,left,none,2,1291,1641,1291,,,[],0.001337029505521059,True,,,,0,0,10,11,False
control_0p10_right_early_loading_moderate_ice_preregistered_v2,pair_023,control,right,left,none,3,1899,2231,1899,,,[],0.00158546376042068,True,,,,0,0,10,10,False
control_0p10_right_early_loading_moderate_ice_preregistered_v2,pair_023,control,right,left,none,4,2496,2832,2496,,,[],0.001560678705573082,True,,,,0,0,10,10,False
control_0p10_right_early_loading_moderate_ice_preregistered_v2,pair_023,control,right,right,none,0,34,153,34,,,[],0.000998613191768527,True,,,,0,0,10,10,False
control_0p10_right_early_loading_moderate_ice_preregistered_v2,pair_023,control,right,right,none,1,368,745,368,,,[],0.008004586212337017,True,,,,0,0,10,10,False
control_0p10_right_early_loading_moderate_ice_preregistered_v2,pair_023,control,right,right,none,2,995,1328,995,,,[],0.003701497334986925,True,,,,0,0,10,10,False
control_0p10_right_early_loading_moderate_ice_preregistered_v2,pair_023,control,right,right,none,3,1336,1340,1336,,,[],0.0004941355437040329,False,,,,0,0,4,4,False
control_0p10_right_early_loading_moderate_ice_preregistered_v2,pair_023,control,right,right,none,4,1599,1944,1599,,,[],0.0046660094521939754,True,,,,0,0,10,10,False
control_0p10_right_early_loading_moderate_ice_preregistered_v2,pair_023,control,right,right,none,5,2193,2536,2193,,,[],0.0051668668165802956,True,,,,0,0,10,10,False
control_0p10_right_early_loading_moderate_ice_preregistered_v2,pair_023,control,right,right,none,6,2538,2541,2538,,,[],0.00014832390297669917,False,,,,0,0,3,3,False
control_0p10_right_early_loading_moderate_ice_preregistered_v2,pair_023,control,right,right,none,7,2795,3000,2795,,,[],0.004411063622683287,True,,,,0,0,10,10,False
positive_0p10_right_mid_loading_early_stance_native_strong_ice_v0,pair_024,positive,right,left,none,0,36,243,36,,,[],0.0013716152170673013,True,,,,0,0,10,13,False
positive_0p10_right_mid_loading_early_stance_native_strong_ice_v0,pair_024,positive,right,left,none,1,563,908,563,,,[],0.0020277362782508135,True,,,,0,0,10,12,False
positive_0p10_right_mid_loading_early_stance_native_strong_ice_v0,pair_024,positive,right,left,none,2,1152,1489,1152,,,[],0.0015445940662175417,True,,,,0,0,10,10,False
positive_0p10_right_mid_loading_early_stance_native_strong_ice_v0,pair_024,positive,right,left,none,3,1755,2087,1755,,,[],0.001793893170543015,True,,,,0,0,10,10,False
positive_0p10_right_mid_loading_early_stance_native_strong_ice_v0,pair_024,positive,right,left,none,4,2351,2687,2351,,,[],0.0017443688120692968,True,,,,0,0,10,10,False
positive_0p10_right_mid_loading_early_stance_native_strong_ice_v0,pair_024,positive,right,left,none,5,2950,3000,2950,,,[],0.001759280334226787,True,,,,0,0,10,10,False
positive_0p10_right_mid_loading_early_stance_native_strong_ice_v0,pair_024,positive,right,right,none,0,43,89,43,,,[],0.0019432443659752607,True,,,,0,0,10,19,False
positive_0p10_right_mid_loading_early_stance_native_strong_ice_v0,pair_024,positive,right,right,none,1,199,604,199,,,[],0.0063955578953027725,True,,,,0,0,10,10,False
positive_0p10_right_mid_loading_early_stance_native_strong_ice_v0,pair_024,positive,right,right,none,2,856,1202,856,,,[],0.003910714294761419,True,,,,0,0,10,12,False
positive_0p10_right_mid_loading_early_stance_native_strong_ice_v0,pair_024,positive,right,right,none,3,1454,1791,1454,,,[],0.004812425468116999,True,,,,0,0,10,10,False
positive_0p10_right_mid_loading_early_stance_native_strong_ice_v0,pair_024,positive,right,right,none,4,2050,2386,2050,,,[],0.004721424542367458,True,,,,0,0,10,10,False
positive_0p10_right_mid_loading_early_stance_native_strong_ice_v0,pair_024,positive,right,right,none,5,2650,2985,2650,,,[],0.004997001960873604,True,,,,0,0,10,10,False
control_0p10_right_mid_loading_early_stance_native_strong_ice_v0,pair_024,control,right,left,none,0,36,243,36,,,[],0.0013716152170673013,True,,,,0,0,10,13,False
control_0p10_right_mid_loading_early_stance_native_strong_ice_v0,pair_024,control,right,left,none,1,563,908,563,,,[],0.0020277362782508135,True,,,,0,0,10,12,False
control_0p10_right_mid_loading_early_stance_native_strong_ice_v0,pair_024,control,right,left,none,2,1152,1489,1152,,,[],0.0015445940662175417,True,,,,0,0,10,10,False
control_0p10_right_mid_loading_early_stance_native_strong_ice_v0,pair_024,control,right,left,none,3,1755,2087,1755,,,[],0.001793893170543015,True,,,,0,0,10,10,False
control_0p10_right_mid_loading_early_stance_native_strong_ice_v0,pair_024,control,right,left,none,4,2351,2687,2351,,,[],0.0017443688120692968,True,,,,0,0,10,10,False
control_0p10_right_mid_loading_early_stance_native_strong_ice_v0,pair_024,control,right,left,none,5,2950,3000,2950,,,[],0.001759280334226787,True,,,,0,0,10,10,False
control_0p10_right_mid_loading_early_stance_native_strong_ice_v0,pair_024,control,right,right,none,0,43,89,43,,,[],0.0019432443659752607,True,,,,0,0,10,19,False
control_0p10_right_mid_loading_early_stance_native_strong_ice_v0,pair_024,control,right,right,none,1,199,604,199,,,[],0.0063955578953027725,True,,,,0,0,10,10,False
control_0p10_right_mid_loading_early_stance_native_strong_ice_v0,pair_024,control,right,right,none,2,856,1202,856,,,[],0.003910714294761419,True,,,,0,0,10,12,False
control_0p10_right_mid_loading_early_stance_native_strong_ice_v0,pair_024,control,right,right,none,3,1454,1791,1454,,,[],0.004812425468116999,True,,,,0,0,10,10,False
control_0p10_right_mid_loading_early_stance_native_strong_ice_v0,pair_024,control,right,right,none,4,2050,2386,2050,,,[],0.004721424542367458,True,,,,0,0,10,10,False
control_0p10_right_mid_loading_early_stance_native_strong_ice_v0,pair_024,control,right,right,none,5,2650,2985,2650,,,[],0.004997001960873604,True,,,,0,0,10,10,False
positive_0p10_right_mid_loading_early_stance_native_strong_ice_v1,pair_025,positive,right,left,none,0,39,89,39,,,[],0.0006744822021573782,True,,,,0,0,10,19,False
positive_0p10_right_mid_loading_early_stance_native_strong_ice_v1,pair_025,positive,right,left,none,1,304,684,304,,,[],0.007937315851449966,True,,,,0,0,10,13,False
positive_0p10_right_mid_loading_early_stance_native_strong_ice_v1,pair_025,positive,right,left,none,2,944,1296,944,,,[],0.0015831815544515848,True,,,,0,0,10,10,False
positive_0p10_right_mid_loading_early_stance_native_strong_ice_v1,pair_025,positive,right,left,none,3,1553,1887,1553,,,[],0.0012037185952067375,True,,,,0,0,10,15,False
positive_0p10_right_mid_loading_early_stance_native_strong_ice_v1,pair_025,positive,right,left,none,4,2151,2486,2151,,,[],0.001547374646179378,True,,,,0,0,10,15,False
positive_0p10_right_mid_loading_early_stance_native_strong_ice_v1,pair_025,positive,right,left,none,5,2748,3000,2748,,,[],0.001641276408918202,True,,,,0,0,10,10,False
positive_0p10_right_mid_loading_early_stance_native_strong_ice_v1,pair_025,positive,right,right,none,0,37,328,37,,,[],0.0029558732639998198,True,,,,0,0,10,10,False
positive_0p10_right_mid_loading_early_stance_native_strong_ice_v1,pair_025,positive,right,right,none,1,641,984,641,,,[],0.004767188336700201,True,,,,0,0,10,10,False
positive_0p10_right_mid_loading_early_stance_native_strong_ice_v1,pair_025,positive,right,right,none,2,1252,1602,1252,,,[],0.004625747911632061,True,,,,0,0,10,12,False
positive_0p10_right_mid_loading_early_stance_native_strong_ice_v1,pair_025,positive,right,right,none,3,1849,2187,1849,,,[],0.004630392417311668,True,,,,0,0,10,10,False
positive_0p10_right_mid_loading_early_stance_native_strong_ice_v1,pair_025,positive,right,right,none,4,2448,2785,2448,,,[],0.0045613176189363,True,,,,0,0,10,10,False
control_0p10_right_mid_loading_early_stance_native_strong_ice_v1,pair_025,control,right,left,none,0,39,89,39,,,[],0.0006744822021573782,True,,,,0,0,10,19,False
control_0p10_right_mid_loading_early_stance_native_strong_ice_v1,pair_025,control,right,left,none,1,304,684,304,,,[],0.007937315851449966,True,,,,0,0,10,13,False
control_0p10_right_mid_loading_early_stance_native_strong_ice_v1,pair_025,control,right,left,none,2,944,1296,944,,,[],0.0015831815544515848,True,,,,0,0,10,10,False
control_0p10_right_mid_loading_early_stance_native_strong_ice_v1,pair_025,control,right,left,none,3,1553,1887,1553,,,[],0.0012037185952067375,True,,,,0,0,10,15,False
control_0p10_right_mid_loading_early_stance_native_strong_ice_v1,pair_025,control,right,left,none,4,2151,2486,2151,,,[],0.001547374646179378,True,,,,0,0,10,15,False
control_0p10_right_mid_loading_early_stance_native_strong_ice_v1,pair_025,control,right,left,none,5,2748,3000,2748,,,[],0.001641276408918202,True,,,,0,0,10,10,False
control_0p10_right_mid_loading_early_stance_native_strong_ice_v1,pair_025,control,right,right,none,0,37,328,37,,,[],0.0029558732639998198,True,,,,0,0,10,10,False
control_0p10_right_mid_loading_early_stance_native_strong_ice_v1,pair_025,control,right,right,none,1,641,984,641,,,[],0.004767188336700201,True,,,,0,0,10,10,False
control_0p10_right_mid_loading_early_stance_native_strong_ice_v1,pair_025,control,right,right,none,2,1252,1602,1252,,,[],0.004625747911632061,True,,,,0,0,10,12,False
control_0p10_right_mid_loading_early_stance_native_strong_ice_v1,pair_025,control,right,right,none,3,1849,2187,1849,,,[],0.004630392417311668,True,,,,0,0,10,10,False
control_0p10_right_mid_loading_early_stance_native_strong_ice_v1,pair_025,control,right,right,none,4,2448,2785,2448,,,[],0.0045613176189363,True,,,,0,0,10,10,False
positive_0p10_right_mid_loading_early_stance_native_strong_ice_v2,pair_026,positive,right,left,none,0,44,402,44,,,[],0.005549356807023287,True,,,,0,0,10,12,False
positive_0p10_right_mid_loading_early_stance_native_strong_ice_v2,pair_026,positive,right,left,none,1,706,1044,706,,,[],0.0014435562770813704,True,,,,0,0,10,12,False
positive_0p10_right_mid_loading_early_stance_native_strong_ice_v2,pair_026,positive,right,left,none,2,1291,1640,1291,,,[],0.0013727564364671707,True,,,,0,0,10,10,False
positive_0p10_right_mid_loading_early_stance_native_strong_ice_v2,pair_026,positive,right,left,none,3,1899,2230,1899,,,[],0.0014422433450818062,True,,,,0,0,10,10,False
positive_0p10_right_mid_loading_early_stance_native_strong_ice_v2,pair_026,positive,right,left,none,4,2496,2832,2496,,,[],0.0014333075378090143,True,,,,0,0,10,10,False
positive_0p10_right_mid_loading_early_stance_native_strong_ice_v2,pair_026,positive,right,right,none,0,34,153,34,,,[],0.0010018106549978256,True,,,,0,0,10,10,False
positive_0p10_right_mid_loading_early_stance_native_strong_ice_v2,pair_026,positive,right,right,none,1,368,745,368,,,[],0.008004999719560146,True,,,,0,0,10,10,False
positive_0p10_right_mid_loading_early_stance_native_strong_ice_v2,pair_026,positive,right,right,none,2,995,1328,995,,,[],0.0038989263121038675,True,,,,0,0,10,10,False
positive_0p10_right_mid_loading_early_stance_native_strong_ice_v2,pair_026,positive,right,right,none,3,1337,1341,1337,,,[],0.0004875765589531511,False,,,,0,0,4,4,False
positive_0p10_right_mid_loading_early_stance_native_strong_ice_v2,pair_026,positive,right,right,none,4,1599,1943,1599,,,[],0.004496671725064516,True,,,,0,0,10,10,False
positive_0p10_right_mid_loading_early_stance_native_strong_ice_v2,pair_026,positive,right,right,none,5,2193,2534,2193,,,[],0.00490418728441,True,,,,0,0,10,10,False
positive_0p10_right_mid_loading_early_stance_native_strong_ice_v2,pair_026,positive,right,right,none,6,2537,2540,2537,,,[],0.00015039938443806022,False,,,,0,0,3,3,False
positive_0p10_right_mid_loading_early_stance_native_strong_ice_v2,pair_026,positive,right,right,none,7,2795,3000,2795,,,[],0.004429174587130547,True,,,,0,0,10,10,False
control_0p10_right_mid_loading_early_stance_native_strong_ice_v2,pair_026,control,right,left,none,0,44,402,44,,,[],0.005549356807023287,True,,,,0,0,10,12,False
control_0p10_right_mid_loading_early_stance_native_strong_ice_v2,pair_026,control,right,left,none,1,706,1044,706,,,[],0.0014435562770813704,True,,,,0,0,10,12,False
control_0p10_right_mid_loading_early_stance_native_strong_ice_v2,pair_026,control,right,left,none,2,1291,1640,1291,,,[],0.0013727564364671707,True,,,,0,0,10,10,False
control_0p10_right_mid_loading_early_stance_native_strong_ice_v2,pair_026,control,right,left,none,3,1899,2230,1899,,,[],0.0014422433450818062,True,,,,0,0,10,10,False
control_0p10_right_mid_loading_early_stance_native_strong_ice_v2,pair_026,control,right,left,none,4,2496,2832,2496,,,[],0.0014333075378090143,True,,,,0,0,10,10,False
control_0p10_right_mid_loading_early_stance_native_strong_ice_v2,pair_026,control,right,right,none,0,34,153,34,,,[],0.0010018106549978256,True,,,,0,0,10,10,False
control_0p10_right_mid_loading_early_stance_native_strong_ice_v2,pair_026,control,right,right,none,1,368,745,368,,,[],0.008004999719560146,True,,,,0,0,10,10,False
control_0p10_right_mid_loading_early_stance_native_strong_ice_v2,pair_026,control,right,right,none,2,995,1328,995,,,[],0.0038989263121038675,True,,,,0,0,10,10,False
control_0p10_right_mid_loading_early_stance_native_strong_ice_v2,pair_026,control,right,right,none,3,1337,1341,1337,,,[],0.0004875765589531511,False,,,,0,0,4,4,False
control_0p10_right_mid_loading_early_stance_native_strong_ice_v2,pair_026,control,right,right,none,4,1599,1943,1599,,,[],0.004496671725064516,True,,,,0,0,10,10,False
control_0p10_right_mid_loading_early_stance_native_strong_ice_v2,pair_026,control,right,right,none,5,2193,2534,2193,,,[],0.00490418728441,True,,,,0,0,10,10,False
control_0p10_right_mid_loading_early_stance_native_strong_ice_v2,pair_026,control,right,right,none,6,2537,2540,2537,,,[],0.00015039938443806022,False,,,,0,0,3,3,False
control_0p10_right_mid_loading_early_stance_native_strong_ice_v2,pair_026,control,right,right,none,7,2795,3000,2795,,,[],0.004429174587130547,True,,,,0,0,10,10,False
positive_0p10_right_mid_loading_early_stance_moderate_ice_preregistered_v0,pair_027,positive,right,left,none,0,36,243,36,,,[],0.0013774287654086947,True,,,,0,0,10,13,False
positive_0p10_right_mid_loading_early_stance_moderate_ice_preregistered_v0,pair_027,positive,right,left,none,1,563,908,563,,,[],0.0020236691925674677,True,,,,0,0,10,12,False
positive_0p10_right_mid_loading_early_stance_moderate_ice_preregistered_v0,pair_027,positive,right,left,none,2,1152,1489,1152,,,[],0.0015456710243597627,True,,,,0,0,10,10,False
positive_0p10_right_mid_loading_early_stance_moderate_ice_preregistered_v0,pair_027,positive,right,left,none,3,1755,2087,1755,,,[],0.0017943627899512649,True,,,,0,0,10,10,False
positive_0p10_right_mid_loading_early_stance_moderate_ice_preregistered_v0,pair_027,positive,right,left,none,4,2351,2687,2351,,,[],0.0017445043195039034,True,,,,0,0,10,10,False
positive_0p10_right_mid_loading_early_stance_moderate_ice_preregistered_v0,pair_027,positive,right,left,none,5,2950,3000,2950,,,[],0.0017593184020370245,True,,,,0,0,10,10,False
positive_0p10_right_mid_loading_early_stance_moderate_ice_preregistered_v0,pair_027,positive,right,right,none,0,43,89,43,,,[],0.001944646704941988,True,,,,0,0,10,19,False
positive_0p10_right_mid_loading_early_stance_moderate_ice_preregistered_v0,pair_027,positive,right,right,none,1,199,604,199,,,[],0.006404338404536247,True,,,,0,0,10,10,False
positive_0p10_right_mid_loading_early_stance_moderate_ice_preregistered_v0,pair_027,positive,right,right,none,2,856,1202,856,,,[],0.003915439359843731,True,,,,0,0,10,12,False
positive_0p10_right_mid_loading_early_stance_moderate_ice_preregistered_v0,pair_027,positive,right,right,none,3,1454,1791,1454,,,[],0.004812446888536215,True,,,,0,0,10,10,False
positive_0p10_right_mid_loading_early_stance_moderate_ice_preregistered_v0,pair_027,positive,right,right,none,4,2050,2386,2050,,,[],0.004721679259091616,True,,,,0,0,10,10,False
positive_0p10_right_mid_loading_early_stance_moderate_ice_preregistered_v0,pair_027,positive,right,right,none,5,2650,2985,2650,,,[],0.004997027572244406,True,,,,0,0,10,10,False
control_0p10_right_mid_loading_early_stance_moderate_ice_preregistered_v0,pair_027,control,right,left,none,0,36,243,36,,,[],0.0013774287654086947,True,,,,0,0,10,13,False
control_0p10_right_mid_loading_early_stance_moderate_ice_preregistered_v0,pair_027,control,right,left,none,1,563,908,563,,,[],0.0020236691925674677,True,,,,0,0,10,12,False
control_0p10_right_mid_loading_early_stance_moderate_ice_preregistered_v0,pair_027,control,right,left,none,2,1152,1489,1152,,,[],0.0015456710243597627,True,,,,0,0,10,10,False
control_0p10_right_mid_loading_early_stance_moderate_ice_preregistered_v0,pair_027,control,right,left,none,3,1755,2087,1755,,,[],0.0017943627899512649,True,,,,0,0,10,10,False
control_0p10_right_mid_loading_early_stance_moderate_ice_preregistered_v0,pair_027,control,right,left,none,4,2351,2687,2351,,,[],0.0017445043195039034,True,,,,0,0,10,10,False
control_0p10_right_mid_loading_early_stance_moderate_ice_preregistered_v0,pair_027,control,right,left,none,5,2950,3000,2950,,,[],0.0017593184020370245,True,,,,0,0,10,10,False
control_0p10_right_mid_loading_early_stance_moderate_ice_preregistered_v0,pair_027,control,right,right,none,0,43,89,43,,,[],0.001944646704941988,True,,,,0,0,10,19,False
control_0p10_right_mid_loading_early_stance_moderate_ice_preregistered_v0,pair_027,control,right,right,none,1,199,604,199,,,[],0.006404338404536247,True,,,,0,0,10,10,False
control_0p10_right_mid_loading_early_stance_moderate_ice_preregistered_v0,pair_027,control,right,right,none,2,856,1202,856,,,[],0.003915439359843731,True,,,,0,0,10,12,False
control_0p10_right_mid_loading_early_stance_moderate_ice_preregistered_v0,pair_027,control,right,right,none,3,1454,1791,1454,,,[],0.004812446888536215,True,,,,0,0,10,10,False
control_0p10_right_mid_loading_early_stance_moderate_ice_preregistered_v0,pair_027,control,right,right,none,4,2050,2386,2050,,,[],0.004721679259091616,True,,,,0,0,10,10,False
control_0p10_right_mid_loading_early_stance_moderate_ice_preregistered_v0,pair_027,control,right,right,none,5,2650,2985,2650,,,[],0.004997027572244406,True,,,,0,0,10,10,False
positive_0p10_right_mid_loading_early_stance_moderate_ice_preregistered_v1,pair_028,positive,right,left,none,0,39,89,39,,,[],0.0006751586915925145,True,,,,0,0,10,19,False
positive_0p10_right_mid_loading_early_stance_moderate_ice_preregistered_v1,pair_028,positive,right,left,none,1,304,684,304,,,[],0.00791830662637949,True,,,,0,0,10,13,False
positive_0p10_right_mid_loading_early_stance_moderate_ice_preregistered_v1,pair_028,positive,right,left,none,2,944,1296,944,,,[],0.001592216663993895,True,,,,0,0,10,10,False
positive_0p10_right_mid_loading_early_stance_moderate_ice_preregistered_v1,pair_028,positive,right,left,none,3,1553,1887,1553,,,[],0.0012027113698422909,True,,,,0,0,10,15,False
positive_0p10_right_mid_loading_early_stance_moderate_ice_preregistered_v1,pair_028,positive,right,left,none,4,2151,2486,2151,,,[],0.0015395423397421837,True,,,,0,0,10,15,False
positive_0p10_right_mid_loading_early_stance_moderate_ice_preregistered_v1,pair_028,positive,right,left,none,5,2748,3000,2748,,,[],0.0016305376775562763,True,,,,0,0,10,10,False
positive_0p10_right_mid_loading_early_stance_moderate_ice_preregistered_v1,pair_028,positive,right,right,none,0,37,328,37,,,[],0.0029508513398468494,True,,,,0,0,10,10,False
positive_0p10_right_mid_loading_early_stance_moderate_ice_preregistered_v1,pair_028,positive,right,right,none,1,641,984,641,,,[],0.004772357176989317,True,,,,0,0,10,10,False
positive_0p10_right_mid_loading_early_stance_moderate_ice_preregistered_v1,pair_028,positive,right,right,none,2,1252,1600,1252,,,[],0.004626511130481958,True,,,,0,0,10,10,False
positive_0p10_right_mid_loading_early_stance_moderate_ice_preregistered_v1,pair_028,positive,right,right,none,3,1849,2187,1849,,,[],0.004634988959878683,True,,,,0,0,10,10,False
positive_0p10_right_mid_loading_early_stance_moderate_ice_preregistered_v1,pair_028,positive,right,right,none,4,2448,2785,2448,,,[],0.00457093957811594,True,,,,0,0,10,10,False
control_0p10_right_mid_loading_early_stance_moderate_ice_preregistered_v1,pair_028,control,right,left,none,0,39,89,39,,,[],0.0006751586915925145,True,,,,0,0,10,19,False
control_0p10_right_mid_loading_early_stance_moderate_ice_preregistered_v1,pair_028,control,right,left,none,1,304,684,304,,,[],0.00791830662637949,True,,,,0,0,10,13,False
control_0p10_right_mid_loading_early_stance_moderate_ice_preregistered_v1,pair_028,control,right,left,none,2,944,1296,944,,,[],0.001592216663993895,True,,,,0,0,10,10,False
control_0p10_right_mid_loading_early_stance_moderate_ice_preregistered_v1,pair_028,control,right,left,none,3,1553,1887,1553,,,[],0.0012027113698422909,True,,,,0,0,10,15,False
control_0p10_right_mid_loading_early_stance_moderate_ice_preregistered_v1,pair_028,control,right,left,none,4,2151,2486,2151,,,[],0.0015395423397421837,True,,,,0,0,10,15,False
control_0p10_right_mid_loading_early_stance_moderate_ice_preregistered_v1,pair_028,control,right,left,none,5,2748,3000,2748,,,[],0.0016305376775562763,True,,,,0,0,10,10,False
control_0p10_right_mid_loading_early_stance_moderate_ice_preregistered_v1,pair_028,control,right,right,none,0,37,328,37,,,[],0.0029508513398468494,True,,,,0,0,10,10,False
control_0p10_right_mid_loading_early_stance_moderate_ice_preregistered_v1,pair_028,control,right,right,none,1,641,984,641,,,[],0.004772357176989317,True,,,,0,0,10,10,False
control_0p10_right_mid_loading_early_stance_moderate_ice_preregistered_v1,pair_028,control,right,right,none,2,1252,1600,1252,,,[],0.004626511130481958,True,,,,0,0,10,10,False
control_0p10_right_mid_loading_early_stance_moderate_ice_preregistered_v1,pair_028,control,right,right,none,3,1849,2187,1849,,,[],0.004634988959878683,True,,,,0,0,10,10,False
control_0p10_right_mid_loading_early_stance_moderate_ice_preregistered_v1,pair_028,control,right,right,none,4,2448,2785,2448,,,[],0.00457093957811594,True,,,,0,0,10,10,False
positive_0p10_right_mid_loading_early_stance_moderate_ice_preregistered_v2,pair_029,positive,right,left,none,0,44,402,44,,,[],0.00554776331409812,True,,,,0,0,10,12,False
positive_0p10_right_mid_loading_early_stance_moderate_ice_preregistered_v2,pair_029,positive,right,left,none,1,706,1044,706,,,[],0.0014429278671741486,True,,,,0,0,10,12,False
positive_0p10_right_mid_loading_early_stance_moderate_ice_preregistered_v2,pair_029,positive,right,left,none,2,1291,1641,1291,,,[],0.00135340029373765,True,,,,0,0,10,11,False
positive_0p10_right_mid_loading_early_stance_moderate_ice_preregistered_v2,pair_029,positive,right,left,none,3,1899,2231,1899,,,[],0.0015808992320671678,True,,,,0,0,10,10,False
positive_0p10_right_mid_loading_early_stance_moderate_ice_preregistered_v2,pair_029,positive,right,left,none,4,2496,2832,2496,,,[],0.001560867647640407,True,,,,0,0,10,10,False
positive_0p10_right_mid_loading_early_stance_moderate_ice_preregistered_v2,pair_029,positive,right,right,none,0,34,153,34,,,[],0.0010004338109865785,True,,,,0,0,10,10,False
positive_0p10_right_mid_loading_early_stance_moderate_ice_preregistered_v2,pair_029,positive,right,right,none,1,368,745,368,,,[],0.008004835806787014,True,,,,0,0,10,10,False
positive_0p10_right_mid_loading_early_stance_moderate_ice_preregistered_v2,pair_029,positive,right,right,none,2,995,1328,995,,,[],0.0036626236978918314,True,,,,0,0,10,10,False
positive_0p10_right_mid_loading_early_stance_moderate_ice_preregistered_v2,pair_029,positive,right,right,none,3,1336,1340,1336,,,[],0.0004953826428391039,False,,,,0,0,4,4,False
positive_0p10_right_mid_loading_early_stance_moderate_ice_preregistered_v2,pair_029,positive,right,right,none,4,1599,1944,1599,,,[],0.004667784087359905,True,,,,0,0,10,10,False
positive_0p10_right_mid_loading_early_stance_moderate_ice_preregistered_v2,pair_029,positive,right,right,none,5,2193,2536,2193,,,[],0.005165576469153166,True,,,,0,0,10,10,False
positive_0p10_right_mid_loading_early_stance_moderate_ice_preregistered_v2,pair_029,positive,right,right,none,6,2538,2541,2538,,,[],0.00014815696340519935,False,,,,0,0,3,3,False
positive_0p10_right_mid_loading_early_stance_moderate_ice_preregistered_v2,pair_029,positive,right,right,none,7,2795,3000,2795,,,[],0.004410999361425638,True,,,,0,0,10,10,False
control_0p10_right_mid_loading_early_stance_moderate_ice_preregistered_v2,pair_029,control,right,left,none,0,44,402,44,,,[],0.00554776331409812,True,,,,0,0,10,12,False
control_0p10_right_mid_loading_early_stance_moderate_ice_preregistered_v2,pair_029,control,right,left,none,1,706,1044,706,,,[],0.0014429278671741486,True,,,,0,0,10,12,False
control_0p10_right_mid_loading_early_stance_moderate_ice_preregistered_v2,pair_029,control,right,left,none,2,1291,1641,1291,,,[],0.00135340029373765,True,,,,0,0,10,11,False
control_0p10_right_mid_loading_early_stance_moderate_ice_preregistered_v2,pair_029,control,right,left,none,3,1899,2231,1899,,,[],0.0015808992320671678,True,,,,0,0,10,10,False
control_0p10_right_mid_loading_early_stance_moderate_ice_preregistered_v2,pair_029,control,right,left,none,4,2496,2832,2496,,,[],0.001560867647640407,True,,,,0,0,10,10,False
control_0p10_right_mid_loading_early_stance_moderate_ice_preregistered_v2,pair_029,control,right,right,none,0,34,153,34,,,[],0.0010004338109865785,True,,,,0,0,10,10,False
control_0p10_right_mid_loading_early_stance_moderate_ice_preregistered_v2,pair_029,control,right,right,none,1,368,745,368,,,[],0.008004835806787014,True,,,,0,0,10,10,False
control_0p10_right_mid_loading_early_stance_moderate_ice_preregistered_v2,pair_029,control,right,right,none,2,995,1328,995,,,[],0.0036626236978918314,True,,,,0,0,10,10,False
control_0p10_right_mid_loading_early_stance_moderate_ice_preregistered_v2,pair_029,control,right,right,none,3,1336,1340,1336,,,[],0.0004953826428391039,False,,,,0,0,4,4,False
control_0p10_right_mid_loading_early_stance_moderate_ice_preregistered_v2,pair_029,control,right,right,none,4,1599,1944,1599,,,[],0.004667784087359905,True,,,,0,0,10,10,False
control_0p10_right_mid_loading_early_stance_moderate_ice_preregistered_v2,pair_029,control,right,right,none,5,2193,2536,2193,,,[],0.005165576469153166,True,,,,0,0,10,10,False
control_0p10_right_mid_loading_early_stance_moderate_ice_preregistered_v2,pair_029,control,right,right,none,6,2538,2541,2538,,,[],0.00014815696340519935,False,,,,0,0,3,3,False
control_0p10_right_mid_loading_early_stance_moderate_ice_preregistered_v2,pair_029,control,right,right,none,7,2795,3000,2795,,,[],0.004410999361425638,True,,,,0,0,10,10,False
positive_0p10_right_mid_late_stance_native_strong_ice_v0,pair_030,positive,right,left,none,0,36,243,36,,,[],0.0013918901095166802,True,,,,0,0,10,13,False
positive_0p10_right_mid_late_stance_native_strong_ice_v0,pair_030,positive,right,left,none,1,563,908,563,,,[],0.0021119641605764627,True,,,,0,0,10,12,False
positive_0p10_right_mid_late_stance_native_strong_ice_v0,pair_030,positive,right,left,none,2,1152,1489,1152,,,[],0.001542936428450048,True,,,,0,0,10,10,False
positive_0p10_right_mid_late_stance_native_strong_ice_v0,pair_030,positive,right,left,none,3,1755,2087,1755,,,[],0.001788174849934876,True,,,,0,0,10,10,False
positive_0p10_right_mid_late_stance_native_strong_ice_v0,pair_030,positive,right,left,none,4,2351,2687,2351,,,[],0.0017462603282183409,True,,,,0,0,10,10,False
positive_0p10_right_mid_late_stance_native_strong_ice_v0,pair_030,positive,right,left,none,5,2950,3000,2950,,,[],0.0017590996576473117,True,,,,0,0,10,10,False
positive_0p10_right_mid_late_stance_native_strong_ice_v0,pair_030,positive,right,right,none,0,43,89,43,,,[],0.001947346841916442,True,,,,0,0,10,19,False
positive_0p10_right_mid_late_stance_native_strong_ice_v0,pair_030,positive,right,right,none,1,199,604,199,,,[],0.006421095225960016,True,,,,0,0,10,10,False
positive_0p10_right_mid_late_stance_native_strong_ice_v0,pair_030,positive,right,right,none,2,856,1202,856,,,[],0.00392749160528183,True,,,,0,0,10,12,False
positive_0p10_right_mid_late_stance_native_strong_ice_v0,pair_030,positive,right,right,none,3,1454,1791,1454,,,[],0.004809890873730183,True,,,,0,0,10,10,False
positive_0p10_right_mid_late_stance_native_strong_ice_v0,pair_030,positive,right,right,none,4,2050,2386,2050,,,[],0.004723249934613705,True,,,,0,0,10,10,False
positive_0p10_right_mid_late_stance_native_strong_ice_v0,pair_030,positive,right,right,none,5,2650,2985,2650,,,[],0.004996887408196926,True,,,,0,0,10,10,False
control_0p10_right_mid_late_stance_native_strong_ice_v0,pair_030,control,right,left,none,0,36,243,36,,,[],0.0013918901095166802,True,,,,0,0,10,13,False
control_0p10_right_mid_late_stance_native_strong_ice_v0,pair_030,control,right,left,none,1,563,908,563,,,[],0.0021119641605764627,True,,,,0,0,10,12,False
control_0p10_right_mid_late_stance_native_strong_ice_v0,pair_030,control,right,left,none,2,1152,1489,1152,,,[],0.001542936428450048,True,,,,0,0,10,10,False
control_0p10_right_mid_late_stance_native_strong_ice_v0,pair_030,control,right,left,none,3,1755,2087,1755,,,[],0.001788174849934876,True,,,,0,0,10,10,False
control_0p10_right_mid_late_stance_native_strong_ice_v0,pair_030,control,right,left,none,4,2351,2687,2351,,,[],0.0017462603282183409,True,,,,0,0,10,10,False
control_0p10_right_mid_late_stance_native_strong_ice_v0,pair_030,control,right,left,none,5,2950,3000,2950,,,[],0.0017590996576473117,True,,,,0,0,10,10,False
control_0p10_right_mid_late_stance_native_strong_ice_v0,pair_030,control,right,right,none,0,43,89,43,,,[],0.001947346841916442,True,,,,0,0,10,19,False
control_0p10_right_mid_late_stance_native_strong_ice_v0,pair_030,control,right,right,none,1,199,604,199,,,[],0.006421095225960016,True,,,,0,0,10,10,False
control_0p10_right_mid_late_stance_native_strong_ice_v0,pair_030,control,right,right,none,2,856,1202,856,,,[],0.00392749160528183,True,,,,0,0,10,12,False
control_0p10_right_mid_late_stance_native_strong_ice_v0,pair_030,control,right,right,none,3,1454,1791,1454,,,[],0.004809890873730183,True,,,,0,0,10,10,False
control_0p10_right_mid_late_stance_native_strong_ice_v0,pair_030,control,right,right,none,4,2050,2386,2050,,,[],0.004723249934613705,True,,,,0,0,10,10,False
control_0p10_right_mid_late_stance_native_strong_ice_v0,pair_030,control,right,right,none,5,2650,2985,2650,,,[],0.004996887408196926,True,,,,0,0,10,10,False
positive_0p10_right_mid_late_stance_native_strong_ice_v1,pair_031,positive,right,left,none,0,39,89,39,,,[],0.0006754176574759185,True,,,,0,0,10,19,False
positive_0p10_right_mid_late_stance_native_strong_ice_v1,pair_031,positive,right,left,none,1,304,684,304,,,[],0.00788009725511074,True,,,,0,0,10,13,False
positive_0p10_right_mid_late_stance_native_strong_ice_v1,pair_031,positive,right,left,none,2,944,1297,944,,,[],0.0016044590156525373,True,,,,0,0,10,10,False
positive_0p10_right_mid_late_stance_native_strong_ice_v1,pair_031,positive,right,left,none,3,1553,1887,1553,,,[],0.0013028221437707543,True,,,,0,0,10,15,False
positive_0p10_right_mid_late_stance_native_strong_ice_v1,pair_031,positive,right,left,none,4,2151,2486,2151,,,[],0.001546802930533886,True,,,,0,0,10,15,False
positive_0p10_right_mid_late_stance_native_strong_ice_v1,pair_031,positive,right,left,none,5,2748,3000,2748,,,[],0.0016424983041360974,True,,,,0,0,10,10,False
positive_0p10_right_mid_late_stance_native_strong_ice_v1,pair_031,positive,right,right,none,0,37,328,37,,,[],0.0029586979653686285,True,,,,0,0,10,10,False
positive_0p10_right_mid_late_stance_native_strong_ice_v1,pair_031,positive,right,right,none,1,641,984,641,,,[],0.004782849457114935,True,,,,0,0,10,10,False
positive_0p10_right_mid_late_stance_native_strong_ice_v1,pair_031,positive,right,right,none,2,1252,1601,1252,,,[],0.004705831408500671,True,,,,0,0,10,11,False
positive_0p10_right_mid_late_stance_native_strong_ice_v1,pair_031,positive,right,right,none,3,1849,2187,1849,,,[],0.00464404234662652,True,,,,0,0,10,10,False
positive_0p10_right_mid_late_stance_native_strong_ice_v1,pair_031,positive,right,right,none,4,2448,2785,2448,,,[],0.004566358868032694,True,,,,0,0,10,10,False
control_0p10_right_mid_late_stance_native_strong_ice_v1,pair_031,control,right,left,none,0,39,89,39,,,[],0.0006754176574759185,True,,,,0,0,10,19,False
control_0p10_right_mid_late_stance_native_strong_ice_v1,pair_031,control,right,left,none,1,304,684,304,,,[],0.00788009725511074,True,,,,0,0,10,13,False
control_0p10_right_mid_late_stance_native_strong_ice_v1,pair_031,control,right,left,none,2,944,1297,944,,,[],0.0016044590156525373,True,,,,0,0,10,10,False
control_0p10_right_mid_late_stance_native_strong_ice_v1,pair_031,control,right,left,none,3,1553,1887,1553,,,[],0.0013028221437707543,True,,,,0,0,10,15,False
control_0p10_right_mid_late_stance_native_strong_ice_v1,pair_031,control,right,left,none,4,2151,2486,2151,,,[],0.001546802930533886,True,,,,0,0,10,15,False
control_0p10_right_mid_late_stance_native_strong_ice_v1,pair_031,control,right,left,none,5,2748,3000,2748,,,[],0.0016424983041360974,True,,,,0,0,10,10,False
control_0p10_right_mid_late_stance_native_strong_ice_v1,pair_031,control,right,right,none,0,37,328,37,,,[],0.0029586979653686285,True,,,,0,0,10,10,False
control_0p10_right_mid_late_stance_native_strong_ice_v1,pair_031,control,right,right,none,1,641,984,641,,,[],0.004782849457114935,True,,,,0,0,10,10,False
control_0p10_right_mid_late_stance_native_strong_ice_v1,pair_031,control,right,right,none,2,1252,1601,1252,,,[],0.004705831408500671,True,,,,0,0,10,11,False
control_0p10_right_mid_late_stance_native_strong_ice_v1,pair_031,control,right,right,none,3,1849,2187,1849,,,[],0.00464404234662652,True,,,,0,0,10,10,False
control_0p10_right_mid_late_stance_native_strong_ice_v1,pair_031,control,right,right,none,4,2448,2785,2448,,,[],0.004566358868032694,True,,,,0,0,10,10,False
positive_0p10_right_mid_late_stance_native_strong_ice_v2,pair_032,positive,right,left,none,0,44,402,44,,,[],0.00554782385006547,True,,,,0,0,10,12,False
positive_0p10_right_mid_late_stance_native_strong_ice_v2,pair_032,positive,right,left,none,1,706,1044,706,,,[],0.001442937646061182,True,,,,0,0,10,12,False
positive_0p10_right_mid_late_stance_native_strong_ice_v2,pair_032,positive,right,left,none,2,1291,1641,1291,,,[],0.0013791166711598635,True,,,,0,0,10,11,False
positive_0p10_right_mid_late_stance_native_strong_ice_v2,pair_032,positive,right,left,none,3,1899,2231,1899,,,[],0.0014382250374183059,True,,,,0,0,10,10,False
positive_0p10_right_mid_late_stance_native_strong_ice_v2,pair_032,positive,right,left,none,4,2496,2832,2496,,,[],0.0015669438289478421,True,,,,0,0,10,10,False
positive_0p10_right_mid_late_stance_native_strong_ice_v2,pair_032,positive,right,right,none,0,34,153,34,,,[],0.001000474556349218,True,,,,0,0,10,10,False
positive_0p10_right_mid_late_stance_native_strong_ice_v2,pair_032,positive,right,right,none,1,368,745,368,,,[],0.008004838600754738,True,,,,0,0,10,10,False
positive_0p10_right_mid_late_stance_native_strong_ice_v2,pair_032,positive,right,right,none,2,995,1328,995,,,[],0.0036509952042251825,True,,,,0,0,10,10,False
positive_0p10_right_mid_late_stance_native_strong_ice_v2,pair_032,positive,right,right,none,3,1336,1340,1336,,,[],0.0004952014423906803,False,,,,0,0,4,4,False
positive_0p10_right_mid_late_stance_native_strong_ice_v2,pair_032,positive,right,right,none,4,1599,1943,1599,,,[],0.004515905398875475,True,,,,0,0,10,10,False
positive_0p10_right_mid_late_stance_native_strong_ice_v2,pair_032,positive,right,right,none,5,2193,2536,2193,,,[],0.005167193245142698,True,,,,0,0,10,10,False
positive_0p10_right_mid_late_stance_native_strong_ice_v2,pair_032,positive,right,right,none,6,2539,2541,2539,,,[],8.090892515610904e-05,False,,,,0,0,2,2,False
positive_0p10_right_mid_late_stance_native_strong_ice_v2,pair_032,positive,right,right,none,7,2795,3000,2795,,,[],0.004406680818647146,True,,,,0,0,10,10,False
control_0p10_right_mid_late_stance_native_strong_ice_v2,pair_032,control,right,left,none,0,44,402,44,,,[],0.00554782385006547,True,,,,0,0,10,12,False
control_0p10_right_mid_late_stance_native_strong_ice_v2,pair_032,control,right,left,none,1,706,1044,706,,,[],0.001442937646061182,True,,,,0,0,10,12,False
control_0p10_right_mid_late_stance_native_strong_ice_v2,pair_032,control,right,left,none,2,1291,1641,1291,,,[],0.0013791166711598635,True,,,,0,0,10,11,False
control_0p10_right_mid_late_stance_native_strong_ice_v2,pair_032,control,right,left,none,3,1899,2231,1899,,,[],0.0014382250374183059,True,,,,0,0,10,10,False
control_0p10_right_mid_late_stance_native_strong_ice_v2,pair_032,control,right,left,none,4,2496,2832,2496,,,[],0.0015669438289478421,True,,,,0,0,10,10,False
control_0p10_right_mid_late_stance_native_strong_ice_v2,pair_032,control,right,right,none,0,34,153,34,,,[],0.001000474556349218,True,,,,0,0,10,10,False
control_0p10_right_mid_late_stance_native_strong_ice_v2,pair_032,control,right,right,none,1,368,745,368,,,[],0.008004838600754738,True,,,,0,0,10,10,False
control_0p10_right_mid_late_stance_native_strong_ice_v2,pair_032,control,right,right,none,2,995,1328,995,,,[],0.0036509952042251825,True,,,,0,0,10,10,False
control_0p10_right_mid_late_stance_native_strong_ice_v2,pair_032,control,right,right,none,3,1336,1340,1336,,,[],0.0004952014423906803,False,,,,0,0,4,4,False
control_0p10_right_mid_late_stance_native_strong_ice_v2,pair_032,control,right,right,none,4,1599,1943,1599,,,[],0.004515905398875475,True,,,,0,0,10,10,False
control_0p10_right_mid_late_stance_native_strong_ice_v2,pair_032,control,right,right,none,5,2193,2536,2193,,,[],0.005167193245142698,True,,,,0,0,10,10,False
control_0p10_right_mid_late_stance_native_strong_ice_v2,pair_032,control,right,right,none,6,2539,2541,2539,,,[],8.090892515610904e-05,False,,,,0,0,2,2,False
control_0p10_right_mid_late_stance_native_strong_ice_v2,pair_032,control,right,right,none,7,2795,3000,2795,,,[],0.004406680818647146,True,,,,0,0,10,10,False
positive_0p10_right_mid_late_stance_moderate_ice_preregistered_v0,pair_033,positive,right,left,none,0,36,243,36,,,[],0.0013493963051587343,True,,,,0,0,10,13,False
positive_0p10_right_mid_late_stance_moderate_ice_preregistered_v0,pair_033,positive,right,left,none,1,563,908,563,,,[],0.002014470985159278,True,,,,0,0,10,12,False
positive_0p10_right_mid_late_stance_moderate_ice_preregistered_v0,pair_033,positive,right,left,none,2,1152,1489,1152,,,[],0.001542638405226171,True,,,,0,0,10,10,False
positive_0p10_right_mid_late_stance_moderate_ice_preregistered_v0,pair_033,positive,right,left,none,3,1755,2087,1755,,,[],0.0017938169185072184,True,,,,0,0,10,10,False
positive_0p10_right_mid_late_stance_moderate_ice_preregistered_v0,pair_033,positive,right,left,none,4,2351,2687,2351,,,[],0.0017436433117836714,True,,,,0,0,10,10,False
positive_0p10_right_mid_late_stance_moderate_ice_preregistered_v0,pair_033,positive,right,left,none,5,2950,3000,2950,,,[],0.0017590401694178581,True,,,,0,0,10,10,False
positive_0p10_right_mid_late_stance_moderate_ice_preregistered_v0,pair_033,positive,right,right,none,0,43,89,43,,,[],0.0019399970769882202,True,,,,0,0,10,19,False
positive_0p10_right_mid_late_stance_moderate_ice_preregistered_v0,pair_033,positive,right,right,none,1,199,604,199,,,[],0.00640077143907547,True,,,,0,0,10,10,False
positive_0p10_right_mid_late_stance_moderate_ice_preregistered_v0,pair_033,positive,right,right,none,2,856,1202,856,,,[],0.0039015563670545816,True,,,,0,0,10,12,False
positive_0p10_right_mid_late_stance_moderate_ice_preregistered_v0,pair_033,positive,right,right,none,3,1454,1791,1454,,,[],0.004811354447156191,True,,,,0,0,10,10,False
positive_0p10_right_mid_late_stance_moderate_ice_preregistered_v0,pair_033,positive,right,right,none,4,2050,2386,2050,,,[],0.0047207423485815525,True,,,,0,0,10,10,False
positive_0p10_right_mid_late_stance_moderate_ice_preregistered_v0,pair_033,positive,right,right,none,5,2650,2985,2650,,,[],0.004996941890567541,True,,,,0,0,10,10,False
control_0p10_right_mid_late_stance_moderate_ice_preregistered_v0,pair_033,control,right,left,none,0,36,243,36,,,[],0.0013493963051587343,True,,,,0,0,10,13,False
control_0p10_right_mid_late_stance_moderate_ice_preregistered_v0,pair_033,control,right,left,none,1,563,908,563,,,[],0.002014470985159278,True,,,,0,0,10,12,False
control_0p10_right_mid_late_stance_moderate_ice_preregistered_v0,pair_033,control,right,left,none,2,1152,1489,1152,,,[],0.001542638405226171,True,,,,0,0,10,10,False
control_0p10_right_mid_late_stance_moderate_ice_preregistered_v0,pair_033,control,right,left,none,3,1755,2087,1755,,,[],0.0017938169185072184,True,,,,0,0,10,10,False
control_0p10_right_mid_late_stance_moderate_ice_preregistered_v0,pair_033,control,right,left,none,4,2351,2687,2351,,,[],0.0017436433117836714,True,,,,0,0,10,10,False
control_0p10_right_mid_late_stance_moderate_ice_preregistered_v0,pair_033,control,right,left,none,5,2950,3000,2950,,,[],0.0017590401694178581,True,,,,0,0,10,10,False
control_0p10_right_mid_late_stance_moderate_ice_preregistered_v0,pair_033,control,right,right,none,0,43,89,43,,,[],0.0019399970769882202,True,,,,0,0,10,19,False
control_0p10_right_mid_late_stance_moderate_ice_preregistered_v0,pair_033,control,right,right,none,1,199,604,199,,,[],0.00640077143907547,True,,,,0,0,10,10,False
control_0p10_right_mid_late_stance_moderate_ice_preregistered_v0,pair_033,control,right,right,none,2,856,1202,856,,,[],0.0039015563670545816,True,,,,0,0,10,12,False
control_0p10_right_mid_late_stance_moderate_ice_preregistered_v0,pair_033,control,right,right,none,3,1454,1791,1454,,,[],0.004811354447156191,True,,,,0,0,10,10,False
control_0p10_right_mid_late_stance_moderate_ice_preregistered_v0,pair_033,control,right,right,none,4,2050,2386,2050,,,[],0.0047207423485815525,True,,,,0,0,10,10,False
control_0p10_right_mid_late_stance_moderate_ice_preregistered_v0,pair_033,control,right,right,none,5,2650,2985,2650,,,[],0.004996941890567541,True,,,,0,0,10,10,False
positive_0p10_right_mid_late_stance_moderate_ice_preregistered_v1,pair_034,positive,right,left,none,0,39,89,39,,,[],0.0006758203962817788,True,,,,0,0,10,19,False
positive_0p10_right_mid_late_stance_moderate_ice_preregistered_v1,pair_034,positive,right,left,none,1,304,684,304,,,[],0.007876850664615631,True,,,,0,0,10,13,False
positive_0p10_right_mid_late_stance_moderate_ice_preregistered_v1,pair_034,positive,right,left,none,2,944,1297,944,,,[],0.0016056306194514036,True,,,,0,0,10,10,False
positive_0p10_right_mid_late_stance_moderate_ice_preregistered_v1,pair_034,positive,right,left,none,3,1553,1887,1553,,,[],0.0011976425303146243,True,,,,0,0,10,15,False
positive_0p10_right_mid_late_stance_moderate_ice_preregistered_v1,pair_034,positive,right,left,none,4,2151,2486,2151,,,[],0.0015471094520762563,True,,,,0,0,10,15,False
positive_0p10_right_mid_late_stance_moderate_ice_preregistered_v1,pair_034,positive,right,left,none,5,2748,3000,2748,,,[],0.0016273169312626123,True,,,,0,0,10,10,False
positive_0p10_right_mid_late_stance_moderate_ice_preregistered_v1,pair_034,positive,right,right,none,0,37,328,37,,,[],0.0029588420875370502,True,,,,0,0,10,10,False
positive_0p10_right_mid_late_stance_moderate_ice_preregistered_v1,pair_034,positive,right,right,none,1,641,984,641,,,[],0.0047893100418150425,True,,,,0,0,10,10,False
positive_0p10_right_mid_late_stance_moderate_ice_preregistered_v1,pair_034,positive,right,right,none,2,1252,1601,1252,,,[],0.0047027249820530415,True,,,,0,0,10,11,False
positive_0p10_right_mid_late_stance_moderate_ice_preregistered_v1,pair_034,positive,right,right,none,3,1849,2187,1849,,,[],0.004653634503483772,True,,,,0,0,10,10,False
positive_0p10_right_mid_late_stance_moderate_ice_preregistered_v1,pair_034,positive,right,right,none,4,2447,2785,2447,,,[],0.0049423277378082275,True,,,,0,0,10,10,False
control_0p10_right_mid_late_stance_moderate_ice_preregistered_v1,pair_034,control,right,left,none,0,39,89,39,,,[],0.0006758203962817788,True,,,,0,0,10,19,False
control_0p10_right_mid_late_stance_moderate_ice_preregistered_v1,pair_034,control,right,left,none,1,304,684,304,,,[],0.007876850664615631,True,,,,0,0,10,13,False
control_0p10_right_mid_late_stance_moderate_ice_preregistered_v1,pair_034,control,right,left,none,2,944,1297,944,,,[],0.0016056306194514036,True,,,,0,0,10,10,False
control_0p10_right_mid_late_stance_moderate_ice_preregistered_v1,pair_034,control,right,left,none,3,1553,1887,1553,,,[],0.0011976425303146243,True,,,,0,0,10,15,False
control_0p10_right_mid_late_stance_moderate_ice_preregistered_v1,pair_034,control,right,left,none,4,2151,2486,2151,,,[],0.0015471094520762563,True,,,,0,0,10,15,False
control_0p10_right_mid_late_stance_moderate_ice_preregistered_v1,pair_034,control,right,left,none,5,2748,3000,2748,,,[],0.0016273169312626123,True,,,,0,0,10,10,False
control_0p10_right_mid_late_stance_moderate_ice_preregistered_v1,pair_034,control,right,right,none,0,37,328,37,,,[],0.0029588420875370502,True,,,,0,0,10,10,False
control_0p10_right_mid_late_stance_moderate_ice_preregistered_v1,pair_034,control,right,right,none,1,641,984,641,,,[],0.0047893100418150425,True,,,,0,0,10,10,False
control_0p10_right_mid_late_stance_moderate_ice_preregistered_v1,pair_034,control,right,right,none,2,1252,1601,1252,,,[],0.0047027249820530415,True,,,,0,0,10,11,False
control_0p10_right_mid_late_stance_moderate_ice_preregistered_v1,pair_034,control,right,right,none,3,1849,2187,1849,,,[],0.004653634503483772,True,,,,0,0,10,10,False
control_0p10_right_mid_late_stance_moderate_ice_preregistered_v1,pair_034,control,right,right,none,4,2447,2785,2447,,,[],0.0049423277378082275,True,,,,0,0,10,10,False
positive_0p10_right_mid_late_stance_moderate_ice_preregistered_v2,pair_035,positive,right,left,none,0,44,402,44,,,[],0.005542084574699402,True,,,,0,0,10,12,False
positive_0p10_right_mid_late_stance_moderate_ice_preregistered_v2,pair_035,positive,right,left,none,1,706,1044,706,,,[],0.0014418169157579541,True,,,,0,0,10,12,False
positive_0p10_right_mid_late_stance_moderate_ice_preregistered_v2,pair_035,positive,right,left,none,2,1291,1640,1291,,,[],0.0013487708056345582,True,,,,0,0,10,10,False
positive_0p10_right_mid_late_stance_moderate_ice_preregistered_v2,pair_035,positive,right,left,none,3,1899,2231,1899,,,[],0.0014507301384583116,True,,,,0,0,10,10,False
positive_0p10_right_mid_late_stance_moderate_ice_preregistered_v2,pair_035,positive,right,left,none,4,2496,2832,2496,,,[],0.0014451254392042756,True,,,,0,0,10,10,False
positive_0p10_right_mid_late_stance_moderate_ice_preregistered_v2,pair_035,positive,right,right,none,0,34,153,34,,,[],0.0009974301792681217,True,,,,0,0,10,10,False
positive_0p10_right_mid_late_stance_moderate_ice_preregistered_v2,pair_035,positive,right,right,none,1,368,745,368,,,[],0.008004413917660713,True,,,,0,0,10,10,False
positive_0p10_right_mid_late_stance_moderate_ice_preregistered_v2,pair_035,positive,right,right,none,2,995,1328,995,,,[],0.003934524487704039,True,,,,0,0,10,10,False
positive_0p10_right_mid_late_stance_moderate_ice_preregistered_v2,pair_035,positive,right,right,none,3,1336,1340,1336,,,[],0.0004688405606430024,False,,,,0,0,4,4,False
positive_0p10_right_mid_late_stance_moderate_ice_preregistered_v2,pair_035,positive,right,right,none,4,1599,1943,1599,,,[],0.0044996715150773525,True,,,,0,0,10,10,False
positive_0p10_right_mid_late_stance_moderate_ice_preregistered_v2,pair_035,positive,right,right,none,5,2193,2535,2193,,,[],0.005166573915630579,True,,,,0,0,10,10,False
positive_0p10_right_mid_late_stance_moderate_ice_preregistered_v2,pair_035,positive,right,right,none,6,2538,2541,2538,,,[],0.0001608093734830618,False,,,,0,0,3,3,False
positive_0p10_right_mid_late_stance_moderate_ice_preregistered_v2,pair_035,positive,right,right,none,7,2795,3000,2795,,,[],0.004409180022776127,True,,,,0,0,10,10,False
control_0p10_right_mid_late_stance_moderate_ice_preregistered_v2,pair_035,control,right,left,none,0,44,402,44,,,[],0.005542084574699402,True,,,,0,0,10,12,False
control_0p10_right_mid_late_stance_moderate_ice_preregistered_v2,pair_035,control,right,left,none,1,706,1044,706,,,[],0.0014418169157579541,True,,,,0,0,10,12,False
control_0p10_right_mid_late_stance_moderate_ice_preregistered_v2,pair_035,control,right,left,none,2,1291,1640,1291,,,[],0.0013487708056345582,True,,,,0,0,10,10,False
control_0p10_right_mid_late_stance_moderate_ice_preregistered_v2,pair_035,control,right,left,none,3,1899,2231,1899,,,[],0.0014507301384583116,True,,,,0,0,10,10,False
control_0p10_right_mid_late_stance_moderate_ice_preregistered_v2,pair_035,control,right,left,none,4,2496,2832,2496,,,[],0.0014451254392042756,True,,,,0,0,10,10,False
control_0p10_right_mid_late_stance_moderate_ice_preregistered_v2,pair_035,control,right,right,none,0,34,153,34,,,[],0.0009974301792681217,True,,,,0,0,10,10,False
control_0p10_right_mid_late_stance_moderate_ice_preregistered_v2,pair_035,control,right,right,none,1,368,745,368,,,[],0.008004413917660713,True,,,,0,0,10,10,False
control_0p10_right_mid_late_stance_moderate_ice_preregistered_v2,pair_035,control,right,right,none,2,995,1328,995,,,[],0.003934524487704039,True,,,,0,0,10,10,False
control_0p10_right_mid_late_stance_moderate_ice_preregistered_v2,pair_035,control,right,right,none,3,1336,1340,1336,,,[],0.0004688405606430024,False,,,,0,0,4,4,False
control_0p10_right_mid_late_stance_moderate_ice_preregistered_v2,pair_035,control,right,right,none,4,1599,1943,1599,,,[],0.0044996715150773525,True,,,,0,0,10,10,False
control_0p10_right_mid_late_stance_moderate_ice_preregistered_v2,pair_035,control,right,right,none,5,2193,2535,2193,,,[],0.005166573915630579,True,,,,0,0,10,10,False
control_0p10_right_mid_late_stance_moderate_ice_preregistered_v2,pair_035,control,right,right,none,6,2538,2541,2538,,,[],0.0001608093734830618,False,,,,0,0,3,3,False
control_0p10_right_mid_late_stance_moderate_ice_preregistered_v2,pair_035,control,right,right,none,7,2795,3000,2795,,,[],0.004409180022776127,True,,,,0,0,10,10,False
positive_0p15_left_early_loading_native_strong_ice_v0,pair_036,positive,left,left,none,0,37,242,37,,,[],0.001965512754395604,True,,,,0,0,10,12,False
positive_0p15_left_early_loading_native_strong_ice_v0,pair_036,positive,left,left,none,1,563,907,563,,,[],0.0015374744543805718,True,,,,0,0,10,13,False
positive_0p15_left_early_loading_native_strong_ice_v0,pair_036,positive,left,left,none,2,1159,1489,1159,,,[],0.0022073141299188137,True,,,,0,0,10,17,False
positive_0p15_left_early_loading_native_strong_ice_v0,pair_036,positive,left,left,none,3,1760,2086,1760,,,[],0.002196597633883357,True,,,,0,0,10,15,False
positive_0p15_left_early_loading_native_strong_ice_v0,pair_036,positive,left,left,none,4,2354,2687,2354,,,[],0.002042352454736829,True,,,,0,0,10,15,False
positive_0p15_left_early_loading_native_strong_ice_v0,pair_036,positive,left,left,none,5,2953,3000,2953,,,[],0.0019953406881541014,True,,,,0,0,10,10,False
positive_0p15_left_early_loading_native_strong_ice_v0,pair_036,positive,left,right,none,0,43,90,43,,,[],0.002000093227252364,True,,,,0,0,10,20,False
positive_0p15_left_early_loading_native_strong_ice_v0,pair_036,positive,left,right,none,1,197,604,197,,,[],0.00660086702555418,True,,,,0,0,10,10,False
positive_0p15_left_early_loading_native_strong_ice_v0,pair_036,positive,left,right,none,2,859,1205,859,,,[],0.005079322960227728,True,,,,0,0,10,10,False
positive_0p15_left_early_loading_native_strong_ice_v0,pair_036,positive,left,right,none,3,1455,1803,1455,,,[],0.005828911904245615,True,,,,0,0,10,10,False
positive_0p15_left_early_loading_native_strong_ice_v0,pair_036,positive,left,right,none,4,2048,2386,2048,,,[],0.0060779317282140255,True,,,,0,0,10,10,False
positive_0p15_left_early_loading_native_strong_ice_v0,pair_036,positive,left,right,none,5,2650,2985,2650,,,[],0.005800856277346611,True,,,,0,0,10,10,False
control_0p15_left_early_loading_native_strong_ice_v0,pair_036,control,left,left,none,0,37,242,37,,,[],0.001965512754395604,True,,,,0,0,10,12,False
control_0p15_left_early_loading_native_strong_ice_v0,pair_036,control,left,left,none,1,563,907,563,,,[],0.0015374744543805718,True,,,,0,0,10,13,False
control_0p15_left_early_loading_native_strong_ice_v0,pair_036,control,left,left,none,2,1159,1489,1159,,,[],0.0022073141299188137,True,,,,0,0,10,17,False
control_0p15_left_early_loading_native_strong_ice_v0,pair_036,control,left,left,none,3,1760,2086,1760,,,[],0.002196597633883357,True,,,,0,0,10,15,False
control_0p15_left_early_loading_native_strong_ice_v0,pair_036,control,left,left,none,4,2354,2687,2354,,,[],0.002042352454736829,True,,,,0,0,10,15,False
control_0p15_left_early_loading_native_strong_ice_v0,pair_036,control,left,left,none,5,2953,3000,2953,,,[],0.0019953406881541014,True,,,,0,0,10,10,False
control_0p15_left_early_loading_native_strong_ice_v0,pair_036,control,left,right,none,0,43,90,43,,,[],0.002000093227252364,True,,,,0,0,10,20,False
control_0p15_left_early_loading_native_strong_ice_v0,pair_036,control,left,right,none,1,197,604,197,,,[],0.00660086702555418,True,,,,0,0,10,10,False
control_0p15_left_early_loading_native_strong_ice_v0,pair_036,control,left,right,none,2,859,1205,859,,,[],0.005079322960227728,True,,,,0,0,10,10,False
control_0p15_left_early_loading_native_strong_ice_v0,pair_036,control,left,right,none,3,1455,1803,1455,,,[],0.005828911904245615,True,,,,0,0,10,10,False
control_0p15_left_early_loading_native_strong_ice_v0,pair_036,control,left,right,none,4,2048,2386,2048,,,[],0.0060779317282140255,True,,,,0,0,10,10,False
control_0p15_left_early_loading_native_strong_ice_v0,pair_036,control,left,right,none,5,2650,2985,2650,,,[],0.005800856277346611,True,,,,0,0,10,10,False
positive_0p15_left_early_loading_native_strong_ice_v1,pair_037,positive,left,left,none,0,39,89,39,,,[],0.0006855471292510629,True,,,,0,0,10,19,False
positive_0p15_left_early_loading_native_strong_ice_v1,pair_037,positive,left,left,none,1,304,683,304,,,[],0.008293545804917812,True,,,,0,0,10,13,False
positive_0p15_left_early_loading_native_strong_ice_v1,pair_037,positive,left,left,none,2,945,1289,945,,,[],0.0022143921814858913,True,,,,0,0,10,17,False
positive_0p15_left_early_loading_native_strong_ice_v1,pair_037,positive,left,left,none,3,1555,1885,1555,,,[],0.0017356830649077892,True,,,,0,0,10,14,False
positive_0p15_left_early_loading_native_strong_ice_v1,pair_037,positive,left,left,none,4,2152,2484,2152,,,[],0.0019265461014583707,True,,,,0,0,10,14,False
positive_0p15_left_early_loading_native_strong_ice_v1,pair_037,positive,left,left,none,5,2749,3000,2749,,,[],0.002357454737648368,True,,,,0,0,10,10,False
positive_0p15_left_early_loading_native_strong_ice_v1,pair_037,positive,left,right,none,0,37,328,37,,,[],0.003013318171724677,True,,,,0,0,10,10,False
positive_0p15_left_early_loading_native_strong_ice_v1,pair_037,positive,left,right,none,1,642,984,642,,,[],0.004999864846467972,True,,,,0,0,10,10,False
positive_0p15_left_early_loading_native_strong_ice_v1,pair_037,positive,left,right,none,2,1251,1591,1251,,,[],0.0052543701604008675,True,,,,0,0,10,10,False
positive_0p15_left_early_loading_native_strong_ice_v1,pair_037,positive,left,right,none,3,1597,1601,1597,,,[],0.00035821631900034845,False,,,,0,0,4,4,False
positive_0p15_left_early_loading_native_strong_ice_v1,pair_037,positive,left,right,none,4,1847,2185,1847,,,[],0.005702059715986252,True,,,,0,0,10,10,False
positive_0p15_left_early_loading_native_strong_ice_v1,pair_037,positive,left,right,none,5,2445,2784,2445,,,[],0.006314145866781473,True,,,,0,0,10,10,False
control_0p15_left_early_loading_native_strong_ice_v1,pair_037,control,left,left,none,0,39,89,39,,,[],0.0006855471292510629,True,,,,0,0,10,19,False
control_0p15_left_early_loading_native_strong_ice_v1,pair_037,control,left,left,none,1,304,683,304,,,[],0.008293545804917812,True,,,,0,0,10,13,False
control_0p15_left_early_loading_native_strong_ice_v1,pair_037,control,left,left,none,2,945,1289,945,,,[],0.0022143921814858913,True,,,,0,0,10,17,False
control_0p15_left_early_loading_native_strong_ice_v1,pair_037,control,left,left,none,3,1555,1885,1555,,,[],0.0017356830649077892,True,,,,0,0,10,14,False
control_0p15_left_early_loading_native_strong_ice_v1,pair_037,control,left,left,none,4,2152,2484,2152,,,[],0.0019265461014583707,True,,,,0,0,10,14,False
control_0p15_left_early_loading_native_strong_ice_v1,pair_037,control,left,left,none,5,2749,3000,2749,,,[],0.002357454737648368,True,,,,0,0,10,10,False
control_0p15_left_early_loading_native_strong_ice_v1,pair_037,control,left,right,none,0,37,328,37,,,[],0.003013318171724677,True,,,,0,0,10,10,False
control_0p15_left_early_loading_native_strong_ice_v1,pair_037,control,left,right,none,1,642,984,642,,,[],0.004999864846467972,True,,,,0,0,10,10,False
control_0p15_left_early_loading_native_strong_ice_v1,pair_037,control,left,right,none,2,1251,1591,1251,,,[],0.0052543701604008675,True,,,,0,0,10,10,False
control_0p15_left_early_loading_native_strong_ice_v1,pair_037,control,left,right,none,3,1597,1601,1597,,,[],0.00035821631900034845,False,,,,0,0,4,4,False
control_0p15_left_early_loading_native_strong_ice_v1,pair_037,control,left,right,none,4,1847,2185,1847,,,[],0.005702059715986252,True,,,,0,0,10,10,False
control_0p15_left_early_loading_native_strong_ice_v1,pair_037,control,left,right,none,5,2445,2784,2445,,,[],0.006314145866781473,True,,,,0,0,10,10,False
positive_0p15_left_early_loading_native_strong_ice_v2,pair_038,positive,left,left,none,0,44,395,44,,,[],0.004940052051097155,True,,,,0,0,10,10,False
positive_0p15_left_early_loading_native_strong_ice_v2,pair_038,positive,left,left,none,1,399,401,399,,,[],0.00017837376799434423,False,,,,0,0,2,2,False
positive_0p15_left_early_loading_native_strong_ice_v2,pair_038,positive,left,left,none,2,709,1045,709,,,[],0.0016397025901824236,True,,,,0,0,10,13,False
positive_0p15_left_early_loading_native_strong_ice_v2,pair_038,positive,left,left,none,3,1295,1629,1295,,,[],0.0018237684853374958,True,,,,0,0,10,10,False
positive_0p15_left_early_loading_native_strong_ice_v2,pair_038,positive,left,left,none,4,1903,2229,1903,,,[],0.0023292526602745056,True,,,,0,0,10,10,False
positive_0p15_left_early_loading_native_strong_ice_v2,pair_038,positive,left,left,none,5,2498,2829,2498,,,[],0.0017765432130545378,True,,,,0,0,10,10,False
positive_0p15_left_early_loading_native_strong_ice_v2,pair_038,positive,left,right,none,0,34,161,34,,,[],0.0012962081236764789,True,,,,0,0,10,10,False
positive_0p15_left_early_loading_native_strong_ice_v2,pair_038,positive,left,right,none,1,365,744,365,,,[],0.008925470523536205,True,,,,0,0,10,10,False
positive_0p15_left_early_loading_native_strong_ice_v2,pair_038,positive,left,right,none,2,997,1333,997,,,[],0.004576081410050392,True,,,,0,0,10,10,False
positive_0p15_left_early_loading_native_strong_ice_v2,pair_038,positive,left,right,none,3,1335,1341,1335,,,[],0.0002791958104353398,False,,,,0,0,6,6,False
positive_0p15_left_early_loading_native_strong_ice_v2,pair_038,positive,left,right,none,4,1597,1944,1597,,,[],0.005442082416266203,True,,,,0,0,10,10,False
positive_0p15_left_early_loading_native_strong_ice_v2,pair_038,positive,left,right,none,5,2192,2531,2192,,,[],0.006148607470095158,True,,,,0,0,10,10,False
positive_0p15_left_early_loading_native_strong_ice_v2,pair_038,positive,left,right,none,6,2535,2541,2535,,,[],0.0005506872548721731,False,,,,0,0,6,6,False
positive_0p15_left_early_loading_native_strong_ice_v2,pair_038,positive,left,right,none,7,2793,3000,2793,,,[],0.006066734436899424,True,,,,0,0,10,10,False
control_0p15_left_early_loading_native_strong_ice_v2,pair_038,control,left,left,none,0,44,395,44,,,[],0.004940052051097155,True,,,,0,0,10,10,False
control_0p15_left_early_loading_native_strong_ice_v2,pair_038,control,left,left,none,1,399,401,399,,,[],0.00017837376799434423,False,,,,0,0,2,2,False
control_0p15_left_early_loading_native_strong_ice_v2,pair_038,control,left,left,none,2,709,1045,709,,,[],0.0016397025901824236,True,,,,0,0,10,13,False
control_0p15_left_early_loading_native_strong_ice_v2,pair_038,control,left,left,none,3,1295,1629,1295,,,[],0.0018237684853374958,True,,,,0,0,10,10,False
control_0p15_left_early_loading_native_strong_ice_v2,pair_038,control,left,left,none,4,1903,2229,1903,,,[],0.0023292526602745056,True,,,,0,0,10,10,False
control_0p15_left_early_loading_native_strong_ice_v2,pair_038,control,left,left,none,5,2498,2829,2498,,,[],0.0017765432130545378,True,,,,0,0,10,10,False
control_0p15_left_early_loading_native_strong_ice_v2,pair_038,control,left,right,none,0,34,161,34,,,[],0.0012962081236764789,True,,,,0,0,10,10,False
control_0p15_left_early_loading_native_strong_ice_v2,pair_038,control,left,right,none,1,365,744,365,,,[],0.008925470523536205,True,,,,0,0,10,10,False
control_0p15_left_early_loading_native_strong_ice_v2,pair_038,control,left,right,none,2,997,1333,997,,,[],0.004576081410050392,True,,,,0,0,10,10,False
control_0p15_left_early_loading_native_strong_ice_v2,pair_038,control,left,right,none,3,1335,1341,1335,,,[],0.0002791958104353398,False,,,,0,0,6,6,False
control_0p15_left_early_loading_native_strong_ice_v2,pair_038,control,left,right,none,4,1597,1944,1597,,,[],0.005442082416266203,True,,,,0,0,10,10,False
control_0p15_left_early_loading_native_strong_ice_v2,pair_038,control,left,right,none,5,2192,2531,2192,,,[],0.006148607470095158,True,,,,0,0,10,10,False
control_0p15_left_early_loading_native_strong_ice_v2,pair_038,control,left,right,none,6,2535,2541,2535,,,[],0.0005506872548721731,False,,,,0,0,6,6,False
control_0p15_left_early_loading_native_strong_ice_v2,pair_038,control,left,right,none,7,2793,3000,2793,,,[],0.006066734436899424,True,,,,0,0,10,10,False
positive_0p15_left_early_loading_moderate_ice_preregistered_v0,pair_039,positive,left,left,none,0,37,242,37,,,[],0.0019655285868793726,True,,,,0,0,10,12,False
positive_0p15_left_early_loading_moderate_ice_preregistered_v0,pair_039,positive,left,left,none,1,563,907,563,,,[],0.0015374977374449372,True,,,,0,0,10,13,False
positive_0p15_left_early_loading_moderate_ice_preregistered_v0,pair_039,positive,left,left,none,2,1159,1489,1159,,,[],0.0022073208820074797,True,,,,0,0,10,17,False
positive_0p15_left_early_loading_moderate_ice_preregistered_v0,pair_039,positive,left,left,none,3,1760,2086,1760,,,[],0.0021966143976897,True,,,,0,0,10,15,False
positive_0p15_left_early_loading_moderate_ice_preregistered_v0,pair_039,positive,left,left,none,4,2354,2687,2354,,,[],0.002042352454736829,True,,,,0,0,10,15,False
positive_0p15_left_early_loading_moderate_ice_preregistered_v0,pair_039,positive,left,left,none,5,2953,3000,2953,,,[],0.0019953406881541014,True,,,,0,0,10,10,False
positive_0p15_left_early_loading_moderate_ice_preregistered_v0,pair_039,positive,left,right,none,0,43,90,43,,,[],0.0020001123193651438,True,,,,0,0,10,20,False
positive_0p15_left_early_loading_moderate_ice_preregistered_v0,pair_039,positive,left,right,none,1,197,604,197,,,[],0.006601020228117704,True,,,,0,0,10,10,False
positive_0p15_left_early_loading_moderate_ice_preregistered_v0,pair_039,positive,left,right,none,2,859,1205,859,,,[],0.005079304333776236,True,,,,0,0,10,10,False
positive_0p15_left_early_loading_moderate_ice_preregistered_v0,pair_039,positive,left,right,none,3,1455,1803,1455,,,[],0.0058289277367293835,True,,,,0,0,10,10,False
positive_0p15_left_early_loading_moderate_ice_preregistered_v0,pair_039,positive,left,right,none,4,2048,2386,2048,,,[],0.006077904254198074,True,,,,0,0,10,10,False
positive_0p15_left_early_loading_moderate_ice_preregistered_v0,pair_039,positive,left,right,none,5,2650,2985,2650,,,[],0.005800856277346611,True,,,,0,0,10,10,False
control_0p15_left_early_loading_moderate_ice_preregistered_v0,pair_039,control,left,left,none,0,37,242,37,,,[],0.0019655285868793726,True,,,,0,0,10,12,False
control_0p15_left_early_loading_moderate_ice_preregistered_v0,pair_039,control,left,left,none,1,563,907,563,,,[],0.0015374977374449372,True,,,,0,0,10,13,False
control_0p15_left_early_loading_moderate_ice_preregistered_v0,pair_039,control,left,left,none,2,1159,1489,1159,,,[],0.0022073208820074797,True,,,,0,0,10,17,False
control_0p15_left_early_loading_moderate_ice_preregistered_v0,pair_039,control,left,left,none,3,1760,2086,1760,,,[],0.0021966143976897,True,,,,0,0,10,15,False
control_0p15_left_early_loading_moderate_ice_preregistered_v0,pair_039,control,left,left,none,4,2354,2687,2354,,,[],0.002042352454736829,True,,,,0,0,10,15,False
control_0p15_left_early_loading_moderate_ice_preregistered_v0,pair_039,control,left,left,none,5,2953,3000,2953,,,[],0.0019953406881541014,True,,,,0,0,10,10,False
control_0p15_left_early_loading_moderate_ice_preregistered_v0,pair_039,control,left,right,none,0,43,90,43,,,[],0.0020001123193651438,True,,,,0,0,10,20,False
control_0p15_left_early_loading_moderate_ice_preregistered_v0,pair_039,control,left,right,none,1,197,604,197,,,[],0.006601020228117704,True,,,,0,0,10,10,False
control_0p15_left_early_loading_moderate_ice_preregistered_v0,pair_039,control,left,right,none,2,859,1205,859,,,[],0.005079304333776236,True,,,,0,0,10,10,False
control_0p15_left_early_loading_moderate_ice_preregistered_v0,pair_039,control,left,right,none,3,1455,1803,1455,,,[],0.0058289277367293835,True,,,,0,0,10,10,False
control_0p15_left_early_loading_moderate_ice_preregistered_v0,pair_039,control,left,right,none,4,2048,2386,2048,,,[],0.006077904254198074,True,,,,0,0,10,10,False
control_0p15_left_early_loading_moderate_ice_preregistered_v0,pair_039,control,left,right,none,5,2650,2985,2650,,,[],0.005800856277346611,True,,,,0,0,10,10,False
positive_0p15_left_early_loading_moderate_ice_preregistered_v1,pair_040,positive,left,left,none,0,39,89,39,,,[],0.0006854742532595992,True,,,,0,0,10,19,False
positive_0p15_left_early_loading_moderate_ice_preregistered_v1,pair_040,positive,left,left,none,1,304,683,304,,,[],0.008004900068044662,True,,,,0,0,10,13,False
positive_0p15_left_early_loading_moderate_ice_preregistered_v1,pair_040,positive,left,left,none,2,946,1290,946,,,[],0.002088925102725625,True,,,,0,0,10,10,False
positive_0p15_left_early_loading_moderate_ice_preregistered_v1,pair_040,positive,left,left,none,3,1555,1885,1555,,,[],0.001717235310934484,True,,,,0,0,10,14,False
positive_0p15_left_early_loading_moderate_ice_preregistered_v1,pair_040,positive,left,left,none,4,2152,2484,2152,,,[],0.0019163703545928001,True,,,,0,0,10,14,False
positive_0p15_left_early_loading_moderate_ice_preregistered_v1,pair_040,positive,left,left,none,5,2749,3000,2749,,,[],0.0023471121676266193,True,,,,0,0,10,10,False
positive_0p15_left_early_loading_moderate_ice_preregistered_v1,pair_040,positive,left,right,none,0,37,328,37,,,[],0.0030150553211569786,True,,,,0,0,10,10,False
positive_0p15_left_early_loading_moderate_ice_preregistered_v1,pair_040,positive,left,right,none,1,642,984,642,,,[],0.004985544364899397,True,,,,0,0,10,10,False
positive_0p15_left_early_loading_moderate_ice_preregistered_v1,pair_040,positive,left,right,none,2,1251,1590,1251,,,[],0.00527724577113986,True,,,,0,0,10,10,False
positive_0p15_left_early_loading_moderate_ice_preregistered_v1,pair_040,positive,left,right,none,3,1597,1601,1597,,,[],0.00038029110874049366,False,,,,0,0,4,4,False
positive_0p15_left_early_loading_moderate_ice_preregistered_v1,pair_040,positive,left,right,none,4,1847,2185,1847,,,[],0.005713553633540869,True,,,,0,0,10,10,False
positive_0p15_left_early_loading_moderate_ice_preregistered_v1,pair_040,positive,left,right,none,5,2445,2784,2445,,,[],0.006307756528258324,True,,,,0,0,10,10,False
control_0p15_left_early_loading_moderate_ice_preregistered_v1,pair_040,control,left,left,none,0,39,89,39,,,[],0.0006854742532595992,True,,,,0,0,10,19,False
control_0p15_left_early_loading_moderate_ice_preregistered_v1,pair_040,control,left,left,none,1,304,683,304,,,[],0.008004900068044662,True,,,,0,0,10,13,False
control_0p15_left_early_loading_moderate_ice_preregistered_v1,pair_040,control,left,left,none,2,946,1290,946,,,[],0.002088925102725625,True,,,,0,0,10,10,False
control_0p15_left_early_loading_moderate_ice_preregistered_v1,pair_040,control,left,left,none,3,1555,1885,1555,,,[],0.001717235310934484,True,,,,0,0,10,14,False
control_0p15_left_early_loading_moderate_ice_preregistered_v1,pair_040,control,left,left,none,4,2152,2484,2152,,,[],0.0019163703545928001,True,,,,0,0,10,14,False
control_0p15_left_early_loading_moderate_ice_preregistered_v1,pair_040,control,left,left,none,5,2749,3000,2749,,,[],0.0023471121676266193,True,,,,0,0,10,10,False
control_0p15_left_early_loading_moderate_ice_preregistered_v1,pair_040,control,left,right,none,0,37,328,37,,,[],0.0030150553211569786,True,,,,0,0,10,10,False
control_0p15_left_early_loading_moderate_ice_preregistered_v1,pair_040,control,left,right,none,1,642,984,642,,,[],0.004985544364899397,True,,,,0,0,10,10,False
control_0p15_left_early_loading_moderate_ice_preregistered_v1,pair_040,control,left,right,none,2,1251,1590,1251,,,[],0.00527724577113986,True,,,,0,0,10,10,False
control_0p15_left_early_loading_moderate_ice_preregistered_v1,pair_040,control,left,right,none,3,1597,1601,1597,,,[],0.00038029110874049366,False,,,,0,0,4,4,False
control_0p15_left_early_loading_moderate_ice_preregistered_v1,pair_040,control,left,right,none,4,1847,2185,1847,,,[],0.005713553633540869,True,,,,0,0,10,10,False
control_0p15_left_early_loading_moderate_ice_preregistered_v1,pair_040,control,left,right,none,5,2445,2784,2445,,,[],0.006307756528258324,True,,,,0,0,10,10,False
positive_0p15_left_early_loading_moderate_ice_preregistered_v2,pair_041,positive,left,left,none,0,44,394,44,,,[],0.004828792065382004,True,,,,0,0,10,10,False
positive_0p15_left_early_loading_moderate_ice_preregistered_v2,pair_041,positive,left,left,none,1,398,401,398,,,[],0.0003385715535841882,False,,,,0,0,3,3,False
positive_0p15_left_early_loading_moderate_ice_preregistered_v2,pair_041,positive,left,left,none,2,709,1045,709,,,[],0.00164812954608351,True,,,,0,0,10,13,False
positive_0p15_left_early_loading_moderate_ice_preregistered_v2,pair_041,positive,left,left,none,3,1295,1629,1295,,,[],0.0018111946992576122,True,,,,0,0,10,10,False
positive_0p15_left_early_loading_moderate_ice_preregistered_v2,pair_041,positive,left,left,none,4,1903,2229,1903,,,[],0.002165403449907899,True,,,,0,0,10,10,False
positive_0p15_left_early_loading_moderate_ice_preregistered_v2,pair_041,positive,left,left,none,5,2498,2829,2498,,,[],0.0017743814969435334,True,,,,0,0,10,10,False
positive_0p15_left_early_loading_moderate_ice_preregistered_v2,pair_041,positive,left,right,none,0,34,160,34,,,[],0.001260825665667653,True,,,,0,0,10,10,False
positive_0p15_left_early_loading_moderate_ice_preregistered_v2,pair_041,positive,left,right,none,1,365,744,365,,,[],0.00896577537059784,True,,,,0,0,10,10,False
positive_0p15_left_early_loading_moderate_ice_preregistered_v2,pair_041,positive,left,right,none,2,997,1332,997,,,[],0.004569613374769688,True,,,,0,0,10,10,False
positive_0p15_left_early_loading_moderate_ice_preregistered_v2,pair_041,positive,left,right,none,3,1335,1342,1335,,,[],0.00037940833135508,False,,,,0,0,7,7,False
positive_0p15_left_early_loading_moderate_ice_preregistered_v2,pair_041,positive,left,right,none,4,1597,1943,1597,,,[],0.0054552191868424416,True,,,,0,0,10,10,False
positive_0p15_left_early_loading_moderate_ice_preregistered_v2,pair_041,positive,left,right,none,5,2191,2530,2191,,,[],0.006614865269511938,True,,,,0,0,10,10,False
positive_0p15_left_early_loading_moderate_ice_preregistered_v2,pair_041,positive,left,right,none,6,2534,2540,2534,,,[],0.0005205310299061239,False,,,,0,0,6,6,False
positive_0p15_left_early_loading_moderate_ice_preregistered_v2,pair_041,positive,left,right,none,7,2793,3000,2793,,,[],0.006071452982723713,True,,,,0,0,10,10,False
control_0p15_left_early_loading_moderate_ice_preregistered_v2,pair_041,control,left,left,none,0,44,394,44,,,[],0.004828792065382004,True,,,,0,0,10,10,False
control_0p15_left_early_loading_moderate_ice_preregistered_v2,pair_041,control,left,left,none,1,398,401,398,,,[],0.0003385715535841882,False,,,,0,0,3,3,False
control_0p15_left_early_loading_moderate_ice_preregistered_v2,pair_041,control,left,left,none,2,709,1045,709,,,[],0.00164812954608351,True,,,,0,0,10,13,False
control_0p15_left_early_loading_moderate_ice_preregistered_v2,pair_041,control,left,left,none,3,1295,1629,1295,,,[],0.0018111946992576122,True,,,,0,0,10,10,False
control_0p15_left_early_loading_moderate_ice_preregistered_v2,pair_041,control,left,left,none,4,1903,2229,1903,,,[],0.002165403449907899,True,,,,0,0,10,10,False
control_0p15_left_early_loading_moderate_ice_preregistered_v2,pair_041,control,left,left,none,5,2498,2829,2498,,,[],0.0017743814969435334,True,,,,0,0,10,10,False
control_0p15_left_early_loading_moderate_ice_preregistered_v2,pair_041,control,left,right,none,0,34,160,34,,,[],0.001260825665667653,True,,,,0,0,10,10,False
control_0p15_left_early_loading_moderate_ice_preregistered_v2,pair_041,control,left,right,none,1,365,744,365,,,[],0.00896577537059784,True,,,,0,0,10,10,False
control_0p15_left_early_loading_moderate_ice_preregistered_v2,pair_041,control,left,right,none,2,997,1332,997,,,[],0.004569613374769688,True,,,,0,0,10,10,False
control_0p15_left_early_loading_moderate_ice_preregistered_v2,pair_041,control,left,right,none,3,1335,1342,1335,,,[],0.00037940833135508,False,,,,0,0,7,7,False
control_0p15_left_early_loading_moderate_ice_preregistered_v2,pair_041,control,left,right,none,4,1597,1943,1597,,,[],0.0054552191868424416,True,,,,0,0,10,10,False
control_0p15_left_early_loading_moderate_ice_preregistered_v2,pair_041,control,left,right,none,5,2191,2530,2191,,,[],0.006614865269511938,True,,,,0,0,10,10,False
control_0p15_left_early_loading_moderate_ice_preregistered_v2,pair_041,control,left,right,none,6,2534,2540,2534,,,[],0.0005205310299061239,False,,,,0,0,6,6,False
control_0p15_left_early_loading_moderate_ice_preregistered_v2,pair_041,control,left,right,none,7,2793,3000,2793,,,[],0.006071452982723713,True,,,,0,0,10,10,False
positive_0p15_left_mid_loading_early_stance_native_strong_ice_v0,pair_042,positive,left,left,none,0,37,242,37,,,[],0.0019711891654878855,True,,,,0,0,10,12,False
positive_0p15_left_mid_loading_early_stance_native_strong_ice_v0,pair_042,positive,left,left,none,1,563,907,563,,,[],0.0015429944032803178,True,,,,0,0,10,13,False
positive_0p15_left_mid_loading_early_stance_native_strong_ice_v0,pair_042,positive,left,left,none,2,1159,1489,1159,,,[],0.002209959551692009,True,,,,0,0,10,17,False
positive_0p15_left_mid_loading_early_stance_native_strong_ice_v0,pair_042,positive,left,left,none,3,1760,2086,1760,,,[],0.002198035828769207,True,,,,0,0,10,15,False
positive_0p15_left_mid_loading_early_stance_native_strong_ice_v0,pair_042,positive,left,left,none,4,2354,2687,2354,,,[],0.002042145235463977,True,,,,0,0,10,15,False
positive_0p15_left_mid_loading_early_stance_native_strong_ice_v0,pair_042,positive,left,left,none,5,2953,3000,2953,,,[],0.0019953467417508364,True,,,,0,0,10,10,False
positive_0p15_left_mid_loading_early_stance_native_strong_ice_v0,pair_042,positive,left,right,none,0,43,90,43,,,[],0.002008682582527399,True,,,,0,0,10,20,False
positive_0p15_left_mid_loading_early_stance_native_strong_ice_v0,pair_042,positive,left,right,none,1,197,604,197,,,[],0.00664464570581913,True,,,,0,0,10,10,False
positive_0p15_left_mid_loading_early_stance_native_strong_ice_v0,pair_042,positive,left,right,none,2,859,1205,859,,,[],0.005075889173895121,True,,,,0,0,10,10,False
positive_0p15_left_mid_loading_early_stance_native_strong_ice_v0,pair_042,positive,left,right,none,3,1455,1803,1455,,,[],0.005829475354403257,True,,,,0,0,10,10,False
positive_0p15_left_mid_loading_early_stance_native_strong_ice_v0,pair_042,positive,left,right,none,4,2048,2386,2048,,,[],0.006078519858419895,True,,,,0,0,10,10,False
positive_0p15_left_mid_loading_early_stance_native_strong_ice_v0,pair_042,positive,left,right,none,5,2650,2985,2650,,,[],0.005801021121442318,True,,,,0,0,10,10,False
control_0p15_left_mid_loading_early_stance_native_strong_ice_v0,pair_042,control,left,left,none,0,37,242,37,,,[],0.0019711891654878855,True,,,,0,0,10,12,False
control_0p15_left_mid_loading_early_stance_native_strong_ice_v0,pair_042,control,left,left,none,1,563,907,563,,,[],0.0015429944032803178,True,,,,0,0,10,13,False
control_0p15_left_mid_loading_early_stance_native_strong_ice_v0,pair_042,control,left,left,none,2,1159,1489,1159,,,[],0.002209959551692009,True,,,,0,0,10,17,False
control_0p15_left_mid_loading_early_stance_native_strong_ice_v0,pair_042,control,left,left,none,3,1760,2086,1760,,,[],0.002198035828769207,True,,,,0,0,10,15,False
control_0p15_left_mid_loading_early_stance_native_strong_ice_v0,pair_042,control,left,left,none,4,2354,2687,2354,,,[],0.002042145235463977,True,,,,0,0,10,15,False
control_0p15_left_mid_loading_early_stance_native_strong_ice_v0,pair_042,control,left,left,none,5,2953,3000,2953,,,[],0.0019953467417508364,True,,,,0,0,10,10,False
control_0p15_left_mid_loading_early_stance_native_strong_ice_v0,pair_042,control,left,right,none,0,43,90,43,,,[],0.002008682582527399,True,,,,0,0,10,20,False
control_0p15_left_mid_loading_early_stance_native_strong_ice_v0,pair_042,control,left,right,none,1,197,604,197,,,[],0.00664464570581913,True,,,,0,0,10,10,False
control_0p15_left_mid_loading_early_stance_native_strong_ice_v0,pair_042,control,left,right,none,2,859,1205,859,,,[],0.005075889173895121,True,,,,0,0,10,10,False
control_0p15_left_mid_loading_early_stance_native_strong_ice_v0,pair_042,control,left,right,none,3,1455,1803,1455,,,[],0.005829475354403257,True,,,,0,0,10,10,False
control_0p15_left_mid_loading_early_stance_native_strong_ice_v0,pair_042,control,left,right,none,4,2048,2386,2048,,,[],0.006078519858419895,True,,,,0,0,10,10,False
control_0p15_left_mid_loading_early_stance_native_strong_ice_v0,pair_042,control,left,right,none,5,2650,2985,2650,,,[],0.005801021121442318,True,,,,0,0,10,10,False
positive_0p15_left_mid_loading_early_stance_native_strong_ice_v1,pair_043,positive,left,left,none,0,39,89,39,,,[],0.0006855220999568701,True,,,,0,0,10,19,False
positive_0p15_left_mid_loading_early_stance_native_strong_ice_v1,pair_043,positive,left,left,none,1,304,683,304,,,[],0.008010064251720905,True,,,,0,0,10,13,False
positive_0p15_left_mid_loading_early_stance_native_strong_ice_v1,pair_043,positive,left,left,none,2,946,1290,946,,,[],0.0020905102137476206,True,,,,0,0,10,10,False
positive_0p15_left_mid_loading_early_stance_native_strong_ice_v1,pair_043,positive,left,left,none,3,1555,1885,1555,,,[],0.0017173071391880512,True,,,,0,0,10,14,False
positive_0p15_left_mid_loading_early_stance_native_strong_ice_v1,pair_043,positive,left,left,none,4,2152,2484,2152,,,[],0.0019142036326229572,True,,,,0,0,10,14,False
positive_0p15_left_mid_loading_early_stance_native_strong_ice_v1,pair_043,positive,left,left,none,5,2749,3000,2749,,,[],0.0023430276196449995,True,,,,0,0,10,10,False
positive_0p15_left_mid_loading_early_stance_native_strong_ice_v1,pair_043,positive,left,right,none,0,37,328,37,,,[],0.003014188725501299,True,,,,0,0,10,10,False
positive_0p15_left_mid_loading_early_stance_native_strong_ice_v1,pair_043,positive,left,right,none,1,642,984,642,,,[],0.004986479878425598,True,,,,0,0,10,10,False
positive_0p15_left_mid_loading_early_stance_native_strong_ice_v1,pair_043,positive,left,right,none,2,1251,1590,1251,,,[],0.005277184769511223,True,,,,0,0,10,10,False
positive_0p15_left_mid_loading_early_stance_native_strong_ice_v1,pair_043,positive,left,right,none,3,1597,1601,1597,,,[],0.0003954379353672266,False,,,,0,0,4,4,False
positive_0p15_left_mid_loading_early_stance_native_strong_ice_v1,pair_043,positive,left,right,none,4,1847,2185,1847,,,[],0.005715670995414257,True,,,,0,0,10,10,False
positive_0p15_left_mid_loading_early_stance_native_strong_ice_v1,pair_043,positive,left,right,none,5,2445,2784,2445,,,[],0.006306288298219442,True,,,,0,0,10,10,False
control_0p15_left_mid_loading_early_stance_native_strong_ice_v1,pair_043,control,left,left,none,0,39,89,39,,,[],0.0006855220999568701,True,,,,0,0,10,19,False
control_0p15_left_mid_loading_early_stance_native_strong_ice_v1,pair_043,control,left,left,none,1,304,683,304,,,[],0.008010064251720905,True,,,,0,0,10,13,False
control_0p15_left_mid_loading_early_stance_native_strong_ice_v1,pair_043,control,left,left,none,2,946,1290,946,,,[],0.0020905102137476206,True,,,,0,0,10,10,False
control_0p15_left_mid_loading_early_stance_native_strong_ice_v1,pair_043,control,left,left,none,3,1555,1885,1555,,,[],0.0017173071391880512,True,,,,0,0,10,14,False
control_0p15_left_mid_loading_early_stance_native_strong_ice_v1,pair_043,control,left,left,none,4,2152,2484,2152,,,[],0.0019142036326229572,True,,,,0,0,10,14,False
control_0p15_left_mid_loading_early_stance_native_strong_ice_v1,pair_043,control,left,left,none,5,2749,3000,2749,,,[],0.0023430276196449995,True,,,,0,0,10,10,False
control_0p15_left_mid_loading_early_stance_native_strong_ice_v1,pair_043,control,left,right,none,0,37,328,37,,,[],0.003014188725501299,True,,,,0,0,10,10,False
control_0p15_left_mid_loading_early_stance_native_strong_ice_v1,pair_043,control,left,right,none,1,642,984,642,,,[],0.004986479878425598,True,,,,0,0,10,10,False
control_0p15_left_mid_loading_early_stance_native_strong_ice_v1,pair_043,control,left,right,none,2,1251,1590,1251,,,[],0.005277184769511223,True,,,,0,0,10,10,False
control_0p15_left_mid_loading_early_stance_native_strong_ice_v1,pair_043,control,left,right,none,3,1597,1601,1597,,,[],0.0003954379353672266,False,,,,0,0,4,4,False
control_0p15_left_mid_loading_early_stance_native_strong_ice_v1,pair_043,control,left,right,none,4,1847,2185,1847,,,[],0.005715670995414257,True,,,,0,0,10,10,False
control_0p15_left_mid_loading_early_stance_native_strong_ice_v1,pair_043,control,left,right,none,5,2445,2784,2445,,,[],0.006306288298219442,True,,,,0,0,10,10,False
positive_0p15_left_mid_loading_early_stance_native_strong_ice_v2,pair_044,positive,left,left,none,0,44,395,44,,,[],0.004945836961269379,True,,,,0,0,10,10,False
positive_0p15_left_mid_loading_early_stance_native_strong_ice_v2,pair_044,positive,left,left,none,1,399,401,399,,,[],0.0001788218505680561,False,,,,0,0,2,2,False
positive_0p15_left_mid_loading_early_stance_native_strong_ice_v2,pair_044,positive,left,left,none,2,709,1045,709,,,[],0.0016405220376327634,True,,,,0,0,10,13,False
positive_0p15_left_mid_loading_early_stance_native_strong_ice_v2,pair_044,positive,left,left,none,3,1295,1629,1295,,,[],0.0018184685613960028,True,,,,0,0,10,10,False
positive_0p15_left_mid_loading_early_stance_native_strong_ice_v2,pair_044,positive,left,left,none,4,1903,2229,1903,,,[],0.002177735324949026,True,,,,0,0,10,10,False
positive_0p15_left_mid_loading_early_stance_native_strong_ice_v2,pair_044,positive,left,left,none,5,2498,2829,2498,,,[],0.0017758423928171396,True,,,,0,0,10,10,False
positive_0p15_left_mid_loading_early_stance_native_strong_ice_v2,pair_044,positive,left,right,none,0,34,160,34,,,[],0.0012523999903351068,True,,,,0,0,10,10,False
positive_0p15_left_mid_loading_early_stance_native_strong_ice_v2,pair_044,positive,left,right,none,1,365,744,365,,,[],0.00894604530185461,True,,,,0,0,10,10,False
positive_0p15_left_mid_loading_early_stance_native_strong_ice_v2,pair_044,positive,left,right,none,2,997,1333,997,,,[],0.004570883233100176,True,,,,0,0,10,10,False
positive_0p15_left_mid_loading_early_stance_native_strong_ice_v2,pair_044,positive,left,right,none,3,1335,1342,1335,,,[],0.00037323072319850326,False,,,,0,0,7,7,False
positive_0p15_left_mid_loading_early_stance_native_strong_ice_v2,pair_044,positive,left,right,none,4,1597,1943,1597,,,[],0.005445173475891352,True,,,,0,0,10,10,False
positive_0p15_left_mid_loading_early_stance_native_strong_ice_v2,pair_044,positive,left,right,none,5,2191,2531,2191,,,[],0.006612409371882677,True,,,,0,0,10,10,False
positive_0p15_left_mid_loading_early_stance_native_strong_ice_v2,pair_044,positive,left,right,none,6,2535,2541,2535,,,[],0.00055075460113585,False,,,,0,0,6,6,False
positive_0p15_left_mid_loading_early_stance_native_strong_ice_v2,pair_044,positive,left,right,none,7,2793,3000,2793,,,[],0.006068059243261814,True,,,,0,0,10,10,False
control_0p15_left_mid_loading_early_stance_native_strong_ice_v2,pair_044,control,left,left,none,0,44,395,44,,,[],0.004945836961269379,True,,,,0,0,10,10,False
control_0p15_left_mid_loading_early_stance_native_strong_ice_v2,pair_044,control,left,left,none,1,399,401,399,,,[],0.0001788218505680561,False,,,,0,0,2,2,False
control_0p15_left_mid_loading_early_stance_native_strong_ice_v2,pair_044,control,left,left,none,2,709,1045,709,,,[],0.0016405220376327634,True,,,,0,0,10,13,False
control_0p15_left_mid_loading_early_stance_native_strong_ice_v2,pair_044,control,left,left,none,3,1295,1629,1295,,,[],0.0018184685613960028,True,,,,0,0,10,10,False
control_0p15_left_mid_loading_early_stance_native_strong_ice_v2,pair_044,control,left,left,none,4,1903,2229,1903,,,[],0.002177735324949026,True,,,,0,0,10,10,False
control_0p15_left_mid_loading_early_stance_native_strong_ice_v2,pair_044,control,left,left,none,5,2498,2829,2498,,,[],0.0017758423928171396,True,,,,0,0,10,10,False
control_0p15_left_mid_loading_early_stance_native_strong_ice_v2,pair_044,control,left,right,none,0,34,160,34,,,[],0.0012523999903351068,True,,,,0,0,10,10,False
control_0p15_left_mid_loading_early_stance_native_strong_ice_v2,pair_044,control,left,right,none,1,365,744,365,,,[],0.00894604530185461,True,,,,0,0,10,10,False
control_0p15_left_mid_loading_early_stance_native_strong_ice_v2,pair_044,control,left,right,none,2,997,1333,997,,,[],0.004570883233100176,True,,,,0,0,10,10,False
control_0p15_left_mid_loading_early_stance_native_strong_ice_v2,pair_044,control,left,right,none,3,1335,1342,1335,,,[],0.00037323072319850326,False,,,,0,0,7,7,False
control_0p15_left_mid_loading_early_stance_native_strong_ice_v2,pair_044,control,left,right,none,4,1597,1943,1597,,,[],0.005445173475891352,True,,,,0,0,10,10,False
control_0p15_left_mid_loading_early_stance_native_strong_ice_v2,pair_044,control,left,right,none,5,2191,2531,2191,,,[],0.006612409371882677,True,,,,0,0,10,10,False
control_0p15_left_mid_loading_early_stance_native_strong_ice_v2,pair_044,control,left,right,none,6,2535,2541,2535,,,[],0.00055075460113585,False,,,,0,0,6,6,False
control_0p15_left_mid_loading_early_stance_native_strong_ice_v2,pair_044,control,left,right,none,7,2793,3000,2793,,,[],0.006068059243261814,True,,,,0,0,10,10,False
positive_0p15_left_mid_loading_early_stance_moderate_ice_preregistered_v0,pair_045,positive,left,left,none,0,37,242,37,,,[],0.0019701647106558084,True,,,,0,0,10,12,False
positive_0p15_left_mid_loading_early_stance_moderate_ice_preregistered_v0,pair_045,positive,left,left,none,1,563,907,563,,,[],0.0015421404968947172,True,,,,0,0,10,13,False
positive_0p15_left_mid_loading_early_stance_moderate_ice_preregistered_v0,pair_045,positive,left,left,none,2,1159,1489,1159,,,[],0.0022095537278801203,True,,,,0,0,10,17,False
positive_0p15_left_mid_loading_early_stance_moderate_ice_preregistered_v0,pair_045,positive,left,left,none,3,1760,2086,1760,,,[],0.0021978134755045176,True,,,,0,0,10,15,False
positive_0p15_left_mid_loading_early_stance_moderate_ice_preregistered_v0,pair_045,positive,left,left,none,4,2354,2687,2354,,,[],0.0020421722438186407,True,,,,0,0,10,15,False
positive_0p15_left_mid_loading_early_stance_moderate_ice_preregistered_v0,pair_045,positive,left,left,none,5,2953,3000,2953,,,[],0.0019953781738877296,True,,,,0,0,10,10,False
positive_0p15_left_mid_loading_early_stance_moderate_ice_preregistered_v0,pair_045,positive,left,right,none,0,43,90,43,,,[],0.0020075037609785795,True,,,,0,0,10,20,False
positive_0p15_left_mid_loading_early_stance_moderate_ice_preregistered_v0,pair_045,positive,left,right,none,1,197,604,197,,,[],0.00663871830329299,True,,,,0,0,10,10,False
positive_0p15_left_mid_loading_early_stance_moderate_ice_preregistered_v0,pair_045,positive,left,right,none,2,859,1205,859,,,[],0.005076357629150152,True,,,,0,0,10,10,False
positive_0p15_left_mid_loading_early_stance_moderate_ice_preregistered_v0,pair_045,positive,left,right,none,3,1455,1803,1455,,,[],0.005829404573887587,True,,,,0,0,10,10,False
positive_0p15_left_mid_loading_early_stance_moderate_ice_preregistered_v0,pair_045,positive,left,right,none,4,2048,2386,2048,,,[],0.00607845326885581,True,,,,0,0,10,10,False
positive_0p15_left_mid_loading_early_stance_moderate_ice_preregistered_v0,pair_045,positive,left,right,none,5,2650,2985,2650,,,[],0.005800989456474781,True,,,,0,0,10,10,False
control_0p15_left_mid_loading_early_stance_moderate_ice_preregistered_v0,pair_045,control,left,left,none,0,37,242,37,,,[],0.0019701647106558084,True,,,,0,0,10,12,False
control_0p15_left_mid_loading_early_stance_moderate_ice_preregistered_v0,pair_045,control,left,left,none,1,563,907,563,,,[],0.0015421404968947172,True,,,,0,0,10,13,False
control_0p15_left_mid_loading_early_stance_moderate_ice_preregistered_v0,pair_045,control,left,left,none,2,1159,1489,1159,,,[],0.0022095537278801203,True,,,,0,0,10,17,False
control_0p15_left_mid_loading_early_stance_moderate_ice_preregistered_v0,pair_045,control,left,left,none,3,1760,2086,1760,,,[],0.0021978134755045176,True,,,,0,0,10,15,False
control_0p15_left_mid_loading_early_stance_moderate_ice_preregistered_v0,pair_045,control,left,left,none,4,2354,2687,2354,,,[],0.0020421722438186407,True,,,,0,0,10,15,False
control_0p15_left_mid_loading_early_stance_moderate_ice_preregistered_v0,pair_045,control,left,left,none,5,2953,3000,2953,,,[],0.0019953781738877296,True,,,,0,0,10,10,False
control_0p15_left_mid_loading_early_stance_moderate_ice_preregistered_v0,pair_045,control,left,right,none,0,43,90,43,,,[],0.0020075037609785795,True,,,,0,0,10,20,False
control_0p15_left_mid_loading_early_stance_moderate_ice_preregistered_v0,pair_045,control,left,right,none,1,197,604,197,,,[],0.00663871830329299,True,,,,0,0,10,10,False
control_0p15_left_mid_loading_early_stance_moderate_ice_preregistered_v0,pair_045,control,left,right,none,2,859,1205,859,,,[],0.005076357629150152,True,,,,0,0,10,10,False
control_0p15_left_mid_loading_early_stance_moderate_ice_preregistered_v0,pair_045,control,left,right,none,3,1455,1803,1455,,,[],0.005829404573887587,True,,,,0,0,10,10,False
control_0p15_left_mid_loading_early_stance_moderate_ice_preregistered_v0,pair_045,control,left,right,none,4,2048,2386,2048,,,[],0.00607845326885581,True,,,,0,0,10,10,False
control_0p15_left_mid_loading_early_stance_moderate_ice_preregistered_v0,pair_045,control,left,right,none,5,2650,2985,2650,,,[],0.005800989456474781,True,,,,0,0,10,10,False
positive_0p15_left_mid_loading_early_stance_moderate_ice_preregistered_v1,pair_046,positive,left,left,none,0,39,89,39,,,[],0.0006854417733848095,True,,,,0,0,10,19,False
positive_0p15_left_mid_loading_early_stance_moderate_ice_preregistered_v1,pair_046,positive,left,left,none,1,304,683,304,,,[],0.00826349202543497,True,,,,0,0,10,13,False
positive_0p15_left_mid_loading_early_stance_moderate_ice_preregistered_v1,pair_046,positive,left,left,none,2,945,1289,945,,,[],0.0022233163472265005,True,,,,0,0,10,17,False
positive_0p15_left_mid_loading_early_stance_moderate_ice_preregistered_v1,pair_046,positive,left,left,none,3,1555,1885,1555,,,[],0.0017347573302686214,True,,,,0,0,10,14,False
positive_0p15_left_mid_loading_early_stance_moderate_ice_preregistered_v1,pair_046,positive,left,left,none,4,2152,2484,2152,,,[],0.001925688935443759,True,,,,0,0,10,14,False
positive_0p15_left_mid_loading_early_stance_moderate_ice_preregistered_v1,pair_046,positive,left,left,none,5,2749,3000,2749,,,[],0.002357431221753359,True,,,,0,0,10,10,False
positive_0p15_left_mid_loading_early_stance_moderate_ice_preregistered_v1,pair_046,positive,left,right,none,0,37,328,37,,,[],0.003011564025655389,True,,,,0,0,10,10,False
positive_0p15_left_mid_loading_early_stance_moderate_ice_preregistered_v1,pair_046,positive,left,right,none,1,642,984,642,,,[],0.004997377749532461,True,,,,0,0,10,10,False
positive_0p15_left_mid_loading_early_stance_moderate_ice_preregistered_v1,pair_046,positive,left,right,none,2,1251,1591,1251,,,[],0.005254863295704126,True,,,,0,0,10,10,False
positive_0p15_left_mid_loading_early_stance_moderate_ice_preregistered_v1,pair_046,positive,left,right,none,3,1597,1601,1597,,,[],0.00035876690526492894,False,,,,0,0,4,4,False
positive_0p15_left_mid_loading_early_stance_moderate_ice_preregistered_v1,pair_046,positive,left,right,none,4,1847,2185,1847,,,[],0.005701497197151184,True,,,,0,0,10,10,False
positive_0p15_left_mid_loading_early_stance_moderate_ice_preregistered_v1,pair_046,positive,left,right,none,5,2445,2784,2445,,,[],0.006314104422926903,True,,,,0,0,10,10,False
control_0p15_left_mid_loading_early_stance_moderate_ice_preregistered_v1,pair_046,control,left,left,none,0,39,89,39,,,[],0.0006854417733848095,True,,,,0,0,10,19,False
control_0p15_left_mid_loading_early_stance_moderate_ice_preregistered_v1,pair_046,control,left,left,none,1,304,683,304,,,[],0.00826349202543497,True,,,,0,0,10,13,False
control_0p15_left_mid_loading_early_stance_moderate_ice_preregistered_v1,pair_046,control,left,left,none,2,945,1289,945,,,[],0.0022233163472265005,True,,,,0,0,10,17,False
control_0p15_left_mid_loading_early_stance_moderate_ice_preregistered_v1,pair_046,control,left,left,none,3,1555,1885,1555,,,[],0.0017347573302686214,True,,,,0,0,10,14,False
control_0p15_left_mid_loading_early_stance_moderate_ice_preregistered_v1,pair_046,control,left,left,none,4,2152,2484,2152,,,[],0.001925688935443759,True,,,,0,0,10,14,False
control_0p15_left_mid_loading_early_stance_moderate_ice_preregistered_v1,pair_046,control,left,left,none,5,2749,3000,2749,,,[],0.002357431221753359,True,,,,0,0,10,10,False
control_0p15_left_mid_loading_early_stance_moderate_ice_preregistered_v1,pair_046,control,left,right,none,0,37,328,37,,,[],0.003011564025655389,True,,,,0,0,10,10,False
control_0p15_left_mid_loading_early_stance_moderate_ice_preregistered_v1,pair_046,control,left,right,none,1,642,984,642,,,[],0.004997377749532461,True,,,,0,0,10,10,False
control_0p15_left_mid_loading_early_stance_moderate_ice_preregistered_v1,pair_046,control,left,right,none,2,1251,1591,1251,,,[],0.005254863295704126,True,,,,0,0,10,10,False
control_0p15_left_mid_loading_early_stance_moderate_ice_preregistered_v1,pair_046,control,left,right,none,3,1597,1601,1597,,,[],0.00035876690526492894,False,,,,0,0,4,4,False
control_0p15_left_mid_loading_early_stance_moderate_ice_preregistered_v1,pair_046,control,left,right,none,4,1847,2185,1847,,,[],0.005701497197151184,True,,,,0,0,10,10,False
control_0p15_left_mid_loading_early_stance_moderate_ice_preregistered_v1,pair_046,control,left,right,none,5,2445,2784,2445,,,[],0.006314104422926903,True,,,,0,0,10,10,False
positive_0p15_left_mid_loading_early_stance_moderate_ice_preregistered_v2,pair_047,positive,left,left,none,0,44,395,44,,,[],0.0049487086944282055,True,,,,0,0,10,10,False
positive_0p15_left_mid_loading_early_stance_moderate_ice_preregistered_v2,pair_047,positive,left,left,none,1,399,401,399,,,[],0.0001790108362911269,False,,,,0,0,2,2,False
positive_0p15_left_mid_loading_early_stance_moderate_ice_preregistered_v2,pair_047,positive,left,left,none,2,709,1045,709,,,[],0.0016381965251639485,True,,,,0,0,10,13,False
positive_0p15_left_mid_loading_early_stance_moderate_ice_preregistered_v2,pair_047,positive,left,left,none,3,1295,1629,1295,,,[],0.001816532458178699,True,,,,0,0,10,10,False
positive_0p15_left_mid_loading_early_stance_moderate_ice_preregistered_v2,pair_047,positive,left,left,none,4,1903,2229,1903,,,[],0.002175847301259637,True,,,,0,0,10,10,False
positive_0p15_left_mid_loading_early_stance_moderate_ice_preregistered_v2,pair_047,positive,left,left,none,5,2498,2829,2498,,,[],0.0017757505411282182,True,,,,0,0,10,10,False
positive_0p15_left_mid_loading_early_stance_moderate_ice_preregistered_v2,pair_047,positive,left,right,none,0,34,160,34,,,[],0.0012587730307132006,True,,,,0,0,10,10,False
positive_0p15_left_mid_loading_early_stance_moderate_ice_preregistered_v2,pair_047,positive,left,right,none,1,365,744,365,,,[],0.008965342305600643,True,,,,0,0,10,10,False
positive_0p15_left_mid_loading_early_stance_moderate_ice_preregistered_v2,pair_047,positive,left,right,none,2,997,1333,997,,,[],0.004567717667669058,True,,,,0,0,10,10,False
positive_0p15_left_mid_loading_early_stance_moderate_ice_preregistered_v2,pair_047,positive,left,right,none,3,1335,1342,1335,,,[],0.0003752611228264868,False,,,,0,0,7,7,False
positive_0p15_left_mid_loading_early_stance_moderate_ice_preregistered_v2,pair_047,positive,left,right,none,4,1597,1943,1597,,,[],0.005445650313049555,True,,,,0,0,10,10,False
positive_0p15_left_mid_loading_early_stance_moderate_ice_preregistered_v2,pair_047,positive,left,right,none,5,2191,2531,2191,,,[],0.006612704135477543,True,,,,0,0,10,10,False
positive_0p15_left_mid_loading_early_stance_moderate_ice_preregistered_v2,pair_047,positive,left,right,none,6,2535,2541,2535,,,[],0.0005503071006387472,False,,,,0,0,6,6,False
positive_0p15_left_mid_loading_early_stance_moderate_ice_preregistered_v2,pair_047,positive,left,right,none,7,2793,3000,2793,,,[],0.006068299990147352,True,,,,0,0,10,10,False
control_0p15_left_mid_loading_early_stance_moderate_ice_preregistered_v2,pair_047,control,left,left,none,0,44,395,44,,,[],0.0049487086944282055,True,,,,0,0,10,10,False
control_0p15_left_mid_loading_early_stance_moderate_ice_preregistered_v2,pair_047,control,left,left,none,1,399,401,399,,,[],0.0001790108362911269,False,,,,0,0,2,2,False
control_0p15_left_mid_loading_early_stance_moderate_ice_preregistered_v2,pair_047,control,left,left,none,2,709,1045,709,,,[],0.0016381965251639485,True,,,,0,0,10,13,False
control_0p15_left_mid_loading_early_stance_moderate_ice_preregistered_v2,pair_047,control,left,left,none,3,1295,1629,1295,,,[],0.001816532458178699,True,,,,0,0,10,10,False
control_0p15_left_mid_loading_early_stance_moderate_ice_preregistered_v2,pair_047,control,left,left,none,4,1903,2229,1903,,,[],0.002175847301259637,True,,,,0,0,10,10,False
control_0p15_left_mid_loading_early_stance_moderate_ice_preregistered_v2,pair_047,control,left,left,none,5,2498,2829,2498,,,[],0.0017757505411282182,True,,,,0,0,10,10,False
control_0p15_left_mid_loading_early_stance_moderate_ice_preregistered_v2,pair_047,control,left,right,none,0,34,160,34,,,[],0.0012587730307132006,True,,,,0,0,10,10,False
control_0p15_left_mid_loading_early_stance_moderate_ice_preregistered_v2,pair_047,control,left,right,none,1,365,744,365,,,[],0.008965342305600643,True,,,,0,0,10,10,False
control_0p15_left_mid_loading_early_stance_moderate_ice_preregistered_v2,pair_047,control,left,right,none,2,997,1333,997,,,[],0.004567717667669058,True,,,,0,0,10,10,False
control_0p15_left_mid_loading_early_stance_moderate_ice_preregistered_v2,pair_047,control,left,right,none,3,1335,1342,1335,,,[],0.0003752611228264868,False,,,,0,0,7,7,False
control_0p15_left_mid_loading_early_stance_moderate_ice_preregistered_v2,pair_047,control,left,right,none,4,1597,1943,1597,,,[],0.005445650313049555,True,,,,0,0,10,10,False
control_0p15_left_mid_loading_early_stance_moderate_ice_preregistered_v2,pair_047,control,left,right,none,5,2191,2531,2191,,,[],0.006612704135477543,True,,,,0,0,10,10,False
control_0p15_left_mid_loading_early_stance_moderate_ice_preregistered_v2,pair_047,control,left,right,none,6,2535,2541,2535,,,[],0.0005503071006387472,False,,,,0,0,6,6,False
control_0p15_left_mid_loading_early_stance_moderate_ice_preregistered_v2,pair_047,control,left,right,none,7,2793,3000,2793,,,[],0.006068299990147352,True,,,,0,0,10,10,False
positive_0p15_left_mid_late_stance_native_strong_ice_v0,pair_048,positive,left,left,none,0,37,242,37,,,[],0.00196669134311378,True,,,,0,0,10,12,False
positive_0p15_left_mid_late_stance_native_strong_ice_v0,pair_048,positive,left,left,none,1,563,907,563,,,[],0.0015388529282063246,True,,,,0,0,10,13,False
positive_0p15_left_mid_late_stance_native_strong_ice_v0,pair_048,positive,left,left,none,2,1159,1489,1159,,,[],0.0022079595364630222,True,,,,0,0,10,17,False
positive_0p15_left_mid_late_stance_native_strong_ice_v0,pair_048,positive,left,left,none,3,1760,2086,1760,,,[],0.0021969659719616175,True,,,,0,0,10,15,False
positive_0p15_left_mid_late_stance_native_strong_ice_v0,pair_048,positive,left,left,none,4,2354,2687,2354,,,[],0.0020423014648258686,True,,,,0,0,10,15,False
positive_0p15_left_mid_late_stance_native_strong_ice_v0,pair_048,positive,left,left,none,5,2953,3000,2953,,,[],0.0019953642040491104,True,,,,0,0,10,10,False
positive_0p15_left_mid_late_stance_native_strong_ice_v0,pair_048,positive,left,right,none,0,43,90,43,,,[],0.0020024492405354977,True,,,,0,0,10,20,False
positive_0p15_left_mid_late_stance_native_strong_ice_v0,pair_048,positive,left,right,none,1,197,604,197,,,[],0.00661298306658864,True,,,,0,0,10,10,False
positive_0p15_left_mid_late_stance_native_strong_ice_v0,pair_048,positive,left,right,none,2,859,1205,859,,,[],0.005078370217233896,True,,,,0,0,10,10,False
positive_0p15_left_mid_late_stance_native_strong_ice_v0,pair_048,positive,left,right,none,3,1455,1803,1455,,,[],0.005829061847180128,True,,,,0,0,10,10,False
positive_0p15_left_mid_late_stance_native_strong_ice_v0,pair_048,positive,left,right,none,4,2048,2386,2048,,,[],0.006078063044697046,True,,,,0,0,10,10,False
positive_0p15_left_mid_late_stance_native_strong_ice_v0,pair_048,positive,left,right,none,5,2650,2985,2650,,,[],0.005800887010991573,True,,,,0,0,10,10,False
control_0p15_left_mid_late_stance_native_strong_ice_v0,pair_048,control,left,left,none,0,37,242,37,,,[],0.00196669134311378,True,,,,0,0,10,12,False
control_0p15_left_mid_late_stance_native_strong_ice_v0,pair_048,control,left,left,none,1,563,907,563,,,[],0.0015388529282063246,True,,,,0,0,10,13,False
control_0p15_left_mid_late_stance_native_strong_ice_v0,pair_048,control,left,left,none,2,1159,1489,1159,,,[],0.0022079595364630222,True,,,,0,0,10,17,False
control_0p15_left_mid_late_stance_native_strong_ice_v0,pair_048,control,left,left,none,3,1760,2086,1760,,,[],0.0021969659719616175,True,,,,0,0,10,15,False
control_0p15_left_mid_late_stance_native_strong_ice_v0,pair_048,control,left,left,none,4,2354,2687,2354,,,[],0.0020423014648258686,True,,,,0,0,10,15,False
control_0p15_left_mid_late_stance_native_strong_ice_v0,pair_048,control,left,left,none,5,2953,3000,2953,,,[],0.0019953642040491104,True,,,,0,0,10,10,False
control_0p15_left_mid_late_stance_native_strong_ice_v0,pair_048,control,left,right,none,0,43,90,43,,,[],0.0020024492405354977,True,,,,0,0,10,20,False
control_0p15_left_mid_late_stance_native_strong_ice_v0,pair_048,control,left,right,none,1,197,604,197,,,[],0.00661298306658864,True,,,,0,0,10,10,False
control_0p15_left_mid_late_stance_native_strong_ice_v0,pair_048,control,left,right,none,2,859,1205,859,,,[],0.005078370217233896,True,,,,0,0,10,10,False
control_0p15_left_mid_late_stance_native_strong_ice_v0,pair_048,control,left,right,none,3,1455,1803,1455,,,[],0.005829061847180128,True,,,,0,0,10,10,False
control_0p15_left_mid_late_stance_native_strong_ice_v0,pair_048,control,left,right,none,4,2048,2386,2048,,,[],0.006078063044697046,True,,,,0,0,10,10,False
control_0p15_left_mid_late_stance_native_strong_ice_v0,pair_048,control,left,right,none,5,2650,2985,2650,,,[],0.005800887010991573,True,,,,0,0,10,10,False
positive_0p15_left_mid_late_stance_native_strong_ice_v1,pair_049,positive,left,left,none,0,39,89,39,,,[],0.0006854977109469473,True,,,,0,0,10,19,False
positive_0p15_left_mid_late_stance_native_strong_ice_v1,pair_049,positive,left,left,none,1,304,683,304,,,[],0.008012141101062298,True,,,,0,0,10,13,False
positive_0p15_left_mid_late_stance_native_strong_ice_v1,pair_049,positive,left,left,none,2,946,1290,946,,,[],0.0020893539767712355,True,,,,0,0,10,10,False
positive_0p15_left_mid_late_stance_native_strong_ice_v1,pair_049,positive,left,left,none,3,1555,1885,1555,,,[],0.0017174314707517624,True,,,,0,0,10,14,False
positive_0p15_left_mid_late_stance_native_strong_ice_v1,pair_049,positive,left,left,none,4,2152,2484,2152,,,[],0.0019162788521498442,True,,,,0,0,10,14,False
positive_0p15_left_mid_late_stance_native_strong_ice_v1,pair_049,positive,left,left,none,5,2749,3000,2749,,,[],0.0023471072781831026,True,,,,0,0,10,10,False
positive_0p15_left_mid_late_stance_native_strong_ice_v1,pair_049,positive,left,right,none,0,37,328,37,,,[],0.0030145435594022274,True,,,,0,0,10,10,False
positive_0p15_left_mid_late_stance_native_strong_ice_v1,pair_049,positive,left,right,none,1,642,984,642,,,[],0.0049865334294736385,True,,,,0,0,10,10,False
positive_0p15_left_mid_late_stance_native_strong_ice_v1,pair_049,positive,left,right,none,2,1251,1590,1251,,,[],0.005277183372527361,True,,,,0,0,10,10,False
positive_0p15_left_mid_late_stance_native_strong_ice_v1,pair_049,positive,left,right,none,3,1597,1601,1597,,,[],0.0003803217550739646,False,,,,0,0,4,4,False
positive_0p15_left_mid_late_stance_native_strong_ice_v1,pair_049,positive,left,right,none,4,1847,2185,1847,,,[],0.00571353267878294,True,,,,0,0,10,10,False
positive_0p15_left_mid_late_stance_native_strong_ice_v1,pair_049,positive,left,right,none,5,2445,2784,2445,,,[],0.006307752337306738,True,,,,0,0,10,10,False
control_0p15_left_mid_late_stance_native_strong_ice_v1,pair_049,control,left,left,none,0,39,89,39,,,[],0.0006854977109469473,True,,,,0,0,10,19,False
control_0p15_left_mid_late_stance_native_strong_ice_v1,pair_049,control,left,left,none,1,304,683,304,,,[],0.008012141101062298,True,,,,0,0,10,13,False
control_0p15_left_mid_late_stance_native_strong_ice_v1,pair_049,control,left,left,none,2,946,1290,946,,,[],0.0020893539767712355,True,,,,0,0,10,10,False
control_0p15_left_mid_late_stance_native_strong_ice_v1,pair_049,control,left,left,none,3,1555,1885,1555,,,[],0.0017174314707517624,True,,,,0,0,10,14,False
control_0p15_left_mid_late_stance_native_strong_ice_v1,pair_049,control,left,left,none,4,2152,2484,2152,,,[],0.0019162788521498442,True,,,,0,0,10,14,False
control_0p15_left_mid_late_stance_native_strong_ice_v1,pair_049,control,left,left,none,5,2749,3000,2749,,,[],0.0023471072781831026,True,,,,0,0,10,10,False
control_0p15_left_mid_late_stance_native_strong_ice_v1,pair_049,control,left,right,none,0,37,328,37,,,[],0.0030145435594022274,True,,,,0,0,10,10,False
control_0p15_left_mid_late_stance_native_strong_ice_v1,pair_049,control,left,right,none,1,642,984,642,,,[],0.0049865334294736385,True,,,,0,0,10,10,False
control_0p15_left_mid_late_stance_native_strong_ice_v1,pair_049,control,left,right,none,2,1251,1590,1251,,,[],0.005277183372527361,True,,,,0,0,10,10,False
control_0p15_left_mid_late_stance_native_strong_ice_v1,pair_049,control,left,right,none,3,1597,1601,1597,,,[],0.0003803217550739646,False,,,,0,0,4,4,False
control_0p15_left_mid_late_stance_native_strong_ice_v1,pair_049,control,left,right,none,4,1847,2185,1847,,,[],0.00571353267878294,True,,,,0,0,10,10,False
control_0p15_left_mid_late_stance_native_strong_ice_v1,pair_049,control,left,right,none,5,2445,2784,2445,,,[],0.006307752337306738,True,,,,0,0,10,10,False
positive_0p15_left_mid_late_stance_native_strong_ice_v2,pair_050,positive,left,left,none,0,44,394,44,,,[],0.0048290640115737915,True,,,,0,0,10,10,False
positive_0p15_left_mid_late_stance_native_strong_ice_v2,pair_050,positive,left,left,none,1,398,401,398,,,[],0.0003386165772099048,False,,,,0,0,3,3,False
positive_0p15_left_mid_late_stance_native_strong_ice_v2,pair_050,positive,left,left,none,2,709,1045,709,,,[],0.0016484210500493646,True,,,,0,0,10,13,False
positive_0p15_left_mid_late_stance_native_strong_ice_v2,pair_050,positive,left,left,none,3,1295,1629,1295,,,[],0.0018108391668647528,True,,,,0,0,10,10,False
positive_0p15_left_mid_late_stance_native_strong_ice_v2,pair_050,positive,left,left,none,4,1903,2229,1903,,,[],0.002165193436667323,True,,,,0,0,10,10,False
positive_0p15_left_mid_late_stance_native_strong_ice_v2,pair_050,positive,left,left,none,5,2498,2829,2498,,,[],0.0017743745120242238,True,,,,0,0,10,10,False
positive_0p15_left_mid_late_stance_native_strong_ice_v2,pair_050,positive,left,right,none,0,34,160,34,,,[],0.0012611465062946081,True,,,,0,0,10,10,False
positive_0p15_left_mid_late_stance_native_strong_ice_v2,pair_050,positive,left,right,none,1,365,744,365,,,[],0.008966111578047276,True,,,,0,0,10,10,False
positive_0p15_left_mid_late_stance_native_strong_ice_v2,pair_050,positive,left,right,none,2,997,1332,997,,,[],0.0045694089494645596,True,,,,0,0,10,10,False
positive_0p15_left_mid_late_stance_native_strong_ice_v2,pair_050,positive,left,right,none,3,1335,1342,1335,,,[],0.00037975923623889685,False,,,,0,0,7,7,False
positive_0p15_left_mid_late_stance_native_strong_ice_v2,pair_050,positive,left,right,none,4,1597,1943,1597,,,[],0.005455171689391136,True,,,,0,0,10,10,False
positive_0p15_left_mid_late_stance_native_strong_ice_v2,pair_050,positive,left,right,none,5,2191,2530,2191,,,[],0.006614870857447386,True,,,,0,0,10,10,False
positive_0p15_left_mid_late_stance_native_strong_ice_v2,pair_050,positive,left,right,none,6,2534,2540,2534,,,[],0.0005205378984101117,False,,,,0,0,6,6,False
positive_0p15_left_mid_late_stance_native_strong_ice_v2,pair_050,positive,left,right,none,7,2793,3000,2793,,,[],0.006071453448385,True,,,,0,0,10,10,False
control_0p15_left_mid_late_stance_native_strong_ice_v2,pair_050,control,left,left,none,0,44,394,44,,,[],0.0048290640115737915,True,,,,0,0,10,10,False
control_0p15_left_mid_late_stance_native_strong_ice_v2,pair_050,control,left,left,none,1,398,401,398,,,[],0.0003386165772099048,False,,,,0,0,3,3,False
control_0p15_left_mid_late_stance_native_strong_ice_v2,pair_050,control,left,left,none,2,709,1045,709,,,[],0.0016484210500493646,True,,,,0,0,10,13,False
control_0p15_left_mid_late_stance_native_strong_ice_v2,pair_050,control,left,left,none,3,1295,1629,1295,,,[],0.0018108391668647528,True,,,,0,0,10,10,False
control_0p15_left_mid_late_stance_native_strong_ice_v2,pair_050,control,left,left,none,4,1903,2229,1903,,,[],0.002165193436667323,True,,,,0,0,10,10,False
control_0p15_left_mid_late_stance_native_strong_ice_v2,pair_050,control,left,left,none,5,2498,2829,2498,,,[],0.0017743745120242238,True,,,,0,0,10,10,False
control_0p15_left_mid_late_stance_native_strong_ice_v2,pair_050,control,left,right,none,0,34,160,34,,,[],0.0012611465062946081,True,,,,0,0,10,10,False
control_0p15_left_mid_late_stance_native_strong_ice_v2,pair_050,control,left,right,none,1,365,744,365,,,[],0.008966111578047276,True,,,,0,0,10,10,False
control_0p15_left_mid_late_stance_native_strong_ice_v2,pair_050,control,left,right,none,2,997,1332,997,,,[],0.0045694089494645596,True,,,,0,0,10,10,False
control_0p15_left_mid_late_stance_native_strong_ice_v2,pair_050,control,left,right,none,3,1335,1342,1335,,,[],0.00037975923623889685,False,,,,0,0,7,7,False
control_0p15_left_mid_late_stance_native_strong_ice_v2,pair_050,control,left,right,none,4,1597,1943,1597,,,[],0.005455171689391136,True,,,,0,0,10,10,False
control_0p15_left_mid_late_stance_native_strong_ice_v2,pair_050,control,left,right,none,5,2191,2530,2191,,,[],0.006614870857447386,True,,,,0,0,10,10,False
control_0p15_left_mid_late_stance_native_strong_ice_v2,pair_050,control,left,right,none,6,2534,2540,2534,,,[],0.0005205378984101117,False,,,,0,0,6,6,False
control_0p15_left_mid_late_stance_native_strong_ice_v2,pair_050,control,left,right,none,7,2793,3000,2793,,,[],0.006071453448385,True,,,,0,0,10,10,False
positive_0p15_left_mid_late_stance_moderate_ice_preregistered_v0,pair_051,positive,left,left,none,0,37,242,37,,,[],0.001967733260244131,True,,,,0,0,10,12,False
positive_0p15_left_mid_late_stance_moderate_ice_preregistered_v0,pair_051,positive,left,left,none,1,563,907,563,,,[],0.0015397900715470314,True,,,,0,0,10,13,False
positive_0p15_left_mid_late_stance_moderate_ice_preregistered_v0,pair_051,positive,left,left,none,2,1159,1489,1159,,,[],0.0022084165830165148,True,,,,0,0,10,17,False
positive_0p15_left_mid_late_stance_moderate_ice_preregistered_v0,pair_051,positive,left,left,none,3,1760,2086,1760,,,[],0.0021972113754600286,True,,,,0,0,10,15,False
positive_0p15_left_mid_late_stance_moderate_ice_preregistered_v0,pair_051,positive,left,left,none,4,2354,2687,2354,,,[],0.0020422714296728373,True,,,,0,0,10,15,False
positive_0p15_left_mid_late_stance_moderate_ice_preregistered_v0,pair_051,positive,left,left,none,5,2953,3000,2953,,,[],0.001995355822145939,True,,,,0,0,10,10,False
positive_0p15_left_mid_late_stance_moderate_ice_preregistered_v0,pair_051,positive,left,right,none,0,43,90,43,,,[],0.0020039088558405638,True,,,,0,0,10,20,False
positive_0p15_left_mid_late_stance_moderate_ice_preregistered_v0,pair_051,positive,left,right,none,1,197,604,197,,,[],0.006620493251830339,True,,,,0,0,10,10,False
positive_0p15_left_mid_late_stance_moderate_ice_preregistered_v0,pair_051,positive,left,right,none,2,859,1205,859,,,[],0.005077792331576347,True,,,,0,0,10,10,False
positive_0p15_left_mid_late_stance_moderate_ice_preregistered_v0,pair_051,positive,left,right,none,3,1455,1803,1455,,,[],0.00582916708663106,True,,,,0,0,10,10,False
positive_0p15_left_mid_late_stance_moderate_ice_preregistered_v0,pair_051,positive,left,right,none,4,2048,2386,2048,,,[],0.006078165024518967,True,,,,0,0,10,10,False
positive_0p15_left_mid_late_stance_moderate_ice_preregistered_v0,pair_051,positive,left,right,none,5,2650,2985,2650,,,[],0.005800925195217133,True,,,,0,0,10,10,False
control_0p15_left_mid_late_stance_moderate_ice_preregistered_v0,pair_051,control,left,left,none,0,37,242,37,,,[],0.001967733260244131,True,,,,0,0,10,12,False
control_0p15_left_mid_late_stance_moderate_ice_preregistered_v0,pair_051,control,left,left,none,1,563,907,563,,,[],0.0015397900715470314,True,,,,0,0,10,13,False
control_0p15_left_mid_late_stance_moderate_ice_preregistered_v0,pair_051,control,left,left,none,2,1159,1489,1159,,,[],0.0022084165830165148,True,,,,0,0,10,17,False
control_0p15_left_mid_late_stance_moderate_ice_preregistered_v0,pair_051,control,left,left,none,3,1760,2086,1760,,,[],0.0021972113754600286,True,,,,0,0,10,15,False
control_0p15_left_mid_late_stance_moderate_ice_preregistered_v0,pair_051,control,left,left,none,4,2354,2687,2354,,,[],0.0020422714296728373,True,,,,0,0,10,15,False
control_0p15_left_mid_late_stance_moderate_ice_preregistered_v0,pair_051,control,left,left,none,5,2953,3000,2953,,,[],0.001995355822145939,True,,,,0,0,10,10,False
control_0p15_left_mid_late_stance_moderate_ice_preregistered_v0,pair_051,control,left,right,none,0,43,90,43,,,[],0.0020039088558405638,True,,,,0,0,10,20,False
control_0p15_left_mid_late_stance_moderate_ice_preregistered_v0,pair_051,control,left,right,none,1,197,604,197,,,[],0.006620493251830339,True,,,,0,0,10,10,False
control_0p15_left_mid_late_stance_moderate_ice_preregistered_v0,pair_051,control,left,right,none,2,859,1205,859,,,[],0.005077792331576347,True,,,,0,0,10,10,False
control_0p15_left_mid_late_stance_moderate_ice_preregistered_v0,pair_051,control,left,right,none,3,1455,1803,1455,,,[],0.00582916708663106,True,,,,0,0,10,10,False
control_0p15_left_mid_late_stance_moderate_ice_preregistered_v0,pair_051,control,left,right,none,4,2048,2386,2048,,,[],0.006078165024518967,True,,,,0,0,10,10,False
control_0p15_left_mid_late_stance_moderate_ice_preregistered_v0,pair_051,control,left,right,none,5,2650,2985,2650,,,[],0.005800925195217133,True,,,,0,0,10,10,False
positive_0p15_left_mid_late_stance_moderate_ice_preregistered_v1,pair_052,positive,left,left,none,0,39,89,39,,,[],0.0006855789106339216,True,,,,0,0,10,19,False
positive_0p15_left_mid_late_stance_moderate_ice_preregistered_v1,pair_052,positive,left,left,none,1,304,683,304,,,[],0.008006836287677288,True,,,,0,0,10,13,False
positive_0p15_left_mid_late_stance_moderate_ice_preregistered_v1,pair_052,positive,left,left,none,2,946,1290,946,,,[],0.0020922720432281494,True,,,,0,0,10,10,False
positive_0p15_left_mid_late_stance_moderate_ice_preregistered_v1,pair_052,positive,left,left,none,3,1555,1885,1555,,,[],0.0017171271611005068,True,,,,0,0,10,14,False
positive_0p15_left_mid_late_stance_moderate_ice_preregistered_v1,pair_052,positive,left,left,none,4,2152,2484,2152,,,[],0.0019138179486617446,True,,,,0,0,10,14,False
positive_0p15_left_mid_late_stance_moderate_ice_preregistered_v1,pair_052,positive,left,left,none,5,2749,3000,2749,,,[],0.002342824824154377,True,,,,0,0,10,10,False
positive_0p15_left_mid_late_stance_moderate_ice_preregistered_v1,pair_052,positive,left,right,none,0,37,328,37,,,[],0.0030136839486658573,True,,,,0,0,10,10,False
positive_0p15_left_mid_late_stance_moderate_ice_preregistered_v1,pair_052,positive,left,right,none,1,642,984,642,,,[],0.004986550658941269,True,,,,0,0,10,10,False
positive_0p15_left_mid_late_stance_moderate_ice_preregistered_v1,pair_052,positive,left,right,none,2,1251,1590,1251,,,[],0.0052772220224142075,True,,,,0,0,10,10,False
positive_0p15_left_mid_late_stance_moderate_ice_preregistered_v1,pair_052,positive,left,right,none,3,1597,1601,1597,,,[],0.00039586672210134566,False,,,,0,0,4,4,False
positive_0p15_left_mid_late_stance_moderate_ice_preregistered_v1,pair_052,positive,left,right,none,4,1847,2185,1847,,,[],0.005715379491448402,True,,,,0,0,10,10,False
positive_0p15_left_mid_late_stance_moderate_ice_preregistered_v1,pair_052,positive,left,right,none,5,2445,2784,2445,,,[],0.006306206341832876,True,,,,0,0,10,10,False
control_0p15_left_mid_late_stance_moderate_ice_preregistered_v1,pair_052,control,left,left,none,0,39,89,39,,,[],0.0006855789106339216,True,,,,0,0,10,19,False
control_0p15_left_mid_late_stance_moderate_ice_preregistered_v1,pair_052,control,left,left,none,1,304,683,304,,,[],0.008006836287677288,True,,,,0,0,10,13,False
control_0p15_left_mid_late_stance_moderate_ice_preregistered_v1,pair_052,control,left,left,none,2,946,1290,946,,,[],0.0020922720432281494,True,,,,0,0,10,10,False
control_0p15_left_mid_late_stance_moderate_ice_preregistered_v1,pair_052,control,left,left,none,3,1555,1885,1555,,,[],0.0017171271611005068,True,,,,0,0,10,14,False
control_0p15_left_mid_late_stance_moderate_ice_preregistered_v1,pair_052,control,left,left,none,4,2152,2484,2152,,,[],0.0019138179486617446,True,,,,0,0,10,14,False
control_0p15_left_mid_late_stance_moderate_ice_preregistered_v1,pair_052,control,left,left,none,5,2749,3000,2749,,,[],0.002342824824154377,True,,,,0,0,10,10,False
control_0p15_left_mid_late_stance_moderate_ice_preregistered_v1,pair_052,control,left,right,none,0,37,328,37,,,[],0.0030136839486658573,True,,,,0,0,10,10,False
control_0p15_left_mid_late_stance_moderate_ice_preregistered_v1,pair_052,control,left,right,none,1,642,984,642,,,[],0.004986550658941269,True,,,,0,0,10,10,False
control_0p15_left_mid_late_stance_moderate_ice_preregistered_v1,pair_052,control,left,right,none,2,1251,1590,1251,,,[],0.0052772220224142075,True,,,,0,0,10,10,False
control_0p15_left_mid_late_stance_moderate_ice_preregistered_v1,pair_052,control,left,right,none,3,1597,1601,1597,,,[],0.00039586672210134566,False,,,,0,0,4,4,False
control_0p15_left_mid_late_stance_moderate_ice_preregistered_v1,pair_052,control,left,right,none,4,1847,2185,1847,,,[],0.005715379491448402,True,,,,0,0,10,10,False
control_0p15_left_mid_late_stance_moderate_ice_preregistered_v1,pair_052,control,left,right,none,5,2445,2784,2445,,,[],0.006306206341832876,True,,,,0,0,10,10,False
positive_0p15_left_mid_late_stance_moderate_ice_preregistered_v2,pair_053,positive,left,left,none,0,44,395,44,,,[],0.004947820212692022,True,,,,0,0,10,10,False
positive_0p15_left_mid_late_stance_moderate_ice_preregistered_v2,pair_053,positive,left,left,none,1,399,401,399,,,[],0.00017894207849167287,False,,,,0,0,2,2,False
positive_0p15_left_mid_late_stance_moderate_ice_preregistered_v2,pair_053,positive,left,left,none,2,709,1045,709,,,[],0.001637340639717877,True,,,,0,0,10,13,False
positive_0p15_left_mid_late_stance_moderate_ice_preregistered_v2,pair_053,positive,left,left,none,3,1295,1629,1295,,,[],0.0018175473669543862,True,,,,0,0,10,10,False
positive_0p15_left_mid_late_stance_moderate_ice_preregistered_v2,pair_053,positive,left,left,none,4,1903,2229,1903,,,[],0.0021772966720163822,True,,,,0,0,10,10,False
positive_0p15_left_mid_late_stance_moderate_ice_preregistered_v2,pair_053,positive,left,left,none,5,2498,2829,2498,,,[],0.001789725269190967,True,,,,0,0,10,10,False
positive_0p15_left_mid_late_stance_moderate_ice_preregistered_v2,pair_053,positive,left,right,none,0,34,160,34,,,[],0.0012577952584251761,True,,,,0,0,10,10,False
positive_0p15_left_mid_late_stance_moderate_ice_preregistered_v2,pair_053,positive,left,right,none,1,365,744,365,,,[],0.008964338339865208,True,,,,0,0,10,10,False
positive_0p15_left_mid_late_stance_moderate_ice_preregistered_v2,pair_053,positive,left,right,none,2,997,1333,997,,,[],0.0045684147626161575,True,,,,0,0,10,10,False
positive_0p15_left_mid_late_stance_moderate_ice_preregistered_v2,pair_053,positive,left,right,none,3,1335,1342,1335,,,[],0.00037425023037940264,False,,,,0,0,7,7,False
positive_0p15_left_mid_late_stance_moderate_ice_preregistered_v2,pair_053,positive,left,right,none,4,1597,1943,1597,,,[],0.0054445089772343636,True,,,,0,0,10,10,False
positive_0p15_left_mid_late_stance_moderate_ice_preregistered_v2,pair_053,positive,left,right,none,5,2192,2531,2192,,,[],0.006150578148663044,True,,,,0,0,10,10,False
positive_0p15_left_mid_late_stance_moderate_ice_preregistered_v2,pair_053,positive,left,right,none,6,2534,2540,2534,,,[],0.0004785502387676388,False,,,,0,0,6,6,False
positive_0p15_left_mid_late_stance_moderate_ice_preregistered_v2,pair_053,positive,left,right,none,7,2793,3000,2793,,,[],0.006058520171791315,True,,,,0,0,10,10,False
control_0p15_left_mid_late_stance_moderate_ice_preregistered_v2,pair_053,control,left,left,none,0,44,395,44,,,[],0.004947820212692022,True,,,,0,0,10,10,False
control_0p15_left_mid_late_stance_moderate_ice_preregistered_v2,pair_053,control,left,left,none,1,399,401,399,,,[],0.00017894207849167287,False,,,,0,0,2,2,False
control_0p15_left_mid_late_stance_moderate_ice_preregistered_v2,pair_053,control,left,left,none,2,709,1045,709,,,[],0.001637340639717877,True,,,,0,0,10,13,False
control_0p15_left_mid_late_stance_moderate_ice_preregistered_v2,pair_053,control,left,left,none,3,1295,1629,1295,,,[],0.0018175473669543862,True,,,,0,0,10,10,False
control_0p15_left_mid_late_stance_moderate_ice_preregistered_v2,pair_053,control,left,left,none,4,1903,2229,1903,,,[],0.0021772966720163822,True,,,,0,0,10,10,False
control_0p15_left_mid_late_stance_moderate_ice_preregistered_v2,pair_053,control,left,left,none,5,2498,2829,2498,,,[],0.001789725269190967,True,,,,0,0,10,10,False
control_0p15_left_mid_late_stance_moderate_ice_preregistered_v2,pair_053,control,left,right,none,0,34,160,34,,,[],0.0012577952584251761,True,,,,0,0,10,10,False
control_0p15_left_mid_late_stance_moderate_ice_preregistered_v2,pair_053,control,left,right,none,1,365,744,365,,,[],0.008964338339865208,True,,,,0,0,10,10,False
control_0p15_left_mid_late_stance_moderate_ice_preregistered_v2,pair_053,control,left,right,none,2,997,1333,997,,,[],0.0045684147626161575,True,,,,0,0,10,10,False
control_0p15_left_mid_late_stance_moderate_ice_preregistered_v2,pair_053,control,left,right,none,3,1335,1342,1335,,,[],0.00037425023037940264,False,,,,0,0,7,7,False
control_0p15_left_mid_late_stance_moderate_ice_preregistered_v2,pair_053,control,left,right,none,4,1597,1943,1597,,,[],0.0054445089772343636,True,,,,0,0,10,10,False
control_0p15_left_mid_late_stance_moderate_ice_preregistered_v2,pair_053,control,left,right,none,5,2192,2531,2192,,,[],0.006150578148663044,True,,,,0,0,10,10,False
control_0p15_left_mid_late_stance_moderate_ice_preregistered_v2,pair_053,control,left,right,none,6,2534,2540,2534,,,[],0.0004785502387676388,False,,,,0,0,6,6,False
control_0p15_left_mid_late_stance_moderate_ice_preregistered_v2,pair_053,control,left,right,none,7,2793,3000,2793,,,[],0.006058520171791315,True,,,,0,0,10,10,False
positive_0p15_right_early_loading_native_strong_ice_v0,pair_054,positive,right,left,none,0,37,242,37,,,[],0.0019693784415721893,True,,,,0,0,10,12,False
positive_0p15_right_early_loading_native_strong_ice_v0,pair_054,positive,right,left,none,1,563,907,563,,,[],0.001541379140689969,True,,,,0,0,10,13,False
positive_0p15_right_early_loading_native_strong_ice_v0,pair_054,positive,right,left,none,2,1159,1489,1159,,,[],0.0022091681603342295,True,,,,0,0,10,17,False
positive_0p15_right_early_loading_native_strong_ice_v0,pair_054,positive,right,left,none,3,1760,2086,1760,,,[],0.002197612775489688,True,,,,0,0,10,15,False
positive_0p15_right_early_loading_native_strong_ice_v0,pair_054,positive,right,left,none,4,2354,2687,2354,,,[],0.0020421931985765696,True,,,,0,0,10,15,False
positive_0p15_right_early_loading_native_strong_ice_v0,pair_054,positive,right,left,none,5,2953,3000,2953,,,[],0.001995353028178215,True,,,,0,0,10,10,False
positive_0p15_right_early_loading_native_strong_ice_v0,pair_054,positive,right,right,none,0,43,90,43,,,[],0.0020063205156475306,True,,,,0,0,10,20,False
positive_0p15_right_early_loading_native_strong_ice_v0,pair_054,positive,right,right,none,1,197,604,197,,,[],0.006632763892412186,True,,,,0,0,10,10,False
positive_0p15_right_early_loading_native_strong_ice_v0,pair_054,positive,right,right,none,2,859,1205,859,,,[],0.005076837260276079,True,,,,0,0,10,10,False
positive_0p15_right_early_loading_native_strong_ice_v0,pair_054,positive,right,right,none,3,1455,1803,1455,,,[],0.005829320754855871,True,,,,0,0,10,10,False
positive_0p15_right_early_loading_native_strong_ice_v0,pair_054,positive,right,right,none,4,2048,2386,2048,,,[],0.00607835641130805,True,,,,0,0,10,10,False
positive_0p15_right_early_loading_native_strong_ice_v0,pair_054,positive,right,right,none,5,2650,2985,2650,,,[],0.005800987593829632,True,,,,0,0,10,10,False
control_0p15_right_early_loading_native_strong_ice_v0,pair_054,control,right,left,none,0,37,242,37,,,[],0.0019693784415721893,True,,,,0,0,10,12,False
control_0p15_right_early_loading_native_strong_ice_v0,pair_054,control,right,left,none,1,563,907,563,,,[],0.001541379140689969,True,,,,0,0,10,13,False
control_0p15_right_early_loading_native_strong_ice_v0,pair_054,control,right,left,none,2,1159,1489,1159,,,[],0.0022091681603342295,True,,,,0,0,10,17,False
control_0p15_right_early_loading_native_strong_ice_v0,pair_054,control,right,left,none,3,1760,2086,1760,,,[],0.002197612775489688,True,,,,0,0,10,15,False
control_0p15_right_early_loading_native_strong_ice_v0,pair_054,control,right,left,none,4,2354,2687,2354,,,[],0.0020421931985765696,True,,,,0,0,10,15,False
control_0p15_right_early_loading_native_strong_ice_v0,pair_054,control,right,left,none,5,2953,3000,2953,,,[],0.001995353028178215,True,,,,0,0,10,10,False
control_0p15_right_early_loading_native_strong_ice_v0,pair_054,control,right,right,none,0,43,90,43,,,[],0.0020063205156475306,True,,,,0,0,10,20,False
control_0p15_right_early_loading_native_strong_ice_v0,pair_054,control,right,right,none,1,197,604,197,,,[],0.006632763892412186,True,,,,0,0,10,10,False
control_0p15_right_early_loading_native_strong_ice_v0,pair_054,control,right,right,none,2,859,1205,859,,,[],0.005076837260276079,True,,,,0,0,10,10,False
control_0p15_right_early_loading_native_strong_ice_v0,pair_054,control,right,right,none,3,1455,1803,1455,,,[],0.005829320754855871,True,,,,0,0,10,10,False
control_0p15_right_early_loading_native_strong_ice_v0,pair_054,control,right,right,none,4,2048,2386,2048,,,[],0.00607835641130805,True,,,,0,0,10,10,False
control_0p15_right_early_loading_native_strong_ice_v0,pair_054,control,right,right,none,5,2650,2985,2650,,,[],0.005800987593829632,True,,,,0,0,10,10,False
positive_0p15_right_early_loading_native_strong_ice_v1,pair_055,positive,right,left,none,0,39,89,39,,,[],0.0006854928797110915,True,,,,0,0,10,19,False
positive_0p15_right_early_loading_native_strong_ice_v1,pair_055,positive,right,left,none,1,304,683,304,,,[],0.008006701245903969,True,,,,0,0,10,13,False
positive_0p15_right_early_loading_native_strong_ice_v1,pair_055,positive,right,left,none,2,946,1290,946,,,[],0.0020895316265523434,True,,,,0,0,10,10,False
positive_0p15_right_early_loading_native_strong_ice_v1,pair_055,positive,right,left,none,3,1555,1885,1555,,,[],0.0017172473017126322,True,,,,0,0,10,14,False
positive_0p15_right_early_loading_native_strong_ice_v1,pair_055,positive,right,left,none,4,2152,2484,2152,,,[],0.0019143614917993546,True,,,,0,0,10,14,False
positive_0p15_right_early_loading_native_strong_ice_v1,pair_055,positive,right,left,none,5,2749,3000,2749,,,[],0.002343093743547797,True,,,,0,0,10,10,False
positive_0p15_right_early_loading_native_strong_ice_v1,pair_055,positive,right,right,none,0,37,328,37,,,[],0.003014753106981516,True,,,,0,0,10,10,False
positive_0p15_right_early_loading_native_strong_ice_v1,pair_055,positive,right,right,none,1,642,984,642,,,[],0.004985883366316557,True,,,,0,0,10,10,False
positive_0p15_right_early_loading_native_strong_ice_v1,pair_055,positive,right,right,none,2,1251,1590,1251,,,[],0.005277205258607864,True,,,,0,0,10,10,False
positive_0p15_right_early_loading_native_strong_ice_v1,pair_055,positive,right,right,none,3,1597,1601,1597,,,[],0.00039538132841698825,False,,,,0,0,4,4,False
positive_0p15_right_early_loading_native_strong_ice_v1,pair_055,positive,right,right,none,4,1847,2185,1847,,,[],0.005715705454349518,True,,,,0,0,10,10,False
positive_0p15_right_early_loading_native_strong_ice_v1,pair_055,positive,right,right,none,5,2445,2784,2445,,,[],0.0063063111156225204,True,,,,0,0,10,10,False
control_0p15_right_early_loading_native_strong_ice_v1,pair_055,control,right,left,none,0,39,89,39,,,[],0.0006854928797110915,True,,,,0,0,10,19,False
control_0p15_right_early_loading_native_strong_ice_v1,pair_055,control,right,left,none,1,304,683,304,,,[],0.008006701245903969,True,,,,0,0,10,13,False
control_0p15_right_early_loading_native_strong_ice_v1,pair_055,control,right,left,none,2,946,1290,946,,,[],0.0020895316265523434,True,,,,0,0,10,10,False
control_0p15_right_early_loading_native_strong_ice_v1,pair_055,control,right,left,none,3,1555,1885,1555,,,[],0.0017172473017126322,True,,,,0,0,10,14,False
control_0p15_right_early_loading_native_strong_ice_v1,pair_055,control,right,left,none,4,2152,2484,2152,,,[],0.0019143614917993546,True,,,,0,0,10,14,False
control_0p15_right_early_loading_native_strong_ice_v1,pair_055,control,right,left,none,5,2749,3000,2749,,,[],0.002343093743547797,True,,,,0,0,10,10,False
control_0p15_right_early_loading_native_strong_ice_v1,pair_055,control,right,right,none,0,37,328,37,,,[],0.003014753106981516,True,,,,0,0,10,10,False
control_0p15_right_early_loading_native_strong_ice_v1,pair_055,control,right,right,none,1,642,984,642,,,[],0.004985883366316557,True,,,,0,0,10,10,False
control_0p15_right_early_loading_native_strong_ice_v1,pair_055,control,right,right,none,2,1251,1590,1251,,,[],0.005277205258607864,True,,,,0,0,10,10,False
control_0p15_right_early_loading_native_strong_ice_v1,pair_055,control,right,right,none,3,1597,1601,1597,,,[],0.00039538132841698825,False,,,,0,0,4,4,False
control_0p15_right_early_loading_native_strong_ice_v1,pair_055,control,right,right,none,4,1847,2185,1847,,,[],0.005715705454349518,True,,,,0,0,10,10,False
control_0p15_right_early_loading_native_strong_ice_v1,pair_055,control,right,right,none,5,2445,2784,2445,,,[],0.0063063111156225204,True,,,,0,0,10,10,False
positive_0p15_right_early_loading_native_strong_ice_v2,pair_056,positive,right,left,none,0,44,395,44,,,[],0.004944552201777697,True,,,,0,0,10,10,False
positive_0p15_right_early_loading_native_strong_ice_v2,pair_056,positive,right,left,none,1,399,401,399,,,[],0.0001787151413736865,False,,,,0,0,2,2,False
positive_0p15_right_early_loading_native_strong_ice_v2,pair_056,positive,right,left,none,2,709,1045,709,,,[],0.001639265799894929,True,,,,0,0,10,13,False
positive_0p15_right_early_loading_native_strong_ice_v2,pair_056,positive,right,left,none,3,1295,1629,1295,,,[],0.001819989294745028,True,,,,0,0,10,10,False
positive_0p15_right_early_loading_native_strong_ice_v2,pair_056,positive,right,left,none,4,1903,2229,1903,,,[],0.0021785893477499485,True,,,,0,0,10,10,False
positive_0p15_right_early_loading_native_strong_ice_v2,pair_056,positive,right,left,none,5,2498,2829,2498,,,[],0.0017758668400347233,True,,,,0,0,10,10,False
positive_0p15_right_early_loading_native_strong_ice_v2,pair_056,positive,right,right,none,0,34,160,34,,,[],0.0012509810039773583,True,,,,0,0,10,10,False
positive_0p15_right_early_loading_native_strong_ice_v2,pair_056,positive,right,right,none,1,365,744,365,,,[],0.00894460640847683,True,,,,0,0,10,10,False
positive_0p15_right_early_loading_native_strong_ice_v2,pair_056,positive,right,right,none,2,997,1333,997,,,[],0.004571847151964903,True,,,,0,0,10,10,False
positive_0p15_right_early_loading_native_strong_ice_v2,pair_056,positive,right,right,none,3,1335,1342,1335,,,[],0.00037177823833189905,False,,,,0,0,7,7,False
positive_0p15_right_early_loading_native_strong_ice_v2,pair_056,positive,right,right,none,4,1597,1943,1597,,,[],0.005445368122309446,True,,,,0,0,10,10,False
positive_0p15_right_early_loading_native_strong_ice_v2,pair_056,positive,right,right,none,5,2191,2531,2191,,,[],0.006612446624785662,True,,,,0,0,10,10,False
positive_0p15_right_early_loading_native_strong_ice_v2,pair_056,positive,right,right,none,6,2535,2541,2535,,,[],0.0005507118185050786,False,,,,0,0,6,6,False
positive_0p15_right_early_loading_native_strong_ice_v2,pair_056,positive,right,right,none,7,2793,3000,2793,,,[],0.00606808764860034,True,,,,0,0,10,10,False
control_0p15_right_early_loading_native_strong_ice_v2,pair_056,control,right,left,none,0,44,395,44,,,[],0.004944552201777697,True,,,,0,0,10,10,False
control_0p15_right_early_loading_native_strong_ice_v2,pair_056,control,right,left,none,1,399,401,399,,,[],0.0001787151413736865,False,,,,0,0,2,2,False
control_0p15_right_early_loading_native_strong_ice_v2,pair_056,control,right,left,none,2,709,1045,709,,,[],0.001639265799894929,True,,,,0,0,10,13,False
control_0p15_right_early_loading_native_strong_ice_v2,pair_056,control,right,left,none,3,1295,1629,1295,,,[],0.001819989294745028,True,,,,0,0,10,10,False
control_0p15_right_early_loading_native_strong_ice_v2,pair_056,control,right,left,none,4,1903,2229,1903,,,[],0.0021785893477499485,True,,,,0,0,10,10,False
control_0p15_right_early_loading_native_strong_ice_v2,pair_056,control,right,left,none,5,2498,2829,2498,,,[],0.0017758668400347233,True,,,,0,0,10,10,False
control_0p15_right_early_loading_native_strong_ice_v2,pair_056,control,right,right,none,0,34,160,34,,,[],0.0012509810039773583,True,,,,0,0,10,10,False
control_0p15_right_early_loading_native_strong_ice_v2,pair_056,control,right,right,none,1,365,744,365,,,[],0.00894460640847683,True,,,,0,0,10,10,False
control_0p15_right_early_loading_native_strong_ice_v2,pair_056,control,right,right,none,2,997,1333,997,,,[],0.004571847151964903,True,,,,0,0,10,10,False
control_0p15_right_early_loading_native_strong_ice_v2,pair_056,control,right,right,none,3,1335,1342,1335,,,[],0.00037177823833189905,False,,,,0,0,7,7,False
control_0p15_right_early_loading_native_strong_ice_v2,pair_056,control,right,right,none,4,1597,1943,1597,,,[],0.005445368122309446,True,,,,0,0,10,10,False
control_0p15_right_early_loading_native_strong_ice_v2,pair_056,control,right,right,none,5,2191,2531,2191,,,[],0.006612446624785662,True,,,,0,0,10,10,False
control_0p15_right_early_loading_native_strong_ice_v2,pair_056,control,right,right,none,6,2535,2541,2535,,,[],0.0005507118185050786,False,,,,0,0,6,6,False
control_0p15_right_early_loading_native_strong_ice_v2,pair_056,control,right,right,none,7,2793,3000,2793,,,[],0.00606808764860034,True,,,,0,0,10,10,False
positive_0p15_right_early_loading_moderate_ice_preregistered_v0,pair_057,positive,right,left,none,0,37,242,37,,,[],0.001965597737580538,True,,,,0,0,10,12,False
positive_0p15_right_early_loading_moderate_ice_preregistered_v0,pair_057,positive,right,left,none,1,563,907,563,,,[],0.0015375837683677673,True,,,,0,0,10,13,False
positive_0p15_right_early_loading_moderate_ice_preregistered_v0,pair_057,positive,right,left,none,2,1159,1489,1159,,,[],0.0022073599975556135,True,,,,0,0,10,17,False
positive_0p15_right_early_loading_moderate_ice_preregistered_v0,pair_057,positive,right,left,none,3,1760,2086,1760,,,[],0.0021966255735605955,True,,,,0,0,10,15,False
positive_0p15_right_early_loading_moderate_ice_preregistered_v0,pair_057,positive,right,left,none,4,2354,2687,2354,,,[],0.0020423494279384613,True,,,,0,0,10,15,False
positive_0p15_right_early_loading_moderate_ice_preregistered_v0,pair_057,positive,right,left,none,5,2953,3000,2953,,,[],0.0019953371956944466,True,,,,0,0,10,10,False
positive_0p15_right_early_loading_moderate_ice_preregistered_v0,pair_057,positive,right,right,none,0,43,90,43,,,[],0.0020002678502351046,True,,,,0,0,10,20,False
positive_0p15_right_early_loading_moderate_ice_preregistered_v0,pair_057,positive,right,right,none,1,197,604,197,,,[],0.006601754575967789,True,,,,0,0,10,10,False
positive_0p15_right_early_loading_moderate_ice_preregistered_v0,pair_057,positive,right,right,none,2,859,1205,859,,,[],0.005079247988760471,True,,,,0,0,10,10,False
positive_0p15_right_early_loading_moderate_ice_preregistered_v0,pair_057,positive,right,right,none,3,1455,1803,1455,,,[],0.005828930530697107,True,,,,0,0,10,10,False
positive_0p15_right_early_loading_moderate_ice_preregistered_v0,pair_057,positive,right,right,none,4,2048,2386,2048,,,[],0.0060779377818107605,True,,,,0,0,10,10,False
positive_0p15_right_early_loading_moderate_ice_preregistered_v0,pair_057,positive,right,right,none,5,2650,2985,2650,,,[],0.005800860468298197,True,,,,0,0,10,10,False
control_0p15_right_early_loading_moderate_ice_preregistered_v0,pair_057,control,right,left,none,0,37,242,37,,,[],0.001965597737580538,True,,,,0,0,10,12,False
control_0p15_right_early_loading_moderate_ice_preregistered_v0,pair_057,control,right,left,none,1,563,907,563,,,[],0.0015375837683677673,True,,,,0,0,10,13,False
control_0p15_right_early_loading_moderate_ice_preregistered_v0,pair_057,control,right,left,none,2,1159,1489,1159,,,[],0.0022073599975556135,True,,,,0,0,10,17,False
control_0p15_right_early_loading_moderate_ice_preregistered_v0,pair_057,control,right,left,none,3,1760,2086,1760,,,[],0.0021966255735605955,True,,,,0,0,10,15,False
control_0p15_right_early_loading_moderate_ice_preregistered_v0,pair_057,control,right,left,none,4,2354,2687,2354,,,[],0.0020423494279384613,True,,,,0,0,10,15,False
control_0p15_right_early_loading_moderate_ice_preregistered_v0,pair_057,control,right,left,none,5,2953,3000,2953,,,[],0.0019953371956944466,True,,,,0,0,10,10,False
control_0p15_right_early_loading_moderate_ice_preregistered_v0,pair_057,control,right,right,none,0,43,90,43,,,[],0.0020002678502351046,True,,,,0,0,10,20,False
control_0p15_right_early_loading_moderate_ice_preregistered_v0,pair_057,control,right,right,none,1,197,604,197,,,[],0.006601754575967789,True,,,,0,0,10,10,False
control_0p15_right_early_loading_moderate_ice_preregistered_v0,pair_057,control,right,right,none,2,859,1205,859,,,[],0.005079247988760471,True,,,,0,0,10,10,False
control_0p15_right_early_loading_moderate_ice_preregistered_v0,pair_057,control,right,right,none,3,1455,1803,1455,,,[],0.005828930530697107,True,,,,0,0,10,10,False
control_0p15_right_early_loading_moderate_ice_preregistered_v0,pair_057,control,right,right,none,4,2048,2386,2048,,,[],0.0060779377818107605,True,,,,0,0,10,10,False
control_0p15_right_early_loading_moderate_ice_preregistered_v0,pair_057,control,right,right,none,5,2650,2985,2650,,,[],0.005800860468298197,True,,,,0,0,10,10,False
positive_0p15_right_early_loading_moderate_ice_preregistered_v1,pair_058,positive,right,left,none,0,39,89,39,,,[],0.0006854806561022997,True,,,,0,0,10,19,False
positive_0p15_right_early_loading_moderate_ice_preregistered_v1,pair_058,positive,right,left,none,1,304,683,304,,,[],0.008013572543859482,True,,,,0,0,10,13,False
positive_0p15_right_early_loading_moderate_ice_preregistered_v1,pair_058,positive,right,left,none,2,946,1290,946,,,[],0.0020885393023490906,True,,,,0,0,10,10,False
positive_0p15_right_early_loading_moderate_ice_preregistered_v1,pair_058,positive,right,left,none,3,1555,1885,1555,,,[],0.0017175327520817518,True,,,,0,0,10,14,False
positive_0p15_right_early_loading_moderate_ice_preregistered_v1,pair_058,positive,right,left,none,4,2152,2484,2152,,,[],0.001916400040499866,True,,,,0,0,10,14,False
positive_0p15_right_early_loading_moderate_ice_preregistered_v1,pair_058,positive,right,left,none,5,2749,3000,2749,,,[],0.0023471307940781116,True,,,,0,0,10,10,False
positive_0p15_right_early_loading_moderate_ice_preregistered_v1,pair_058,positive,right,right,none,0,37,328,37,,,[],0.0030147931538522243,True,,,,0,0,10,10,False
positive_0p15_right_early_loading_moderate_ice_preregistered_v1,pair_058,positive,right,right,none,1,642,984,642,,,[],0.004986568354070187,True,,,,0,0,10,10,False
positive_0p15_right_early_loading_moderate_ice_preregistered_v1,pair_058,positive,right,right,none,2,1251,1590,1251,,,[],0.005277147050946951,True,,,,0,0,10,10,False
positive_0p15_right_early_loading_moderate_ice_preregistered_v1,pair_058,positive,right,right,none,3,1597,1601,1597,,,[],0.0003802410210482776,False,,,,0,0,4,4,False
positive_0p15_right_early_loading_moderate_ice_preregistered_v1,pair_058,positive,right,right,none,4,1847,2185,1847,,,[],0.0057135713286697865,True,,,,0,0,10,10,False
positive_0p15_right_early_loading_moderate_ice_preregistered_v1,pair_058,positive,right,right,none,5,2445,2784,2445,,,[],0.006307784002274275,True,,,,0,0,10,10,False
control_0p15_right_early_loading_moderate_ice_preregistered_v1,pair_058,control,right,left,none,0,39,89,39,,,[],0.0006854806561022997,True,,,,0,0,10,19,False
control_0p15_right_early_loading_moderate_ice_preregistered_v1,pair_058,control,right,left,none,1,304,683,304,,,[],0.008013572543859482,True,,,,0,0,10,13,False
control_0p15_right_early_loading_moderate_ice_preregistered_v1,pair_058,control,right,left,none,2,946,1290,946,,,[],0.0020885393023490906,True,,,,0,0,10,10,False
control_0p15_right_early_loading_moderate_ice_preregistered_v1,pair_058,control,right,left,none,3,1555,1885,1555,,,[],0.0017175327520817518,True,,,,0,0,10,14,False
control_0p15_right_early_loading_moderate_ice_preregistered_v1,pair_058,control,right,left,none,4,2152,2484,2152,,,[],0.001916400040499866,True,,,,0,0,10,14,False
control_0p15_right_early_loading_moderate_ice_preregistered_v1,pair_058,control,right,left,none,5,2749,3000,2749,,,[],0.0023471307940781116,True,,,,0,0,10,10,False
control_0p15_right_early_loading_moderate_ice_preregistered_v1,pair_058,control,right,right,none,0,37,328,37,,,[],0.0030147931538522243,True,,,,0,0,10,10,False
control_0p15_right_early_loading_moderate_ice_preregistered_v1,pair_058,control,right,right,none,1,642,984,642,,,[],0.004986568354070187,True,,,,0,0,10,10,False
control_0p15_right_early_loading_moderate_ice_preregistered_v1,pair_058,control,right,right,none,2,1251,1590,1251,,,[],0.005277147050946951,True,,,,0,0,10,10,False
control_0p15_right_early_loading_moderate_ice_preregistered_v1,pair_058,control,right,right,none,3,1597,1601,1597,,,[],0.0003802410210482776,False,,,,0,0,4,4,False
control_0p15_right_early_loading_moderate_ice_preregistered_v1,pair_058,control,right,right,none,4,1847,2185,1847,,,[],0.0057135713286697865,True,,,,0,0,10,10,False
control_0p15_right_early_loading_moderate_ice_preregistered_v1,pair_058,control,right,right,none,5,2445,2784,2445,,,[],0.006307784002274275,True,,,,0,0,10,10,False
positive_0p15_right_early_loading_moderate_ice_preregistered_v2,pair_059,positive,right,left,none,0,44,395,44,,,[],0.004940803628414869,True,,,,0,0,10,10,False
positive_0p15_right_early_loading_moderate_ice_preregistered_v2,pair_059,positive,right,left,none,1,399,401,399,,,[],0.00017838725761976093,False,,,,0,0,2,2,False
positive_0p15_right_early_loading_moderate_ice_preregistered_v2,pair_059,positive,right,left,none,2,709,1045,709,,,[],0.0016354487743228674,True,,,,0,0,10,13,False
positive_0p15_right_early_loading_moderate_ice_preregistered_v2,pair_059,positive,right,left,none,3,1295,1629,1295,,,[],0.0018244810635223985,True,,,,0,0,10,10,False
positive_0p15_right_early_loading_moderate_ice_preregistered_v2,pair_059,positive,right,left,none,4,1903,2229,1903,,,[],0.002329584676772356,True,,,,0,0,10,10,False
positive_0p15_right_early_loading_moderate_ice_preregistered_v2,pair_059,positive,right,left,none,5,2498,2829,2498,,,[],0.0017767981626093388,True,,,,0,0,10,10,False
positive_0p15_right_early_loading_moderate_ice_preregistered_v2,pair_059,positive,right,right,none,0,34,160,34,,,[],0.0012466218322515488,True,,,,0,0,10,10,False
positive_0p15_right_early_loading_moderate_ice_preregistered_v2,pair_059,positive,right,right,none,1,365,744,365,,,[],0.008940203115344048,True,,,,0,0,10,10,False
positive_0p15_right_early_loading_moderate_ice_preregistered_v2,pair_059,positive,right,right,none,2,997,1333,997,,,[],0.0045748185366392136,True,,,,0,0,10,10,False
positive_0p15_right_early_loading_moderate_ice_preregistered_v2,pair_059,positive,right,right,none,3,1335,1341,1335,,,[],0.0002787805860862136,False,,,,0,0,6,6,False
positive_0p15_right_early_loading_moderate_ice_preregistered_v2,pair_059,positive,right,right,none,4,1597,1944,1597,,,[],0.005441672634333372,True,,,,0,0,10,10,False
positive_0p15_right_early_loading_moderate_ice_preregistered_v2,pair_059,positive,right,right,none,5,2192,2531,2192,,,[],0.006149031221866608,True,,,,0,0,10,10,False
positive_0p15_right_early_loading_moderate_ice_preregistered_v2,pair_059,positive,right,right,none,6,2535,2541,2535,,,[],0.0005501311388798058,False,,,,0,0,6,6,False
positive_0p15_right_early_loading_moderate_ice_preregistered_v2,pair_059,positive,right,right,none,7,2793,3000,2793,,,[],0.006067031528800726,True,,,,0,0,10,10,False
control_0p15_right_early_loading_moderate_ice_preregistered_v2,pair_059,control,right,left,none,0,44,395,44,,,[],0.004940803628414869,True,,,,0,0,10,10,False
control_0p15_right_early_loading_moderate_ice_preregistered_v2,pair_059,control,right,left,none,1,399,401,399,,,[],0.00017838725761976093,False,,,,0,0,2,2,False
control_0p15_right_early_loading_moderate_ice_preregistered_v2,pair_059,control,right,left,none,2,709,1045,709,,,[],0.0016354487743228674,True,,,,0,0,10,13,False
control_0p15_right_early_loading_moderate_ice_preregistered_v2,pair_059,control,right,left,none,3,1295,1629,1295,,,[],0.0018244810635223985,True,,,,0,0,10,10,False
control_0p15_right_early_loading_moderate_ice_preregistered_v2,pair_059,control,right,left,none,4,1903,2229,1903,,,[],0.002329584676772356,True,,,,0,0,10,10,False
control_0p15_right_early_loading_moderate_ice_preregistered_v2,pair_059,control,right,left,none,5,2498,2829,2498,,,[],0.0017767981626093388,True,,,,0,0,10,10,False
control_0p15_right_early_loading_moderate_ice_preregistered_v2,pair_059,control,right,right,none,0,34,160,34,,,[],0.0012466218322515488,True,,,,0,0,10,10,False
control_0p15_right_early_loading_moderate_ice_preregistered_v2,pair_059,control,right,right,none,1,365,744,365,,,[],0.008940203115344048,True,,,,0,0,10,10,False
control_0p15_right_early_loading_moderate_ice_preregistered_v2,pair_059,control,right,right,none,2,997,1333,997,,,[],0.0045748185366392136,True,,,,0,0,10,10,False
control_0p15_right_early_loading_moderate_ice_preregistered_v2,pair_059,control,right,right,none,3,1335,1341,1335,,,[],0.0002787805860862136,False,,,,0,0,6,6,False
control_0p15_right_early_loading_moderate_ice_preregistered_v2,pair_059,control,right,right,none,4,1597,1944,1597,,,[],0.005441672634333372,True,,,,0,0,10,10,False
control_0p15_right_early_loading_moderate_ice_preregistered_v2,pair_059,control,right,right,none,5,2192,2531,2192,,,[],0.006149031221866608,True,,,,0,0,10,10,False
control_0p15_right_early_loading_moderate_ice_preregistered_v2,pair_059,control,right,right,none,6,2535,2541,2535,,,[],0.0005501311388798058,False,,,,0,0,6,6,False
control_0p15_right_early_loading_moderate_ice_preregistered_v2,pair_059,control,right,right,none,7,2793,3000,2793,,,[],0.006067031528800726,True,,,,0,0,10,10,False
positive_0p15_right_mid_loading_early_stance_native_strong_ice_v0,pair_060,positive,right,left,none,0,37,242,37,,,[],0.001964966068044305,True,,,,0,0,10,12,False
positive_0p15_right_mid_loading_early_stance_native_strong_ice_v0,pair_060,positive,right,left,none,1,563,907,563,,,[],0.0015368119347840548,True,,,,0,0,10,13,False
positive_0p15_right_mid_loading_early_stance_native_strong_ice_v0,pair_060,positive,right,left,none,2,1159,1489,1159,,,[],0.002207547891885042,True,,,,0,0,10,17,False
positive_0p15_right_mid_loading_early_stance_native_strong_ice_v0,pair_060,positive,right,left,none,3,1760,2086,1760,,,[],0.002196411369368434,True,,,,0,0,10,15,False
positive_0p15_right_mid_loading_early_stance_native_strong_ice_v0,pair_060,positive,right,left,none,4,2354,2687,2354,,,[],0.002042461186647415,True,,,,0,0,10,15,False
positive_0p15_right_mid_loading_early_stance_native_strong_ice_v0,pair_060,positive,right,left,none,5,2953,3000,2953,,,[],0.00199536862783134,True,,,,0,0,10,10,False
positive_0p15_right_mid_loading_early_stance_native_strong_ice_v0,pair_060,positive,right,right,none,0,43,90,43,,,[],0.00199895934201777,True,,,,0,0,10,20,False
positive_0p15_right_mid_loading_early_stance_native_strong_ice_v0,pair_060,positive,right,right,none,1,197,604,197,,,[],0.006595030892640352,True,,,,0,0,10,10,False
positive_0p15_right_mid_loading_early_stance_native_strong_ice_v0,pair_060,positive,right,right,none,2,859,1205,859,,,[],0.00507977232336998,True,,,,0,0,10,10,False
positive_0p15_right_mid_loading_early_stance_native_strong_ice_v0,pair_060,positive,right,right,none,3,1455,1803,1455,,,[],0.00582906324416399,True,,,,0,0,10,10,False
positive_0p15_right_mid_loading_early_stance_native_strong_ice_v0,pair_060,positive,right,right,none,4,2048,2386,2048,,,[],0.006077906582504511,True,,,,0,0,10,10,False
positive_0p15_right_mid_loading_early_stance_native_strong_ice_v0,pair_060,positive,right,right,none,5,2650,2985,2650,,,[],0.00580085813999176,True,,,,0,0,10,10,False
control_0p15_right_mid_loading_early_stance_native_strong_ice_v0,pair_060,control,right,left,none,0,37,242,37,,,[],0.001964966068044305,True,,,,0,0,10,12,False
control_0p15_right_mid_loading_early_stance_native_strong_ice_v0,pair_060,control,right,left,none,1,563,907,563,,,[],0.0015368119347840548,True,,,,0,0,10,13,False
control_0p15_right_mid_loading_early_stance_native_strong_ice_v0,pair_060,control,right,left,none,2,1159,1489,1159,,,[],0.002207547891885042,True,,,,0,0,10,17,False
control_0p15_right_mid_loading_early_stance_native_strong_ice_v0,pair_060,control,right,left,none,3,1760,2086,1760,,,[],0.002196411369368434,True,,,,0,0,10,15,False
control_0p15_right_mid_loading_early_stance_native_strong_ice_v0,pair_060,control,right,left,none,4,2354,2687,2354,,,[],0.002042461186647415,True,,,,0,0,10,15,False
control_0p15_right_mid_loading_early_stance_native_strong_ice_v0,pair_060,control,right,left,none,5,2953,3000,2953,,,[],0.00199536862783134,True,,,,0,0,10,10,False
control_0p15_right_mid_loading_early_stance_native_strong_ice_v0,pair_060,control,right,right,none,0,43,90,43,,,[],0.00199895934201777,True,,,,0,0,10,20,False
control_0p15_right_mid_loading_early_stance_native_strong_ice_v0,pair_060,control,right,right,none,1,197,604,197,,,[],0.006595030892640352,True,,,,0,0,10,10,False
control_0p15_right_mid_loading_early_stance_native_strong_ice_v0,pair_060,control,right,right,none,2,859,1205,859,,,[],0.00507977232336998,True,,,,0,0,10,10,False
control_0p15_right_mid_loading_early_stance_native_strong_ice_v0,pair_060,control,right,right,none,3,1455,1803,1455,,,[],0.00582906324416399,True,,,,0,0,10,10,False
control_0p15_right_mid_loading_early_stance_native_strong_ice_v0,pair_060,control,right,right,none,4,2048,2386,2048,,,[],0.006077906582504511,True,,,,0,0,10,10,False
control_0p15_right_mid_loading_early_stance_native_strong_ice_v0,pair_060,control,right,right,none,5,2650,2985,2650,,,[],0.00580085813999176,True,,,,0,0,10,10,False
positive_0p15_right_mid_loading_early_stance_native_strong_ice_v1,pair_061,positive,right,left,none,0,39,89,39,,,[],0.0006856389809399843,True,,,,0,0,10,19,False
positive_0p15_right_mid_loading_early_stance_native_strong_ice_v1,pair_061,positive,right,left,none,1,304,683,304,,,[],0.007984035648405552,True,,,,0,0,10,13,False
positive_0p15_right_mid_loading_early_stance_native_strong_ice_v1,pair_061,positive,right,left,none,2,946,1290,946,,,[],0.0020958282984793186,True,,,,0,0,10,10,False
positive_0p15_right_mid_loading_early_stance_native_strong_ice_v1,pair_061,positive,right,left,none,3,1555,1885,1555,,,[],0.0017163214506581426,True,,,,0,0,10,14,False
positive_0p15_right_mid_loading_early_stance_native_strong_ice_v1,pair_061,positive,right,left,none,4,2152,2484,2152,,,[],0.001912850420922041,True,,,,0,0,10,14,False
positive_0p15_right_mid_loading_early_stance_native_strong_ice_v1,pair_061,positive,right,left,none,5,2749,3000,2749,,,[],0.002341934945434332,True,,,,0,0,10,10,False
positive_0p15_right_mid_loading_early_stance_native_strong_ice_v1,pair_061,positive,right,right,none,0,37,328,37,,,[],0.0030133442487567663,True,,,,0,0,10,10,False
positive_0p15_right_mid_loading_early_stance_native_strong_ice_v1,pair_061,positive,right,right,none,1,642,984,642,,,[],0.004984200466424227,True,,,,0,0,10,10,False
positive_0p15_right_mid_loading_early_stance_native_strong_ice_v1,pair_061,positive,right,right,none,2,1251,1590,1251,,,[],0.0052775247022509575,True,,,,0,0,10,10,False
positive_0p15_right_mid_loading_early_stance_native_strong_ice_v1,pair_061,positive,right,right,none,3,1597,1601,1597,,,[],0.0003961714683100581,False,,,,0,0,4,4,False
positive_0p15_right_mid_loading_early_stance_native_strong_ice_v1,pair_061,positive,right,right,none,4,1847,2185,1847,,,[],0.0057169548235833645,True,,,,0,0,10,10,False
positive_0p15_right_mid_loading_early_stance_native_strong_ice_v1,pair_061,positive,right,right,none,5,2445,2784,2445,,,[],0.006305690389126539,True,,,,0,0,10,10,False
control_0p15_right_mid_loading_early_stance_native_strong_ice_v1,pair_061,control,right,left,none,0,39,89,39,,,[],0.0006856389809399843,True,,,,0,0,10,19,False
control_0p15_right_mid_loading_early_stance_native_strong_ice_v1,pair_061,control,right,left,none,1,304,683,304,,,[],0.007984035648405552,True,,,,0,0,10,13,False
control_0p15_right_mid_loading_early_stance_native_strong_ice_v1,pair_061,control,right,left,none,2,946,1290,946,,,[],0.0020958282984793186,True,,,,0,0,10,10,False
control_0p15_right_mid_loading_early_stance_native_strong_ice_v1,pair_061,control,right,left,none,3,1555,1885,1555,,,[],0.0017163214506581426,True,,,,0,0,10,14,False
control_0p15_right_mid_loading_early_stance_native_strong_ice_v1,pair_061,control,right,left,none,4,2152,2484,2152,,,[],0.001912850420922041,True,,,,0,0,10,14,False
control_0p15_right_mid_loading_early_stance_native_strong_ice_v1,pair_061,control,right,left,none,5,2749,3000,2749,,,[],0.002341934945434332,True,,,,0,0,10,10,False
control_0p15_right_mid_loading_early_stance_native_strong_ice_v1,pair_061,control,right,right,none,0,37,328,37,,,[],0.0030133442487567663,True,,,,0,0,10,10,False
control_0p15_right_mid_loading_early_stance_native_strong_ice_v1,pair_061,control,right,right,none,1,642,984,642,,,[],0.004984200466424227,True,,,,0,0,10,10,False
control_0p15_right_mid_loading_early_stance_native_strong_ice_v1,pair_061,control,right,right,none,2,1251,1590,1251,,,[],0.0052775247022509575,True,,,,0,0,10,10,False
control_0p15_right_mid_loading_early_stance_native_strong_ice_v1,pair_061,control,right,right,none,3,1597,1601,1597,,,[],0.0003961714683100581,False,,,,0,0,4,4,False
control_0p15_right_mid_loading_early_stance_native_strong_ice_v1,pair_061,control,right,right,none,4,1847,2185,1847,,,[],0.0057169548235833645,True,,,,0,0,10,10,False
control_0p15_right_mid_loading_early_stance_native_strong_ice_v1,pair_061,control,right,right,none,5,2445,2784,2445,,,[],0.006305690389126539,True,,,,0,0,10,10,False
positive_0p15_right_mid_loading_early_stance_native_strong_ice_v2,pair_062,positive,right,left,none,0,44,395,44,,,[],0.0049363295547664165,True,,,,0,0,10,10,False
positive_0p15_right_mid_loading_early_stance_native_strong_ice_v2,pair_062,positive,right,left,none,1,399,401,399,,,[],0.0001780538004823029,False,,,,0,0,2,2,False
positive_0p15_right_mid_loading_early_stance_native_strong_ice_v2,pair_062,positive,right,left,none,2,709,1045,709,,,[],0.0016359915025532246,True,,,,0,0,10,13,False
positive_0p15_right_mid_loading_early_stance_native_strong_ice_v2,pair_062,positive,right,left,none,3,1295,1629,1295,,,[],0.0018281532684341073,True,,,,0,0,10,10,False
positive_0p15_right_mid_loading_early_stance_native_strong_ice_v2,pair_062,positive,right,left,none,4,1903,2229,1903,,,[],0.0023315732832998037,True,,,,0,0,10,10,False
positive_0p15_right_mid_loading_early_stance_native_strong_ice_v2,pair_062,positive,right,left,none,5,2498,2829,2498,,,[],0.0017766619566828012,True,,,,0,0,10,10,False
positive_0p15_right_mid_loading_early_stance_native_strong_ice_v2,pair_062,positive,right,right,none,0,34,161,34,,,[],0.0012917935382574797,True,,,,0,0,10,10,False
positive_0p15_right_mid_loading_early_stance_native_strong_ice_v2,pair_062,positive,right,right,none,1,365,744,365,,,[],0.00892129447311163,True,,,,0,0,10,10,False
positive_0p15_right_mid_loading_early_stance_native_strong_ice_v2,pair_062,positive,right,right,none,2,997,1333,997,,,[],0.004578966647386551,True,,,,0,0,10,10,False
positive_0p15_right_mid_loading_early_stance_native_strong_ice_v2,pair_062,positive,right,right,none,3,1335,1341,1335,,,[],0.0002761604555416852,False,,,,0,0,6,6,False
positive_0p15_right_mid_loading_early_stance_native_strong_ice_v2,pair_062,positive,right,right,none,4,1597,1944,1597,,,[],0.005442680791020393,True,,,,0,0,10,10,False
positive_0p15_right_mid_loading_early_stance_native_strong_ice_v2,pair_062,positive,right,right,none,5,2192,2531,2192,,,[],0.006148647051304579,True,,,,0,0,10,10,False
positive_0p15_right_mid_loading_early_stance_native_strong_ice_v2,pair_062,positive,right,right,none,6,2535,2541,2535,,,[],0.0005508032627403736,False,,,,0,0,6,6,False
positive_0p15_right_mid_loading_early_stance_native_strong_ice_v2,pair_062,positive,right,right,none,7,2793,3000,2793,,,[],0.006064787972718477,True,,,,0,0,10,10,False
control_0p15_right_mid_loading_early_stance_native_strong_ice_v2,pair_062,control,right,left,none,0,44,395,44,,,[],0.0049363295547664165,True,,,,0,0,10,10,False
control_0p15_right_mid_loading_early_stance_native_strong_ice_v2,pair_062,control,right,left,none,1,399,401,399,,,[],0.0001780538004823029,False,,,,0,0,2,2,False
control_0p15_right_mid_loading_early_stance_native_strong_ice_v2,pair_062,control,right,left,none,2,709,1045,709,,,[],0.0016359915025532246,True,,,,0,0,10,13,False
control_0p15_right_mid_loading_early_stance_native_strong_ice_v2,pair_062,control,right,left,none,3,1295,1629,1295,,,[],0.0018281532684341073,True,,,,0,0,10,10,False
control_0p15_right_mid_loading_early_stance_native_strong_ice_v2,pair_062,control,right,left,none,4,1903,2229,1903,,,[],0.0023315732832998037,True,,,,0,0,10,10,False
control_0p15_right_mid_loading_early_stance_native_strong_ice_v2,pair_062,control,right,left,none,5,2498,2829,2498,,,[],0.0017766619566828012,True,,,,0,0,10,10,False
control_0p15_right_mid_loading_early_stance_native_strong_ice_v2,pair_062,control,right,right,none,0,34,161,34,,,[],0.0012917935382574797,True,,,,0,0,10,10,False
control_0p15_right_mid_loading_early_stance_native_strong_ice_v2,pair_062,control,right,right,none,1,365,744,365,,,[],0.00892129447311163,True,,,,0,0,10,10,False
control_0p15_right_mid_loading_early_stance_native_strong_ice_v2,pair_062,control,right,right,none,2,997,1333,997,,,[],0.004578966647386551,True,,,,0,0,10,10,False
control_0p15_right_mid_loading_early_stance_native_strong_ice_v2,pair_062,control,right,right,none,3,1335,1341,1335,,,[],0.0002761604555416852,False,,,,0,0,6,6,False
control_0p15_right_mid_loading_early_stance_native_strong_ice_v2,pair_062,control,right,right,none,4,1597,1944,1597,,,[],0.005442680791020393,True,,,,0,0,10,10,False
control_0p15_right_mid_loading_early_stance_native_strong_ice_v2,pair_062,control,right,right,none,5,2192,2531,2192,,,[],0.006148647051304579,True,,,,0,0,10,10,False
control_0p15_right_mid_loading_early_stance_native_strong_ice_v2,pair_062,control,right,right,none,6,2535,2541,2535,,,[],0.0005508032627403736,False,,,,0,0,6,6,False
control_0p15_right_mid_loading_early_stance_native_strong_ice_v2,pair_062,control,right,right,none,7,2793,3000,2793,,,[],0.006064787972718477,True,,,,0,0,10,10,False
positive_0p15_right_mid_loading_early_stance_moderate_ice_preregistered_v0,pair_063,positive,right,left,none,0,37,242,37,,,[],0.001968519762158394,True,,,,0,0,10,12,False
positive_0p15_right_mid_loading_early_stance_moderate_ice_preregistered_v0,pair_063,positive,right,left,none,1,563,907,563,,,[],0.0015405337326228619,True,,,,0,0,10,13,False
positive_0p15_right_mid_loading_early_stance_moderate_ice_preregistered_v0,pair_063,positive,right,left,none,2,1159,1489,1159,,,[],0.002208762802183628,True,,,,0,0,10,17,False
positive_0p15_right_mid_loading_early_stance_moderate_ice_preregistered_v0,pair_063,positive,right,left,none,3,1760,2086,1760,,,[],0.002197398105636239,True,,,,0,0,10,15,False
positive_0p15_right_mid_loading_early_stance_moderate_ice_preregistered_v0,pair_063,positive,right,left,none,4,2354,2687,2354,,,[],0.0020422504749149084,True,,,,0,0,10,15,False
positive_0p15_right_mid_loading_early_stance_moderate_ice_preregistered_v0,pair_063,positive,right,left,none,5,2953,3000,2953,,,[],0.001995331607758999,True,,,,0,0,10,10,False
positive_0p15_right_mid_loading_early_stance_moderate_ice_preregistered_v0,pair_063,positive,right,right,none,0,43,90,43,,,[],0.002005040179938078,True,,,,0,0,10,20,False
positive_0p15_right_mid_loading_early_stance_moderate_ice_preregistered_v0,pair_063,positive,right,right,none,1,197,604,197,,,[],0.006626256741583347,True,,,,0,0,10,10,False
positive_0p15_right_mid_loading_early_stance_moderate_ice_preregistered_v0,pair_063,positive,right,right,none,2,859,1205,859,,,[],0.005077332723885775,True,,,,0,0,10,10,False
positive_0p15_right_mid_loading_early_stance_moderate_ice_preregistered_v0,pair_063,positive,right,right,none,3,1455,1803,1455,,,[],0.005829233676195145,True,,,,0,0,10,10,False
positive_0p15_right_mid_loading_early_stance_moderate_ice_preregistered_v0,pair_063,positive,right,right,none,4,2048,2386,2048,,,[],0.006078288424760103,True,,,,0,0,10,10,False
positive_0p15_right_mid_loading_early_stance_moderate_ice_preregistered_v0,pair_063,positive,right,right,none,5,2650,2985,2650,,,[],0.00580092566087842,True,,,,0,0,10,10,False
control_0p15_right_mid_loading_early_stance_moderate_ice_preregistered_v0,pair_063,control,right,left,none,0,37,242,37,,,[],0.001968519762158394,True,,,,0,0,10,12,False
control_0p15_right_mid_loading_early_stance_moderate_ice_preregistered_v0,pair_063,control,right,left,none,1,563,907,563,,,[],0.0015405337326228619,True,,,,0,0,10,13,False
control_0p15_right_mid_loading_early_stance_moderate_ice_preregistered_v0,pair_063,control,right,left,none,2,1159,1489,1159,,,[],0.002208762802183628,True,,,,0,0,10,17,False
control_0p15_right_mid_loading_early_stance_moderate_ice_preregistered_v0,pair_063,control,right,left,none,3,1760,2086,1760,,,[],0.002197398105636239,True,,,,0,0,10,15,False
control_0p15_right_mid_loading_early_stance_moderate_ice_preregistered_v0,pair_063,control,right,left,none,4,2354,2687,2354,,,[],0.0020422504749149084,True,,,,0,0,10,15,False
control_0p15_right_mid_loading_early_stance_moderate_ice_preregistered_v0,pair_063,control,right,left,none,5,2953,3000,2953,,,[],0.001995331607758999,True,,,,0,0,10,10,False
control_0p15_right_mid_loading_early_stance_moderate_ice_preregistered_v0,pair_063,control,right,right,none,0,43,90,43,,,[],0.002005040179938078,True,,,,0,0,10,20,False
control_0p15_right_mid_loading_early_stance_moderate_ice_preregistered_v0,pair_063,control,right,right,none,1,197,604,197,,,[],0.006626256741583347,True,,,,0,0,10,10,False
control_0p15_right_mid_loading_early_stance_moderate_ice_preregistered_v0,pair_063,control,right,right,none,2,859,1205,859,,,[],0.005077332723885775,True,,,,0,0,10,10,False
control_0p15_right_mid_loading_early_stance_moderate_ice_preregistered_v0,pair_063,control,right,right,none,3,1455,1803,1455,,,[],0.005829233676195145,True,,,,0,0,10,10,False
control_0p15_right_mid_loading_early_stance_moderate_ice_preregistered_v0,pair_063,control,right,right,none,4,2048,2386,2048,,,[],0.006078288424760103,True,,,,0,0,10,10,False
control_0p15_right_mid_loading_early_stance_moderate_ice_preregistered_v0,pair_063,control,right,right,none,5,2650,2985,2650,,,[],0.00580092566087842,True,,,,0,0,10,10,False
positive_0p15_right_mid_loading_early_stance_moderate_ice_preregistered_v1,pair_064,positive,right,left,none,0,39,89,39,,,[],0.0006854654639028013,True,,,,0,0,10,19,False
positive_0p15_right_mid_loading_early_stance_moderate_ice_preregistered_v1,pair_064,positive,right,left,none,1,304,683,304,,,[],0.008003880269825459,True,,,,0,0,10,13,False
positive_0p15_right_mid_loading_early_stance_moderate_ice_preregistered_v1,pair_064,positive,right,left,none,2,946,1290,946,,,[],0.0020885136909782887,True,,,,0,0,10,10,False
positive_0p15_right_mid_loading_early_stance_moderate_ice_preregistered_v1,pair_064,positive,right,left,none,3,1555,1885,1555,,,[],0.0017172289080917835,True,,,,0,0,10,14,False
positive_0p15_right_mid_loading_early_stance_moderate_ice_preregistered_v1,pair_064,positive,right,left,none,4,2152,2484,2152,,,[],0.0019164524273946881,True,,,,0,0,10,14,False
positive_0p15_right_mid_loading_early_stance_moderate_ice_preregistered_v1,pair_064,positive,right,left,none,5,2749,3000,2749,,,[],0.0023471310269087553,True,,,,0,0,10,10,False
positive_0p15_right_mid_loading_early_stance_moderate_ice_preregistered_v1,pair_064,positive,right,right,none,0,37,328,37,,,[],0.003015259513631463,True,,,,0,0,10,10,False
positive_0p15_right_mid_loading_early_stance_moderate_ice_preregistered_v1,pair_064,positive,right,right,none,1,642,984,642,,,[],0.004985334351658821,True,,,,0,0,10,10,False
positive_0p15_right_mid_loading_early_stance_moderate_ice_preregistered_v1,pair_064,positive,right,right,none,2,1251,1590,1251,,,[],0.005277247168123722,True,,,,0,0,10,10,False
positive_0p15_right_mid_loading_early_stance_moderate_ice_preregistered_v1,pair_064,positive,right,right,none,3,1597,1601,1597,,,[],0.0003802563587669283,False,,,,0,0,4,4,False
positive_0p15_right_mid_loading_early_stance_moderate_ice_preregistered_v1,pair_064,positive,right,right,none,4,1847,2185,1847,,,[],0.005713588558137417,True,,,,0,0,10,10,False
positive_0p15_right_mid_loading_early_stance_moderate_ice_preregistered_v1,pair_064,positive,right,right,none,5,2445,2784,2445,,,[],0.006307793781161308,True,,,,0,0,10,10,False
control_0p15_right_mid_loading_early_stance_moderate_ice_preregistered_v1,pair_064,control,right,left,none,0,39,89,39,,,[],0.0006854654639028013,True,,,,0,0,10,19,False
control_0p15_right_mid_loading_early_stance_moderate_ice_preregistered_v1,pair_064,control,right,left,none,1,304,683,304,,,[],0.008003880269825459,True,,,,0,0,10,13,False
control_0p15_right_mid_loading_early_stance_moderate_ice_preregistered_v1,pair_064,control,right,left,none,2,946,1290,946,,,[],0.0020885136909782887,True,,,,0,0,10,10,False
control_0p15_right_mid_loading_early_stance_moderate_ice_preregistered_v1,pair_064,control,right,left,none,3,1555,1885,1555,,,[],0.0017172289080917835,True,,,,0,0,10,14,False
control_0p15_right_mid_loading_early_stance_moderate_ice_preregistered_v1,pair_064,control,right,left,none,4,2152,2484,2152,,,[],0.0019164524273946881,True,,,,0,0,10,14,False
control_0p15_right_mid_loading_early_stance_moderate_ice_preregistered_v1,pair_064,control,right,left,none,5,2749,3000,2749,,,[],0.0023471310269087553,True,,,,0,0,10,10,False
control_0p15_right_mid_loading_early_stance_moderate_ice_preregistered_v1,pair_064,control,right,right,none,0,37,328,37,,,[],0.003015259513631463,True,,,,0,0,10,10,False
control_0p15_right_mid_loading_early_stance_moderate_ice_preregistered_v1,pair_064,control,right,right,none,1,642,984,642,,,[],0.004985334351658821,True,,,,0,0,10,10,False
control_0p15_right_mid_loading_early_stance_moderate_ice_preregistered_v1,pair_064,control,right,right,none,2,1251,1590,1251,,,[],0.005277247168123722,True,,,,0,0,10,10,False
control_0p15_right_mid_loading_early_stance_moderate_ice_preregistered_v1,pair_064,control,right,right,none,3,1597,1601,1597,,,[],0.0003802563587669283,False,,,,0,0,4,4,False
control_0p15_right_mid_loading_early_stance_moderate_ice_preregistered_v1,pair_064,control,right,right,none,4,1847,2185,1847,,,[],0.005713588558137417,True,,,,0,0,10,10,False
control_0p15_right_mid_loading_early_stance_moderate_ice_preregistered_v1,pair_064,control,right,right,none,5,2445,2784,2445,,,[],0.006307793781161308,True,,,,0,0,10,10,False
positive_0p15_right_mid_loading_early_stance_moderate_ice_preregistered_v2,pair_065,positive,right,left,none,0,44,394,44,,,[],0.0048270453698933125,True,,,,0,0,10,10,False
positive_0p15_right_mid_loading_early_stance_moderate_ice_preregistered_v2,pair_065,positive,right,left,none,1,398,401,398,,,[],0.0003384447772987187,False,,,,0,0,3,3,False
positive_0p15_right_mid_loading_early_stance_moderate_ice_preregistered_v2,pair_065,positive,right,left,none,2,709,1045,709,,,[],0.0016514809103682637,True,,,,0,0,10,13,False
positive_0p15_right_mid_loading_early_stance_moderate_ice_preregistered_v2,pair_065,positive,right,left,none,3,1295,1629,1295,,,[],0.0018119285814464092,True,,,,0,0,10,10,False
positive_0p15_right_mid_loading_early_stance_moderate_ice_preregistered_v2,pair_065,positive,right,left,none,4,1903,2229,1903,,,[],0.002172553213313222,True,,,,0,0,10,10,False
positive_0p15_right_mid_loading_early_stance_moderate_ice_preregistered_v2,pair_065,positive,right,left,none,5,2498,2829,2498,,,[],0.0017737967427819967,True,,,,0,0,10,10,False
positive_0p15_right_mid_loading_early_stance_moderate_ice_preregistered_v2,pair_065,positive,right,right,none,0,34,160,34,,,[],0.0012555837165564299,True,,,,0,0,10,10,False
positive_0p15_right_mid_loading_early_stance_moderate_ice_preregistered_v2,pair_065,positive,right,right,none,1,365,744,365,,,[],0.008947649039328098,True,,,,0,0,10,10,False
positive_0p15_right_mid_loading_early_stance_moderate_ice_preregistered_v2,pair_065,positive,right,right,none,2,997,1332,997,,,[],0.004571949131786823,True,,,,0,0,10,10,False
positive_0p15_right_mid_loading_early_stance_moderate_ice_preregistered_v2,pair_065,positive,right,right,none,3,1335,1342,1335,,,[],0.00037852078094147146,False,,,,0,0,7,7,False
positive_0p15_right_mid_loading_early_stance_moderate_ice_preregistered_v2,pair_065,positive,right,right,none,4,1597,1943,1597,,,[],0.005446325056254864,True,,,,0,0,10,10,False
positive_0p15_right_mid_loading_early_stance_moderate_ice_preregistered_v2,pair_065,positive,right,right,none,5,2191,2530,2191,,,[],0.006612694356590509,True,,,,0,0,10,10,False
positive_0p15_right_mid_loading_early_stance_moderate_ice_preregistered_v2,pair_065,positive,right,right,none,6,2534,2541,2534,,,[],0.0006277495995163918,False,,,,0,0,7,7,False
positive_0p15_right_mid_loading_early_stance_moderate_ice_preregistered_v2,pair_065,positive,right,right,none,7,2793,3000,2793,,,[],0.006068813614547253,True,,,,0,0,10,10,False
control_0p15_right_mid_loading_early_stance_moderate_ice_preregistered_v2,pair_065,control,right,left,none,0,44,394,44,,,[],0.0048270453698933125,True,,,,0,0,10,10,False
control_0p15_right_mid_loading_early_stance_moderate_ice_preregistered_v2,pair_065,control,right,left,none,1,398,401,398,,,[],0.0003384447772987187,False,,,,0,0,3,3,False
control_0p15_right_mid_loading_early_stance_moderate_ice_preregistered_v2,pair_065,control,right,left,none,2,709,1045,709,,,[],0.0016514809103682637,True,,,,0,0,10,13,False
control_0p15_right_mid_loading_early_stance_moderate_ice_preregistered_v2,pair_065,control,right,left,none,3,1295,1629,1295,,,[],0.0018119285814464092,True,,,,0,0,10,10,False
control_0p15_right_mid_loading_early_stance_moderate_ice_preregistered_v2,pair_065,control,right,left,none,4,1903,2229,1903,,,[],0.002172553213313222,True,,,,0,0,10,10,False
control_0p15_right_mid_loading_early_stance_moderate_ice_preregistered_v2,pair_065,control,right,left,none,5,2498,2829,2498,,,[],0.0017737967427819967,True,,,,0,0,10,10,False
control_0p15_right_mid_loading_early_stance_moderate_ice_preregistered_v2,pair_065,control,right,right,none,0,34,160,34,,,[],0.0012555837165564299,True,,,,0,0,10,10,False
control_0p15_right_mid_loading_early_stance_moderate_ice_preregistered_v2,pair_065,control,right,right,none,1,365,744,365,,,[],0.008947649039328098,True,,,,0,0,10,10,False
control_0p15_right_mid_loading_early_stance_moderate_ice_preregistered_v2,pair_065,control,right,right,none,2,997,1332,997,,,[],0.004571949131786823,True,,,,0,0,10,10,False
control_0p15_right_mid_loading_early_stance_moderate_ice_preregistered_v2,pair_065,control,right,right,none,3,1335,1342,1335,,,[],0.00037852078094147146,False,,,,0,0,7,7,False
control_0p15_right_mid_loading_early_stance_moderate_ice_preregistered_v2,pair_065,control,right,right,none,4,1597,1943,1597,,,[],0.005446325056254864,True,,,,0,0,10,10,False
control_0p15_right_mid_loading_early_stance_moderate_ice_preregistered_v2,pair_065,control,right,right,none,5,2191,2530,2191,,,[],0.006612694356590509,True,,,,0,0,10,10,False
control_0p15_right_mid_loading_early_stance_moderate_ice_preregistered_v2,pair_065,control,right,right,none,6,2534,2541,2534,,,[],0.0006277495995163918,False,,,,0,0,7,7,False
control_0p15_right_mid_loading_early_stance_moderate_ice_preregistered_v2,pair_065,control,right,right,none,7,2793,3000,2793,,,[],0.006068813614547253,True,,,,0,0,10,10,False
positive_0p15_right_mid_late_stance_native_strong_ice_v0,pair_066,positive,right,left,none,0,37,242,37,,,[],0.0019670657347887754,True,,,,0,0,10,12,False
positive_0p15_right_mid_late_stance_native_strong_ice_v0,pair_066,positive,right,left,none,1,563,907,563,,,[],0.0015391780762001872,True,,,,0,0,10,13,False
positive_0p15_right_mid_late_stance_native_strong_ice_v0,pair_066,positive,right,left,none,2,1159,1489,1159,,,[],0.0022081227507442236,True,,,,0,0,10,17,False
positive_0p15_right_mid_late_stance_native_strong_ice_v0,pair_066,positive,right,left,none,3,1760,2086,1760,,,[],0.002197052352130413,True,,,,0,0,10,15,False
positive_0p15_right_mid_late_stance_native_strong_ice_v0,pair_066,positive,right,left,none,4,2354,2687,2354,,,[],0.002042262116447091,True,,,,0,0,10,15,False
positive_0p15_right_mid_late_stance_native_strong_ice_v0,pair_066,positive,right,left,none,5,2953,3000,2953,,,[],0.0019953539595007896,True,,,,0,0,10,10,False
positive_0p15_right_mid_late_stance_native_strong_ice_v0,pair_066,positive,right,right,none,0,43,90,43,,,[],0.0020029728766530752,True,,,,0,0,10,20,False
positive_0p15_right_mid_late_stance_native_strong_ice_v0,pair_066,positive,right,right,none,1,197,604,197,,,[],0.006615698803216219,True,,,,0,0,10,10,False
positive_0p15_right_mid_late_stance_native_strong_ice_v0,pair_066,positive,right,right,none,2,859,1205,859,,,[],0.005078164394944906,True,,,,0,0,10,10,False
positive_0p15_right_mid_late_stance_native_strong_ice_v0,pair_066,positive,right,right,none,3,1455,1803,1455,,,[],0.0058291032910346985,True,,,,0,0,10,10,False
positive_0p15_right_mid_late_stance_native_strong_ice_v0,pair_066,positive,right,right,none,4,2048,2386,2048,,,[],0.006078136619180441,True,,,,0,0,10,10,False
positive_0p15_right_mid_late_stance_native_strong_ice_v0,pair_066,positive,right,right,none,5,2650,2985,2650,,,[],0.005800901912152767,True,,,,0,0,10,10,False
control_0p15_right_mid_late_stance_native_strong_ice_v0,pair_066,control,right,left,none,0,37,242,37,,,[],0.0019670657347887754,True,,,,0,0,10,12,False
control_0p15_right_mid_late_stance_native_strong_ice_v0,pair_066,control,right,left,none,1,563,907,563,,,[],0.0015391780762001872,True,,,,0,0,10,13,False
control_0p15_right_mid_late_stance_native_strong_ice_v0,pair_066,control,right,left,none,2,1159,1489,1159,,,[],0.0022081227507442236,True,,,,0,0,10,17,False
control_0p15_right_mid_late_stance_native_strong_ice_v0,pair_066,control,right,left,none,3,1760,2086,1760,,,[],0.002197052352130413,True,,,,0,0,10,15,False
control_0p15_right_mid_late_stance_native_strong_ice_v0,pair_066,control,right,left,none,4,2354,2687,2354,,,[],0.002042262116447091,True,,,,0,0,10,15,False
control_0p15_right_mid_late_stance_native_strong_ice_v0,pair_066,control,right,left,none,5,2953,3000,2953,,,[],0.0019953539595007896,True,,,,0,0,10,10,False
control_0p15_right_mid_late_stance_native_strong_ice_v0,pair_066,control,right,right,none,0,43,90,43,,,[],0.0020029728766530752,True,,,,0,0,10,20,False
control_0p15_right_mid_late_stance_native_strong_ice_v0,pair_066,control,right,right,none,1,197,604,197,,,[],0.006615698803216219,True,,,,0,0,10,10,False
control_0p15_right_mid_late_stance_native_strong_ice_v0,pair_066,control,right,right,none,2,859,1205,859,,,[],0.005078164394944906,True,,,,0,0,10,10,False
control_0p15_right_mid_late_stance_native_strong_ice_v0,pair_066,control,right,right,none,3,1455,1803,1455,,,[],0.0058291032910346985,True,,,,0,0,10,10,False
control_0p15_right_mid_late_stance_native_strong_ice_v0,pair_066,control,right,right,none,4,2048,2386,2048,,,[],0.006078136619180441,True,,,,0,0,10,10,False
control_0p15_right_mid_late_stance_native_strong_ice_v0,pair_066,control,right,right,none,5,2650,2985,2650,,,[],0.005800901912152767,True,,,,0,0,10,10,False
positive_0p15_right_mid_late_stance_native_strong_ice_v1,pair_067,positive,right,left,none,0,39,89,39,,,[],0.000685446779243648,True,,,,0,0,10,19,False
positive_0p15_right_mid_late_stance_native_strong_ice_v1,pair_067,positive,right,left,none,1,304,683,304,,,[],0.008282817900180817,True,,,,0,0,10,13,False
positive_0p15_right_mid_late_stance_native_strong_ice_v1,pair_067,positive,right,left,none,2,945,1289,945,,,[],0.002221184317022562,True,,,,0,0,10,17,False
positive_0p15_right_mid_late_stance_native_strong_ice_v1,pair_067,positive,right,left,none,3,1555,1885,1555,,,[],0.0017355149611830711,True,,,,0,0,10,14,False
positive_0p15_right_mid_late_stance_native_strong_ice_v1,pair_067,positive,right,left,none,4,2152,2484,2152,,,[],0.0019258632091805339,True,,,,0,0,10,14,False
positive_0p15_right_mid_late_stance_native_strong_ice_v1,pair_067,positive,right,left,none,5,2749,3000,2749,,,[],0.002357520628720522,True,,,,0,0,10,10,False
positive_0p15_right_mid_late_stance_native_strong_ice_v1,pair_067,positive,right,right,none,0,37,328,37,,,[],0.0030115018598735332,True,,,,0,0,10,10,False
positive_0p15_right_mid_late_stance_native_strong_ice_v1,pair_067,positive,right,right,none,1,642,984,642,,,[],0.004999509546905756,True,,,,0,0,10,10,False
positive_0p15_right_mid_late_stance_native_strong_ice_v1,pair_067,positive,right,right,none,2,1251,1591,1251,,,[],0.005254530347883701,True,,,,0,0,10,10,False
positive_0p15_right_mid_late_stance_native_strong_ice_v1,pair_067,positive,right,right,none,3,1597,1601,1597,,,[],0.00035859373747371137,False,,,,0,0,4,4,False
positive_0p15_right_mid_late_stance_native_strong_ice_v1,pair_067,positive,right,right,none,4,1847,2185,1847,,,[],0.005701528396457434,True,,,,0,0,10,10,False
positive_0p15_right_mid_late_stance_native_strong_ice_v1,pair_067,positive,right,right,none,5,2445,2784,2445,,,[],0.00631422083824873,True,,,,0,0,10,10,False
control_0p15_right_mid_late_stance_native_strong_ice_v1,pair_067,control,right,left,none,0,39,89,39,,,[],0.000685446779243648,True,,,,0,0,10,19,False
control_0p15_right_mid_late_stance_native_strong_ice_v1,pair_067,control,right,left,none,1,304,683,304,,,[],0.008282817900180817,True,,,,0,0,10,13,False
control_0p15_right_mid_late_stance_native_strong_ice_v1,pair_067,control,right,left,none,2,945,1289,945,,,[],0.002221184317022562,True,,,,0,0,10,17,False
control_0p15_right_mid_late_stance_native_strong_ice_v1,pair_067,control,right,left,none,3,1555,1885,1555,,,[],0.0017355149611830711,True,,,,0,0,10,14,False
control_0p15_right_mid_late_stance_native_strong_ice_v1,pair_067,control,right,left,none,4,2152,2484,2152,,,[],0.0019258632091805339,True,,,,0,0,10,14,False
control_0p15_right_mid_late_stance_native_strong_ice_v1,pair_067,control,right,left,none,5,2749,3000,2749,,,[],0.002357520628720522,True,,,,0,0,10,10,False
control_0p15_right_mid_late_stance_native_strong_ice_v1,pair_067,control,right,right,none,0,37,328,37,,,[],0.0030115018598735332,True,,,,0,0,10,10,False
control_0p15_right_mid_late_stance_native_strong_ice_v1,pair_067,control,right,right,none,1,642,984,642,,,[],0.004999509546905756,True,,,,0,0,10,10,False
control_0p15_right_mid_late_stance_native_strong_ice_v1,pair_067,control,right,right,none,2,1251,1591,1251,,,[],0.005254530347883701,True,,,,0,0,10,10,False
control_0p15_right_mid_late_stance_native_strong_ice_v1,pair_067,control,right,right,none,3,1597,1601,1597,,,[],0.00035859373747371137,False,,,,0,0,4,4,False
control_0p15_right_mid_late_stance_native_strong_ice_v1,pair_067,control,right,right,none,4,1847,2185,1847,,,[],0.005701528396457434,True,,,,0,0,10,10,False
control_0p15_right_mid_late_stance_native_strong_ice_v1,pair_067,control,right,right,none,5,2445,2784,2445,,,[],0.00631422083824873,True,,,,0,0,10,10,False
positive_0p15_right_mid_late_stance_native_strong_ice_v2,pair_068,positive,right,left,none,0,44,395,44,,,[],0.004938605707138777,True,,,,0,0,10,10,False
positive_0p15_right_mid_late_stance_native_strong_ice_v2,pair_068,positive,right,left,none,1,399,401,399,,,[],0.0001782443287083879,False,,,,0,0,2,2,False
positive_0p15_right_mid_late_stance_native_strong_ice_v2,pair_068,positive,right,left,none,2,709,1045,709,,,[],0.0016382447211071849,True,,,,0,0,10,13,False
positive_0p15_right_mid_late_stance_native_strong_ice_v2,pair_068,positive,right,left,none,3,1295,1629,1295,,,[],0.001825585844926536,True,,,,0,0,10,10,False
positive_0p15_right_mid_late_stance_native_strong_ice_v2,pair_068,positive,right,left,none,4,1903,2229,1903,,,[],0.00233010808005929,True,,,,0,0,10,10,False
positive_0p15_right_mid_late_stance_native_strong_ice_v2,pair_068,positive,right,left,none,5,2498,2829,2498,,,[],0.0017766095697879791,True,,,,0,0,10,10,False
positive_0p15_right_mid_late_stance_native_strong_ice_v2,pair_068,positive,right,right,none,0,34,161,34,,,[],0.0012944359332323074,True,,,,0,0,10,10,False
positive_0p15_right_mid_late_stance_native_strong_ice_v2,pair_068,positive,right,right,none,1,365,744,365,,,[],0.00892378855496645,True,,,,0,0,10,10,False
positive_0p15_right_mid_late_stance_native_strong_ice_v2,pair_068,positive,right,right,none,2,997,1333,997,,,[],0.00457725627347827,True,,,,0,0,10,10,False
positive_0p15_right_mid_late_stance_native_strong_ice_v2,pair_068,positive,right,right,none,3,1335,1341,1335,,,[],0.00027792577748186886,False,,,,0,0,6,6,False
positive_0p15_right_mid_late_stance_native_strong_ice_v2,pair_068,positive,right,right,none,4,1597,1944,1597,,,[],0.005442299414426088,True,,,,0,0,10,10,False
positive_0p15_right_mid_late_stance_native_strong_ice_v2,pair_068,positive,right,right,none,5,2192,2531,2192,,,[],0.0061485678888857365,True,,,,0,0,10,10,False
positive_0p15_right_mid_late_stance_native_strong_ice_v2,pair_068,positive,right,right,none,6,2535,2541,2535,,,[],0.0005507923197001219,False,,,,0,0,6,6,False
positive_0p15_right_mid_late_stance_native_strong_ice_v2,pair_068,positive,right,right,none,7,2793,3000,2793,,,[],0.006064791232347488,True,,,,0,0,10,10,False
control_0p15_right_mid_late_stance_native_strong_ice_v2,pair_068,control,right,left,none,0,44,395,44,,,[],0.004938605707138777,True,,,,0,0,10,10,False
control_0p15_right_mid_late_stance_native_strong_ice_v2,pair_068,control,right,left,none,1,399,401,399,,,[],0.0001782443287083879,False,,,,0,0,2,2,False
control_0p15_right_mid_late_stance_native_strong_ice_v2,pair_068,control,right,left,none,2,709,1045,709,,,[],0.0016382447211071849,True,,,,0,0,10,13,False
control_0p15_right_mid_late_stance_native_strong_ice_v2,pair_068,control,right,left,none,3,1295,1629,1295,,,[],0.001825585844926536,True,,,,0,0,10,10,False
control_0p15_right_mid_late_stance_native_strong_ice_v2,pair_068,control,right,left,none,4,1903,2229,1903,,,[],0.00233010808005929,True,,,,0,0,10,10,False
control_0p15_right_mid_late_stance_native_strong_ice_v2,pair_068,control,right,left,none,5,2498,2829,2498,,,[],0.0017766095697879791,True,,,,0,0,10,10,False
control_0p15_right_mid_late_stance_native_strong_ice_v2,pair_068,control,right,right,none,0,34,161,34,,,[],0.0012944359332323074,True,,,,0,0,10,10,False
control_0p15_right_mid_late_stance_native_strong_ice_v2,pair_068,control,right,right,none,1,365,744,365,,,[],0.00892378855496645,True,,,,0,0,10,10,False
control_0p15_right_mid_late_stance_native_strong_ice_v2,pair_068,control,right,right,none,2,997,1333,997,,,[],0.00457725627347827,True,,,,0,0,10,10,False
control_0p15_right_mid_late_stance_native_strong_ice_v2,pair_068,control,right,right,none,3,1335,1341,1335,,,[],0.00027792577748186886,False,,,,0,0,6,6,False
control_0p15_right_mid_late_stance_native_strong_ice_v2,pair_068,control,right,right,none,4,1597,1944,1597,,,[],0.005442299414426088,True,,,,0,0,10,10,False
control_0p15_right_mid_late_stance_native_strong_ice_v2,pair_068,control,right,right,none,5,2192,2531,2192,,,[],0.0061485678888857365,True,,,,0,0,10,10,False
control_0p15_right_mid_late_stance_native_strong_ice_v2,pair_068,control,right,right,none,6,2535,2541,2535,,,[],0.0005507923197001219,False,,,,0,0,6,6,False
control_0p15_right_mid_late_stance_native_strong_ice_v2,pair_068,control,right,right,none,7,2793,3000,2793,,,[],0.006064791232347488,True,,,,0,0,10,10,False
positive_0p15_right_mid_late_stance_moderate_ice_preregistered_v0,pair_069,positive,right,left,none,0,37,242,37,,,[],0.001967923017218709,True,,,,0,0,10,12,False
positive_0p15_right_mid_late_stance_moderate_ice_preregistered_v0,pair_069,positive,right,left,none,1,563,907,563,,,[],0.0015399700496345758,True,,,,0,0,10,13,False
positive_0p15_right_mid_late_stance_moderate_ice_preregistered_v0,pair_069,positive,right,left,none,2,1159,1489,1159,,,[],0.002208501799032092,True,,,,0,0,10,17,False
positive_0p15_right_mid_late_stance_moderate_ice_preregistered_v0,pair_069,positive,right,left,none,3,1760,2086,1760,,,[],0.0021972530521452427,True,,,,0,0,10,15,False
positive_0p15_right_mid_late_stance_moderate_ice_preregistered_v0,pair_069,positive,right,left,none,4,2354,2687,2354,,,[],0.0020422684028744698,True,,,,0,0,10,15,False
positive_0p15_right_mid_late_stance_moderate_ice_preregistered_v0,pair_069,positive,right,left,none,5,2953,3000,2953,,,[],0.0019953525625169277,True,,,,0,0,10,10,False
positive_0p15_right_mid_late_stance_moderate_ice_preregistered_v0,pair_069,positive,right,right,none,0,43,90,43,,,[],0.0020041787065565586,True,,,,0,0,10,20,False
positive_0p15_right_mid_late_stance_moderate_ice_preregistered_v0,pair_069,positive,right,right,none,1,197,604,197,,,[],0.006621846463531256,True,,,,0,0,10,10,False
positive_0p15_right_mid_late_stance_moderate_ice_preregistered_v0,pair_069,positive,right,right,none,2,859,1205,859,,,[],0.005077688489109278,True,,,,0,0,10,10,False
positive_0p15_right_mid_late_stance_moderate_ice_preregistered_v0,pair_069,positive,right,right,none,3,1455,1803,1455,,,[],0.00582917220890522,True,,,,0,0,10,10,False
positive_0p15_right_mid_late_stance_moderate_ice_preregistered_v0,pair_069,positive,right,right,none,4,2048,2386,2048,,,[],0.006078203208744526,True,,,,0,0,10,10,False
positive_0p15_right_mid_late_stance_moderate_ice_preregistered_v0,pair_069,positive,right,right,none,5,2650,2985,2650,,,[],0.0058009023778140545,True,,,,0,0,10,10,False
control_0p15_right_mid_late_stance_moderate_ice_preregistered_v0,pair_069,control,right,left,none,0,37,242,37,,,[],0.001967923017218709,True,,,,0,0,10,12,False
control_0p15_right_mid_late_stance_moderate_ice_preregistered_v0,pair_069,control,right,left,none,1,563,907,563,,,[],0.0015399700496345758,True,,,,0,0,10,13,False
control_0p15_right_mid_late_stance_moderate_ice_preregistered_v0,pair_069,control,right,left,none,2,1159,1489,1159,,,[],0.002208501799032092,True,,,,0,0,10,17,False
control_0p15_right_mid_late_stance_moderate_ice_preregistered_v0,pair_069,control,right,left,none,3,1760,2086,1760,,,[],0.0021972530521452427,True,,,,0,0,10,15,False
control_0p15_right_mid_late_stance_moderate_ice_preregistered_v0,pair_069,control,right,left,none,4,2354,2687,2354,,,[],0.0020422684028744698,True,,,,0,0,10,15,False
control_0p15_right_mid_late_stance_moderate_ice_preregistered_v0,pair_069,control,right,left,none,5,2953,3000,2953,,,[],0.0019953525625169277,True,,,,0,0,10,10,False
control_0p15_right_mid_late_stance_moderate_ice_preregistered_v0,pair_069,control,right,right,none,0,43,90,43,,,[],0.0020041787065565586,True,,,,0,0,10,20,False
control_0p15_right_mid_late_stance_moderate_ice_preregistered_v0,pair_069,control,right,right,none,1,197,604,197,,,[],0.006621846463531256,True,,,,0,0,10,10,False
control_0p15_right_mid_late_stance_moderate_ice_preregistered_v0,pair_069,control,right,right,none,2,859,1205,859,,,[],0.005077688489109278,True,,,,0,0,10,10,False
control_0p15_right_mid_late_stance_moderate_ice_preregistered_v0,pair_069,control,right,right,none,3,1455,1803,1455,,,[],0.00582917220890522,True,,,,0,0,10,10,False
control_0p15_right_mid_late_stance_moderate_ice_preregistered_v0,pair_069,control,right,right,none,4,2048,2386,2048,,,[],0.006078203208744526,True,,,,0,0,10,10,False
control_0p15_right_mid_late_stance_moderate_ice_preregistered_v0,pair_069,control,right,right,none,5,2650,2985,2650,,,[],0.0058009023778140545,True,,,,0,0,10,10,False
positive_0p15_right_mid_late_stance_moderate_ice_preregistered_v1,pair_070,positive,right,left,none,0,39,89,39,,,[],0.0006855853134766221,True,,,,0,0,10,19,False
positive_0p15_right_mid_late_stance_moderate_ice_preregistered_v1,pair_070,positive,right,left,none,1,304,683,304,,,[],0.008285842835903168,True,,,,0,0,10,13,False
positive_0p15_right_mid_late_stance_moderate_ice_preregistered_v1,pair_070,positive,right,left,none,2,945,1289,945,,,[],0.0022137784399092197,True,,,,0,0,10,17,False
positive_0p15_right_mid_late_stance_moderate_ice_preregistered_v1,pair_070,positive,right,left,none,3,1555,1885,1555,,,[],0.001735447091050446,True,,,,0,0,10,14,False
positive_0p15_right_mid_late_stance_moderate_ice_preregistered_v1,pair_070,positive,right,left,none,4,2152,2484,2152,,,[],0.0019266868475824594,True,,,,0,0,10,14,False
positive_0p15_right_mid_late_stance_moderate_ice_preregistered_v1,pair_070,positive,right,left,none,5,2749,3000,2749,,,[],0.0023574831429868937,True,,,,0,0,10,10,False
positive_0p15_right_mid_late_stance_moderate_ice_preregistered_v1,pair_070,positive,right,right,none,0,37,328,37,,,[],0.0030138520523905754,True,,,,0,0,10,10,False
positive_0p15_right_mid_late_stance_moderate_ice_preregistered_v1,pair_070,positive,right,right,none,1,642,984,642,,,[],0.004998853895813227,True,,,,0,0,10,10,False
positive_0p15_right_mid_late_stance_moderate_ice_preregistered_v1,pair_070,positive,right,right,none,2,1251,1591,1251,,,[],0.005254429765045643,True,,,,0,0,10,10,False
positive_0p15_right_mid_late_stance_moderate_ice_preregistered_v1,pair_070,positive,right,right,none,3,1597,1601,1597,,,[],0.00035819056211039424,False,,,,0,0,4,4,False
positive_0p15_right_mid_late_stance_moderate_ice_preregistered_v1,pair_070,positive,right,right,none,4,1847,2185,1847,,,[],0.005702110938727856,True,,,,0,0,10,10,False
positive_0p15_right_mid_late_stance_moderate_ice_preregistered_v1,pair_070,positive,right,right,none,5,2445,2784,2445,,,[],0.006314179860055447,True,,,,0,0,10,10,False
control_0p15_right_mid_late_stance_moderate_ice_preregistered_v1,pair_070,control,right,left,none,0,39,89,39,,,[],0.0006855853134766221,True,,,,0,0,10,19,False
control_0p15_right_mid_late_stance_moderate_ice_preregistered_v1,pair_070,control,right,left,none,1,304,683,304,,,[],0.008285842835903168,True,,,,0,0,10,13,False
control_0p15_right_mid_late_stance_moderate_ice_preregistered_v1,pair_070,control,right,left,none,2,945,1289,945,,,[],0.0022137784399092197,True,,,,0,0,10,17,False
control_0p15_right_mid_late_stance_moderate_ice_preregistered_v1,pair_070,control,right,left,none,3,1555,1885,1555,,,[],0.001735447091050446,True,,,,0,0,10,14,False
control_0p15_right_mid_late_stance_moderate_ice_preregistered_v1,pair_070,control,right,left,none,4,2152,2484,2152,,,[],0.0019266868475824594,True,,,,0,0,10,14,False
control_0p15_right_mid_late_stance_moderate_ice_preregistered_v1,pair_070,control,right,left,none,5,2749,3000,2749,,,[],0.0023574831429868937,True,,,,0,0,10,10,False
control_0p15_right_mid_late_stance_moderate_ice_preregistered_v1,pair_070,control,right,right,none,0,37,328,37,,,[],0.0030138520523905754,True,,,,0,0,10,10,False
control_0p15_right_mid_late_stance_moderate_ice_preregistered_v1,pair_070,control,right,right,none,1,642,984,642,,,[],0.004998853895813227,True,,,,0,0,10,10,False
control_0p15_right_mid_late_stance_moderate_ice_preregistered_v1,pair_070,control,right,right,none,2,1251,1591,1251,,,[],0.005254429765045643,True,,,,0,0,10,10,False
control_0p15_right_mid_late_stance_moderate_ice_preregistered_v1,pair_070,control,right,right,none,3,1597,1601,1597,,,[],0.00035819056211039424,False,,,,0,0,4,4,False
control_0p15_right_mid_late_stance_moderate_ice_preregistered_v1,pair_070,control,right,right,none,4,1847,2185,1847,,,[],0.005702110938727856,True,,,,0,0,10,10,False
control_0p15_right_mid_late_stance_moderate_ice_preregistered_v1,pair_070,control,right,right,none,5,2445,2784,2445,,,[],0.006314179860055447,True,,,,0,0,10,10,False
positive_0p15_right_mid_late_stance_moderate_ice_preregistered_v2,pair_071,positive,right,left,none,0,44,395,44,,,[],0.004945123102515936,True,,,,0,0,10,10,False
positive_0p15_right_mid_late_stance_moderate_ice_preregistered_v2,pair_071,positive,right,left,none,1,399,401,399,,,[],0.00017876089259516448,False,,,,0,0,2,2,False
positive_0p15_right_mid_late_stance_moderate_ice_preregistered_v2,pair_071,positive,right,left,none,2,709,1045,709,,,[],0.0016398153966292739,True,,,,0,0,10,13,False
positive_0p15_right_mid_late_stance_moderate_ice_preregistered_v2,pair_071,positive,right,left,none,3,1295,1629,1295,,,[],0.0018193231662735343,True,,,,0,0,10,10,False
positive_0p15_right_mid_late_stance_moderate_ice_preregistered_v2,pair_071,positive,right,left,none,4,1903,2229,1903,,,[],0.002178204944357276,True,,,,0,0,10,10,False
positive_0p15_right_mid_late_stance_moderate_ice_preregistered_v2,pair_071,positive,right,left,none,5,2498,2829,2498,,,[],0.0017758563626557589,True,,,,0,0,10,10,False
positive_0p15_right_mid_late_stance_moderate_ice_preregistered_v2,pair_071,positive,right,right,none,0,34,160,34,,,[],0.001251603476703167,True,,,,0,0,10,10,False
positive_0p15_right_mid_late_stance_moderate_ice_preregistered_v2,pair_071,positive,right,right,none,1,365,744,365,,,[],0.008945240639150143,True,,,,0,0,10,10,False
positive_0p15_right_mid_late_stance_moderate_ice_preregistered_v2,pair_071,positive,right,right,none,2,997,1333,997,,,[],0.004571420606225729,True,,,,0,0,10,10,False
positive_0p15_right_mid_late_stance_moderate_ice_preregistered_v2,pair_071,positive,right,right,none,3,1335,1342,1335,,,[],0.0003724219277501106,False,,,,0,0,7,7,False
positive_0p15_right_mid_late_stance_moderate_ice_preregistered_v2,pair_071,positive,right,right,none,4,1597,1943,1597,,,[],0.0054452731274068356,True,,,,0,0,10,10,False
positive_0p15_right_mid_late_stance_moderate_ice_preregistered_v2,pair_071,positive,right,right,none,5,2191,2531,2191,,,[],0.0066124266013503075,True,,,,0,0,10,10,False
positive_0p15_right_mid_late_stance_moderate_ice_preregistered_v2,pair_071,positive,right,right,none,6,2535,2541,2535,,,[],0.0005507366731762886,False,,,,0,0,6,6,False
positive_0p15_right_mid_late_stance_moderate_ice_preregistered_v2,pair_071,positive,right,right,none,7,2793,3000,2793,,,[],0.0060680885799229145,True,,,,0,0,10,10,False
control_0p15_right_mid_late_stance_moderate_ice_preregistered_v2,pair_071,control,right,left,none,0,44,395,44,,,[],0.004945123102515936,True,,,,0,0,10,10,False
control_0p15_right_mid_late_stance_moderate_ice_preregistered_v2,pair_071,control,right,left,none,1,399,401,399,,,[],0.00017876089259516448,False,,,,0,0,2,2,False
control_0p15_right_mid_late_stance_moderate_ice_preregistered_v2,pair_071,control,right,left,none,2,709,1045,709,,,[],0.0016398153966292739,True,,,,0,0,10,13,False
control_0p15_right_mid_late_stance_moderate_ice_preregistered_v2,pair_071,control,right,left,none,3,1295,1629,1295,,,[],0.0018193231662735343,True,,,,0,0,10,10,False
control_0p15_right_mid_late_stance_moderate_ice_preregistered_v2,pair_071,control,right,left,none,4,1903,2229,1903,,,[],0.002178204944357276,True,,,,0,0,10,10,False
control_0p15_right_mid_late_stance_moderate_ice_preregistered_v2,pair_071,control,right,left,none,5,2498,2829,2498,,,[],0.0017758563626557589,True,,,,0,0,10,10,False
control_0p15_right_mid_late_stance_moderate_ice_preregistered_v2,pair_071,control,right,right,none,0,34,160,34,,,[],0.001251603476703167,True,,,,0,0,10,10,False
control_0p15_right_mid_late_stance_moderate_ice_preregistered_v2,pair_071,control,right,right,none,1,365,744,365,,,[],0.008945240639150143,True,,,,0,0,10,10,False
control_0p15_right_mid_late_stance_moderate_ice_preregistered_v2,pair_071,control,right,right,none,2,997,1333,997,,,[],0.004571420606225729,True,,,,0,0,10,10,False
control_0p15_right_mid_late_stance_moderate_ice_preregistered_v2,pair_071,control,right,right,none,3,1335,1342,1335,,,[],0.0003724219277501106,False,,,,0,0,7,7,False
control_0p15_right_mid_late_stance_moderate_ice_preregistered_v2,pair_071,control,right,right,none,4,1597,1943,1597,,,[],0.0054452731274068356,True,,,,0,0,10,10,False
control_0p15_right_mid_late_stance_moderate_ice_preregistered_v2,pair_071,control,right,right,none,5,2191,2531,2191,,,[],0.0066124266013503075,True,,,,0,0,10,10,False
control_0p15_right_mid_late_stance_moderate_ice_preregistered_v2,pair_071,control,right,right,none,6,2535,2541,2535,,,[],0.0005507366731762886,False,,,,0,0,6,6,False
control_0p15_right_mid_late_stance_moderate_ice_preregistered_v2,pair_071,control,right,right,none,7,2793,3000,2793,,,[],0.0060680885799229145,True,,,,0,0,10,10,False
positive_0p20_left_early_loading_native_strong_ice_v0,pair_072,positive,left,left,none,0,36,241,36,,,[],0.0024493697565048933,True,,,,0,0,10,12,False
positive_0p20_left_early_loading_native_strong_ice_v0,pair_072,positive,left,left,none,1,562,907,562,,,[],0.0014549214392900467,True,,,,0,0,10,16,False
positive_0p20_left_early_loading_native_strong_ice_v0,pair_072,positive,left,left,none,2,1168,1488,1168,,,[],0.0030277317855507135,True,,,,0,0,10,18,False
positive_0p20_left_early_loading_native_strong_ice_v0,pair_072,positive,left,left,none,3,1766,2085,1766,,,[],0.0033465169835835695,True,,,,0,0,10,14,False
positive_0p20_left_early_loading_native_strong_ice_v0,pair_072,positive,left,left,none,4,2356,2685,2356,,,[],0.002938800025731325,True,,,,0,0,10,14,False
positive_0p20_left_early_loading_native_strong_ice_v0,pair_072,positive,left,left,none,5,2957,3000,2957,,,[],0.0029913021717220545,True,,,,0,0,10,10,False
positive_0p20_left_early_loading_native_strong_ice_v0,pair_072,positive,left,right,none,0,42,89,42,,,[],0.002090565860271454,True,,,,0,0,10,19,False
positive_0p20_left_early_loading_native_strong_ice_v0,pair_072,positive,left,right,none,1,196,603,196,,,[],0.0069404831156134605,True,,,,0,0,10,10,False
positive_0p20_left_early_loading_native_strong_ice_v0,pair_072,positive,left,right,none,2,861,1206,861,,,[],0.005153974052518606,True,,,,0,0,10,10,False
positive_0p20_left_early_loading_native_strong_ice_v0,pair_072,positive,left,right,none,3,1456,1804,1456,,,[],0.006753115449100733,True,,,,0,0,10,10,False
positive_0p20_left_early_loading_native_strong_ice_v0,pair_072,positive,left,right,none,4,2047,2386,2047,,,[],0.007815402932465076,True,,,,0,0,10,10,False
positive_0p20_left_early_loading_native_strong_ice_v0,pair_072,positive,left,right,none,5,2650,2985,2650,,,[],0.006943979300558567,True,,,,0,0,10,10,False
control_0p20_left_early_loading_native_strong_ice_v0,pair_072,control,left,left,none,0,36,241,36,,,[],0.0024493697565048933,True,,,,0,0,10,12,False
control_0p20_left_early_loading_native_strong_ice_v0,pair_072,control,left,left,none,1,562,907,562,,,[],0.0014549214392900467,True,,,,0,0,10,16,False
control_0p20_left_early_loading_native_strong_ice_v0,pair_072,control,left,left,none,2,1168,1488,1168,,,[],0.0030277317855507135,True,,,,0,0,10,18,False
control_0p20_left_early_loading_native_strong_ice_v0,pair_072,control,left,left,none,3,1766,2085,1766,,,[],0.0033465169835835695,True,,,,0,0,10,14,False
control_0p20_left_early_loading_native_strong_ice_v0,pair_072,control,left,left,none,4,2356,2685,2356,,,[],0.002938800025731325,True,,,,0,0,10,14,False
control_0p20_left_early_loading_native_strong_ice_v0,pair_072,control,left,left,none,5,2957,3000,2957,,,[],0.0029913021717220545,True,,,,0,0,10,10,False
control_0p20_left_early_loading_native_strong_ice_v0,pair_072,control,left,right,none,0,42,89,42,,,[],0.002090565860271454,True,,,,0,0,10,19,False
control_0p20_left_early_loading_native_strong_ice_v0,pair_072,control,left,right,none,1,196,603,196,,,[],0.0069404831156134605,True,,,,0,0,10,10,False
control_0p20_left_early_loading_native_strong_ice_v0,pair_072,control,left,right,none,2,861,1206,861,,,[],0.005153974052518606,True,,,,0,0,10,10,False
control_0p20_left_early_loading_native_strong_ice_v0,pair_072,control,left,right,none,3,1456,1804,1456,,,[],0.006753115449100733,True,,,,0,0,10,10,False
control_0p20_left_early_loading_native_strong_ice_v0,pair_072,control,left,right,none,4,2047,2386,2047,,,[],0.007815402932465076,True,,,,0,0,10,10,False
control_0p20_left_early_loading_native_strong_ice_v0,pair_072,control,left,right,none,5,2650,2985,2650,,,[],0.006943979300558567,True,,,,0,0,10,10,False
positive_0p20_left_early_loading_native_strong_ice_v1,pair_073,positive,left,left,none,0,39,89,39,,,[],0.0006884753238409758,True,,,,0,0,10,19,False
positive_0p20_left_early_loading_native_strong_ice_v1,pair_073,positive,left,left,none,1,304,682,304,,,[],0.008965867571532726,True,,,,0,0,10,12,False
positive_0p20_left_early_loading_native_strong_ice_v1,pair_073,positive,left,left,none,2,948,1287,948,,,[],0.00292787398211658,True,,,,0,0,10,16,False
positive_0p20_left_early_loading_native_strong_ice_v1,pair_073,positive,left,left,none,3,1561,1884,1561,,,[],0.0028179578948765993,True,,,,0,0,10,14,False
positive_0p20_left_early_loading_native_strong_ice_v1,pair_073,positive,left,left,none,4,2154,2483,2154,,,[],0.0028445369098335505,True,,,,0,0,10,13,False
positive_0p20_left_early_loading_native_strong_ice_v1,pair_073,positive,left,left,none,5,2753,3000,2753,,,[],0.0032070493325591087,True,,,,0,0,10,10,False
positive_0p20_left_early_loading_native_strong_ice_v1,pair_073,positive,left,right,none,0,37,328,37,,,[],0.0030511009972542524,True,,,,0,0,10,10,False
positive_0p20_left_early_loading_native_strong_ice_v1,pair_073,positive,left,right,none,1,336,338,336,,,[],0.0002509154728613794,False,,,,0,0,2,2,False
positive_0p20_left_early_loading_native_strong_ice_v1,pair_073,positive,left,right,none,2,641,984,641,,,[],0.00541356485337019,True,,,,0,0,10,10,False
positive_0p20_left_early_loading_native_strong_ice_v1,pair_073,positive,left,right,none,3,1251,1592,1251,,,[],0.006026148796081543,True,,,,0,0,10,10,False
positive_0p20_left_early_loading_native_strong_ice_v1,pair_073,positive,left,right,none,4,1596,1602,1596,,,[],0.0004920419887639582,False,,,,0,0,6,6,False
positive_0p20_left_early_loading_native_strong_ice_v1,pair_073,positive,left,right,none,5,1845,2185,1845,,,[],0.007057767827063799,True,,,,0,0,10,10,False
positive_0p20_left_early_loading_native_strong_ice_v1,pair_073,positive,left,right,none,6,2445,2784,2445,,,[],0.007485088426619768,True,,,,0,0,10,10,False
control_0p20_left_early_loading_native_strong_ice_v1,pair_073,control,left,left,none,0,39,89,39,,,[],0.0006884753238409758,True,,,,0,0,10,19,False
control_0p20_left_early_loading_native_strong_ice_v1,pair_073,control,left,left,none,1,304,682,304,,,[],0.008965867571532726,True,,,,0,0,10,12,False
control_0p20_left_early_loading_native_strong_ice_v1,pair_073,control,left,left,none,2,948,1287,948,,,[],0.00292787398211658,True,,,,0,0,10,16,False
control_0p20_left_early_loading_native_strong_ice_v1,pair_073,control,left,left,none,3,1561,1884,1561,,,[],0.0028179578948765993,True,,,,0,0,10,14,False
control_0p20_left_early_loading_native_strong_ice_v1,pair_073,control,left,left,none,4,2154,2483,2154,,,[],0.0028445369098335505,True,,,,0,0,10,13,False
control_0p20_left_early_loading_native_strong_ice_v1,pair_073,control,left,left,none,5,2753,3000,2753,,,[],0.0032070493325591087,True,,,,0,0,10,10,False
control_0p20_left_early_loading_native_strong_ice_v1,pair_073,control,left,right,none,0,37,328,37,,,[],0.0030511009972542524,True,,,,0,0,10,10,False
control_0p20_left_early_loading_native_strong_ice_v1,pair_073,control,left,right,none,1,336,338,336,,,[],0.0002509154728613794,False,,,,0,0,2,2,False
control_0p20_left_early_loading_native_strong_ice_v1,pair_073,control,left,right,none,2,641,984,641,,,[],0.00541356485337019,True,,,,0,0,10,10,False
control_0p20_left_early_loading_native_strong_ice_v1,pair_073,control,left,right,none,3,1251,1592,1251,,,[],0.006026148796081543,True,,,,0,0,10,10,False
control_0p20_left_early_loading_native_strong_ice_v1,pair_073,control,left,right,none,4,1596,1602,1596,,,[],0.0004920419887639582,False,,,,0,0,6,6,False
control_0p20_left_early_loading_native_strong_ice_v1,pair_073,control,left,right,none,5,1845,2185,1845,,,[],0.007057767827063799,True,,,,0,0,10,10,False
control_0p20_left_early_loading_native_strong_ice_v1,pair_073,control,left,right,none,6,2445,2784,2445,,,[],0.007485088426619768,True,,,,0,0,10,10,False
positive_0p20_left_early_loading_native_strong_ice_v2,pair_074,positive,left,left,none,0,44,392,44,,,[],0.004689876455813646,True,,,,0,0,10,10,False
positive_0p20_left_early_loading_native_strong_ice_v2,pair_074,positive,left,left,none,1,398,401,398,,,[],0.00040170951979234815,False,,,,0,0,3,3,False
positive_0p20_left_early_loading_native_strong_ice_v2,pair_074,positive,left,left,none,2,712,1046,712,,,[],0.0021667208056896925,True,,,,0,0,10,15,False
positive_0p20_left_early_loading_native_strong_ice_v2,pair_074,positive,left,left,none,3,1301,1627,1301,,,[],0.002605476649478078,True,,,,0,0,10,16,False
positive_0p20_left_early_loading_native_strong_ice_v2,pair_074,positive,left,left,none,4,1908,2228,1908,,,[],0.0033005515579134226,True,,,,0,0,10,17,False
positive_0p20_left_early_loading_native_strong_ice_v2,pair_074,positive,left,left,none,5,2500,2826,2500,,,[],0.0028710458427667618,True,,,,0,0,10,15,False
positive_0p20_left_early_loading_native_strong_ice_v2,pair_074,positive,left,right,none,0,34,166,34,,,[],0.001410974538885057,True,,,,0,0,10,10,False
positive_0p20_left_early_loading_native_strong_ice_v2,pair_074,positive,left,right,none,1,363,744,363,,,[],0.009119531139731407,True,,,,0,0,10,10,False
positive_0p20_left_early_loading_native_strong_ice_v2,pair_074,positive,left,right,none,2,997,1344,997,,,[],0.006488473620265722,True,,,,0,0,10,10,False
positive_0p20_left_early_loading_native_strong_ice_v2,pair_074,positive,left,right,none,3,1596,1944,1596,,,[],0.006745283957570791,True,,,,0,0,10,10,False
positive_0p20_left_early_loading_native_strong_ice_v2,pair_074,positive,left,right,none,4,2192,2531,2192,,,[],0.007290045730769634,True,,,,0,0,10,10,False
positive_0p20_left_early_loading_native_strong_ice_v2,pair_074,positive,left,right,none,5,2534,2541,2534,,,[],0.00050883530639112,False,,,,0,0,7,7,False
positive_0p20_left_early_loading_native_strong_ice_v2,pair_074,positive,left,right,none,6,2792,3000,2792,,,[],0.0073829833418130875,True,,,,0,0,10,10,False
control_0p20_left_early_loading_native_strong_ice_v2,pair_074,control,left,left,none,0,44,392,44,,,[],0.004689876455813646,True,,,,0,0,10,10,False
control_0p20_left_early_loading_native_strong_ice_v2,pair_074,control,left,left,none,1,398,401,398,,,[],0.00040170951979234815,False,,,,0,0,3,3,False
control_0p20_left_early_loading_native_strong_ice_v2,pair_074,control,left,left,none,2,712,1046,712,,,[],0.0021667208056896925,True,,,,0,0,10,15,False
control_0p20_left_early_loading_native_strong_ice_v2,pair_074,control,left,left,none,3,1301,1627,1301,,,[],0.002605476649478078,True,,,,0,0,10,16,False
control_0p20_left_early_loading_native_strong_ice_v2,pair_074,control,left,left,none,4,1908,2228,1908,,,[],0.0033005515579134226,True,,,,0,0,10,17,False
control_0p20_left_early_loading_native_strong_ice_v2,pair_074,control,left,left,none,5,2500,2826,2500,,,[],0.0028710458427667618,True,,,,0,0,10,15,False
control_0p20_left_early_loading_native_strong_ice_v2,pair_074,control,left,right,none,0,34,166,34,,,[],0.001410974538885057,True,,,,0,0,10,10,False
control_0p20_left_early_loading_native_strong_ice_v2,pair_074,control,left,right,none,1,363,744,363,,,[],0.009119531139731407,True,,,,0,0,10,10,False
control_0p20_left_early_loading_native_strong_ice_v2,pair_074,control,left,right,none,2,997,1344,997,,,[],0.006488473620265722,True,,,,0,0,10,10,False
control_0p20_left_early_loading_native_strong_ice_v2,pair_074,control,left,right,none,3,1596,1944,1596,,,[],0.006745283957570791,True,,,,0,0,10,10,False
control_0p20_left_early_loading_native_strong_ice_v2,pair_074,control,left,right,none,4,2192,2531,2192,,,[],0.007290045730769634,True,,,,0,0,10,10,False
control_0p20_left_early_loading_native_strong_ice_v2,pair_074,control,left,right,none,5,2534,2541,2534,,,[],0.00050883530639112,False,,,,0,0,7,7,False
control_0p20_left_early_loading_native_strong_ice_v2,pair_074,control,left,right,none,6,2792,3000,2792,,,[],0.0073829833418130875,True,,,,0,0,10,10,False
positive_0p20_left_early_loading_moderate_ice_preregistered_v0,pair_075,positive,left,left,none,0,36,241,36,,,[],0.0024398488458245993,True,,,,0,0,10,13,False
positive_0p20_left_early_loading_moderate_ice_preregistered_v0,pair_075,positive,left,left,none,1,562,907,562,,,[],0.0014518146635964513,True,,,,0,0,10,16,False
positive_0p20_left_early_loading_moderate_ice_preregistered_v0,pair_075,positive,left,left,none,2,1168,1488,1168,,,[],0.0030251650605350733,True,,,,0,0,10,18,False
positive_0p20_left_early_loading_moderate_ice_preregistered_v0,pair_075,positive,left,left,none,3,1766,2085,1766,,,[],0.003344492055475712,True,,,,0,0,10,14,False
positive_0p20_left_early_loading_moderate_ice_preregistered_v0,pair_075,positive,left,left,none,4,2356,2685,2356,,,[],0.0029400272760540247,True,,,,0,0,10,14,False
positive_0p20_left_early_loading_moderate_ice_preregistered_v0,pair_075,positive,left,left,none,5,2957,3000,2957,,,[],0.002991608576849103,True,,,,0,0,10,10,False
positive_0p20_left_early_loading_moderate_ice_preregistered_v0,pair_075,positive,left,right,none,0,42,89,42,,,[],0.0020872370805591345,True,,,,0,0,10,19,False
positive_0p20_left_early_loading_moderate_ice_preregistered_v0,pair_075,positive,left,right,none,1,196,603,196,,,[],0.006924426648765802,True,,,,0,0,10,10,False
positive_0p20_left_early_loading_moderate_ice_preregistered_v0,pair_075,positive,left,right,none,2,861,1206,861,,,[],0.005152011755853891,True,,,,0,0,10,10,False
positive_0p20_left_early_loading_moderate_ice_preregistered_v0,pair_075,positive,left,right,none,3,1456,1804,1456,,,[],0.006752805784344673,True,,,,0,0,10,10,False
positive_0p20_left_early_loading_moderate_ice_preregistered_v0,pair_075,positive,left,right,none,4,2047,2386,2047,,,[],0.007815402001142502,True,,,,0,0,10,10,False
positive_0p20_left_early_loading_moderate_ice_preregistered_v0,pair_075,positive,left,right,none,5,2650,2985,2650,,,[],0.006944006308913231,True,,,,0,0,10,10,False
control_0p20_left_early_loading_moderate_ice_preregistered_v0,pair_075,control,left,left,none,0,36,241,36,,,[],0.0024398488458245993,True,,,,0,0,10,13,False
control_0p20_left_early_loading_moderate_ice_preregistered_v0,pair_075,control,left,left,none,1,562,907,562,,,[],0.0014518146635964513,True,,,,0,0,10,16,False
control_0p20_left_early_loading_moderate_ice_preregistered_v0,pair_075,control,left,left,none,2,1168,1488,1168,,,[],0.0030251650605350733,True,,,,0,0,10,18,False
control_0p20_left_early_loading_moderate_ice_preregistered_v0,pair_075,control,left,left,none,3,1766,2085,1766,,,[],0.003344492055475712,True,,,,0,0,10,14,False
control_0p20_left_early_loading_moderate_ice_preregistered_v0,pair_075,control,left,left,none,4,2356,2685,2356,,,[],0.0029400272760540247,True,,,,0,0,10,14,False
control_0p20_left_early_loading_moderate_ice_preregistered_v0,pair_075,control,left,left,none,5,2957,3000,2957,,,[],0.002991608576849103,True,,,,0,0,10,10,False
control_0p20_left_early_loading_moderate_ice_preregistered_v0,pair_075,control,left,right,none,0,42,89,42,,,[],0.0020872370805591345,True,,,,0,0,10,19,False
control_0p20_left_early_loading_moderate_ice_preregistered_v0,pair_075,control,left,right,none,1,196,603,196,,,[],0.006924426648765802,True,,,,0,0,10,10,False
control_0p20_left_early_loading_moderate_ice_preregistered_v0,pair_075,control,left,right,none,2,861,1206,861,,,[],0.005152011755853891,True,,,,0,0,10,10,False
control_0p20_left_early_loading_moderate_ice_preregistered_v0,pair_075,control,left,right,none,3,1456,1804,1456,,,[],0.006752805784344673,True,,,,0,0,10,10,False
control_0p20_left_early_loading_moderate_ice_preregistered_v0,pair_075,control,left,right,none,4,2047,2386,2047,,,[],0.007815402001142502,True,,,,0,0,10,10,False
control_0p20_left_early_loading_moderate_ice_preregistered_v0,pair_075,control,left,right,none,5,2650,2985,2650,,,[],0.006944006308913231,True,,,,0,0,10,10,False
positive_0p20_left_early_loading_moderate_ice_preregistered_v1,pair_076,positive,left,left,none,0,39,89,39,,,[],0.0006851934012956917,True,,,,0,0,10,19,False
positive_0p20_left_early_loading_moderate_ice_preregistered_v1,pair_076,positive,left,left,none,1,304,682,304,,,[],0.008351368829607964,True,,,,0,0,10,12,False
positive_0p20_left_early_loading_moderate_ice_preregistered_v1,pair_076,positive,left,left,none,2,949,1287,949,,,[],0.002686897059902549,True,,,,0,0,10,16,False
positive_0p20_left_early_loading_moderate_ice_preregistered_v1,pair_076,positive,left,left,none,3,1559,1884,1559,,,[],0.002751676831394434,True,,,,0,0,10,14,False
positive_0p20_left_early_loading_moderate_ice_preregistered_v1,pair_076,positive,left,left,none,4,2153,2483,2153,,,[],0.003143654903396964,True,,,,0,0,10,13,False
positive_0p20_left_early_loading_moderate_ice_preregistered_v1,pair_076,positive,left,left,none,5,2753,3000,2753,,,[],0.002961203223094344,True,,,,0,0,10,10,False
positive_0p20_left_early_loading_moderate_ice_preregistered_v1,pair_076,positive,left,right,none,0,37,328,37,,,[],0.003051305888220668,True,,,,0,0,10,10,False
positive_0p20_left_early_loading_moderate_ice_preregistered_v1,pair_076,positive,left,right,none,1,335,338,335,,,[],0.00048368150601163507,False,,,,0,0,3,3,False
positive_0p20_left_early_loading_moderate_ice_preregistered_v1,pair_076,positive,left,right,none,2,641,984,641,,,[],0.0056949094869196415,True,,,,0,0,10,10,False
positive_0p20_left_early_loading_moderate_ice_preregistered_v1,pair_076,positive,left,right,none,3,1249,1588,1249,,,[],0.006594319827854633,True,,,,0,0,10,10,False
positive_0p20_left_early_loading_moderate_ice_preregistered_v1,pair_076,positive,left,right,none,4,1596,1601,1596,,,[],0.0006797854439355433,False,,,,0,0,5,5,False
positive_0p20_left_early_loading_moderate_ice_preregistered_v1,pair_076,positive,left,right,none,5,1845,2185,1845,,,[],0.007438034750521183,True,,,,0,0,10,10,False
positive_0p20_left_early_loading_moderate_ice_preregistered_v1,pair_076,positive,left,right,none,6,2445,2784,2445,,,[],0.007084045093506575,True,,,,0,0,10,10,False
control_0p20_left_early_loading_moderate_ice_preregistered_v1,pair_076,control,left,left,none,0,39,89,39,,,[],0.0006851934012956917,True,,,,0,0,10,19,False
control_0p20_left_early_loading_moderate_ice_preregistered_v1,pair_076,control,left,left,none,1,304,682,304,,,[],0.008351368829607964,True,,,,0,0,10,12,False
control_0p20_left_early_loading_moderate_ice_preregistered_v1,pair_076,control,left,left,none,2,949,1287,949,,,[],0.002686897059902549,True,,,,0,0,10,16,False
control_0p20_left_early_loading_moderate_ice_preregistered_v1,pair_076,control,left,left,none,3,1559,1884,1559,,,[],0.002751676831394434,True,,,,0,0,10,14,False
control_0p20_left_early_loading_moderate_ice_preregistered_v1,pair_076,control,left,left,none,4,2153,2483,2153,,,[],0.003143654903396964,True,,,,0,0,10,13,False
control_0p20_left_early_loading_moderate_ice_preregistered_v1,pair_076,control,left,left,none,5,2753,3000,2753,,,[],0.002961203223094344,True,,,,0,0,10,10,False
control_0p20_left_early_loading_moderate_ice_preregistered_v1,pair_076,control,left,right,none,0,37,328,37,,,[],0.003051305888220668,True,,,,0,0,10,10,False
control_0p20_left_early_loading_moderate_ice_preregistered_v1,pair_076,control,left,right,none,1,335,338,335,,,[],0.00048368150601163507,False,,,,0,0,3,3,False
control_0p20_left_early_loading_moderate_ice_preregistered_v1,pair_076,control,left,right,none,2,641,984,641,,,[],0.0056949094869196415,True,,,,0,0,10,10,False
control_0p20_left_early_loading_moderate_ice_preregistered_v1,pair_076,control,left,right,none,3,1249,1588,1249,,,[],0.006594319827854633,True,,,,0,0,10,10,False
control_0p20_left_early_loading_moderate_ice_preregistered_v1,pair_076,control,left,right,none,4,1596,1601,1596,,,[],0.0006797854439355433,False,,,,0,0,5,5,False
control_0p20_left_early_loading_moderate_ice_preregistered_v1,pair_076,control,left,right,none,5,1845,2185,1845,,,[],0.007438034750521183,True,,,,0,0,10,10,False
control_0p20_left_early_loading_moderate_ice_preregistered_v1,pair_076,control,left,right,none,6,2445,2784,2445,,,[],0.007084045093506575,True,,,,0,0,10,10,False
positive_0p20_left_early_loading_moderate_ice_preregistered_v2,pair_077,positive,left,left,none,0,44,392,44,,,[],0.004679499194025993,True,,,,0,0,10,10,False
positive_0p20_left_early_loading_moderate_ice_preregistered_v2,pair_077,positive,left,left,none,1,398,401,398,,,[],0.00039899791590869427,False,,,,0,0,3,3,False
positive_0p20_left_early_loading_moderate_ice_preregistered_v2,pair_077,positive,left,left,none,2,711,1046,711,,,[],0.002329090377315879,True,,,,0,0,10,15,False
positive_0p20_left_early_loading_moderate_ice_preregistered_v2,pair_077,positive,left,left,none,3,1301,1627,1301,,,[],0.0026606768369674683,True,,,,0,0,10,16,False
positive_0p20_left_early_loading_moderate_ice_preregistered_v2,pair_077,positive,left,left,none,4,1908,2228,1908,,,[],0.003298103576526046,True,,,,0,0,10,17,False
positive_0p20_left_early_loading_moderate_ice_preregistered_v2,pair_077,positive,left,left,none,5,2500,2827,2500,,,[],0.002642524428665638,True,,,,0,0,10,16,False
positive_0p20_left_early_loading_moderate_ice_preregistered_v2,pair_077,positive,left,right,none,0,34,166,34,,,[],0.00140579033177346,True,,,,0,0,10,10,False
positive_0p20_left_early_loading_moderate_ice_preregistered_v2,pair_077,positive,left,right,none,1,363,744,363,,,[],0.009103513322770596,True,,,,0,0,10,10,False
positive_0p20_left_early_loading_moderate_ice_preregistered_v2,pair_077,positive,left,right,none,2,998,1344,998,,,[],0.006074531469494104,True,,,,0,0,10,10,False
positive_0p20_left_early_loading_moderate_ice_preregistered_v2,pair_077,positive,left,right,none,3,1596,1944,1596,,,[],0.006768657360225916,True,,,,0,0,10,10,False
positive_0p20_left_early_loading_moderate_ice_preregistered_v2,pair_077,positive,left,right,none,4,2191,2530,2191,,,[],0.007794083561748266,True,,,,0,0,10,10,False
positive_0p20_left_early_loading_moderate_ice_preregistered_v2,pair_077,positive,left,right,none,5,2533,2540,2533,,,[],0.0005810434813611209,False,,,,0,0,7,7,False
positive_0p20_left_early_loading_moderate_ice_preregistered_v2,pair_077,positive,left,right,none,6,2792,3000,2792,,,[],0.007386529352515936,True,,,,0,0,10,10,False
control_0p20_left_early_loading_moderate_ice_preregistered_v2,pair_077,control,left,left,none,0,44,392,44,,,[],0.004679499194025993,True,,,,0,0,10,10,False
control_0p20_left_early_loading_moderate_ice_preregistered_v2,pair_077,control,left,left,none,1,398,401,398,,,[],0.00039899791590869427,False,,,,0,0,3,3,False
control_0p20_left_early_loading_moderate_ice_preregistered_v2,pair_077,control,left,left,none,2,711,1046,711,,,[],0.002329090377315879,True,,,,0,0,10,15,False
control_0p20_left_early_loading_moderate_ice_preregistered_v2,pair_077,control,left,left,none,3,1301,1627,1301,,,[],0.0026606768369674683,True,,,,0,0,10,16,False
control_0p20_left_early_loading_moderate_ice_preregistered_v2,pair_077,control,left,left,none,4,1908,2228,1908,,,[],0.003298103576526046,True,,,,0,0,10,17,False
control_0p20_left_early_loading_moderate_ice_preregistered_v2,pair_077,control,left,left,none,5,2500,2827,2500,,,[],0.002642524428665638,True,,,,0,0,10,16,False
control_0p20_left_early_loading_moderate_ice_preregistered_v2,pair_077,control,left,right,none,0,34,166,34,,,[],0.00140579033177346,True,,,,0,0,10,10,False
control_0p20_left_early_loading_moderate_ice_preregistered_v2,pair_077,control,left,right,none,1,363,744,363,,,[],0.009103513322770596,True,,,,0,0,10,10,False
control_0p20_left_early_loading_moderate_ice_preregistered_v2,pair_077,control,left,right,none,2,998,1344,998,,,[],0.006074531469494104,True,,,,0,0,10,10,False
control_0p20_left_early_loading_moderate_ice_preregistered_v2,pair_077,control,left,right,none,3,1596,1944,1596,,,[],0.006768657360225916,True,,,,0,0,10,10,False
control_0p20_left_early_loading_moderate_ice_preregistered_v2,pair_077,control,left,right,none,4,2191,2530,2191,,,[],0.007794083561748266,True,,,,0,0,10,10,False
control_0p20_left_early_loading_moderate_ice_preregistered_v2,pair_077,control,left,right,none,5,2533,2540,2533,,,[],0.0005810434813611209,False,,,,0,0,7,7,False
control_0p20_left_early_loading_moderate_ice_preregistered_v2,pair_077,control,left,right,none,6,2792,3000,2792,,,[],0.007386529352515936,True,,,,0,0,10,10,False
positive_0p20_left_mid_loading_early_stance_native_strong_ice_v0,pair_078,positive,left,left,none,0,36,240,36,,,[],0.002402728656306863,True,,,,0,0,10,11,False
positive_0p20_left_mid_loading_early_stance_native_strong_ice_v0,pair_078,positive,left,left,none,1,562,907,562,,,[],0.0014592817751690745,True,,,,0,0,10,16,False
positive_0p20_left_mid_loading_early_stance_native_strong_ice_v0,pair_078,positive,left,left,none,2,1168,1488,1168,,,[],0.003128945827484131,True,,,,0,0,10,18,False
positive_0p20_left_mid_loading_early_stance_native_strong_ice_v0,pair_078,positive,left,left,none,3,1766,2085,1766,,,[],0.0033395225182175636,True,,,,0,0,10,14,False
positive_0p20_left_mid_loading_early_stance_native_strong_ice_v0,pair_078,positive,left,left,none,4,2356,2685,2356,,,[],0.002941473852843046,True,,,,0,0,10,14,False
positive_0p20_left_mid_loading_early_stance_native_strong_ice_v0,pair_078,positive,left,left,none,5,2957,3000,2957,,,[],0.0029917480424046516,True,,,,0,0,10,10,False
positive_0p20_left_mid_loading_early_stance_native_strong_ice_v0,pair_078,positive,left,right,none,0,42,89,42,,,[],0.0021001948043704033,True,,,,0,0,10,19,False
positive_0p20_left_mid_loading_early_stance_native_strong_ice_v0,pair_078,positive,left,right,none,1,196,603,196,,,[],0.0069874357432127,True,,,,0,0,10,10,False
positive_0p20_left_mid_loading_early_stance_native_strong_ice_v0,pair_078,positive,left,right,none,2,861,1206,861,,,[],0.005400309804826975,True,,,,0,0,10,10,False
positive_0p20_left_mid_loading_early_stance_native_strong_ice_v0,pair_078,positive,left,right,none,3,1456,1804,1456,,,[],0.006762579083442688,True,,,,0,0,10,10,False
positive_0p20_left_mid_loading_early_stance_native_strong_ice_v0,pair_078,positive,left,right,none,4,2047,2386,2047,,,[],0.00780459214001894,True,,,,0,0,10,10,False
positive_0p20_left_mid_loading_early_stance_native_strong_ice_v0,pair_078,positive,left,right,none,5,2650,2985,2650,,,[],0.0069427224807441235,True,,,,0,0,10,10,False
control_0p20_left_mid_loading_early_stance_native_strong_ice_v0,pair_078,control,left,left,none,0,36,240,36,,,[],0.002402728656306863,True,,,,0,0,10,11,False
control_0p20_left_mid_loading_early_stance_native_strong_ice_v0,pair_078,control,left,left,none,1,562,907,562,,,[],0.0014592817751690745,True,,,,0,0,10,16,False
control_0p20_left_mid_loading_early_stance_native_strong_ice_v0,pair_078,control,left,left,none,2,1168,1488,1168,,,[],0.003128945827484131,True,,,,0,0,10,18,False
control_0p20_left_mid_loading_early_stance_native_strong_ice_v0,pair_078,control,left,left,none,3,1766,2085,1766,,,[],0.0033395225182175636,True,,,,0,0,10,14,False
control_0p20_left_mid_loading_early_stance_native_strong_ice_v0,pair_078,control,left,left,none,4,2356,2685,2356,,,[],0.002941473852843046,True,,,,0,0,10,14,False
control_0p20_left_mid_loading_early_stance_native_strong_ice_v0,pair_078,control,left,left,none,5,2957,3000,2957,,,[],0.0029917480424046516,True,,,,0,0,10,10,False
control_0p20_left_mid_loading_early_stance_native_strong_ice_v0,pair_078,control,left,right,none,0,42,89,42,,,[],0.0021001948043704033,True,,,,0,0,10,19,False
control_0p20_left_mid_loading_early_stance_native_strong_ice_v0,pair_078,control,left,right,none,1,196,603,196,,,[],0.0069874357432127,True,,,,0,0,10,10,False
control_0p20_left_mid_loading_early_stance_native_strong_ice_v0,pair_078,control,left,right,none,2,861,1206,861,,,[],0.005400309804826975,True,,,,0,0,10,10,False
control_0p20_left_mid_loading_early_stance_native_strong_ice_v0,pair_078,control,left,right,none,3,1456,1804,1456,,,[],0.006762579083442688,True,,,,0,0,10,10,False
control_0p20_left_mid_loading_early_stance_native_strong_ice_v0,pair_078,control,left,right,none,4,2047,2386,2047,,,[],0.00780459214001894,True,,,,0,0,10,10,False
control_0p20_left_mid_loading_early_stance_native_strong_ice_v0,pair_078,control,left,right,none,5,2650,2985,2650,,,[],0.0069427224807441235,True,,,,0,0,10,10,False
positive_0p20_left_mid_loading_early_stance_native_strong_ice_v1,pair_079,positive,left,left,none,0,39,89,39,,,[],0.0006848308839835227,True,,,,0,0,10,19,False
positive_0p20_left_mid_loading_early_stance_native_strong_ice_v1,pair_079,positive,left,left,none,1,304,682,304,,,[],0.008949107490479946,True,,,,0,0,10,12,False
positive_0p20_left_mid_loading_early_stance_native_strong_ice_v1,pair_079,positive,left,left,none,2,949,1287,949,,,[],0.0027038545813411474,True,,,,0,0,10,16,False
positive_0p20_left_mid_loading_early_stance_native_strong_ice_v1,pair_079,positive,left,left,none,3,1561,1884,1561,,,[],0.002795813838019967,True,,,,0,0,10,14,False
positive_0p20_left_mid_loading_early_stance_native_strong_ice_v1,pair_079,positive,left,left,none,4,2154,2483,2154,,,[],0.0028433750849217176,True,,,,0,0,10,13,False
positive_0p20_left_mid_loading_early_stance_native_strong_ice_v1,pair_079,positive,left,left,none,5,2753,3000,2753,,,[],0.0032188082113862038,True,,,,0,0,10,10,False
positive_0p20_left_mid_loading_early_stance_native_strong_ice_v1,pair_079,positive,left,right,none,0,37,328,37,,,[],0.0030482460279017687,True,,,,0,0,10,10,False
positive_0p20_left_mid_loading_early_stance_native_strong_ice_v1,pair_079,positive,left,right,none,1,336,338,336,,,[],0.00025064125657081604,False,,,,0,0,2,2,False
positive_0p20_left_mid_loading_early_stance_native_strong_ice_v1,pair_079,positive,left,right,none,2,641,984,641,,,[],0.005413062404841185,True,,,,0,0,10,10,False
positive_0p20_left_mid_loading_early_stance_native_strong_ice_v1,pair_079,positive,left,right,none,3,1251,1592,1251,,,[],0.006030738819390535,True,,,,0,0,10,10,False
positive_0p20_left_mid_loading_early_stance_native_strong_ice_v1,pair_079,positive,left,right,none,4,1595,1601,1595,,,[],0.0004595128120854497,False,,,,0,0,6,6,False
positive_0p20_left_mid_loading_early_stance_native_strong_ice_v1,pair_079,positive,left,right,none,5,1845,2185,1845,,,[],0.007056462578475475,True,,,,0,0,10,10,False
positive_0p20_left_mid_loading_early_stance_native_strong_ice_v1,pair_079,positive,left,right,none,6,2445,2784,2445,,,[],0.007479076273739338,True,,,,0,0,10,10,False
control_0p20_left_mid_loading_early_stance_native_strong_ice_v1,pair_079,control,left,left,none,0,39,89,39,,,[],0.0006848308839835227,True,,,,0,0,10,19,False
control_0p20_left_mid_loading_early_stance_native_strong_ice_v1,pair_079,control,left,left,none,1,304,682,304,,,[],0.008949107490479946,True,,,,0,0,10,12,False
control_0p20_left_mid_loading_early_stance_native_strong_ice_v1,pair_079,control,left,left,none,2,949,1287,949,,,[],0.0027038545813411474,True,,,,0,0,10,16,False
control_0p20_left_mid_loading_early_stance_native_strong_ice_v1,pair_079,control,left,left,none,3,1561,1884,1561,,,[],0.002795813838019967,True,,,,0,0,10,14,False
control_0p20_left_mid_loading_early_stance_native_strong_ice_v1,pair_079,control,left,left,none,4,2154,2483,2154,,,[],0.0028433750849217176,True,,,,0,0,10,13,False
control_0p20_left_mid_loading_early_stance_native_strong_ice_v1,pair_079,control,left,left,none,5,2753,3000,2753,,,[],0.0032188082113862038,True,,,,0,0,10,10,False
control_0p20_left_mid_loading_early_stance_native_strong_ice_v1,pair_079,control,left,right,none,0,37,328,37,,,[],0.0030482460279017687,True,,,,0,0,10,10,False
control_0p20_left_mid_loading_early_stance_native_strong_ice_v1,pair_079,control,left,right,none,1,336,338,336,,,[],0.00025064125657081604,False,,,,0,0,2,2,False
control_0p20_left_mid_loading_early_stance_native_strong_ice_v1,pair_079,control,left,right,none,2,641,984,641,,,[],0.005413062404841185,True,,,,0,0,10,10,False
control_0p20_left_mid_loading_early_stance_native_strong_ice_v1,pair_079,control,left,right,none,3,1251,1592,1251,,,[],0.006030738819390535,True,,,,0,0,10,10,False
control_0p20_left_mid_loading_early_stance_native_strong_ice_v1,pair_079,control,left,right,none,4,1595,1601,1595,,,[],0.0004595128120854497,False,,,,0,0,6,6,False
control_0p20_left_mid_loading_early_stance_native_strong_ice_v1,pair_079,control,left,right,none,5,1845,2185,1845,,,[],0.007056462578475475,True,,,,0,0,10,10,False
control_0p20_left_mid_loading_early_stance_native_strong_ice_v1,pair_079,control,left,right,none,6,2445,2784,2445,,,[],0.007479076273739338,True,,,,0,0,10,10,False
positive_0p20_left_mid_loading_early_stance_native_strong_ice_v2,pair_080,positive,left,left,none,0,44,392,44,,,[],0.004689278546720743,True,,,,0,0,10,10,False
positive_0p20_left_mid_loading_early_stance_native_strong_ice_v2,pair_080,positive,left,left,none,1,398,401,398,,,[],0.0004015547747258097,False,,,,0,0,3,3,False
positive_0p20_left_mid_loading_early_stance_native_strong_ice_v2,pair_080,positive,left,left,none,2,712,1046,712,,,[],0.0021660036873072386,True,,,,0,0,10,15,False
positive_0p20_left_mid_loading_early_stance_native_strong_ice_v2,pair_080,positive,left,left,none,3,1301,1627,1301,,,[],0.00260657025501132,True,,,,0,0,10,16,False
positive_0p20_left_mid_loading_early_stance_native_strong_ice_v2,pair_080,positive,left,left,none,4,1908,2228,1908,,,[],0.0033005555160343647,True,,,,0,0,10,17,False
positive_0p20_left_mid_loading_early_stance_native_strong_ice_v2,pair_080,positive,left,left,none,5,2500,2826,2500,,,[],0.0028710090555250645,True,,,,0,0,10,15,False
positive_0p20_left_mid_loading_early_stance_native_strong_ice_v2,pair_080,positive,left,right,none,0,34,166,34,,,[],0.0014106783783063293,True,,,,0,0,10,10,False
positive_0p20_left_mid_loading_early_stance_native_strong_ice_v2,pair_080,positive,left,right,none,1,363,744,363,,,[],0.009118623100221157,True,,,,0,0,10,10,False
positive_0p20_left_mid_loading_early_stance_native_strong_ice_v2,pair_080,positive,left,right,none,2,997,1344,997,,,[],0.006488898769021034,True,,,,0,0,10,10,False
positive_0p20_left_mid_loading_early_stance_native_strong_ice_v2,pair_080,positive,left,right,none,3,1596,1944,1596,,,[],0.006745609454810619,True,,,,0,0,10,10,False
positive_0p20_left_mid_loading_early_stance_native_strong_ice_v2,pair_080,positive,left,right,none,4,2192,2531,2192,,,[],0.00729006202891469,True,,,,0,0,10,10,False
positive_0p20_left_mid_loading_early_stance_native_strong_ice_v2,pair_080,positive,left,right,none,5,2534,2541,2534,,,[],0.0005088680773042142,False,,,,0,0,7,7,False
positive_0p20_left_mid_loading_early_stance_native_strong_ice_v2,pair_080,positive,left,right,none,6,2792,3000,2792,,,[],0.007382984738796949,True,,,,0,0,10,10,False
control_0p20_left_mid_loading_early_stance_native_strong_ice_v2,pair_080,control,left,left,none,0,44,392,44,,,[],0.004689278546720743,True,,,,0,0,10,10,False
control_0p20_left_mid_loading_early_stance_native_strong_ice_v2,pair_080,control,left,left,none,1,398,401,398,,,[],0.0004015547747258097,False,,,,0,0,3,3,False
control_0p20_left_mid_loading_early_stance_native_strong_ice_v2,pair_080,control,left,left,none,2,712,1046,712,,,[],0.0021660036873072386,True,,,,0,0,10,15,False
control_0p20_left_mid_loading_early_stance_native_strong_ice_v2,pair_080,control,left,left,none,3,1301,1627,1301,,,[],0.00260657025501132,True,,,,0,0,10,16,False
control_0p20_left_mid_loading_early_stance_native_strong_ice_v2,pair_080,control,left,left,none,4,1908,2228,1908,,,[],0.0033005555160343647,True,,,,0,0,10,17,False
control_0p20_left_mid_loading_early_stance_native_strong_ice_v2,pair_080,control,left,left,none,5,2500,2826,2500,,,[],0.0028710090555250645,True,,,,0,0,10,15,False
control_0p20_left_mid_loading_early_stance_native_strong_ice_v2,pair_080,control,left,right,none,0,34,166,34,,,[],0.0014106783783063293,True,,,,0,0,10,10,False
control_0p20_left_mid_loading_early_stance_native_strong_ice_v2,pair_080,control,left,right,none,1,363,744,363,,,[],0.009118623100221157,True,,,,0,0,10,10,False
control_0p20_left_mid_loading_early_stance_native_strong_ice_v2,pair_080,control,left,right,none,2,997,1344,997,,,[],0.006488898769021034,True,,,,0,0,10,10,False
control_0p20_left_mid_loading_early_stance_native_strong_ice_v2,pair_080,control,left,right,none,3,1596,1944,1596,,,[],0.006745609454810619,True,,,,0,0,10,10,False
control_0p20_left_mid_loading_early_stance_native_strong_ice_v2,pair_080,control,left,right,none,4,2192,2531,2192,,,[],0.00729006202891469,True,,,,0,0,10,10,False
control_0p20_left_mid_loading_early_stance_native_strong_ice_v2,pair_080,control,left,right,none,5,2534,2541,2534,,,[],0.0005088680773042142,False,,,,0,0,7,7,False
control_0p20_left_mid_loading_early_stance_native_strong_ice_v2,pair_080,control,left,right,none,6,2792,3000,2792,,,[],0.007382984738796949,True,,,,0,0,10,10,False
positive_0p20_left_mid_loading_early_stance_moderate_ice_preregistered_v0,pair_081,positive,left,left,none,0,36,240,36,,,[],0.002388756489381194,True,,,,0,0,10,11,False
positive_0p20_left_mid_loading_early_stance_moderate_ice_preregistered_v0,pair_081,positive,left,left,none,1,562,907,562,,,[],0.0014558103866875172,True,,,,0,0,10,16,False
positive_0p20_left_mid_loading_early_stance_moderate_ice_preregistered_v0,pair_081,positive,left,left,none,2,1168,1488,1168,,,[],0.00303432228974998,True,,,,0,0,10,18,False
positive_0p20_left_mid_loading_early_stance_moderate_ice_preregistered_v0,pair_081,positive,left,left,none,3,1766,2085,1766,,,[],0.003351390128955245,True,,,,0,0,10,14,False
positive_0p20_left_mid_loading_early_stance_moderate_ice_preregistered_v0,pair_081,positive,left,left,none,4,2356,2685,2356,,,[],0.0029364721849560738,True,,,,0,0,10,14,False
positive_0p20_left_mid_loading_early_stance_moderate_ice_preregistered_v0,pair_081,positive,left,left,none,5,2957,3000,2957,,,[],0.0029910665471106768,True,,,,0,0,10,10,False
positive_0p20_left_mid_loading_early_stance_moderate_ice_preregistered_v0,pair_081,positive,left,right,none,0,42,89,42,,,[],0.0020959260873496532,True,,,,0,0,10,19,False
positive_0p20_left_mid_loading_early_stance_moderate_ice_preregistered_v0,pair_081,positive,left,right,none,1,196,603,196,,,[],0.006967014633119106,True,,,,0,0,10,10,False
positive_0p20_left_mid_loading_early_stance_moderate_ice_preregistered_v0,pair_081,positive,left,right,none,2,861,1206,861,,,[],0.005153253674507141,True,,,,0,0,10,10,False
positive_0p20_left_mid_loading_early_stance_moderate_ice_preregistered_v0,pair_081,positive,left,right,none,3,1456,1804,1456,,,[],0.006753511261194944,True,,,,0,0,10,10,False
positive_0p20_left_mid_loading_early_stance_moderate_ice_preregistered_v0,pair_081,positive,left,right,none,4,2047,2386,2047,,,[],0.007816209457814693,True,,,,0,0,10,10,False
positive_0p20_left_mid_loading_early_stance_moderate_ice_preregistered_v0,pair_081,positive,left,right,none,5,2650,2985,2650,,,[],0.006944325752556324,True,,,,0,0,10,10,False
control_0p20_left_mid_loading_early_stance_moderate_ice_preregistered_v0,pair_081,control,left,left,none,0,36,240,36,,,[],0.002388756489381194,True,,,,0,0,10,11,False
control_0p20_left_mid_loading_early_stance_moderate_ice_preregistered_v0,pair_081,control,left,left,none,1,562,907,562,,,[],0.0014558103866875172,True,,,,0,0,10,16,False
control_0p20_left_mid_loading_early_stance_moderate_ice_preregistered_v0,pair_081,control,left,left,none,2,1168,1488,1168,,,[],0.00303432228974998,True,,,,0,0,10,18,False
control_0p20_left_mid_loading_early_stance_moderate_ice_preregistered_v0,pair_081,control,left,left,none,3,1766,2085,1766,,,[],0.003351390128955245,True,,,,0,0,10,14,False
control_0p20_left_mid_loading_early_stance_moderate_ice_preregistered_v0,pair_081,control,left,left,none,4,2356,2685,2356,,,[],0.0029364721849560738,True,,,,0,0,10,14,False
control_0p20_left_mid_loading_early_stance_moderate_ice_preregistered_v0,pair_081,control,left,left,none,5,2957,3000,2957,,,[],0.0029910665471106768,True,,,,0,0,10,10,False
control_0p20_left_mid_loading_early_stance_moderate_ice_preregistered_v0,pair_081,control,left,right,none,0,42,89,42,,,[],0.0020959260873496532,True,,,,0,0,10,19,False
control_0p20_left_mid_loading_early_stance_moderate_ice_preregistered_v0,pair_081,control,left,right,none,1,196,603,196,,,[],0.006967014633119106,True,,,,0,0,10,10,False
control_0p20_left_mid_loading_early_stance_moderate_ice_preregistered_v0,pair_081,control,left,right,none,2,861,1206,861,,,[],0.005153253674507141,True,,,,0,0,10,10,False
control_0p20_left_mid_loading_early_stance_moderate_ice_preregistered_v0,pair_081,control,left,right,none,3,1456,1804,1456,,,[],0.006753511261194944,True,,,,0,0,10,10,False
control_0p20_left_mid_loading_early_stance_moderate_ice_preregistered_v0,pair_081,control,left,right,none,4,2047,2386,2047,,,[],0.007816209457814693,True,,,,0,0,10,10,False
control_0p20_left_mid_loading_early_stance_moderate_ice_preregistered_v0,pair_081,control,left,right,none,5,2650,2985,2650,,,[],0.006944325752556324,True,,,,0,0,10,10,False
positive_0p20_left_mid_loading_early_stance_moderate_ice_preregistered_v1,pair_082,positive,left,left,none,0,39,89,39,,,[],0.0006875845137983561,True,,,,0,0,10,19,False
positive_0p20_left_mid_loading_early_stance_moderate_ice_preregistered_v1,pair_082,positive,left,left,none,1,304,682,304,,,[],0.008494751527905464,True,,,,0,0,10,12,False
positive_0p20_left_mid_loading_early_stance_moderate_ice_preregistered_v1,pair_082,positive,left,left,none,2,949,1287,949,,,[],0.0027384322602301836,True,,,,0,0,10,16,False
positive_0p20_left_mid_loading_early_stance_moderate_ice_preregistered_v1,pair_082,positive,left,left,none,3,1560,1884,1560,,,[],0.0029915885534137487,True,,,,0,0,10,14,False
positive_0p20_left_mid_loading_early_stance_moderate_ice_preregistered_v1,pair_082,positive,left,left,none,4,2154,2483,2154,,,[],0.0028411627281457186,True,,,,0,0,10,13,False
positive_0p20_left_mid_loading_early_stance_moderate_ice_preregistered_v1,pair_082,positive,left,left,none,5,2753,3000,2753,,,[],0.0030418371316045523,True,,,,0,0,10,10,False
positive_0p20_left_mid_loading_early_stance_moderate_ice_preregistered_v1,pair_082,positive,left,right,none,0,37,328,37,,,[],0.00305027118884027,True,,,,0,0,10,10,False
positive_0p20_left_mid_loading_early_stance_moderate_ice_preregistered_v1,pair_082,positive,left,right,none,1,335,337,335,,,[],0.00023841674556024373,False,,,,0,0,2,2,False
positive_0p20_left_mid_loading_early_stance_moderate_ice_preregistered_v1,pair_082,positive,left,right,none,2,641,984,641,,,[],0.0057254983112216,True,,,,0,0,10,10,False
positive_0p20_left_mid_loading_early_stance_moderate_ice_preregistered_v1,pair_082,positive,left,right,none,3,1250,1591,1250,,,[],0.006512748077511787,True,,,,0,0,10,10,False
positive_0p20_left_mid_loading_early_stance_moderate_ice_preregistered_v1,pair_082,positive,left,right,none,4,1595,1601,1595,,,[],0.0005335783935151994,False,,,,0,0,6,6,False
positive_0p20_left_mid_loading_early_stance_moderate_ice_preregistered_v1,pair_082,positive,left,right,none,5,1845,2185,1845,,,[],0.007056917063891888,True,,,,0,0,10,10,False
positive_0p20_left_mid_loading_early_stance_moderate_ice_preregistered_v1,pair_082,positive,left,right,none,6,2445,2784,2445,,,[],0.007471362128853798,True,,,,0,0,10,10,False
control_0p20_left_mid_loading_early_stance_moderate_ice_preregistered_v1,pair_082,control,left,left,none,0,39,89,39,,,[],0.0006875845137983561,True,,,,0,0,10,19,False
control_0p20_left_mid_loading_early_stance_moderate_ice_preregistered_v1,pair_082,control,left,left,none,1,304,682,304,,,[],0.008494751527905464,True,,,,0,0,10,12,False
control_0p20_left_mid_loading_early_stance_moderate_ice_preregistered_v1,pair_082,control,left,left,none,2,949,1287,949,,,[],0.0027384322602301836,True,,,,0,0,10,16,False
control_0p20_left_mid_loading_early_stance_moderate_ice_preregistered_v1,pair_082,control,left,left,none,3,1560,1884,1560,,,[],0.0029915885534137487,True,,,,0,0,10,14,False
control_0p20_left_mid_loading_early_stance_moderate_ice_preregistered_v1,pair_082,control,left,left,none,4,2154,2483,2154,,,[],0.0028411627281457186,True,,,,0,0,10,13,False
control_0p20_left_mid_loading_early_stance_moderate_ice_preregistered_v1,pair_082,control,left,left,none,5,2753,3000,2753,,,[],0.0030418371316045523,True,,,,0,0,10,10,False
control_0p20_left_mid_loading_early_stance_moderate_ice_preregistered_v1,pair_082,control,left,right,none,0,37,328,37,,,[],0.00305027118884027,True,,,,0,0,10,10,False
control_0p20_left_mid_loading_early_stance_moderate_ice_preregistered_v1,pair_082,control,left,right,none,1,335,337,335,,,[],0.00023841674556024373,False,,,,0,0,2,2,False
control_0p20_left_mid_loading_early_stance_moderate_ice_preregistered_v1,pair_082,control,left,right,none,2,641,984,641,,,[],0.0057254983112216,True,,,,0,0,10,10,False
control_0p20_left_mid_loading_early_stance_moderate_ice_preregistered_v1,pair_082,control,left,right,none,3,1250,1591,1250,,,[],0.006512748077511787,True,,,,0,0,10,10,False
control_0p20_left_mid_loading_early_stance_moderate_ice_preregistered_v1,pair_082,control,left,right,none,4,1595,1601,1595,,,[],0.0005335783935151994,False,,,,0,0,6,6,False
control_0p20_left_mid_loading_early_stance_moderate_ice_preregistered_v1,pair_082,control,left,right,none,5,1845,2185,1845,,,[],0.007056917063891888,True,,,,0,0,10,10,False
control_0p20_left_mid_loading_early_stance_moderate_ice_preregistered_v1,pair_082,control,left,right,none,6,2445,2784,2445,,,[],0.007471362128853798,True,,,,0,0,10,10,False
positive_0p20_left_mid_loading_early_stance_moderate_ice_preregistered_v2,pair_083,positive,left,left,none,0,44,392,44,,,[],0.0046806614845991135,True,,,,0,0,10,10,False
positive_0p20_left_mid_loading_early_stance_moderate_ice_preregistered_v2,pair_083,positive,left,left,none,1,398,401,398,,,[],0.0003992901765741408,False,,,,0,0,3,3,False
positive_0p20_left_mid_loading_early_stance_moderate_ice_preregistered_v2,pair_083,positive,left,left,none,2,711,1046,711,,,[],0.0023306177463382483,True,,,,0,0,10,15,False
positive_0p20_left_mid_loading_early_stance_moderate_ice_preregistered_v2,pair_083,positive,left,left,none,3,1301,1627,1301,,,[],0.0026585336308926344,True,,,,0,0,10,16,False
positive_0p20_left_mid_loading_early_stance_moderate_ice_preregistered_v2,pair_083,positive,left,left,none,4,1908,2228,1908,,,[],0.003306126920506358,True,,,,0,0,10,17,False
positive_0p20_left_mid_loading_early_stance_moderate_ice_preregistered_v2,pair_083,positive,left,left,none,5,2500,2827,2500,,,[],0.0026424999814480543,True,,,,0,0,10,16,False
positive_0p20_left_mid_loading_early_stance_moderate_ice_preregistered_v2,pair_083,positive,left,right,none,0,34,166,34,,,[],0.001406355993822217,True,,,,0,0,10,10,False
positive_0p20_left_mid_loading_early_stance_moderate_ice_preregistered_v2,pair_083,positive,left,right,none,1,363,744,363,,,[],0.009105321951210499,True,,,,0,0,10,10,False
positive_0p20_left_mid_loading_early_stance_moderate_ice_preregistered_v2,pair_083,positive,left,right,none,2,998,1344,998,,,[],0.006073783617466688,True,,,,0,0,10,10,False
positive_0p20_left_mid_loading_early_stance_moderate_ice_preregistered_v2,pair_083,positive,left,right,none,3,1596,1944,1596,,,[],0.006760912016034126,True,,,,0,0,10,10,False
positive_0p20_left_mid_loading_early_stance_moderate_ice_preregistered_v2,pair_083,positive,left,right,none,4,2191,2530,2191,,,[],0.0077910106629133224,True,,,,0,0,10,10,False
positive_0p20_left_mid_loading_early_stance_moderate_ice_preregistered_v2,pair_083,positive,left,right,none,5,2533,2540,2533,,,[],0.000579724321141839,False,,,,0,0,7,7,False
positive_0p20_left_mid_loading_early_stance_moderate_ice_preregistered_v2,pair_083,positive,left,right,none,6,2792,3000,2792,,,[],0.007385252509266138,True,,,,0,0,10,10,False
control_0p20_left_mid_loading_early_stance_moderate_ice_preregistered_v2,pair_083,control,left,left,none,0,44,392,44,,,[],0.0046806614845991135,True,,,,0,0,10,10,False
control_0p20_left_mid_loading_early_stance_moderate_ice_preregistered_v2,pair_083,control,left,left,none,1,398,401,398,,,[],0.0003992901765741408,False,,,,0,0,3,3,False
control_0p20_left_mid_loading_early_stance_moderate_ice_preregistered_v2,pair_083,control,left,left,none,2,711,1046,711,,,[],0.0023306177463382483,True,,,,0,0,10,15,False
control_0p20_left_mid_loading_early_stance_moderate_ice_preregistered_v2,pair_083,control,left,left,none,3,1301,1627,1301,,,[],0.0026585336308926344,True,,,,0,0,10,16,False
control_0p20_left_mid_loading_early_stance_moderate_ice_preregistered_v2,pair_083,control,left,left,none,4,1908,2228,1908,,,[],0.003306126920506358,True,,,,0,0,10,17,False
control_0p20_left_mid_loading_early_stance_moderate_ice_preregistered_v2,pair_083,control,left,left,none,5,2500,2827,2500,,,[],0.0026424999814480543,True,,,,0,0,10,16,False
control_0p20_left_mid_loading_early_stance_moderate_ice_preregistered_v2,pair_083,control,left,right,none,0,34,166,34,,,[],0.001406355993822217,True,,,,0,0,10,10,False
control_0p20_left_mid_loading_early_stance_moderate_ice_preregistered_v2,pair_083,control,left,right,none,1,363,744,363,,,[],0.009105321951210499,True,,,,0,0,10,10,False
control_0p20_left_mid_loading_early_stance_moderate_ice_preregistered_v2,pair_083,control,left,right,none,2,998,1344,998,,,[],0.006073783617466688,True,,,,0,0,10,10,False
control_0p20_left_mid_loading_early_stance_moderate_ice_preregistered_v2,pair_083,control,left,right,none,3,1596,1944,1596,,,[],0.006760912016034126,True,,,,0,0,10,10,False
control_0p20_left_mid_loading_early_stance_moderate_ice_preregistered_v2,pair_083,control,left,right,none,4,2191,2530,2191,,,[],0.0077910106629133224,True,,,,0,0,10,10,False
control_0p20_left_mid_loading_early_stance_moderate_ice_preregistered_v2,pair_083,control,left,right,none,5,2533,2540,2533,,,[],0.000579724321141839,False,,,,0,0,7,7,False
control_0p20_left_mid_loading_early_stance_moderate_ice_preregistered_v2,pair_083,control,left,right,none,6,2792,3000,2792,,,[],0.007385252509266138,True,,,,0,0,10,10,False
positive_0p20_left_mid_late_stance_native_strong_ice_v0,pair_084,positive,left,left,none,0,36,240,36,,,[],0.002390208886936307,True,,,,0,0,10,11,False
positive_0p20_left_mid_late_stance_native_strong_ice_v0,pair_084,positive,left,left,none,1,562,907,562,,,[],0.0014558894326910377,True,,,,0,0,10,16,False
positive_0p20_left_mid_late_stance_native_strong_ice_v0,pair_084,positive,left,left,none,2,1168,1488,1168,,,[],0.0030348673462867737,True,,,,0,0,10,18,False
positive_0p20_left_mid_late_stance_native_strong_ice_v0,pair_084,positive,left,left,none,3,1766,2085,1766,,,[],0.0033517612610012293,True,,,,0,0,10,14,False
positive_0p20_left_mid_late_stance_native_strong_ice_v0,pair_084,positive,left,left,none,4,2356,2685,2356,,,[],0.0029362947680056095,True,,,,0,0,10,14,False
positive_0p20_left_mid_late_stance_native_strong_ice_v0,pair_084,positive,left,left,none,5,2957,3000,2957,,,[],0.002991053741425276,True,,,,0,0,10,10,False
positive_0p20_left_mid_late_stance_native_strong_ice_v0,pair_084,positive,left,right,none,0,42,89,42,,,[],0.0020963610149919987,True,,,,0,0,10,19,False
positive_0p20_left_mid_late_stance_native_strong_ice_v0,pair_084,positive,left,right,none,1,196,603,196,,,[],0.006969158537685871,True,,,,0,0,10,10,False
positive_0p20_left_mid_late_stance_native_strong_ice_v0,pair_084,positive,left,right,none,2,861,1206,861,,,[],0.005153225269168615,True,,,,0,0,10,10,False
positive_0p20_left_mid_late_stance_native_strong_ice_v0,pair_084,positive,left,right,none,3,1456,1804,1456,,,[],0.006753541063517332,True,,,,0,0,10,10,False
positive_0p20_left_mid_late_stance_native_strong_ice_v0,pair_084,positive,left,right,none,4,2047,2386,2047,,,[],0.007816260680556297,True,,,,0,0,10,10,False
positive_0p20_left_mid_late_stance_native_strong_ice_v0,pair_084,positive,left,right,none,5,2650,2985,2650,,,[],0.0069443765096366405,True,,,,0,0,10,10,False
control_0p20_left_mid_late_stance_native_strong_ice_v0,pair_084,control,left,left,none,0,36,240,36,,,[],0.002390208886936307,True,,,,0,0,10,11,False
control_0p20_left_mid_late_stance_native_strong_ice_v0,pair_084,control,left,left,none,1,562,907,562,,,[],0.0014558894326910377,True,,,,0,0,10,16,False
control_0p20_left_mid_late_stance_native_strong_ice_v0,pair_084,control,left,left,none,2,1168,1488,1168,,,[],0.0030348673462867737,True,,,,0,0,10,18,False
control_0p20_left_mid_late_stance_native_strong_ice_v0,pair_084,control,left,left,none,3,1766,2085,1766,,,[],0.0033517612610012293,True,,,,0,0,10,14,False
control_0p20_left_mid_late_stance_native_strong_ice_v0,pair_084,control,left,left,none,4,2356,2685,2356,,,[],0.0029362947680056095,True,,,,0,0,10,14,False
control_0p20_left_mid_late_stance_native_strong_ice_v0,pair_084,control,left,left,none,5,2957,3000,2957,,,[],0.002991053741425276,True,,,,0,0,10,10,False
control_0p20_left_mid_late_stance_native_strong_ice_v0,pair_084,control,left,right,none,0,42,89,42,,,[],0.0020963610149919987,True,,,,0,0,10,19,False
control_0p20_left_mid_late_stance_native_strong_ice_v0,pair_084,control,left,right,none,1,196,603,196,,,[],0.006969158537685871,True,,,,0,0,10,10,False
control_0p20_left_mid_late_stance_native_strong_ice_v0,pair_084,control,left,right,none,2,861,1206,861,,,[],0.005153225269168615,True,,,,0,0,10,10,False
control_0p20_left_mid_late_stance_native_strong_ice_v0,pair_084,control,left,right,none,3,1456,1804,1456,,,[],0.006753541063517332,True,,,,0,0,10,10,False
control_0p20_left_mid_late_stance_native_strong_ice_v0,pair_084,control,left,right,none,4,2047,2386,2047,,,[],0.007816260680556297,True,,,,0,0,10,10,False
control_0p20_left_mid_late_stance_native_strong_ice_v0,pair_084,control,left,right,none,5,2650,2985,2650,,,[],0.0069443765096366405,True,,,,0,0,10,10,False
positive_0p20_left_mid_late_stance_native_strong_ice_v1,pair_085,positive,left,left,none,0,39,89,39,,,[],0.0006856032414361835,True,,,,0,0,10,19,False
positive_0p20_left_mid_late_stance_native_strong_ice_v1,pair_085,positive,left,left,none,1,304,682,304,,,[],0.008921234868466854,True,,,,0,0,10,12,False
positive_0p20_left_mid_late_stance_native_strong_ice_v1,pair_085,positive,left,left,none,2,948,1287,948,,,[],0.0029164026491343975,True,,,,0,0,10,16,False
positive_0p20_left_mid_late_stance_native_strong_ice_v1,pair_085,positive,left,left,none,3,1560,1884,1560,,,[],0.0029648314230144024,True,,,,0,0,10,14,False
positive_0p20_left_mid_late_stance_native_strong_ice_v1,pair_085,positive,left,left,none,4,2154,2483,2154,,,[],0.002875849138945341,True,,,,0,0,10,13,False
positive_0p20_left_mid_late_stance_native_strong_ice_v1,pair_085,positive,left,left,none,5,2753,3000,2753,,,[],0.003055879147723317,True,,,,0,0,10,10,False
positive_0p20_left_mid_late_stance_native_strong_ice_v1,pair_085,positive,left,right,none,0,37,328,37,,,[],0.0030499997083097696,True,,,,0,0,10,10,False
positive_0p20_left_mid_late_stance_native_strong_ice_v1,pair_085,positive,left,right,none,1,336,338,336,,,[],0.00025093008298426867,False,,,,0,0,2,2,False
positive_0p20_left_mid_late_stance_native_strong_ice_v1,pair_085,positive,left,right,none,2,641,984,641,,,[],0.005411520600318909,True,,,,0,0,10,10,False
positive_0p20_left_mid_late_stance_native_strong_ice_v1,pair_085,positive,left,right,none,3,1250,1591,1250,,,[],0.006496593821793795,True,,,,0,0,10,10,False
positive_0p20_left_mid_late_stance_native_strong_ice_v1,pair_085,positive,left,right,none,4,1595,1601,1595,,,[],0.0005392774473875761,False,,,,0,0,6,6,False
positive_0p20_left_mid_late_stance_native_strong_ice_v1,pair_085,positive,left,right,none,5,1845,2185,1845,,,[],0.007416971027851105,True,,,,0,0,10,10,False
positive_0p20_left_mid_late_stance_native_strong_ice_v1,pair_085,positive,left,right,none,6,2445,2784,2445,,,[],0.007473896723240614,True,,,,0,0,10,10,False
control_0p20_left_mid_late_stance_native_strong_ice_v1,pair_085,control,left,left,none,0,39,89,39,,,[],0.0006856032414361835,True,,,,0,0,10,19,False
control_0p20_left_mid_late_stance_native_strong_ice_v1,pair_085,control,left,left,none,1,304,682,304,,,[],0.008921234868466854,True,,,,0,0,10,12,False
control_0p20_left_mid_late_stance_native_strong_ice_v1,pair_085,control,left,left,none,2,948,1287,948,,,[],0.0029164026491343975,True,,,,0,0,10,16,False
control_0p20_left_mid_late_stance_native_strong_ice_v1,pair_085,control,left,left,none,3,1560,1884,1560,,,[],0.0029648314230144024,True,,,,0,0,10,14,False
control_0p20_left_mid_late_stance_native_strong_ice_v1,pair_085,control,left,left,none,4,2154,2483,2154,,,[],0.002875849138945341,True,,,,0,0,10,13,False
control_0p20_left_mid_late_stance_native_strong_ice_v1,pair_085,control,left,left,none,5,2753,3000,2753,,,[],0.003055879147723317,True,,,,0,0,10,10,False
control_0p20_left_mid_late_stance_native_strong_ice_v1,pair_085,control,left,right,none,0,37,328,37,,,[],0.0030499997083097696,True,,,,0,0,10,10,False
control_0p20_left_mid_late_stance_native_strong_ice_v1,pair_085,control,left,right,none,1,336,338,336,,,[],0.00025093008298426867,False,,,,0,0,2,2,False
control_0p20_left_mid_late_stance_native_strong_ice_v1,pair_085,control,left,right,none,2,641,984,641,,,[],0.005411520600318909,True,,,,0,0,10,10,False
control_0p20_left_mid_late_stance_native_strong_ice_v1,pair_085,control,left,right,none,3,1250,1591,1250,,,[],0.006496593821793795,True,,,,0,0,10,10,False
control_0p20_left_mid_late_stance_native_strong_ice_v1,pair_085,control,left,right,none,4,1595,1601,1595,,,[],0.0005392774473875761,False,,,,0,0,6,6,False
control_0p20_left_mid_late_stance_native_strong_ice_v1,pair_085,control,left,right,none,5,1845,2185,1845,,,[],0.007416971027851105,True,,,,0,0,10,10,False
control_0p20_left_mid_late_stance_native_strong_ice_v1,pair_085,control,left,right,none,6,2445,2784,2445,,,[],0.007473896723240614,True,,,,0,0,10,10,False
positive_0p20_left_mid_late_stance_native_strong_ice_v2,pair_086,positive,left,left,none,0,44,392,44,,,[],0.004688200540840626,True,,,,0,0,10,10,False
positive_0p20_left_mid_late_stance_native_strong_ice_v2,pair_086,positive,left,left,none,1,398,401,398,,,[],0.000401278433855623,False,,,,0,0,3,3,False
positive_0p20_left_mid_late_stance_native_strong_ice_v2,pair_086,positive,left,left,none,2,712,1046,712,,,[],0.002164773177355528,True,,,,0,0,10,15,False
positive_0p20_left_mid_late_stance_native_strong_ice_v2,pair_086,positive,left,left,none,3,1301,1627,1301,,,[],0.0026084475684911013,True,,,,0,0,10,16,False
positive_0p20_left_mid_late_stance_native_strong_ice_v2,pair_086,positive,left,left,none,4,1908,2228,1908,,,[],0.003300533862784505,True,,,,0,0,10,17,False
positive_0p20_left_mid_late_stance_native_strong_ice_v2,pair_086,positive,left,left,none,5,2500,2826,2500,,,[],0.0028710172045975924,True,,,,0,0,10,15,False
positive_0p20_left_mid_late_stance_native_strong_ice_v2,pair_086,positive,left,right,none,0,34,166,34,,,[],0.0014101576525717974,True,,,,0,0,10,10,False
positive_0p20_left_mid_late_stance_native_strong_ice_v2,pair_086,positive,left,right,none,1,363,744,363,,,[],0.009117052890360355,True,,,,0,0,10,10,False
positive_0p20_left_mid_late_stance_native_strong_ice_v2,pair_086,positive,left,right,none,2,997,1344,997,,,[],0.00648965360596776,True,,,,0,0,10,10,False
positive_0p20_left_mid_late_stance_native_strong_ice_v2,pair_086,positive,left,right,none,3,1596,1944,1596,,,[],0.006746233440935612,True,,,,0,0,10,10,False
positive_0p20_left_mid_late_stance_native_strong_ice_v2,pair_086,positive,left,right,none,4,2192,2531,2192,,,[],0.007290147244930267,True,,,,0,0,10,10,False
positive_0p20_left_mid_late_stance_native_strong_ice_v2,pair_086,positive,left,right,none,5,2534,2541,2534,,,[],0.0005095148226246238,False,,,,0,0,7,7,False
positive_0p20_left_mid_late_stance_native_strong_ice_v2,pair_086,positive,left,right,none,6,2792,3000,2792,,,[],0.007382608484476805,True,,,,0,0,10,10,False
control_0p20_left_mid_late_stance_native_strong_ice_v2,pair_086,control,left,left,none,0,44,392,44,,,[],0.004688200540840626,True,,,,0,0,10,10,False
control_0p20_left_mid_late_stance_native_strong_ice_v2,pair_086,control,left,left,none,1,398,401,398,,,[],0.000401278433855623,False,,,,0,0,3,3,False
control_0p20_left_mid_late_stance_native_strong_ice_v2,pair_086,control,left,left,none,2,712,1046,712,,,[],0.002164773177355528,True,,,,0,0,10,15,False
control_0p20_left_mid_late_stance_native_strong_ice_v2,pair_086,control,left,left,none,3,1301,1627,1301,,,[],0.0026084475684911013,True,,,,0,0,10,16,False
control_0p20_left_mid_late_stance_native_strong_ice_v2,pair_086,control,left,left,none,4,1908,2228,1908,,,[],0.003300533862784505,True,,,,0,0,10,17,False
control_0p20_left_mid_late_stance_native_strong_ice_v2,pair_086,control,left,left,none,5,2500,2826,2500,,,[],0.0028710172045975924,True,,,,0,0,10,15,False
control_0p20_left_mid_late_stance_native_strong_ice_v2,pair_086,control,left,right,none,0,34,166,34,,,[],0.0014101576525717974,True,,,,0,0,10,10,False
control_0p20_left_mid_late_stance_native_strong_ice_v2,pair_086,control,left,right,none,1,363,744,363,,,[],0.009117052890360355,True,,,,0,0,10,10,False
control_0p20_left_mid_late_stance_native_strong_ice_v2,pair_086,control,left,right,none,2,997,1344,997,,,[],0.00648965360596776,True,,,,0,0,10,10,False
control_0p20_left_mid_late_stance_native_strong_ice_v2,pair_086,control,left,right,none,3,1596,1944,1596,,,[],0.006746233440935612,True,,,,0,0,10,10,False
control_0p20_left_mid_late_stance_native_strong_ice_v2,pair_086,control,left,right,none,4,2192,2531,2192,,,[],0.007290147244930267,True,,,,0,0,10,10,False
control_0p20_left_mid_late_stance_native_strong_ice_v2,pair_086,control,left,right,none,5,2534,2541,2534,,,[],0.0005095148226246238,False,,,,0,0,7,7,False
control_0p20_left_mid_late_stance_native_strong_ice_v2,pair_086,control,left,right,none,6,2792,3000,2792,,,[],0.007382608484476805,True,,,,0,0,10,10,False
positive_0p20_left_mid_late_stance_moderate_ice_preregistered_v0,pair_087,positive,left,left,none,0,36,240,36,,,[],0.002407201798632741,True,,,,0,0,10,11,False
positive_0p20_left_mid_late_stance_moderate_ice_preregistered_v0,pair_087,positive,left,left,none,1,562,907,562,,,[],0.0014595553511753678,True,,,,0,0,10,16,False
positive_0p20_left_mid_late_stance_moderate_ice_preregistered_v0,pair_087,positive,left,left,none,2,1168,1488,1168,,,[],0.0031305972952395678,True,,,,0,0,10,18,False
positive_0p20_left_mid_late_stance_moderate_ice_preregistered_v0,pair_087,positive,left,left,none,3,1766,2085,1766,,,[],0.0033406915608793497,True,,,,0,0,10,14,False
positive_0p20_left_mid_late_stance_moderate_ice_preregistered_v0,pair_087,positive,left,left,none,4,2356,2685,2356,,,[],0.002940937876701355,True,,,,0,0,10,14,False
positive_0p20_left_mid_late_stance_moderate_ice_preregistered_v0,pair_087,positive,left,left,none,5,2957,3000,2957,,,[],0.0029916444327682257,True,,,,0,0,10,10,False
positive_0p20_left_mid_late_stance_moderate_ice_preregistered_v0,pair_087,positive,left,right,none,0,42,89,42,,,[],0.0021015352103859186,True,,,,0,0,10,19,False
positive_0p20_left_mid_late_stance_moderate_ice_preregistered_v0,pair_087,positive,left,right,none,1,196,603,196,,,[],0.006993980146944523,True,,,,0,0,10,10,False
positive_0p20_left_mid_late_stance_moderate_ice_preregistered_v0,pair_087,positive,left,right,none,2,861,1206,861,,,[],0.005400251597166061,True,,,,0,0,10,10,False
positive_0p20_left_mid_late_stance_moderate_ice_preregistered_v0,pair_087,positive,left,right,none,3,1456,1804,1456,,,[],0.006762666627764702,True,,,,0,0,10,10,False
positive_0p20_left_mid_late_stance_moderate_ice_preregistered_v0,pair_087,positive,left,right,none,4,2047,2386,2047,,,[],0.007804846856743097,True,,,,0,0,10,10,False
positive_0p20_left_mid_late_stance_moderate_ice_preregistered_v0,pair_087,positive,left,right,none,5,2650,2985,2650,,,[],0.006942817009985447,True,,,,0,0,10,10,False
control_0p20_left_mid_late_stance_moderate_ice_preregistered_v0,pair_087,control,left,left,none,0,36,240,36,,,[],0.002407201798632741,True,,,,0,0,10,11,False
control_0p20_left_mid_late_stance_moderate_ice_preregistered_v0,pair_087,control,left,left,none,1,562,907,562,,,[],0.0014595553511753678,True,,,,0,0,10,16,False
control_0p20_left_mid_late_stance_moderate_ice_preregistered_v0,pair_087,control,left,left,none,2,1168,1488,1168,,,[],0.0031305972952395678,True,,,,0,0,10,18,False
control_0p20_left_mid_late_stance_moderate_ice_preregistered_v0,pair_087,control,left,left,none,3,1766,2085,1766,,,[],0.0033406915608793497,True,,,,0,0,10,14,False
control_0p20_left_mid_late_stance_moderate_ice_preregistered_v0,pair_087,control,left,left,none,4,2356,2685,2356,,,[],0.002940937876701355,True,,,,0,0,10,14,False
control_0p20_left_mid_late_stance_moderate_ice_preregistered_v0,pair_087,control,left,left,none,5,2957,3000,2957,,,[],0.0029916444327682257,True,,,,0,0,10,10,False
control_0p20_left_mid_late_stance_moderate_ice_preregistered_v0,pair_087,control,left,right,none,0,42,89,42,,,[],0.0021015352103859186,True,,,,0,0,10,19,False
control_0p20_left_mid_late_stance_moderate_ice_preregistered_v0,pair_087,control,left,right,none,1,196,603,196,,,[],0.006993980146944523,True,,,,0,0,10,10,False
control_0p20_left_mid_late_stance_moderate_ice_preregistered_v0,pair_087,control,left,right,none,2,861,1206,861,,,[],0.005400251597166061,True,,,,0,0,10,10,False
control_0p20_left_mid_late_stance_moderate_ice_preregistered_v0,pair_087,control,left,right,none,3,1456,1804,1456,,,[],0.006762666627764702,True,,,,0,0,10,10,False
control_0p20_left_mid_late_stance_moderate_ice_preregistered_v0,pair_087,control,left,right,none,4,2047,2386,2047,,,[],0.007804846856743097,True,,,,0,0,10,10,False
control_0p20_left_mid_late_stance_moderate_ice_preregistered_v0,pair_087,control,left,right,none,5,2650,2985,2650,,,[],0.006942817009985447,True,,,,0,0,10,10,False
positive_0p20_left_mid_late_stance_moderate_ice_preregistered_v1,pair_088,positive,left,left,none,0,39,89,39,,,[],0.0006890299846418202,True,,,,0,0,10,19,False
positive_0p20_left_mid_late_stance_moderate_ice_preregistered_v1,pair_088,positive,left,left,none,1,304,682,304,,,[],0.00836817268282175,True,,,,0,0,10,12,False
positive_0p20_left_mid_late_stance_moderate_ice_preregistered_v1,pair_088,positive,left,left,none,2,948,1286,948,,,[],0.0029064242262393236,True,,,,0,0,10,15,False
positive_0p20_left_mid_late_stance_moderate_ice_preregistered_v1,pair_088,positive,left,left,none,3,1559,1884,1559,,,[],0.0027604715432971716,True,,,,0,0,10,14,False
positive_0p20_left_mid_late_stance_moderate_ice_preregistered_v1,pair_088,positive,left,left,none,4,2153,2483,2153,,,[],0.0031308489851653576,True,,,,0,0,10,13,False
positive_0p20_left_mid_late_stance_moderate_ice_preregistered_v1,pair_088,positive,left,left,none,5,2753,3000,2753,,,[],0.0029347497038543224,True,,,,0,0,10,10,False
positive_0p20_left_mid_late_stance_moderate_ice_preregistered_v1,pair_088,positive,left,right,none,0,37,328,37,,,[],0.0030537068378180265,True,,,,0,0,10,10,False
positive_0p20_left_mid_late_stance_moderate_ice_preregistered_v1,pair_088,positive,left,right,none,1,335,337,335,,,[],0.0002330750721739605,False,,,,0,0,2,2,False
positive_0p20_left_mid_late_stance_moderate_ice_preregistered_v1,pair_088,positive,left,right,none,2,641,984,641,,,[],0.005712572950869799,True,,,,0,0,10,10,False
positive_0p20_left_mid_late_stance_moderate_ice_preregistered_v1,pair_088,positive,left,right,none,3,1249,1588,1249,,,[],0.006585069466382265,True,,,,0,0,10,10,False
positive_0p20_left_mid_late_stance_moderate_ice_preregistered_v1,pair_088,positive,left,right,none,4,1597,1601,1597,,,[],0.000548041716683656,False,,,,0,0,4,4,False
positive_0p20_left_mid_late_stance_moderate_ice_preregistered_v1,pair_088,positive,left,right,none,5,1845,2185,1845,,,[],0.007448361720889807,True,,,,0,0,10,10,False
positive_0p20_left_mid_late_stance_moderate_ice_preregistered_v1,pair_088,positive,left,right,none,6,2445,2784,2445,,,[],0.007079911418259144,True,,,,0,0,10,10,False
control_0p20_left_mid_late_stance_moderate_ice_preregistered_v1,pair_088,control,left,left,none,0,39,89,39,,,[],0.0006890299846418202,True,,,,0,0,10,19,False
control_0p20_left_mid_late_stance_moderate_ice_preregistered_v1,pair_088,control,left,left,none,1,304,682,304,,,[],0.00836817268282175,True,,,,0,0,10,12,False
control_0p20_left_mid_late_stance_moderate_ice_preregistered_v1,pair_088,control,left,left,none,2,948,1286,948,,,[],0.0029064242262393236,True,,,,0,0,10,15,False
control_0p20_left_mid_late_stance_moderate_ice_preregistered_v1,pair_088,control,left,left,none,3,1559,1884,1559,,,[],0.0027604715432971716,True,,,,0,0,10,14,False
control_0p20_left_mid_late_stance_moderate_ice_preregistered_v1,pair_088,control,left,left,none,4,2153,2483,2153,,,[],0.0031308489851653576,True,,,,0,0,10,13,False
control_0p20_left_mid_late_stance_moderate_ice_preregistered_v1,pair_088,control,left,left,none,5,2753,3000,2753,,,[],0.0029347497038543224,True,,,,0,0,10,10,False
control_0p20_left_mid_late_stance_moderate_ice_preregistered_v1,pair_088,control,left,right,none,0,37,328,37,,,[],0.0030537068378180265,True,,,,0,0,10,10,False
control_0p20_left_mid_late_stance_moderate_ice_preregistered_v1,pair_088,control,left,right,none,1,335,337,335,,,[],0.0002330750721739605,False,,,,0,0,2,2,False
control_0p20_left_mid_late_stance_moderate_ice_preregistered_v1,pair_088,control,left,right,none,2,641,984,641,,,[],0.005712572950869799,True,,,,0,0,10,10,False
control_0p20_left_mid_late_stance_moderate_ice_preregistered_v1,pair_088,control,left,right,none,3,1249,1588,1249,,,[],0.006585069466382265,True,,,,0,0,10,10,False
control_0p20_left_mid_late_stance_moderate_ice_preregistered_v1,pair_088,control,left,right,none,4,1597,1601,1597,,,[],0.000548041716683656,False,,,,0,0,4,4,False
control_0p20_left_mid_late_stance_moderate_ice_preregistered_v1,pair_088,control,left,right,none,5,1845,2185,1845,,,[],0.007448361720889807,True,,,,0,0,10,10,False
control_0p20_left_mid_late_stance_moderate_ice_preregistered_v1,pair_088,control,left,right,none,6,2445,2784,2445,,,[],0.007079911418259144,True,,,,0,0,10,10,False
positive_0p20_left_mid_late_stance_moderate_ice_preregistered_v2,pair_089,positive,left,left,none,0,44,392,44,,,[],0.0046840691938996315,True,,,,0,0,10,10,False
positive_0p20_left_mid_late_stance_moderate_ice_preregistered_v2,pair_089,positive,left,left,none,1,398,401,398,,,[],0.0004002140194643289,False,,,,0,0,3,3,False
positive_0p20_left_mid_late_stance_moderate_ice_preregistered_v2,pair_089,positive,left,left,none,2,712,1046,712,,,[],0.0021599242463707924,True,,,,0,0,10,15,False
positive_0p20_left_mid_late_stance_moderate_ice_preregistered_v2,pair_089,positive,left,left,none,3,1301,1627,1301,,,[],0.0026435013860464096,True,,,,0,0,10,16,False
positive_0p20_left_mid_late_stance_moderate_ice_preregistered_v2,pair_089,positive,left,left,none,4,1908,2228,1908,,,[],0.00330847455188632,True,,,,0,0,10,17,False
positive_0p20_left_mid_late_stance_moderate_ice_preregistered_v2,pair_089,positive,left,left,none,5,2500,2827,2500,,,[],0.002642186591401696,True,,,,0,0,10,16,False
positive_0p20_left_mid_late_stance_moderate_ice_preregistered_v2,pair_089,positive,left,right,none,0,34,166,34,,,[],0.0014081604313105345,True,,,,0,0,10,10,False
positive_0p20_left_mid_late_stance_moderate_ice_preregistered_v2,pair_089,positive,left,right,none,1,363,744,363,,,[],0.009110777638852596,True,,,,0,0,10,10,False
positive_0p20_left_mid_late_stance_moderate_ice_preregistered_v2,pair_089,positive,left,right,none,2,998,1344,998,,,[],0.006070991046726704,True,,,,0,0,10,10,False
positive_0p20_left_mid_late_stance_moderate_ice_preregistered_v2,pair_089,positive,left,right,none,3,1596,1944,1596,,,[],0.006756379269063473,True,,,,0,0,10,10,False
positive_0p20_left_mid_late_stance_moderate_ice_preregistered_v2,pair_089,positive,left,right,none,4,2191,2530,2191,,,[],0.007790611125528812,True,,,,0,0,10,10,False
positive_0p20_left_mid_late_stance_moderate_ice_preregistered_v2,pair_089,positive,left,right,none,5,2533,2540,2533,,,[],0.0005790743161924183,False,,,,0,0,7,7,False
positive_0p20_left_mid_late_stance_moderate_ice_preregistered_v2,pair_089,positive,left,right,none,6,2792,3000,2792,,,[],0.007385558914393187,True,,,,0,0,10,10,False
control_0p20_left_mid_late_stance_moderate_ice_preregistered_v2,pair_089,control,left,left,none,0,44,392,44,,,[],0.0046840691938996315,True,,,,0,0,10,10,False
control_0p20_left_mid_late_stance_moderate_ice_preregistered_v2,pair_089,control,left,left,none,1,398,401,398,,,[],0.0004002140194643289,False,,,,0,0,3,3,False
control_0p20_left_mid_late_stance_moderate_ice_preregistered_v2,pair_089,control,left,left,none,2,712,1046,712,,,[],0.0021599242463707924,True,,,,0,0,10,15,False
control_0p20_left_mid_late_stance_moderate_ice_preregistered_v2,pair_089,control,left,left,none,3,1301,1627,1301,,,[],0.0026435013860464096,True,,,,0,0,10,16,False
control_0p20_left_mid_late_stance_moderate_ice_preregistered_v2,pair_089,control,left,left,none,4,1908,2228,1908,,,[],0.00330847455188632,True,,,,0,0,10,17,False
control_0p20_left_mid_late_stance_moderate_ice_preregistered_v2,pair_089,control,left,left,none,5,2500,2827,2500,,,[],0.002642186591401696,True,,,,0,0,10,16,False
control_0p20_left_mid_late_stance_moderate_ice_preregistered_v2,pair_089,control,left,right,none,0,34,166,34,,,[],0.0014081604313105345,True,,,,0,0,10,10,False
control_0p20_left_mid_late_stance_moderate_ice_preregistered_v2,pair_089,control,left,right,none,1,363,744,363,,,[],0.009110777638852596,True,,,,0,0,10,10,False
control_0p20_left_mid_late_stance_moderate_ice_preregistered_v2,pair_089,control,left,right,none,2,998,1344,998,,,[],0.006070991046726704,True,,,,0,0,10,10,False
control_0p20_left_mid_late_stance_moderate_ice_preregistered_v2,pair_089,control,left,right,none,3,1596,1944,1596,,,[],0.006756379269063473,True,,,,0,0,10,10,False
control_0p20_left_mid_late_stance_moderate_ice_preregistered_v2,pair_089,control,left,right,none,4,2191,2530,2191,,,[],0.007790611125528812,True,,,,0,0,10,10,False
control_0p20_left_mid_late_stance_moderate_ice_preregistered_v2,pair_089,control,left,right,none,5,2533,2540,2533,,,[],0.0005790743161924183,False,,,,0,0,7,7,False
control_0p20_left_mid_late_stance_moderate_ice_preregistered_v2,pair_089,control,left,right,none,6,2792,3000,2792,,,[],0.007385558914393187,True,,,,0,0,10,10,False
positive_0p20_right_early_loading_native_strong_ice_v0,pair_090,positive,right,left,none,0,36,241,36,,,[],0.002449046354740858,True,,,,0,0,10,12,False
positive_0p20_right_early_loading_native_strong_ice_v0,pair_090,positive,right,left,none,1,562,907,562,,,[],0.001454901765100658,True,,,,0,0,10,16,False
positive_0p20_right_early_loading_native_strong_ice_v0,pair_090,positive,right,left,none,2,1168,1488,1168,,,[],0.003027619095519185,True,,,,0,0,10,18,False
positive_0p20_right_early_loading_native_strong_ice_v0,pair_090,positive,right,left,none,3,1766,2085,1766,,,[],0.003346454119309783,True,,,,0,0,10,14,False
positive_0p20_right_early_loading_native_strong_ice_v0,pair_090,positive,right,left,none,4,2356,2685,2356,,,[],0.0029388396069407463,True,,,,0,0,10,14,False
positive_0p20_right_early_loading_native_strong_ice_v0,pair_090,positive,right,left,none,5,2957,3000,2957,,,[],0.0029913040343672037,True,,,,0,0,10,10,False
positive_0p20_right_early_loading_native_strong_ice_v0,pair_090,positive,right,right,none,0,42,89,42,,,[],0.0020904778502881527,True,,,,0,0,10,19,False
positive_0p20_right_early_loading_native_strong_ice_v0,pair_090,positive,right,right,none,1,196,603,196,,,[],0.006940033286809921,True,,,,0,0,10,10,False
positive_0p20_right_early_loading_native_strong_ice_v0,pair_090,positive,right,right,none,2,861,1206,861,,,[],0.005153979640454054,True,,,,0,0,10,10,False
positive_0p20_right_early_loading_native_strong_ice_v0,pair_090,positive,right,right,none,3,1456,1804,1456,,,[],0.006753130815923214,True,,,,0,0,10,10,False
positive_0p20_right_early_loading_native_strong_ice_v0,pair_090,positive,right,right,none,4,2047,2386,2047,,,[],0.007815366610884666,True,,,,0,0,10,10,False
positive_0p20_right_early_loading_native_strong_ice_v0,pair_090,positive,right,right,none,5,2650,2985,2650,,,[],0.006944004911929369,True,,,,0,0,10,10,False
control_0p20_right_early_loading_native_strong_ice_v0,pair_090,control,right,left,none,0,36,241,36,,,[],0.002449046354740858,True,,,,0,0,10,12,False
control_0p20_right_early_loading_native_strong_ice_v0,pair_090,control,right,left,none,1,562,907,562,,,[],0.001454901765100658,True,,,,0,0,10,16,False
control_0p20_right_early_loading_native_strong_ice_v0,pair_090,control,right,left,none,2,1168,1488,1168,,,[],0.003027619095519185,True,,,,0,0,10,18,False
control_0p20_right_early_loading_native_strong_ice_v0,pair_090,control,right,left,none,3,1766,2085,1766,,,[],0.003346454119309783,True,,,,0,0,10,14,False
control_0p20_right_early_loading_native_strong_ice_v0,pair_090,control,right,left,none,4,2356,2685,2356,,,[],0.0029388396069407463,True,,,,0,0,10,14,False
control_0p20_right_early_loading_native_strong_ice_v0,pair_090,control,right,left,none,5,2957,3000,2957,,,[],0.0029913040343672037,True,,,,0,0,10,10,False
control_0p20_right_early_loading_native_strong_ice_v0,pair_090,control,right,right,none,0,42,89,42,,,[],0.0020904778502881527,True,,,,0,0,10,19,False
control_0p20_right_early_loading_native_strong_ice_v0,pair_090,control,right,right,none,1,196,603,196,,,[],0.006940033286809921,True,,,,0,0,10,10,False
control_0p20_right_early_loading_native_strong_ice_v0,pair_090,control,right,right,none,2,861,1206,861,,,[],0.005153979640454054,True,,,,0,0,10,10,False
control_0p20_right_early_loading_native_strong_ice_v0,pair_090,control,right,right,none,3,1456,1804,1456,,,[],0.006753130815923214,True,,,,0,0,10,10,False
control_0p20_right_early_loading_native_strong_ice_v0,pair_090,control,right,right,none,4,2047,2386,2047,,,[],0.007815366610884666,True,,,,0,0,10,10,False
control_0p20_right_early_loading_native_strong_ice_v0,pair_090,control,right,right,none,5,2650,2985,2650,,,[],0.006944004911929369,True,,,,0,0,10,10,False
positive_0p20_right_early_loading_native_strong_ice_v1,pair_091,positive,right,left,none,0,39,89,39,,,[],0.0006868991767987609,True,,,,0,0,10,19,False
positive_0p20_right_early_loading_native_strong_ice_v1,pair_091,positive,right,left,none,1,304,681,304,,,[],0.008362742140889168,True,,,,0,0,10,11,False
positive_0p20_right_early_loading_native_strong_ice_v1,pair_091,positive,right,left,none,2,949,1287,949,,,[],0.002722281962633133,True,,,,0,0,10,16,False
positive_0p20_right_early_loading_native_strong_ice_v1,pair_091,positive,right,left,none,3,1560,1884,1560,,,[],0.002740657888352871,True,,,,0,0,10,14,False
positive_0p20_right_early_loading_native_strong_ice_v1,pair_091,positive,right,left,none,4,2154,2483,2154,,,[],0.0028443813789635897,True,,,,0,0,10,13,False
positive_0p20_right_early_loading_native_strong_ice_v1,pair_091,positive,right,left,none,5,2753,3000,2753,,,[],0.002998222131282091,True,,,,0,0,10,10,False
positive_0p20_right_early_loading_native_strong_ice_v1,pair_091,positive,right,right,none,0,37,328,37,,,[],0.0030507873743772507,True,,,,0,0,10,10,False
positive_0p20_right_early_loading_native_strong_ice_v1,pair_091,positive,right,right,none,1,335,338,335,,,[],0.0004827065276913345,False,,,,0,0,3,3,False
positive_0p20_right_early_loading_native_strong_ice_v1,pair_091,positive,right,right,none,2,641,984,641,,,[],0.005717162042856216,True,,,,0,0,10,10,False
positive_0p20_right_early_loading_native_strong_ice_v1,pair_091,positive,right,right,none,3,1250,1589,1250,,,[],0.006180329713970423,True,,,,0,0,10,10,False
positive_0p20_right_early_loading_native_strong_ice_v1,pair_091,positive,right,right,none,4,1594,1599,1594,,,[],0.0005078517715446651,False,,,,0,0,5,5,False
positive_0p20_right_early_loading_native_strong_ice_v1,pair_091,positive,right,right,none,5,1845,2185,1845,,,[],0.007430277764797211,True,,,,0,0,10,10,False
positive_0p20_right_early_loading_native_strong_ice_v1,pair_091,positive,right,right,none,6,2445,2784,2445,,,[],0.007458611857146025,True,,,,0,0,10,10,False
control_0p20_right_early_loading_native_strong_ice_v1,pair_091,control,right,left,none,0,39,89,39,,,[],0.0006868991767987609,True,,,,0,0,10,19,False
control_0p20_right_early_loading_native_strong_ice_v1,pair_091,control,right,left,none,1,304,681,304,,,[],0.008362742140889168,True,,,,0,0,10,11,False
control_0p20_right_early_loading_native_strong_ice_v1,pair_091,control,right,left,none,2,949,1287,949,,,[],0.002722281962633133,True,,,,0,0,10,16,False
control_0p20_right_early_loading_native_strong_ice_v1,pair_091,control,right,left,none,3,1560,1884,1560,,,[],0.002740657888352871,True,,,,0,0,10,14,False
control_0p20_right_early_loading_native_strong_ice_v1,pair_091,control,right,left,none,4,2154,2483,2154,,,[],0.0028443813789635897,True,,,,0,0,10,13,False
control_0p20_right_early_loading_native_strong_ice_v1,pair_091,control,right,left,none,5,2753,3000,2753,,,[],0.002998222131282091,True,,,,0,0,10,10,False
control_0p20_right_early_loading_native_strong_ice_v1,pair_091,control,right,right,none,0,37,328,37,,,[],0.0030507873743772507,True,,,,0,0,10,10,False
control_0p20_right_early_loading_native_strong_ice_v1,pair_091,control,right,right,none,1,335,338,335,,,[],0.0004827065276913345,False,,,,0,0,3,3,False
control_0p20_right_early_loading_native_strong_ice_v1,pair_091,control,right,right,none,2,641,984,641,,,[],0.005717162042856216,True,,,,0,0,10,10,False
control_0p20_right_early_loading_native_strong_ice_v1,pair_091,control,right,right,none,3,1250,1589,1250,,,[],0.006180329713970423,True,,,,0,0,10,10,False
control_0p20_right_early_loading_native_strong_ice_v1,pair_091,control,right,right,none,4,1594,1599,1594,,,[],0.0005078517715446651,False,,,,0,0,5,5,False
control_0p20_right_early_loading_native_strong_ice_v1,pair_091,control,right,right,none,5,1845,2185,1845,,,[],0.007430277764797211,True,,,,0,0,10,10,False
control_0p20_right_early_loading_native_strong_ice_v1,pair_091,control,right,right,none,6,2445,2784,2445,,,[],0.007458611857146025,True,,,,0,0,10,10,False
positive_0p20_right_early_loading_native_strong_ice_v2,pair_092,positive,right,left,none,0,44,392,44,,,[],0.0046783569268882275,True,,,,0,0,10,10,False
positive_0p20_right_early_loading_native_strong_ice_v2,pair_092,positive,right,left,none,1,398,401,398,,,[],0.0003985776274930686,False,,,,0,0,3,3,False
positive_0p20_right_early_loading_native_strong_ice_v2,pair_092,positive,right,left,none,2,711,1046,711,,,[],0.0023271040990948677,True,,,,0,0,10,15,False
positive_0p20_right_early_loading_native_strong_ice_v2,pair_092,positive,right,left,none,3,1302,1627,1302,,,[],0.002486390294507146,True,,,,0,0,10,16,False
positive_0p20_right_early_loading_native_strong_ice_v2,pair_092,positive,right,left,none,4,1908,2228,1908,,,[],0.003131796373054385,True,,,,0,0,10,17,False
positive_0p20_right_early_loading_native_strong_ice_v2,pair_092,positive,right,left,none,5,2500,2827,2500,,,[],0.002849607728421688,True,,,,0,0,10,16,False
positive_0p20_right_early_loading_native_strong_ice_v2,pair_092,positive,right,right,none,0,34,166,34,,,[],0.001404735492542386,True,,,,0,0,10,10,False
positive_0p20_right_early_loading_native_strong_ice_v2,pair_092,positive,right,right,none,1,363,744,363,,,[],0.009100875817239285,True,,,,0,0,10,10,False
positive_0p20_right_early_loading_native_strong_ice_v2,pair_092,positive,right,right,none,2,998,1344,998,,,[],0.006073760334402323,True,,,,0,0,10,10,False
positive_0p20_right_early_loading_native_strong_ice_v2,pair_092,positive,right,right,none,3,1596,1944,1596,,,[],0.006777093280106783,True,,,,0,0,10,10,False
positive_0p20_right_early_loading_native_strong_ice_v2,pair_092,positive,right,right,none,4,2191,2530,2191,,,[],0.007795635610818863,True,,,,0,0,10,10,False
positive_0p20_right_early_loading_native_strong_ice_v2,pair_092,positive,right,right,none,5,2533,2541,2533,,,[],0.0006731465109623969,False,,,,0,0,8,8,False
positive_0p20_right_early_loading_native_strong_ice_v2,pair_092,positive,right,right,none,6,2792,3000,2792,,,[],0.007379506248980761,True,,,,0,0,10,10,False
control_0p20_right_early_loading_native_strong_ice_v2,pair_092,control,right,left,none,0,44,392,44,,,[],0.0046783569268882275,True,,,,0,0,10,10,False
control_0p20_right_early_loading_native_strong_ice_v2,pair_092,control,right,left,none,1,398,401,398,,,[],0.0003985776274930686,False,,,,0,0,3,3,False
control_0p20_right_early_loading_native_strong_ice_v2,pair_092,control,right,left,none,2,711,1046,711,,,[],0.0023271040990948677,True,,,,0,0,10,15,False
control_0p20_right_early_loading_native_strong_ice_v2,pair_092,control,right,left,none,3,1302,1627,1302,,,[],0.002486390294507146,True,,,,0,0,10,16,False
control_0p20_right_early_loading_native_strong_ice_v2,pair_092,control,right,left,none,4,1908,2228,1908,,,[],0.003131796373054385,True,,,,0,0,10,17,False
control_0p20_right_early_loading_native_strong_ice_v2,pair_092,control,right,left,none,5,2500,2827,2500,,,[],0.002849607728421688,True,,,,0,0,10,16,False
control_0p20_right_early_loading_native_strong_ice_v2,pair_092,control,right,right,none,0,34,166,34,,,[],0.001404735492542386,True,,,,0,0,10,10,False
control_0p20_right_early_loading_native_strong_ice_v2,pair_092,control,right,right,none,1,363,744,363,,,[],0.009100875817239285,True,,,,0,0,10,10,False
control_0p20_right_early_loading_native_strong_ice_v2,pair_092,control,right,right,none,2,998,1344,998,,,[],0.006073760334402323,True,,,,0,0,10,10,False
control_0p20_right_early_loading_native_strong_ice_v2,pair_092,control,right,right,none,3,1596,1944,1596,,,[],0.006777093280106783,True,,,,0,0,10,10,False
control_0p20_right_early_loading_native_strong_ice_v2,pair_092,control,right,right,none,4,2191,2530,2191,,,[],0.007795635610818863,True,,,,0,0,10,10,False
control_0p20_right_early_loading_native_strong_ice_v2,pair_092,control,right,right,none,5,2533,2541,2533,,,[],0.0006731465109623969,False,,,,0,0,8,8,False
control_0p20_right_early_loading_native_strong_ice_v2,pair_092,control,right,right,none,6,2792,3000,2792,,,[],0.007379506248980761,True,,,,0,0,10,10,False
positive_0p20_right_early_loading_moderate_ice_preregistered_v0,pair_093,positive,right,left,none,0,36,241,36,,,[],0.002451664302498102,True,,,,0,0,10,12,False
positive_0p20_right_early_loading_moderate_ice_preregistered_v0,pair_093,positive,right,left,none,1,562,907,562,,,[],0.001455032965168357,True,,,,0,0,10,16,False
positive_0p20_right_early_loading_moderate_ice_preregistered_v0,pair_093,positive,right,left,none,2,1168,1488,1168,,,[],0.0030285287648439407,True,,,,0,0,10,18,False
positive_0p20_right_early_loading_moderate_ice_preregistered_v0,pair_093,positive,right,left,none,3,1766,2085,1766,,,[],0.003347134916111827,True,,,,0,0,10,14,False
positive_0p20_right_early_loading_moderate_ice_preregistered_v0,pair_093,positive,right,left,none,4,2356,2685,2356,,,[],0.0029385434463620186,True,,,,0,0,10,14,False
positive_0p20_right_early_loading_moderate_ice_preregistered_v0,pair_093,positive,right,left,none,5,2957,3000,2957,,,[],0.002991338027641177,True,,,,0,0,10,10,False
positive_0p20_right_early_loading_moderate_ice_preregistered_v0,pair_093,positive,right,right,none,0,42,89,42,,,[],0.0020912180189043283,True,,,,0,0,10,19,False
positive_0p20_right_early_loading_moderate_ice_preregistered_v0,pair_093,positive,right,right,none,1,196,603,196,,,[],0.006943709682673216,True,,,,0,0,10,10,False
positive_0p20_right_early_loading_moderate_ice_preregistered_v0,pair_093,positive,right,right,none,2,861,1206,861,,,[],0.005153944715857506,True,,,,0,0,10,10,False
positive_0p20_right_early_loading_moderate_ice_preregistered_v0,pair_093,positive,right,right,none,3,1456,1804,1456,,,[],0.006753175053745508,True,,,,0,0,10,10,False
positive_0p20_right_early_loading_moderate_ice_preregistered_v0,pair_093,positive,right,right,none,4,2047,2386,2047,,,[],0.007815494202077389,True,,,,0,0,10,10,False
positive_0p20_right_early_loading_moderate_ice_preregistered_v0,pair_093,positive,right,right,none,5,2650,2985,2650,,,[],0.006944041233509779,True,,,,0,0,10,10,False
control_0p20_right_early_loading_moderate_ice_preregistered_v0,pair_093,control,right,left,none,0,36,241,36,,,[],0.002451664302498102,True,,,,0,0,10,12,False
control_0p20_right_early_loading_moderate_ice_preregistered_v0,pair_093,control,right,left,none,1,562,907,562,,,[],0.001455032965168357,True,,,,0,0,10,16,False
control_0p20_right_early_loading_moderate_ice_preregistered_v0,pair_093,control,right,left,none,2,1168,1488,1168,,,[],0.0030285287648439407,True,,,,0,0,10,18,False
control_0p20_right_early_loading_moderate_ice_preregistered_v0,pair_093,control,right,left,none,3,1766,2085,1766,,,[],0.003347134916111827,True,,,,0,0,10,14,False
control_0p20_right_early_loading_moderate_ice_preregistered_v0,pair_093,control,right,left,none,4,2356,2685,2356,,,[],0.0029385434463620186,True,,,,0,0,10,14,False
control_0p20_right_early_loading_moderate_ice_preregistered_v0,pair_093,control,right,left,none,5,2957,3000,2957,,,[],0.002991338027641177,True,,,,0,0,10,10,False
control_0p20_right_early_loading_moderate_ice_preregistered_v0,pair_093,control,right,right,none,0,42,89,42,,,[],0.0020912180189043283,True,,,,0,0,10,19,False
control_0p20_right_early_loading_moderate_ice_preregistered_v0,pair_093,control,right,right,none,1,196,603,196,,,[],0.006943709682673216,True,,,,0,0,10,10,False
control_0p20_right_early_loading_moderate_ice_preregistered_v0,pair_093,control,right,right,none,2,861,1206,861,,,[],0.005153944715857506,True,,,,0,0,10,10,False
control_0p20_right_early_loading_moderate_ice_preregistered_v0,pair_093,control,right,right,none,3,1456,1804,1456,,,[],0.006753175053745508,True,,,,0,0,10,10,False
control_0p20_right_early_loading_moderate_ice_preregistered_v0,pair_093,control,right,right,none,4,2047,2386,2047,,,[],0.007815494202077389,True,,,,0,0,10,10,False
control_0p20_right_early_loading_moderate_ice_preregistered_v0,pair_093,control,right,right,none,5,2650,2985,2650,,,[],0.006944041233509779,True,,,,0,0,10,10,False
positive_0p20_right_early_loading_moderate_ice_preregistered_v1,pair_094,positive,right,left,none,0,39,89,39,,,[],0.0006839999696239829,True,,,,0,0,10,19,False
positive_0p20_right_early_loading_moderate_ice_preregistered_v1,pair_094,positive,right,left,none,1,304,682,304,,,[],0.008619152940809727,True,,,,0,0,10,12,False
positive_0p20_right_early_loading_moderate_ice_preregistered_v1,pair_094,positive,right,left,none,2,949,1287,949,,,[],0.002861345186829567,True,,,,0,0,10,16,False
positive_0p20_right_early_loading_moderate_ice_preregistered_v1,pair_094,positive,right,left,none,3,1561,1884,1561,,,[],0.0028286287561059,True,,,,0,0,10,14,False
positive_0p20_right_early_loading_moderate_ice_preregistered_v1,pair_094,positive,right,left,none,4,2154,2483,2154,,,[],0.0028628064319491386,True,,,,0,0,10,13,False
positive_0p20_right_early_loading_moderate_ice_preregistered_v1,pair_094,positive,right,left,none,5,2753,3000,2753,,,[],0.0032592618372291327,True,,,,0,0,10,10,False
positive_0p20_right_early_loading_moderate_ice_preregistered_v1,pair_094,positive,right,right,none,0,37,328,37,,,[],0.0030467838514596224,True,,,,0,0,10,10,False
positive_0p20_right_early_loading_moderate_ice_preregistered_v1,pair_094,positive,right,right,none,1,336,338,336,,,[],0.00025022332556545734,False,,,,0,0,2,2,False
positive_0p20_right_early_loading_moderate_ice_preregistered_v1,pair_094,positive,right,right,none,2,641,985,641,,,[],0.0057120113633573055,True,,,,0,0,10,10,False
positive_0p20_right_early_loading_moderate_ice_preregistered_v1,pair_094,positive,right,right,none,3,1251,1593,1251,,,[],0.006082496605813503,True,,,,0,0,10,10,False
positive_0p20_right_early_loading_moderate_ice_preregistered_v1,pair_094,positive,right,right,none,4,1595,1601,1595,,,[],0.00041263949242420495,False,,,,0,0,6,6,False
positive_0p20_right_early_loading_moderate_ice_preregistered_v1,pair_094,positive,right,right,none,5,1845,2185,1845,,,[],0.007051034364849329,True,,,,0,0,10,10,False
positive_0p20_right_early_loading_moderate_ice_preregistered_v1,pair_094,positive,right,right,none,6,2446,2784,2446,,,[],0.00698104640468955,True,,,,0,0,10,10,False
control_0p20_right_early_loading_moderate_ice_preregistered_v1,pair_094,control,right,left,none,0,39,89,39,,,[],0.0006839999696239829,True,,,,0,0,10,19,False
control_0p20_right_early_loading_moderate_ice_preregistered_v1,pair_094,control,right,left,none,1,304,682,304,,,[],0.008619152940809727,True,,,,0,0,10,12,False
control_0p20_right_early_loading_moderate_ice_preregistered_v1,pair_094,control,right,left,none,2,949,1287,949,,,[],0.002861345186829567,True,,,,0,0,10,16,False
control_0p20_right_early_loading_moderate_ice_preregistered_v1,pair_094,control,right,left,none,3,1561,1884,1561,,,[],0.0028286287561059,True,,,,0,0,10,14,False
control_0p20_right_early_loading_moderate_ice_preregistered_v1,pair_094,control,right,left,none,4,2154,2483,2154,,,[],0.0028628064319491386,True,,,,0,0,10,13,False
control_0p20_right_early_loading_moderate_ice_preregistered_v1,pair_094,control,right,left,none,5,2753,3000,2753,,,[],0.0032592618372291327,True,,,,0,0,10,10,False
control_0p20_right_early_loading_moderate_ice_preregistered_v1,pair_094,control,right,right,none,0,37,328,37,,,[],0.0030467838514596224,True,,,,0,0,10,10,False
control_0p20_right_early_loading_moderate_ice_preregistered_v1,pair_094,control,right,right,none,1,336,338,336,,,[],0.00025022332556545734,False,,,,0,0,2,2,False
control_0p20_right_early_loading_moderate_ice_preregistered_v1,pair_094,control,right,right,none,2,641,985,641,,,[],0.0057120113633573055,True,,,,0,0,10,10,False
control_0p20_right_early_loading_moderate_ice_preregistered_v1,pair_094,control,right,right,none,3,1251,1593,1251,,,[],0.006082496605813503,True,,,,0,0,10,10,False
control_0p20_right_early_loading_moderate_ice_preregistered_v1,pair_094,control,right,right,none,4,1595,1601,1595,,,[],0.00041263949242420495,False,,,,0,0,6,6,False
control_0p20_right_early_loading_moderate_ice_preregistered_v1,pair_094,control,right,right,none,5,1845,2185,1845,,,[],0.007051034364849329,True,,,,0,0,10,10,False
control_0p20_right_early_loading_moderate_ice_preregistered_v1,pair_094,control,right,right,none,6,2446,2784,2446,,,[],0.00698104640468955,True,,,,0,0,10,10,False
positive_0p20_right_early_loading_moderate_ice_preregistered_v2,pair_095,positive,right,left,none,0,44,391,44,,,[],0.004573502577841282,True,,,,0,0,10,10,False
positive_0p20_right_early_loading_moderate_ice_preregistered_v2,pair_095,positive,right,left,none,1,397,401,397,,,[],0.0005833760369569063,False,,,,0,0,4,4,False
positive_0p20_right_early_loading_moderate_ice_preregistered_v2,pair_095,positive,right,left,none,2,712,1046,712,,,[],0.002177742775529623,True,,,,0,0,10,15,False
positive_0p20_right_early_loading_moderate_ice_preregistered_v2,pair_095,positive,right,left,none,3,1301,1627,1301,,,[],0.0024825213477015495,True,,,,0,0,10,16,False
positive_0p20_right_early_loading_moderate_ice_preregistered_v2,pair_095,positive,right,left,none,4,1908,2228,1908,,,[],0.0033247671090066433,True,,,,0,0,10,17,False
positive_0p20_right_early_loading_moderate_ice_preregistered_v2,pair_095,positive,right,left,none,5,2500,2827,2500,,,[],0.002826402196660638,True,,,,0,0,10,16,False
positive_0p20_right_early_loading_moderate_ice_preregistered_v2,pair_095,positive,right,right,none,0,34,166,34,,,[],0.001412730198353529,True,,,,0,0,10,10,False
positive_0p20_right_early_loading_moderate_ice_preregistered_v2,pair_095,positive,right,right,none,1,363,744,363,,,[],0.009122991934418678,True,,,,0,0,10,10,False
positive_0p20_right_early_loading_moderate_ice_preregistered_v2,pair_095,positive,right,right,none,2,997,1344,997,,,[],0.0065053231082856655,True,,,,0,0,10,10,False
positive_0p20_right_early_loading_moderate_ice_preregistered_v2,pair_095,positive,right,right,none,3,1596,1944,1596,,,[],0.006728758104145527,True,,,,0,0,10,10,False
positive_0p20_right_early_loading_moderate_ice_preregistered_v2,pair_095,positive,right,right,none,4,2191,2531,2191,,,[],0.007810198236256838,True,,,,0,0,10,10,False
positive_0p20_right_early_loading_moderate_ice_preregistered_v2,pair_095,positive,right,right,none,5,2533,2540,2533,,,[],0.0005248407833278179,False,,,,0,0,7,7,False
positive_0p20_right_early_loading_moderate_ice_preregistered_v2,pair_095,positive,right,right,none,6,2792,3000,2792,,,[],0.0073977443389594555,True,,,,0,0,10,10,False
control_0p20_right_early_loading_moderate_ice_preregistered_v2,pair_095,control,right,left,none,0,44,391,44,,,[],0.004573502577841282,True,,,,0,0,10,10,False
control_0p20_right_early_loading_moderate_ice_preregistered_v2,pair_095,control,right,left,none,1,397,401,397,,,[],0.0005833760369569063,False,,,,0,0,4,4,False
control_0p20_right_early_loading_moderate_ice_preregistered_v2,pair_095,control,right,left,none,2,712,1046,712,,,[],0.002177742775529623,True,,,,0,0,10,15,False
control_0p20_right_early_loading_moderate_ice_preregistered_v2,pair_095,control,right,left,none,3,1301,1627,1301,,,[],0.0024825213477015495,True,,,,0,0,10,16,False
control_0p20_right_early_loading_moderate_ice_preregistered_v2,pair_095,control,right,left,none,4,1908,2228,1908,,,[],0.0033247671090066433,True,,,,0,0,10,17,False
control_0p20_right_early_loading_moderate_ice_preregistered_v2,pair_095,control,right,left,none,5,2500,2827,2500,,,[],0.002826402196660638,True,,,,0,0,10,16,False
control_0p20_right_early_loading_moderate_ice_preregistered_v2,pair_095,control,right,right,none,0,34,166,34,,,[],0.001412730198353529,True,,,,0,0,10,10,False
control_0p20_right_early_loading_moderate_ice_preregistered_v2,pair_095,control,right,right,none,1,363,744,363,,,[],0.009122991934418678,True,,,,0,0,10,10,False
control_0p20_right_early_loading_moderate_ice_preregistered_v2,pair_095,control,right,right,none,2,997,1344,997,,,[],0.0065053231082856655,True,,,,0,0,10,10,False
control_0p20_right_early_loading_moderate_ice_preregistered_v2,pair_095,control,right,right,none,3,1596,1944,1596,,,[],0.006728758104145527,True,,,,0,0,10,10,False
control_0p20_right_early_loading_moderate_ice_preregistered_v2,pair_095,control,right,right,none,4,2191,2531,2191,,,[],0.007810198236256838,True,,,,0,0,10,10,False
control_0p20_right_early_loading_moderate_ice_preregistered_v2,pair_095,control,right,right,none,5,2533,2540,2533,,,[],0.0005248407833278179,False,,,,0,0,7,7,False
control_0p20_right_early_loading_moderate_ice_preregistered_v2,pair_095,control,right,right,none,6,2792,3000,2792,,,[],0.0073977443389594555,True,,,,0,0,10,10,False
positive_0p20_right_mid_loading_early_stance_native_strong_ice_v0,pair_096,positive,right,left,none,0,36,240,36,,,[],0.002384496619924903,True,,,,0,0,10,11,False
positive_0p20_right_mid_loading_early_stance_native_strong_ice_v0,pair_096,positive,right,left,none,1,562,907,562,,,[],0.0014555947855114937,True,,,,0,0,10,16,False
positive_0p20_right_mid_loading_early_stance_native_strong_ice_v0,pair_096,positive,right,left,none,2,1168,1488,1168,,,[],0.003032720647752285,True,,,,0,0,10,18,False
positive_0p20_right_mid_loading_early_stance_native_strong_ice_v0,pair_096,positive,right,left,none,3,1766,2085,1766,,,[],0.0033501561265438795,True,,,,0,0,10,14,False
positive_0p20_right_mid_loading_early_stance_native_strong_ice_v0,pair_096,positive,right,left,none,4,2356,2685,2356,,,[],0.002937121083959937,True,,,,0,0,10,14,False
positive_0p20_right_mid_loading_early_stance_native_strong_ice_v0,pair_096,positive,right,left,none,5,2957,3000,2957,,,[],0.0029911682941019535,True,,,,0,0,10,10,False
positive_0p20_right_mid_loading_early_stance_native_strong_ice_v0,pair_096,positive,right,right,none,0,42,89,42,,,[],0.0020946518052369356,True,,,,0,0,10,19,False
positive_0p20_right_mid_loading_early_stance_native_strong_ice_v0,pair_096,positive,right,right,none,1,196,603,196,,,[],0.006960728205740452,True,,,,0,0,10,10,False
positive_0p20_right_mid_loading_early_stance_native_strong_ice_v0,pair_096,positive,right,right,none,2,861,1206,861,,,[],0.005153749603778124,True,,,,0,0,10,10,False
positive_0p20_right_mid_loading_early_stance_native_strong_ice_v0,pair_096,positive,right,right,none,3,1456,1804,1456,,,[],0.006753441412001848,True,,,,0,0,10,10,False
positive_0p20_right_mid_loading_early_stance_native_strong_ice_v0,pair_096,positive,right,right,none,4,2047,2386,2047,,,[],0.007816084660589695,True,,,,0,0,10,10,False
positive_0p20_right_mid_loading_early_stance_native_strong_ice_v0,pair_096,positive,right,right,none,5,2650,2985,2650,,,[],0.006944268010556698,True,,,,0,0,10,10,False
control_0p20_right_mid_loading_early_stance_native_strong_ice_v0,pair_096,control,right,left,none,0,36,240,36,,,[],0.002384496619924903,True,,,,0,0,10,11,False
control_0p20_right_mid_loading_early_stance_native_strong_ice_v0,pair_096,control,right,left,none,1,562,907,562,,,[],0.0014555947855114937,True,,,,0,0,10,16,False
control_0p20_right_mid_loading_early_stance_native_strong_ice_v0,pair_096,control,right,left,none,2,1168,1488,1168,,,[],0.003032720647752285,True,,,,0,0,10,18,False
control_0p20_right_mid_loading_early_stance_native_strong_ice_v0,pair_096,control,right,left,none,3,1766,2085,1766,,,[],0.0033501561265438795,True,,,,0,0,10,14,False
control_0p20_right_mid_loading_early_stance_native_strong_ice_v0,pair_096,control,right,left,none,4,2356,2685,2356,,,[],0.002937121083959937,True,,,,0,0,10,14,False
control_0p20_right_mid_loading_early_stance_native_strong_ice_v0,pair_096,control,right,left,none,5,2957,3000,2957,,,[],0.0029911682941019535,True,,,,0,0,10,10,False
control_0p20_right_mid_loading_early_stance_native_strong_ice_v0,pair_096,control,right,right,none,0,42,89,42,,,[],0.0020946518052369356,True,,,,0,0,10,19,False
control_0p20_right_mid_loading_early_stance_native_strong_ice_v0,pair_096,control,right,right,none,1,196,603,196,,,[],0.006960728205740452,True,,,,0,0,10,10,False
control_0p20_right_mid_loading_early_stance_native_strong_ice_v0,pair_096,control,right,right,none,2,861,1206,861,,,[],0.005153749603778124,True,,,,0,0,10,10,False
control_0p20_right_mid_loading_early_stance_native_strong_ice_v0,pair_096,control,right,right,none,3,1456,1804,1456,,,[],0.006753441412001848,True,,,,0,0,10,10,False
control_0p20_right_mid_loading_early_stance_native_strong_ice_v0,pair_096,control,right,right,none,4,2047,2386,2047,,,[],0.007816084660589695,True,,,,0,0,10,10,False
control_0p20_right_mid_loading_early_stance_native_strong_ice_v0,pair_096,control,right,right,none,5,2650,2985,2650,,,[],0.006944268010556698,True,,,,0,0,10,10,False
positive_0p20_right_mid_loading_early_stance_native_strong_ice_v1,pair_097,positive,right,left,none,0,39,89,39,,,[],0.0006878170534037054,True,,,,0,0,10,19,False
positive_0p20_right_mid_loading_early_stance_native_strong_ice_v1,pair_097,positive,right,left,none,1,304,682,304,,,[],0.008323369547724724,True,,,,0,0,10,12,False
positive_0p20_right_mid_loading_early_stance_native_strong_ice_v1,pair_097,positive,right,left,none,2,948,1286,948,,,[],0.0029138741083443165,True,,,,0,0,10,15,False
positive_0p20_right_mid_loading_early_stance_native_strong_ice_v1,pair_097,positive,right,left,none,3,1559,1884,1559,,,[],0.002775980159640312,True,,,,0,0,10,14,False
positive_0p20_right_mid_loading_early_stance_native_strong_ice_v1,pair_097,positive,right,left,none,4,2153,2483,2153,,,[],0.0031315451487898827,True,,,,0,0,10,13,False
positive_0p20_right_mid_loading_early_stance_native_strong_ice_v1,pair_097,positive,right,left,none,5,2753,3000,2753,,,[],0.0029431080911308527,True,,,,0,0,10,10,False
positive_0p20_right_mid_loading_early_stance_native_strong_ice_v1,pair_097,positive,right,right,none,0,37,328,37,,,[],0.003052762011066079,True,,,,0,0,10,10,False
positive_0p20_right_mid_loading_early_stance_native_strong_ice_v1,pair_097,positive,right,right,none,1,335,337,335,,,[],0.00023277639411389828,False,,,,0,0,2,2,False
positive_0p20_right_mid_loading_early_stance_native_strong_ice_v1,pair_097,positive,right,right,none,2,641,984,641,,,[],0.00571764912456274,True,,,,0,0,10,10,False
positive_0p20_right_mid_loading_early_stance_native_strong_ice_v1,pair_097,positive,right,right,none,3,1249,1588,1249,,,[],0.006587628275156021,True,,,,0,0,10,10,False
positive_0p20_right_mid_loading_early_stance_native_strong_ice_v1,pair_097,positive,right,right,none,4,1597,1601,1597,,,[],0.0005300290649756789,False,,,,0,0,4,4,False
positive_0p20_right_mid_loading_early_stance_native_strong_ice_v1,pair_097,positive,right,right,none,5,1845,2185,1845,,,[],0.007434067316353321,True,,,,0,0,10,10,False
positive_0p20_right_mid_loading_early_stance_native_strong_ice_v1,pair_097,positive,right,right,none,6,2445,2784,2445,,,[],0.007086067460477352,True,,,,0,0,10,10,False
control_0p20_right_mid_loading_early_stance_native_strong_ice_v1,pair_097,control,right,left,none,0,39,89,39,,,[],0.0006878170534037054,True,,,,0,0,10,19,False
control_0p20_right_mid_loading_early_stance_native_strong_ice_v1,pair_097,control,right,left,none,1,304,682,304,,,[],0.008323369547724724,True,,,,0,0,10,12,False
control_0p20_right_mid_loading_early_stance_native_strong_ice_v1,pair_097,control,right,left,none,2,948,1286,948,,,[],0.0029138741083443165,True,,,,0,0,10,15,False
control_0p20_right_mid_loading_early_stance_native_strong_ice_v1,pair_097,control,right,left,none,3,1559,1884,1559,,,[],0.002775980159640312,True,,,,0,0,10,14,False
control_0p20_right_mid_loading_early_stance_native_strong_ice_v1,pair_097,control,right,left,none,4,2153,2483,2153,,,[],0.0031315451487898827,True,,,,0,0,10,13,False
control_0p20_right_mid_loading_early_stance_native_strong_ice_v1,pair_097,control,right,left,none,5,2753,3000,2753,,,[],0.0029431080911308527,True,,,,0,0,10,10,False
control_0p20_right_mid_loading_early_stance_native_strong_ice_v1,pair_097,control,right,right,none,0,37,328,37,,,[],0.003052762011066079,True,,,,0,0,10,10,False
control_0p20_right_mid_loading_early_stance_native_strong_ice_v1,pair_097,control,right,right,none,1,335,337,335,,,[],0.00023277639411389828,False,,,,0,0,2,2,False
control_0p20_right_mid_loading_early_stance_native_strong_ice_v1,pair_097,control,right,right,none,2,641,984,641,,,[],0.00571764912456274,True,,,,0,0,10,10,False
control_0p20_right_mid_loading_early_stance_native_strong_ice_v1,pair_097,control,right,right,none,3,1249,1588,1249,,,[],0.006587628275156021,True,,,,0,0,10,10,False
control_0p20_right_mid_loading_early_stance_native_strong_ice_v1,pair_097,control,right,right,none,4,1597,1601,1597,,,[],0.0005300290649756789,False,,,,0,0,4,4,False
control_0p20_right_mid_loading_early_stance_native_strong_ice_v1,pair_097,control,right,right,none,5,1845,2185,1845,,,[],0.007434067316353321,True,,,,0,0,10,10,False
control_0p20_right_mid_loading_early_stance_native_strong_ice_v1,pair_097,control,right,right,none,6,2445,2784,2445,,,[],0.007086067460477352,True,,,,0,0,10,10,False
positive_0p20_right_mid_loading_early_stance_native_strong_ice_v2,pair_098,positive,right,left,none,0,44,392,44,,,[],0.0046742563135921955,True,,,,0,0,10,10,False
positive_0p20_right_mid_loading_early_stance_native_strong_ice_v2,pair_098,positive,right,left,none,1,398,401,398,,,[],0.00039747011032886803,False,,,,0,0,3,3,False
positive_0p20_right_mid_loading_early_stance_native_strong_ice_v2,pair_098,positive,right,left,none,2,711,1046,711,,,[],0.002321540843695402,True,,,,0,0,10,15,False
positive_0p20_right_mid_loading_early_stance_native_strong_ice_v2,pair_098,positive,right,left,none,3,1302,1627,1302,,,[],0.0024954508990049362,True,,,,0,0,10,16,False
positive_0p20_right_mid_loading_early_stance_native_strong_ice_v2,pair_098,positive,right,left,none,4,1908,2228,1908,,,[],0.003133883234113455,True,,,,0,0,10,18,False
positive_0p20_right_mid_loading_early_stance_native_strong_ice_v2,pair_098,positive,right,left,none,5,2500,2827,2500,,,[],0.002856159582734108,True,,,,0,0,10,16,False
positive_0p20_right_mid_loading_early_stance_native_strong_ice_v2,pair_098,positive,right,right,none,0,34,166,34,,,[],0.0014026323333382607,True,,,,0,0,10,10,False
positive_0p20_right_mid_loading_early_stance_native_strong_ice_v2,pair_098,positive,right,right,none,1,363,744,363,,,[],0.00909431278705597,True,,,,0,0,10,10,False
positive_0p20_right_mid_loading_early_stance_native_strong_ice_v2,pair_098,positive,right,right,none,2,998,1344,998,,,[],0.006076221354305744,True,,,,0,0,10,10,False
positive_0p20_right_mid_loading_early_stance_native_strong_ice_v2,pair_098,positive,right,right,none,3,1596,1944,1596,,,[],0.006783600430935621,True,,,,0,0,10,10,False
positive_0p20_right_mid_loading_early_stance_native_strong_ice_v2,pair_098,positive,right,right,none,4,2191,2530,2191,,,[],0.007786484435200691,True,,,,0,0,10,10,False
positive_0p20_right_mid_loading_early_stance_native_strong_ice_v2,pair_098,positive,right,right,none,5,2534,2541,2534,,,[],0.0006256933556869626,False,,,,0,0,7,7,False
positive_0p20_right_mid_loading_early_stance_native_strong_ice_v2,pair_098,positive,right,right,none,6,2792,3000,2792,,,[],0.0073809497989714146,True,,,,0,0,10,10,False
control_0p20_right_mid_loading_early_stance_native_strong_ice_v2,pair_098,control,right,left,none,0,44,392,44,,,[],0.0046742563135921955,True,,,,0,0,10,10,False
control_0p20_right_mid_loading_early_stance_native_strong_ice_v2,pair_098,control,right,left,none,1,398,401,398,,,[],0.00039747011032886803,False,,,,0,0,3,3,False
control_0p20_right_mid_loading_early_stance_native_strong_ice_v2,pair_098,control,right,left,none,2,711,1046,711,,,[],0.002321540843695402,True,,,,0,0,10,15,False
control_0p20_right_mid_loading_early_stance_native_strong_ice_v2,pair_098,control,right,left,none,3,1302,1627,1302,,,[],0.0024954508990049362,True,,,,0,0,10,16,False
control_0p20_right_mid_loading_early_stance_native_strong_ice_v2,pair_098,control,right,left,none,4,1908,2228,1908,,,[],0.003133883234113455,True,,,,0,0,10,18,False
control_0p20_right_mid_loading_early_stance_native_strong_ice_v2,pair_098,control,right,left,none,5,2500,2827,2500,,,[],0.002856159582734108,True,,,,0,0,10,16,False
control_0p20_right_mid_loading_early_stance_native_strong_ice_v2,pair_098,control,right,right,none,0,34,166,34,,,[],0.0014026323333382607,True,,,,0,0,10,10,False
control_0p20_right_mid_loading_early_stance_native_strong_ice_v2,pair_098,control,right,right,none,1,363,744,363,,,[],0.00909431278705597,True,,,,0,0,10,10,False
control_0p20_right_mid_loading_early_stance_native_strong_ice_v2,pair_098,control,right,right,none,2,998,1344,998,,,[],0.006076221354305744,True,,,,0,0,10,10,False
control_0p20_right_mid_loading_early_stance_native_strong_ice_v2,pair_098,control,right,right,none,3,1596,1944,1596,,,[],0.006783600430935621,True,,,,0,0,10,10,False
control_0p20_right_mid_loading_early_stance_native_strong_ice_v2,pair_098,control,right,right,none,4,2191,2530,2191,,,[],0.007786484435200691,True,,,,0,0,10,10,False
control_0p20_right_mid_loading_early_stance_native_strong_ice_v2,pair_098,control,right,right,none,5,2534,2541,2534,,,[],0.0006256933556869626,False,,,,0,0,7,7,False
control_0p20_right_mid_loading_early_stance_native_strong_ice_v2,pair_098,control,right,right,none,6,2792,3000,2792,,,[],0.0073809497989714146,True,,,,0,0,10,10,False
positive_0p20_right_mid_loading_early_stance_moderate_ice_preregistered_v0,pair_099,positive,right,left,none,0,36,241,36,,,[],0.002457540249451995,True,,,,0,0,10,12,False
positive_0p20_right_mid_loading_early_stance_moderate_ice_preregistered_v0,pair_099,positive,right,left,none,1,562,907,562,,,[],0.0014553280780091882,True,,,,0,0,10,16,False
positive_0p20_right_mid_loading_early_stance_moderate_ice_preregistered_v0,pair_099,positive,right,left,none,2,1168,1488,1168,,,[],0.0030305804684758186,True,,,,0,0,10,18,False
positive_0p20_right_mid_loading_early_stance_moderate_ice_preregistered_v0,pair_099,positive,right,left,none,3,1766,2085,1766,,,[],0.003348613390699029,True,,,,0,0,10,14,False
positive_0p20_right_mid_loading_early_stance_moderate_ice_preregistered_v0,pair_099,positive,right,left,none,4,2356,2685,2356,,,[],0.002937836106866598,True,,,,0,0,10,14,False
positive_0p20_right_mid_loading_early_stance_moderate_ice_preregistered_v0,pair_099,positive,right,left,none,5,2957,3000,2957,,,[],0.002991282846778631,True,,,,0,0,10,10,False
positive_0p20_right_mid_loading_early_stance_moderate_ice_preregistered_v0,pair_099,positive,right,right,none,0,42,89,42,,,[],0.0020928941667079926,True,,,,0,0,10,19,False
positive_0p20_right_mid_loading_early_stance_moderate_ice_preregistered_v0,pair_099,positive,right,right,none,1,196,603,196,,,[],0.006952034309506416,True,,,,0,0,10,10,False
positive_0p20_right_mid_loading_early_stance_moderate_ice_preregistered_v0,pair_099,positive,right,right,none,2,861,1206,861,,,[],0.005153842736035585,True,,,,0,0,10,10,False
positive_0p20_right_mid_loading_early_stance_moderate_ice_preregistered_v0,pair_099,positive,right,right,none,3,1456,1804,1456,,,[],0.006753308232873678,True,,,,0,0,10,10,False
positive_0p20_right_mid_loading_early_stance_moderate_ice_preregistered_v0,pair_099,positive,right,right,none,4,2047,2386,2047,,,[],0.007815786637365818,True,,,,0,0,10,10,False
positive_0p20_right_mid_loading_early_stance_moderate_ice_preregistered_v0,pair_099,positive,right,right,none,5,2650,2985,2650,,,[],0.0069441827945411205,True,,,,0,0,10,10,False
control_0p20_right_mid_loading_early_stance_moderate_ice_preregistered_v0,pair_099,control,right,left,none,0,36,241,36,,,[],0.002457540249451995,True,,,,0,0,10,12,False
control_0p20_right_mid_loading_early_stance_moderate_ice_preregistered_v0,pair_099,control,right,left,none,1,562,907,562,,,[],0.0014553280780091882,True,,,,0,0,10,16,False
control_0p20_right_mid_loading_early_stance_moderate_ice_preregistered_v0,pair_099,control,right,left,none,2,1168,1488,1168,,,[],0.0030305804684758186,True,,,,0,0,10,18,False
control_0p20_right_mid_loading_early_stance_moderate_ice_preregistered_v0,pair_099,control,right,left,none,3,1766,2085,1766,,,[],0.003348613390699029,True,,,,0,0,10,14,False
control_0p20_right_mid_loading_early_stance_moderate_ice_preregistered_v0,pair_099,control,right,left,none,4,2356,2685,2356,,,[],0.002937836106866598,True,,,,0,0,10,14,False
control_0p20_right_mid_loading_early_stance_moderate_ice_preregistered_v0,pair_099,control,right,left,none,5,2957,3000,2957,,,[],0.002991282846778631,True,,,,0,0,10,10,False
control_0p20_right_mid_loading_early_stance_moderate_ice_preregistered_v0,pair_099,control,right,right,none,0,42,89,42,,,[],0.0020928941667079926,True,,,,0,0,10,19,False
control_0p20_right_mid_loading_early_stance_moderate_ice_preregistered_v0,pair_099,control,right,right,none,1,196,603,196,,,[],0.006952034309506416,True,,,,0,0,10,10,False
control_0p20_right_mid_loading_early_stance_moderate_ice_preregistered_v0,pair_099,control,right,right,none,2,861,1206,861,,,[],0.005153842736035585,True,,,,0,0,10,10,False
control_0p20_right_mid_loading_early_stance_moderate_ice_preregistered_v0,pair_099,control,right,right,none,3,1456,1804,1456,,,[],0.006753308232873678,True,,,,0,0,10,10,False
control_0p20_right_mid_loading_early_stance_moderate_ice_preregistered_v0,pair_099,control,right,right,none,4,2047,2386,2047,,,[],0.007815786637365818,True,,,,0,0,10,10,False
control_0p20_right_mid_loading_early_stance_moderate_ice_preregistered_v0,pair_099,control,right,right,none,5,2650,2985,2650,,,[],0.0069441827945411205,True,,,,0,0,10,10,False
positive_0p20_right_mid_loading_early_stance_moderate_ice_preregistered_v1,pair_100,positive,right,left,none,0,39,89,39,,,[],0.0006851584766991436,True,,,,0,0,10,19,False
positive_0p20_right_mid_loading_early_stance_moderate_ice_preregistered_v1,pair_100,positive,right,left,none,1,304,682,304,,,[],0.008938017301261425,True,,,,0,0,10,12,False
positive_0p20_right_mid_loading_early_stance_moderate_ice_preregistered_v1,pair_100,positive,right,left,none,2,949,1287,949,,,[],0.002706952393054962,True,,,,0,0,10,16,False
positive_0p20_right_mid_loading_early_stance_moderate_ice_preregistered_v1,pair_100,positive,right,left,none,3,1560,1884,1560,,,[],0.0029668486677110195,True,,,,0,0,10,14,False
positive_0p20_right_mid_loading_early_stance_moderate_ice_preregistered_v1,pair_100,positive,right,left,none,4,2154,2483,2154,,,[],0.0028739571571350098,True,,,,0,0,10,13,False
positive_0p20_right_mid_loading_early_stance_moderate_ice_preregistered_v1,pair_100,positive,right,left,none,5,2753,3000,2753,,,[],0.003054996021091938,True,,,,0,0,10,10,False
positive_0p20_right_mid_loading_early_stance_moderate_ice_preregistered_v1,pair_100,positive,right,right,none,0,37,328,37,,,[],0.0030485575553029776,True,,,,0,0,10,10,False
positive_0p20_right_mid_loading_early_stance_moderate_ice_preregistered_v1,pair_100,positive,right,right,none,1,336,338,336,,,[],0.0002506229211576283,False,,,,0,0,2,2,False
positive_0p20_right_mid_loading_early_stance_moderate_ice_preregistered_v1,pair_100,positive,right,right,none,2,641,984,641,,,[],0.00572571437805891,True,,,,0,0,10,10,False
positive_0p20_right_mid_loading_early_stance_moderate_ice_preregistered_v1,pair_100,positive,right,right,none,3,1250,1591,1250,,,[],0.006507344543933868,True,,,,0,0,10,10,False
positive_0p20_right_mid_loading_early_stance_moderate_ice_preregistered_v1,pair_100,positive,right,right,none,4,1595,1601,1595,,,[],0.0005388023564592004,False,,,,0,0,6,6,False
positive_0p20_right_mid_loading_early_stance_moderate_ice_preregistered_v1,pair_100,positive,right,right,none,5,1845,2185,1845,,,[],0.007417597807943821,True,,,,0,0,10,10,False
positive_0p20_right_mid_loading_early_stance_moderate_ice_preregistered_v1,pair_100,positive,right,right,none,6,2445,2784,2445,,,[],0.007472490891814232,True,,,,0,0,10,10,False
control_0p20_right_mid_loading_early_stance_moderate_ice_preregistered_v1,pair_100,control,right,left,none,0,39,89,39,,,[],0.0006851584766991436,True,,,,0,0,10,19,False
control_0p20_right_mid_loading_early_stance_moderate_ice_preregistered_v1,pair_100,control,right,left,none,1,304,682,304,,,[],0.008938017301261425,True,,,,0,0,10,12,False
control_0p20_right_mid_loading_early_stance_moderate_ice_preregistered_v1,pair_100,control,right,left,none,2,949,1287,949,,,[],0.002706952393054962,True,,,,0,0,10,16,False
control_0p20_right_mid_loading_early_stance_moderate_ice_preregistered_v1,pair_100,control,right,left,none,3,1560,1884,1560,,,[],0.0029668486677110195,True,,,,0,0,10,14,False
control_0p20_right_mid_loading_early_stance_moderate_ice_preregistered_v1,pair_100,control,right,left,none,4,2154,2483,2154,,,[],0.0028739571571350098,True,,,,0,0,10,13,False
control_0p20_right_mid_loading_early_stance_moderate_ice_preregistered_v1,pair_100,control,right,left,none,5,2753,3000,2753,,,[],0.003054996021091938,True,,,,0,0,10,10,False
control_0p20_right_mid_loading_early_stance_moderate_ice_preregistered_v1,pair_100,control,right,right,none,0,37,328,37,,,[],0.0030485575553029776,True,,,,0,0,10,10,False
control_0p20_right_mid_loading_early_stance_moderate_ice_preregistered_v1,pair_100,control,right,right,none,1,336,338,336,,,[],0.0002506229211576283,False,,,,0,0,2,2,False
control_0p20_right_mid_loading_early_stance_moderate_ice_preregistered_v1,pair_100,control,right,right,none,2,641,984,641,,,[],0.00572571437805891,True,,,,0,0,10,10,False
control_0p20_right_mid_loading_early_stance_moderate_ice_preregistered_v1,pair_100,control,right,right,none,3,1250,1591,1250,,,[],0.006507344543933868,True,,,,0,0,10,10,False
control_0p20_right_mid_loading_early_stance_moderate_ice_preregistered_v1,pair_100,control,right,right,none,4,1595,1601,1595,,,[],0.0005388023564592004,False,,,,0,0,6,6,False
control_0p20_right_mid_loading_early_stance_moderate_ice_preregistered_v1,pair_100,control,right,right,none,5,1845,2185,1845,,,[],0.007417597807943821,True,,,,0,0,10,10,False
control_0p20_right_mid_loading_early_stance_moderate_ice_preregistered_v1,pair_100,control,right,right,none,6,2445,2784,2445,,,[],0.007472490891814232,True,,,,0,0,10,10,False
positive_0p20_right_mid_loading_early_stance_moderate_ice_preregistered_v2,pair_101,positive,right,left,none,0,44,392,44,,,[],0.004684251267462969,True,,,,0,0,10,10,False
positive_0p20_right_mid_loading_early_stance_moderate_ice_preregistered_v2,pair_101,positive,right,left,none,1,398,401,398,,,[],0.00040026247734203935,False,,,,0,0,3,3,False
positive_0p20_right_mid_loading_early_stance_moderate_ice_preregistered_v2,pair_101,positive,right,left,none,2,712,1046,712,,,[],0.0021601240150630474,True,,,,0,0,10,15,False
positive_0p20_right_mid_loading_early_stance_moderate_ice_preregistered_v2,pair_101,positive,right,left,none,3,1301,1627,1301,,,[],0.002643174957484007,True,,,,0,0,10,16,False
positive_0p20_right_mid_loading_early_stance_moderate_ice_preregistered_v2,pair_101,positive,right,left,none,4,1908,2228,1908,,,[],0.0033084426540881395,True,,,,0,0,10,17,False
positive_0p20_right_mid_loading_early_stance_moderate_ice_preregistered_v2,pair_101,positive,right,left,none,5,2500,2827,2500,,,[],0.0026422152295708656,True,,,,0,0,10,16,False
positive_0p20_right_mid_loading_early_stance_moderate_ice_preregistered_v2,pair_101,positive,right,right,none,0,34,166,34,,,[],0.0014082452980801463,True,,,,0,0,10,10,False
positive_0p20_right_mid_loading_early_stance_moderate_ice_preregistered_v2,pair_101,positive,right,right,none,1,363,744,363,,,[],0.009111051447689533,True,,,,0,0,10,10,False
positive_0p20_right_mid_loading_early_stance_moderate_ice_preregistered_v2,pair_101,positive,right,right,none,2,998,1344,998,,,[],0.0060708727687597275,True,,,,0,0,10,10,False
positive_0p20_right_mid_loading_early_stance_moderate_ice_preregistered_v2,pair_101,positive,right,right,none,3,1596,1944,1596,,,[],0.006756290793418884,True,,,,0,0,10,10,False
positive_0p20_right_mid_loading_early_stance_moderate_ice_preregistered_v2,pair_101,positive,right,right,none,4,2191,2530,2191,,,[],0.007790605537593365,True,,,,0,0,10,10,False
positive_0p20_right_mid_loading_early_stance_moderate_ice_preregistered_v2,pair_101,positive,right,right,none,5,2533,2540,2533,,,[],0.0005790582508780062,False,,,,0,0,7,7,False
positive_0p20_right_mid_loading_early_stance_moderate_ice_preregistered_v2,pair_101,positive,right,right,none,6,2792,3000,2792,,,[],0.007385558448731899,True,,,,0,0,10,10,False
control_0p20_right_mid_loading_early_stance_moderate_ice_preregistered_v2,pair_101,control,right,left,none,0,44,392,44,,,[],0.004684251267462969,True,,,,0,0,10,10,False
control_0p20_right_mid_loading_early_stance_moderate_ice_preregistered_v2,pair_101,control,right,left,none,1,398,401,398,,,[],0.00040026247734203935,False,,,,0,0,3,3,False
control_0p20_right_mid_loading_early_stance_moderate_ice_preregistered_v2,pair_101,control,right,left,none,2,712,1046,712,,,[],0.0021601240150630474,True,,,,0,0,10,15,False
control_0p20_right_mid_loading_early_stance_moderate_ice_preregistered_v2,pair_101,control,right,left,none,3,1301,1627,1301,,,[],0.002643174957484007,True,,,,0,0,10,16,False
control_0p20_right_mid_loading_early_stance_moderate_ice_preregistered_v2,pair_101,control,right,left,none,4,1908,2228,1908,,,[],0.0033084426540881395,True,,,,0,0,10,17,False
control_0p20_right_mid_loading_early_stance_moderate_ice_preregistered_v2,pair_101,control,right,left,none,5,2500,2827,2500,,,[],0.0026422152295708656,True,,,,0,0,10,16,False
control_0p20_right_mid_loading_early_stance_moderate_ice_preregistered_v2,pair_101,control,right,right,none,0,34,166,34,,,[],0.0014082452980801463,True,,,,0,0,10,10,False
control_0p20_right_mid_loading_early_stance_moderate_ice_preregistered_v2,pair_101,control,right,right,none,1,363,744,363,,,[],0.009111051447689533,True,,,,0,0,10,10,False
control_0p20_right_mid_loading_early_stance_moderate_ice_preregistered_v2,pair_101,control,right,right,none,2,998,1344,998,,,[],0.0060708727687597275,True,,,,0,0,10,10,False
control_0p20_right_mid_loading_early_stance_moderate_ice_preregistered_v2,pair_101,control,right,right,none,3,1596,1944,1596,,,[],0.006756290793418884,True,,,,0,0,10,10,False
control_0p20_right_mid_loading_early_stance_moderate_ice_preregistered_v2,pair_101,control,right,right,none,4,2191,2530,2191,,,[],0.007790605537593365,True,,,,0,0,10,10,False
control_0p20_right_mid_loading_early_stance_moderate_ice_preregistered_v2,pair_101,control,right,right,none,5,2533,2540,2533,,,[],0.0005790582508780062,False,,,,0,0,7,7,False
control_0p20_right_mid_loading_early_stance_moderate_ice_preregistered_v2,pair_101,control,right,right,none,6,2792,3000,2792,,,[],0.007385558448731899,True,,,,0,0,10,10,False
positive_0p20_right_mid_late_stance_native_strong_ice_v0,pair_102,positive,right,left,none,0,36,241,36,,,[],0.0024473739322274923,True,,,,0,0,10,12,False
positive_0p20_right_mid_late_stance_native_strong_ice_v0,pair_102,positive,right,left,none,1,562,907,562,,,[],0.001454820274375379,True,,,,0,0,10,16,False
positive_0p20_right_mid_late_stance_native_strong_ice_v0,pair_102,positive,right,left,none,2,1168,1488,1168,,,[],0.0030270263087004423,True,,,,0,0,10,18,False
positive_0p20_right_mid_late_stance_native_strong_ice_v0,pair_102,positive,right,left,none,3,1766,2085,1766,,,[],0.0033459037076681852,True,,,,0,0,10,14,False
positive_0p20_right_mid_late_stance_native_strong_ice_v0,pair_102,positive,right,left,none,4,2356,2685,2356,,,[],0.002939151832833886,True,,,,0,0,10,14,False
positive_0p20_right_mid_late_stance_native_strong_ice_v0,pair_102,positive,right,left,none,5,2957,3000,2957,,,[],0.002991320565342903,True,,,,0,0,10,10,False
positive_0p20_right_mid_late_stance_native_strong_ice_v0,pair_102,positive,right,right,none,0,42,89,42,,,[],0.002089995890855789,True,,,,0,0,10,19,False
positive_0p20_right_mid_late_stance_native_strong_ice_v0,pair_102,positive,right,right,none,1,196,603,196,,,[],0.00693765701726079,True,,,,0,0,10,10,False
positive_0p20_right_mid_late_stance_native_strong_ice_v0,pair_102,positive,right,right,none,2,861,1206,861,,,[],0.0051540108397603035,True,,,,0,0,10,10,False
positive_0p20_right_mid_late_stance_native_strong_ice_v0,pair_102,positive,right,right,none,3,1456,1804,1456,,,[],0.006753063760697842,True,,,,0,0,10,10,False
positive_0p20_right_mid_late_stance_native_strong_ice_v0,pair_102,positive,right,right,none,4,2047,2386,2047,,,[],0.00781532097607851,True,,,,0,0,10,10,False
positive_0p20_right_mid_late_stance_native_strong_ice_v0,pair_102,positive,right,right,none,5,2650,2985,2650,,,[],0.006943951360881329,True,,,,0,0,10,10,False
control_0p20_right_mid_late_stance_native_strong_ice_v0,pair_102,control,right,left,none,0,36,241,36,,,[],0.0024473739322274923,True,,,,0,0,10,12,False
control_0p20_right_mid_late_stance_native_strong_ice_v0,pair_102,control,right,left,none,1,562,907,562,,,[],0.001454820274375379,True,,,,0,0,10,16,False
control_0p20_right_mid_late_stance_native_strong_ice_v0,pair_102,control,right,left,none,2,1168,1488,1168,,,[],0.0030270263087004423,True,,,,0,0,10,18,False
control_0p20_right_mid_late_stance_native_strong_ice_v0,pair_102,control,right,left,none,3,1766,2085,1766,,,[],0.0033459037076681852,True,,,,0,0,10,14,False
control_0p20_right_mid_late_stance_native_strong_ice_v0,pair_102,control,right,left,none,4,2356,2685,2356,,,[],0.002939151832833886,True,,,,0,0,10,14,False
control_0p20_right_mid_late_stance_native_strong_ice_v0,pair_102,control,right,left,none,5,2957,3000,2957,,,[],0.002991320565342903,True,,,,0,0,10,10,False
control_0p20_right_mid_late_stance_native_strong_ice_v0,pair_102,control,right,right,none,0,42,89,42,,,[],0.002089995890855789,True,,,,0,0,10,19,False
control_0p20_right_mid_late_stance_native_strong_ice_v0,pair_102,control,right,right,none,1,196,603,196,,,[],0.00693765701726079,True,,,,0,0,10,10,False
control_0p20_right_mid_late_stance_native_strong_ice_v0,pair_102,control,right,right,none,2,861,1206,861,,,[],0.0051540108397603035,True,,,,0,0,10,10,False
control_0p20_right_mid_late_stance_native_strong_ice_v0,pair_102,control,right,right,none,3,1456,1804,1456,,,[],0.006753063760697842,True,,,,0,0,10,10,False
control_0p20_right_mid_late_stance_native_strong_ice_v0,pair_102,control,right,right,none,4,2047,2386,2047,,,[],0.00781532097607851,True,,,,0,0,10,10,False
control_0p20_right_mid_late_stance_native_strong_ice_v0,pair_102,control,right,right,none,5,2650,2985,2650,,,[],0.006943951360881329,True,,,,0,0,10,10,False
positive_0p20_right_mid_late_stance_native_strong_ice_v1,pair_103,positive,right,left,none,0,39,89,39,,,[],0.0006878511048853397,True,,,,0,0,10,19,False
positive_0p20_right_mid_late_stance_native_strong_ice_v1,pair_103,positive,right,left,none,1,304,681,304,,,[],0.00836679432541132,True,,,,0,0,10,11,False
positive_0p20_right_mid_late_stance_native_strong_ice_v1,pair_103,positive,right,left,none,2,949,1287,949,,,[],0.0027165007777512074,True,,,,0,0,10,16,False
positive_0p20_right_mid_late_stance_native_strong_ice_v1,pair_103,positive,right,left,none,3,1560,1884,1560,,,[],0.002736599650233984,True,,,,0,0,10,14,False
positive_0p20_right_mid_late_stance_native_strong_ice_v1,pair_103,positive,right,left,none,4,2154,2483,2154,,,[],0.002842179499566555,True,,,,0,0,10,13,False
positive_0p20_right_mid_late_stance_native_strong_ice_v1,pair_103,positive,right,left,none,5,2753,3000,2753,,,[],0.0029951403848826885,True,,,,0,0,10,10,False
positive_0p20_right_mid_late_stance_native_strong_ice_v1,pair_103,positive,right,right,none,0,37,328,37,,,[],0.0030514698009938,True,,,,0,0,10,10,False
positive_0p20_right_mid_late_stance_native_strong_ice_v1,pair_103,positive,right,right,none,1,335,338,335,,,[],0.00048285379307344556,False,,,,0,0,3,3,False
positive_0p20_right_mid_late_stance_native_strong_ice_v1,pair_103,positive,right,right,none,2,641,984,641,,,[],0.005716388113796711,True,,,,0,0,10,10,False
positive_0p20_right_mid_late_stance_native_strong_ice_v1,pair_103,positive,right,right,none,3,1250,1589,1250,,,[],0.006178270559757948,True,,,,0,0,10,10,False
positive_0p20_right_mid_late_stance_native_strong_ice_v1,pair_103,positive,right,right,none,4,1594,1599,1594,,,[],0.0005107601173222065,False,,,,0,0,5,5,False
positive_0p20_right_mid_late_stance_native_strong_ice_v1,pair_103,positive,right,right,none,5,1845,2185,1845,,,[],0.0074284691363573074,True,,,,0,0,10,10,False
positive_0p20_right_mid_late_stance_native_strong_ice_v1,pair_103,positive,right,right,none,6,2445,2784,2445,,,[],0.0074587552808225155,True,,,,0,0,10,10,False
control_0p20_right_mid_late_stance_native_strong_ice_v1,pair_103,control,right,left,none,0,39,89,39,,,[],0.0006878511048853397,True,,,,0,0,10,19,False
control_0p20_right_mid_late_stance_native_strong_ice_v1,pair_103,control,right,left,none,1,304,681,304,,,[],0.00836679432541132,True,,,,0,0,10,11,False
control_0p20_right_mid_late_stance_native_strong_ice_v1,pair_103,control,right,left,none,2,949,1287,949,,,[],0.0027165007777512074,True,,,,0,0,10,16,False
control_0p20_right_mid_late_stance_native_strong_ice_v1,pair_103,control,right,left,none,3,1560,1884,1560,,,[],0.002736599650233984,True,,,,0,0,10,14,False
control_0p20_right_mid_late_stance_native_strong_ice_v1,pair_103,control,right,left,none,4,2154,2483,2154,,,[],0.002842179499566555,True,,,,0,0,10,13,False
control_0p20_right_mid_late_stance_native_strong_ice_v1,pair_103,control,right,left,none,5,2753,3000,2753,,,[],0.0029951403848826885,True,,,,0,0,10,10,False
control_0p20_right_mid_late_stance_native_strong_ice_v1,pair_103,control,right,right,none,0,37,328,37,,,[],0.0030514698009938,True,,,,0,0,10,10,False
control_0p20_right_mid_late_stance_native_strong_ice_v1,pair_103,control,right,right,none,1,335,338,335,,,[],0.00048285379307344556,False,,,,0,0,3,3,False
control_0p20_right_mid_late_stance_native_strong_ice_v1,pair_103,control,right,right,none,2,641,984,641,,,[],0.005716388113796711,True,,,,0,0,10,10,False
control_0p20_right_mid_late_stance_native_strong_ice_v1,pair_103,control,right,right,none,3,1250,1589,1250,,,[],0.006178270559757948,True,,,,0,0,10,10,False
control_0p20_right_mid_late_stance_native_strong_ice_v1,pair_103,control,right,right,none,4,1594,1599,1594,,,[],0.0005107601173222065,False,,,,0,0,5,5,False
control_0p20_right_mid_late_stance_native_strong_ice_v1,pair_103,control,right,right,none,5,1845,2185,1845,,,[],0.0074284691363573074,True,,,,0,0,10,10,False
control_0p20_right_mid_late_stance_native_strong_ice_v1,pair_103,control,right,right,none,6,2445,2784,2445,,,[],0.0074587552808225155,True,,,,0,0,10,10,False
positive_0p20_right_mid_late_stance_native_strong_ice_v2,pair_104,positive,right,left,none,0,44,392,44,,,[],0.00468534417450428,True,,,,0,0,10,10,False
positive_0p20_right_mid_late_stance_native_strong_ice_v2,pair_104,positive,right,left,none,1,398,401,398,,,[],0.0004005464434158057,False,,,,0,0,3,3,False
positive_0p20_right_mid_late_stance_native_strong_ice_v2,pair_104,positive,right,left,none,2,712,1046,712,,,[],0.0021614155266433954,True,,,,0,0,10,15,False
positive_0p20_right_mid_late_stance_native_strong_ice_v2,pair_104,positive,right,left,none,3,1301,1627,1301,,,[],0.002641182392835617,True,,,,0,0,10,16,False
positive_0p20_right_mid_late_stance_native_strong_ice_v2,pair_104,positive,right,left,none,4,1908,2228,1908,,,[],0.003308449639007449,True,,,,0,0,10,17,False
positive_0p20_right_mid_late_stance_native_strong_ice_v2,pair_104,positive,right,left,none,5,2500,2827,2500,,,[],0.002642266917973757,True,,,,0,0,10,16,False
positive_0p20_right_mid_late_stance_native_strong_ice_v2,pair_104,positive,right,right,none,0,34,166,34,,,[],0.0014087734743952751,True,,,,0,0,10,10,False
positive_0p20_right_mid_late_stance_native_strong_ice_v2,pair_104,positive,right,right,none,1,363,744,363,,,[],0.009112704545259476,True,,,,0,0,10,10,False
positive_0p20_right_mid_late_stance_native_strong_ice_v2,pair_104,positive,right,right,none,2,998,1344,998,,,[],0.006070147268474102,True,,,,0,0,10,10,False
positive_0p20_right_mid_late_stance_native_strong_ice_v2,pair_104,positive,right,right,none,3,1596,1944,1596,,,[],0.006755637936294079,True,,,,0,0,10,10,False
positive_0p20_right_mid_late_stance_native_strong_ice_v2,pair_104,positive,right,right,none,4,2191,2530,2191,,,[],0.007790515199303627,True,,,,0,0,10,10,False
positive_0p20_right_mid_late_stance_native_strong_ice_v2,pair_104,positive,right,right,none,5,2533,2540,2533,,,[],0.0005790279828943312,False,,,,0,0,7,7,False
positive_0p20_right_mid_late_stance_native_strong_ice_v2,pair_104,positive,right,right,none,6,2792,3000,2792,,,[],0.00738558592274785,True,,,,0,0,10,10,False
control_0p20_right_mid_late_stance_native_strong_ice_v2,pair_104,control,right,left,none,0,44,392,44,,,[],0.00468534417450428,True,,,,0,0,10,10,False
control_0p20_right_mid_late_stance_native_strong_ice_v2,pair_104,control,right,left,none,1,398,401,398,,,[],0.0004005464434158057,False,,,,0,0,3,3,False
control_0p20_right_mid_late_stance_native_strong_ice_v2,pair_104,control,right,left,none,2,712,1046,712,,,[],0.0021614155266433954,True,,,,0,0,10,15,False
control_0p20_right_mid_late_stance_native_strong_ice_v2,pair_104,control,right,left,none,3,1301,1627,1301,,,[],0.002641182392835617,True,,,,0,0,10,16,False
control_0p20_right_mid_late_stance_native_strong_ice_v2,pair_104,control,right,left,none,4,1908,2228,1908,,,[],0.003308449639007449,True,,,,0,0,10,17,False
control_0p20_right_mid_late_stance_native_strong_ice_v2,pair_104,control,right,left,none,5,2500,2827,2500,,,[],0.002642266917973757,True,,,,0,0,10,16,False
control_0p20_right_mid_late_stance_native_strong_ice_v2,pair_104,control,right,right,none,0,34,166,34,,,[],0.0014087734743952751,True,,,,0,0,10,10,False
control_0p20_right_mid_late_stance_native_strong_ice_v2,pair_104,control,right,right,none,1,363,744,363,,,[],0.009112704545259476,True,,,,0,0,10,10,False
control_0p20_right_mid_late_stance_native_strong_ice_v2,pair_104,control,right,right,none,2,998,1344,998,,,[],0.006070147268474102,True,,,,0,0,10,10,False
control_0p20_right_mid_late_stance_native_strong_ice_v2,pair_104,control,right,right,none,3,1596,1944,1596,,,[],0.006755637936294079,True,,,,0,0,10,10,False
control_0p20_right_mid_late_stance_native_strong_ice_v2,pair_104,control,right,right,none,4,2191,2530,2191,,,[],0.007790515199303627,True,,,,0,0,10,10,False
control_0p20_right_mid_late_stance_native_strong_ice_v2,pair_104,control,right,right,none,5,2533,2540,2533,,,[],0.0005790279828943312,False,,,,0,0,7,7,False
control_0p20_right_mid_late_stance_native_strong_ice_v2,pair_104,control,right,right,none,6,2792,3000,2792,,,[],0.00738558592274785,True,,,,0,0,10,10,False
positive_0p20_right_mid_late_stance_moderate_ice_preregistered_v0,pair_105,positive,right,left,none,0,36,240,36,,,[],0.0024105929769575596,True,,,,0,0,10,11,False
positive_0p20_right_mid_late_stance_moderate_ice_preregistered_v0,pair_105,positive,right,left,none,1,562,907,562,,,[],0.001459716004319489,True,,,,0,0,10,16,False
positive_0p20_right_mid_late_stance_moderate_ice_preregistered_v0,pair_105,positive,right,left,none,2,1168,1488,1168,,,[],0.0031318373512476683,True,,,,0,0,10,18,False
positive_0p20_right_mid_late_stance_moderate_ice_preregistered_v0,pair_105,positive,right,left,none,3,1766,2085,1766,,,[],0.0033415856305509806,True,,,,0,0,10,14,False
positive_0p20_right_mid_late_stance_moderate_ice_preregistered_v0,pair_105,positive,right,left,none,4,2356,2685,2356,,,[],0.0029405171517282724,True,,,,0,0,10,14,False
positive_0p20_right_mid_late_stance_moderate_ice_preregistered_v0,pair_105,positive,right,left,none,5,2957,3000,2957,,,[],0.002991669112816453,True,,,,0,0,10,10,False
positive_0p20_right_mid_late_stance_moderate_ice_preregistered_v0,pair_105,positive,right,right,none,0,42,89,42,,,[],0.0021025838796049356,True,,,,0,0,10,19,False
positive_0p20_right_mid_late_stance_moderate_ice_preregistered_v0,pair_105,positive,right,right,none,1,196,603,196,,,[],0.006998993922024965,True,,,,0,0,10,10,False
positive_0p20_right_mid_late_stance_moderate_ice_preregistered_v0,pair_105,positive,right,right,none,2,861,1206,861,,,[],0.005400214344263077,True,,,,0,0,10,10,False
positive_0p20_right_mid_late_stance_moderate_ice_preregistered_v0,pair_105,positive,right,right,none,3,1456,1804,1456,,,[],0.006762725301086903,True,,,,0,0,10,10,False
positive_0p20_right_mid_late_stance_moderate_ice_preregistered_v0,pair_105,positive,right,right,none,4,2047,2386,2047,,,[],0.007805019151419401,True,,,,0,0,10,10,False
positive_0p20_right_mid_late_stance_moderate_ice_preregistered_v0,pair_105,positive,right,right,none,5,2650,2985,2650,,,[],0.0069428966380655766,True,,,,0,0,10,10,False
control_0p20_right_mid_late_stance_moderate_ice_preregistered_v0,pair_105,control,right,left,none,0,36,240,36,,,[],0.0024105929769575596,True,,,,0,0,10,11,False
control_0p20_right_mid_late_stance_moderate_ice_preregistered_v0,pair_105,control,right,left,none,1,562,907,562,,,[],0.001459716004319489,True,,,,0,0,10,16,False
control_0p20_right_mid_late_stance_moderate_ice_preregistered_v0,pair_105,control,right,left,none,2,1168,1488,1168,,,[],0.0031318373512476683,True,,,,0,0,10,18,False
control_0p20_right_mid_late_stance_moderate_ice_preregistered_v0,pair_105,control,right,left,none,3,1766,2085,1766,,,[],0.0033415856305509806,True,,,,0,0,10,14,False
control_0p20_right_mid_late_stance_moderate_ice_preregistered_v0,pair_105,control,right,left,none,4,2356,2685,2356,,,[],0.0029405171517282724,True,,,,0,0,10,14,False
control_0p20_right_mid_late_stance_moderate_ice_preregistered_v0,pair_105,control,right,left,none,5,2957,3000,2957,,,[],0.002991669112816453,True,,,,0,0,10,10,False
control_0p20_right_mid_late_stance_moderate_ice_preregistered_v0,pair_105,control,right,right,none,0,42,89,42,,,[],0.0021025838796049356,True,,,,0,0,10,19,False
control_0p20_right_mid_late_stance_moderate_ice_preregistered_v0,pair_105,control,right,right,none,1,196,603,196,,,[],0.006998993922024965,True,,,,0,0,10,10,False
control_0p20_right_mid_late_stance_moderate_ice_preregistered_v0,pair_105,control,right,right,none,2,861,1206,861,,,[],0.005400214344263077,True,,,,0,0,10,10,False
control_0p20_right_mid_late_stance_moderate_ice_preregistered_v0,pair_105,control,right,right,none,3,1456,1804,1456,,,[],0.006762725301086903,True,,,,0,0,10,10,False
control_0p20_right_mid_late_stance_moderate_ice_preregistered_v0,pair_105,control,right,right,none,4,2047,2386,2047,,,[],0.007805019151419401,True,,,,0,0,10,10,False
control_0p20_right_mid_late_stance_moderate_ice_preregistered_v0,pair_105,control,right,right,none,5,2650,2985,2650,,,[],0.0069428966380655766,True,,,,0,0,10,10,False
positive_0p20_right_mid_late_stance_moderate_ice_preregistered_v1,pair_106,positive,right,left,none,0,39,89,39,,,[],0.0006881934241391718,True,,,,0,0,10,19,False
positive_0p20_right_mid_late_stance_moderate_ice_preregistered_v1,pair_106,positive,right,left,none,1,304,682,304,,,[],0.008427073247730732,True,,,,0,0,10,12,False
positive_0p20_right_mid_late_stance_moderate_ice_preregistered_v1,pair_106,positive,right,left,none,2,949,1287,949,,,[],0.00266111153177917,True,,,,0,0,10,16,False
positive_0p20_right_mid_late_stance_moderate_ice_preregistered_v1,pair_106,positive,right,left,none,3,1559,1884,1559,,,[],0.0027394278440624475,True,,,,0,0,10,14,False
positive_0p20_right_mid_late_stance_moderate_ice_preregistered_v1,pair_106,positive,right,left,none,4,2153,2483,2153,,,[],0.0031482719350606203,True,,,,0,0,10,13,False
positive_0p20_right_mid_late_stance_moderate_ice_preregistered_v1,pair_106,positive,right,left,none,5,2753,3000,2753,,,[],0.002961898222565651,True,,,,0,0,10,10,False
positive_0p20_right_mid_late_stance_moderate_ice_preregistered_v1,pair_106,positive,right,right,none,0,37,328,37,,,[],0.0030533322133123875,True,,,,0,0,10,10,False
positive_0p20_right_mid_late_stance_moderate_ice_preregistered_v1,pair_106,positive,right,right,none,1,335,337,335,,,[],0.00023332229466177523,False,,,,0,0,2,2,False
positive_0p20_right_mid_late_stance_moderate_ice_preregistered_v1,pair_106,positive,right,right,none,2,641,984,641,,,[],0.0056980811059474945,True,,,,0,0,10,10,False
positive_0p20_right_mid_late_stance_moderate_ice_preregistered_v1,pair_106,positive,right,right,none,3,1249,1588,1249,,,[],0.006594582926481962,True,,,,0,0,10,10,False
positive_0p20_right_mid_late_stance_moderate_ice_preregistered_v1,pair_106,positive,right,right,none,4,1596,1601,1596,,,[],0.000679738586768508,False,,,,0,0,5,5,False
positive_0p20_right_mid_late_stance_moderate_ice_preregistered_v1,pair_106,positive,right,right,none,5,1845,2185,1845,,,[],0.007438282482326031,True,,,,0,0,10,10,False
positive_0p20_right_mid_late_stance_moderate_ice_preregistered_v1,pair_106,positive,right,right,none,6,2445,2784,2445,,,[],0.007085189688950777,True,,,,0,0,10,10,False
control_0p20_right_mid_late_stance_moderate_ice_preregistered_v1,pair_106,control,right,left,none,0,39,89,39,,,[],0.0006881934241391718,True,,,,0,0,10,19,False
control_0p20_right_mid_late_stance_moderate_ice_preregistered_v1,pair_106,control,right,left,none,1,304,682,304,,,[],0.008427073247730732,True,,,,0,0,10,12,False
control_0p20_right_mid_late_stance_moderate_ice_preregistered_v1,pair_106,control,right,left,none,2,949,1287,949,,,[],0.00266111153177917,True,,,,0,0,10,16,False
control_0p20_right_mid_late_stance_moderate_ice_preregistered_v1,pair_106,control,right,left,none,3,1559,1884,1559,,,[],0.0027394278440624475,True,,,,0,0,10,14,False
control_0p20_right_mid_late_stance_moderate_ice_preregistered_v1,pair_106,control,right,left,none,4,2153,2483,2153,,,[],0.0031482719350606203,True,,,,0,0,10,13,False
control_0p20_right_mid_late_stance_moderate_ice_preregistered_v1,pair_106,control,right,left,none,5,2753,3000,2753,,,[],0.002961898222565651,True,,,,0,0,10,10,False
control_0p20_right_mid_late_stance_moderate_ice_preregistered_v1,pair_106,control,right,right,none,0,37,328,37,,,[],0.0030533322133123875,True,,,,0,0,10,10,False
control_0p20_right_mid_late_stance_moderate_ice_preregistered_v1,pair_106,control,right,right,none,1,335,337,335,,,[],0.00023332229466177523,False,,,,0,0,2,2,False
control_0p20_right_mid_late_stance_moderate_ice_preregistered_v1,pair_106,control,right,right,none,2,641,984,641,,,[],0.0056980811059474945,True,,,,0,0,10,10,False
control_0p20_right_mid_late_stance_moderate_ice_preregistered_v1,pair_106,control,right,right,none,3,1249,1588,1249,,,[],0.006594582926481962,True,,,,0,0,10,10,False
control_0p20_right_mid_late_stance_moderate_ice_preregistered_v1,pair_106,control,right,right,none,4,1596,1601,1596,,,[],0.000679738586768508,False,,,,0,0,5,5,False
control_0p20_right_mid_late_stance_moderate_ice_preregistered_v1,pair_106,control,right,right,none,5,1845,2185,1845,,,[],0.007438282482326031,True,,,,0,0,10,10,False
control_0p20_right_mid_late_stance_moderate_ice_preregistered_v1,pair_106,control,right,right,none,6,2445,2784,2445,,,[],0.007085189688950777,True,,,,0,0,10,10,False
positive_0p20_right_mid_late_stance_moderate_ice_preregistered_v2,pair_107,positive,right,left,none,0,44,392,44,,,[],0.004683514591306448,True,,,,0,0,10,10,False
positive_0p20_right_mid_late_stance_moderate_ice_preregistered_v2,pair_107,positive,right,left,none,1,398,401,398,,,[],0.0004000762419309467,False,,,,0,0,3,3,False
positive_0p20_right_mid_late_stance_moderate_ice_preregistered_v2,pair_107,positive,right,left,none,2,712,1046,712,,,[],0.0021593007259070873,True,,,,0,0,10,15,False
positive_0p20_right_mid_late_stance_moderate_ice_preregistered_v2,pair_107,positive,right,left,none,3,1301,1627,1301,,,[],0.002644472988322377,True,,,,0,0,10,16,False
positive_0p20_right_mid_late_stance_moderate_ice_preregistered_v2,pair_107,positive,right,left,none,4,1908,2228,1908,,,[],0.0033084547612816095,True,,,,0,0,10,17,False
positive_0p20_right_mid_late_stance_moderate_ice_preregistered_v2,pair_107,positive,right,left,none,5,2500,2827,2500,,,[],0.0026421602815389633,True,,,,0,0,10,16,False
positive_0p20_right_mid_late_stance_moderate_ice_preregistered_v2,pair_107,positive,right,right,none,0,34,166,34,,,[],0.001407899078913033,True,,,,0,0,10,10,False
positive_0p20_right_mid_late_stance_moderate_ice_preregistered_v2,pair_107,positive,right,right,none,1,363,744,363,,,[],0.009109966456890106,True,,,,0,0,10,10,False
positive_0p20_right_mid_late_stance_moderate_ice_preregistered_v2,pair_107,positive,right,right,none,2,998,1344,998,,,[],0.0060713388957083225,True,,,,0,0,10,10,False
positive_0p20_right_mid_late_stance_moderate_ice_preregistered_v2,pair_107,positive,right,right,none,3,1596,1944,1596,,,[],0.006756676360964775,True,,,,0,0,10,10,False
positive_0p20_right_mid_late_stance_moderate_ice_preregistered_v2,pair_107,positive,right,right,none,4,2191,2530,2191,,,[],0.007790654897689819,True,,,,0,0,10,10,False
positive_0p20_right_mid_late_stance_moderate_ice_preregistered_v2,pair_107,positive,right,right,none,5,2533,2540,2533,,,[],0.0005790814175270498,False,,,,0,0,7,7,False
positive_0p20_right_mid_late_stance_moderate_ice_preregistered_v2,pair_107,positive,right,right,none,6,2792,3000,2792,,,[],0.0073855603113770485,True,,,,0,0,10,10,False
control_0p20_right_mid_late_stance_moderate_ice_preregistered_v2,pair_107,control,right,left,none,0,44,392,44,,,[],0.004683514591306448,True,,,,0,0,10,10,False
control_0p20_right_mid_late_stance_moderate_ice_preregistered_v2,pair_107,control,right,left,none,1,398,401,398,,,[],0.0004000762419309467,False,,,,0,0,3,3,False
control_0p20_right_mid_late_stance_moderate_ice_preregistered_v2,pair_107,control,right,left,none,2,712,1046,712,,,[],0.0021593007259070873,True,,,,0,0,10,15,False
control_0p20_right_mid_late_stance_moderate_ice_preregistered_v2,pair_107,control,right,left,none,3,1301,1627,1301,,,[],0.002644472988322377,True,,,,0,0,10,16,False
control_0p20_right_mid_late_stance_moderate_ice_preregistered_v2,pair_107,control,right,left,none,4,1908,2228,1908,,,[],0.0033084547612816095,True,,,,0,0,10,17,False
control_0p20_right_mid_late_stance_moderate_ice_preregistered_v2,pair_107,control,right,left,none,5,2500,2827,2500,,,[],0.0026421602815389633,True,,,,0,0,10,16,False
control_0p20_right_mid_late_stance_moderate_ice_preregistered_v2,pair_107,control,right,right,none,0,34,166,34,,,[],0.001407899078913033,True,,,,0,0,10,10,False
control_0p20_right_mid_late_stance_moderate_ice_preregistered_v2,pair_107,control,right,right,none,1,363,744,363,,,[],0.009109966456890106,True,,,,0,0,10,10,False
control_0p20_right_mid_late_stance_moderate_ice_preregistered_v2,pair_107,control,right,right,none,2,998,1344,998,,,[],0.0060713388957083225,True,,,,0,0,10,10,False
control_0p20_right_mid_late_stance_moderate_ice_preregistered_v2,pair_107,control,right,right,none,3,1596,1944,1596,,,[],0.006756676360964775,True,,,,0,0,10,10,False
control_0p20_right_mid_late_stance_moderate_ice_preregistered_v2,pair_107,control,right,right,none,4,2191,2530,2191,,,[],0.007790654897689819,True,,,,0,0,10,10,False
control_0p20_right_mid_late_stance_moderate_ice_preregistered_v2,pair_107,control,right,right,none,5,2533,2540,2533,,,[],0.0005790814175270498,False,,,,0,0,7,7,False
control_0p20_right_mid_late_stance_moderate_ice_preregistered_v2,pair_107,control,right,right,none,6,2792,3000,2792,,,[],0.0073855603113770485,True,,,,0,0,10,10,False
