pair_id,positive_run_id,control_run_id,speed_mps,target_foot,target_phase,severity,category,history_start_sample,history_end_sample_inclusive,future_sample_count,finite_comparison_values,mean_absolute_pair_difference,maximum_absolute_pair_difference,positive_mean,control_mean
pair_000,positive_0p10_left_early_loading_native_strong_ice_v0,control_0p10_left_early_loading_native_strong_ice_v0,0.1,left,early_loading,native_strong_ice,target_foot_fsr,0,156,0,628,0.0,0.0,77.03494262695312,77.03494262695312
pair_000,positive_0p10_left_early_loading_native_strong_ice_v0,control_0p10_left_early_loading_native_strong_ice_v0,0.1,left,early_loading,native_strong_ice,target_foot_imu,0,156,0,942,0.0,0.0,1.6164414882659912,1.6164414882659912
pair_000,positive_0p10_left_early_loading_native_strong_ice_v0,control_0p10_left_early_loading_native_strong_ice_v0,0.1,left,early_loading,native_strong_ice,contralateral_fsr,0,156,0,628,0.0,0.0,9.126360893249512,9.126360893249512
pair_000,positive_0p10_left_early_loading_native_strong_ice_v0,control_0p10_left_early_loading_native_strong_ice_v0,0.1,left,early_loading,native_strong_ice,contralateral_imu,0,156,0,942,0.0,0.0,2.0013186931610107,2.0013186931610107
pair_000,positive_0p10_left_early_loading_native_strong_ice_v0,control_0p10_left_early_loading_native_strong_ice_v0,0.1,left,early_loading,native_strong_ice,bilateral_asymmetry,0,156,0,1570,0.0,0.0,26.93250846862793,26.93250846862793
pair_000,positive_0p10_left_early_loading_native_strong_ice_v0,control_0p10_left_early_loading_native_strong_ice_v0,0.1,left,early_loading,native_strong_ice,contact_anchor_drift_label_only,0,156,0,121,0.0,0.0,0.0011640540324151516,0.0011640540324151516
pair_001,positive_0p10_left_early_loading_native_strong_ice_v1,control_0p10_left_early_loading_native_strong_ice_v1,0.1,left,early_loading,native_strong_ice,target_foot_fsr,0,159,0,640,0.0,0.0,14.81153678894043,14.81153678894043
pair_001,positive_0p10_left_early_loading_native_strong_ice_v1,control_0p10_left_early_loading_native_strong_ice_v1,0.1,left,early_loading,native_strong_ice,target_foot_imu,0,159,0,960,0.0,0.0,1.9722294807434082,1.9722294807434082
pair_001,positive_0p10_left_early_loading_native_strong_ice_v1,control_0p10_left_early_loading_native_strong_ice_v1,0.1,left,early_loading,native_strong_ice,contralateral_fsr,0,159,0,640,0.0,0.0,73.56257629394531,73.56257629394531
pair_001,positive_0p10_left_early_loading_native_strong_ice_v1,control_0p10_left_early_loading_native_strong_ice_v1,0.1,left,early_loading,native_strong_ice,contralateral_imu,0,159,0,960,0.0,0.0,1.6419867277145386,1.6419867277145386
pair_001,positive_0p10_left_early_loading_native_strong_ice_v1,control_0p10_left_early_loading_native_strong_ice_v1,0.1,left,early_loading,native_strong_ice,bilateral_asymmetry,0,159,0,1600,0.0,0.0,-23.302270889282227,-23.302270889282227
pair_001,positive_0p10_left_early_loading_native_strong_ice_v1,control_0p10_left_early_loading_native_strong_ice_v1,0.1,left,early_loading,native_strong_ice,contact_anchor_drift_label_only,0,159,0,50,0.0,0.0,0.0002885450376197696,0.0002885450376197696
pair_002,positive_0p10_left_early_loading_native_strong_ice_v2,control_0p10_left_early_loading_native_strong_ice_v2,0.1,left,early_loading,native_strong_ice,target_foot_fsr,0,164,0,660,0.0,0.0,45.813682556152344,45.813682556152344
pair_002,positive_0p10_left_early_loading_native_strong_ice_v2,control_0p10_left_early_loading_native_strong_ice_v2,0.1,left,early_loading,native_strong_ice,target_foot_imu,0,164,0,990,0.0,0.0,1.6704181432724,1.6704181432724
pair_002,positive_0p10_left_early_loading_native_strong_ice_v2,control_0p10_left_early_loading_native_strong_ice_v2,0.1,left,early_loading,native_strong_ice,contralateral_fsr,0,164,0,660,0.0,0.0,40.091060638427734,40.091060638427734
pair_002,positive_0p10_left_early_loading_native_strong_ice_v2,control_0p10_left_early_loading_native_strong_ice_v2,0.1,left,early_loading,native_strong_ice,contralateral_imu,0,164,0,990,0.0,0.0,1.4741714000701904,1.4741714000701904
pair_002,positive_0p10_left_early_loading_native_strong_ice_v2,control_0p10_left_early_loading_native_strong_ice_v2,0.1,left,early_loading,native_strong_ice,bilateral_asymmetry,0,164,0,1650,0.0,0.0,2.4067962169647217,2.4067962169647217
pair_002,positive_0p10_left_early_loading_native_strong_ice_v2,control_0p10_left_early_loading_native_strong_ice_v2,0.1,left,early_loading,native_strong_ice,contact_anchor_drift_label_only,0,164,0,121,0.0,0.0,0.003992185462266207,0.003992185462266207
pair_003,positive_0p10_left_early_loading_moderate_ice_preregistered_v0,control_0p10_left_early_loading_moderate_ice_preregistered_v0,0.1,left,early_loading,moderate_ice_preregistered,target_foot_fsr,0,156,0,628,0.0,0.0,77.02742767333984,77.02742767333984
pair_003,positive_0p10_left_early_loading_moderate_ice_preregistered_v0,control_0p10_left_early_loading_moderate_ice_preregistered_v0,0.1,left,early_loading,moderate_ice_preregistered,target_foot_imu,0,156,0,942,0.0,0.0,1.6185715198516846,1.6185715198516846
pair_003,positive_0p10_left_early_loading_moderate_ice_preregistered_v0,control_0p10_left_early_loading_moderate_ice_preregistered_v0,0.1,left,early_loading,moderate_ice_preregistered,contralateral_fsr,0,156,0,628,0.0,0.0,9.131287574768066,9.131287574768066
pair_003,positive_0p10_left_early_loading_moderate_ice_preregistered_v0,control_0p10_left_early_loading_moderate_ice_preregistered_v0,0.1,left,early_loading,moderate_ice_preregistered,contralateral_imu,0,156,0,942,0.0,0.0,2.0003724098205566,2.0003724098205566
pair_003,positive_0p10_left_early_loading_moderate_ice_preregistered_v0,control_0p10_left_early_loading_moderate_ice_preregistered_v0,0.1,left,early_loading,moderate_ice_preregistered,bilateral_asymmetry,0,156,0,1570,0.0,0.0,26.92937469482422,26.92937469482422
pair_003,positive_0p10_left_early_loading_moderate_ice_preregistered_v0,control_0p10_left_early_loading_moderate_ice_preregistered_v0,0.1,left,early_loading,moderate_ice_preregistered,contact_anchor_drift_label_only,0,156,0,121,0.0,0.0,0.00115189328789711,0.00115189328789711
pair_004,positive_0p10_left_early_loading_moderate_ice_preregistered_v1,control_0p10_left_early_loading_moderate_ice_preregistered_v1,0.1,left,early_loading,moderate_ice_preregistered,target_foot_fsr,0,159,0,640,0.0,0.0,14.810467720031738,14.810467720031738
pair_004,positive_0p10_left_early_loading_moderate_ice_preregistered_v1,control_0p10_left_early_loading_moderate_ice_preregistered_v1,0.1,left,early_loading,moderate_ice_preregistered,target_foot_imu,0,159,0,960,0.0,0.0,1.9722354412078857,1.9722354412078857
pair_004,positive_0p10_left_early_loading_moderate_ice_preregistered_v1,control_0p10_left_early_loading_moderate_ice_preregistered_v1,0.1,left,early_loading,moderate_ice_preregistered,contralateral_fsr,0,159,0,640,0.0,0.0,73.56367492675781,73.56367492675781
pair_004,positive_0p10_left_early_loading_moderate_ice_preregistered_v1,control_0p10_left_early_loading_moderate_ice_preregistered_v1,0.1,left,early_loading,moderate_ice_preregistered,contralateral_imu,0,159,0,960,0.0,0.0,1.64168381690979,1.64168381690979
pair_004,positive_0p10_left_early_loading_moderate_ice_preregistered_v1,control_0p10_left_early_loading_moderate_ice_preregistered_v1,0.1,left,early_loading,moderate_ice_preregistered,bilateral_asymmetry,0,159,0,1600,0.0,0.0,-23.302949905395508,-23.302949905395508
pair_004,positive_0p10_left_early_loading_moderate_ice_preregistered_v1,control_0p10_left_early_loading_moderate_ice_preregistered_v1,0.1,left,early_loading,moderate_ice_preregistered,contact_anchor_drift_label_only,0,159,0,50,0.0,0.0,0.00028893063426949084,0.00028893063426949084
pair_005,positive_0p10_left_early_loading_moderate_ice_preregistered_v2,control_0p10_left_early_loading_moderate_ice_preregistered_v2,0.1,left,early_loading,moderate_ice_preregistered,target_foot_fsr,0,164,0,660,0.0,0.0,45.781856536865234,45.781856536865234
pair_005,positive_0p10_left_early_loading_moderate_ice_preregistered_v2,control_0p10_left_early_loading_moderate_ice_preregistered_v2,0.1,left,early_loading,moderate_ice_preregistered,target_foot_imu,0,164,0,990,0.0,0.0,1.6722010374069214,1.6722010374069214
pair_005,positive_0p10_left_early_loading_moderate_ice_preregistered_v2,control_0p10_left_early_loading_moderate_ice_preregistered_v2,0.1,left,early_loading,moderate_ice_preregistered,contralateral_fsr,0,164,0,660,0.0,0.0,40.12193298339844,40.12193298339844
pair_005,positive_0p10_left_early_loading_moderate_ice_preregistered_v2,control_0p10_left_early_loading_moderate_ice_preregistered_v2,0.1,left,early_loading,moderate_ice_preregistered,contralateral_imu,0,164,0,990,0.0,0.0,1.4765942096710205,1.4765942096710205
pair_005,positive_0p10_left_early_loading_moderate_ice_preregistered_v2,control_0p10_left_early_loading_moderate_ice_preregistered_v2,0.1,left,early_loading,moderate_ice_preregistered,bilateral_asymmetry,0,164,0,1650,0.0,0.0,2.381333351135254,2.381333351135254
pair_005,positive_0p10_left_early_loading_moderate_ice_preregistered_v2,control_0p10_left_early_loading_moderate_ice_preregistered_v2,0.1,left,early_loading,moderate_ice_preregistered,contact_anchor_drift_label_only,0,164,0,121,0.0,0.0,0.003990449011325836,0.003990449011325836
pair_006,positive_0p10_left_mid_loading_early_stance_native_strong_ice_v0,control_0p10_left_mid_loading_early_stance_native_strong_ice_v0,0.1,left,mid_loading_early_stance,native_strong_ice,target_foot_fsr,96,296,0,804,0.0,0.0,46.69122314453125,46.69122314453125
pair_006,positive_0p10_left_mid_loading_early_stance_native_strong_ice_v0,control_0p10_left_mid_loading_early_stance_native_strong_ice_v0,0.1,left,mid_loading_early_stance,native_strong_ice,target_foot_imu,96,296,0,1206,0.0,0.0,1.6280876398086548,1.6280876398086548
pair_006,positive_0p10_left_mid_loading_early_stance_native_strong_ice_v0,control_0p10_left_mid_loading_early_stance_native_strong_ice_v0,0.1,left,mid_loading_early_stance,native_strong_ice,contralateral_fsr,96,296,0,804,0.0,0.0,41.45975112915039,41.45975112915039
pair_006,positive_0p10_left_mid_loading_early_stance_native_strong_ice_v0,control_0p10_left_mid_loading_early_stance_native_strong_ice_v0,0.1,left,mid_loading_early_stance,native_strong_ice,contralateral_imu,96,296,0,1206,0.0,0.0,1.5910427570343018,1.5910427570343018
pair_006,positive_0p10_left_mid_loading_early_stance_native_strong_ice_v0,control_0p10_left_mid_loading_early_stance_native_strong_ice_v0,0.1,left,mid_loading_early_stance,native_strong_ice,bilateral_asymmetry,96,296,0,2010,0.0,0.0,2.114816427230835,2.114816427230835
pair_006,positive_0p10_left_mid_loading_early_stance_native_strong_ice_v0,control_0p10_left_mid_loading_early_stance_native_strong_ice_v0,0.1,left,mid_loading_early_stance,native_strong_ice,contact_anchor_drift_label_only,96,296,0,147,0.0,0.0,0.0012312174076214433,0.0012312174076214433
pair_007,positive_0p10_left_mid_loading_early_stance_native_strong_ice_v1,control_0p10_left_mid_loading_early_stance_native_strong_ice_v1,0.1,left,mid_loading_early_stance,native_strong_ice,target_foot_fsr,99,299,0,804,0.0,0.0,0.0,0.0
pair_007,positive_0p10_left_mid_loading_early_stance_native_strong_ice_v1,control_0p10_left_mid_loading_early_stance_native_strong_ice_v1,0.1,left,mid_loading_early_stance,native_strong_ice,target_foot_imu,99,299,0,1206,0.0,0.0,2.1027634143829346,2.1027634143829346
pair_007,positive_0p10_left_mid_loading_early_stance_native_strong_ice_v1,control_0p10_left_mid_loading_early_stance_native_strong_ice_v1,0.1,left,mid_loading_early_stance,native_strong_ice,contralateral_fsr,99,299,0,804,0.0,0.0,77.43756103515625,77.43756103515625
pair_007,positive_0p10_left_mid_loading_early_stance_native_strong_ice_v1,control_0p10_left_mid_loading_early_stance_native_strong_ice_v1,0.1,left,mid_loading_early_stance,native_strong_ice,contralateral_imu,99,299,0,1206,0.0,0.0,1.7274779081344604,1.7274779081344604
pair_007,positive_0p10_left_mid_loading_early_stance_native_strong_ice_v1,control_0p10_left_mid_loading_early_stance_native_strong_ice_v1,0.1,left,mid_loading_early_stance,native_strong_ice,bilateral_asymmetry,99,299,0,2010,0.0,0.0,-30.749853134155273,-30.749853134155273
pair_007,positive_0p10_left_mid_loading_early_stance_native_strong_ice_v1,control_0p10_left_mid_loading_early_stance_native_strong_ice_v1,0.1,left,mid_loading_early_stance,native_strong_ice,contact_anchor_drift_label_only,99,299,0,0,,,nan,nan
pair_008,positive_0p10_left_mid_loading_early_stance_native_strong_ice_v2,control_0p10_left_mid_loading_early_stance_native_strong_ice_v2,0.1,left,mid_loading_early_stance,native_strong_ice,target_foot_fsr,104,304,0,804,0.0,0.0,79.759033203125,79.759033203125
pair_008,positive_0p10_left_mid_loading_early_stance_native_strong_ice_v2,control_0p10_left_mid_loading_early_stance_native_strong_ice_v2,0.1,left,mid_loading_early_stance,native_strong_ice,target_foot_imu,104,304,0,1206,0.0,0.0,1.6306352615356445,1.6306352615356445
pair_008,positive_0p10_left_mid_loading_early_stance_native_strong_ice_v2,control_0p10_left_mid_loading_early_stance_native_strong_ice_v2,0.1,left,mid_loading_early_stance,native_strong_ice,contralateral_fsr,104,304,0,804,0.0,0.0,4.203868865966797,4.203868865966797
pair_008,positive_0p10_left_mid_loading_early_stance_native_strong_ice_v2,control_0p10_left_mid_loading_early_stance_native_strong_ice_v2,0.1,left,mid_loading_early_stance,native_strong_ice,contralateral_imu,104,304,0,1206,0.0,0.0,2.3212201595306396,2.3212201595306396
pair_008,positive_0p10_left_mid_loading_early_stance_native_strong_ice_v2,control_0p10_left_mid_loading_early_stance_native_strong_ice_v2,0.1,left,mid_loading_early_stance,native_strong_ice,bilateral_asymmetry,104,304,0,2010,0.0,0.0,29.807716369628906,29.807716369628906
pair_008,positive_0p10_left_mid_loading_early_stance_native_strong_ice_v2,control_0p10_left_mid_loading_early_stance_native_strong_ice_v2,0.1,left,mid_loading_early_stance,native_strong_ice,contact_anchor_drift_label_only,104,304,0,201,0.0,0.0,0.004185495898127556,0.004185495898127556
pair_009,positive_0p10_left_mid_loading_early_stance_moderate_ice_preregistered_v0,control_0p10_left_mid_loading_early_stance_moderate_ice_preregistered_v0,0.1,left,mid_loading_early_stance,moderate_ice_preregistered,target_foot_fsr,96,296,0,804,0.0,0.0,46.681034088134766,46.681034088134766
pair_009,positive_0p10_left_mid_loading_early_stance_moderate_ice_preregistered_v0,control_0p10_left_mid_loading_early_stance_moderate_ice_preregistered_v0,0.1,left,mid_loading_early_stance,moderate_ice_preregistered,target_foot_imu,96,296,0,1206,0.0,0.0,1.6265697479248047,1.6265697479248047
pair_009,positive_0p10_left_mid_loading_early_stance_moderate_ice_preregistered_v0,control_0p10_left_mid_loading_early_stance_moderate_ice_preregistered_v0,0.1,left,mid_loading_early_stance,moderate_ice_preregistered,contralateral_fsr,96,296,0,804,0.0,0.0,41.46553421020508,41.46553421020508
pair_009,positive_0p10_left_mid_loading_early_stance_moderate_ice_preregistered_v0,control_0p10_left_mid_loading_early_stance_moderate_ice_preregistered_v0,0.1,left,mid_loading_early_stance,moderate_ice_preregistered,contralateral_imu,96,296,0,1206,0.0,0.0,1.5912832021713257,1.5912832021713257
pair_009,positive_0p10_left_mid_loading_early_stance_moderate_ice_preregistered_v0,control_0p10_left_mid_loading_early_stance_moderate_ice_preregistered_v0,0.1,left,mid_loading_early_stance,moderate_ice_preregistered,bilateral_asymmetry,96,296,0,2010,0.0,0.0,2.1073713302612305,2.1073713302612305
pair_009,positive_0p10_left_mid_loading_early_stance_moderate_ice_preregistered_v0,control_0p10_left_mid_loading_early_stance_moderate_ice_preregistered_v0,0.1,left,mid_loading_early_stance,moderate_ice_preregistered,contact_anchor_drift_label_only,96,296,0,147,0.0,0.0,0.0012231998844072223,0.0012231998844072223
pair_010,positive_0p10_left_mid_loading_early_stance_moderate_ice_preregistered_v1,control_0p10_left_mid_loading_early_stance_moderate_ice_preregistered_v1,0.1,left,mid_loading_early_stance,moderate_ice_preregistered,target_foot_fsr,99,299,0,804,0.0,0.0,0.0,0.0
pair_010,positive_0p10_left_mid_loading_early_stance_moderate_ice_preregistered_v1,control_0p10_left_mid_loading_early_stance_moderate_ice_preregistered_v1,0.1,left,mid_loading_early_stance,moderate_ice_preregistered,target_foot_imu,99,299,0,1206,0.0,0.0,2.1026391983032227,2.1026391983032227
pair_010,positive_0p10_left_mid_loading_early_stance_moderate_ice_preregistered_v1,control_0p10_left_mid_loading_early_stance_moderate_ice_preregistered_v1,0.1,left,mid_loading_early_stance,moderate_ice_preregistered,contralateral_fsr,99,299,0,804,0.0,0.0,77.43541717529297,77.43541717529297
pair_010,positive_0p10_left_mid_loading_early_stance_moderate_ice_preregistered_v1,control_0p10_left_mid_loading_early_stance_moderate_ice_preregistered_v1,0.1,left,mid_loading_early_stance,moderate_ice_preregistered,contralateral_imu,99,299,0,1206,0.0,0.0,1.7273892164230347,1.7273892164230347
pair_010,positive_0p10_left_mid_loading_early_stance_moderate_ice_preregistered_v1,control_0p10_left_mid_loading_early_stance_moderate_ice_preregistered_v1,0.1,left,mid_loading_early_stance,moderate_ice_preregistered,bilateral_asymmetry,99,299,0,2010,0.0,0.0,-30.74901580810547,-30.74901580810547
pair_010,positive_0p10_left_mid_loading_early_stance_moderate_ice_preregistered_v1,control_0p10_left_mid_loading_early_stance_moderate_ice_preregistered_v1,0.1,left,mid_loading_early_stance,moderate_ice_preregistered,contact_anchor_drift_label_only,99,299,0,0,,,nan,nan
pair_011,positive_0p10_left_mid_loading_early_stance_moderate_ice_preregistered_v2,control_0p10_left_mid_loading_early_stance_moderate_ice_preregistered_v2,0.1,left,mid_loading_early_stance,moderate_ice_preregistered,target_foot_fsr,104,304,0,804,0.0,0.0,79.74976348876953,79.74976348876953
pair_011,positive_0p10_left_mid_loading_early_stance_moderate_ice_preregistered_v2,control_0p10_left_mid_loading_early_stance_moderate_ice_preregistered_v2,0.1,left,mid_loading_early_stance,moderate_ice_preregistered,target_foot_imu,104,304,0,1206,0.0,0.0,1.6306195259094238,1.6306195259094238
pair_011,positive_0p10_left_mid_loading_early_stance_moderate_ice_preregistered_v2,control_0p10_left_mid_loading_early_stance_moderate_ice_preregistered_v2,0.1,left,mid_loading_early_stance,moderate_ice_preregistered,contralateral_fsr,104,304,0,804,0.0,0.0,4.2110700607299805,4.2110700607299805
pair_011,positive_0p10_left_mid_loading_early_stance_moderate_ice_preregistered_v2,control_0p10_left_mid_loading_early_stance_moderate_ice_preregistered_v2,0.1,left,mid_loading_early_stance,moderate_ice_preregistered,contralateral_imu,104,304,0,1206,0.0,0.0,2.319694757461548,2.319694757461548
pair_011,positive_0p10_left_mid_loading_early_stance_moderate_ice_preregistered_v2,control_0p10_left_mid_loading_early_stance_moderate_ice_preregistered_v2,0.1,left,mid_loading_early_stance,moderate_ice_preregistered,bilateral_asymmetry,104,304,0,2010,0.0,0.0,29.802032470703125,29.802032470703125
pair_011,positive_0p10_left_mid_loading_early_stance_moderate_ice_preregistered_v2,control_0p10_left_mid_loading_early_stance_moderate_ice_preregistered_v2,0.1,left,mid_loading_early_stance,moderate_ice_preregistered,contact_anchor_drift_label_only,104,304,0,201,0.0,0.0,0.004184897057712078,0.004184897057712078
pair_012,positive_0p10_left_mid_late_stance_native_strong_ice_v0,control_0p10_left_mid_late_stance_native_strong_ice_v0,0.1,left,mid_late_stance,native_strong_ice,target_foot_fsr,436,636,0,804,0.0,0.0,31.096378326416016,31.096378326416016
pair_012,positive_0p10_left_mid_late_stance_native_strong_ice_v0,control_0p10_left_mid_late_stance_native_strong_ice_v0,0.1,left,mid_late_stance,native_strong_ice,target_foot_imu,436,636,0,1206,0.0,0.0,1.167627215385437,1.167627215385437
pair_012,positive_0p10_left_mid_late_stance_native_strong_ice_v0,control_0p10_left_mid_late_stance_native_strong_ice_v0,0.1,left,mid_late_stance,native_strong_ice,contralateral_fsr,436,636,0,804,0.0,0.0,57.905189514160156,57.905189514160156
pair_012,positive_0p10_left_mid_late_stance_native_strong_ice_v0,control_0p10_left_mid_late_stance_native_strong_ice_v0,0.1,left,mid_late_stance,native_strong_ice,contralateral_imu,436,636,0,1206,0.0,0.0,1.4315159320831299,1.4315159320831299
pair_012,positive_0p10_left_mid_late_stance_native_strong_ice_v0,control_0p10_left_mid_late_stance_native_strong_ice_v0,0.1,left,mid_late_stance,native_strong_ice,bilateral_asymmetry,436,636,0,2010,0.0,0.0,-10.88185977935791,-10.88185977935791
pair_012,positive_0p10_left_mid_late_stance_native_strong_ice_v0,control_0p10_left_mid_late_stance_native_strong_ice_v0,0.1,left,mid_late_stance,native_strong_ice,contact_anchor_drift_label_only,436,636,0,74,0.0,0.0,0.0005201166495680809,0.0005201166495680809
pair_013,positive_0p10_left_mid_late_stance_native_strong_ice_v1,control_0p10_left_mid_late_stance_native_strong_ice_v1,0.1,left,mid_late_stance,native_strong_ice,target_foot_fsr,439,639,0,804,0.0,0.0,80.4414291381836,80.4414291381836
pair_013,positive_0p10_left_mid_late_stance_native_strong_ice_v1,control_0p10_left_mid_late_stance_native_strong_ice_v1,0.1,left,mid_late_stance,native_strong_ice,target_foot_imu,439,639,0,1206,0.0,0.0,1.6379733085632324,1.6379733085632324
pair_013,positive_0p10_left_mid_late_stance_native_strong_ice_v1,control_0p10_left_mid_late_stance_native_strong_ice_v1,0.1,left,mid_late_stance,native_strong_ice,contralateral_fsr,439,639,0,804,0.0,0.0,0.0,0.0
pair_013,positive_0p10_left_mid_late_stance_native_strong_ice_v1,control_0p10_left_mid_late_stance_native_strong_ice_v1,0.1,left,mid_late_stance,native_strong_ice,contralateral_imu,439,639,0,1206,0.0,0.0,1.879770278930664,1.879770278930664
pair_013,positive_0p10_left_mid_late_stance_native_strong_ice_v1,control_0p10_left_mid_late_stance_native_strong_ice_v1,0.1,left,mid_late_stance,native_strong_ice,bilateral_asymmetry,439,639,0,2010,0.0,0.0,32.031494140625,32.031494140625
pair_013,positive_0p10_left_mid_late_stance_native_strong_ice_v1,control_0p10_left_mid_late_stance_native_strong_ice_v1,0.1,left,mid_late_stance,native_strong_ice,contact_anchor_drift_label_only,439,639,0,201,0.0,0.0,0.007571828085929155,0.007571828085929155
pair_014,positive_0p10_left_mid_late_stance_native_strong_ice_v2,control_0p10_left_mid_late_stance_native_strong_ice_v2,0.1,left,mid_late_stance,native_strong_ice,target_foot_fsr,444,644,0,804,0.0,0.0,0.0,0.0
pair_014,positive_0p10_left_mid_late_stance_native_strong_ice_v2,control_0p10_left_mid_late_stance_native_strong_ice_v2,0.1,left,mid_late_stance,native_strong_ice,target_foot_imu,444,644,0,1206,0.0,0.0,2.1206839084625244,2.1206839084625244
pair_014,positive_0p10_left_mid_late_stance_native_strong_ice_v2,control_0p10_left_mid_late_stance_native_strong_ice_v2,0.1,left,mid_late_stance,native_strong_ice,contralateral_fsr,444,644,0,804,0.0,0.0,81.1397933959961,81.1397933959961
pair_014,positive_0p10_left_mid_late_stance_native_strong_ice_v2,control_0p10_left_mid_late_stance_native_strong_ice_v2,0.1,left,mid_late_stance,native_strong_ice,contralateral_imu,444,644,0,1206,0.0,0.0,1.6229808330535889,1.6229808330535889
pair_014,positive_0p10_left_mid_late_stance_native_strong_ice_v2,control_0p10_left_mid_late_stance_native_strong_ice_v2,0.1,left,mid_late_stance,native_strong_ice,bilateral_asymmetry,444,644,0,2010,0.0,0.0,-32.15729522705078,-32.15729522705078
pair_014,positive_0p10_left_mid_late_stance_native_strong_ice_v2,control_0p10_left_mid_late_stance_native_strong_ice_v2,0.1,left,mid_late_stance,native_strong_ice,contact_anchor_drift_label_only,444,644,0,0,,,nan,nan
pair_015,positive_0p10_left_mid_late_stance_moderate_ice_preregistered_v0,control_0p10_left_mid_late_stance_moderate_ice_preregistered_v0,0.1,left,mid_late_stance,moderate_ice_preregistered,target_foot_fsr,436,636,0,804,0.0,0.0,31.192302703857422,31.192302703857422
pair_015,positive_0p10_left_mid_late_stance_moderate_ice_preregistered_v0,control_0p10_left_mid_late_stance_moderate_ice_preregistered_v0,0.1,left,mid_late_stance,moderate_ice_preregistered,target_foot_imu,436,636,0,1206,0.0,0.0,1.1633590459823608,1.1633590459823608
pair_015,positive_0p10_left_mid_late_stance_moderate_ice_preregistered_v0,control_0p10_left_mid_late_stance_moderate_ice_preregistered_v0,0.1,left,mid_late_stance,moderate_ice_preregistered,contralateral_fsr,436,636,0,804,0.0,0.0,57.84151077270508,57.84151077270508
pair_015,positive_0p10_left_mid_late_stance_moderate_ice_preregistered_v0,control_0p10_left_mid_late_stance_moderate_ice_preregistered_v0,0.1,left,mid_late_stance,moderate_ice_preregistered,contralateral_imu,436,636,0,1206,0.0,0.0,1.4326879978179932,1.4326879978179932
pair_015,positive_0p10_left_mid_late_stance_moderate_ice_preregistered_v0,control_0p10_left_mid_late_stance_moderate_ice_preregistered_v0,0.1,left,mid_late_stance,moderate_ice_preregistered,bilateral_asymmetry,436,636,0,2010,0.0,0.0,-10.821281433105469,-10.821281433105469
pair_015,positive_0p10_left_mid_late_stance_moderate_ice_preregistered_v0,control_0p10_left_mid_late_stance_moderate_ice_preregistered_v0,0.1,left,mid_late_stance,moderate_ice_preregistered,contact_anchor_drift_label_only,436,636,0,74,0.0,0.0,0.0005293974536471069,0.0005293974536471069
pair_016,positive_0p10_left_mid_late_stance_moderate_ice_preregistered_v1,control_0p10_left_mid_late_stance_moderate_ice_preregistered_v1,0.1,left,mid_late_stance,moderate_ice_preregistered,target_foot_fsr,439,639,0,804,0.0,0.0,80.44200897216797,80.44200897216797
pair_016,positive_0p10_left_mid_late_stance_moderate_ice_preregistered_v1,control_0p10_left_mid_late_stance_moderate_ice_preregistered_v1,0.1,left,mid_late_stance,moderate_ice_preregistered,target_foot_imu,439,639,0,1206,0.0,0.0,1.6379756927490234,1.6379756927490234
pair_016,positive_0p10_left_mid_late_stance_moderate_ice_preregistered_v1,control_0p10_left_mid_late_stance_moderate_ice_preregistered_v1,0.1,left,mid_late_stance,moderate_ice_preregistered,contralateral_fsr,439,639,0,804,0.0,0.0,0.0,0.0
pair_016,positive_0p10_left_mid_late_stance_moderate_ice_preregistered_v1,control_0p10_left_mid_late_stance_moderate_ice_preregistered_v1,0.1,left,mid_late_stance,moderate_ice_preregistered,contralateral_imu,439,639,0,1206,0.0,0.0,1.8802800178527832,1.8802800178527832
pair_016,positive_0p10_left_mid_late_stance_moderate_ice_preregistered_v1,control_0p10_left_mid_late_stance_moderate_ice_preregistered_v1,0.1,left,mid_late_stance,moderate_ice_preregistered,bilateral_asymmetry,439,639,0,2010,0.0,0.0,32.03142166137695,32.03142166137695
pair_016,positive_0p10_left_mid_late_stance_moderate_ice_preregistered_v1,control_0p10_left_mid_late_stance_moderate_ice_preregistered_v1,0.1,left,mid_late_stance,moderate_ice_preregistered,contact_anchor_drift_label_only,439,639,0,201,0.0,0.0,0.007573720067739487,0.007573720067739487
pair_017,positive_0p10_left_mid_late_stance_moderate_ice_preregistered_v2,control_0p10_left_mid_late_stance_moderate_ice_preregistered_v2,0.1,left,mid_late_stance,moderate_ice_preregistered,target_foot_fsr,444,644,0,804,0.0,0.0,0.0,0.0
pair_017,positive_0p10_left_mid_late_stance_moderate_ice_preregistered_v2,control_0p10_left_mid_late_stance_moderate_ice_preregistered_v2,0.1,left,mid_late_stance,moderate_ice_preregistered,target_foot_imu,444,644,0,1206,0.0,0.0,2.1227149963378906,2.1227149963378906
pair_017,positive_0p10_left_mid_late_stance_moderate_ice_preregistered_v2,control_0p10_left_mid_late_stance_moderate_ice_preregistered_v2,0.1,left,mid_late_stance,moderate_ice_preregistered,contralateral_fsr,444,644,0,804,0.0,0.0,81.14522552490234,81.14522552490234
pair_017,positive_0p10_left_mid_late_stance_moderate_ice_preregistered_v2,control_0p10_left_mid_late_stance_moderate_ice_preregistered_v2,0.1,left,mid_late_stance,moderate_ice_preregistered,contralateral_imu,444,644,0,1206,0.0,0.0,1.6230217218399048,1.6230217218399048
pair_017,positive_0p10_left_mid_late_stance_moderate_ice_preregistered_v2,control_0p10_left_mid_late_stance_moderate_ice_preregistered_v2,0.1,left,mid_late_stance,moderate_ice_preregistered,bilateral_asymmetry,444,644,0,2010,0.0,0.0,-32.15827560424805,-32.15827560424805
pair_017,positive_0p10_left_mid_late_stance_moderate_ice_preregistered_v2,control_0p10_left_mid_late_stance_moderate_ice_preregistered_v2,0.1,left,mid_late_stance,moderate_ice_preregistered,contact_anchor_drift_label_only,444,644,0,0,,,nan,nan
pair_018,positive_0p10_right_early_loading_native_strong_ice_v0,control_0p10_right_early_loading_native_strong_ice_v0,0.1,right,early_loading,native_strong_ice,target_foot_fsr,0,163,0,656,0.0,0.0,8.740300178527832,8.740300178527832
pair_018,positive_0p10_right_early_loading_native_strong_ice_v0,control_0p10_right_early_loading_native_strong_ice_v0,0.1,right,early_loading,native_strong_ice,target_foot_imu,0,163,0,984,0.0,0.0,2.065763473510742,2.065763473510742
pair_018,positive_0p10_right_early_loading_native_strong_ice_v0,control_0p10_right_early_loading_native_strong_ice_v0,0.1,right,early_loading,native_strong_ice,contralateral_fsr,0,163,0,656,0.0,0.0,77.06281280517578,77.06281280517578
pair_018,positive_0p10_right_early_loading_native_strong_ice_v0,control_0p10_right_early_loading_native_strong_ice_v0,0.1,right,early_loading,native_strong_ice,contralateral_imu,0,163,0,984,0.0,0.0,1.6194416284561157,1.6194416284561157
pair_018,positive_0p10_right_early_loading_native_strong_ice_v0,control_0p10_right_early_loading_native_strong_ice_v0,0.1,right,early_loading,native_strong_ice,bilateral_asymmetry,0,163,0,1640,0.0,0.0,-27.061214447021484,-27.061214447021484
pair_018,positive_0p10_right_early_loading_native_strong_ice_v0,control_0p10_right_early_loading_native_strong_ice_v0,0.1,right,early_loading,native_strong_ice,contact_anchor_drift_label_only,0,163,0,46,0.0,0.0,0.0010955305770039558,0.0010955305770039558
pair_019,positive_0p10_right_early_loading_native_strong_ice_v1,control_0p10_right_early_loading_native_strong_ice_v1,0.1,right,early_loading,native_strong_ice,target_foot_fsr,0,157,0,632,0.0,0.0,73.45914459228516,73.45914459228516
pair_019,positive_0p10_right_early_loading_native_strong_ice_v1,control_0p10_right_early_loading_native_strong_ice_v1,0.1,right,early_loading,native_strong_ice,target_foot_imu,0,157,0,948,0.0,0.0,1.6404542922973633,1.6404542922973633
pair_019,positive_0p10_right_early_loading_native_strong_ice_v1,control_0p10_right_early_loading_native_strong_ice_v1,0.1,right,early_loading,native_strong_ice,contralateral_fsr,0,157,0,632,0.0,0.0,14.994528770446777,14.994528770446777
pair_019,positive_0p10_right_early_loading_native_strong_ice_v1,control_0p10_right_early_loading_native_strong_ice_v1,0.1,right,early_loading,native_strong_ice,contralateral_imu,0,157,0,948,0.0,0.0,1.957627296447754,1.957627296447754
pair_019,positive_0p10_right_early_loading_native_strong_ice_v1,control_0p10_right_early_loading_native_strong_ice_v1,0.1,right,early_loading,native_strong_ice,bilateral_asymmetry,0,157,0,1580,0.0,0.0,23.195539474487305,23.195539474487305
pair_019,positive_0p10_right_early_loading_native_strong_ice_v1,control_0p10_right_early_loading_native_strong_ice_v1,0.1,right,early_loading,native_strong_ice,contact_anchor_drift_label_only,0,157,0,121,0.0,0.0,0.00033034043735824525,0.00033034043735824525
pair_020,positive_0p10_right_early_loading_native_strong_ice_v2,control_0p10_right_early_loading_native_strong_ice_v2,0.1,right,early_loading,native_strong_ice,target_foot_fsr,0,154,0,620,0.0,0.0,42.69453811645508,42.69453811645508
pair_020,positive_0p10_right_early_loading_native_strong_ice_v2,control_0p10_right_early_loading_native_strong_ice_v2,0.1,right,early_loading,native_strong_ice,target_foot_imu,0,154,0,930,0.0,0.0,1.5711392164230347,1.5711392164230347
pair_020,positive_0p10_right_early_loading_native_strong_ice_v2,control_0p10_right_early_loading_native_strong_ice_v2,0.1,right,early_loading,native_strong_ice,contralateral_fsr,0,154,0,620,0.0,0.0,43.29567337036133,43.29567337036133
pair_020,positive_0p10_right_early_loading_native_strong_ice_v2,control_0p10_right_early_loading_native_strong_ice_v2,0.1,right,early_loading,native_strong_ice,contralateral_imu,0,154,0,930,0.0,0.0,1.6732679605484009,1.6732679605484009
pair_020,positive_0p10_right_early_loading_native_strong_ice_v2,control_0p10_right_early_loading_native_strong_ice_v2,0.1,right,early_loading,native_strong_ice,bilateral_asymmetry,0,154,0,1550,0.0,0.0,-0.3017294704914093,-0.3017294704914093
pair_020,positive_0p10_right_early_loading_native_strong_ice_v2,control_0p10_right_early_loading_native_strong_ice_v2,0.1,right,early_loading,native_strong_ice,contact_anchor_drift_label_only,0,154,0,119,0.0,0.0,0.0006473710527643561,0.0006473710527643561
pair_021,positive_0p10_right_early_loading_moderate_ice_preregistered_v0,control_0p10_right_early_loading_moderate_ice_preregistered_v0,0.1,right,early_loading,moderate_ice_preregistered,target_foot_fsr,0,163,0,656,0.0,0.0,8.73766803741455,8.73766803741455
pair_021,positive_0p10_right_early_loading_moderate_ice_preregistered_v0,control_0p10_right_early_loading_moderate_ice_preregistered_v0,0.1,right,early_loading,moderate_ice_preregistered,target_foot_imu,0,163,0,984,0.0,0.0,2.06640362739563,2.06640362739563
pair_021,positive_0p10_right_early_loading_moderate_ice_preregistered_v0,control_0p10_right_early_loading_moderate_ice_preregistered_v0,0.1,right,early_loading,moderate_ice_preregistered,contralateral_fsr,0,163,0,656,0.0,0.0,77.06764221191406,77.06764221191406
pair_021,positive_0p10_right_early_loading_moderate_ice_preregistered_v0,control_0p10_right_early_loading_moderate_ice_preregistered_v0,0.1,right,early_loading,moderate_ice_preregistered,contralateral_imu,0,163,0,984,0.0,0.0,1.6182997226715088,1.6182997226715088
pair_021,positive_0p10_right_early_loading_moderate_ice_preregistered_v0,control_0p10_right_early_loading_moderate_ice_preregistered_v0,0.1,right,early_loading,moderate_ice_preregistered,bilateral_asymmetry,0,163,0,1640,0.0,0.0,-27.06313133239746,-27.06313133239746
pair_021,positive_0p10_right_early_loading_moderate_ice_preregistered_v0,control_0p10_right_early_loading_moderate_ice_preregistered_v0,0.1,right,early_loading,moderate_ice_preregistered,contact_anchor_drift_label_only,0,163,0,46,0.0,0.0,0.0010979046346619725,0.0010979046346619725
pair_022,positive_0p10_right_early_loading_moderate_ice_preregistered_v1,control_0p10_right_early_loading_moderate_ice_preregistered_v1,0.1,right,early_loading,moderate_ice_preregistered,target_foot_fsr,0,157,0,632,0.0,0.0,73.45894622802734,73.45894622802734
pair_022,positive_0p10_right_early_loading_moderate_ice_preregistered_v1,control_0p10_right_early_loading_moderate_ice_preregistered_v1,0.1,right,early_loading,moderate_ice_preregistered,target_foot_imu,0,157,0,948,0.0,0.0,1.6405091285705566,1.6405091285705566
pair_022,positive_0p10_right_early_loading_moderate_ice_preregistered_v1,control_0p10_right_early_loading_moderate_ice_preregistered_v1,0.1,right,early_loading,moderate_ice_preregistered,contralateral_fsr,0,157,0,632,0.0,0.0,14.994715690612793,14.994715690612793
pair_022,positive_0p10_right_early_loading_moderate_ice_preregistered_v1,control_0p10_right_early_loading_moderate_ice_preregistered_v1,0.1,right,early_loading,moderate_ice_preregistered,contralateral_imu,0,157,0,948,0.0,0.0,1.9576287269592285,1.9576287269592285
pair_022,positive_0p10_right_early_loading_moderate_ice_preregistered_v1,control_0p10_right_early_loading_moderate_ice_preregistered_v1,0.1,right,early_loading,moderate_ice_preregistered,bilateral_asymmetry,0,157,0,1580,0.0,0.0,23.19542121887207,23.19542121887207
pair_022,positive_0p10_right_early_loading_moderate_ice_preregistered_v1,control_0p10_right_early_loading_moderate_ice_preregistered_v1,0.1,right,early_loading,moderate_ice_preregistered,contact_anchor_drift_label_only,0,157,0,121,0.0,0.0,0.0003300105454400182,0.0003300105454400182
pair_023,positive_0p10_right_early_loading_moderate_ice_preregistered_v2,control_0p10_right_early_loading_moderate_ice_preregistered_v2,0.1,right,early_loading,moderate_ice_preregistered,target_foot_fsr,0,154,0,620,0.0,0.0,42.685054779052734,42.685054779052734
pair_023,positive_0p10_right_early_loading_moderate_ice_preregistered_v2,control_0p10_right_early_loading_moderate_ice_preregistered_v2,0.1,right,early_loading,moderate_ice_preregistered,target_foot_imu,0,154,0,930,0.0,0.0,1.5702649354934692,1.5702649354934692
pair_023,positive_0p10_right_early_loading_moderate_ice_preregistered_v2,control_0p10_right_early_loading_moderate_ice_preregistered_v2,0.1,right,early_loading,moderate_ice_preregistered,contralateral_fsr,0,154,0,620,0.0,0.0,43.30438995361328,43.30438995361328
pair_023,positive_0p10_right_early_loading_moderate_ice_preregistered_v2,control_0p10_right_early_loading_moderate_ice_preregistered_v2,0.1,right,early_loading,moderate_ice_preregistered,contralateral_imu,0,154,0,930,0.0,0.0,1.6727110147476196,1.6727110147476196
pair_023,positive_0p10_right_early_loading_moderate_ice_preregistered_v2,control_0p10_right_early_loading_moderate_ice_preregistered_v2,0.1,right,early_loading,moderate_ice_preregistered,bilateral_asymmetry,0,154,0,1550,0.0,0.0,-0.30920299887657166,-0.30920299887657166
pair_023,positive_0p10_right_early_loading_moderate_ice_preregistered_v2,control_0p10_right_early_loading_moderate_ice_preregistered_v2,0.1,right,early_loading,moderate_ice_preregistered,contact_anchor_drift_label_only,0,154,0,119,0.0,0.0,0.0006499781156890094,0.0006499781156890094
pair_024,positive_0p10_right_mid_loading_early_stance_native_strong_ice_v0,control_0p10_right_mid_loading_early_stance_native_strong_ice_v0,0.1,right,mid_loading_early_stance,native_strong_ice,target_foot_fsr,103,303,0,804,0.0,0.0,44.312095642089844,44.312095642089844
pair_024,positive_0p10_right_mid_loading_early_stance_native_strong_ice_v0,control_0p10_right_mid_loading_early_stance_native_strong_ice_v0,0.1,right,mid_loading_early_stance,native_strong_ice,target_foot_imu,103,303,0,1206,0.0,0.0,1.5983202457427979,1.5983202457427979
pair_024,positive_0p10_right_mid_loading_early_stance_native_strong_ice_v0,control_0p10_right_mid_loading_early_stance_native_strong_ice_v0,0.1,right,mid_loading_early_stance,native_strong_ice,contralateral_fsr,103,303,0,804,0.0,0.0,43.702640533447266,43.702640533447266
pair_024,positive_0p10_right_mid_loading_early_stance_native_strong_ice_v0,control_0p10_right_mid_loading_early_stance_native_strong_ice_v0,0.1,right,mid_loading_early_stance,native_strong_ice,contralateral_imu,103,303,0,1206,0.0,0.0,1.6326345205307007,1.6326345205307007
pair_024,positive_0p10_right_mid_loading_early_stance_native_strong_ice_v0,control_0p10_right_mid_loading_early_stance_native_strong_ice_v0,0.1,right,mid_loading_early_stance,native_strong_ice,bilateral_asymmetry,103,303,0,2010,0.0,0.0,0.22319555282592773,0.22319555282592773
pair_024,positive_0p10_right_mid_loading_early_stance_native_strong_ice_v0,control_0p10_right_mid_loading_early_stance_native_strong_ice_v0,0.1,right,mid_loading_early_stance,native_strong_ice,contact_anchor_drift_label_only,103,303,0,105,0.0,0.0,0.0055770897306501865,0.0055770897306501865
pair_025,positive_0p10_right_mid_loading_early_stance_native_strong_ice_v1,control_0p10_right_mid_loading_early_stance_native_strong_ice_v1,0.1,right,mid_loading_early_stance,native_strong_ice,target_foot_fsr,97,297,0,804,0.0,0.0,77.79215240478516,77.79215240478516
pair_025,positive_0p10_right_mid_loading_early_stance_native_strong_ice_v1,control_0p10_right_mid_loading_early_stance_native_strong_ice_v1,0.1,right,mid_loading_early_stance,native_strong_ice,target_foot_imu,97,297,0,1206,0.0,0.0,1.7238516807556152,1.7238516807556152
pair_025,positive_0p10_right_mid_loading_early_stance_native_strong_ice_v1,control_0p10_right_mid_loading_early_stance_native_strong_ice_v1,0.1,right,mid_loading_early_stance,native_strong_ice,contralateral_fsr,97,297,0,804,0.0,0.0,0.0,0.0
pair_025,positive_0p10_right_mid_loading_early_stance_native_strong_ice_v1,control_0p10_right_mid_loading_early_stance_native_strong_ice_v1,0.1,right,mid_loading_early_stance,native_strong_ice,contralateral_imu,97,297,0,1206,0.0,0.0,2.135199546813965,2.135199546813965
pair_025,positive_0p10_right_mid_loading_early_stance_native_strong_ice_v1,control_0p10_right_mid_loading_early_stance_native_strong_ice_v1,0.1,right,mid_loading_early_stance,native_strong_ice,bilateral_asymmetry,97,297,0,2010,0.0,0.0,30.870052337646484,30.870052337646484
pair_025,positive_0p10_right_mid_loading_early_stance_native_strong_ice_v1,control_0p10_right_mid_loading_early_stance_native_strong_ice_v1,0.1,right,mid_loading_early_stance,native_strong_ice,contact_anchor_drift_label_only,97,297,0,201,0.0,0.0,0.0004867026873398572,0.0004867026873398572
pair_026,positive_0p10_right_mid_loading_early_stance_native_strong_ice_v2,control_0p10_right_mid_loading_early_stance_native_strong_ice_v2,0.1,right,mid_loading_early_stance,native_strong_ice,target_foot_fsr,94,294,0,804,0.0,0.0,5.946732521057129,5.946732521057129
pair_026,positive_0p10_right_mid_loading_early_stance_native_strong_ice_v2,control_0p10_right_mid_loading_early_stance_native_strong_ice_v2,0.1,right,mid_loading_early_stance,native_strong_ice,target_foot_imu,94,294,0,1206,0.0,0.0,2.197451114654541,2.197451114654541
pair_026,positive_0p10_right_mid_loading_early_stance_native_strong_ice_v2,control_0p10_right_mid_loading_early_stance_native_strong_ice_v2,0.1,right,mid_loading_early_stance,native_strong_ice,contralateral_fsr,94,294,0,804,0.0,0.0,77.89529418945312,77.89529418945312
pair_026,positive_0p10_right_mid_loading_early_stance_native_strong_ice_v2,control_0p10_right_mid_loading_early_stance_native_strong_ice_v2,0.1,right,mid_loading_early_stance,native_strong_ice,contralateral_imu,94,294,0,1206,0.0,0.0,1.6196422576904297,1.6196422576904297
pair_026,positive_0p10_right_mid_loading_early_stance_native_strong_ice_v2,control_0p10_right_mid_loading_early_stance_native_strong_ice_v2,0.1,right,mid_loading_early_stance,native_strong_ice,bilateral_asymmetry,94,294,0,2010,0.0,0.0,-28.432741165161133,-28.432741165161133
pair_026,positive_0p10_right_mid_loading_early_stance_native_strong_ice_v2,control_0p10_right_mid_loading_early_stance_native_strong_ice_v2,0.1,right,mid_loading_early_stance,native_strong_ice,contact_anchor_drift_label_only,94,294,0,59,0.0,0.0,0.0007209005416370928,0.0007209005416370928
pair_027,positive_0p10_right_mid_loading_early_stance_moderate_ice_preregistered_v0,control_0p10_right_mid_loading_early_stance_moderate_ice_preregistered_v0,0.1,right,mid_loading_early_stance,moderate_ice_preregistered,target_foot_fsr,103,303,0,804,0.0,0.0,44.30875015258789,44.30875015258789
pair_027,positive_0p10_right_mid_loading_early_stance_moderate_ice_preregistered_v0,control_0p10_right_mid_loading_early_stance_moderate_ice_preregistered_v0,0.1,right,mid_loading_early_stance,moderate_ice_preregistered,target_foot_imu,103,303,0,1206,0.0,0.0,1.5981180667877197,1.5981180667877197
pair_027,positive_0p10_right_mid_loading_early_stance_moderate_ice_preregistered_v0,control_0p10_right_mid_loading_early_stance_moderate_ice_preregistered_v0,0.1,right,mid_loading_early_stance,moderate_ice_preregistered,contralateral_fsr,103,303,0,804,0.0,0.0,43.70878219604492,43.70878219604492
pair_027,positive_0p10_right_mid_loading_early_stance_moderate_ice_preregistered_v0,control_0p10_right_mid_loading_early_stance_moderate_ice_preregistered_v0,0.1,right,mid_loading_early_stance,moderate_ice_preregistered,contralateral_imu,103,303,0,1206,0.0,0.0,1.6335302591323853,1.6335302591323853
pair_027,positive_0p10_right_mid_loading_early_stance_moderate_ice_preregistered_v0,control_0p10_right_mid_loading_early_stance_moderate_ice_preregistered_v0,0.1,right,mid_loading_early_stance,moderate_ice_preregistered,bilateral_asymmetry,103,303,0,2010,0.0,0.0,0.2187402844429016,0.2187402844429016
pair_027,positive_0p10_right_mid_loading_early_stance_moderate_ice_preregistered_v0,control_0p10_right_mid_loading_early_stance_moderate_ice_preregistered_v0,0.1,right,mid_loading_early_stance,moderate_ice_preregistered,contact_anchor_drift_label_only,103,303,0,105,0.0,0.0,0.005585663020610809,0.005585663020610809
pair_028,positive_0p10_right_mid_loading_early_stance_moderate_ice_preregistered_v1,control_0p10_right_mid_loading_early_stance_moderate_ice_preregistered_v1,0.1,right,mid_loading_early_stance,moderate_ice_preregistered,target_foot_fsr,97,297,0,804,0.0,0.0,77.78462982177734,77.78462982177734
pair_028,positive_0p10_right_mid_loading_early_stance_moderate_ice_preregistered_v1,control_0p10_right_mid_loading_early_stance_moderate_ice_preregistered_v1,0.1,right,mid_loading_early_stance,moderate_ice_preregistered,target_foot_imu,97,297,0,1206,0.0,0.0,1.7235360145568848,1.7235360145568848
pair_028,positive_0p10_right_mid_loading_early_stance_moderate_ice_preregistered_v1,control_0p10_right_mid_loading_early_stance_moderate_ice_preregistered_v1,0.1,right,mid_loading_early_stance,moderate_ice_preregistered,contralateral_fsr,97,297,0,804,0.0,0.0,0.0,0.0
pair_028,positive_0p10_right_mid_loading_early_stance_moderate_ice_preregistered_v1,control_0p10_right_mid_loading_early_stance_moderate_ice_preregistered_v1,0.1,right,mid_loading_early_stance,moderate_ice_preregistered,contralateral_imu,97,297,0,1206,0.0,0.0,2.134859323501587,2.134859323501587
pair_028,positive_0p10_right_mid_loading_early_stance_moderate_ice_preregistered_v1,control_0p10_right_mid_loading_early_stance_moderate_ice_preregistered_v1,0.1,right,mid_loading_early_stance,moderate_ice_preregistered,bilateral_asymmetry,97,297,0,2010,0.0,0.0,30.8670597076416,30.8670597076416
pair_028,positive_0p10_right_mid_loading_early_stance_moderate_ice_preregistered_v1,control_0p10_right_mid_loading_early_stance_moderate_ice_preregistered_v1,0.1,right,mid_loading_early_stance,moderate_ice_preregistered,contact_anchor_drift_label_only,97,297,0,201,0.0,0.0,0.0004998471704311669,0.0004998471704311669
pair_029,positive_0p10_right_mid_loading_early_stance_moderate_ice_preregistered_v2,control_0p10_right_mid_loading_early_stance_moderate_ice_preregistered_v2,0.1,right,mid_loading_early_stance,moderate_ice_preregistered,target_foot_fsr,94,294,0,804,0.0,0.0,5.9517107009887695,5.9517107009887695
pair_029,positive_0p10_right_mid_loading_early_stance_moderate_ice_preregistered_v2,control_0p10_right_mid_loading_early_stance_moderate_ice_preregistered_v2,0.1,right,mid_loading_early_stance,moderate_ice_preregistered,target_foot_imu,94,294,0,1206,0.0,0.0,2.196483612060547,2.196483612060547
pair_029,positive_0p10_right_mid_loading_early_stance_moderate_ice_preregistered_v2,control_0p10_right_mid_loading_early_stance_moderate_ice_preregistered_v2,0.1,right,mid_loading_early_stance,moderate_ice_preregistered,contralateral_fsr,94,294,0,804,0.0,0.0,77.88915252685547,77.88915252685547
pair_029,positive_0p10_right_mid_loading_early_stance_moderate_ice_preregistered_v2,control_0p10_right_mid_loading_early_stance_moderate_ice_preregistered_v2,0.1,right,mid_loading_early_stance,moderate_ice_preregistered,contralateral_imu,94,294,0,1206,0.0,0.0,1.6196333169937134,1.6196333169937134
pair_029,positive_0p10_right_mid_loading_early_stance_moderate_ice_preregistered_v2,control_0p10_right_mid_loading_early_stance_moderate_ice_preregistered_v2,0.1,right,mid_loading_early_stance,moderate_ice_preregistered,bilateral_asymmetry,94,294,0,2010,0.0,0.0,-28.42886734008789,-28.42886734008789
pair_029,positive_0p10_right_mid_loading_early_stance_moderate_ice_preregistered_v2,control_0p10_right_mid_loading_early_stance_moderate_ice_preregistered_v2,0.1,right,mid_loading_early_stance,moderate_ice_preregistered,contact_anchor_drift_label_only,94,294,0,59,0.0,0.0,0.0007187406881712377,0.0007187406881712377
pair_030,positive_0p10_right_mid_late_stance_native_strong_ice_v0,control_0p10_right_mid_late_stance_native_strong_ice_v0,0.1,right,mid_late_stance,native_strong_ice,target_foot_fsr,443,643,0,804,0.0,0.0,54.94841384887695,54.94841384887695
pair_030,positive_0p10_right_mid_late_stance_native_strong_ice_v0,control_0p10_right_mid_late_stance_native_strong_ice_v0,0.1,right,mid_late_stance,native_strong_ice,target_foot_imu,443,643,0,1206,0.0,0.0,1.405146837234497,1.405146837234497
pair_030,positive_0p10_right_mid_late_stance_native_strong_ice_v0,control_0p10_right_mid_late_stance_native_strong_ice_v0,0.1,right,mid_late_stance,native_strong_ice,contralateral_fsr,443,643,0,804,0.0,0.0,36.41146469116211,36.41146469116211
pair_030,positive_0p10_right_mid_late_stance_native_strong_ice_v0,control_0p10_right_mid_late_stance_native_strong_ice_v0,0.1,right,mid_late_stance,native_strong_ice,contralateral_imu,443,643,0,1206,0.0,0.0,1.1458227634429932,1.1458227634429932
pair_030,positive_0p10_right_mid_late_stance_native_strong_ice_v0,control_0p10_right_mid_late_stance_native_strong_ice_v0,0.1,right,mid_late_stance,native_strong_ice,bilateral_asymmetry,443,643,0,2010,0.0,0.0,7.57037353515625,7.57037353515625
pair_030,positive_0p10_right_mid_late_stance_native_strong_ice_v0,control_0p10_right_mid_late_stance_native_strong_ice_v0,0.1,right,mid_late_stance,native_strong_ice,contact_anchor_drift_label_only,443,643,0,161,0.0,0.0,0.006326318718492985,0.006326318718492985
pair_031,positive_0p10_right_mid_late_stance_native_strong_ice_v1,control_0p10_right_mid_late_stance_native_strong_ice_v1,0.1,right,mid_late_stance,native_strong_ice,target_foot_fsr,437,637,0,804,0.0,0.0,0.0,0.0
pair_031,positive_0p10_right_mid_late_stance_native_strong_ice_v1,control_0p10_right_mid_late_stance_native_strong_ice_v1,0.1,right,mid_late_stance,native_strong_ice,target_foot_imu,437,637,0,1206,0.0,0.0,1.8963083028793335,1.8963083028793335
pair_031,positive_0p10_right_mid_late_stance_native_strong_ice_v1,control_0p10_right_mid_late_stance_native_strong_ice_v1,0.1,right,mid_late_stance,native_strong_ice,contralateral_fsr,437,637,0,804,0.0,0.0,80.46043395996094,80.46043395996094
pair_031,positive_0p10_right_mid_late_stance_native_strong_ice_v1,control_0p10_right_mid_late_stance_native_strong_ice_v1,0.1,right,mid_late_stance,native_strong_ice,contralateral_imu,437,637,0,1206,0.0,0.0,1.638058066368103,1.638058066368103
pair_031,positive_0p10_right_mid_late_stance_native_strong_ice_v1,control_0p10_right_mid_late_stance_native_strong_ice_v1,0.1,right,mid_late_stance,native_strong_ice,bilateral_asymmetry,437,637,0,2010,0.0,0.0,-32.02922439575195,-32.02922439575195
pair_031,positive_0p10_right_mid_late_stance_native_strong_ice_v1,control_0p10_right_mid_late_stance_native_strong_ice_v1,0.1,right,mid_late_stance,native_strong_ice,contact_anchor_drift_label_only,437,637,0,0,,,nan,nan
pair_032,positive_0p10_right_mid_late_stance_native_strong_ice_v2,control_0p10_right_mid_late_stance_native_strong_ice_v2,0.1,right,mid_late_stance,native_strong_ice,target_foot_fsr,434,634,0,804,0.0,0.0,81.27442169189453,81.27442169189453
pair_032,positive_0p10_right_mid_late_stance_native_strong_ice_v2,control_0p10_right_mid_late_stance_native_strong_ice_v2,0.1,right,mid_late_stance,native_strong_ice,target_foot_imu,434,634,0,1206,0.0,0.0,1.6138975620269775,1.6138975620269775
pair_032,positive_0p10_right_mid_late_stance_native_strong_ice_v2,control_0p10_right_mid_late_stance_native_strong_ice_v2,0.1,right,mid_late_stance,native_strong_ice,contralateral_fsr,434,634,0,804,0.0,0.0,0.0,0.0
pair_032,positive_0p10_right_mid_late_stance_native_strong_ice_v2,control_0p10_right_mid_late_stance_native_strong_ice_v2,0.1,right,mid_late_stance,native_strong_ice,contralateral_imu,434,634,0,1206,0.0,0.0,2.1151373386383057,2.1151373386383057
pair_032,positive_0p10_right_mid_late_stance_native_strong_ice_v2,control_0p10_right_mid_late_stance_native_strong_ice_v2,0.1,right,mid_late_stance,native_strong_ice,bilateral_asymmetry,434,634,0,2010,0.0,0.0,32.20903015136719,32.20903015136719
pair_032,positive_0p10_right_mid_late_stance_native_strong_ice_v2,control_0p10_right_mid_late_stance_native_strong_ice_v2,0.1,right,mid_late_stance,native_strong_ice,contact_anchor_drift_label_only,434,634,0,201,0.0,0.0,0.00764829944819212,0.00764829944819212
pair_033,positive_0p10_right_mid_late_stance_moderate_ice_preregistered_v0,control_0p10_right_mid_late_stance_moderate_ice_preregistered_v0,0.1,right,mid_late_stance,moderate_ice_preregistered,target_foot_fsr,443,643,0,804,0.0,0.0,55.01247024536133,55.01247024536133
pair_033,positive_0p10_right_mid_late_stance_moderate_ice_preregistered_v0,control_0p10_right_mid_late_stance_moderate_ice_preregistered_v0,0.1,right,mid_late_stance,moderate_ice_preregistered,target_foot_imu,443,643,0,1206,0.0,0.0,1.4031206369400024,1.4031206369400024
pair_033,positive_0p10_right_mid_late_stance_moderate_ice_preregistered_v0,control_0p10_right_mid_late_stance_moderate_ice_preregistered_v0,0.1,right,mid_late_stance,moderate_ice_preregistered,contralateral_fsr,443,643,0,804,0.0,0.0,33.80542755126953,33.80542755126953
pair_033,positive_0p10_right_mid_late_stance_moderate_ice_preregistered_v0,control_0p10_right_mid_late_stance_moderate_ice_preregistered_v0,0.1,right,mid_late_stance,moderate_ice_preregistered,contralateral_imu,443,643,0,1206,0.0,0.0,1.1507658958435059,1.1507658958435059
pair_033,positive_0p10_right_mid_late_stance_moderate_ice_preregistered_v0,control_0p10_right_mid_late_stance_moderate_ice_preregistered_v0,0.1,right,mid_late_stance,moderate_ice_preregistered,bilateral_asymmetry,443,643,0,2010,0.0,0.0,8.634231567382812,8.634231567382812
pair_033,positive_0p10_right_mid_late_stance_moderate_ice_preregistered_v0,control_0p10_right_mid_late_stance_moderate_ice_preregistered_v0,0.1,right,mid_late_stance,moderate_ice_preregistered,contact_anchor_drift_label_only,443,643,0,161,0.0,0.0,0.006305718328803778,0.006305718328803778
pair_034,positive_0p10_right_mid_late_stance_moderate_ice_preregistered_v1,control_0p10_right_mid_late_stance_moderate_ice_preregistered_v1,0.1,right,mid_late_stance,moderate_ice_preregistered,target_foot_fsr,437,637,0,804,0.0,0.0,0.0,0.0
pair_034,positive_0p10_right_mid_late_stance_moderate_ice_preregistered_v1,control_0p10_right_mid_late_stance_moderate_ice_preregistered_v1,0.1,right,mid_late_stance,moderate_ice_preregistered,target_foot_imu,437,637,0,1206,0.0,0.0,1.895736813545227,1.895736813545227
pair_034,positive_0p10_right_mid_late_stance_moderate_ice_preregistered_v1,control_0p10_right_mid_late_stance_moderate_ice_preregistered_v1,0.1,right,mid_late_stance,moderate_ice_preregistered,contralateral_fsr,437,637,0,804,0.0,0.0,80.45475006103516,80.45475006103516
pair_034,positive_0p10_right_mid_late_stance_moderate_ice_preregistered_v1,control_0p10_right_mid_late_stance_moderate_ice_preregistered_v1,0.1,right,mid_late_stance,moderate_ice_preregistered,contralateral_imu,437,637,0,1206,0.0,0.0,1.6380596160888672,1.6380596160888672
pair_034,positive_0p10_right_mid_late_stance_moderate_ice_preregistered_v1,control_0p10_right_mid_late_stance_moderate_ice_preregistered_v1,0.1,right,mid_late_stance,moderate_ice_preregistered,bilateral_asymmetry,437,637,0,2010,0.0,0.0,-32.02729415893555,-32.02729415893555
pair_034,positive_0p10_right_mid_late_stance_moderate_ice_preregistered_v1,control_0p10_right_mid_late_stance_moderate_ice_preregistered_v1,0.1,right,mid_late_stance,moderate_ice_preregistered,contact_anchor_drift_label_only,437,637,0,0,,,nan,nan
pair_035,positive_0p10_right_mid_late_stance_moderate_ice_preregistered_v2,control_0p10_right_mid_late_stance_moderate_ice_preregistered_v2,0.1,right,mid_late_stance,moderate_ice_preregistered,target_foot_fsr,434,634,0,804,0.0,0.0,81.27843475341797,81.27843475341797
pair_035,positive_0p10_right_mid_late_stance_moderate_ice_preregistered_v2,control_0p10_right_mid_late_stance_moderate_ice_preregistered_v2,0.1,right,mid_late_stance,moderate_ice_preregistered,target_foot_imu,434,634,0,1206,0.0,0.0,1.6139463186264038,1.6139463186264038
pair_035,positive_0p10_right_mid_late_stance_moderate_ice_preregistered_v2,control_0p10_right_mid_late_stance_moderate_ice_preregistered_v2,0.1,right,mid_late_stance,moderate_ice_preregistered,contralateral_fsr,434,634,0,804,0.0,0.0,0.0,0.0
pair_035,positive_0p10_right_mid_late_stance_moderate_ice_preregistered_v2,control_0p10_right_mid_late_stance_moderate_ice_preregistered_v2,0.1,right,mid_late_stance,moderate_ice_preregistered,contralateral_imu,434,634,0,1206,0.0,0.0,2.1163721084594727,2.1163721084594727
pair_035,positive_0p10_right_mid_late_stance_moderate_ice_preregistered_v2,control_0p10_right_mid_late_stance_moderate_ice_preregistered_v2,0.1,right,mid_late_stance,moderate_ice_preregistered,bilateral_asymmetry,434,634,0,2010,0.0,0.0,32.20991897583008,32.20991897583008
pair_035,positive_0p10_right_mid_late_stance_moderate_ice_preregistered_v2,control_0p10_right_mid_late_stance_moderate_ice_preregistered_v2,0.1,right,mid_late_stance,moderate_ice_preregistered,contact_anchor_drift_label_only,434,634,0,201,0.0,0.0,0.007647598162293434,0.007647598162293434
pair_036,positive_0p15_left_early_loading_native_strong_ice_v0,control_0p15_left_early_loading_native_strong_ice_v0,0.15,left,early_loading,native_strong_ice,target_foot_fsr,0,157,0,632,0.0,0.0,76.82817840576172,76.82817840576172
pair_036,positive_0p15_left_early_loading_native_strong_ice_v0,control_0p15_left_early_loading_native_strong_ice_v0,0.15,left,early_loading,native_strong_ice,target_foot_imu,0,157,0,948,0.0,0.0,1.609855055809021,1.609855055809021
pair_036,positive_0p15_left_early_loading_native_strong_ice_v0,control_0p15_left_early_loading_native_strong_ice_v0,0.15,left,early_loading,native_strong_ice,contralateral_fsr,0,157,0,632,0.0,0.0,9.145268440246582,9.145268440246582
pair_036,positive_0p15_left_early_loading_native_strong_ice_v0,control_0p15_left_early_loading_native_strong_ice_v0,0.15,left,early_loading,native_strong_ice,contralateral_imu,0,157,0,948,0.0,0.0,2.030824661254883,2.030824661254883
pair_036,positive_0p15_left_early_loading_native_strong_ice_v0,control_0p15_left_early_loading_native_strong_ice_v0,0.15,left,early_loading,native_strong_ice,bilateral_asymmetry,0,157,0,1580,0.0,0.0,26.820585250854492,26.820585250854492
pair_036,positive_0p15_left_early_loading_native_strong_ice_v0,control_0p15_left_early_loading_native_strong_ice_v0,0.15,left,early_loading,native_strong_ice,contact_anchor_drift_label_only,0,157,0,121,0.0,0.0,0.0016028068494051695,0.0016028068494051695
pair_037,positive_0p15_left_early_loading_native_strong_ice_v1,control_0p15_left_early_loading_native_strong_ice_v1,0.15,left,early_loading,native_strong_ice,target_foot_fsr,0,159,0,640,0.0,0.0,14.842829704284668,14.842829704284668
pair_037,positive_0p15_left_early_loading_native_strong_ice_v1,control_0p15_left_early_loading_native_strong_ice_v1,0.15,left,early_loading,native_strong_ice,target_foot_imu,0,159,0,960,0.0,0.0,1.9917439222335815,1.9917439222335815
pair_037,positive_0p15_left_early_loading_native_strong_ice_v1,control_0p15_left_early_loading_native_strong_ice_v1,0.15,left,early_loading,native_strong_ice,contralateral_fsr,0,159,0,640,0.0,0.0,73.5365982055664,73.5365982055664
pair_037,positive_0p15_left_early_loading_native_strong_ice_v1,control_0p15_left_early_loading_native_strong_ice_v1,0.15,left,early_loading,native_strong_ice,contralateral_imu,0,159,0,960,0.0,0.0,1.6404629945755005,1.6404629945755005
pair_037,positive_0p15_left_early_loading_native_strong_ice_v1,control_0p15_left_early_loading_native_strong_ice_v1,0.15,left,early_loading,native_strong_ice,bilateral_asymmetry,0,159,0,1600,0.0,0.0,-23.266735076904297,-23.266735076904297
pair_037,positive_0p15_left_early_loading_native_strong_ice_v1,control_0p15_left_early_loading_native_strong_ice_v1,0.15,left,early_loading,native_strong_ice,contact_anchor_drift_label_only,0,159,0,50,0.0,0.0,0.0002844961709342897,0.0002844961709342897
pair_038,positive_0p15_left_early_loading_native_strong_ice_v2,control_0p15_left_early_loading_native_strong_ice_v2,0.15,left,early_loading,native_strong_ice,target_foot_fsr,0,164,0,660,0.0,0.0,45.45475387573242,45.45475387573242
pair_038,positive_0p15_left_early_loading_native_strong_ice_v2,control_0p15_left_early_loading_native_strong_ice_v2,0.15,left,early_loading,native_strong_ice,target_foot_imu,0,164,0,990,0.0,0.0,1.6707172393798828,1.6707172393798828
pair_038,positive_0p15_left_early_loading_native_strong_ice_v2,control_0p15_left_early_loading_native_strong_ice_v2,0.15,left,early_loading,native_strong_ice,contralateral_fsr,0,164,0,660,0.0,0.0,40.50579071044922,40.50579071044922
pair_038,positive_0p15_left_early_loading_native_strong_ice_v2,control_0p15_left_early_loading_native_strong_ice_v2,0.15,left,early_loading,native_strong_ice,contralateral_imu,0,164,0,990,0.0,0.0,1.5426971912384033,1.5426971912384033
pair_038,positive_0p15_left_early_loading_native_strong_ice_v2,control_0p15_left_early_loading_native_strong_ice_v2,0.15,left,early_loading,native_strong_ice,bilateral_asymmetry,0,164,0,1650,0.0,0.0,2.0563955307006836,2.0563955307006836
pair_038,positive_0p15_left_early_loading_native_strong_ice_v2,control_0p15_left_early_loading_native_strong_ice_v2,0.15,left,early_loading,native_strong_ice,contact_anchor_drift_label_only,0,164,0,121,0.0,0.0,0.003988385200500488,0.003988385200500488
pair_039,positive_0p15_left_early_loading_moderate_ice_preregistered_v0,control_0p15_left_early_loading_moderate_ice_preregistered_v0,0.15,left,early_loading,moderate_ice_preregistered,target_foot_fsr,0,157,0,632,0.0,0.0,76.82820892333984,76.82820892333984
pair_039,positive_0p15_left_early_loading_moderate_ice_preregistered_v0,control_0p15_left_early_loading_moderate_ice_preregistered_v0,0.15,left,early_loading,moderate_ice_preregistered,target_foot_imu,0,157,0,948,0.0,0.0,1.6098445653915405,1.6098445653915405
pair_039,positive_0p15_left_early_loading_moderate_ice_preregistered_v0,control_0p15_left_early_loading_moderate_ice_preregistered_v0,0.15,left,early_loading,moderate_ice_preregistered,contralateral_fsr,0,157,0,632,0.0,0.0,9.145248413085938,9.145248413085938
pair_039,positive_0p15_left_early_loading_moderate_ice_preregistered_v0,control_0p15_left_early_loading_moderate_ice_preregistered_v0,0.15,left,early_loading,moderate_ice_preregistered,contralateral_imu,0,157,0,948,0.0,0.0,2.0308310985565186,2.0308310985565186
pair_039,positive_0p15_left_early_loading_moderate_ice_preregistered_v0,control_0p15_left_early_loading_moderate_ice_preregistered_v0,0.15,left,early_loading,moderate_ice_preregistered,bilateral_asymmetry,0,157,0,1580,0.0,0.0,26.820594787597656,26.820594787597656
pair_039,positive_0p15_left_early_loading_moderate_ice_preregistered_v0,control_0p15_left_early_loading_moderate_ice_preregistered_v0,0.15,left,early_loading,moderate_ice_preregistered,contact_anchor_drift_label_only,0,157,0,121,0.0,0.0,0.001602870412170887,0.001602870412170887
pair_040,positive_0p15_left_early_loading_moderate_ice_preregistered_v1,control_0p15_left_early_loading_moderate_ice_preregistered_v1,0.15,left,early_loading,moderate_ice_preregistered,target_foot_fsr,0,159,0,640,0.0,0.0,14.834381103515625,14.834381103515625
pair_040,positive_0p15_left_early_loading_moderate_ice_preregistered_v1,control_0p15_left_early_loading_moderate_ice_preregistered_v1,0.15,left,early_loading,moderate_ice_preregistered,target_foot_imu,0,159,0,960,0.0,0.0,1.9917733669281006,1.9917733669281006
pair_040,positive_0p15_left_early_loading_moderate_ice_preregistered_v1,control_0p15_left_early_loading_moderate_ice_preregistered_v1,0.15,left,early_loading,moderate_ice_preregistered,contralateral_fsr,0,159,0,640,0.0,0.0,73.5443344116211,73.5443344116211
pair_040,positive_0p15_left_early_loading_moderate_ice_preregistered_v1,control_0p15_left_early_loading_moderate_ice_preregistered_v1,0.15,left,early_loading,moderate_ice_preregistered,contralateral_imu,0,159,0,960,0.0,0.0,1.638340711593628,1.638340711593628
pair_040,positive_0p15_left_early_loading_moderate_ice_preregistered_v1,control_0p15_left_early_loading_moderate_ice_preregistered_v1,0.15,left,early_loading,moderate_ice_preregistered,bilateral_asymmetry,0,159,0,1600,0.0,0.0,-23.271921157836914,-23.271921157836914
pair_040,positive_0p15_left_early_loading_moderate_ice_preregistered_v1,control_0p15_left_early_loading_moderate_ice_preregistered_v1,0.15,left,early_loading,moderate_ice_preregistered,contact_anchor_drift_label_only,0,159,0,50,0.0,0.0,0.00028642217512242496,0.00028642217512242496
pair_041,positive_0p15_left_early_loading_moderate_ice_preregistered_v2,control_0p15_left_early_loading_moderate_ice_preregistered_v2,0.15,left,early_loading,moderate_ice_preregistered,target_foot_fsr,0,164,0,660,0.0,0.0,45.50796127319336,45.50796127319336
pair_041,positive_0p15_left_early_loading_moderate_ice_preregistered_v2,control_0p15_left_early_loading_moderate_ice_preregistered_v2,0.15,left,early_loading,moderate_ice_preregistered,target_foot_imu,0,164,0,990,0.0,0.0,1.6677789688110352,1.6677789688110352
pair_041,positive_0p15_left_early_loading_moderate_ice_preregistered_v2,control_0p15_left_early_loading_moderate_ice_preregistered_v2,0.15,left,early_loading,moderate_ice_preregistered,contralateral_fsr,0,164,0,660,0.0,0.0,40.4268913269043,40.4268913269043
pair_041,positive_0p15_left_early_loading_moderate_ice_preregistered_v2,control_0p15_left_early_loading_moderate_ice_preregistered_v2,0.15,left,early_loading,moderate_ice_preregistered,contralateral_imu,0,164,0,990,0.0,0.0,1.5293794870376587,1.5293794870376587
pair_041,positive_0p15_left_early_loading_moderate_ice_preregistered_v2,control_0p15_left_early_loading_moderate_ice_preregistered_v2,0.15,left,early_loading,moderate_ice_preregistered,bilateral_asymmetry,0,164,0,1650,0.0,0.0,2.115467071533203,2.115467071533203
pair_041,positive_0p15_left_early_loading_moderate_ice_preregistered_v2,control_0p15_left_early_loading_moderate_ice_preregistered_v2,0.15,left,early_loading,moderate_ice_preregistered,contact_anchor_drift_label_only,0,164,0,121,0.0,0.0,0.003991372883319855,0.003991372883319855
pair_042,positive_0p15_left_mid_loading_early_stance_native_strong_ice_v0,control_0p15_left_mid_loading_early_stance_native_strong_ice_v0,0.15,left,mid_loading_early_stance,native_strong_ice,target_foot_fsr,97,297,0,804,0.0,0.0,45.79800796508789,45.79800796508789
pair_042,positive_0p15_left_mid_loading_early_stance_native_strong_ice_v0,control_0p15_left_mid_loading_early_stance_native_strong_ice_v0,0.15,left,mid_loading_early_stance,native_strong_ice,target_foot_imu,97,297,0,1206,0.0,0.0,1.661675214767456,1.661675214767456
pair_042,positive_0p15_left_mid_loading_early_stance_native_strong_ice_v0,control_0p15_left_mid_loading_early_stance_native_strong_ice_v0,0.15,left,mid_loading_early_stance,native_strong_ice,contralateral_fsr,97,297,0,804,0.0,0.0,42.18418502807617,42.18418502807617
pair_042,positive_0p15_left_mid_loading_early_stance_native_strong_ice_v0,control_0p15_left_mid_loading_early_stance_native_strong_ice_v0,0.15,left,mid_loading_early_stance,native_strong_ice,contralateral_imu,97,297,0,1206,0.0,0.0,1.576259732246399,1.576259732246399
pair_042,positive_0p15_left_mid_loading_early_stance_native_strong_ice_v0,control_0p15_left_mid_loading_early_stance_native_strong_ice_v0,0.15,left,mid_loading_early_stance,native_strong_ice,bilateral_asymmetry,97,297,0,2010,0.0,0.0,1.4967777729034424,1.4967777729034424
pair_042,positive_0p15_left_mid_loading_early_stance_native_strong_ice_v0,control_0p15_left_mid_loading_early_stance_native_strong_ice_v0,0.15,left,mid_loading_early_stance,native_strong_ice,contact_anchor_drift_label_only,97,297,0,145,0.0,0.0,0.0016582380048930645,0.0016582380048930645
pair_043,positive_0p15_left_mid_loading_early_stance_native_strong_ice_v1,control_0p15_left_mid_loading_early_stance_native_strong_ice_v1,0.15,left,mid_loading_early_stance,native_strong_ice,target_foot_fsr,99,299,0,804,0.0,0.0,0.0,0.0
pair_043,positive_0p15_left_mid_loading_early_stance_native_strong_ice_v1,control_0p15_left_mid_loading_early_stance_native_strong_ice_v1,0.15,left,mid_loading_early_stance,native_strong_ice,target_foot_imu,99,299,0,1206,0.0,0.0,2.147134304046631,2.147134304046631
pair_043,positive_0p15_left_mid_loading_early_stance_native_strong_ice_v1,control_0p15_left_mid_loading_early_stance_native_strong_ice_v1,0.15,left,mid_loading_early_stance,native_strong_ice,contralateral_fsr,99,299,0,804,0.0,0.0,77.31889343261719,77.31889343261719
pair_043,positive_0p15_left_mid_loading_early_stance_native_strong_ice_v1,control_0p15_left_mid_loading_early_stance_native_strong_ice_v1,0.15,left,mid_loading_early_stance,native_strong_ice,contralateral_imu,99,299,0,1206,0.0,0.0,1.7286099195480347,1.7286099195480347
pair_043,positive_0p15_left_mid_loading_early_stance_native_strong_ice_v1,control_0p15_left_mid_loading_early_stance_native_strong_ice_v1,0.15,left,mid_loading_early_stance,native_strong_ice,bilateral_asymmetry,99,299,0,2010,0.0,0.0,-30.676441192626953,-30.676441192626953
pair_043,positive_0p15_left_mid_loading_early_stance_native_strong_ice_v1,control_0p15_left_mid_loading_early_stance_native_strong_ice_v1,0.15,left,mid_loading_early_stance,native_strong_ice,contact_anchor_drift_label_only,99,299,0,0,,,nan,nan
pair_044,positive_0p15_left_mid_loading_early_stance_native_strong_ice_v2,control_0p15_left_mid_loading_early_stance_native_strong_ice_v2,0.15,left,mid_loading_early_stance,native_strong_ice,target_foot_fsr,104,304,0,804,0.0,0.0,79.41614532470703,79.41614532470703
pair_044,positive_0p15_left_mid_loading_early_stance_native_strong_ice_v2,control_0p15_left_mid_loading_early_stance_native_strong_ice_v2,0.15,left,mid_loading_early_stance,native_strong_ice,target_foot_imu,104,304,0,1206,0.0,0.0,1.6292321681976318,1.6292321681976318
pair_044,positive_0p15_left_mid_loading_early_stance_native_strong_ice_v2,control_0p15_left_mid_loading_early_stance_native_strong_ice_v2,0.15,left,mid_loading_early_stance,native_strong_ice,contralateral_fsr,104,304,0,804,0.0,0.0,4.485308647155762,4.485308647155762
pair_044,positive_0p15_left_mid_loading_early_stance_native_strong_ice_v2,control_0p15_left_mid_loading_early_stance_native_strong_ice_v2,0.15,left,mid_loading_early_stance,native_strong_ice,contralateral_imu,104,304,0,1206,0.0,0.0,2.3253700733184814,2.3253700733184814
pair_044,positive_0p15_left_mid_loading_early_stance_native_strong_ice_v2,control_0p15_left_mid_loading_early_stance_native_strong_ice_v2,0.15,left,mid_loading_early_stance,native_strong_ice,bilateral_asymmetry,104,304,0,2010,0.0,0.0,29.55465316772461,29.55465316772461
pair_044,positive_0p15_left_mid_loading_early_stance_native_strong_ice_v2,control_0p15_left_mid_loading_early_stance_native_strong_ice_v2,0.15,left,mid_loading_early_stance,native_strong_ice,contact_anchor_drift_label_only,104,304,0,201,0.0,0.0,0.00419147964566946,0.00419147964566946
pair_045,positive_0p15_left_mid_loading_early_stance_moderate_ice_preregistered_v0,control_0p15_left_mid_loading_early_stance_moderate_ice_preregistered_v0,0.15,left,mid_loading_early_stance,moderate_ice_preregistered,target_foot_fsr,97,297,0,804,0.0,0.0,45.796043395996094,45.796043395996094
pair_045,positive_0p15_left_mid_loading_early_stance_moderate_ice_preregistered_v0,control_0p15_left_mid_loading_early_stance_moderate_ice_preregistered_v0,0.15,left,mid_loading_early_stance,moderate_ice_preregistered,target_foot_imu,97,297,0,1206,0.0,0.0,1.6611992120742798,1.6611992120742798
pair_045,positive_0p15_left_mid_loading_early_stance_moderate_ice_preregistered_v0,control_0p15_left_mid_loading_early_stance_moderate_ice_preregistered_v0,0.15,left,mid_loading_early_stance,moderate_ice_preregistered,contralateral_fsr,97,297,0,804,0.0,0.0,42.185691833496094,42.185691833496094
pair_045,positive_0p15_left_mid_loading_early_stance_moderate_ice_preregistered_v0,control_0p15_left_mid_loading_early_stance_moderate_ice_preregistered_v0,0.15,left,mid_loading_early_stance,moderate_ice_preregistered,contralateral_imu,97,297,0,1206,0.0,0.0,1.576332926750183,1.576332926750183
pair_045,positive_0p15_left_mid_loading_early_stance_moderate_ice_preregistered_v0,control_0p15_left_mid_loading_early_stance_moderate_ice_preregistered_v0,0.15,left,mid_loading_early_stance,moderate_ice_preregistered,bilateral_asymmetry,97,297,0,2010,0.0,0.0,1.495059847831726,1.495059847831726
pair_045,positive_0p15_left_mid_loading_early_stance_moderate_ice_preregistered_v0,control_0p15_left_mid_loading_early_stance_moderate_ice_preregistered_v0,0.15,left,mid_loading_early_stance,moderate_ice_preregistered,contact_anchor_drift_label_only,97,297,0,145,0.0,0.0,0.0016554970061406493,0.0016554970061406493
pair_046,positive_0p15_left_mid_loading_early_stance_moderate_ice_preregistered_v1,control_0p15_left_mid_loading_early_stance_moderate_ice_preregistered_v1,0.15,left,mid_loading_early_stance,moderate_ice_preregistered,target_foot_fsr,99,299,0,804,0.0,0.0,0.0,0.0
pair_046,positive_0p15_left_mid_loading_early_stance_moderate_ice_preregistered_v1,control_0p15_left_mid_loading_early_stance_moderate_ice_preregistered_v1,0.15,left,mid_loading_early_stance,moderate_ice_preregistered,target_foot_imu,99,299,0,1206,0.0,0.0,2.1478664875030518,2.1478664875030518
pair_046,positive_0p15_left_mid_loading_early_stance_moderate_ice_preregistered_v1,control_0p15_left_mid_loading_early_stance_moderate_ice_preregistered_v1,0.15,left,mid_loading_early_stance,moderate_ice_preregistered,contralateral_fsr,99,299,0,804,0.0,0.0,77.3255615234375,77.3255615234375
pair_046,positive_0p15_left_mid_loading_early_stance_moderate_ice_preregistered_v1,control_0p15_left_mid_loading_early_stance_moderate_ice_preregistered_v1,0.15,left,mid_loading_early_stance,moderate_ice_preregistered,contralateral_imu,99,299,0,1206,0.0,0.0,1.7287365198135376,1.7287365198135376
pair_046,positive_0p15_left_mid_loading_early_stance_moderate_ice_preregistered_v1,control_0p15_left_mid_loading_early_stance_moderate_ice_preregistered_v1,0.15,left,mid_loading_early_stance,moderate_ice_preregistered,bilateral_asymmetry,99,299,0,2010,0.0,0.0,-30.678747177124023,-30.678747177124023
pair_046,positive_0p15_left_mid_loading_early_stance_moderate_ice_preregistered_v1,control_0p15_left_mid_loading_early_stance_moderate_ice_preregistered_v1,0.15,left,mid_loading_early_stance,moderate_ice_preregistered,contact_anchor_drift_label_only,99,299,0,0,,,nan,nan
pair_047,positive_0p15_left_mid_loading_early_stance_moderate_ice_preregistered_v2,control_0p15_left_mid_loading_early_stance_moderate_ice_preregistered_v2,0.15,left,mid_loading_early_stance,moderate_ice_preregistered,target_foot_fsr,104,304,0,804,0.0,0.0,79.44703674316406,79.44703674316406
pair_047,positive_0p15_left_mid_loading_early_stance_moderate_ice_preregistered_v2,control_0p15_left_mid_loading_early_stance_moderate_ice_preregistered_v2,0.15,left,mid_loading_early_stance,moderate_ice_preregistered,target_foot_imu,104,304,0,1206,0.0,0.0,1.6292694807052612,1.6292694807052612
pair_047,positive_0p15_left_mid_loading_early_stance_moderate_ice_preregistered_v2,control_0p15_left_mid_loading_early_stance_moderate_ice_preregistered_v2,0.15,left,mid_loading_early_stance,moderate_ice_preregistered,contralateral_fsr,104,304,0,804,0.0,0.0,4.4729156494140625,4.4729156494140625
pair_047,positive_0p15_left_mid_loading_early_stance_moderate_ice_preregistered_v2,control_0p15_left_mid_loading_early_stance_moderate_ice_preregistered_v2,0.15,left,mid_loading_early_stance,moderate_ice_preregistered,contralateral_imu,104,304,0,1206,0.0,0.0,2.3331856727600098,2.3331856727600098
pair_047,positive_0p15_left_mid_loading_early_stance_moderate_ice_preregistered_v2,control_0p15_left_mid_loading_early_stance_moderate_ice_preregistered_v2,0.15,left,mid_loading_early_stance,moderate_ice_preregistered,bilateral_asymmetry,104,304,0,2010,0.0,0.0,29.56730079650879,29.56730079650879
pair_047,positive_0p15_left_mid_loading_early_stance_moderate_ice_preregistered_v2,control_0p15_left_mid_loading_early_stance_moderate_ice_preregistered_v2,0.15,left,mid_loading_early_stance,moderate_ice_preregistered,contact_anchor_drift_label_only,104,304,0,201,0.0,0.0,0.0041923136450350285,0.0041923136450350285
pair_048,positive_0p15_left_mid_late_stance_native_strong_ice_v0,control_0p15_left_mid_late_stance_native_strong_ice_v0,0.15,left,mid_late_stance,native_strong_ice,target_foot_fsr,437,637,0,804,0.0,0.0,33.22450256347656,33.22450256347656
pair_048,positive_0p15_left_mid_late_stance_native_strong_ice_v0,control_0p15_left_mid_late_stance_native_strong_ice_v0,0.15,left,mid_late_stance,native_strong_ice,target_foot_imu,437,637,0,1206,0.0,0.0,1.0758720636367798,1.0758720636367798
pair_048,positive_0p15_left_mid_late_stance_native_strong_ice_v0,control_0p15_left_mid_late_stance_native_strong_ice_v0,0.15,left,mid_late_stance,native_strong_ice,contralateral_fsr,437,637,0,804,0.0,0.0,55.61759567260742,55.61759567260742
pair_048,positive_0p15_left_mid_late_stance_native_strong_ice_v0,control_0p15_left_mid_late_stance_native_strong_ice_v0,0.15,left,mid_late_stance,native_strong_ice,contralateral_imu,437,637,0,1206,0.0,0.0,1.5066089630126953,1.5066089630126953
pair_048,positive_0p15_left_mid_late_stance_native_strong_ice_v0,control_0p15_left_mid_late_stance_native_strong_ice_v0,0.15,left,mid_late_stance,native_strong_ice,bilateral_asymmetry,437,637,0,2010,0.0,0.0,-9.215677261352539,-9.215677261352539
pair_048,positive_0p15_left_mid_late_stance_native_strong_ice_v0,control_0p15_left_mid_late_stance_native_strong_ice_v0,0.15,left,mid_late_stance,native_strong_ice,contact_anchor_drift_label_only,437,637,0,75,0.0,0.0,0.0007721481379121542,0.0007721481379121542
pair_049,positive_0p15_left_mid_late_stance_native_strong_ice_v1,control_0p15_left_mid_late_stance_native_strong_ice_v1,0.15,left,mid_late_stance,native_strong_ice,target_foot_fsr,439,639,0,804,0.0,0.0,80.39745330810547,80.39745330810547
pair_049,positive_0p15_left_mid_late_stance_native_strong_ice_v1,control_0p15_left_mid_late_stance_native_strong_ice_v1,0.15,left,mid_late_stance,native_strong_ice,target_foot_imu,439,639,0,1206,0.0,0.0,1.6383106708526611,1.6383106708526611
pair_049,positive_0p15_left_mid_late_stance_native_strong_ice_v1,control_0p15_left_mid_late_stance_native_strong_ice_v1,0.15,left,mid_late_stance,native_strong_ice,contralateral_fsr,439,639,0,804,0.0,0.0,0.0,0.0
pair_049,positive_0p15_left_mid_late_stance_native_strong_ice_v1,control_0p15_left_mid_late_stance_native_strong_ice_v1,0.15,left,mid_late_stance,native_strong_ice,contralateral_imu,439,639,0,1206,0.0,0.0,1.8761041164398193,1.8761041164398193
pair_049,positive_0p15_left_mid_late_stance_native_strong_ice_v1,control_0p15_left_mid_late_stance_native_strong_ice_v1,0.15,left,mid_late_stance,native_strong_ice,bilateral_asymmetry,439,639,0,2010,0.0,0.0,32.01630783081055,32.01630783081055
pair_049,positive_0p15_left_mid_late_stance_native_strong_ice_v1,control_0p15_left_mid_late_stance_native_strong_ice_v1,0.15,left,mid_late_stance,native_strong_ice,contact_anchor_drift_label_only,439,639,0,201,0.0,0.0,0.007723115384578705,0.007723115384578705
pair_050,positive_0p15_left_mid_late_stance_native_strong_ice_v2,control_0p15_left_mid_late_stance_native_strong_ice_v2,0.15,left,mid_late_stance,native_strong_ice,target_foot_fsr,444,644,0,804,0.0,0.0,0.0,0.0
pair_050,positive_0p15_left_mid_late_stance_native_strong_ice_v2,control_0p15_left_mid_late_stance_native_strong_ice_v2,0.15,left,mid_late_stance,native_strong_ice,target_foot_imu,444,644,0,1206,0.0,0.0,2.172816276550293,2.172816276550293
pair_050,positive_0p15_left_mid_late_stance_native_strong_ice_v2,control_0p15_left_mid_late_stance_native_strong_ice_v2,0.15,left,mid_late_stance,native_strong_ice,contralateral_fsr,444,644,0,804,0.0,0.0,81.27870178222656,81.27870178222656
pair_050,positive_0p15_left_mid_late_stance_native_strong_ice_v2,control_0p15_left_mid_late_stance_native_strong_ice_v2,0.15,left,mid_late_stance,native_strong_ice,contralateral_imu,444,644,0,1206,0.0,0.0,1.623063087463379,1.623063087463379
pair_050,positive_0p15_left_mid_late_stance_native_strong_ice_v2,control_0p15_left_mid_late_stance_native_strong_ice_v2,0.15,left,mid_late_stance,native_strong_ice,bilateral_asymmetry,444,644,0,2010,0.0,0.0,-32.1816291809082,-32.1816291809082
pair_050,positive_0p15_left_mid_late_stance_native_strong_ice_v2,control_0p15_left_mid_late_stance_native_strong_ice_v2,0.15,left,mid_late_stance,native_strong_ice,contact_anchor_drift_label_only,444,644,0,0,,,nan,nan
pair_051,positive_0p15_left_mid_late_stance_moderate_ice_preregistered_v0,control_0p15_left_mid_late_stance_moderate_ice_preregistered_v0,0.15,left,mid_late_stance,moderate_ice_preregistered,target_foot_fsr,437,637,0,804,0.0,0.0,33.233863830566406,33.233863830566406
pair_051,positive_0p15_left_mid_late_stance_moderate_ice_preregistered_v0,control_0p15_left_mid_late_stance_moderate_ice_preregistered_v0,0.15,left,mid_late_stance,moderate_ice_preregistered,target_foot_imu,437,637,0,1206,0.0,0.0,1.07529616355896,1.07529616355896
pair_051,positive_0p15_left_mid_late_stance_moderate_ice_preregistered_v0,control_0p15_left_mid_late_stance_moderate_ice_preregistered_v0,0.15,left,mid_late_stance,moderate_ice_preregistered,contralateral_fsr,437,637,0,804,0.0,0.0,55.611915588378906,55.611915588378906
pair_051,positive_0p15_left_mid_late_stance_moderate_ice_preregistered_v0,control_0p15_left_mid_late_stance_moderate_ice_preregistered_v0,0.15,left,mid_late_stance,moderate_ice_preregistered,contralateral_imu,437,637,0,1206,0.0,0.0,1.5070134401321411,1.5070134401321411
pair_051,positive_0p15_left_mid_late_stance_moderate_ice_preregistered_v0,control_0p15_left_mid_late_stance_moderate_ice_preregistered_v0,0.15,left,mid_late_stance,moderate_ice_preregistered,bilateral_asymmetry,437,637,0,2010,0.0,0.0,-9.210251808166504,-9.210251808166504
pair_051,positive_0p15_left_mid_late_stance_moderate_ice_preregistered_v0,control_0p15_left_mid_late_stance_moderate_ice_preregistered_v0,0.15,left,mid_late_stance,moderate_ice_preregistered,contact_anchor_drift_label_only,437,637,0,75,0.0,0.0,0.0007732012309134007,0.0007732012309134007
pair_052,positive_0p15_left_mid_late_stance_moderate_ice_preregistered_v1,control_0p15_left_mid_late_stance_moderate_ice_preregistered_v1,0.15,left,mid_late_stance,moderate_ice_preregistered,target_foot_fsr,439,639,0,804,0.0,0.0,80.39583587646484,80.39583587646484
pair_052,positive_0p15_left_mid_late_stance_moderate_ice_preregistered_v1,control_0p15_left_mid_late_stance_moderate_ice_preregistered_v1,0.15,left,mid_late_stance,moderate_ice_preregistered,target_foot_imu,439,639,0,1206,0.0,0.0,1.6383113861083984,1.6383113861083984
pair_052,positive_0p15_left_mid_late_stance_moderate_ice_preregistered_v1,control_0p15_left_mid_late_stance_moderate_ice_preregistered_v1,0.15,left,mid_late_stance,moderate_ice_preregistered,contralateral_fsr,439,639,0,804,0.0,0.0,0.0,0.0
pair_052,positive_0p15_left_mid_late_stance_moderate_ice_preregistered_v1,control_0p15_left_mid_late_stance_moderate_ice_preregistered_v1,0.15,left,mid_late_stance,moderate_ice_preregistered,contralateral_imu,439,639,0,1206,0.0,0.0,1.874984622001648,1.874984622001648
pair_052,positive_0p15_left_mid_late_stance_moderate_ice_preregistered_v1,control_0p15_left_mid_late_stance_moderate_ice_preregistered_v1,0.15,left,mid_late_stance,moderate_ice_preregistered,bilateral_asymmetry,439,639,0,2010,0.0,0.0,32.016326904296875,32.016326904296875
pair_052,positive_0p15_left_mid_late_stance_moderate_ice_preregistered_v1,control_0p15_left_mid_late_stance_moderate_ice_preregistered_v1,0.15,left,mid_late_stance,moderate_ice_preregistered,contact_anchor_drift_label_only,439,639,0,201,0.0,0.0,0.0077179498039186,0.0077179498039186
pair_053,positive_0p15_left_mid_late_stance_moderate_ice_preregistered_v2,control_0p15_left_mid_late_stance_moderate_ice_preregistered_v2,0.15,left,mid_late_stance,moderate_ice_preregistered,target_foot_fsr,444,644,0,804,0.0,0.0,0.0,0.0
pair_053,positive_0p15_left_mid_late_stance_moderate_ice_preregistered_v2,control_0p15_left_mid_late_stance_moderate_ice_preregistered_v2,0.15,left,mid_late_stance,moderate_ice_preregistered,target_foot_imu,444,644,0,1206,0.0,0.0,2.1812045574188232,2.1812045574188232
pair_053,positive_0p15_left_mid_late_stance_moderate_ice_preregistered_v2,control_0p15_left_mid_late_stance_moderate_ice_preregistered_v2,0.15,left,mid_late_stance,moderate_ice_preregistered,contralateral_fsr,444,644,0,804,0.0,0.0,81.29502868652344,81.29502868652344
pair_053,positive_0p15_left_mid_late_stance_moderate_ice_preregistered_v2,control_0p15_left_mid_late_stance_moderate_ice_preregistered_v2,0.15,left,mid_late_stance,moderate_ice_preregistered,contralateral_imu,444,644,0,1206,0.0,0.0,1.6231108903884888,1.6231108903884888
pair_053,positive_0p15_left_mid_late_stance_moderate_ice_preregistered_v2,control_0p15_left_mid_late_stance_moderate_ice_preregistered_v2,0.15,left,mid_late_stance,moderate_ice_preregistered,bilateral_asymmetry,444,644,0,2010,0.0,0.0,-32.18315505981445,-32.18315505981445
pair_053,positive_0p15_left_mid_late_stance_moderate_ice_preregistered_v2,control_0p15_left_mid_late_stance_moderate_ice_preregistered_v2,0.15,left,mid_late_stance,moderate_ice_preregistered,contact_anchor_drift_label_only,444,644,0,0,,,nan,nan
pair_054,positive_0p15_right_early_loading_native_strong_ice_v0,control_0p15_right_early_loading_native_strong_ice_v0,0.15,right,early_loading,native_strong_ice,target_foot_fsr,0,163,0,656,0.0,0.0,8.806649208068848,8.806649208068848
pair_054,positive_0p15_right_early_loading_native_strong_ice_v0,control_0p15_right_early_loading_native_strong_ice_v0,0.15,right,early_loading,native_strong_ice,target_foot_imu,0,163,0,984,0.0,0.0,2.091768264770508,2.091768264770508
pair_054,positive_0p15_right_early_loading_native_strong_ice_v0,control_0p15_right_early_loading_native_strong_ice_v0,0.15,right,early_loading,native_strong_ice,contralateral_fsr,0,163,0,656,0.0,0.0,76.84258270263672,76.84258270263672
pair_054,positive_0p15_right_early_loading_native_strong_ice_v0,control_0p15_right_early_loading_native_strong_ice_v0,0.15,right,early_loading,native_strong_ice,contralateral_imu,0,163,0,984,0.0,0.0,1.6093571186065674,1.6093571186065674
pair_054,positive_0p15_right_early_loading_native_strong_ice_v0,control_0p15_right_early_loading_native_strong_ice_v0,0.15,right,early_loading,native_strong_ice,bilateral_asymmetry,0,163,0,1640,0.0,0.0,-26.924922943115234,-26.924922943115234
pair_054,positive_0p15_right_early_loading_native_strong_ice_v0,control_0p15_right_early_loading_native_strong_ice_v0,0.15,right,early_loading,native_strong_ice,contact_anchor_drift_label_only,0,163,0,47,0.0,0.0,0.0011625995393842459,0.0011625995393842459
pair_055,positive_0p15_right_early_loading_native_strong_ice_v1,control_0p15_right_early_loading_native_strong_ice_v1,0.15,right,early_loading,native_strong_ice,target_foot_fsr,0,157,0,632,0.0,0.0,73.44076538085938,73.44076538085938
pair_055,positive_0p15_right_early_loading_native_strong_ice_v1,control_0p15_right_early_loading_native_strong_ice_v1,0.15,right,early_loading,native_strong_ice,target_foot_imu,0,157,0,948,0.0,0.0,1.6378531455993652,1.6378531455993652
pair_055,positive_0p15_right_early_loading_native_strong_ice_v1,control_0p15_right_early_loading_native_strong_ice_v1,0.15,right,early_loading,native_strong_ice,contralateral_fsr,0,157,0,632,0.0,0.0,15.021467208862305,15.021467208862305
pair_055,positive_0p15_right_early_loading_native_strong_ice_v1,control_0p15_right_early_loading_native_strong_ice_v1,0.15,right,early_loading,native_strong_ice,contralateral_imu,0,157,0,948,0.0,0.0,1.9765416383743286,1.9765416383743286
pair_055,positive_0p15_right_early_loading_native_strong_ice_v1,control_0p15_right_early_loading_native_strong_ice_v1,0.15,right,early_loading,native_strong_ice,bilateral_asymmetry,0,157,0,1580,0.0,0.0,23.16450309753418,23.16450309753418
pair_055,positive_0p15_right_early_loading_native_strong_ice_v1,control_0p15_right_early_loading_native_strong_ice_v1,0.15,right,early_loading,native_strong_ice,contact_anchor_drift_label_only,0,157,0,121,0.0,0.0,0.0003280985401943326,0.0003280985401943326
pair_056,positive_0p15_right_early_loading_native_strong_ice_v2,control_0p15_right_early_loading_native_strong_ice_v2,0.15,right,early_loading,native_strong_ice,target_foot_fsr,0,154,0,620,0.0,0.0,42.97593307495117,42.97593307495117
pair_056,positive_0p15_right_early_loading_native_strong_ice_v2,control_0p15_right_early_loading_native_strong_ice_v2,0.15,right,early_loading,native_strong_ice,target_foot_imu,0,154,0,930,0.0,0.0,1.6070252656936646,1.6070252656936646
pair_056,positive_0p15_right_early_loading_native_strong_ice_v2,control_0p15_right_early_loading_native_strong_ice_v2,0.15,right,early_loading,native_strong_ice,contralateral_fsr,0,154,0,620,0.0,0.0,42.989593505859375,42.989593505859375
pair_056,positive_0p15_right_early_loading_native_strong_ice_v2,control_0p15_right_early_loading_native_strong_ice_v2,0.15,right,early_loading,native_strong_ice,contralateral_imu,0,154,0,930,0.0,0.0,1.6711493730545044,1.6711493730545044
pair_056,positive_0p15_right_early_loading_native_strong_ice_v2,control_0p15_right_early_loading_native_strong_ice_v2,0.15,right,early_loading,native_strong_ice,bilateral_asymmetry,0,154,0,1550,0.0,0.0,-0.0439421609044075,-0.0439421609044075
pair_056,positive_0p15_right_early_loading_native_strong_ice_v2,control_0p15_right_early_loading_native_strong_ice_v2,0.15,right,early_loading,native_strong_ice,contact_anchor_drift_label_only,0,154,0,121,0.0,0.0,0.0006540988106280565,0.0006540988106280565
pair_057,positive_0p15_right_early_loading_moderate_ice_preregistered_v0,control_0p15_right_early_loading_moderate_ice_preregistered_v0,0.15,right,early_loading,moderate_ice_preregistered,target_foot_fsr,0,163,0,656,0.0,0.0,8.810572624206543,8.810572624206543
pair_057,positive_0p15_right_early_loading_moderate_ice_preregistered_v0,control_0p15_right_early_loading_moderate_ice_preregistered_v0,0.15,right,early_loading,moderate_ice_preregistered,target_foot_imu,0,163,0,984,0.0,0.0,2.0902178287506104,2.0902178287506104
pair_057,positive_0p15_right_early_loading_moderate_ice_preregistered_v0,control_0p15_right_early_loading_moderate_ice_preregistered_v0,0.15,right,early_loading,moderate_ice_preregistered,contralateral_fsr,0,163,0,656,0.0,0.0,76.8354721069336,76.8354721069336
pair_057,positive_0p15_right_early_loading_moderate_ice_preregistered_v0,control_0p15_right_early_loading_moderate_ice_preregistered_v0,0.15,right,early_loading,moderate_ice_preregistered,contralateral_imu,0,163,0,984,0.0,0.0,1.6114567518234253,1.6114567518234253
pair_057,positive_0p15_right_early_loading_moderate_ice_preregistered_v0,control_0p15_right_early_loading_moderate_ice_preregistered_v0,0.15,right,early_loading,moderate_ice_preregistered,bilateral_asymmetry,0,163,0,1640,0.0,0.0,-26.922704696655273,-26.922704696655273
pair_057,positive_0p15_right_early_loading_moderate_ice_preregistered_v0,control_0p15_right_early_loading_moderate_ice_preregistered_v0,0.15,right,early_loading,moderate_ice_preregistered,contact_anchor_drift_label_only,0,163,0,47,0.0,0.0,0.0011567198671400547,0.0011567198671400547
pair_058,positive_0p15_right_early_loading_moderate_ice_preregistered_v1,control_0p15_right_early_loading_moderate_ice_preregistered_v1,0.15,right,early_loading,moderate_ice_preregistered,target_foot_fsr,0,157,0,632,0.0,0.0,73.44042205810547,73.44042205810547
pair_058,positive_0p15_right_early_loading_moderate_ice_preregistered_v1,control_0p15_right_early_loading_moderate_ice_preregistered_v1,0.15,right,early_loading,moderate_ice_preregistered,target_foot_imu,0,157,0,948,0.0,0.0,1.6379481554031372,1.6379481554031372
pair_058,positive_0p15_right_early_loading_moderate_ice_preregistered_v1,control_0p15_right_early_loading_moderate_ice_preregistered_v1,0.15,right,early_loading,moderate_ice_preregistered,contralateral_fsr,0,157,0,632,0.0,0.0,15.021848678588867,15.021848678588867
pair_058,positive_0p15_right_early_loading_moderate_ice_preregistered_v1,control_0p15_right_early_loading_moderate_ice_preregistered_v1,0.15,right,early_loading,moderate_ice_preregistered,contralateral_imu,0,157,0,948,0.0,0.0,1.9765421152114868,1.9765421152114868
pair_058,positive_0p15_right_early_loading_moderate_ice_preregistered_v1,control_0p15_right_early_loading_moderate_ice_preregistered_v1,0.15,right,early_loading,moderate_ice_preregistered,bilateral_asymmetry,0,157,0,1580,0.0,0.0,23.164270401000977,23.164270401000977
pair_058,positive_0p15_right_early_loading_moderate_ice_preregistered_v1,control_0p15_right_early_loading_moderate_ice_preregistered_v1,0.15,right,early_loading,moderate_ice_preregistered,contact_anchor_drift_label_only,0,157,0,121,0.0,0.0,0.0003275059862062335,0.0003275059862062335
pair_059,positive_0p15_right_early_loading_moderate_ice_preregistered_v2,control_0p15_right_early_loading_moderate_ice_preregistered_v2,0.15,right,early_loading,moderate_ice_preregistered,target_foot_fsr,0,154,0,620,0.0,0.0,42.98996353149414,42.98996353149414
pair_059,positive_0p15_right_early_loading_moderate_ice_preregistered_v2,control_0p15_right_early_loading_moderate_ice_preregistered_v2,0.15,right,early_loading,moderate_ice_preregistered,target_foot_imu,0,154,0,930,0.0,0.0,1.6084543466567993,1.6084543466567993
pair_059,positive_0p15_right_early_loading_moderate_ice_preregistered_v2,control_0p15_right_early_loading_moderate_ice_preregistered_v2,0.15,right,early_loading,moderate_ice_preregistered,contralateral_fsr,0,154,0,620,0.0,0.0,42.97707748413086,42.97707748413086
pair_059,positive_0p15_right_early_loading_moderate_ice_preregistered_v2,control_0p15_right_early_loading_moderate_ice_preregistered_v2,0.15,right,early_loading,moderate_ice_preregistered,contralateral_imu,0,154,0,930,0.0,0.0,1.6719261407852173,1.6719261407852173
pair_059,positive_0p15_right_early_loading_moderate_ice_preregistered_v2,control_0p15_right_early_loading_moderate_ice_preregistered_v2,0.15,right,early_loading,moderate_ice_preregistered,bilateral_asymmetry,0,154,0,1550,0.0,0.0,-0.03292779624462128,-0.03292779624462128
pair_059,positive_0p15_right_early_loading_moderate_ice_preregistered_v2,control_0p15_right_early_loading_moderate_ice_preregistered_v2,0.15,right,early_loading,moderate_ice_preregistered,contact_anchor_drift_label_only,0,154,0,121,0.0,0.0,0.000650387373752892,0.000650387373752892
pair_060,positive_0p15_right_mid_loading_early_stance_native_strong_ice_v0,control_0p15_right_mid_loading_early_stance_native_strong_ice_v0,0.15,right,mid_loading_early_stance,native_strong_ice,target_foot_fsr,103,303,0,804,0.0,0.0,44.63766098022461,44.63766098022461
pair_060,positive_0p15_right_mid_loading_early_stance_native_strong_ice_v0,control_0p15_right_mid_loading_early_stance_native_strong_ice_v0,0.15,right,mid_loading_early_stance,native_strong_ice,target_foot_imu,103,303,0,1206,0.0,0.0,1.5840778350830078,1.5840778350830078
pair_060,positive_0p15_right_mid_loading_early_stance_native_strong_ice_v0,control_0p15_right_mid_loading_early_stance_native_strong_ice_v0,0.15,right,mid_loading_early_stance,native_strong_ice,contralateral_fsr,103,303,0,804,0.0,0.0,43.246177673339844,43.246177673339844
pair_060,positive_0p15_right_mid_loading_early_stance_native_strong_ice_v0,control_0p15_right_mid_loading_early_stance_native_strong_ice_v0,0.15,right,mid_loading_early_stance,native_strong_ice,contralateral_imu,103,303,0,1206,0.0,0.0,1.6613444089889526,1.6613444089889526
pair_060,positive_0p15_right_mid_loading_early_stance_native_strong_ice_v0,control_0p15_right_mid_loading_early_stance_native_strong_ice_v0,0.15,right,mid_loading_early_stance,native_strong_ice,bilateral_asymmetry,103,303,0,2010,0.0,0.0,0.5102359056472778,0.5102359056472778
pair_060,positive_0p15_right_mid_loading_early_stance_native_strong_ice_v0,control_0p15_right_mid_loading_early_stance_native_strong_ice_v0,0.15,right,mid_loading_early_stance,native_strong_ice,contact_anchor_drift_label_only,103,303,0,107,0.0,0.0,0.0057721007615327835,0.0057721007615327835
pair_061,positive_0p15_right_mid_loading_early_stance_native_strong_ice_v1,control_0p15_right_mid_loading_early_stance_native_strong_ice_v1,0.15,right,mid_loading_early_stance,native_strong_ice,target_foot_fsr,97,297,0,804,0.0,0.0,77.67000579833984,77.67000579833984
pair_061,positive_0p15_right_mid_loading_early_stance_native_strong_ice_v1,control_0p15_right_mid_loading_early_stance_native_strong_ice_v1,0.15,right,mid_loading_early_stance,native_strong_ice,target_foot_imu,97,297,0,1206,0.0,0.0,1.7246543169021606,1.7246543169021606
pair_061,positive_0p15_right_mid_loading_early_stance_native_strong_ice_v1,control_0p15_right_mid_loading_early_stance_native_strong_ice_v1,0.15,right,mid_loading_early_stance,native_strong_ice,contralateral_fsr,97,297,0,804,0.0,0.0,0.0,0.0
pair_061,positive_0p15_right_mid_loading_early_stance_native_strong_ice_v1,control_0p15_right_mid_loading_early_stance_native_strong_ice_v1,0.15,right,mid_loading_early_stance,native_strong_ice,contralateral_imu,97,297,0,1206,0.0,0.0,2.18015193939209,2.18015193939209
pair_061,positive_0p15_right_mid_loading_early_stance_native_strong_ice_v1,control_0p15_right_mid_loading_early_stance_native_strong_ice_v1,0.15,right,mid_loading_early_stance,native_strong_ice,bilateral_asymmetry,97,297,0,2010,0.0,0.0,30.794702529907227,30.794702529907227
pair_061,positive_0p15_right_mid_loading_early_stance_native_strong_ice_v1,control_0p15_right_mid_loading_early_stance_native_strong_ice_v1,0.15,right,mid_loading_early_stance,native_strong_ice,contact_anchor_drift_label_only,97,297,0,201,0.0,0.0,0.00047001938219182193,0.00047001938219182193
pair_062,positive_0p15_right_mid_loading_early_stance_native_strong_ice_v2,control_0p15_right_mid_loading_early_stance_native_strong_ice_v2,0.15,right,mid_loading_early_stance,native_strong_ice,target_foot_fsr,94,294,0,804,0.0,0.0,6.299153804779053,6.299153804779053
pair_062,positive_0p15_right_mid_loading_early_stance_native_strong_ice_v2,control_0p15_right_mid_loading_early_stance_native_strong_ice_v2,0.15,right,mid_loading_early_stance,native_strong_ice,target_foot_imu,94,294,0,1206,0.0,0.0,2.1930127143859863,2.1930127143859863
pair_062,positive_0p15_right_mid_loading_early_stance_native_strong_ice_v2,control_0p15_right_mid_loading_early_stance_native_strong_ice_v2,0.15,right,mid_loading_early_stance,native_strong_ice,contralateral_fsr,94,294,0,804,0.0,0.0,77.47515106201172,77.47515106201172
pair_062,positive_0p15_right_mid_loading_early_stance_native_strong_ice_v2,control_0p15_right_mid_loading_early_stance_native_strong_ice_v2,0.15,right,mid_loading_early_stance,native_strong_ice,contralateral_imu,94,294,0,1206,0.0,0.0,1.6180355548858643,1.6180355548858643
pair_062,positive_0p15_right_mid_loading_early_stance_native_strong_ice_v2,control_0p15_right_mid_loading_early_stance_native_strong_ice_v2,0.15,right,mid_loading_early_stance,native_strong_ice,bilateral_asymmetry,94,294,0,2010,0.0,0.0,-28.125411987304688,-28.125411987304688
pair_062,positive_0p15_right_mid_loading_early_stance_native_strong_ice_v2,control_0p15_right_mid_loading_early_stance_native_strong_ice_v2,0.15,right,mid_loading_early_stance,native_strong_ice,contact_anchor_drift_label_only,94,294,0,67,0.0,0.0,0.0007522746454924345,0.0007522746454924345
pair_063,positive_0p15_right_mid_loading_early_stance_moderate_ice_preregistered_v0,control_0p15_right_mid_loading_early_stance_moderate_ice_preregistered_v0,0.15,right,mid_loading_early_stance,moderate_ice_preregistered,target_foot_fsr,103,303,0,804,0.0,0.0,44.62907028198242,44.62907028198242
pair_063,positive_0p15_right_mid_loading_early_stance_moderate_ice_preregistered_v0,control_0p15_right_mid_loading_early_stance_moderate_ice_preregistered_v0,0.15,right,mid_loading_early_stance,moderate_ice_preregistered,target_foot_imu,103,303,0,1206,0.0,0.0,1.583508014678955,1.583508014678955
pair_063,positive_0p15_right_mid_loading_early_stance_moderate_ice_preregistered_v0,control_0p15_right_mid_loading_early_stance_moderate_ice_preregistered_v0,0.15,right,mid_loading_early_stance,moderate_ice_preregistered,contralateral_fsr,103,303,0,804,0.0,0.0,43.25589370727539,43.25589370727539
pair_063,positive_0p15_right_mid_loading_early_stance_moderate_ice_preregistered_v0,control_0p15_right_mid_loading_early_stance_moderate_ice_preregistered_v0,0.15,right,mid_loading_early_stance,moderate_ice_preregistered,contralateral_imu,103,303,0,1206,0.0,0.0,1.6640164852142334,1.6640164852142334
pair_063,positive_0p15_right_mid_loading_early_stance_moderate_ice_preregistered_v0,control_0p15_right_mid_loading_early_stance_moderate_ice_preregistered_v0,0.15,right,mid_loading_early_stance,moderate_ice_preregistered,bilateral_asymmetry,103,303,0,2010,0.0,0.0,0.5009668469429016,0.5009668469429016
pair_063,positive_0p15_right_mid_loading_early_stance_moderate_ice_preregistered_v0,control_0p15_right_mid_loading_early_stance_moderate_ice_preregistered_v0,0.15,right,mid_loading_early_stance,moderate_ice_preregistered,contact_anchor_drift_label_only,103,303,0,107,0.0,0.0,0.0058021554723382,0.0058021554723382
pair_064,positive_0p15_right_mid_loading_early_stance_moderate_ice_preregistered_v1,control_0p15_right_mid_loading_early_stance_moderate_ice_preregistered_v1,0.15,right,mid_loading_early_stance,moderate_ice_preregistered,target_foot_fsr,97,297,0,804,0.0,0.0,77.67565155029297,77.67565155029297
pair_064,positive_0p15_right_mid_loading_early_stance_moderate_ice_preregistered_v1,control_0p15_right_mid_loading_early_stance_moderate_ice_preregistered_v1,0.15,right,mid_loading_early_stance,moderate_ice_preregistered,target_foot_imu,97,297,0,1206,0.0,0.0,1.724763035774231,1.724763035774231
pair_064,positive_0p15_right_mid_loading_early_stance_moderate_ice_preregistered_v1,control_0p15_right_mid_loading_early_stance_moderate_ice_preregistered_v1,0.15,right,mid_loading_early_stance,moderate_ice_preregistered,contralateral_fsr,97,297,0,804,0.0,0.0,0.0,0.0
pair_064,positive_0p15_right_mid_loading_early_stance_moderate_ice_preregistered_v1,control_0p15_right_mid_loading_early_stance_moderate_ice_preregistered_v1,0.15,right,mid_loading_early_stance,moderate_ice_preregistered,contralateral_imu,97,297,0,1206,0.0,0.0,2.1807196140289307,2.1807196140289307
pair_064,positive_0p15_right_mid_loading_early_stance_moderate_ice_preregistered_v1,control_0p15_right_mid_loading_early_stance_moderate_ice_preregistered_v1,0.15,right,mid_loading_early_stance,moderate_ice_preregistered,bilateral_asymmetry,97,297,0,2010,0.0,0.0,30.79668426513672,30.79668426513672
pair_064,positive_0p15_right_mid_loading_early_stance_moderate_ice_preregistered_v1,control_0p15_right_mid_loading_early_stance_moderate_ice_preregistered_v1,0.15,right,mid_loading_early_stance,moderate_ice_preregistered,contact_anchor_drift_label_only,97,297,0,201,0.0,0.0,0.00046318743261508644,0.00046318743261508644
pair_065,positive_0p15_right_mid_loading_early_stance_moderate_ice_preregistered_v2,control_0p15_right_mid_loading_early_stance_moderate_ice_preregistered_v2,0.15,right,mid_loading_early_stance,moderate_ice_preregistered,target_foot_fsr,94,294,0,804,0.0,0.0,6.243978500366211,6.243978500366211
pair_065,positive_0p15_right_mid_loading_early_stance_moderate_ice_preregistered_v2,control_0p15_right_mid_loading_early_stance_moderate_ice_preregistered_v2,0.15,right,mid_loading_early_stance,moderate_ice_preregistered,target_foot_imu,94,294,0,1206,0.0,0.0,2.1972720623016357,2.1972720623016357
pair_065,positive_0p15_right_mid_loading_early_stance_moderate_ice_preregistered_v2,control_0p15_right_mid_loading_early_stance_moderate_ice_preregistered_v2,0.15,right,mid_loading_early_stance,moderate_ice_preregistered,contralateral_fsr,94,294,0,804,0.0,0.0,77.53195190429688,77.53195190429688
pair_065,positive_0p15_right_mid_loading_early_stance_moderate_ice_preregistered_v2,control_0p15_right_mid_loading_early_stance_moderate_ice_preregistered_v2,0.15,right,mid_loading_early_stance,moderate_ice_preregistered,contralateral_imu,94,294,0,1206,0.0,0.0,1.6181498765945435,1.6181498765945435
pair_065,positive_0p15_right_mid_loading_early_stance_moderate_ice_preregistered_v2,control_0p15_right_mid_loading_early_stance_moderate_ice_preregistered_v2,0.15,right,mid_loading_early_stance,moderate_ice_preregistered,bilateral_asymmetry,94,294,0,2010,0.0,0.0,-28.1677188873291,-28.1677188873291
pair_065,positive_0p15_right_mid_loading_early_stance_moderate_ice_preregistered_v2,control_0p15_right_mid_loading_early_stance_moderate_ice_preregistered_v2,0.15,right,mid_loading_early_stance,moderate_ice_preregistered,contact_anchor_drift_label_only,94,294,0,66,0.0,0.0,0.0007582180551253259,0.0007582180551253259
pair_066,positive_0p15_right_mid_late_stance_native_strong_ice_v0,control_0p15_right_mid_late_stance_native_strong_ice_v0,0.15,right,mid_late_stance,native_strong_ice,target_foot_fsr,443,643,0,804,0.0,0.0,53.136714935302734,53.136714935302734
pair_066,positive_0p15_right_mid_late_stance_native_strong_ice_v0,control_0p15_right_mid_late_stance_native_strong_ice_v0,0.15,right,mid_late_stance,native_strong_ice,target_foot_imu,443,643,0,1206,0.0,0.0,1.486560583114624,1.486560583114624
pair_066,positive_0p15_right_mid_late_stance_native_strong_ice_v0,control_0p15_right_mid_late_stance_native_strong_ice_v0,0.15,right,mid_late_stance,native_strong_ice,contralateral_fsr,443,643,0,804,0.0,0.0,35.8223876953125,35.8223876953125
pair_066,positive_0p15_right_mid_late_stance_native_strong_ice_v0,control_0p15_right_mid_late_stance_native_strong_ice_v0,0.15,right,mid_late_stance,native_strong_ice,contralateral_imu,443,643,0,1206,0.0,0.0,1.057510256767273,1.057510256767273
pair_066,positive_0p15_right_mid_late_stance_native_strong_ice_v0,control_0p15_right_mid_late_stance_native_strong_ice_v0,0.15,right,mid_late_stance,native_strong_ice,bilateral_asymmetry,443,643,0,2010,0.0,0.0,7.183164119720459,7.183164119720459
pair_066,positive_0p15_right_mid_late_stance_native_strong_ice_v0,control_0p15_right_mid_late_stance_native_strong_ice_v0,0.15,right,mid_late_stance,native_strong_ice,contact_anchor_drift_label_only,443,643,0,161,0.0,0.0,0.006514875218272209,0.006514875218272209
pair_067,positive_0p15_right_mid_late_stance_native_strong_ice_v1,control_0p15_right_mid_late_stance_native_strong_ice_v1,0.15,right,mid_late_stance,native_strong_ice,target_foot_fsr,437,637,0,804,0.0,0.0,0.0,0.0
pair_067,positive_0p15_right_mid_late_stance_native_strong_ice_v1,control_0p15_right_mid_late_stance_native_strong_ice_v1,0.15,right,mid_late_stance,native_strong_ice,target_foot_imu,437,637,0,1206,0.0,0.0,1.899187684059143,1.899187684059143
pair_067,positive_0p15_right_mid_late_stance_native_strong_ice_v1,control_0p15_right_mid_late_stance_native_strong_ice_v1,0.15,right,mid_late_stance,native_strong_ice,contralateral_fsr,437,637,0,804,0.0,0.0,80.3951416015625,80.3951416015625
pair_067,positive_0p15_right_mid_late_stance_native_strong_ice_v1,control_0p15_right_mid_late_stance_native_strong_ice_v1,0.15,right,mid_late_stance,native_strong_ice,contralateral_imu,437,637,0,1206,0.0,0.0,1.6385869979858398,1.6385869979858398
pair_067,positive_0p15_right_mid_late_stance_native_strong_ice_v1,control_0p15_right_mid_late_stance_native_strong_ice_v1,0.15,right,mid_late_stance,native_strong_ice,bilateral_asymmetry,437,637,0,2010,0.0,0.0,-32.00169372558594,-32.00169372558594
pair_067,positive_0p15_right_mid_late_stance_native_strong_ice_v1,control_0p15_right_mid_late_stance_native_strong_ice_v1,0.15,right,mid_late_stance,native_strong_ice,contact_anchor_drift_label_only,437,637,0,0,,,nan,nan
pair_068,positive_0p15_right_mid_late_stance_native_strong_ice_v2,control_0p15_right_mid_late_stance_native_strong_ice_v2,0.15,right,mid_late_stance,native_strong_ice,target_foot_fsr,434,634,0,804,0.0,0.0,81.41690063476562,81.41690063476562
pair_068,positive_0p15_right_mid_late_stance_native_strong_ice_v2,control_0p15_right_mid_late_stance_native_strong_ice_v2,0.15,right,mid_late_stance,native_strong_ice,target_foot_imu,434,634,0,1206,0.0,0.0,1.614795446395874,1.614795446395874
pair_068,positive_0p15_right_mid_late_stance_native_strong_ice_v2,control_0p15_right_mid_late_stance_native_strong_ice_v2,0.15,right,mid_late_stance,native_strong_ice,contralateral_fsr,434,634,0,804,0.0,0.0,0.0,0.0
pair_068,positive_0p15_right_mid_late_stance_native_strong_ice_v2,control_0p15_right_mid_late_stance_native_strong_ice_v2,0.15,right,mid_late_stance,native_strong_ice,contralateral_imu,434,634,0,1206,0.0,0.0,2.2018332481384277,2.2018332481384277
pair_068,positive_0p15_right_mid_late_stance_native_strong_ice_v2,control_0p15_right_mid_late_stance_native_strong_ice_v2,0.15,right,mid_late_stance,native_strong_ice,bilateral_asymmetry,434,634,0,2010,0.0,0.0,32.21453857421875,32.21453857421875
pair_068,positive_0p15_right_mid_late_stance_native_strong_ice_v2,control_0p15_right_mid_late_stance_native_strong_ice_v2,0.15,right,mid_late_stance,native_strong_ice,contact_anchor_drift_label_only,434,634,0,201,0.0,0.0,0.008574096485972404,0.008574096485972404
pair_069,positive_0p15_right_mid_late_stance_moderate_ice_preregistered_v0,control_0p15_right_mid_late_stance_moderate_ice_preregistered_v0,0.15,right,mid_late_stance,moderate_ice_preregistered,target_foot_fsr,443,643,0,804,0.0,0.0,53.13202667236328,53.13202667236328
pair_069,positive_0p15_right_mid_late_stance_moderate_ice_preregistered_v0,control_0p15_right_mid_late_stance_moderate_ice_preregistered_v0,0.15,right,mid_late_stance,moderate_ice_preregistered,target_foot_imu,443,643,0,1206,0.0,0.0,1.4869402647018433,1.4869402647018433
pair_069,positive_0p15_right_mid_late_stance_moderate_ice_preregistered_v0,control_0p15_right_mid_late_stance_moderate_ice_preregistered_v0,0.15,right,mid_late_stance,moderate_ice_preregistered,contralateral_fsr,443,643,0,804,0.0,0.0,35.82981872558594,35.82981872558594
pair_069,positive_0p15_right_mid_late_stance_moderate_ice_preregistered_v0,control_0p15_right_mid_late_stance_moderate_ice_preregistered_v0,0.15,right,mid_late_stance,moderate_ice_preregistered,contralateral_imu,443,643,0,1206,0.0,0.0,1.057056188583374,1.057056188583374
pair_069,positive_0p15_right_mid_late_stance_moderate_ice_preregistered_v0,control_0p15_right_mid_late_stance_moderate_ice_preregistered_v0,0.15,right,mid_late_stance,moderate_ice_preregistered,bilateral_asymmetry,443,643,0,2010,0.0,0.0,7.178812026977539,7.178812026977539
pair_069,positive_0p15_right_mid_late_stance_moderate_ice_preregistered_v0,control_0p15_right_mid_late_stance_moderate_ice_preregistered_v0,0.15,right,mid_late_stance,moderate_ice_preregistered,contact_anchor_drift_label_only,443,643,0,161,0.0,0.0,0.006521077826619148,0.006521077826619148
pair_070,positive_0p15_right_mid_late_stance_moderate_ice_preregistered_v1,control_0p15_right_mid_late_stance_moderate_ice_preregistered_v1,0.15,right,mid_late_stance,moderate_ice_preregistered,target_foot_fsr,437,637,0,804,0.0,0.0,0.0,0.0
pair_070,positive_0p15_right_mid_late_stance_moderate_ice_preregistered_v1,control_0p15_right_mid_late_stance_moderate_ice_preregistered_v1,0.15,right,mid_late_stance,moderate_ice_preregistered,target_foot_imu,437,637,0,1206,0.0,0.0,1.901931643486023,1.901931643486023
pair_070,positive_0p15_right_mid_late_stance_moderate_ice_preregistered_v1,control_0p15_right_mid_late_stance_moderate_ice_preregistered_v1,0.15,right,mid_late_stance,moderate_ice_preregistered,contralateral_fsr,437,637,0,804,0.0,0.0,80.39891052246094,80.39891052246094
pair_070,positive_0p15_right_mid_late_stance_moderate_ice_preregistered_v1,control_0p15_right_mid_late_stance_moderate_ice_preregistered_v1,0.15,right,mid_late_stance,moderate_ice_preregistered,contralateral_imu,437,637,0,1206,0.0,0.0,1.638587236404419,1.638587236404419
pair_070,positive_0p15_right_mid_late_stance_moderate_ice_preregistered_v1,control_0p15_right_mid_late_stance_moderate_ice_preregistered_v1,0.15,right,mid_late_stance,moderate_ice_preregistered,bilateral_asymmetry,437,637,0,2010,0.0,0.0,-32.00156021118164,-32.00156021118164
pair_070,positive_0p15_right_mid_late_stance_moderate_ice_preregistered_v1,control_0p15_right_mid_late_stance_moderate_ice_preregistered_v1,0.15,right,mid_late_stance,moderate_ice_preregistered,contact_anchor_drift_label_only,437,637,0,0,,,nan,nan
pair_071,positive_0p15_right_mid_late_stance_moderate_ice_preregistered_v2,control_0p15_right_mid_late_stance_moderate_ice_preregistered_v2,0.15,right,mid_late_stance,moderate_ice_preregistered,target_foot_fsr,434,634,0,804,0.0,0.0,81.41496276855469,81.41496276855469
pair_071,positive_0p15_right_mid_late_stance_moderate_ice_preregistered_v2,control_0p15_right_mid_late_stance_moderate_ice_preregistered_v2,0.15,right,mid_late_stance,moderate_ice_preregistered,target_foot_imu,434,634,0,1206,0.0,0.0,1.6147831678390503,1.6147831678390503
pair_071,positive_0p15_right_mid_late_stance_moderate_ice_preregistered_v2,control_0p15_right_mid_late_stance_moderate_ice_preregistered_v2,0.15,right,mid_late_stance,moderate_ice_preregistered,contralateral_fsr,434,634,0,804,0.0,0.0,0.0,0.0
pair_071,positive_0p15_right_mid_late_stance_moderate_ice_preregistered_v2,control_0p15_right_mid_late_stance_moderate_ice_preregistered_v2,0.15,right,mid_late_stance,moderate_ice_preregistered,contralateral_imu,434,634,0,1206,0.0,0.0,2.1998445987701416,2.1998445987701416
pair_071,positive_0p15_right_mid_late_stance_moderate_ice_preregistered_v2,control_0p15_right_mid_late_stance_moderate_ice_preregistered_v2,0.15,right,mid_late_stance,moderate_ice_preregistered,bilateral_asymmetry,434,634,0,2010,0.0,0.0,32.214942932128906,32.214942932128906
pair_071,positive_0p15_right_mid_late_stance_moderate_ice_preregistered_v2,control_0p15_right_mid_late_stance_moderate_ice_preregistered_v2,0.15,right,mid_late_stance,moderate_ice_preregistered,contact_anchor_drift_label_only,434,634,0,201,0.0,0.0,0.00859589409083128,0.00859589409083128
pair_072,positive_0p20_left_early_loading_native_strong_ice_v0,control_0p20_left_early_loading_native_strong_ice_v0,0.2,left,early_loading,native_strong_ice,target_foot_fsr,0,156,0,628,0.0,0.0,76.22720336914062,76.22720336914062
pair_072,positive_0p20_left_early_loading_native_strong_ice_v0,control_0p20_left_early_loading_native_strong_ice_v0,0.2,left,early_loading,native_strong_ice,target_foot_imu,0,156,0,942,0.0,0.0,1.5642141103744507,1.5642141103744507
pair_072,positive_0p20_left_early_loading_native_strong_ice_v0,control_0p20_left_early_loading_native_strong_ice_v0,0.2,left,early_loading,native_strong_ice,contralateral_fsr,0,156,0,628,0.0,0.0,9.438019752502441,9.438019752502441
pair_072,positive_0p20_left_early_loading_native_strong_ice_v0,control_0p20_left_early_loading_native_strong_ice_v0,0.2,left,early_loading,native_strong_ice,contralateral_imu,0,156,0,942,0.0,0.0,2.036926746368408,2.036926746368408
pair_072,positive_0p20_left_early_loading_native_strong_ice_v0,control_0p20_left_early_loading_native_strong_ice_v0,0.2,left,early_loading,native_strong_ice,bilateral_asymmetry,0,156,0,1570,0.0,0.0,26.432048797607422,26.432048797607422
pair_072,positive_0p20_left_early_loading_native_strong_ice_v0,control_0p20_left_early_loading_native_strong_ice_v0,0.2,left,early_loading,native_strong_ice,contact_anchor_drift_label_only,0,156,0,121,0.0,0.0,0.002125572180375457,0.002125572180375457
pair_073,positive_0p20_left_early_loading_native_strong_ice_v1,control_0p20_left_early_loading_native_strong_ice_v1,0.2,left,early_loading,native_strong_ice,target_foot_fsr,0,159,0,640,0.0,0.0,14.889592170715332,14.889592170715332
pair_073,positive_0p20_left_early_loading_native_strong_ice_v1,control_0p20_left_early_loading_native_strong_ice_v1,0.2,left,early_loading,native_strong_ice,target_foot_imu,0,159,0,960,0.0,0.0,2.011298894882202,2.011298894882202
pair_073,positive_0p20_left_early_loading_native_strong_ice_v1,control_0p20_left_early_loading_native_strong_ice_v1,0.2,left,early_loading,native_strong_ice,contralateral_fsr,0,159,0,640,0.0,0.0,73.52692413330078,73.52692413330078
pair_073,positive_0p20_left_early_loading_native_strong_ice_v1,control_0p20_left_early_loading_native_strong_ice_v1,0.2,left,early_loading,native_strong_ice,contralateral_imu,0,159,0,960,0.0,0.0,1.6388393640518188,1.6388393640518188
pair_073,positive_0p20_left_early_loading_native_strong_ice_v1,control_0p20_left_early_loading_native_strong_ice_v1,0.2,left,early_loading,native_strong_ice,bilateral_asymmetry,0,159,0,1600,0.0,0.0,-23.231454849243164,-23.231454849243164
pair_073,positive_0p20_left_early_loading_native_strong_ice_v1,control_0p20_left_early_loading_native_strong_ice_v1,0.2,left,early_loading,native_strong_ice,contact_anchor_drift_label_only,0,159,0,50,0.0,0.0,0.00028685436700470746,0.00028685436700470746
pair_074,positive_0p20_left_early_loading_native_strong_ice_v2,control_0p20_left_early_loading_native_strong_ice_v2,0.2,left,early_loading,native_strong_ice,target_foot_fsr,0,164,0,660,0.0,0.0,45.15900802612305,45.15900802612305
pair_074,positive_0p20_left_early_loading_native_strong_ice_v2,control_0p20_left_early_loading_native_strong_ice_v2,0.2,left,early_loading,native_strong_ice,target_foot_imu,0,164,0,990,0.0,0.0,1.667428731918335,1.667428731918335
pair_074,positive_0p20_left_early_loading_native_strong_ice_v2,control_0p20_left_early_loading_native_strong_ice_v2,0.2,left,early_loading,native_strong_ice,contralateral_fsr,0,164,0,660,0.0,0.0,40.808494567871094,40.808494567871094
pair_074,positive_0p20_left_early_loading_native_strong_ice_v2,control_0p20_left_early_loading_native_strong_ice_v2,0.2,left,early_loading,native_strong_ice,contralateral_imu,0,164,0,990,0.0,0.0,1.5880736112594604,1.5880736112594604
pair_074,positive_0p20_left_early_loading_native_strong_ice_v2,control_0p20_left_early_loading_native_strong_ice_v2,0.2,left,early_loading,native_strong_ice,bilateral_asymmetry,0,164,0,1650,0.0,0.0,1.7878178358078003,1.7878178358078003
pair_074,positive_0p20_left_early_loading_native_strong_ice_v2,control_0p20_left_early_loading_native_strong_ice_v2,0.2,left,early_loading,native_strong_ice,contact_anchor_drift_label_only,0,164,0,121,0.0,0.0,0.003989335149526596,0.003989335149526596
pair_075,positive_0p20_left_early_loading_moderate_ice_preregistered_v0,control_0p20_left_early_loading_moderate_ice_preregistered_v0,0.2,left,early_loading,moderate_ice_preregistered,target_foot_fsr,0,156,0,628,0.0,0.0,76.22526550292969,76.22526550292969
pair_075,positive_0p20_left_early_loading_moderate_ice_preregistered_v0,control_0p20_left_early_loading_moderate_ice_preregistered_v0,0.2,left,early_loading,moderate_ice_preregistered,target_foot_imu,0,156,0,942,0.0,0.0,1.5651495456695557,1.5651495456695557
pair_075,positive_0p20_left_early_loading_moderate_ice_preregistered_v0,control_0p20_left_early_loading_moderate_ice_preregistered_v0,0.2,left,early_loading,moderate_ice_preregistered,contralateral_fsr,0,156,0,628,0.0,0.0,9.439634323120117,9.439634323120117
pair_075,positive_0p20_left_early_loading_moderate_ice_preregistered_v0,control_0p20_left_early_loading_moderate_ice_preregistered_v0,0.2,left,early_loading,moderate_ice_preregistered,contralateral_imu,0,156,0,942,0.0,0.0,2.036334753036499,2.036334753036499
pair_075,positive_0p20_left_early_loading_moderate_ice_preregistered_v0,control_0p20_left_early_loading_moderate_ice_preregistered_v0,0.2,left,early_loading,moderate_ice_preregistered,bilateral_asymmetry,0,156,0,1570,0.0,0.0,26.431543350219727,26.431543350219727
pair_075,positive_0p20_left_early_loading_moderate_ice_preregistered_v0,control_0p20_left_early_loading_moderate_ice_preregistered_v0,0.2,left,early_loading,moderate_ice_preregistered,contact_anchor_drift_label_only,0,156,0,121,0.0,0.0,0.0021200210321694613,0.0021200210321694613
pair_076,positive_0p20_left_early_loading_moderate_ice_preregistered_v1,control_0p20_left_early_loading_moderate_ice_preregistered_v1,0.2,left,early_loading,moderate_ice_preregistered,target_foot_fsr,0,159,0,640,0.0,0.0,14.87951374053955,14.87951374053955
pair_076,positive_0p20_left_early_loading_moderate_ice_preregistered_v1,control_0p20_left_early_loading_moderate_ice_preregistered_v1,0.2,left,early_loading,moderate_ice_preregistered,target_foot_imu,0,159,0,960,0.0,0.0,2.01125168800354,2.01125168800354
pair_076,positive_0p20_left_early_loading_moderate_ice_preregistered_v1,control_0p20_left_early_loading_moderate_ice_preregistered_v1,0.2,left,early_loading,moderate_ice_preregistered,contralateral_fsr,0,159,0,640,0.0,0.0,73.53529357910156,73.53529357910156
pair_076,positive_0p20_left_early_loading_moderate_ice_preregistered_v1,control_0p20_left_early_loading_moderate_ice_preregistered_v1,0.2,left,early_loading,moderate_ice_preregistered,contralateral_imu,0,159,0,960,0.0,0.0,1.6363087892532349,1.6363087892532349
pair_076,positive_0p20_left_early_loading_moderate_ice_preregistered_v1,control_0p20_left_early_loading_moderate_ice_preregistered_v1,0.2,left,early_loading,moderate_ice_preregistered,bilateral_asymmetry,0,159,0,1600,0.0,0.0,-23.237346649169922,-23.237346649169922
pair_076,positive_0p20_left_early_loading_moderate_ice_preregistered_v1,control_0p20_left_early_loading_moderate_ice_preregistered_v1,0.2,left,early_loading,moderate_ice_preregistered,contact_anchor_drift_label_only,0,159,0,50,0.0,0.0,0.000286064634565264,0.000286064634565264
pair_077,positive_0p20_left_early_loading_moderate_ice_preregistered_v2,control_0p20_left_early_loading_moderate_ice_preregistered_v2,0.2,left,early_loading,moderate_ice_preregistered,target_foot_fsr,0,164,0,660,0.0,0.0,45.12822341918945,45.12822341918945
pair_077,positive_0p20_left_early_loading_moderate_ice_preregistered_v2,control_0p20_left_early_loading_moderate_ice_preregistered_v2,0.2,left,early_loading,moderate_ice_preregistered,target_foot_imu,0,164,0,990,0.0,0.0,1.6691306829452515,1.6691306829452515
pair_077,positive_0p20_left_early_loading_moderate_ice_preregistered_v2,control_0p20_left_early_loading_moderate_ice_preregistered_v2,0.2,left,early_loading,moderate_ice_preregistered,contralateral_fsr,0,164,0,660,0.0,0.0,40.845970153808594,40.845970153808594
pair_077,positive_0p20_left_early_loading_moderate_ice_preregistered_v2,control_0p20_left_early_loading_moderate_ice_preregistered_v2,0.2,left,early_loading,moderate_ice_preregistered,contralateral_imu,0,164,0,990,0.0,0.0,1.5904467105865479,1.5904467105865479
pair_077,positive_0p20_left_early_loading_moderate_ice_preregistered_v2,control_0p20_left_early_loading_moderate_ice_preregistered_v2,0.2,left,early_loading,moderate_ice_preregistered,bilateral_asymmetry,0,164,0,1650,0.0,0.0,1.7601135969161987,1.7601135969161987
pair_077,positive_0p20_left_early_loading_moderate_ice_preregistered_v2,control_0p20_left_early_loading_moderate_ice_preregistered_v2,0.2,left,early_loading,moderate_ice_preregistered,contact_anchor_drift_label_only,0,164,0,121,0.0,0.0,0.003987548872828484,0.003987548872828484
pair_078,positive_0p20_left_mid_loading_early_stance_native_strong_ice_v0,control_0p20_left_mid_loading_early_stance_native_strong_ice_v0,0.2,left,mid_loading_early_stance,native_strong_ice,target_foot_fsr,96,296,0,804,0.0,0.0,45.95888900756836,45.95888900756836
pair_078,positive_0p20_left_mid_loading_early_stance_native_strong_ice_v0,control_0p20_left_mid_loading_early_stance_native_strong_ice_v0,0.2,left,mid_loading_early_stance,native_strong_ice,target_foot_imu,96,296,0,1206,0.0,0.0,1.6640619039535522,1.6640619039535522
pair_078,positive_0p20_left_mid_loading_early_stance_native_strong_ice_v0,control_0p20_left_mid_loading_early_stance_native_strong_ice_v0,0.2,left,mid_loading_early_stance,native_strong_ice,contralateral_fsr,96,296,0,804,0.0,0.0,42.05815505981445,42.05815505981445
pair_078,positive_0p20_left_mid_loading_early_stance_native_strong_ice_v0,control_0p20_left_mid_loading_early_stance_native_strong_ice_v0,0.2,left,mid_loading_early_stance,native_strong_ice,contralateral_imu,96,296,0,1206,0.0,0.0,1.5922151803970337,1.5922151803970337
pair_078,positive_0p20_left_mid_loading_early_stance_native_strong_ice_v0,control_0p20_left_mid_loading_early_stance_native_strong_ice_v0,0.2,left,mid_loading_early_stance,native_strong_ice,bilateral_asymmetry,96,296,0,2010,0.0,0.0,1.6033999919891357,1.6033999919891357
pair_078,positive_0p20_left_mid_loading_early_stance_native_strong_ice_v0,control_0p20_left_mid_loading_early_stance_native_strong_ice_v0,0.2,left,mid_loading_early_stance,native_strong_ice,contact_anchor_drift_label_only,96,296,0,144,0.0,0.0,0.002146960236132145,0.002146960236132145
pair_079,positive_0p20_left_mid_loading_early_stance_native_strong_ice_v1,control_0p20_left_mid_loading_early_stance_native_strong_ice_v1,0.2,left,mid_loading_early_stance,native_strong_ice,target_foot_fsr,99,299,0,804,0.0,0.0,0.0,0.0
pair_079,positive_0p20_left_mid_loading_early_stance_native_strong_ice_v1,control_0p20_left_mid_loading_early_stance_native_strong_ice_v1,0.2,left,mid_loading_early_stance,native_strong_ice,target_foot_imu,99,299,0,1206,0.0,0.0,2.2036046981811523,2.2036046981811523
pair_079,positive_0p20_left_mid_loading_early_stance_native_strong_ice_v1,control_0p20_left_mid_loading_early_stance_native_strong_ice_v1,0.2,left,mid_loading_early_stance,native_strong_ice,contralateral_fsr,99,299,0,804,0.0,0.0,77.28456115722656,77.28456115722656
pair_079,positive_0p20_left_mid_loading_early_stance_native_strong_ice_v1,control_0p20_left_mid_loading_early_stance_native_strong_ice_v1,0.2,left,mid_loading_early_stance,native_strong_ice,contralateral_imu,99,299,0,1206,0.0,0.0,1.7286521196365356,1.7286521196365356
pair_079,positive_0p20_left_mid_loading_early_stance_native_strong_ice_v1,control_0p20_left_mid_loading_early_stance_native_strong_ice_v1,0.2,left,mid_loading_early_stance,native_strong_ice,bilateral_asymmetry,99,299,0,2010,0.0,0.0,-30.628856658935547,-30.628856658935547
pair_079,positive_0p20_left_mid_loading_early_stance_native_strong_ice_v1,control_0p20_left_mid_loading_early_stance_native_strong_ice_v1,0.2,left,mid_loading_early_stance,native_strong_ice,contact_anchor_drift_label_only,99,299,0,0,,,nan,nan
pair_080,positive_0p20_left_mid_loading_early_stance_native_strong_ice_v2,control_0p20_left_mid_loading_early_stance_native_strong_ice_v2,0.2,left,mid_loading_early_stance,native_strong_ice,target_foot_fsr,104,304,0,804,0.0,0.0,79.04796600341797,79.04796600341797
pair_080,positive_0p20_left_mid_loading_early_stance_native_strong_ice_v2,control_0p20_left_mid_loading_early_stance_native_strong_ice_v2,0.2,left,mid_loading_early_stance,native_strong_ice,target_foot_imu,104,304,0,1206,0.0,0.0,1.6278085708618164,1.6278085708618164
pair_080,positive_0p20_left_mid_loading_early_stance_native_strong_ice_v2,control_0p20_left_mid_loading_early_stance_native_strong_ice_v2,0.2,left,mid_loading_early_stance,native_strong_ice,contralateral_fsr,104,304,0,804,0.0,0.0,4.778892517089844,4.778892517089844
pair_080,positive_0p20_left_mid_loading_early_stance_native_strong_ice_v2,control_0p20_left_mid_loading_early_stance_native_strong_ice_v2,0.2,left,mid_loading_early_stance,native_strong_ice,contralateral_imu,104,304,0,1206,0.0,0.0,2.3246779441833496,2.3246779441833496
pair_080,positive_0p20_left_mid_loading_early_stance_native_strong_ice_v2,control_0p20_left_mid_loading_early_stance_native_strong_ice_v2,0.2,left,mid_loading_early_stance,native_strong_ice,bilateral_asymmetry,104,304,0,2010,0.0,0.0,29.289508819580078,29.289508819580078
pair_080,positive_0p20_left_mid_loading_early_stance_native_strong_ice_v2,control_0p20_left_mid_loading_early_stance_native_strong_ice_v2,0.2,left,mid_loading_early_stance,native_strong_ice,contact_anchor_drift_label_only,104,304,0,201,0.0,0.0,0.004201265051960945,0.004201265051960945
pair_081,positive_0p20_left_mid_loading_early_stance_moderate_ice_preregistered_v0,control_0p20_left_mid_loading_early_stance_moderate_ice_preregistered_v0,0.2,left,mid_loading_early_stance,moderate_ice_preregistered,target_foot_fsr,96,296,0,804,0.0,0.0,45.958465576171875,45.958465576171875
pair_081,positive_0p20_left_mid_loading_early_stance_moderate_ice_preregistered_v0,control_0p20_left_mid_loading_early_stance_moderate_ice_preregistered_v0,0.2,left,mid_loading_early_stance,moderate_ice_preregistered,target_foot_imu,96,296,0,1206,0.0,0.0,1.6660829782485962,1.6660829782485962
pair_081,positive_0p20_left_mid_loading_early_stance_moderate_ice_preregistered_v0,control_0p20_left_mid_loading_early_stance_moderate_ice_preregistered_v0,0.2,left,mid_loading_early_stance,moderate_ice_preregistered,contralateral_fsr,96,296,0,804,0.0,0.0,42.06283950805664,42.06283950805664
pair_081,positive_0p20_left_mid_loading_early_stance_moderate_ice_preregistered_v0,control_0p20_left_mid_loading_early_stance_moderate_ice_preregistered_v0,0.2,left,mid_loading_early_stance,moderate_ice_preregistered,contralateral_imu,96,296,0,1206,0.0,0.0,1.5923898220062256,1.5923898220062256
pair_081,positive_0p20_left_mid_loading_early_stance_moderate_ice_preregistered_v0,control_0p20_left_mid_loading_early_stance_moderate_ice_preregistered_v0,0.2,left,mid_loading_early_stance,moderate_ice_preregistered,bilateral_asymmetry,96,296,0,2010,0.0,0.0,1.602465271949768,1.602465271949768
pair_081,positive_0p20_left_mid_loading_early_stance_moderate_ice_preregistered_v0,control_0p20_left_mid_loading_early_stance_moderate_ice_preregistered_v0,0.2,left,mid_loading_early_stance,moderate_ice_preregistered,contact_anchor_drift_label_only,96,296,0,144,0.0,0.0,0.002138975076377392,0.002138975076377392
pair_082,positive_0p20_left_mid_loading_early_stance_moderate_ice_preregistered_v1,control_0p20_left_mid_loading_early_stance_moderate_ice_preregistered_v1,0.2,left,mid_loading_early_stance,moderate_ice_preregistered,target_foot_fsr,99,299,0,804,0.0,0.0,0.0,0.0
pair_082,positive_0p20_left_mid_loading_early_stance_moderate_ice_preregistered_v1,control_0p20_left_mid_loading_early_stance_moderate_ice_preregistered_v1,0.2,left,mid_loading_early_stance,moderate_ice_preregistered,target_foot_imu,99,299,0,1206,0.0,0.0,2.2052299976348877,2.2052299976348877
pair_082,positive_0p20_left_mid_loading_early_stance_moderate_ice_preregistered_v1,control_0p20_left_mid_loading_early_stance_moderate_ice_preregistered_v1,0.2,left,mid_loading_early_stance,moderate_ice_preregistered,contralateral_fsr,99,299,0,804,0.0,0.0,77.3004379272461,77.3004379272461
pair_082,positive_0p20_left_mid_loading_early_stance_moderate_ice_preregistered_v1,control_0p20_left_mid_loading_early_stance_moderate_ice_preregistered_v1,0.2,left,mid_loading_early_stance,moderate_ice_preregistered,contralateral_imu,99,299,0,1206,0.0,0.0,1.728756070137024,1.728756070137024
pair_082,positive_0p20_left_mid_loading_early_stance_moderate_ice_preregistered_v1,control_0p20_left_mid_loading_early_stance_moderate_ice_preregistered_v1,0.2,left,mid_loading_early_stance,moderate_ice_preregistered,bilateral_asymmetry,99,299,0,2010,0.0,0.0,-30.634292602539062,-30.634292602539062
pair_082,positive_0p20_left_mid_loading_early_stance_moderate_ice_preregistered_v1,control_0p20_left_mid_loading_early_stance_moderate_ice_preregistered_v1,0.2,left,mid_loading_early_stance,moderate_ice_preregistered,contact_anchor_drift_label_only,99,299,0,0,,,nan,nan
pair_083,positive_0p20_left_mid_loading_early_stance_moderate_ice_preregistered_v2,control_0p20_left_mid_loading_early_stance_moderate_ice_preregistered_v2,0.2,left,mid_loading_early_stance,moderate_ice_preregistered,target_foot_fsr,104,304,0,804,0.0,0.0,79.0201644897461,79.0201644897461
pair_083,positive_0p20_left_mid_loading_early_stance_moderate_ice_preregistered_v2,control_0p20_left_mid_loading_early_stance_moderate_ice_preregistered_v2,0.2,left,mid_loading_early_stance,moderate_ice_preregistered,target_foot_imu,104,304,0,1206,0.0,0.0,1.6276507377624512,1.6276507377624512
pair_083,positive_0p20_left_mid_loading_early_stance_moderate_ice_preregistered_v2,control_0p20_left_mid_loading_early_stance_moderate_ice_preregistered_v2,0.2,left,mid_loading_early_stance,moderate_ice_preregistered,contralateral_fsr,104,304,0,804,0.0,0.0,4.7984232902526855,4.7984232902526855
pair_083,positive_0p20_left_mid_loading_early_stance_moderate_ice_preregistered_v2,control_0p20_left_mid_loading_early_stance_moderate_ice_preregistered_v2,0.2,left,mid_loading_early_stance,moderate_ice_preregistered,contralateral_imu,104,304,0,1206,0.0,0.0,2.3206887245178223,2.3206887245178223
pair_083,positive_0p20_left_mid_loading_early_stance_moderate_ice_preregistered_v2,control_0p20_left_mid_loading_early_stance_moderate_ice_preregistered_v2,0.2,left,mid_loading_early_stance,moderate_ice_preregistered,bilateral_asymmetry,104,304,0,2010,0.0,0.0,29.27287483215332,29.27287483215332
pair_083,positive_0p20_left_mid_loading_early_stance_moderate_ice_preregistered_v2,control_0p20_left_mid_loading_early_stance_moderate_ice_preregistered_v2,0.2,left,mid_loading_early_stance,moderate_ice_preregistered,contact_anchor_drift_label_only,104,304,0,201,0.0,0.0,0.004200309980660677,0.004200309980660677
pair_084,positive_0p20_left_mid_late_stance_native_strong_ice_v0,control_0p20_left_mid_late_stance_native_strong_ice_v0,0.2,left,mid_late_stance,native_strong_ice,target_foot_fsr,436,636,0,804,0.0,0.0,34.76692581176758,34.76692581176758
pair_084,positive_0p20_left_mid_late_stance_native_strong_ice_v0,control_0p20_left_mid_late_stance_native_strong_ice_v0,0.2,left,mid_late_stance,native_strong_ice,target_foot_imu,436,636,0,1206,0.0,0.0,0.9943252205848694,0.9943252205848694
pair_084,positive_0p20_left_mid_late_stance_native_strong_ice_v0,control_0p20_left_mid_late_stance_native_strong_ice_v0,0.2,left,mid_late_stance,native_strong_ice,contralateral_fsr,436,636,0,804,0.0,0.0,54.366371154785156,54.366371154785156
pair_084,positive_0p20_left_mid_late_stance_native_strong_ice_v0,control_0p20_left_mid_late_stance_native_strong_ice_v0,0.2,left,mid_late_stance,native_strong_ice,contralateral_imu,436,636,0,1206,0.0,0.0,1.6667587757110596,1.6667587757110596
pair_084,positive_0p20_left_mid_late_stance_native_strong_ice_v0,control_0p20_left_mid_late_stance_native_strong_ice_v0,0.2,left,mid_late_stance,native_strong_ice,bilateral_asymmetry,436,636,0,2010,0.0,0.0,-8.243234634399414,-8.243234634399414
pair_084,positive_0p20_left_mid_late_stance_native_strong_ice_v0,control_0p20_left_mid_late_stance_native_strong_ice_v0,0.2,left,mid_late_stance,native_strong_ice,contact_anchor_drift_label_only,436,636,0,75,0.0,0.0,0.0009815867524594069,0.0009815867524594069
pair_085,positive_0p20_left_mid_late_stance_native_strong_ice_v1,control_0p20_left_mid_late_stance_native_strong_ice_v1,0.2,left,mid_late_stance,native_strong_ice,target_foot_fsr,439,639,0,804,0.0,0.0,80.46109008789062,80.46109008789062
pair_085,positive_0p20_left_mid_late_stance_native_strong_ice_v1,control_0p20_left_mid_late_stance_native_strong_ice_v1,0.2,left,mid_late_stance,native_strong_ice,target_foot_imu,439,639,0,1206,0.0,0.0,1.6396974325180054,1.6396974325180054
pair_085,positive_0p20_left_mid_late_stance_native_strong_ice_v1,control_0p20_left_mid_late_stance_native_strong_ice_v1,0.2,left,mid_late_stance,native_strong_ice,contralateral_fsr,439,639,0,804,0.0,0.0,0.0,0.0
pair_085,positive_0p20_left_mid_late_stance_native_strong_ice_v1,control_0p20_left_mid_late_stance_native_strong_ice_v1,0.2,left,mid_late_stance,native_strong_ice,contralateral_imu,439,639,0,1206,0.0,0.0,1.8580000400543213,1.8580000400543213
pair_085,positive_0p20_left_mid_late_stance_native_strong_ice_v1,control_0p20_left_mid_late_stance_native_strong_ice_v1,0.2,left,mid_late_stance,native_strong_ice,bilateral_asymmetry,439,639,0,2010,0.0,0.0,32.0534553527832,32.0534553527832
pair_085,positive_0p20_left_mid_late_stance_native_strong_ice_v1,control_0p20_left_mid_late_stance_native_strong_ice_v1,0.2,left,mid_late_stance,native_strong_ice,contact_anchor_drift_label_only,439,639,0,201,0.0,0.0,0.00869002752006054,0.00869002752006054
pair_086,positive_0p20_left_mid_late_stance_native_strong_ice_v2,control_0p20_left_mid_late_stance_native_strong_ice_v2,0.2,left,mid_late_stance,native_strong_ice,target_foot_fsr,444,644,0,804,0.0,0.0,0.0,0.0
pair_086,positive_0p20_left_mid_late_stance_native_strong_ice_v2,control_0p20_left_mid_late_stance_native_strong_ice_v2,0.2,left,mid_late_stance,native_strong_ice,target_foot_imu,444,644,0,1206,0.0,0.0,2.2436718940734863,2.2436718940734863
pair_086,positive_0p20_left_mid_late_stance_native_strong_ice_v2,control_0p20_left_mid_late_stance_native_strong_ice_v2,0.2,left,mid_late_stance,native_strong_ice,contralateral_fsr,444,644,0,804,0.0,0.0,81.34913635253906,81.34913635253906
pair_086,positive_0p20_left_mid_late_stance_native_strong_ice_v2,control_0p20_left_mid_late_stance_native_strong_ice_v2,0.2,left,mid_late_stance,native_strong_ice,contralateral_imu,444,644,0,1206,0.0,0.0,1.6227482557296753,1.6227482557296753
pair_086,positive_0p20_left_mid_late_stance_native_strong_ice_v2,control_0p20_left_mid_late_stance_native_strong_ice_v2,0.2,left,mid_late_stance,native_strong_ice,bilateral_asymmetry,444,644,0,2010,0.0,0.0,-32.16709899902344,-32.16709899902344
pair_086,positive_0p20_left_mid_late_stance_native_strong_ice_v2,control_0p20_left_mid_late_stance_native_strong_ice_v2,0.2,left,mid_late_stance,native_strong_ice,contact_anchor_drift_label_only,444,644,0,0,,,nan,nan
pair_087,positive_0p20_left_mid_late_stance_moderate_ice_preregistered_v0,control_0p20_left_mid_late_stance_moderate_ice_preregistered_v0,0.2,left,mid_late_stance,moderate_ice_preregistered,target_foot_fsr,436,636,0,804,0.0,0.0,34.80324172973633,34.80324172973633
pair_087,positive_0p20_left_mid_late_stance_moderate_ice_preregistered_v0,control_0p20_left_mid_late_stance_moderate_ice_preregistered_v0,0.2,left,mid_late_stance,moderate_ice_preregistered,target_foot_imu,436,636,0,1206,0.0,0.0,0.9933596253395081,0.9933596253395081
pair_087,positive_0p20_left_mid_late_stance_moderate_ice_preregistered_v0,control_0p20_left_mid_late_stance_moderate_ice_preregistered_v0,0.2,left,mid_late_stance,moderate_ice_preregistered,contralateral_fsr,436,636,0,804,0.0,0.0,54.34244155883789,54.34244155883789
pair_087,positive_0p20_left_mid_late_stance_moderate_ice_preregistered_v0,control_0p20_left_mid_late_stance_moderate_ice_preregistered_v0,0.2,left,mid_late_stance,moderate_ice_preregistered,contralateral_imu,436,636,0,1206,0.0,0.0,1.668575406074524,1.668575406074524
pair_087,positive_0p20_left_mid_late_stance_moderate_ice_preregistered_v0,control_0p20_left_mid_late_stance_moderate_ice_preregistered_v0,0.2,left,mid_late_stance,moderate_ice_preregistered,bilateral_asymmetry,436,636,0,2010,0.0,0.0,-8.220808982849121,-8.220808982849121
pair_087,positive_0p20_left_mid_late_stance_moderate_ice_preregistered_v0,control_0p20_left_mid_late_stance_moderate_ice_preregistered_v0,0.2,left,mid_late_stance,moderate_ice_preregistered,contact_anchor_drift_label_only,436,636,0,75,0.0,0.0,0.0009840154089033604,0.0009840154089033604
pair_088,positive_0p20_left_mid_late_stance_moderate_ice_preregistered_v1,control_0p20_left_mid_late_stance_moderate_ice_preregistered_v1,0.2,left,mid_late_stance,moderate_ice_preregistered,target_foot_fsr,439,639,0,804,0.0,0.0,80.4220199584961,80.4220199584961
pair_088,positive_0p20_left_mid_late_stance_moderate_ice_preregistered_v1,control_0p20_left_mid_late_stance_moderate_ice_preregistered_v1,0.2,left,mid_late_stance,moderate_ice_preregistered,target_foot_imu,439,639,0,1206,0.0,0.0,1.6375811100006104,1.6375811100006104
pair_088,positive_0p20_left_mid_late_stance_moderate_ice_preregistered_v1,control_0p20_left_mid_late_stance_moderate_ice_preregistered_v1,0.2,left,mid_late_stance,moderate_ice_preregistered,contralateral_fsr,439,639,0,804,0.0,0.0,0.0,0.0
pair_088,positive_0p20_left_mid_late_stance_moderate_ice_preregistered_v1,control_0p20_left_mid_late_stance_moderate_ice_preregistered_v1,0.2,left,mid_late_stance,moderate_ice_preregistered,contralateral_imu,439,639,0,1206,0.0,0.0,1.8565772771835327,1.8565772771835327
pair_088,positive_0p20_left_mid_late_stance_moderate_ice_preregistered_v1,control_0p20_left_mid_late_stance_moderate_ice_preregistered_v1,0.2,left,mid_late_stance,moderate_ice_preregistered,bilateral_asymmetry,439,639,0,2010,0.0,0.0,32.037410736083984,32.037410736083984
pair_088,positive_0p20_left_mid_late_stance_moderate_ice_preregistered_v1,control_0p20_left_mid_late_stance_moderate_ice_preregistered_v1,0.2,left,mid_late_stance,moderate_ice_preregistered,contact_anchor_drift_label_only,439,639,0,201,0.0,0.0,0.008187533356249332,0.008187533356249332
pair_089,positive_0p20_left_mid_late_stance_moderate_ice_preregistered_v2,control_0p20_left_mid_late_stance_moderate_ice_preregistered_v2,0.2,left,mid_late_stance,moderate_ice_preregistered,target_foot_fsr,444,644,0,804,0.0,0.0,0.0,0.0
pair_089,positive_0p20_left_mid_late_stance_moderate_ice_preregistered_v2,control_0p20_left_mid_late_stance_moderate_ice_preregistered_v2,0.2,left,mid_late_stance,moderate_ice_preregistered,target_foot_imu,444,644,0,1206,0.0,0.0,2.244744300842285,2.244744300842285
pair_089,positive_0p20_left_mid_late_stance_moderate_ice_preregistered_v2,control_0p20_left_mid_late_stance_moderate_ice_preregistered_v2,0.2,left,mid_late_stance,moderate_ice_preregistered,contralateral_fsr,444,644,0,804,0.0,0.0,81.35134887695312,81.35134887695312
pair_089,positive_0p20_left_mid_late_stance_moderate_ice_preregistered_v2,control_0p20_left_mid_late_stance_moderate_ice_preregistered_v2,0.2,left,mid_late_stance,moderate_ice_preregistered,contralateral_imu,444,644,0,1206,0.0,0.0,1.6227792501449585,1.6227792501449585
pair_089,positive_0p20_left_mid_late_stance_moderate_ice_preregistered_v2,control_0p20_left_mid_late_stance_moderate_ice_preregistered_v2,0.2,left,mid_late_stance,moderate_ice_preregistered,bilateral_asymmetry,444,644,0,2010,0.0,0.0,-32.167362213134766,-32.167362213134766
pair_089,positive_0p20_left_mid_late_stance_moderate_ice_preregistered_v2,control_0p20_left_mid_late_stance_moderate_ice_preregistered_v2,0.2,left,mid_late_stance,moderate_ice_preregistered,contact_anchor_drift_label_only,444,644,0,0,,,nan,nan
pair_090,positive_0p20_right_early_loading_native_strong_ice_v0,control_0p20_right_early_loading_native_strong_ice_v0,0.2,right,early_loading,native_strong_ice,target_foot_fsr,0,162,0,652,0.0,0.0,9.09065055847168,9.09065055847168
pair_090,positive_0p20_right_early_loading_native_strong_ice_v0,control_0p20_right_early_loading_native_strong_ice_v0,0.2,right,early_loading,native_strong_ice,target_foot_imu,0,162,0,978,0.0,0.0,2.086528778076172,2.086528778076172
pair_090,positive_0p20_right_early_loading_native_strong_ice_v0,control_0p20_right_early_loading_native_strong_ice_v0,0.2,right,early_loading,native_strong_ice,contralateral_fsr,0,162,0,652,0.0,0.0,76.2646713256836,76.2646713256836
pair_090,positive_0p20_right_early_loading_native_strong_ice_v0,control_0p20_right_early_loading_native_strong_ice_v0,0.2,right,early_loading,native_strong_ice,contralateral_imu,0,162,0,978,0.0,0.0,1.5675665140151978,1.5675665140151978
pair_090,positive_0p20_right_early_loading_native_strong_ice_v0,control_0p20_right_early_loading_native_strong_ice_v0,0.2,right,early_loading,native_strong_ice,bilateral_asymmetry,0,162,0,1630,0.0,0.0,-26.558229446411133,-26.558229446411133
pair_090,positive_0p20_right_early_loading_native_strong_ice_v0,control_0p20_right_early_loading_native_strong_ice_v0,0.2,right,early_loading,native_strong_ice,contact_anchor_drift_label_only,0,162,0,47,0.0,0.0,0.0012914636172354221,0.0012914636172354221
pair_091,positive_0p20_right_early_loading_native_strong_ice_v1,control_0p20_right_early_loading_native_strong_ice_v1,0.2,right,early_loading,native_strong_ice,target_foot_fsr,0,157,0,632,0.0,0.0,73.42936706542969,73.42936706542969
pair_091,positive_0p20_right_early_loading_native_strong_ice_v1,control_0p20_right_early_loading_native_strong_ice_v1,0.2,right,early_loading,native_strong_ice,target_foot_imu,0,157,0,948,0.0,0.0,1.6373804807662964,1.6373804807662964
pair_091,positive_0p20_right_early_loading_native_strong_ice_v1,control_0p20_right_early_loading_native_strong_ice_v1,0.2,right,early_loading,native_strong_ice,contralateral_fsr,0,157,0,632,0.0,0.0,15.073429107666016,15.073429107666016
pair_091,positive_0p20_right_early_loading_native_strong_ice_v1,control_0p20_right_early_loading_native_strong_ice_v1,0.2,right,early_loading,native_strong_ice,contralateral_imu,0,157,0,948,0.0,0.0,1.995361089706421,1.995361089706421
pair_091,positive_0p20_right_early_loading_native_strong_ice_v1,control_0p20_right_early_loading_native_strong_ice_v1,0.2,right,early_loading,native_strong_ice,bilateral_asymmetry,0,157,0,1580,0.0,0.0,23.127586364746094,23.127586364746094
pair_091,positive_0p20_right_early_loading_native_strong_ice_v1,control_0p20_right_early_loading_native_strong_ice_v1,0.2,right,early_loading,native_strong_ice,contact_anchor_drift_label_only,0,157,0,121,0.0,0.0,0.00031190839945338666,0.00031190839945338666
pair_092,positive_0p20_right_early_loading_native_strong_ice_v2,control_0p20_right_early_loading_native_strong_ice_v2,0.2,right,early_loading,native_strong_ice,target_foot_fsr,0,154,0,620,0.0,0.0,43.287174224853516,43.287174224853516
pair_092,positive_0p20_right_early_loading_native_strong_ice_v2,control_0p20_right_early_loading_native_strong_ice_v2,0.2,right,early_loading,native_strong_ice,target_foot_imu,0,154,0,930,0.0,0.0,1.638382077217102,1.638382077217102
pair_092,positive_0p20_right_early_loading_native_strong_ice_v2,control_0p20_right_early_loading_native_strong_ice_v2,0.2,right,early_loading,native_strong_ice,contralateral_fsr,0,154,0,620,0.0,0.0,42.6428337097168,42.6428337097168
pair_092,positive_0p20_right_early_loading_native_strong_ice_v2,control_0p20_right_early_loading_native_strong_ice_v2,0.2,right,early_loading,native_strong_ice,contralateral_imu,0,154,0,930,0.0,0.0,1.670872449874878,1.670872449874878
pair_092,positive_0p20_right_early_loading_native_strong_ice_v2,control_0p20_right_early_loading_native_strong_ice_v2,0.2,right,early_loading,native_strong_ice,bilateral_asymmetry,0,154,0,1550,0.0,0.0,0.23824281990528107,0.23824281990528107
pair_092,positive_0p20_right_early_loading_native_strong_ice_v2,control_0p20_right_early_loading_native_strong_ice_v2,0.2,right,early_loading,native_strong_ice,contact_anchor_drift_label_only,0,154,0,121,0.0,0.0,0.0006464557372964919,0.0006464557372964919
pair_093,positive_0p20_right_early_loading_moderate_ice_preregistered_v0,control_0p20_right_early_loading_moderate_ice_preregistered_v0,0.2,right,early_loading,moderate_ice_preregistered,target_foot_fsr,0,162,0,652,0.0,0.0,9.090304374694824,9.090304374694824
pair_093,positive_0p20_right_early_loading_moderate_ice_preregistered_v0,control_0p20_right_early_loading_moderate_ice_preregistered_v0,0.2,right,early_loading,moderate_ice_preregistered,target_foot_imu,0,162,0,978,0.0,0.0,2.0866758823394775,2.0866758823394775
pair_093,positive_0p20_right_early_loading_moderate_ice_preregistered_v0,control_0p20_right_early_loading_moderate_ice_preregistered_v0,0.2,right,early_loading,moderate_ice_preregistered,contralateral_fsr,0,162,0,652,0.0,0.0,76.26518249511719,76.26518249511719
pair_093,positive_0p20_right_early_loading_moderate_ice_preregistered_v0,control_0p20_right_early_loading_moderate_ice_preregistered_v0,0.2,right,early_loading,moderate_ice_preregistered,contralateral_imu,0,162,0,978,0.0,0.0,1.5673680305480957,1.5673680305480957
pair_093,positive_0p20_right_early_loading_moderate_ice_preregistered_v0,control_0p20_right_early_loading_moderate_ice_preregistered_v0,0.2,right,early_loading,moderate_ice_preregistered,bilateral_asymmetry,0,162,0,1630,0.0,0.0,-26.558368682861328,-26.558368682861328
pair_093,positive_0p20_right_early_loading_moderate_ice_preregistered_v0,control_0p20_right_early_loading_moderate_ice_preregistered_v0,0.2,right,early_loading,moderate_ice_preregistered,contact_anchor_drift_label_only,0,162,0,47,0.0,0.0,0.001292118919081986,0.001292118919081986
pair_094,positive_0p20_right_early_loading_moderate_ice_preregistered_v1,control_0p20_right_early_loading_moderate_ice_preregistered_v1,0.2,right,early_loading,moderate_ice_preregistered,target_foot_fsr,0,157,0,632,0.0,0.0,73.43754577636719,73.43754577636719
pair_094,positive_0p20_right_early_loading_moderate_ice_preregistered_v1,control_0p20_right_early_loading_moderate_ice_preregistered_v1,0.2,right,early_loading,moderate_ice_preregistered,target_foot_imu,0,157,0,948,0.0,0.0,1.6348661184310913,1.6348661184310913
pair_094,positive_0p20_right_early_loading_moderate_ice_preregistered_v1,control_0p20_right_early_loading_moderate_ice_preregistered_v1,0.2,right,early_loading,moderate_ice_preregistered,contralateral_fsr,0,157,0,632,0.0,0.0,15.063414573669434,15.063414573669434
pair_094,positive_0p20_right_early_loading_moderate_ice_preregistered_v1,control_0p20_right_early_loading_moderate_ice_preregistered_v1,0.2,right,early_loading,moderate_ice_preregistered,contralateral_imu,0,157,0,948,0.0,0.0,1.9952635765075684,1.9952635765075684
pair_094,positive_0p20_right_early_loading_moderate_ice_preregistered_v1,control_0p20_right_early_loading_moderate_ice_preregistered_v1,0.2,right,early_loading,moderate_ice_preregistered,bilateral_asymmetry,0,157,0,1580,0.0,0.0,23.133413314819336,23.133413314819336
pair_094,positive_0p20_right_early_loading_moderate_ice_preregistered_v1,control_0p20_right_early_loading_moderate_ice_preregistered_v1,0.2,right,early_loading,moderate_ice_preregistered,contact_anchor_drift_label_only,0,157,0,121,0.0,0.0,0.0003276710631325841,0.0003276710631325841
pair_095,positive_0p20_right_early_loading_moderate_ice_preregistered_v2,control_0p20_right_early_loading_moderate_ice_preregistered_v2,0.2,right,early_loading,moderate_ice_preregistered,target_foot_fsr,0,154,0,620,0.0,0.0,43.23586654663086,43.23586654663086
pair_095,positive_0p20_right_early_loading_moderate_ice_preregistered_v2,control_0p20_right_early_loading_moderate_ice_preregistered_v2,0.2,right,early_loading,moderate_ice_preregistered,target_foot_imu,0,154,0,930,0.0,0.0,1.6352027654647827,1.6352027654647827
pair_095,positive_0p20_right_early_loading_moderate_ice_preregistered_v2,control_0p20_right_early_loading_moderate_ice_preregistered_v2,0.2,right,early_loading,moderate_ice_preregistered,contralateral_fsr,0,154,0,620,0.0,0.0,42.6851692199707,42.6851692199707
pair_095,positive_0p20_right_early_loading_moderate_ice_preregistered_v2,control_0p20_right_early_loading_moderate_ice_preregistered_v2,0.2,right,early_loading,moderate_ice_preregistered,contralateral_imu,0,154,0,930,0.0,0.0,1.6681852340698242,1.6681852340698242
pair_095,positive_0p20_right_early_loading_moderate_ice_preregistered_v2,control_0p20_right_early_loading_moderate_ice_preregistered_v2,0.2,right,early_loading,moderate_ice_preregistered,bilateral_asymmetry,0,154,0,1550,0.0,0.0,0.2004876583814621,0.2004876583814621
pair_095,positive_0p20_right_early_loading_moderate_ice_preregistered_v2,control_0p20_right_early_loading_moderate_ice_preregistered_v2,0.2,right,early_loading,moderate_ice_preregistered,contact_anchor_drift_label_only,0,154,0,121,0.0,0.0,0.0006595348240807652,0.0006595348240807652
pair_096,positive_0p20_right_mid_loading_early_stance_native_strong_ice_v0,control_0p20_right_mid_loading_early_stance_native_strong_ice_v0,0.2,right,mid_loading_early_stance,native_strong_ice,target_foot_fsr,102,302,0,804,0.0,0.0,44.53017044067383,44.53017044067383
pair_096,positive_0p20_right_mid_loading_early_stance_native_strong_ice_v0,control_0p20_right_mid_loading_early_stance_native_strong_ice_v0,0.2,right,mid_loading_early_stance,native_strong_ice,target_foot_imu,102,302,0,1206,0.0,0.0,1.5943236351013184,1.5943236351013184
pair_096,positive_0p20_right_mid_loading_early_stance_native_strong_ice_v0,control_0p20_right_mid_loading_early_stance_native_strong_ice_v0,0.2,right,mid_loading_early_stance,native_strong_ice,contralateral_fsr,102,302,0,804,0.0,0.0,43.40839767456055,43.40839767456055
pair_096,positive_0p20_right_mid_loading_early_stance_native_strong_ice_v0,control_0p20_right_mid_loading_early_stance_native_strong_ice_v0,0.2,right,mid_loading_early_stance,native_strong_ice,contralateral_imu,102,302,0,1206,0.0,0.0,1.6797990798950195,1.6797990798950195
pair_096,positive_0p20_right_mid_loading_early_stance_native_strong_ice_v0,control_0p20_right_mid_loading_early_stance_native_strong_ice_v0,0.2,right,mid_loading_early_stance,native_strong_ice,bilateral_asymmetry,102,302,0,2010,0.0,0.0,0.39742499589920044,0.39742499589920044
pair_096,positive_0p20_right_mid_loading_early_stance_native_strong_ice_v0,control_0p20_right_mid_loading_early_stance_native_strong_ice_v0,0.2,right,mid_loading_early_stance,native_strong_ice,contact_anchor_drift_label_only,102,302,0,107,0.0,0.0,0.005907126702368259,0.005907126702368259
pair_097,positive_0p20_right_mid_loading_early_stance_native_strong_ice_v1,control_0p20_right_mid_loading_early_stance_native_strong_ice_v1,0.2,right,mid_loading_early_stance,native_strong_ice,target_foot_fsr,97,297,0,804,0.0,0.0,77.65607452392578,77.65607452392578
pair_097,positive_0p20_right_mid_loading_early_stance_native_strong_ice_v1,control_0p20_right_mid_loading_early_stance_native_strong_ice_v1,0.2,right,mid_loading_early_stance,native_strong_ice,target_foot_imu,97,297,0,1206,0.0,0.0,1.7247389554977417,1.7247389554977417
pair_097,positive_0p20_right_mid_loading_early_stance_native_strong_ice_v1,control_0p20_right_mid_loading_early_stance_native_strong_ice_v1,0.2,right,mid_loading_early_stance,native_strong_ice,contralateral_fsr,97,297,0,804,0.0,0.0,0.0,0.0
pair_097,positive_0p20_right_mid_loading_early_stance_native_strong_ice_v1,control_0p20_right_mid_loading_early_stance_native_strong_ice_v1,0.2,right,mid_loading_early_stance,native_strong_ice,contralateral_imu,97,297,0,1206,0.0,0.0,2.2392208576202393,2.2392208576202393
pair_097,positive_0p20_right_mid_loading_early_stance_native_strong_ice_v1,control_0p20_right_mid_loading_early_stance_native_strong_ice_v1,0.2,right,mid_loading_early_stance,native_strong_ice,bilateral_asymmetry,97,297,0,2010,0.0,0.0,30.753742218017578,30.753742218017578
pair_097,positive_0p20_right_mid_loading_early_stance_native_strong_ice_v1,control_0p20_right_mid_loading_early_stance_native_strong_ice_v1,0.2,right,mid_loading_early_stance,native_strong_ice,contact_anchor_drift_label_only,97,297,0,201,0.0,0.0,0.00040360470302402973,0.00040360470302402973
pair_098,positive_0p20_right_mid_loading_early_stance_native_strong_ice_v2,control_0p20_right_mid_loading_early_stance_native_strong_ice_v2,0.2,right,mid_loading_early_stance,native_strong_ice,target_foot_fsr,94,294,0,804,0.0,0.0,6.590353965759277,6.590353965759277
pair_098,positive_0p20_right_mid_loading_early_stance_native_strong_ice_v2,control_0p20_right_mid_loading_early_stance_native_strong_ice_v2,0.2,right,mid_loading_early_stance,native_strong_ice,target_foot_imu,94,294,0,1206,0.0,0.0,2.188703775405884,2.188703775405884
pair_098,positive_0p20_right_mid_loading_early_stance_native_strong_ice_v2,control_0p20_right_mid_loading_early_stance_native_strong_ice_v2,0.2,right,mid_loading_early_stance,native_strong_ice,contralateral_fsr,94,294,0,804,0.0,0.0,77.09378814697266,77.09378814697266
pair_098,positive_0p20_right_mid_loading_early_stance_native_strong_ice_v2,control_0p20_right_mid_loading_early_stance_native_strong_ice_v2,0.2,right,mid_loading_early_stance,native_strong_ice,contralateral_imu,94,294,0,1206,0.0,0.0,1.617049217224121,1.617049217224121
pair_098,positive_0p20_right_mid_loading_early_stance_native_strong_ice_v2,control_0p20_right_mid_loading_early_stance_native_strong_ice_v2,0.2,right,mid_loading_early_stance,native_strong_ice,bilateral_asymmetry,94,294,0,2010,0.0,0.0,-27.858379364013672,-27.858379364013672
pair_098,positive_0p20_right_mid_loading_early_stance_native_strong_ice_v2,control_0p20_right_mid_loading_early_stance_native_strong_ice_v2,0.2,right,mid_loading_early_stance,native_strong_ice,contact_anchor_drift_label_only,94,294,0,72,0.0,0.0,0.0007758143474347889,0.0007758143474347889
pair_099,positive_0p20_right_mid_loading_early_stance_moderate_ice_preregistered_v0,control_0p20_right_mid_loading_early_stance_moderate_ice_preregistered_v0,0.2,right,mid_loading_early_stance,moderate_ice_preregistered,target_foot_fsr,102,302,0,804,0.0,0.0,44.53007888793945,44.53007888793945
pair_099,positive_0p20_right_mid_loading_early_stance_moderate_ice_preregistered_v0,control_0p20_right_mid_loading_early_stance_moderate_ice_preregistered_v0,0.2,right,mid_loading_early_stance,moderate_ice_preregistered,target_foot_imu,102,302,0,1206,0.0,0.0,1.5944230556488037,1.5944230556488037
pair_099,positive_0p20_right_mid_loading_early_stance_moderate_ice_preregistered_v0,control_0p20_right_mid_loading_early_stance_moderate_ice_preregistered_v0,0.2,right,mid_loading_early_stance,moderate_ice_preregistered,contralateral_fsr,102,302,0,804,0.0,0.0,43.4083137512207,43.4083137512207
pair_099,positive_0p20_right_mid_loading_early_stance_moderate_ice_preregistered_v0,control_0p20_right_mid_loading_early_stance_moderate_ice_preregistered_v0,0.2,right,mid_loading_early_stance,moderate_ice_preregistered,contralateral_imu,102,302,0,1206,0.0,0.0,1.6791905164718628,1.6791905164718628
pair_099,positive_0p20_right_mid_loading_early_stance_moderate_ice_preregistered_v0,control_0p20_right_mid_loading_early_stance_moderate_ice_preregistered_v0,0.2,right,mid_loading_early_stance,moderate_ice_preregistered,bilateral_asymmetry,102,302,0,2010,0.0,0.0,0.39784476161003113,0.39784476161003113
pair_099,positive_0p20_right_mid_loading_early_stance_moderate_ice_preregistered_v0,control_0p20_right_mid_loading_early_stance_moderate_ice_preregistered_v0,0.2,right,mid_loading_early_stance,moderate_ice_preregistered,contact_anchor_drift_label_only,102,302,0,107,0.0,0.0,0.0058999392203986645,0.0058999392203986645
pair_100,positive_0p20_right_mid_loading_early_stance_moderate_ice_preregistered_v1,control_0p20_right_mid_loading_early_stance_moderate_ice_preregistered_v1,0.2,right,mid_loading_early_stance,moderate_ice_preregistered,target_foot_fsr,97,297,0,804,0.0,0.0,77.6415023803711,77.6415023803711
pair_100,positive_0p20_right_mid_loading_early_stance_moderate_ice_preregistered_v1,control_0p20_right_mid_loading_early_stance_moderate_ice_preregistered_v1,0.2,right,mid_loading_early_stance,moderate_ice_preregistered,target_foot_imu,97,297,0,1206,0.0,0.0,1.7246500253677368,1.7246500253677368
pair_100,positive_0p20_right_mid_loading_early_stance_moderate_ice_preregistered_v1,control_0p20_right_mid_loading_early_stance_moderate_ice_preregistered_v1,0.2,right,mid_loading_early_stance,moderate_ice_preregistered,contralateral_fsr,97,297,0,804,0.0,0.0,0.0,0.0
pair_100,positive_0p20_right_mid_loading_early_stance_moderate_ice_preregistered_v1,control_0p20_right_mid_loading_early_stance_moderate_ice_preregistered_v1,0.2,right,mid_loading_early_stance,moderate_ice_preregistered,contralateral_imu,97,297,0,1206,0.0,0.0,2.2378089427948,2.2378089427948
pair_100,positive_0p20_right_mid_loading_early_stance_moderate_ice_preregistered_v1,control_0p20_right_mid_loading_early_stance_moderate_ice_preregistered_v1,0.2,right,mid_loading_early_stance,moderate_ice_preregistered,bilateral_asymmetry,97,297,0,2010,0.0,0.0,30.74870491027832,30.74870491027832
pair_100,positive_0p20_right_mid_loading_early_stance_moderate_ice_preregistered_v1,control_0p20_right_mid_loading_early_stance_moderate_ice_preregistered_v1,0.2,right,mid_loading_early_stance,moderate_ice_preregistered,contact_anchor_drift_label_only,97,297,0,201,0.0,0.0,0.00041627150494605303,0.00041627150494605303
pair_101,positive_0p20_right_mid_loading_early_stance_moderate_ice_preregistered_v2,control_0p20_right_mid_loading_early_stance_moderate_ice_preregistered_v2,0.2,right,mid_loading_early_stance,moderate_ice_preregistered,target_foot_fsr,94,294,0,804,0.0,0.0,6.563061714172363,6.563061714172363
pair_101,positive_0p20_right_mid_loading_early_stance_moderate_ice_preregistered_v2,control_0p20_right_mid_loading_early_stance_moderate_ice_preregistered_v2,0.2,right,mid_loading_early_stance,moderate_ice_preregistered,target_foot_imu,94,294,0,1206,0.0,0.0,2.1937265396118164,2.1937265396118164
pair_101,positive_0p20_right_mid_loading_early_stance_moderate_ice_preregistered_v2,control_0p20_right_mid_loading_early_stance_moderate_ice_preregistered_v2,0.2,right,mid_loading_early_stance,moderate_ice_preregistered,contralateral_fsr,94,294,0,804,0.0,0.0,77.12638854980469,77.12638854980469
pair_101,positive_0p20_right_mid_loading_early_stance_moderate_ice_preregistered_v2,control_0p20_right_mid_loading_early_stance_moderate_ice_preregistered_v2,0.2,right,mid_loading_early_stance,moderate_ice_preregistered,contralateral_imu,94,294,0,1206,0.0,0.0,1.6167221069335938,1.6167221069335938
pair_101,positive_0p20_right_mid_loading_early_stance_moderate_ice_preregistered_v2,control_0p20_right_mid_loading_early_stance_moderate_ice_preregistered_v2,0.2,right,mid_loading_early_stance,moderate_ice_preregistered,bilateral_asymmetry,94,294,0,2010,0.0,0.0,-27.879127502441406,-27.879127502441406
pair_101,positive_0p20_right_mid_loading_early_stance_moderate_ice_preregistered_v2,control_0p20_right_mid_loading_early_stance_moderate_ice_preregistered_v2,0.2,right,mid_loading_early_stance,moderate_ice_preregistered,contact_anchor_drift_label_only,94,294,0,72,0.0,0.0,0.0007846362423151731,0.0007846362423151731
pair_102,positive_0p20_right_mid_late_stance_native_strong_ice_v0,control_0p20_right_mid_late_stance_native_strong_ice_v0,0.2,right,mid_late_stance,native_strong_ice,target_foot_fsr,442,642,0,804,0.0,0.0,51.931671142578125,51.931671142578125
pair_102,positive_0p20_right_mid_late_stance_native_strong_ice_v0,control_0p20_right_mid_late_stance_native_strong_ice_v0,0.2,right,mid_late_stance,native_strong_ice,target_foot_imu,442,642,0,1206,0.0,0.0,1.6647356748580933,1.6647356748580933
pair_102,positive_0p20_right_mid_late_stance_native_strong_ice_v0,control_0p20_right_mid_late_stance_native_strong_ice_v0,0.2,right,mid_late_stance,native_strong_ice,contralateral_fsr,442,642,0,804,0.0,0.0,37.28977584838867,37.28977584838867
pair_102,positive_0p20_right_mid_late_stance_native_strong_ice_v0,control_0p20_right_mid_late_stance_native_strong_ice_v0,0.2,right,mid_late_stance,native_strong_ice,contralateral_imu,442,642,0,1206,0.0,0.0,0.9837055206298828,0.9837055206298828
pair_102,positive_0p20_right_mid_late_stance_native_strong_ice_v0,control_0p20_right_mid_late_stance_native_strong_ice_v0,0.2,right,mid_late_stance,native_strong_ice,bilateral_asymmetry,442,642,0,2010,0.0,0.0,6.265373229980469,6.265373229980469
pair_102,positive_0p20_right_mid_late_stance_native_strong_ice_v0,control_0p20_right_mid_late_stance_native_strong_ice_v0,0.2,right,mid_late_stance,native_strong_ice,contact_anchor_drift_label_only,442,642,0,161,0.0,0.0,0.006608061026781797,0.006608061026781797
pair_103,positive_0p20_right_mid_late_stance_native_strong_ice_v1,control_0p20_right_mid_late_stance_native_strong_ice_v1,0.2,right,mid_late_stance,native_strong_ice,target_foot_fsr,437,637,0,804,0.0,0.0,0.0,0.0
pair_103,positive_0p20_right_mid_late_stance_native_strong_ice_v1,control_0p20_right_mid_late_stance_native_strong_ice_v1,0.2,right,mid_late_stance,native_strong_ice,target_foot_imu,437,637,0,1206,0.0,0.0,1.874571681022644,1.874571681022644
pair_103,positive_0p20_right_mid_late_stance_native_strong_ice_v1,control_0p20_right_mid_late_stance_native_strong_ice_v1,0.2,right,mid_late_stance,native_strong_ice,contralateral_fsr,437,637,0,804,0.0,0.0,80.61808013916016,80.61808013916016
pair_103,positive_0p20_right_mid_late_stance_native_strong_ice_v1,control_0p20_right_mid_late_stance_native_strong_ice_v1,0.2,right,mid_late_stance,native_strong_ice,contralateral_imu,437,637,0,1206,0.0,0.0,1.6393448114395142,1.6393448114395142
pair_103,positive_0p20_right_mid_late_stance_native_strong_ice_v1,control_0p20_right_mid_late_stance_native_strong_ice_v1,0.2,right,mid_late_stance,native_strong_ice,bilateral_asymmetry,437,637,0,2010,0.0,0.0,-32.10609817504883,-32.10609817504883
pair_103,positive_0p20_right_mid_late_stance_native_strong_ice_v1,control_0p20_right_mid_late_stance_native_strong_ice_v1,0.2,right,mid_late_stance,native_strong_ice,contact_anchor_drift_label_only,437,637,0,0,,,nan,nan
pair_104,positive_0p20_right_mid_late_stance_native_strong_ice_v2,control_0p20_right_mid_late_stance_native_strong_ice_v2,0.2,right,mid_late_stance,native_strong_ice,target_foot_fsr,434,634,0,804,0.0,0.0,81.47626495361328,81.47626495361328
pair_104,positive_0p20_right_mid_late_stance_native_strong_ice_v2,control_0p20_right_mid_late_stance_native_strong_ice_v2,0.2,right,mid_late_stance,native_strong_ice,target_foot_imu,434,634,0,1206,0.0,0.0,1.614993929862976,1.614993929862976
pair_104,positive_0p20_right_mid_late_stance_native_strong_ice_v2,control_0p20_right_mid_late_stance_native_strong_ice_v2,0.2,right,mid_late_stance,native_strong_ice,contralateral_fsr,434,634,0,804,0.0,0.0,0.0,0.0
pair_104,positive_0p20_right_mid_late_stance_native_strong_ice_v2,control_0p20_right_mid_late_stance_native_strong_ice_v2,0.2,right,mid_late_stance,native_strong_ice,contralateral_imu,434,634,0,1206,0.0,0.0,2.2815229892730713,2.2815229892730713
pair_104,positive_0p20_right_mid_late_stance_native_strong_ice_v2,control_0p20_right_mid_late_stance_native_strong_ice_v2,0.2,right,mid_late_stance,native_strong_ice,bilateral_asymmetry,434,634,0,2010,0.0,0.0,32.19058609008789,32.19058609008789
pair_104,positive_0p20_right_mid_late_stance_native_strong_ice_v2,control_0p20_right_mid_late_stance_native_strong_ice_v2,0.2,right,mid_late_stance,native_strong_ice,contact_anchor_drift_label_only,434,634,0,201,0.0,0.0,0.008768744766712189,0.008768744766712189
pair_105,positive_0p20_right_mid_late_stance_moderate_ice_preregistered_v0,control_0p20_right_mid_late_stance_moderate_ice_preregistered_v0,0.2,right,mid_late_stance,moderate_ice_preregistered,target_foot_fsr,442,642,0,804,0.0,0.0,51.87285232543945,51.87285232543945
pair_105,positive_0p20_right_mid_late_stance_moderate_ice_preregistered_v0,control_0p20_right_mid_late_stance_moderate_ice_preregistered_v0,0.2,right,mid_late_stance,moderate_ice_preregistered,target_foot_imu,442,642,0,1206,0.0,0.0,1.6694127321243286,1.6694127321243286
pair_105,positive_0p20_right_mid_late_stance_moderate_ice_preregistered_v0,control_0p20_right_mid_late_stance_moderate_ice_preregistered_v0,0.2,right,mid_late_stance,moderate_ice_preregistered,contralateral_fsr,442,642,0,804,0.0,0.0,37.37261962890625,37.37261962890625
pair_105,positive_0p20_right_mid_late_stance_moderate_ice_preregistered_v0,control_0p20_right_mid_late_stance_moderate_ice_preregistered_v0,0.2,right,mid_late_stance,moderate_ice_preregistered,contralateral_imu,442,642,0,1206,0.0,0.0,0.9803857207298279,0.9803857207298279
pair_105,positive_0p20_right_mid_late_stance_moderate_ice_preregistered_v0,control_0p20_right_mid_late_stance_moderate_ice_preregistered_v0,0.2,right,mid_late_stance,moderate_ice_preregistered,bilateral_asymmetry,442,642,0,2010,0.0,0.0,6.213507652282715,6.213507652282715
pair_105,positive_0p20_right_mid_late_stance_moderate_ice_preregistered_v0,control_0p20_right_mid_late_stance_moderate_ice_preregistered_v0,0.2,right,mid_late_stance,moderate_ice_preregistered,contact_anchor_drift_label_only,442,642,0,161,0.0,0.0,0.006661425344645977,0.006661425344645977
pair_106,positive_0p20_right_mid_late_stance_moderate_ice_preregistered_v1,control_0p20_right_mid_late_stance_moderate_ice_preregistered_v1,0.2,right,mid_late_stance,moderate_ice_preregistered,target_foot_fsr,437,637,0,804,0.0,0.0,0.0,0.0
pair_106,positive_0p20_right_mid_late_stance_moderate_ice_preregistered_v1,control_0p20_right_mid_late_stance_moderate_ice_preregistered_v1,0.2,right,mid_late_stance,moderate_ice_preregistered,target_foot_imu,437,637,0,1206,0.0,0.0,1.8754830360412598,1.8754830360412598
pair_106,positive_0p20_right_mid_late_stance_moderate_ice_preregistered_v1,control_0p20_right_mid_late_stance_moderate_ice_preregistered_v1,0.2,right,mid_late_stance,moderate_ice_preregistered,contralateral_fsr,437,637,0,804,0.0,0.0,80.45984649658203,80.45984649658203
pair_106,positive_0p20_right_mid_late_stance_moderate_ice_preregistered_v1,control_0p20_right_mid_late_stance_moderate_ice_preregistered_v1,0.2,right,mid_late_stance,moderate_ice_preregistered,contralateral_imu,437,637,0,1206,0.0,0.0,1.6377151012420654,1.6377151012420654
pair_106,positive_0p20_right_mid_late_stance_moderate_ice_preregistered_v1,control_0p20_right_mid_late_stance_moderate_ice_preregistered_v1,0.2,right,mid_late_stance,moderate_ice_preregistered,bilateral_asymmetry,437,637,0,2010,0.0,0.0,-32.04127883911133,-32.04127883911133
pair_106,positive_0p20_right_mid_late_stance_moderate_ice_preregistered_v1,control_0p20_right_mid_late_stance_moderate_ice_preregistered_v1,0.2,right,mid_late_stance,moderate_ice_preregistered,contact_anchor_drift_label_only,437,637,0,0,,,nan,nan
pair_107,positive_0p20_right_mid_late_stance_moderate_ice_preregistered_v2,control_0p20_right_mid_late_stance_moderate_ice_preregistered_v2,0.2,right,mid_late_stance,moderate_ice_preregistered,target_foot_fsr,434,634,0,804,0.0,0.0,81.47747802734375,81.47747802734375
pair_107,positive_0p20_right_mid_late_stance_moderate_ice_preregistered_v2,control_0p20_right_mid_late_stance_moderate_ice_preregistered_v2,0.2,right,mid_late_stance,moderate_ice_preregistered,target_foot_imu,434,634,0,1206,0.0,0.0,1.6150093078613281,1.6150093078613281
pair_107,positive_0p20_right_mid_late_stance_moderate_ice_preregistered_v2,control_0p20_right_mid_late_stance_moderate_ice_preregistered_v2,0.2,right,mid_late_stance,moderate_ice_preregistered,contralateral_fsr,434,634,0,804,0.0,0.0,0.0,0.0
pair_107,positive_0p20_right_mid_late_stance_moderate_ice_preregistered_v2,control_0p20_right_mid_late_stance_moderate_ice_preregistered_v2,0.2,right,mid_late_stance,moderate_ice_preregistered,contralateral_imu,434,634,0,1206,0.0,0.0,2.2818989753723145,2.2818989753723145
pair_107,positive_0p20_right_mid_late_stance_moderate_ice_preregistered_v2,control_0p20_right_mid_late_stance_moderate_ice_preregistered_v2,0.2,right,mid_late_stance,moderate_ice_preregistered,bilateral_asymmetry,434,634,0,2010,0.0,0.0,32.19085693359375,32.19085693359375
pair_107,positive_0p20_right_mid_late_stance_moderate_ice_preregistered_v2,control_0p20_right_mid_late_stance_moderate_ice_preregistered_v2,0.2,right,mid_late_stance,moderate_ice_preregistered,contact_anchor_drift_label_only,434,634,0,201,0.0,0.0,0.008765923790633678,0.008765923790633678
