candidate_id,threshold,persistence_ms,actionable_margin,hysteresis,hysteresis_effect,actionable_recall,normal_run_fp,normal_contact_episode_fp,too_early,invalid,post_fall,cross_foot,conditional_affected_foot_accuracy,verifier_acceptance_rate,diagnostic_only,selected_or_frozen,pareto_frontier,maximum_recall_with_normal_run_fp_zero,maximum_recall_with_contact_episode_fp_zero,minimum_normal_run_fp_at_recall_ge_0p80,minimum_contact_episode_fp_at_recall_ge_0p80,minimum_too_early_at_recall_ge_0p80
R1_seed_202608231,0.05,1,0.0,0.05,INERT_WITH_FIRST_CROSSING_PER_CONTACT_AND_NO_LATCH,0.7876857749469215,208,2205,121,161,161,107,1.0,0.0499127149901835,True,False,False,0.09554140127388536,0.0,203,1995,111
R1_seed_202608231,0.05,1,0.1,0.05,INERT_WITH_FIRST_CROSSING_PER_CONTACT_AND_NO_LATCH,0.8004246284501062,205,2116,113,156,156,104,1.0,0.04619783360664013,True,False,False,0.09554140127388536,0.0,203,1995,111
R1_seed_202608231,0.05,3,0.0,0.05,INERT_WITH_FIRST_CROSSING_PER_CONTACT_AND_NO_LATCH,0.772823779193206,182,1372,69,129,129,59,1.0,0.0499127149901835,True,False,False,0.09554140127388536,0.0,203,1995,111
R1_seed_202608231,0.05,3,0.1,0.05,INERT_WITH_FIRST_CROSSING_PER_CONTACT_AND_NO_LATCH,0.772823779193206,154,1234,66,123,123,57,1.0,0.04619783360664013,True,False,True,0.09554140127388536,0.0,203,1995,111
R1_seed_202608231,0.05,5,0.0,0.05,INERT_WITH_FIRST_CROSSING_PER_CONTACT_AND_NO_LATCH,0.7303609341825902,76,895,54,113,113,46,1.0,0.0499127149901835,True,False,True,0.09554140127388536,0.0,203,1995,111
R1_seed_202608231,0.05,5,0.1,0.05,INERT_WITH_FIRST_CROSSING_PER_CONTACT_AND_NO_LATCH,0.7176220806794055,67,834,49,104,104,44,1.0,0.04619783360664013,True,False,True,0.09554140127388536,0.0,203,1995,111
R1_seed_202608231,0.1,1,0.0,0.05,INERT_WITH_FIRST_CROSSING_PER_CONTACT_AND_NO_LATCH,0.7876857749469215,208,2164,120,158,158,104,1.0,0.047960196859307934,True,False,False,0.09554140127388536,0.0,203,1995,111
R1_seed_202608231,0.1,1,0.1,0.05,INERT_WITH_FIRST_CROSSING_PER_CONTACT_AND_NO_LATCH,0.8004246284501062,205,2116,113,156,156,104,1.0,0.04619783360664013,True,False,False,0.09554140127388536,0.0,203,1995,111
R1_seed_202608231,0.1,3,0.0,0.05,INERT_WITH_FIRST_CROSSING_PER_CONTACT_AND_NO_LATCH,0.7707006369426752,163,1279,70,123,123,58,1.0,0.047960196859307934,True,False,False,0.09554140127388536,0.0,203,1995,111
R1_seed_202608231,0.1,3,0.1,0.05,INERT_WITH_FIRST_CROSSING_PER_CONTACT_AND_NO_LATCH,0.772823779193206,154,1234,66,123,123,57,1.0,0.04619783360664013,True,False,True,0.09554140127388536,0.0,203,1995,111
R1_seed_202608231,0.1,5,0.0,0.05,INERT_WITH_FIRST_CROSSING_PER_CONTACT_AND_NO_LATCH,0.721868365180467,72,860,53,105,105,44,1.0,0.047960196859307934,True,False,True,0.09554140127388536,0.0,203,1995,111
R1_seed_202608231,0.1,5,0.1,0.05,INERT_WITH_FIRST_CROSSING_PER_CONTACT_AND_NO_LATCH,0.7176220806794055,67,834,49,104,104,44,1.0,0.04619783360664013,True,False,True,0.09554140127388536,0.0,203,1995,111
R1_seed_202608231,0.15,1,0.0,0.05,INERT_WITH_FIRST_CROSSING_PER_CONTACT_AND_NO_LATCH,0.7898089171974523,208,2121,120,152,152,100,1.0,0.04650561005899702,True,False,False,0.09554140127388536,0.0,203,1995,111
R1_seed_202608231,0.15,1,0.1,0.05,INERT_WITH_FIRST_CROSSING_PER_CONTACT_AND_NO_LATCH,0.802547770700637,205,2073,113,150,150,100,1.0,0.044781473817927686,True,False,False,0.09554140127388536,0.0,203,1995,111
R1_seed_202608231,0.15,3,0.0,0.05,INERT_WITH_FIRST_CROSSING_PER_CONTACT_AND_NO_LATCH,0.7622080679405521,160,1245,70,119,119,56,1.0,0.04650561005899702,True,False,False,0.09554140127388536,0.0,203,1995,111
R1_seed_202608231,0.15,3,0.1,0.05,INERT_WITH_FIRST_CROSSING_PER_CONTACT_AND_NO_LATCH,0.7664543524416136,151,1199,65,119,119,54,1.0,0.044781473817927686,True,False,True,0.09554140127388536,0.0,203,1995,111
R1_seed_202608231,0.15,5,0.0,0.05,INERT_WITH_FIRST_CROSSING_PER_CONTACT_AND_NO_LATCH,0.7133757961783439,70,844,53,105,105,44,1.0,0.04650561005899702,True,False,False,0.09554140127388536,0.0,203,1995,111
R1_seed_202608231,0.15,5,0.1,0.05,INERT_WITH_FIRST_CROSSING_PER_CONTACT_AND_NO_LATCH,0.7133757961783439,65,819,48,104,104,44,1.0,0.044781473817927686,True,False,True,0.09554140127388536,0.0,203,1995,111
R1_seed_202608231,0.2,1,0.0,0.05,INERT_WITH_FIRST_CROSSING_PER_CONTACT_AND_NO_LATCH,0.7876857749469215,207,2080,119,149,149,100,1.0,0.04519608986680337,True,False,False,0.09554140127388536,0.0,203,1995,111
R1_seed_202608231,0.2,1,0.1,0.05,INERT_WITH_FIRST_CROSSING_PER_CONTACT_AND_NO_LATCH,0.802547770700637,204,2033,112,147,147,100,1.0,0.043503319378840465,True,False,True,0.09554140127388536,0.0,203,1995,111
R1_seed_202608231,0.2,3,0.0,0.05,INERT_WITH_FIRST_CROSSING_PER_CONTACT_AND_NO_LATCH,0.7558386411889597,158,1218,69,118,118,54,1.0,0.04519608986680337,True,False,False,0.09554140127388536,0.0,203,1995,111
R1_seed_202608231,0.2,3,0.1,0.05,INERT_WITH_FIRST_CROSSING_PER_CONTACT_AND_NO_LATCH,0.7643312101910829,149,1173,63,118,118,54,1.0,0.043503319378840465,True,False,True,0.09554140127388536,0.0,203,1995,111
R1_seed_202608231,0.2,5,0.0,0.05,INERT_WITH_FIRST_CROSSING_PER_CONTACT_AND_NO_LATCH,0.7048832271762208,68,816,51,102,102,43,1.0,0.04519608986680337,True,False,True,0.09554140127388536,0.0,203,1995,111
R1_seed_202608231,0.2,5,0.1,0.05,INERT_WITH_FIRST_CROSSING_PER_CONTACT_AND_NO_LATCH,0.7006369426751592,63,793,47,102,102,43,1.0,0.043503319378840465,True,False,True,0.09554140127388536,0.0,203,1995,111
R1_seed_202608231,0.25,1,0.0,0.05,INERT_WITH_FIRST_CROSSING_PER_CONTACT_AND_NO_LATCH,0.7855626326963907,206,2041,118,144,144,98,1.0,0.043937539023407676,True,False,False,0.09554140127388536,0.0,203,1995,111
R1_seed_202608231,0.25,1,0.1,0.05,INERT_WITH_FIRST_CROSSING_PER_CONTACT_AND_NO_LATCH,0.8004246284501062,203,1995,111,142,142,98,1.0,0.04226731267049002,True,False,True,0.09554140127388536,0.0,203,1995,111
R1_seed_202608231,0.25,3,0.0,0.05,INERT_WITH_FIRST_CROSSING_PER_CONTACT_AND_NO_LATCH,0.7537154989384289,158,1201,67,116,116,52,1.0,0.043937539023407676,True,False,False,0.09554140127388536,0.0,203,1995,111
R1_seed_202608231,0.25,3,0.1,0.05,INERT_WITH_FIRST_CROSSING_PER_CONTACT_AND_NO_LATCH,0.7600849256900213,149,1154,62,116,116,52,1.0,0.04226731267049002,True,False,True,0.09554140127388536,0.0,203,1995,111
R1_seed_202608231,0.25,5,0.0,0.05,INERT_WITH_FIRST_CROSSING_PER_CONTACT_AND_NO_LATCH,0.6963906581740976,67,797,51,101,101,42,1.0,0.043937539023407676,True,False,False,0.09554140127388536,0.0,203,1995,111
R1_seed_202608231,0.25,5,0.1,0.05,INERT_WITH_FIRST_CROSSING_PER_CONTACT_AND_NO_LATCH,0.692144373673036,62,774,47,101,101,42,1.0,0.04226731267049002,True,False,True,0.09554140127388536,0.0,203,1995,111
R1_seed_202608231,0.3,1,0.0,0.05,INERT_WITH_FIRST_CROSSING_PER_CONTACT_AND_NO_LATCH,0.7834394904458599,197,1980,116,141,141,96,1.0,0.042656444044966726,True,False,False,0.09554140127388536,0.0,203,1995,111
R1_seed_202608231,0.3,1,0.1,0.05,INERT_WITH_FIRST_CROSSING_PER_CONTACT_AND_NO_LATCH,0.7961783439490446,189,1933,110,138,138,95,1.0,0.04101856362494009,True,False,False,0.09554140127388536,0.0,203,1995,111
R1_seed_202608231,0.3,3,0.0,0.05,INERT_WITH_FIRST_CROSSING_PER_CONTACT_AND_NO_LATCH,0.7515923566878981,158,1183,67,114,114,52,1.0,0.042656444044966726,True,False,False,0.09554140127388536,0.0,203,1995,111
R1_seed_202608231,0.3,3,0.1,0.05,INERT_WITH_FIRST_CROSSING_PER_CONTACT_AND_NO_LATCH,0.7579617834394905,149,1136,62,114,114,52,1.0,0.04101856362494009,True,False,True,0.09554140127388536,0.0,203,1995,111
R1_seed_202608231,0.3,5,0.0,0.05,INERT_WITH_FIRST_CROSSING_PER_CONTACT_AND_NO_LATCH,0.6900212314225053,67,780,51,100,100,40,1.0,0.042656444044966726,True,False,False,0.09554140127388536,0.0,203,1995,111
R1_seed_202608231,0.3,5,0.1,0.05,INERT_WITH_FIRST_CROSSING_PER_CONTACT_AND_NO_LATCH,0.6878980891719745,62,756,47,100,100,39,1.0,0.04101856362494009,True,False,True,0.09554140127388536,0.0,203,1995,111
R1_seed_202608231,0.35,1,0.0,0.05,INERT_WITH_FIRST_CROSSING_PER_CONTACT_AND_NO_LATCH,0.7834394904458599,197,1905,113,138,138,89,1.0,0.041132264479950914,True,False,False,0.09554140127388536,0.0,203,1995,111
R1_seed_202608231,0.35,1,0.1,0.05,INERT_WITH_FIRST_CROSSING_PER_CONTACT_AND_NO_LATCH,0.7961783439490446,189,1877,107,136,136,90,1.0,0.03970708307317728,True,False,True,0.09554140127388536,0.0,203,1995,111
R1_seed_202608231,0.35,3,0.0,0.05,INERT_WITH_FIRST_CROSSING_PER_CONTACT_AND_NO_LATCH,0.7409766454352441,157,1158,67,112,112,48,1.0,0.041132264479950914,True,False,False,0.09554140127388536,0.0,203,1995,111
R1_seed_202608231,0.35,3,0.1,0.05,INERT_WITH_FIRST_CROSSING_PER_CONTACT_AND_NO_LATCH,0.7473460721868365,147,1117,62,112,112,49,1.0,0.03970708307317728,True,False,False,0.09554140127388536,0.0,203,1995,111
R1_seed_202608231,0.35,5,0.0,0.05,INERT_WITH_FIRST_CROSSING_PER_CONTACT_AND_NO_LATCH,0.6815286624203821,67,756,50,99,99,36,1.0,0.041132264479950914,True,False,False,0.09554140127388536,0.0,203,1995,111
R1_seed_202608231,0.35,5,0.1,0.05,INERT_WITH_FIRST_CROSSING_PER_CONTACT_AND_NO_LATCH,0.6815286624203821,62,735,46,99,99,36,1.0,0.03970708307317728,True,False,True,0.09554140127388536,0.0,203,1995,111
R1_seed_202608231,0.4,1,0.0,0.05,INERT_WITH_FIRST_CROSSING_PER_CONTACT_AND_NO_LATCH,0.7813163481953291,189,1822,112,137,137,87,1.0,0.03879845641287525,True,False,False,0.09554140127388536,0.0,203,1995,111
R1_seed_202608231,0.4,1,0.1,0.05,INERT_WITH_FIRST_CROSSING_PER_CONTACT_AND_NO_LATCH,0.7940552016985138,189,1806,106,135,135,88,1.0,0.037820236987868315,True,False,True,0.09554140127388536,0.0,203,1995,111
R1_seed_202608231,0.4,3,0.0,0.05,INERT_WITH_FIRST_CROSSING_PER_CONTACT_AND_NO_LATCH,0.7430997876857749,151,1097,64,110,110,45,1.0,0.03879845641287525,True,False,False,0.09554140127388536,0.0,203,1995,111
R1_seed_202608231,0.4,3,0.1,0.05,INERT_WITH_FIRST_CROSSING_PER_CONTACT_AND_NO_LATCH,0.7473460721868365,143,1068,60,110,110,45,1.0,0.037820236987868315,True,False,True,0.09554140127388536,0.0,203,1995,111
R1_seed_202608231,0.4,5,0.0,0.05,INERT_WITH_FIRST_CROSSING_PER_CONTACT_AND_NO_LATCH,0.6581740976645435,63,721,49,98,98,32,1.0,0.03879845641287525,True,False,False,0.09554140127388536,0.0,203,1995,111
R1_seed_202608231,0.4,5,0.1,0.05,INERT_WITH_FIRST_CROSSING_PER_CONTACT_AND_NO_LATCH,0.6581740976645435,60,704,46,98,98,32,1.0,0.037820236987868315,True,False,True,0.09554140127388536,0.0,203,1995,111
R1_seed_202608231,0.45,1,0.0,0.05,INERT_WITH_FIRST_CROSSING_PER_CONTACT_AND_NO_LATCH,0.7770700636942676,178,1713,108,134,134,81,1.0,0.03548642892079265,True,False,False,0.09554140127388536,0.0,203,1995,111
R1_seed_202608231,0.45,1,0.1,0.05,INERT_WITH_FIRST_CROSSING_PER_CONTACT_AND_NO_LATCH,0.7855626326963907,178,1707,104,132,132,81,1.0,0.03492772644358428,True,False,False,0.09554140127388536,0.0,203,1995,111
R1_seed_202608231,0.45,3,0.0,0.05,INERT_WITH_FIRST_CROSSING_PER_CONTACT_AND_NO_LATCH,0.7303609341825902,135,1010,62,109,109,40,1.0,0.03548642892079265,True,False,False,0.09554140127388536,0.0,203,1995,111
R1_seed_202608231,0.45,3,0.1,0.05,INERT_WITH_FIRST_CROSSING_PER_CONTACT_AND_NO_LATCH,0.7346072186836518,132,997,59,109,109,40,1.0,0.03492772644358428,True,False,True,0.09554140127388536,0.0,203,1995,111
R1_seed_202608231,0.45,5,0.0,0.05,INERT_WITH_FIRST_CROSSING_PER_CONTACT_AND_NO_LATCH,0.6454352441613588,54,664,45,98,98,28,1.0,0.03548642892079265,True,False,False,0.09554140127388536,0.0,203,1995,111
R1_seed_202608231,0.45,5,0.1,0.05,INERT_WITH_FIRST_CROSSING_PER_CONTACT_AND_NO_LATCH,0.6454352441613588,53,653,44,98,98,28,1.0,0.03492772644358428,True,False,True,0.09554140127388536,0.0,203,1995,111
R1_seed_202608231,0.5,1,0.0,0.05,INERT_WITH_FIRST_CROSSING_PER_CONTACT_AND_NO_LATCH,0.7834394904458599,172,1596,102,132,132,74,1.0,0.03167352955879167,True,False,False,0.09554140127388536,0.0,203,1995,111
R1_seed_202608231,0.5,1,0.1,0.05,INERT_WITH_FIRST_CROSSING_PER_CONTACT_AND_NO_LATCH,0.7876857749469215,172,1594,100,130,130,74,1.0,0.031492196298645095,True,False,True,0.09554140127388536,0.0,203,1995,111
R1_seed_202608231,0.5,3,0.0,0.05,INERT_WITH_FIRST_CROSSING_PER_CONTACT_AND_NO_LATCH,0.7154989384288747,123,924,58,107,107,37,1.0,0.03167352955879167,True,False,False,0.09554140127388536,0.0,203,1995,111
R1_seed_202608231,0.5,3,0.1,0.05,INERT_WITH_FIRST_CROSSING_PER_CONTACT_AND_NO_LATCH,0.7133757961783439,123,921,57,107,107,37,1.0,0.031492196298645095,True,False,False,0.09554140127388536,0.0,203,1995,111
R1_seed_202608231,0.5,5,0.0,0.05,INERT_WITH_FIRST_CROSSING_PER_CONTACT_AND_NO_LATCH,0.6220806794055201,38,594,40,94,94,24,1.0,0.03167352955879167,True,False,False,0.09554140127388536,0.0,203,1995,111
R1_seed_202608231,0.5,5,0.1,0.05,INERT_WITH_FIRST_CROSSING_PER_CONTACT_AND_NO_LATCH,0.6220806794055201,38,591,40,94,94,24,1.0,0.031492196298645095,True,False,True,0.09554140127388536,0.0,203,1995,111
R1_seed_202608231,0.55,1,0.0,0.05,INERT_WITH_FIRST_CROSSING_PER_CONTACT_AND_NO_LATCH,0.7855626326963907,167,1452,92,126,126,65,1.0,0.02761656543043125,True,False,True,0.09554140127388536,0.0,203,1995,111
R1_seed_202608231,0.55,1,0.1,0.05,INERT_WITH_FIRST_CROSSING_PER_CONTACT_AND_NO_LATCH,0.7855626326963907,167,1452,92,126,126,65,1.0,0.02761656543043125,True,False,True,0.09554140127388536,0.0,203,1995,111
R1_seed_202608231,0.55,3,0.0,0.05,INERT_WITH_FIRST_CROSSING_PER_CONTACT_AND_NO_LATCH,0.6857749469214437,105,823,53,104,104,30,1.0,0.02761656543043125,True,False,False,0.09554140127388536,0.0,203,1995,111
R1_seed_202608231,0.55,3,0.1,0.05,INERT_WITH_FIRST_CROSSING_PER_CONTACT_AND_NO_LATCH,0.6857749469214437,105,823,53,104,104,30,1.0,0.02761656543043125,True,False,False,0.09554140127388536,0.0,203,1995,111
R1_seed_202608231,0.55,5,0.0,0.05,INERT_WITH_FIRST_CROSSING_PER_CONTACT_AND_NO_LATCH,0.5966029723991507,31,521,35,92,92,21,1.0,0.02761656543043125,True,False,True,0.09554140127388536,0.0,203,1995,111
R1_seed_202608231,0.55,5,0.1,0.05,INERT_WITH_FIRST_CROSSING_PER_CONTACT_AND_NO_LATCH,0.5966029723991507,31,521,35,92,92,21,1.0,0.02761656543043125,True,False,True,0.09554140127388536,0.0,203,1995,111
R1_seed_202608231,0.6,1,0.0,0.05,INERT_WITH_FIRST_CROSSING_PER_CONTACT_AND_NO_LATCH,0.7813163481953291,154,1289,86,124,124,63,1.0,0.02337336714300137,True,False,True,0.09554140127388536,0.0,203,1995,111
R1_seed_202608231,0.6,1,0.1,0.05,INERT_WITH_FIRST_CROSSING_PER_CONTACT_AND_NO_LATCH,0.7813163481953291,154,1289,86,124,124,63,1.0,0.02337336714300137,True,False,True,0.09554140127388536,0.0,203,1995,111
R1_seed_202608231,0.6,3,0.0,0.05,INERT_WITH_FIRST_CROSSING_PER_CONTACT_AND_NO_LATCH,0.6666666666666666,83,720,49,99,99,26,1.0,0.02337336714300137,True,False,True,0.09554140127388536,0.0,203,1995,111
R1_seed_202608231,0.6,3,0.1,0.05,INERT_WITH_FIRST_CROSSING_PER_CONTACT_AND_NO_LATCH,0.6666666666666666,83,720,49,99,99,26,1.0,0.02337336714300137,True,False,True,0.09554140127388536,0.0,203,1995,111
R1_seed_202608231,0.6,5,0.0,0.05,INERT_WITH_FIRST_CROSSING_PER_CONTACT_AND_NO_LATCH,0.5562632696390658,24,442,31,88,88,18,1.0,0.02337336714300137,True,False,True,0.09554140127388536,0.0,203,1995,111
R1_seed_202608231,0.6,5,0.1,0.05,INERT_WITH_FIRST_CROSSING_PER_CONTACT_AND_NO_LATCH,0.5562632696390658,24,442,31,88,88,18,1.0,0.02337336714300137,True,False,True,0.09554140127388536,0.0,203,1995,111
R1_seed_202608231,0.65,1,0.0,0.05,INERT_WITH_FIRST_CROSSING_PER_CONTACT_AND_NO_LATCH,0.7558386411889597,124,1098,82,119,119,57,1.0,0.018950795954994066,True,False,True,0.09554140127388536,0.0,203,1995,111
R1_seed_202608231,0.65,1,0.1,0.05,INERT_WITH_FIRST_CROSSING_PER_CONTACT_AND_NO_LATCH,0.7558386411889597,124,1098,82,119,119,57,1.0,0.018950795954994066,True,False,True,0.09554140127388536,0.0,203,1995,111
R1_seed_202608231,0.65,3,0.0,0.05,INERT_WITH_FIRST_CROSSING_PER_CONTACT_AND_NO_LATCH,0.6157112526539278,57,596,42,96,96,23,1.0,0.018950795954994066,True,False,False,0.09554140127388536,0.0,203,1995,111
R1_seed_202608231,0.65,3,0.1,0.05,INERT_WITH_FIRST_CROSSING_PER_CONTACT_AND_NO_LATCH,0.6157112526539278,57,596,42,96,96,23,1.0,0.018950795954994066,True,False,False,0.09554140127388536,0.0,203,1995,111
R1_seed_202608231,0.65,5,0.0,0.05,INERT_WITH_FIRST_CROSSING_PER_CONTACT_AND_NO_LATCH,0.5159235668789809,22,374,28,82,82,15,1.0,0.018950795954994066,True,False,True,0.09554140127388536,0.0,203,1995,111
R1_seed_202608231,0.65,5,0.1,0.05,INERT_WITH_FIRST_CROSSING_PER_CONTACT_AND_NO_LATCH,0.5159235668789809,22,374,28,82,82,15,1.0,0.018950795954994066,True,False,True,0.09554140127388536,0.0,203,1995,111
R1_seed_202608231,0.7,1,0.0,0.05,INERT_WITH_FIRST_CROSSING_PER_CONTACT_AND_NO_LATCH,0.7303609341825902,92,931,69,114,114,49,1.0,0.014706617487779608,True,False,False,0.09554140127388536,0.0,203,1995,111
R1_seed_202608231,0.7,1,0.1,0.05,INERT_WITH_FIRST_CROSSING_PER_CONTACT_AND_NO_LATCH,0.7303609341825902,92,931,69,114,114,49,1.0,0.014706617487779608,True,False,False,0.09554140127388536,0.0,203,1995,111
R1_seed_202608231,0.7,3,0.0,0.05,INERT_WITH_FIRST_CROSSING_PER_CONTACT_AND_NO_LATCH,0.5435244161358811,40,481,35,91,91,17,1.0,0.014706617487779608,True,False,False,0.09554140127388536,0.0,203,1995,111
R1_seed_202608231,0.7,3,0.1,0.05,INERT_WITH_FIRST_CROSSING_PER_CONTACT_AND_NO_LATCH,0.5435244161358811,40,481,35,91,91,17,1.0,0.014706617487779608,True,False,False,0.09554140127388536,0.0,203,1995,111
R1_seed_202608231,0.7,5,0.0,0.05,INERT_WITH_FIRST_CROSSING_PER_CONTACT_AND_NO_LATCH,0.43312101910828027,22,296,21,79,79,13,1.0,0.014706617487779608,True,False,True,0.09554140127388536,0.0,203,1995,111
R1_seed_202608231,0.7,5,0.1,0.05,INERT_WITH_FIRST_CROSSING_PER_CONTACT_AND_NO_LATCH,0.43312101910828027,22,296,21,79,79,13,1.0,0.014706617487779608,True,False,True,0.09554140127388536,0.0,203,1995,111
R1_seed_202608231,0.75,1,0.0,0.05,INERT_WITH_FIRST_CROSSING_PER_CONTACT_AND_NO_LATCH,0.7112526539278131,68,773,61,106,106,37,1.0,0.011058388329587414,True,False,True,0.09554140127388536,0.0,203,1995,111
R1_seed_202608231,0.75,1,0.1,0.05,INERT_WITH_FIRST_CROSSING_PER_CONTACT_AND_NO_LATCH,0.7112526539278131,68,773,61,106,106,37,1.0,0.011058388329587414,True,False,True,0.09554140127388536,0.0,203,1995,111
R1_seed_202608231,0.75,3,0.0,0.05,INERT_WITH_FIRST_CROSSING_PER_CONTACT_AND_NO_LATCH,0.4416135881104034,25,372,25,86,86,14,1.0,0.011058388329587414,True,False,True,0.09554140127388536,0.0,203,1995,111
R1_seed_202608231,0.75,3,0.1,0.05,INERT_WITH_FIRST_CROSSING_PER_CONTACT_AND_NO_LATCH,0.4416135881104034,25,372,25,86,86,14,1.0,0.011058388329587414,True,False,True,0.09554140127388536,0.0,203,1995,111
R1_seed_202608231,0.75,5,0.0,0.05,INERT_WITH_FIRST_CROSSING_PER_CONTACT_AND_NO_LATCH,0.3354564755838641,22,232,19,75,75,9,1.0,0.011058388329587414,True,False,True,0.09554140127388536,0.0,203,1995,111
R1_seed_202608231,0.75,5,0.1,0.05,INERT_WITH_FIRST_CROSSING_PER_CONTACT_AND_NO_LATCH,0.3354564755838641,22,232,19,75,75,9,1.0,0.011058388329587414,True,False,True,0.09554140127388536,0.0,203,1995,111
R1_seed_202608231,0.8,1,0.0,0.05,INERT_WITH_FIRST_CROSSING_PER_CONTACT_AND_NO_LATCH,0.6666666666666666,59,641,50,100,100,24,1.0,0.00799336614321799,True,False,True,0.09554140127388536,0.0,203,1995,111
R1_seed_202608231,0.8,1,0.1,0.05,INERT_WITH_FIRST_CROSSING_PER_CONTACT_AND_NO_LATCH,0.6666666666666666,59,641,50,100,100,24,1.0,0.00799336614321799,True,False,True,0.09554140127388536,0.0,203,1995,111
R1_seed_202608231,0.8,3,0.0,0.05,INERT_WITH_FIRST_CROSSING_PER_CONTACT_AND_NO_LATCH,0.3524416135881104,22,293,19,81,81,11,1.0,0.00799336614321799,True,False,True,0.09554140127388536,0.0,203,1995,111
R1_seed_202608231,0.8,3,0.1,0.05,INERT_WITH_FIRST_CROSSING_PER_CONTACT_AND_NO_LATCH,0.3524416135881104,22,293,19,81,81,11,1.0,0.00799336614321799,True,False,True,0.09554140127388536,0.0,203,1995,111
R1_seed_202608231,0.8,5,0.0,0.05,INERT_WITH_FIRST_CROSSING_PER_CONTACT_AND_NO_LATCH,0.24628450106157113,19,185,15,72,72,8,1.0,0.00799336614321799,True,False,True,0.09554140127388536,0.0,203,1995,111
R1_seed_202608231,0.8,5,0.1,0.05,INERT_WITH_FIRST_CROSSING_PER_CONTACT_AND_NO_LATCH,0.24628450106157113,19,185,15,72,72,8,1.0,0.00799336614321799,True,False,True,0.09554140127388536,0.0,203,1995,111
R1_seed_202608231,0.85,1,0.0,0.05,INERT_WITH_FIRST_CROSSING_PER_CONTACT_AND_NO_LATCH,0.5987261146496815,30,515,39,98,98,19,1.0,0.005445878883104739,True,False,True,0.09554140127388536,0.0,203,1995,111
R1_seed_202608231,0.85,1,0.1,0.05,INERT_WITH_FIRST_CROSSING_PER_CONTACT_AND_NO_LATCH,0.5987261146496815,30,515,39,98,98,19,1.0,0.005445878883104739,True,False,True,0.09554140127388536,0.0,203,1995,111
R1_seed_202608231,0.85,3,0.0,0.05,INERT_WITH_FIRST_CROSSING_PER_CONTACT_AND_NO_LATCH,0.26963906581740976,9,221,16,77,77,9,1.0,0.005445878883104739,True,False,True,0.09554140127388536,0.0,203,1995,111
R1_seed_202608231,0.85,3,0.1,0.05,INERT_WITH_FIRST_CROSSING_PER_CONTACT_AND_NO_LATCH,0.26963906581740976,9,221,16,77,77,9,1.0,0.005445878883104739,True,False,True,0.09554140127388536,0.0,203,1995,111
R1_seed_202608231,0.85,5,0.0,0.05,INERT_WITH_FIRST_CROSSING_PER_CONTACT_AND_NO_LATCH,0.1762208067940552,7,147,11,69,69,5,1.0,0.005445878883104739,True,False,True,0.09554140127388536,0.0,203,1995,111
R1_seed_202608231,0.85,5,0.1,0.05,INERT_WITH_FIRST_CROSSING_PER_CONTACT_AND_NO_LATCH,0.1762208067940552,7,147,11,69,69,5,1.0,0.005445878883104739,True,False,True,0.09554140127388536,0.0,203,1995,111
R1_seed_202608231,0.9,1,0.0,0.05,INERT_WITH_FIRST_CROSSING_PER_CONTACT_AND_NO_LATCH,0.4840764331210191,9,368,28,94,94,18,1.0,0.0031267735127977173,True,False,True,0.09554140127388536,0.0,203,1995,111
R1_seed_202608231,0.9,1,0.1,0.05,INERT_WITH_FIRST_CROSSING_PER_CONTACT_AND_NO_LATCH,0.4840764331210191,9,368,28,94,94,18,1.0,0.0031267735127977173,True,False,True,0.09554140127388536,0.0,203,1995,111
R1_seed_202608231,0.9,3,0.0,0.05,INERT_WITH_FIRST_CROSSING_PER_CONTACT_AND_NO_LATCH,0.15498938428874734,4,154,8,76,76,5,1.0,0.0031267735127977173,True,False,True,0.09554140127388536,0.0,203,1995,111
R1_seed_202608231,0.9,3,0.1,0.05,INERT_WITH_FIRST_CROSSING_PER_CONTACT_AND_NO_LATCH,0.15498938428874734,4,154,8,76,76,5,1.0,0.0031267735127977173,True,False,True,0.09554140127388536,0.0,203,1995,111
R1_seed_202608231,0.9,5,0.0,0.05,INERT_WITH_FIRST_CROSSING_PER_CONTACT_AND_NO_LATCH,0.09554140127388536,0,105,5,66,66,3,1.0,0.0031267735127977173,True,False,True,0.09554140127388536,0.0,203,1995,111
R1_seed_202608231,0.9,5,0.1,0.05,INERT_WITH_FIRST_CROSSING_PER_CONTACT_AND_NO_LATCH,0.09554140127388536,0,105,5,66,66,3,1.0,0.0031267735127977173,True,False,True,0.09554140127388536,0.0,203,1995,111
R1_seed_202608231,0.95,1,0.0,0.05,INERT_WITH_FIRST_CROSSING_PER_CONTACT_AND_NO_LATCH,0.31422505307855625,3,237,17,85,85,15,1.0,0.001634939880672913,True,False,True,0.09554140127388536,0.0,203,1995,111
R1_seed_202608231,0.95,1,0.1,0.05,INERT_WITH_FIRST_CROSSING_PER_CONTACT_AND_NO_LATCH,0.31422505307855625,3,237,17,85,85,15,1.0,0.001634939880672913,True,False,True,0.09554140127388536,0.0,203,1995,111
R1_seed_202608231,0.95,3,0.0,0.05,INERT_WITH_FIRST_CROSSING_PER_CONTACT_AND_NO_LATCH,0.06157112526539278,0,107,5,70,70,3,1.0,0.001634939880672913,True,False,False,0.09554140127388536,0.0,203,1995,111
R1_seed_202608231,0.95,3,0.1,0.05,INERT_WITH_FIRST_CROSSING_PER_CONTACT_AND_NO_LATCH,0.06157112526539278,0,107,5,70,70,3,1.0,0.001634939880672913,True,False,False,0.09554140127388536,0.0,203,1995,111
R1_seed_202608231,0.95,5,0.0,0.05,INERT_WITH_FIRST_CROSSING_PER_CONTACT_AND_NO_LATCH,0.036093418259023353,0,86,5,62,62,2,1.0,0.001634939880672913,True,False,True,0.09554140127388536,0.0,203,1995,111
R1_seed_202608231,0.95,5,0.1,0.05,INERT_WITH_FIRST_CROSSING_PER_CONTACT_AND_NO_LATCH,0.036093418259023353,0,86,5,62,62,2,1.0,0.001634939880672913,True,False,True,0.09554140127388536,0.0,203,1995,111
R1_seed_202608231,0.99,1,0.0,0.05,INERT_WITH_FIRST_CROSSING_PER_CONTACT_AND_NO_LATCH,0.12101910828025478,1,126,5,76,76,7,1.0,0.0005038124092721087,True,False,True,0.09554140127388536,0.0,203,1995,111
R1_seed_202608231,0.99,1,0.1,0.05,INERT_WITH_FIRST_CROSSING_PER_CONTACT_AND_NO_LATCH,0.12101910828025478,1,126,5,76,76,7,1.0,0.0005038124092721087,True,False,True,0.09554140127388536,0.0,203,1995,111
R1_seed_202608231,0.99,3,0.0,0.05,INERT_WITH_FIRST_CROSSING_PER_CONTACT_AND_NO_LATCH,0.014861995753715499,0,68,3,59,59,1,1.0,0.0005038124092721087,True,False,True,0.09554140127388536,0.0,203,1995,111
R1_seed_202608231,0.99,3,0.1,0.05,INERT_WITH_FIRST_CROSSING_PER_CONTACT_AND_NO_LATCH,0.014861995753715499,0,68,3,59,59,1,1.0,0.0005038124092721087,True,False,True,0.09554140127388536,0.0,203,1995,111
R1_seed_202608231,0.99,5,0.0,0.05,INERT_WITH_FIRST_CROSSING_PER_CONTACT_AND_NO_LATCH,0.012738853503184714,0,57,2,52,52,1,1.0,0.0005038124092721087,True,False,True,0.09554140127388536,0.0,203,1995,111
R1_seed_202608231,0.99,5,0.1,0.05,INERT_WITH_FIRST_CROSSING_PER_CONTACT_AND_NO_LATCH,0.012738853503184714,0,57,2,52,52,1,1.0,0.0005038124092721087,True,False,True,0.09554140127388536,0.0,203,1995,111
R1_seed_202608232,0.05,1,0.0,0.05,INERT_WITH_FIRST_CROSSING_PER_CONTACT_AND_NO_LATCH,0.732484076433121,186,2724,134,153,153,142,1.0,0.043762086841968556,True,False,True,0.19957537154989385,0.0,UNACHIEVABLE,UNACHIEVABLE,UNACHIEVABLE
R1_seed_202608232,0.05,1,0.1,0.05,INERT_WITH_FIRST_CROSSING_PER_CONTACT_AND_NO_LATCH,0.7239915074309978,185,2647,128,149,149,138,1.0,0.03994036586190639,True,False,False,0.19957537154989385,0.0,UNACHIEVABLE,UNACHIEVABLE,UNACHIEVABLE
R1_seed_202608232,0.05,3,0.0,0.05,INERT_WITH_FIRST_CROSSING_PER_CONTACT_AND_NO_LATCH,0.6114649681528662,155,1732,75,128,128,82,1.0,0.043762086841968556,True,False,False,0.19957537154989385,0.0,UNACHIEVABLE,UNACHIEVABLE,UNACHIEVABLE
R1_seed_202608232,0.05,3,0.1,0.05,INERT_WITH_FIRST_CROSSING_PER_CONTACT_AND_NO_LATCH,0.5966029723991507,150,1642,67,121,121,76,1.0,0.03994036586190639,True,False,False,0.19957537154989385,0.0,UNACHIEVABLE,UNACHIEVABLE,UNACHIEVABLE
R1_seed_202608232,0.05,5,0.0,0.05,INERT_WITH_FIRST_CROSSING_PER_CONTACT_AND_NO_LATCH,0.5732484076433121,77,994,42,110,110,61,1.0,0.043762086841968556,True,False,True,0.19957537154989385,0.0,UNACHIEVABLE,UNACHIEVABLE,UNACHIEVABLE
R1_seed_202608232,0.05,5,0.1,0.05,INERT_WITH_FIRST_CROSSING_PER_CONTACT_AND_NO_LATCH,0.5477707006369427,71,925,39,103,103,58,1.0,0.03994036586190639,True,False,False,0.19957537154989385,0.0,UNACHIEVABLE,UNACHIEVABLE,UNACHIEVABLE
R1_seed_202608232,0.1,1,0.0,0.05,INERT_WITH_FIRST_CROSSING_PER_CONTACT_AND_NO_LATCH,0.7303609341825902,186,2680,134,149,149,141,1.0,0.04181642996958502,True,False,False,0.19957537154989385,0.0,UNACHIEVABLE,UNACHIEVABLE,UNACHIEVABLE
R1_seed_202608232,0.1,1,0.1,0.05,INERT_WITH_FIRST_CROSSING_PER_CONTACT_AND_NO_LATCH,0.7239915074309978,185,2647,128,149,149,138,1.0,0.03994036586190639,True,False,False,0.19957537154989385,0.0,UNACHIEVABLE,UNACHIEVABLE,UNACHIEVABLE
R1_seed_202608232,0.1,3,0.0,0.05,INERT_WITH_FIRST_CROSSING_PER_CONTACT_AND_NO_LATCH,0.6072186836518046,154,1687,73,123,123,78,1.0,0.04181642996958502,True,False,False,0.19957537154989385,0.0,UNACHIEVABLE,UNACHIEVABLE,UNACHIEVABLE
R1_seed_202608232,0.1,3,0.1,0.05,INERT_WITH_FIRST_CROSSING_PER_CONTACT_AND_NO_LATCH,0.5966029723991507,150,1642,67,121,121,76,1.0,0.03994036586190639,True,False,False,0.19957537154989385,0.0,UNACHIEVABLE,UNACHIEVABLE,UNACHIEVABLE
R1_seed_202608232,0.1,5,0.0,0.05,INERT_WITH_FIRST_CROSSING_PER_CONTACT_AND_NO_LATCH,0.5626326963906582,76,957,41,105,105,60,1.0,0.04181642996958502,True,False,True,0.19957537154989385,0.0,UNACHIEVABLE,UNACHIEVABLE,UNACHIEVABLE
R1_seed_202608232,0.1,5,0.1,0.05,INERT_WITH_FIRST_CROSSING_PER_CONTACT_AND_NO_LATCH,0.5477707006369427,71,925,39,103,103,58,1.0,0.03994036586190639,True,False,False,0.19957537154989385,0.0,UNACHIEVABLE,UNACHIEVABLE,UNACHIEVABLE
R1_seed_202608232,0.15,1,0.0,0.05,INERT_WITH_FIRST_CROSSING_PER_CONTACT_AND_NO_LATCH,0.7303609341825902,186,2627,133,144,144,136,1.0,0.040152084695374825,True,False,True,0.19957537154989385,0.0,UNACHIEVABLE,UNACHIEVABLE,UNACHIEVABLE
R1_seed_202608232,0.15,1,0.1,0.05,INERT_WITH_FIRST_CROSSING_PER_CONTACT_AND_NO_LATCH,0.7261146496815286,185,2596,126,144,144,135,1.0,0.03846715564568853,True,False,True,0.19957537154989385,0.0,UNACHIEVABLE,UNACHIEVABLE,UNACHIEVABLE
R1_seed_202608232,0.15,3,0.0,0.05,INERT_WITH_FIRST_CROSSING_PER_CONTACT_AND_NO_LATCH,0.6050955414012739,148,1619,70,119,119,77,1.0,0.040152084695374825,True,False,False,0.19957537154989385,0.0,UNACHIEVABLE,UNACHIEVABLE,UNACHIEVABLE
R1_seed_202608232,0.15,3,0.1,0.05,INERT_WITH_FIRST_CROSSING_PER_CONTACT_AND_NO_LATCH,0.5944798301486199,144,1570,65,118,118,75,1.0,0.03846715564568853,True,False,False,0.19957537154989385,0.0,UNACHIEVABLE,UNACHIEVABLE,UNACHIEVABLE
R1_seed_202608232,0.15,5,0.0,0.05,INERT_WITH_FIRST_CROSSING_PER_CONTACT_AND_NO_LATCH,0.5583864118895966,71,921,40,104,104,58,1.0,0.040152084695374825,True,False,True,0.19957537154989385,0.0,UNACHIEVABLE,UNACHIEVABLE,UNACHIEVABLE
R1_seed_202608232,0.15,5,0.1,0.05,INERT_WITH_FIRST_CROSSING_PER_CONTACT_AND_NO_LATCH,0.5435244161358811,67,896,38,103,103,57,1.0,0.03846715564568853,True,False,True,0.19957537154989385,0.0,UNACHIEVABLE,UNACHIEVABLE,UNACHIEVABLE
R1_seed_202608232,0.2,1,0.0,0.05,INERT_WITH_FIRST_CROSSING_PER_CONTACT_AND_NO_LATCH,0.7261146496815286,185,2582,133,141,141,135,1.0,0.0385259664327631,True,False,False,0.19957537154989385,0.0,UNACHIEVABLE,UNACHIEVABLE,UNACHIEVABLE
R1_seed_202608232,0.2,1,0.1,0.05,INERT_WITH_FIRST_CROSSING_PER_CONTACT_AND_NO_LATCH,0.7239915074309978,185,2550,126,141,141,133,1.0,0.03693513464239611,True,False,True,0.19957537154989385,0.0,UNACHIEVABLE,UNACHIEVABLE,UNACHIEVABLE
R1_seed_202608232,0.2,3,0.0,0.05,INERT_WITH_FIRST_CROSSING_PER_CONTACT_AND_NO_LATCH,0.6050955414012739,141,1562,68,119,119,78,1.0,0.0385259664327631,True,False,False,0.19957537154989385,0.0,UNACHIEVABLE,UNACHIEVABLE,UNACHIEVABLE
R1_seed_202608232,0.2,3,0.1,0.05,INERT_WITH_FIRST_CROSSING_PER_CONTACT_AND_NO_LATCH,0.5923566878980892,137,1513,63,118,118,75,1.0,0.03693513464239611,True,False,False,0.19957537154989385,0.0,UNACHIEVABLE,UNACHIEVABLE,UNACHIEVABLE
R1_seed_202608232,0.2,5,0.0,0.05,INERT_WITH_FIRST_CROSSING_PER_CONTACT_AND_NO_LATCH,0.5477707006369427,66,879,39,101,101,58,1.0,0.0385259664327631,True,False,True,0.19957537154989385,0.0,UNACHIEVABLE,UNACHIEVABLE,UNACHIEVABLE
R1_seed_202608232,0.2,5,0.1,0.05,INERT_WITH_FIRST_CROSSING_PER_CONTACT_AND_NO_LATCH,0.5329087048832272,61,855,37,100,100,56,1.0,0.03693513464239611,True,False,True,0.19957537154989385,0.0,UNACHIEVABLE,UNACHIEVABLE,UNACHIEVABLE
R1_seed_202608232,0.25,1,0.0,0.05,INERT_WITH_FIRST_CROSSING_PER_CONTACT_AND_NO_LATCH,0.7261146496815286,185,2539,132,139,139,134,1.0,0.03689592745101306,True,False,True,0.19957537154989385,0.0,UNACHIEVABLE,UNACHIEVABLE,UNACHIEVABLE
R1_seed_202608232,0.25,1,0.1,0.05,INERT_WITH_FIRST_CROSSING_PER_CONTACT_AND_NO_LATCH,0.721868365180467,183,2507,125,139,139,132,1.0,0.035405073998672834,True,False,True,0.19957537154989385,0.0,UNACHIEVABLE,UNACHIEVABLE,UNACHIEVABLE
R1_seed_202608232,0.25,3,0.0,0.05,INERT_WITH_FIRST_CROSSING_PER_CONTACT_AND_NO_LATCH,0.6114649681528662,140,1496,65,118,118,76,1.0,0.03689592745101306,True,False,True,0.19957537154989385,0.0,UNACHIEVABLE,UNACHIEVABLE,UNACHIEVABLE
R1_seed_202608232,0.25,3,0.1,0.05,INERT_WITH_FIRST_CROSSING_PER_CONTACT_AND_NO_LATCH,0.5987261146496815,134,1445,60,117,117,74,1.0,0.035405073998672834,True,False,True,0.19957537154989385,0.0,UNACHIEVABLE,UNACHIEVABLE,UNACHIEVABLE
R1_seed_202608232,0.25,5,0.0,0.05,INERT_WITH_FIRST_CROSSING_PER_CONTACT_AND_NO_LATCH,0.5392781316348195,62,845,38,99,99,55,1.0,0.03689592745101306,True,False,True,0.19957537154989385,0.0,UNACHIEVABLE,UNACHIEVABLE,UNACHIEVABLE
R1_seed_202608232,0.25,5,0.1,0.05,INERT_WITH_FIRST_CROSSING_PER_CONTACT_AND_NO_LATCH,0.5201698513800425,57,820,36,98,98,54,1.0,0.035405073998672834,True,False,True,0.19957537154989385,0.0,UNACHIEVABLE,UNACHIEVABLE,UNACHIEVABLE
R1_seed_202608232,0.3,1,0.0,0.05,INERT_WITH_FIRST_CROSSING_PER_CONTACT_AND_NO_LATCH,0.721868365180467,183,2472,127,136,136,131,1.0,0.03507573359105527,True,False,True,0.19957537154989385,0.0,UNACHIEVABLE,UNACHIEVABLE,UNACHIEVABLE
R1_seed_202608232,0.3,1,0.1,0.05,INERT_WITH_FIRST_CROSSING_PER_CONTACT_AND_NO_LATCH,0.7197452229299363,178,2439,120,135,135,130,1.0,0.03376229267972331,True,False,True,0.19957537154989385,0.0,UNACHIEVABLE,UNACHIEVABLE,UNACHIEVABLE
R1_seed_202608232,0.3,3,0.0,0.05,INERT_WITH_FIRST_CROSSING_PER_CONTACT_AND_NO_LATCH,0.6050955414012739,133,1430,63,114,114,73,1.0,0.03507573359105527,True,False,True,0.19957537154989385,0.0,UNACHIEVABLE,UNACHIEVABLE,UNACHIEVABLE
R1_seed_202608232,0.3,3,0.1,0.05,INERT_WITH_FIRST_CROSSING_PER_CONTACT_AND_NO_LATCH,0.5902335456475584,130,1385,58,114,114,71,1.0,0.03376229267972331,True,False,True,0.19957537154989385,0.0,UNACHIEVABLE,UNACHIEVABLE,UNACHIEVABLE
R1_seed_202608232,0.3,5,0.0,0.05,INERT_WITH_FIRST_CROSSING_PER_CONTACT_AND_NO_LATCH,0.524416135881104,54,813,37,99,99,54,1.0,0.03507573359105527,True,False,True,0.19957537154989385,0.0,UNACHIEVABLE,UNACHIEVABLE,UNACHIEVABLE
R1_seed_202608232,0.3,5,0.1,0.05,INERT_WITH_FIRST_CROSSING_PER_CONTACT_AND_NO_LATCH,0.5074309978768577,51,786,35,98,98,53,1.0,0.03376229267972331,True,False,True,0.19957537154989385,0.0,UNACHIEVABLE,UNACHIEVABLE,UNACHIEVABLE
R1_seed_202608232,0.35,1,0.0,0.05,INERT_WITH_FIRST_CROSSING_PER_CONTACT_AND_NO_LATCH,0.7091295116772823,179,2350,124,135,135,128,1.0,0.03280955792911536,True,False,False,0.19957537154989385,0.0,UNACHIEVABLE,UNACHIEVABLE,UNACHIEVABLE
R1_seed_202608232,0.35,1,0.1,0.05,INERT_WITH_FIRST_CROSSING_PER_CONTACT_AND_NO_LATCH,0.7112526539278131,178,2327,118,134,134,127,1.0,0.03178036915531047,True,False,True,0.19957537154989385,0.0,UNACHIEVABLE,UNACHIEVABLE,UNACHIEVABLE
R1_seed_202608232,0.35,3,0.0,0.05,INERT_WITH_FIRST_CROSSING_PER_CONTACT_AND_NO_LATCH,0.5902335456475584,126,1378,61,112,112,73,1.0,0.03280955792911536,True,False,True,0.19957537154989385,0.0,UNACHIEVABLE,UNACHIEVABLE,UNACHIEVABLE
R1_seed_202608232,0.35,3,0.1,0.05,INERT_WITH_FIRST_CROSSING_PER_CONTACT_AND_NO_LATCH,0.5774946921443737,124,1336,57,112,112,71,1.0,0.03178036915531047,True,False,True,0.19957537154989385,0.0,UNACHIEVABLE,UNACHIEVABLE,UNACHIEVABLE
R1_seed_202608232,0.35,5,0.0,0.05,INERT_WITH_FIRST_CROSSING_PER_CONTACT_AND_NO_LATCH,0.5031847133757962,48,755,35,98,98,51,1.0,0.03280955792911536,True,False,True,0.19957537154989385,0.0,UNACHIEVABLE,UNACHIEVABLE,UNACHIEVABLE
R1_seed_202608232,0.35,5,0.1,0.05,INERT_WITH_FIRST_CROSSING_PER_CONTACT_AND_NO_LATCH,0.4861995753715499,48,739,34,97,97,50,1.0,0.03178036915531047,True,False,True,0.19957537154989385,0.0,UNACHIEVABLE,UNACHIEVABLE,UNACHIEVABLE
R1_seed_202608232,0.4,1,0.0,0.05,INERT_WITH_FIRST_CROSSING_PER_CONTACT_AND_NO_LATCH,0.6709129511677282,176,2227,121,133,133,121,1.0,0.03024638779244889,True,False,False,0.19957537154989385,0.0,UNACHIEVABLE,UNACHIEVABLE,UNACHIEVABLE
R1_seed_202608232,0.4,1,0.1,0.05,INERT_WITH_FIRST_CROSSING_PER_CONTACT_AND_NO_LATCH,0.6772823779193206,176,2211,116,132,132,120,1.0,0.029526935830570044,True,False,True,0.19957537154989385,0.0,UNACHIEVABLE,UNACHIEVABLE,UNACHIEVABLE
R1_seed_202608232,0.4,3,0.0,0.05,INERT_WITH_FIRST_CROSSING_PER_CONTACT_AND_NO_LATCH,0.5668789808917197,119,1302,53,111,111,67,1.0,0.03024638779244889,True,False,False,0.19957537154989385,0.0,UNACHIEVABLE,UNACHIEVABLE,UNACHIEVABLE
R1_seed_202608232,0.4,3,0.1,0.05,INERT_WITH_FIRST_CROSSING_PER_CONTACT_AND_NO_LATCH,0.5583864118895966,118,1272,53,111,111,65,1.0,0.029526935830570044,True,False,False,0.19957537154989385,0.0,UNACHIEVABLE,UNACHIEVABLE,UNACHIEVABLE
R1_seed_202608232,0.4,5,0.0,0.05,INERT_WITH_FIRST_CROSSING_PER_CONTACT_AND_NO_LATCH,0.4840764331210191,39,696,33,97,97,46,1.0,0.03024638779244889,True,False,True,0.19957537154989385,0.0,UNACHIEVABLE,UNACHIEVABLE,UNACHIEVABLE
R1_seed_202608232,0.4,5,0.1,0.05,INERT_WITH_FIRST_CROSSING_PER_CONTACT_AND_NO_LATCH,0.46709129511677283,39,689,32,97,97,46,1.0,0.029526935830570044,True,False,True,0.19957537154989385,0.0,UNACHIEVABLE,UNACHIEVABLE,UNACHIEVABLE
R1_seed_202608232,0.45,1,0.0,0.05,INERT_WITH_FIRST_CROSSING_PER_CONTACT_AND_NO_LATCH,0.6560509554140127,156,2070,111,132,132,118,1.0,0.02731074933764351,True,False,False,0.19957537154989385,0.0,UNACHIEVABLE,UNACHIEVABLE,UNACHIEVABLE
R1_seed_202608232,0.45,1,0.1,0.05,INERT_WITH_FIRST_CROSSING_PER_CONTACT_AND_NO_LATCH,0.6624203821656051,156,2055,106,131,131,118,1.0,0.026803996389017672,True,False,True,0.19957537154989385,0.0,UNACHIEVABLE,UNACHIEVABLE,UNACHIEVABLE
R1_seed_202608232,0.45,3,0.0,0.05,INERT_WITH_FIRST_CROSSING_PER_CONTACT_AND_NO_LATCH,0.5307855626326964,103,1196,51,109,109,64,1.0,0.02731074933764351,True,False,False,0.19957537154989385,0.0,UNACHIEVABLE,UNACHIEVABLE,UNACHIEVABLE
R1_seed_202608232,0.45,3,0.1,0.05,INERT_WITH_FIRST_CROSSING_PER_CONTACT_AND_NO_LATCH,0.5286624203821656,102,1183,51,109,109,62,1.0,0.026803996389017672,True,False,False,0.19957537154989385,0.0,UNACHIEVABLE,UNACHIEVABLE,UNACHIEVABLE
R1_seed_202608232,0.45,5,0.0,0.05,INERT_WITH_FIRST_CROSSING_PER_CONTACT_AND_NO_LATCH,0.4543524416135881,28,637,29,96,96,45,1.0,0.02731074933764351,True,False,True,0.19957537154989385,0.0,UNACHIEVABLE,UNACHIEVABLE,UNACHIEVABLE
R1_seed_202608232,0.45,5,0.1,0.05,INERT_WITH_FIRST_CROSSING_PER_CONTACT_AND_NO_LATCH,0.4416135881104034,28,632,29,96,96,45,1.0,0.026803996389017672,True,False,True,0.19957537154989385,0.0,UNACHIEVABLE,UNACHIEVABLE,UNACHIEVABLE
R1_seed_202608232,0.5,1,0.0,0.05,INERT_WITH_FIRST_CROSSING_PER_CONTACT_AND_NO_LATCH,0.6518046709129511,153,1947,102,131,131,112,1.0,0.02400656328383752,True,False,False,0.19957537154989385,0.0,UNACHIEVABLE,UNACHIEVABLE,UNACHIEVABLE
R1_seed_202608232,0.5,1,0.1,0.05,INERT_WITH_FIRST_CROSSING_PER_CONTACT_AND_NO_LATCH,0.6560509554140127,153,1940,99,130,130,112,1.0,0.023737994022863675,True,False,True,0.19957537154989385,0.0,UNACHIEVABLE,UNACHIEVABLE,UNACHIEVABLE
R1_seed_202608232,0.5,3,0.0,0.05,INERT_WITH_FIRST_CROSSING_PER_CONTACT_AND_NO_LATCH,0.5116772823779193,92,1068,46,108,108,58,1.0,0.02400656328383752,True,False,False,0.19957537154989385,0.0,UNACHIEVABLE,UNACHIEVABLE,UNACHIEVABLE
R1_seed_202608232,0.5,3,0.1,0.05,INERT_WITH_FIRST_CROSSING_PER_CONTACT_AND_NO_LATCH,0.5095541401273885,92,1062,46,108,108,57,1.0,0.023737994022863675,True,False,False,0.19957537154989385,0.0,UNACHIEVABLE,UNACHIEVABLE,UNACHIEVABLE
R1_seed_202608232,0.5,5,0.0,0.05,INERT_WITH_FIRST_CROSSING_PER_CONTACT_AND_NO_LATCH,0.4140127388535032,26,569,27,94,94,39,1.0,0.02400656328383752,True,False,True,0.19957537154989385,0.0,UNACHIEVABLE,UNACHIEVABLE,UNACHIEVABLE
R1_seed_202608232,0.5,5,0.1,0.05,INERT_WITH_FIRST_CROSSING_PER_CONTACT_AND_NO_LATCH,0.40552016985138006,26,568,27,94,94,38,1.0,0.023737994022863675,True,False,True,0.19957537154989385,0.0,UNACHIEVABLE,UNACHIEVABLE,UNACHIEVABLE
R1_seed_202608232,0.55,1,0.0,0.05,INERT_WITH_FIRST_CROSSING_PER_CONTACT_AND_NO_LATCH,0.6539278131634819,142,1771,87,125,125,103,1.0,0.020461253003025814,True,False,True,0.19957537154989385,0.0,UNACHIEVABLE,UNACHIEVABLE,UNACHIEVABLE
R1_seed_202608232,0.55,1,0.1,0.05,INERT_WITH_FIRST_CROSSING_PER_CONTACT_AND_NO_LATCH,0.6539278131634819,142,1771,87,125,125,103,1.0,0.020461253003025814,True,False,True,0.19957537154989385,0.0,UNACHIEVABLE,UNACHIEVABLE,UNACHIEVABLE
R1_seed_202608232,0.55,3,0.0,0.05,INERT_WITH_FIRST_CROSSING_PER_CONTACT_AND_NO_LATCH,0.47983014861995754,79,886,42,106,106,50,1.0,0.020461253003025814,True,False,False,0.19957537154989385,0.0,UNACHIEVABLE,UNACHIEVABLE,UNACHIEVABLE
R1_seed_202608232,0.55,3,0.1,0.05,INERT_WITH_FIRST_CROSSING_PER_CONTACT_AND_NO_LATCH,0.47983014861995754,79,886,42,106,106,50,1.0,0.020461253003025814,True,False,False,0.19957537154989385,0.0,UNACHIEVABLE,UNACHIEVABLE,UNACHIEVABLE
R1_seed_202608232,0.55,5,0.0,0.05,INERT_WITH_FIRST_CROSSING_PER_CONTACT_AND_NO_LATCH,0.386411889596603,23,490,25,92,92,32,1.0,0.020461253003025814,True,False,True,0.19957537154989385,0.0,UNACHIEVABLE,UNACHIEVABLE,UNACHIEVABLE
R1_seed_202608232,0.55,5,0.1,0.05,INERT_WITH_FIRST_CROSSING_PER_CONTACT_AND_NO_LATCH,0.386411889596603,23,490,25,92,92,32,1.0,0.020461253003025814,True,False,True,0.19957537154989385,0.0,UNACHIEVABLE,UNACHIEVABLE,UNACHIEVABLE
R1_seed_202608232,0.6,1,0.0,0.05,INERT_WITH_FIRST_CROSSING_PER_CONTACT_AND_NO_LATCH,0.6284501061571125,136,1588,80,122,122,92,1.0,0.017259985826600314,True,False,True,0.19957537154989385,0.0,UNACHIEVABLE,UNACHIEVABLE,UNACHIEVABLE
R1_seed_202608232,0.6,1,0.1,0.05,INERT_WITH_FIRST_CROSSING_PER_CONTACT_AND_NO_LATCH,0.6284501061571125,136,1588,80,122,122,92,1.0,0.017259985826600314,True,False,True,0.19957537154989385,0.0,UNACHIEVABLE,UNACHIEVABLE,UNACHIEVABLE
R1_seed_202608232,0.6,3,0.0,0.05,INERT_WITH_FIRST_CROSSING_PER_CONTACT_AND_NO_LATCH,0.4585987261146497,56,744,36,104,104,45,1.0,0.017259985826600314,True,False,False,0.19957537154989385,0.0,UNACHIEVABLE,UNACHIEVABLE,UNACHIEVABLE
R1_seed_202608232,0.6,3,0.1,0.05,INERT_WITH_FIRST_CROSSING_PER_CONTACT_AND_NO_LATCH,0.4585987261146497,56,744,36,104,104,45,1.0,0.017259985826600314,True,False,False,0.19957537154989385,0.0,UNACHIEVABLE,UNACHIEVABLE,UNACHIEVABLE
R1_seed_202608232,0.6,5,0.0,0.05,INERT_WITH_FIRST_CROSSING_PER_CONTACT_AND_NO_LATCH,0.35881104033970274,21,447,19,89,89,29,1.0,0.017259985826600314,True,False,True,0.19957537154989385,0.0,UNACHIEVABLE,UNACHIEVABLE,UNACHIEVABLE
R1_seed_202608232,0.6,5,0.1,0.05,INERT_WITH_FIRST_CROSSING_PER_CONTACT_AND_NO_LATCH,0.35881104033970274,21,447,19,89,89,29,1.0,0.017259985826600314,True,False,True,0.19957537154989385,0.0,UNACHIEVABLE,UNACHIEVABLE,UNACHIEVABLE
R1_seed_202608232,0.65,1,0.0,0.05,INERT_WITH_FIRST_CROSSING_PER_CONTACT_AND_NO_LATCH,0.5987261146496815,127,1414,74,121,121,77,1.0,0.014382177979084924,True,False,True,0.19957537154989385,0.0,UNACHIEVABLE,UNACHIEVABLE,UNACHIEVABLE
R1_seed_202608232,0.65,1,0.1,0.05,INERT_WITH_FIRST_CROSSING_PER_CONTACT_AND_NO_LATCH,0.5987261146496815,127,1414,74,121,121,77,1.0,0.014382177979084924,True,False,True,0.19957537154989385,0.0,UNACHIEVABLE,UNACHIEVABLE,UNACHIEVABLE
R1_seed_202608232,0.65,3,0.0,0.05,INERT_WITH_FIRST_CROSSING_PER_CONTACT_AND_NO_LATCH,0.42250530785562634,38,642,29,104,104,36,1.0,0.014382177979084924,True,False,False,0.19957537154989385,0.0,UNACHIEVABLE,UNACHIEVABLE,UNACHIEVABLE
R1_seed_202608232,0.65,3,0.1,0.05,INERT_WITH_FIRST_CROSSING_PER_CONTACT_AND_NO_LATCH,0.42250530785562634,38,642,29,104,104,36,1.0,0.014382177979084924,True,False,False,0.19957537154989385,0.0,UNACHIEVABLE,UNACHIEVABLE,UNACHIEVABLE
R1_seed_202608232,0.65,5,0.0,0.05,INERT_WITH_FIRST_CROSSING_PER_CONTACT_AND_NO_LATCH,0.3354564755838641,11,372,17,86,86,26,1.0,0.014382177979084924,True,False,True,0.19957537154989385,0.0,UNACHIEVABLE,UNACHIEVABLE,UNACHIEVABLE
R1_seed_202608232,0.65,5,0.1,0.05,INERT_WITH_FIRST_CROSSING_PER_CONTACT_AND_NO_LATCH,0.3354564755838641,11,372,17,86,86,26,1.0,0.014382177979084924,True,False,True,0.19957537154989385,0.0,UNACHIEVABLE,UNACHIEVABLE,UNACHIEVABLE
R1_seed_202608232,0.7,1,0.0,0.05,INERT_WITH_FIRST_CROSSING_PER_CONTACT_AND_NO_LATCH,0.5711252653927813,118,1263,58,119,119,74,1.0,0.01181802766263388,True,False,False,0.19957537154989385,0.0,UNACHIEVABLE,UNACHIEVABLE,UNACHIEVABLE
R1_seed_202608232,0.7,1,0.1,0.05,INERT_WITH_FIRST_CROSSING_PER_CONTACT_AND_NO_LATCH,0.5711252653927813,118,1263,58,119,119,74,1.0,0.01181802766263388,True,False,False,0.19957537154989385,0.0,UNACHIEVABLE,UNACHIEVABLE,UNACHIEVABLE
R1_seed_202608232,0.7,3,0.0,0.05,INERT_WITH_FIRST_CROSSING_PER_CONTACT_AND_NO_LATCH,0.3885350318471338,28,550,24,101,101,31,1.0,0.01181802766263388,True,False,True,0.19957537154989385,0.0,UNACHIEVABLE,UNACHIEVABLE,UNACHIEVABLE
R1_seed_202608232,0.7,3,0.1,0.05,INERT_WITH_FIRST_CROSSING_PER_CONTACT_AND_NO_LATCH,0.3885350318471338,28,550,24,101,101,31,1.0,0.01181802766263388,True,False,True,0.19957537154989385,0.0,UNACHIEVABLE,UNACHIEVABLE,UNACHIEVABLE
R1_seed_202608232,0.7,5,0.0,0.05,INERT_WITH_FIRST_CROSSING_PER_CONTACT_AND_NO_LATCH,0.3057324840764331,4,309,13,82,82,21,1.0,0.01181802766263388,True,False,True,0.19957537154989385,0.0,UNACHIEVABLE,UNACHIEVABLE,UNACHIEVABLE
R1_seed_202608232,0.7,5,0.1,0.05,INERT_WITH_FIRST_CROSSING_PER_CONTACT_AND_NO_LATCH,0.3057324840764331,4,309,13,82,82,21,1.0,0.01181802766263388,True,False,True,0.19957537154989385,0.0,UNACHIEVABLE,UNACHIEVABLE,UNACHIEVABLE
R1_seed_202608232,0.75,1,0.0,0.05,INERT_WITH_FIRST_CROSSING_PER_CONTACT_AND_NO_LATCH,0.5392781316348195,89,1044,46,116,116,61,1.0,0.009337192627871804,True,False,False,0.19957537154989385,0.0,UNACHIEVABLE,UNACHIEVABLE,UNACHIEVABLE
R1_seed_202608232,0.75,1,0.1,0.05,INERT_WITH_FIRST_CROSSING_PER_CONTACT_AND_NO_LATCH,0.5392781316348195,89,1044,46,116,116,61,1.0,0.009337192627871804,True,False,False,0.19957537154989385,0.0,UNACHIEVABLE,UNACHIEVABLE,UNACHIEVABLE
R1_seed_202608232,0.75,3,0.0,0.05,INERT_WITH_FIRST_CROSSING_PER_CONTACT_AND_NO_LATCH,0.34394904458598724,26,438,19,91,91,24,1.0,0.009337192627871804,True,False,True,0.19957537154989385,0.0,UNACHIEVABLE,UNACHIEVABLE,UNACHIEVABLE
R1_seed_202608232,0.75,3,0.1,0.05,INERT_WITH_FIRST_CROSSING_PER_CONTACT_AND_NO_LATCH,0.34394904458598724,26,438,19,91,91,24,1.0,0.009337192627871804,True,False,True,0.19957537154989385,0.0,UNACHIEVABLE,UNACHIEVABLE,UNACHIEVABLE
R1_seed_202608232,0.75,5,0.0,0.05,INERT_WITH_FIRST_CROSSING_PER_CONTACT_AND_NO_LATCH,0.25690021231422505,2,249,12,79,79,17,1.0,0.009337192627871804,True,False,True,0.19957537154989385,0.0,UNACHIEVABLE,UNACHIEVABLE,UNACHIEVABLE
R1_seed_202608232,0.75,5,0.1,0.05,INERT_WITH_FIRST_CROSSING_PER_CONTACT_AND_NO_LATCH,0.25690021231422505,2,249,12,79,79,17,1.0,0.009337192627871804,True,False,True,0.19957537154989385,0.0,UNACHIEVABLE,UNACHIEVABLE,UNACHIEVABLE
R1_seed_202608232,0.8,1,0.0,0.05,INERT_WITH_FIRST_CROSSING_PER_CONTACT_AND_NO_LATCH,0.4564755838641189,71,780,37,112,112,49,1.0,0.006917128739753446,True,False,False,0.19957537154989385,0.0,UNACHIEVABLE,UNACHIEVABLE,UNACHIEVABLE
R1_seed_202608232,0.8,1,0.1,0.05,INERT_WITH_FIRST_CROSSING_PER_CONTACT_AND_NO_LATCH,0.4564755838641189,71,780,37,112,112,49,1.0,0.006917128739753446,True,False,False,0.19957537154989385,0.0,UNACHIEVABLE,UNACHIEVABLE,UNACHIEVABLE
R1_seed_202608232,0.8,3,0.0,0.05,INERT_WITH_FIRST_CROSSING_PER_CONTACT_AND_NO_LATCH,0.28662420382165604,18,342,16,86,86,21,1.0,0.006917128739753446,True,False,False,0.19957537154989385,0.0,UNACHIEVABLE,UNACHIEVABLE,UNACHIEVABLE
R1_seed_202608232,0.8,3,0.1,0.05,INERT_WITH_FIRST_CROSSING_PER_CONTACT_AND_NO_LATCH,0.28662420382165604,18,342,16,86,86,21,1.0,0.006917128739753446,True,False,False,0.19957537154989385,0.0,UNACHIEVABLE,UNACHIEVABLE,UNACHIEVABLE
R1_seed_202608232,0.8,5,0.0,0.05,INERT_WITH_FIRST_CROSSING_PER_CONTACT_AND_NO_LATCH,0.19957537154989385,0,207,10,78,78,15,1.0,0.006917128739753446,True,False,True,0.19957537154989385,0.0,UNACHIEVABLE,UNACHIEVABLE,UNACHIEVABLE
R1_seed_202608232,0.8,5,0.1,0.05,INERT_WITH_FIRST_CROSSING_PER_CONTACT_AND_NO_LATCH,0.19957537154989385,0,207,10,78,78,15,1.0,0.006917128739753446,True,False,True,0.19957537154989385,0.0,UNACHIEVABLE,UNACHIEVABLE,UNACHIEVABLE
R1_seed_202608232,0.85,1,0.0,0.05,INERT_WITH_FIRST_CROSSING_PER_CONTACT_AND_NO_LATCH,0.37791932059447986,59,615,27,108,108,42,1.0,0.005171428543423434,True,False,False,0.19957537154989385,0.0,UNACHIEVABLE,UNACHIEVABLE,UNACHIEVABLE
R1_seed_202608232,0.85,1,0.1,0.05,INERT_WITH_FIRST_CROSSING_PER_CONTACT_AND_NO_LATCH,0.37791932059447986,59,615,27,108,108,42,1.0,0.005171428543423434,True,False,False,0.19957537154989385,0.0,UNACHIEVABLE,UNACHIEVABLE,UNACHIEVABLE
R1_seed_202608232,0.85,3,0.0,0.05,INERT_WITH_FIRST_CROSSING_PER_CONTACT_AND_NO_LATCH,0.2208067940552017,14,279,10,82,82,18,1.0,0.005171428543423434,True,False,True,0.19957537154989385,0.0,UNACHIEVABLE,UNACHIEVABLE,UNACHIEVABLE
R1_seed_202608232,0.85,3,0.1,0.05,INERT_WITH_FIRST_CROSSING_PER_CONTACT_AND_NO_LATCH,0.2208067940552017,14,279,10,82,82,18,1.0,0.005171428543423434,True,False,True,0.19957537154989385,0.0,UNACHIEVABLE,UNACHIEVABLE,UNACHIEVABLE
R1_seed_202608232,0.85,5,0.0,0.05,INERT_WITH_FIRST_CROSSING_PER_CONTACT_AND_NO_LATCH,0.16560509554140126,0,168,9,72,72,10,1.0,0.005171428543423434,True,False,True,0.19957537154989385,0.0,UNACHIEVABLE,UNACHIEVABLE,UNACHIEVABLE
R1_seed_202608232,0.85,5,0.1,0.05,INERT_WITH_FIRST_CROSSING_PER_CONTACT_AND_NO_LATCH,0.16560509554140126,0,168,9,72,72,10,1.0,0.005171428543423434,True,False,True,0.19957537154989385,0.0,UNACHIEVABLE,UNACHIEVABLE,UNACHIEVABLE
R1_seed_202608232,0.9,1,0.0,0.05,INERT_WITH_FIRST_CROSSING_PER_CONTACT_AND_NO_LATCH,0.31422505307855625,36,472,20,99,99,34,1.0,0.003865829070368087,True,False,False,0.19957537154989385,0.0,UNACHIEVABLE,UNACHIEVABLE,UNACHIEVABLE
R1_seed_202608232,0.9,1,0.1,0.05,INERT_WITH_FIRST_CROSSING_PER_CONTACT_AND_NO_LATCH,0.31422505307855625,36,472,20,99,99,34,1.0,0.003865829070368087,True,False,False,0.19957537154989385,0.0,UNACHIEVABLE,UNACHIEVABLE,UNACHIEVABLE
R1_seed_202608232,0.9,3,0.0,0.05,INERT_WITH_FIRST_CROSSING_PER_CONTACT_AND_NO_LATCH,0.18046709129511676,1,217,10,77,77,15,1.0,0.003865829070368087,True,False,False,0.19957537154989385,0.0,UNACHIEVABLE,UNACHIEVABLE,UNACHIEVABLE
R1_seed_202608232,0.9,3,0.1,0.05,INERT_WITH_FIRST_CROSSING_PER_CONTACT_AND_NO_LATCH,0.18046709129511676,1,217,10,77,77,15,1.0,0.003865829070368087,True,False,False,0.19957537154989385,0.0,UNACHIEVABLE,UNACHIEVABLE,UNACHIEVABLE
R1_seed_202608232,0.9,5,0.0,0.05,INERT_WITH_FIRST_CROSSING_PER_CONTACT_AND_NO_LATCH,0.13800424628450106,0,145,9,69,69,8,1.0,0.003865829070368087,True,False,True,0.19957537154989385,0.0,UNACHIEVABLE,UNACHIEVABLE,UNACHIEVABLE
R1_seed_202608232,0.9,5,0.1,0.05,INERT_WITH_FIRST_CROSSING_PER_CONTACT_AND_NO_LATCH,0.13800424628450106,0,145,9,69,69,8,1.0,0.003865829070368087,True,False,True,0.19957537154989385,0.0,UNACHIEVABLE,UNACHIEVABLE,UNACHIEVABLE
R1_seed_202608232,0.95,1,0.0,0.05,INERT_WITH_FIRST_CROSSING_PER_CONTACT_AND_NO_LATCH,0.2611464968152866,10,337,16,88,88,26,1.0,0.002663148474693228,True,False,False,0.19957537154989385,0.0,UNACHIEVABLE,UNACHIEVABLE,UNACHIEVABLE
R1_seed_202608232,0.95,1,0.1,0.05,INERT_WITH_FIRST_CROSSING_PER_CONTACT_AND_NO_LATCH,0.2611464968152866,10,337,16,88,88,26,1.0,0.002663148474693228,True,False,False,0.19957537154989385,0.0,UNACHIEVABLE,UNACHIEVABLE,UNACHIEVABLE
R1_seed_202608232,0.95,3,0.0,0.05,INERT_WITH_FIRST_CROSSING_PER_CONTACT_AND_NO_LATCH,0.15286624203821655,0,167,9,71,71,12,1.0,0.002663148474693228,True,False,True,0.19957537154989385,0.0,UNACHIEVABLE,UNACHIEVABLE,UNACHIEVABLE
R1_seed_202608232,0.95,3,0.1,0.05,INERT_WITH_FIRST_CROSSING_PER_CONTACT_AND_NO_LATCH,0.15286624203821655,0,167,9,71,71,12,1.0,0.002663148474693228,True,False,True,0.19957537154989385,0.0,UNACHIEVABLE,UNACHIEVABLE,UNACHIEVABLE
R1_seed_202608232,0.95,5,0.0,0.05,INERT_WITH_FIRST_CROSSING_PER_CONTACT_AND_NO_LATCH,0.09766454352441614,0,121,8,64,64,6,1.0,0.002663148474693228,True,False,False,0.19957537154989385,0.0,UNACHIEVABLE,UNACHIEVABLE,UNACHIEVABLE
R1_seed_202608232,0.95,5,0.1,0.05,INERT_WITH_FIRST_CROSSING_PER_CONTACT_AND_NO_LATCH,0.09766454352441614,0,121,8,64,64,6,1.0,0.002663148474693228,True,False,False,0.19957537154989385,0.0,UNACHIEVABLE,UNACHIEVABLE,UNACHIEVABLE
R1_seed_202608232,0.99,1,0.0,0.05,INERT_WITH_FIRST_CROSSING_PER_CONTACT_AND_NO_LATCH,0.18895966029723993,3,201,12,72,72,14,1.0,0.0013252030687468696,True,False,True,0.19957537154989385,0.0,UNACHIEVABLE,UNACHIEVABLE,UNACHIEVABLE
R1_seed_202608232,0.99,1,0.1,0.05,INERT_WITH_FIRST_CROSSING_PER_CONTACT_AND_NO_LATCH,0.18895966029723993,3,201,12,72,72,14,1.0,0.0013252030687468696,True,False,True,0.19957537154989385,0.0,UNACHIEVABLE,UNACHIEVABLE,UNACHIEVABLE
R1_seed_202608232,0.99,3,0.0,0.05,INERT_WITH_FIRST_CROSSING_PER_CONTACT_AND_NO_LATCH,0.1040339702760085,0,116,8,63,63,6,1.0,0.0013252030687468696,True,False,True,0.19957537154989385,0.0,UNACHIEVABLE,UNACHIEVABLE,UNACHIEVABLE
R1_seed_202608232,0.99,3,0.1,0.05,INERT_WITH_FIRST_CROSSING_PER_CONTACT_AND_NO_LATCH,0.1040339702760085,0,116,8,63,63,6,1.0,0.0013252030687468696,True,False,True,0.19957537154989385,0.0,UNACHIEVABLE,UNACHIEVABLE,UNACHIEVABLE
R1_seed_202608232,0.99,5,0.0,0.05,INERT_WITH_FIRST_CROSSING_PER_CONTACT_AND_NO_LATCH,0.06794055201698514,0,80,7,54,54,2,1.0,0.0013252030687468696,True,False,True,0.19957537154989385,0.0,UNACHIEVABLE,UNACHIEVABLE,UNACHIEVABLE
R1_seed_202608232,0.99,5,0.1,0.05,INERT_WITH_FIRST_CROSSING_PER_CONTACT_AND_NO_LATCH,0.06794055201698514,0,80,7,54,54,2,1.0,0.0013252030687468696,True,False,True,0.19957537154989385,0.0,UNACHIEVABLE,UNACHIEVABLE,UNACHIEVABLE
R1_seed_202608233,0.05,1,0.0,0.05,INERT_WITH_FIRST_CROSSING_PER_CONTACT_AND_NO_LATCH,0.7983014861995754,187,2252,100,164,164,111,1.0,0.03591868820579071,True,False,False,0.16772823779193205,0.0,182,2013,90
R1_seed_202608233,0.05,1,0.1,0.05,INERT_WITH_FIRST_CROSSING_PER_CONTACT_AND_NO_LATCH,0.802547770700637,182,2013,90,159,159,100,1.0,0.03190877270708994,True,False,True,0.16772823779193205,0.0,182,2013,90
R1_seed_202608233,0.05,3,0.0,0.05,INERT_WITH_FIRST_CROSSING_PER_CONTACT_AND_NO_LATCH,0.6836518046709129,140,1327,60,140,140,66,1.0,0.03591868820579071,True,False,False,0.16772823779193205,0.0,182,2013,90
R1_seed_202608233,0.05,3,0.1,0.05,INERT_WITH_FIRST_CROSSING_PER_CONTACT_AND_NO_LATCH,0.6390658174097664,135,1200,56,136,136,60,1.0,0.03190877270708994,True,False,False,0.16772823779193205,0.0,182,2013,90
R1_seed_202608233,0.05,5,0.0,0.05,INERT_WITH_FIRST_CROSSING_PER_CONTACT_AND_NO_LATCH,0.5435244161358811,104,911,34,132,132,53,1.0,0.03591868820579071,True,False,True,0.16772823779193205,0.0,182,2013,90
R1_seed_202608233,0.05,5,0.1,0.05,INERT_WITH_FIRST_CROSSING_PER_CONTACT_AND_NO_LATCH,0.505307855626327,86,823,31,126,126,49,1.0,0.03190877270708994,True,False,False,0.16772823779193205,0.0,182,2013,90
R1_seed_202608233,0.1,1,0.0,0.05,INERT_WITH_FIRST_CROSSING_PER_CONTACT_AND_NO_LATCH,0.7919320594479831,187,2201,100,160,160,103,1.0,0.03337316130524661,True,False,False,0.16772823779193205,0.0,182,2013,90
R1_seed_202608233,0.1,1,0.1,0.05,INERT_WITH_FIRST_CROSSING_PER_CONTACT_AND_NO_LATCH,0.802547770700637,182,2013,90,159,159,100,1.0,0.03190877270708994,True,False,True,0.16772823779193205,0.0,182,2013,90
R1_seed_202608233,0.1,3,0.0,0.05,INERT_WITH_FIRST_CROSSING_PER_CONTACT_AND_NO_LATCH,0.6454352441613588,138,1260,60,136,136,63,1.0,0.03337316130524661,True,False,False,0.16772823779193205,0.0,182,2013,90
R1_seed_202608233,0.1,3,0.1,0.05,INERT_WITH_FIRST_CROSSING_PER_CONTACT_AND_NO_LATCH,0.6390658174097664,135,1200,56,136,136,60,1.0,0.03190877270708994,True,False,False,0.16772823779193205,0.0,182,2013,90
R1_seed_202608233,0.1,5,0.0,0.05,INERT_WITH_FIRST_CROSSING_PER_CONTACT_AND_NO_LATCH,0.5159235668789809,103,866,34,126,126,49,1.0,0.03337316130524661,True,False,False,0.16772823779193205,0.0,182,2013,90
R1_seed_202608233,0.1,5,0.1,0.05,INERT_WITH_FIRST_CROSSING_PER_CONTACT_AND_NO_LATCH,0.505307855626327,86,823,31,126,126,49,1.0,0.03190877270708994,True,False,False,0.16772823779193205,0.0,182,2013,90
R1_seed_202608233,0.15,1,0.0,0.05,INERT_WITH_FIRST_CROSSING_PER_CONTACT_AND_NO_LATCH,0.7770700636942676,187,2117,100,152,152,98,1.0,0.031076600069984837,True,False,False,0.16772823779193205,0.0,182,2013,90
R1_seed_202608233,0.15,1,0.1,0.05,INERT_WITH_FIRST_CROSSING_PER_CONTACT_AND_NO_LATCH,0.7898089171974523,181,1969,90,150,150,96,1.0,0.0297788420352061,True,False,True,0.16772823779193205,0.0,182,2013,90
R1_seed_202608233,0.15,3,0.0,0.05,INERT_WITH_FIRST_CROSSING_PER_CONTACT_AND_NO_LATCH,0.613588110403397,134,1211,58,132,132,59,1.0,0.031076600069984837,True,False,False,0.16772823779193205,0.0,182,2013,90
R1_seed_202608233,0.15,3,0.1,0.05,INERT_WITH_FIRST_CROSSING_PER_CONTACT_AND_NO_LATCH,0.6093418259023354,130,1157,54,132,132,58,1.0,0.0297788420352061,True,False,False,0.16772823779193205,0.0,182,2013,90
R1_seed_202608233,0.15,5,0.0,0.05,INERT_WITH_FIRST_CROSSING_PER_CONTACT_AND_NO_LATCH,0.4840764331210191,95,835,34,124,124,44,1.0,0.031076600069984837,True,False,False,0.16772823779193205,0.0,182,2013,90
R1_seed_202608233,0.15,5,0.1,0.05,INERT_WITH_FIRST_CROSSING_PER_CONTACT_AND_NO_LATCH,0.47558386411889597,78,790,31,124,124,44,1.0,0.0297788420352061,True,False,False,0.16772823779193205,0.0,182,2013,90
R1_seed_202608233,0.2,1,0.0,0.05,INERT_WITH_FIRST_CROSSING_PER_CONTACT_AND_NO_LATCH,0.772823779193206,186,2007,97,150,150,91,1.0,0.028973134252284555,True,False,False,0.16772823779193205,0.0,182,2013,90
R1_seed_202608233,0.2,1,0.1,0.05,INERT_WITH_FIRST_CROSSING_PER_CONTACT_AND_NO_LATCH,0.7855626326963907,180,1926,87,149,149,90,1.0,0.027848868039375783,True,False,True,0.16772823779193205,0.0,182,2013,90
R1_seed_202608233,0.2,3,0.0,0.05,INERT_WITH_FIRST_CROSSING_PER_CONTACT_AND_NO_LATCH,0.5923566878980892,130,1168,55,131,131,58,1.0,0.028973134252284555,True,False,False,0.16772823779193205,0.0,182,2013,90
R1_seed_202608233,0.2,3,0.1,0.05,INERT_WITH_FIRST_CROSSING_PER_CONTACT_AND_NO_LATCH,0.5859872611464968,126,1115,51,131,131,57,1.0,0.027848868039375783,True,False,False,0.16772823779193205,0.0,182,2013,90
R1_seed_202608233,0.2,5,0.0,0.05,INERT_WITH_FIRST_CROSSING_PER_CONTACT_AND_NO_LATCH,0.4585987261146497,83,786,31,123,123,43,1.0,0.028973134252284555,True,False,False,0.16772823779193205,0.0,182,2013,90
R1_seed_202608233,0.2,5,0.1,0.05,INERT_WITH_FIRST_CROSSING_PER_CONTACT_AND_NO_LATCH,0.45010615711252655,66,742,28,123,123,44,1.0,0.027848868039375783,True,False,False,0.16772823779193205,0.0,182,2013,90
R1_seed_202608233,0.25,1,0.0,0.05,INERT_WITH_FIRST_CROSSING_PER_CONTACT_AND_NO_LATCH,0.772823779193206,185,1939,94,149,149,83,1.0,0.027183325965648618,True,False,False,0.16772823779193205,0.0,182,2013,90
R1_seed_202608233,0.25,1,0.1,0.05,INERT_WITH_FIRST_CROSSING_PER_CONTACT_AND_NO_LATCH,0.7834394904458599,179,1876,85,148,148,83,1.0,0.026166879529043216,True,False,True,0.16772823779193205,0.0,182,2013,90
R1_seed_202608233,0.25,3,0.0,0.05,INERT_WITH_FIRST_CROSSING_PER_CONTACT_AND_NO_LATCH,0.5605095541401274,122,1105,53,130,130,55,1.0,0.027183325965648618,True,False,False,0.16772823779193205,0.0,182,2013,90
R1_seed_202608233,0.25,3,0.1,0.05,INERT_WITH_FIRST_CROSSING_PER_CONTACT_AND_NO_LATCH,0.554140127388535,119,1056,50,130,130,55,1.0,0.026166879529043216,True,False,False,0.16772823779193205,0.0,182,2013,90
R1_seed_202608233,0.25,5,0.0,0.05,INERT_WITH_FIRST_CROSSING_PER_CONTACT_AND_NO_LATCH,0.43736730360934184,77,755,30,123,123,42,1.0,0.027183325965648618,True,False,False,0.16772823779193205,0.0,182,2013,90
R1_seed_202608233,0.25,5,0.1,0.05,INERT_WITH_FIRST_CROSSING_PER_CONTACT_AND_NO_LATCH,0.4288747346072187,60,712,27,123,123,43,1.0,0.026166879529043216,True,False,True,0.16772823779193205,0.0,182,2013,90
R1_seed_202608233,0.3,1,0.0,0.05,INERT_WITH_FIRST_CROSSING_PER_CONTACT_AND_NO_LATCH,0.7622080679405521,185,1857,93,147,147,74,1.0,0.025496436556393172,True,False,False,0.16772823779193205,0.0,182,2013,90
R1_seed_202608233,0.3,1,0.1,0.05,INERT_WITH_FIRST_CROSSING_PER_CONTACT_AND_NO_LATCH,0.7707006369426752,179,1802,85,147,147,74,1.0,0.024627017087474185,True,False,True,0.16772823779193205,0.0,182,2013,90
R1_seed_202608233,0.3,3,0.0,0.05,INERT_WITH_FIRST_CROSSING_PER_CONTACT_AND_NO_LATCH,0.5520169851380042,117,1028,50,128,128,49,1.0,0.025496436556393172,True,False,False,0.16772823779193205,0.0,182,2013,90
R1_seed_202608233,0.3,3,0.1,0.05,INERT_WITH_FIRST_CROSSING_PER_CONTACT_AND_NO_LATCH,0.5477707006369427,115,990,48,128,128,49,1.0,0.024627017087474185,True,False,False,0.16772823779193205,0.0,182,2013,90
R1_seed_202608233,0.3,5,0.0,0.05,INERT_WITH_FIRST_CROSSING_PER_CONTACT_AND_NO_LATCH,0.4309978768577495,75,711,30,122,122,39,1.0,0.025496436556393172,True,False,False,0.16772823779193205,0.0,182,2013,90
R1_seed_202608233,0.3,5,0.1,0.05,INERT_WITH_FIRST_CROSSING_PER_CONTACT_AND_NO_LATCH,0.4182590233545648,59,679,27,122,122,40,1.0,0.024627017087474185,True,False,True,0.16772823779193205,0.0,182,2013,90
R1_seed_202608233,0.35,1,0.0,0.05,INERT_WITH_FIRST_CROSSING_PER_CONTACT_AND_NO_LATCH,0.7388535031847133,173,1691,91,148,148,67,1.0,0.02375171653984774,True,False,False,0.16772823779193205,0.0,182,2013,90
R1_seed_202608233,0.35,1,0.1,0.05,INERT_WITH_FIRST_CROSSING_PER_CONTACT_AND_NO_LATCH,0.7473460721868365,173,1676,84,148,148,67,1.0,0.0231302825564265,True,False,True,0.16772823779193205,0.0,182,2013,90
R1_seed_202608233,0.35,3,0.0,0.05,INERT_WITH_FIRST_CROSSING_PER_CONTACT_AND_NO_LATCH,0.5329087048832272,103,938,46,128,128,47,1.0,0.02375171653984774,True,False,False,0.16772823779193205,0.0,182,2013,90
R1_seed_202608233,0.35,3,0.1,0.05,INERT_WITH_FIRST_CROSSING_PER_CONTACT_AND_NO_LATCH,0.5286624203821656,101,921,43,128,128,47,1.0,0.0231302825564265,True,False,False,0.16772823779193205,0.0,182,2013,90
R1_seed_202608233,0.35,5,0.0,0.05,INERT_WITH_FIRST_CROSSING_PER_CONTACT_AND_NO_LATCH,0.4118895966029724,65,670,28,120,120,38,1.0,0.02375171653984774,True,False,False,0.16772823779193205,0.0,182,2013,90
R1_seed_202608233,0.35,5,0.1,0.05,INERT_WITH_FIRST_CROSSING_PER_CONTACT_AND_NO_LATCH,0.3991507430997877,49,643,27,120,120,38,1.0,0.0231302825564265,True,False,False,0.16772823779193205,0.0,182,2013,90
R1_seed_202608233,0.4,1,0.0,0.05,INERT_WITH_FIRST_CROSSING_PER_CONTACT_AND_NO_LATCH,0.732484076433121,169,1502,84,148,148,64,1.0,0.021947205556443163,True,False,False,0.16772823779193205,0.0,182,2013,90
R1_seed_202608233,0.4,1,0.1,0.05,INERT_WITH_FIRST_CROSSING_PER_CONTACT_AND_NO_LATCH,0.7409766454352441,169,1491,78,148,148,64,1.0,0.021508085012953076,True,False,True,0.16772823779193205,0.0,182,2013,90
R1_seed_202608233,0.4,3,0.0,0.05,INERT_WITH_FIRST_CROSSING_PER_CONTACT_AND_NO_LATCH,0.5095541401273885,88,869,43,128,128,46,1.0,0.021947205556443163,True,False,False,0.16772823779193205,0.0,182,2013,90
R1_seed_202608233,0.4,3,0.1,0.05,INERT_WITH_FIRST_CROSSING_PER_CONTACT_AND_NO_LATCH,0.5031847133757962,85,853,42,128,128,46,1.0,0.021508085012953076,True,False,False,0.16772823779193205,0.0,182,2013,90
R1_seed_202608233,0.4,5,0.0,0.05,INERT_WITH_FIRST_CROSSING_PER_CONTACT_AND_NO_LATCH,0.40552016985138006,44,618,26,118,118,36,1.0,0.021947205556443163,True,False,True,0.16772823779193205,0.0,182,2013,90
R1_seed_202608233,0.4,5,0.1,0.05,INERT_WITH_FIRST_CROSSING_PER_CONTACT_AND_NO_LATCH,0.39490445859872614,41,609,26,118,118,36,1.0,0.021508085012953076,True,False,True,0.16772823779193205,0.0,182,2013,90
R1_seed_202608233,0.45,1,0.0,0.05,INERT_WITH_FIRST_CROSSING_PER_CONTACT_AND_NO_LATCH,0.7282377919320594,157,1386,81,147,147,59,1.0,0.020261296326972295,True,False,False,0.16772823779193205,0.0,182,2013,90
R1_seed_202608233,0.45,1,0.1,0.05,INERT_WITH_FIRST_CROSSING_PER_CONTACT_AND_NO_LATCH,0.7346072186836518,157,1380,76,147,147,59,1.0,0.019957440593753706,True,False,True,0.16772823779193205,0.0,182,2013,90
R1_seed_202608233,0.45,3,0.0,0.05,INERT_WITH_FIRST_CROSSING_PER_CONTACT_AND_NO_LATCH,0.4819532908704883,68,807,37,125,125,43,1.0,0.020261296326972295,True,False,False,0.16772823779193205,0.0,182,2013,90
R1_seed_202608233,0.45,3,0.1,0.05,INERT_WITH_FIRST_CROSSING_PER_CONTACT_AND_NO_LATCH,0.47770700636942676,65,797,37,125,125,43,1.0,0.019957440593753706,True,False,False,0.16772823779193205,0.0,182,2013,90
R1_seed_202608233,0.45,5,0.0,0.05,INERT_WITH_FIRST_CROSSING_PER_CONTACT_AND_NO_LATCH,0.3885350318471338,30,576,25,116,116,35,1.0,0.020261296326972295,True,False,True,0.16772823779193205,0.0,182,2013,90
R1_seed_202608233,0.45,5,0.1,0.05,INERT_WITH_FIRST_CROSSING_PER_CONTACT_AND_NO_LATCH,0.3821656050955414,28,570,25,116,116,35,1.0,0.019957440593753706,True,False,True,0.16772823779193205,0.0,182,2013,90
R1_seed_202608233,0.5,1,0.0,0.05,INERT_WITH_FIRST_CROSSING_PER_CONTACT_AND_NO_LATCH,0.7176220806794055,142,1306,75,147,147,57,1.0,0.01851363577107313,True,False,False,0.16772823779193205,0.0,182,2013,90
R1_seed_202608233,0.5,1,0.1,0.05,INERT_WITH_FIRST_CROSSING_PER_CONTACT_AND_NO_LATCH,0.7261146496815286,142,1300,70,147,147,57,1.0,0.01834798538747977,True,False,True,0.16772823779193205,0.0,182,2013,90
R1_seed_202608233,0.5,3,0.0,0.05,INERT_WITH_FIRST_CROSSING_PER_CONTACT_AND_NO_LATCH,0.4585987261146497,52,754,36,124,124,39,1.0,0.01851363577107313,True,False,False,0.16772823779193205,0.0,182,2013,90
R1_seed_202608233,0.5,3,0.1,0.05,INERT_WITH_FIRST_CROSSING_PER_CONTACT_AND_NO_LATCH,0.4564755838641189,52,749,36,124,124,39,1.0,0.01834798538747977,True,False,False,0.16772823779193205,0.0,182,2013,90
R1_seed_202608233,0.5,5,0.0,0.05,INERT_WITH_FIRST_CROSSING_PER_CONTACT_AND_NO_LATCH,0.3673036093418259,16,519,23,110,110,34,1.0,0.01851363577107313,True,False,True,0.16772823779193205,0.0,182,2013,90
R1_seed_202608233,0.5,5,0.1,0.05,INERT_WITH_FIRST_CROSSING_PER_CONTACT_AND_NO_LATCH,0.3651804670912951,15,517,23,110,110,34,1.0,0.01834798538747977,True,False,True,0.16772823779193205,0.0,182,2013,90
R1_seed_202608233,0.55,1,0.0,0.05,INERT_WITH_FIRST_CROSSING_PER_CONTACT_AND_NO_LATCH,0.7197452229299363,131,1222,68,145,145,53,1.0,0.016711085147237705,True,False,True,0.16772823779193205,0.0,182,2013,90
R1_seed_202608233,0.55,1,0.1,0.05,INERT_WITH_FIRST_CROSSING_PER_CONTACT_AND_NO_LATCH,0.7197452229299363,131,1222,68,145,145,53,1.0,0.016711085147237705,True,False,True,0.16772823779193205,0.0,182,2013,90
R1_seed_202608233,0.55,3,0.0,0.05,INERT_WITH_FIRST_CROSSING_PER_CONTACT_AND_NO_LATCH,0.43312101910828027,46,698,34,119,119,38,1.0,0.016711085147237705,True,False,False,0.16772823779193205,0.0,182,2013,90
R1_seed_202608233,0.55,3,0.1,0.05,INERT_WITH_FIRST_CROSSING_PER_CONTACT_AND_NO_LATCH,0.43312101910828027,46,698,34,119,119,38,1.0,0.016711085147237705,True,False,False,0.16772823779193205,0.0,182,2013,90
R1_seed_202608233,0.55,5,0.0,0.05,INERT_WITH_FIRST_CROSSING_PER_CONTACT_AND_NO_LATCH,0.3481953290870488,4,470,21,110,110,32,1.0,0.016711085147237705,True,False,True,0.16772823779193205,0.0,182,2013,90
R1_seed_202608233,0.55,5,0.1,0.05,INERT_WITH_FIRST_CROSSING_PER_CONTACT_AND_NO_LATCH,0.3481953290870488,4,470,21,110,110,32,1.0,0.016711085147237705,True,False,True,0.16772823779193205,0.0,182,2013,90
R1_seed_202608233,0.6,1,0.0,0.05,INERT_WITH_FIRST_CROSSING_PER_CONTACT_AND_NO_LATCH,0.7176220806794055,92,1118,65,145,145,50,1.0,0.014928138119093805,True,False,True,0.16772823779193205,0.0,182,2013,90
R1_seed_202608233,0.6,1,0.1,0.05,INERT_WITH_FIRST_CROSSING_PER_CONTACT_AND_NO_LATCH,0.7176220806794055,92,1118,65,145,145,50,1.0,0.014928138119093805,True,False,True,0.16772823779193205,0.0,182,2013,90
R1_seed_202608233,0.6,3,0.0,0.05,INERT_WITH_FIRST_CROSSING_PER_CONTACT_AND_NO_LATCH,0.4118895966029724,31,621,33,119,119,39,1.0,0.014928138119093805,True,False,False,0.16772823779193205,0.0,182,2013,90
R1_seed_202608233,0.6,3,0.1,0.05,INERT_WITH_FIRST_CROSSING_PER_CONTACT_AND_NO_LATCH,0.4118895966029724,31,621,33,119,119,39,1.0,0.014928138119093805,True,False,False,0.16772823779193205,0.0,182,2013,90
R1_seed_202608233,0.6,5,0.0,0.05,INERT_WITH_FIRST_CROSSING_PER_CONTACT_AND_NO_LATCH,0.3227176220806794,4,447,21,110,110,31,1.0,0.014928138119093805,True,False,True,0.16772823779193205,0.0,182,2013,90
R1_seed_202608233,0.6,5,0.1,0.05,INERT_WITH_FIRST_CROSSING_PER_CONTACT_AND_NO_LATCH,0.3227176220806794,4,447,21,110,110,31,1.0,0.014928138119093805,True,False,True,0.16772823779193205,0.0,182,2013,90
R1_seed_202608233,0.65,1,0.0,0.05,INERT_WITH_FIRST_CROSSING_PER_CONTACT_AND_NO_LATCH,0.7091295116772823,75,1040,62,138,138,49,1.0,0.013306920755404957,True,False,True,0.16772823779193205,0.0,182,2013,90
R1_seed_202608233,0.65,1,0.1,0.05,INERT_WITH_FIRST_CROSSING_PER_CONTACT_AND_NO_LATCH,0.7091295116772823,75,1040,62,138,138,49,1.0,0.013306920755404957,True,False,True,0.16772823779193205,0.0,182,2013,90
R1_seed_202608233,0.65,3,0.0,0.05,INERT_WITH_FIRST_CROSSING_PER_CONTACT_AND_NO_LATCH,0.3970276008492569,28,584,32,117,117,36,1.0,0.013306920755404957,True,False,False,0.16772823779193205,0.0,182,2013,90
R1_seed_202608233,0.65,3,0.1,0.05,INERT_WITH_FIRST_CROSSING_PER_CONTACT_AND_NO_LATCH,0.3970276008492569,28,584,32,117,117,36,1.0,0.013306920755404957,True,False,False,0.16772823779193205,0.0,182,2013,90
R1_seed_202608233,0.65,5,0.0,0.05,INERT_WITH_FIRST_CROSSING_PER_CONTACT_AND_NO_LATCH,0.30148619957537154,4,410,18,110,110,30,1.0,0.013306920755404957,True,False,True,0.16772823779193205,0.0,182,2013,90
R1_seed_202608233,0.65,5,0.1,0.05,INERT_WITH_FIRST_CROSSING_PER_CONTACT_AND_NO_LATCH,0.30148619957537154,4,410,18,110,110,30,1.0,0.013306920755404957,True,False,True,0.16772823779193205,0.0,182,2013,90
R1_seed_202608233,0.7,1,0.0,0.05,INERT_WITH_FIRST_CROSSING_PER_CONTACT_AND_NO_LATCH,0.7006369426751592,71,987,55,137,137,47,1.0,0.011901342944322848,True,False,True,0.16772823779193205,0.0,182,2013,90
R1_seed_202608233,0.7,1,0.1,0.05,INERT_WITH_FIRST_CROSSING_PER_CONTACT_AND_NO_LATCH,0.7006369426751592,71,987,55,137,137,47,1.0,0.011901342944322848,True,False,True,0.16772823779193205,0.0,182,2013,90
R1_seed_202608233,0.7,3,0.0,0.05,INERT_WITH_FIRST_CROSSING_PER_CONTACT_AND_NO_LATCH,0.37791932059447986,18,525,24,116,116,34,1.0,0.011901342944322848,True,False,True,0.16772823779193205,0.0,182,2013,90
R1_seed_202608233,0.7,3,0.1,0.05,INERT_WITH_FIRST_CROSSING_PER_CONTACT_AND_NO_LATCH,0.37791932059447986,18,525,24,116,116,34,1.0,0.011901342944322848,True,False,True,0.16772823779193205,0.0,182,2013,90
R1_seed_202608233,0.7,5,0.0,0.05,INERT_WITH_FIRST_CROSSING_PER_CONTACT_AND_NO_LATCH,0.27176220806794055,3,378,15,108,108,28,1.0,0.011901342944322848,True,False,True,0.16772823779193205,0.0,182,2013,90
R1_seed_202608233,0.7,5,0.1,0.05,INERT_WITH_FIRST_CROSSING_PER_CONTACT_AND_NO_LATCH,0.27176220806794055,3,378,15,108,108,28,1.0,0.011901342944322848,True,False,True,0.16772823779193205,0.0,182,2013,90
R1_seed_202608233,0.75,1,0.0,0.05,INERT_WITH_FIRST_CROSSING_PER_CONTACT_AND_NO_LATCH,0.6857749469214437,64,927,52,138,138,46,1.0,0.010544774122469543,True,False,True,0.16772823779193205,0.0,182,2013,90
R1_seed_202608233,0.75,1,0.1,0.05,INERT_WITH_FIRST_CROSSING_PER_CONTACT_AND_NO_LATCH,0.6857749469214437,64,927,52,138,138,46,1.0,0.010544774122469543,True,False,True,0.16772823779193205,0.0,182,2013,90
R1_seed_202608233,0.75,3,0.0,0.05,INERT_WITH_FIRST_CROSSING_PER_CONTACT_AND_NO_LATCH,0.34394904458598724,11,483,21,115,115,33,1.0,0.010544774122469543,True,False,False,0.16772823779193205,0.0,182,2013,90
R1_seed_202608233,0.75,3,0.1,0.05,INERT_WITH_FIRST_CROSSING_PER_CONTACT_AND_NO_LATCH,0.34394904458598724,11,483,21,115,115,33,1.0,0.010544774122469543,True,False,False,0.16772823779193205,0.0,182,2013,90
R1_seed_202608233,0.75,5,0.0,0.05,INERT_WITH_FIRST_CROSSING_PER_CONTACT_AND_NO_LATCH,0.24203821656050956,3,351,15,104,104,24,1.0,0.010544774122469543,True,False,True,0.16772823779193205,0.0,182,2013,90
R1_seed_202608233,0.75,5,0.1,0.05,INERT_WITH_FIRST_CROSSING_PER_CONTACT_AND_NO_LATCH,0.24203821656050956,3,351,15,104,104,24,1.0,0.010544774122469543,True,False,True,0.16772823779193205,0.0,182,2013,90
R1_seed_202608233,0.8,1,0.0,0.05,INERT_WITH_FIRST_CROSSING_PER_CONTACT_AND_NO_LATCH,0.6666666666666666,56,863,48,134,134,44,1.0,0.009116652176342185,True,False,True,0.16772823779193205,0.0,182,2013,90
R1_seed_202608233,0.8,1,0.1,0.05,INERT_WITH_FIRST_CROSSING_PER_CONTACT_AND_NO_LATCH,0.6666666666666666,56,863,48,134,134,44,1.0,0.009116652176342185,True,False,True,0.16772823779193205,0.0,182,2013,90
R1_seed_202608233,0.8,3,0.0,0.05,INERT_WITH_FIRST_CROSSING_PER_CONTACT_AND_NO_LATCH,0.3184713375796178,10,448,19,114,114,31,1.0,0.009116652176342185,True,False,False,0.16772823779193205,0.0,182,2013,90
R1_seed_202608233,0.8,3,0.1,0.05,INERT_WITH_FIRST_CROSSING_PER_CONTACT_AND_NO_LATCH,0.3184713375796178,10,448,19,114,114,31,1.0,0.009116652176342185,True,False,False,0.16772823779193205,0.0,182,2013,90
R1_seed_202608233,0.8,5,0.0,0.05,INERT_WITH_FIRST_CROSSING_PER_CONTACT_AND_NO_LATCH,0.2059447983014862,3,318,13,102,102,23,1.0,0.009116652176342185,True,False,True,0.16772823779193205,0.0,182,2013,90
R1_seed_202608233,0.8,5,0.1,0.05,INERT_WITH_FIRST_CROSSING_PER_CONTACT_AND_NO_LATCH,0.2059447983014862,3,318,13,102,102,23,1.0,0.009116652176342185,True,False,True,0.16772823779193205,0.0,182,2013,90
R1_seed_202608233,0.85,1,0.0,0.05,INERT_WITH_FIRST_CROSSING_PER_CONTACT_AND_NO_LATCH,0.6581740976645435,37,777,37,133,133,41,1.0,0.0076797086121536415,True,False,True,0.16772823779193205,0.0,182,2013,90
R1_seed_202608233,0.85,1,0.1,0.05,INERT_WITH_FIRST_CROSSING_PER_CONTACT_AND_NO_LATCH,0.6581740976645435,37,777,37,133,133,41,1.0,0.0076797086121536415,True,False,True,0.16772823779193205,0.0,182,2013,90
R1_seed_202608233,0.85,3,0.0,0.05,INERT_WITH_FIRST_CROSSING_PER_CONTACT_AND_NO_LATCH,0.2908704883227176,9,399,18,113,113,26,1.0,0.0076797086121536415,True,False,False,0.16772823779193205,0.0,182,2013,90
R1_seed_202608233,0.85,3,0.1,0.05,INERT_WITH_FIRST_CROSSING_PER_CONTACT_AND_NO_LATCH,0.2908704883227176,9,399,18,113,113,26,1.0,0.0076797086121536415,True,False,False,0.16772823779193205,0.0,182,2013,90
R1_seed_202608233,0.85,5,0.0,0.05,INERT_WITH_FIRST_CROSSING_PER_CONTACT_AND_NO_LATCH,0.18683651804670912,1,285,11,99,99,22,1.0,0.0076797086121536415,True,False,True,0.16772823779193205,0.0,182,2013,90
R1_seed_202608233,0.85,5,0.1,0.05,INERT_WITH_FIRST_CROSSING_PER_CONTACT_AND_NO_LATCH,0.18683651804670912,1,285,11,99,99,22,1.0,0.0076797086121536415,True,False,True,0.16772823779193205,0.0,182,2013,90
R1_seed_202608233,0.9,1,0.0,0.05,INERT_WITH_FIRST_CROSSING_PER_CONTACT_AND_NO_LATCH,0.6178343949044586,22,682,36,127,127,39,1.0,0.006200617317228326,True,False,True,0.16772823779193205,0.0,182,2013,90
R1_seed_202608233,0.9,1,0.1,0.05,INERT_WITH_FIRST_CROSSING_PER_CONTACT_AND_NO_LATCH,0.6178343949044586,22,682,36,127,127,39,1.0,0.006200617317228326,True,False,True,0.16772823779193205,0.0,182,2013,90
R1_seed_202608233,0.9,3,0.0,0.05,INERT_WITH_FIRST_CROSSING_PER_CONTACT_AND_NO_LATCH,0.2505307855626327,6,348,15,110,110,26,1.0,0.006200617317228326,True,False,True,0.16772823779193205,0.0,182,2013,90
R1_seed_202608233,0.9,3,0.1,0.05,INERT_WITH_FIRST_CROSSING_PER_CONTACT_AND_NO_LATCH,0.2505307855626327,6,348,15,110,110,26,1.0,0.006200617317228326,True,False,True,0.16772823779193205,0.0,182,2013,90
R1_seed_202608233,0.9,5,0.0,0.05,INERT_WITH_FIRST_CROSSING_PER_CONTACT_AND_NO_LATCH,0.16772823779193205,0,243,11,97,97,18,1.0,0.006200617317228326,True,False,True,0.16772823779193205,0.0,182,2013,90
R1_seed_202608233,0.9,5,0.1,0.05,INERT_WITH_FIRST_CROSSING_PER_CONTACT_AND_NO_LATCH,0.16772823779193205,0,243,11,97,97,18,1.0,0.006200617317228326,True,False,True,0.16772823779193205,0.0,182,2013,90
R1_seed_202608233,0.95,1,0.0,0.05,INERT_WITH_FIRST_CROSSING_PER_CONTACT_AND_NO_LATCH,0.5222929936305732,13,563,28,122,122,34,1.0,0.004364740580717315,True,False,True,0.16772823779193205,0.0,182,2013,90
R1_seed_202608233,0.95,1,0.1,0.05,INERT_WITH_FIRST_CROSSING_PER_CONTACT_AND_NO_LATCH,0.5222929936305732,13,563,28,122,122,34,1.0,0.004364740580717315,True,False,True,0.16772823779193205,0.0,182,2013,90
R1_seed_202608233,0.95,3,0.0,0.05,INERT_WITH_FIRST_CROSSING_PER_CONTACT_AND_NO_LATCH,0.18683651804670912,2,267,13,105,105,18,1.0,0.004364740580717315,True,False,True,0.16772823779193205,0.0,182,2013,90
R1_seed_202608233,0.95,3,0.1,0.05,INERT_WITH_FIRST_CROSSING_PER_CONTACT_AND_NO_LATCH,0.18683651804670912,2,267,13,105,105,18,1.0,0.004364740580717315,True,False,True,0.16772823779193205,0.0,182,2013,90
R1_seed_202608233,0.95,5,0.0,0.05,INERT_WITH_FIRST_CROSSING_PER_CONTACT_AND_NO_LATCH,0.14012738853503184,0,192,7,88,88,14,1.0,0.004364740580717315,True,False,True,0.16772823779193205,0.0,182,2013,90
R1_seed_202608233,0.95,5,0.1,0.05,INERT_WITH_FIRST_CROSSING_PER_CONTACT_AND_NO_LATCH,0.14012738853503184,0,192,7,88,88,14,1.0,0.004364740580717315,True,False,True,0.16772823779193205,0.0,182,2013,90
R1_seed_202608233,0.99,1,0.0,0.05,INERT_WITH_FIRST_CROSSING_PER_CONTACT_AND_NO_LATCH,0.35456475583864117,7,369,16,108,108,24,1.0,0.0022377504481872067,True,False,True,0.16772823779193205,0.0,182,2013,90
R1_seed_202608233,0.99,1,0.1,0.05,INERT_WITH_FIRST_CROSSING_PER_CONTACT_AND_NO_LATCH,0.35456475583864117,7,369,16,108,108,24,1.0,0.0022377504481872067,True,False,True,0.16772823779193205,0.0,182,2013,90
R1_seed_202608233,0.99,3,0.0,0.05,INERT_WITH_FIRST_CROSSING_PER_CONTACT_AND_NO_LATCH,0.11040339702760085,1,176,6,92,92,7,1.0,0.0022377504481872067,True,False,True,0.16772823779193205,0.0,182,2013,90
R1_seed_202608233,0.99,3,0.1,0.05,INERT_WITH_FIRST_CROSSING_PER_CONTACT_AND_NO_LATCH,0.11040339702760085,1,176,6,92,92,7,1.0,0.0022377504481872067,True,False,True,0.16772823779193205,0.0,182,2013,90
R1_seed_202608233,0.99,5,0.0,0.05,INERT_WITH_FIRST_CROSSING_PER_CONTACT_AND_NO_LATCH,0.08280254777070063,0,123,6,77,77,6,1.0,0.0022377504481872067,True,False,True,0.16772823779193205,0.0,182,2013,90
R1_seed_202608233,0.99,5,0.1,0.05,INERT_WITH_FIRST_CROSSING_PER_CONTACT_AND_NO_LATCH,0.08280254777070063,0,123,6,77,77,6,1.0,0.0022377504481872067,True,False,True,0.16772823779193205,0.0,182,2013,90
R2_seed_202608231,0.05,1,0.0,0.05,INERT_WITH_FIRST_CROSSING_PER_CONTACT_AND_NO_LATCH,0.7940552016985138,177,2444,121,150,150,126,1.0,0.05649756278296565,True,False,False,0.0,0.0,UNACHIEVABLE,UNACHIEVABLE,UNACHIEVABLE
R2_seed_202608231,0.05,1,0.1,0.05,INERT_WITH_FIRST_CROSSING_PER_CONTACT_AND_NO_LATCH,0.7791932059447984,177,2373,118,145,145,124,1.0,0.05086446956100688,True,False,False,0.0,0.0,UNACHIEVABLE,UNACHIEVABLE,UNACHIEVABLE
R2_seed_202608231,0.05,3,0.0,0.05,INERT_WITH_FIRST_CROSSING_PER_CONTACT_AND_NO_LATCH,0.7983014861995754,164,1629,52,122,122,71,1.0,0.05649756278296565,True,False,True,0.0,0.0,UNACHIEVABLE,UNACHIEVABLE,UNACHIEVABLE
R2_seed_202608231,0.05,3,0.1,0.05,INERT_WITH_FIRST_CROSSING_PER_CONTACT_AND_NO_LATCH,0.7409766454352441,158,1489,50,118,118,63,1.0,0.05086446956100688,True,False,True,0.0,0.0,UNACHIEVABLE,UNACHIEVABLE,UNACHIEVABLE
R2_seed_202608231,0.05,5,0.0,0.05,INERT_WITH_FIRST_CROSSING_PER_CONTACT_AND_NO_LATCH,0.7112526539278131,92,1040,31,107,107,57,1.0,0.05649756278296565,True,False,True,0.0,0.0,UNACHIEVABLE,UNACHIEVABLE,UNACHIEVABLE
R2_seed_202608231,0.05,5,0.1,0.05,INERT_WITH_FIRST_CROSSING_PER_CONTACT_AND_NO_LATCH,0.6475583864118896,83,948,30,102,102,53,1.0,0.05086446956100688,True,False,True,0.0,0.0,UNACHIEVABLE,UNACHIEVABLE,UNACHIEVABLE
R2_seed_202608231,0.1,1,0.0,0.05,INERT_WITH_FIRST_CROSSING_PER_CONTACT_AND_NO_LATCH,0.7770700636942676,177,2390,119,145,145,124,1.0,0.051748591726694514,True,False,False,0.0,0.0,UNACHIEVABLE,UNACHIEVABLE,UNACHIEVABLE
R2_seed_202608231,0.1,1,0.1,0.05,INERT_WITH_FIRST_CROSSING_PER_CONTACT_AND_NO_LATCH,0.7791932059447984,177,2373,118,145,145,124,1.0,0.05086446956100688,True,False,False,0.0,0.0,UNACHIEVABLE,UNACHIEVABLE,UNACHIEVABLE
R2_seed_202608231,0.1,3,0.0,0.05,INERT_WITH_FIRST_CROSSING_PER_CONTACT_AND_NO_LATCH,0.7409766454352441,159,1519,52,118,118,65,1.0,0.051748591726694514,True,False,False,0.0,0.0,UNACHIEVABLE,UNACHIEVABLE,UNACHIEVABLE
R2_seed_202608231,0.1,3,0.1,0.05,INERT_WITH_FIRST_CROSSING_PER_CONTACT_AND_NO_LATCH,0.7409766454352441,158,1489,50,118,118,63,1.0,0.05086446956100688,True,False,True,0.0,0.0,UNACHIEVABLE,UNACHIEVABLE,UNACHIEVABLE
R2_seed_202608231,0.1,5,0.0,0.05,INERT_WITH_FIRST_CROSSING_PER_CONTACT_AND_NO_LATCH,0.6539278131634819,89,973,31,102,102,53,1.0,0.051748591726694514,True,False,True,0.0,0.0,UNACHIEVABLE,UNACHIEVABLE,UNACHIEVABLE
R2_seed_202608231,0.1,5,0.1,0.05,INERT_WITH_FIRST_CROSSING_PER_CONTACT_AND_NO_LATCH,0.6475583864118896,83,948,30,102,102,53,1.0,0.05086446956100688,True,False,True,0.0,0.0,UNACHIEVABLE,UNACHIEVABLE,UNACHIEVABLE
R2_seed_202608231,0.15,1,0.0,0.05,INERT_WITH_FIRST_CROSSING_PER_CONTACT_AND_NO_LATCH,0.7600849256900213,177,2357,119,144,144,119,1.0,0.04817975713105298,True,False,False,0.0,0.0,UNACHIEVABLE,UNACHIEVABLE,UNACHIEVABLE
R2_seed_202608231,0.15,1,0.1,0.05,INERT_WITH_FIRST_CROSSING_PER_CONTACT_AND_NO_LATCH,0.7622080679405521,177,2339,118,144,144,119,1.0,0.04732994125782551,True,False,False,0.0,0.0,UNACHIEVABLE,UNACHIEVABLE,UNACHIEVABLE
R2_seed_202608231,0.15,3,0.0,0.05,INERT_WITH_FIRST_CROSSING_PER_CONTACT_AND_NO_LATCH,0.7197452229299363,149,1447,52,112,112,61,1.0,0.04817975713105298,True,False,False,0.0,0.0,UNACHIEVABLE,UNACHIEVABLE,UNACHIEVABLE
R2_seed_202608231,0.15,3,0.1,0.05,INERT_WITH_FIRST_CROSSING_PER_CONTACT_AND_NO_LATCH,0.7197452229299363,148,1416,50,112,112,60,1.0,0.04732994125782551,True,False,True,0.0,0.0,UNACHIEVABLE,UNACHIEVABLE,UNACHIEVABLE
R2_seed_202608231,0.15,5,0.0,0.05,INERT_WITH_FIRST_CROSSING_PER_CONTACT_AND_NO_LATCH,0.6326963906581741,86,920,30,98,98,49,1.0,0.04817975713105298,True,False,True,0.0,0.0,UNACHIEVABLE,UNACHIEVABLE,UNACHIEVABLE
R2_seed_202608231,0.15,5,0.1,0.05,INERT_WITH_FIRST_CROSSING_PER_CONTACT_AND_NO_LATCH,0.6263269639065817,82,900,29,98,98,49,1.0,0.04732994125782551,True,False,True,0.0,0.0,UNACHIEVABLE,UNACHIEVABLE,UNACHIEVABLE
R2_seed_202608231,0.2,1,0.0,0.05,INERT_WITH_FIRST_CROSSING_PER_CONTACT_AND_NO_LATCH,0.7537154989384289,177,2317,118,139,139,112,1.0,0.04466091170442483,True,False,False,0.0,0.0,UNACHIEVABLE,UNACHIEVABLE,UNACHIEVABLE
R2_seed_202608231,0.2,1,0.1,0.05,INERT_WITH_FIRST_CROSSING_PER_CONTACT_AND_NO_LATCH,0.7558386411889597,177,2299,117,139,139,112,1.0,0.043846382303442094,True,False,False,0.0,0.0,UNACHIEVABLE,UNACHIEVABLE,UNACHIEVABLE
R2_seed_202608231,0.2,3,0.0,0.05,INERT_WITH_FIRST_CROSSING_PER_CONTACT_AND_NO_LATCH,0.70276008492569,149,1407,50,111,111,58,1.0,0.04466091170442483,True,False,False,0.0,0.0,UNACHIEVABLE,UNACHIEVABLE,UNACHIEVABLE
R2_seed_202608231,0.2,3,0.1,0.05,INERT_WITH_FIRST_CROSSING_PER_CONTACT_AND_NO_LATCH,0.70276008492569,148,1377,48,111,111,57,1.0,0.043846382303442094,True,False,False,0.0,0.0,UNACHIEVABLE,UNACHIEVABLE,UNACHIEVABLE
R2_seed_202608231,0.2,5,0.0,0.05,INERT_WITH_FIRST_CROSSING_PER_CONTACT_AND_NO_LATCH,0.613588110403397,79,886,29,97,97,47,1.0,0.04466091170442483,True,False,True,0.0,0.0,UNACHIEVABLE,UNACHIEVABLE,UNACHIEVABLE
R2_seed_202608231,0.2,5,0.1,0.05,INERT_WITH_FIRST_CROSSING_PER_CONTACT_AND_NO_LATCH,0.6072186836518046,77,871,28,97,97,47,1.0,0.043846382303442094,True,False,True,0.0,0.0,UNACHIEVABLE,UNACHIEVABLE,UNACHIEVABLE
R2_seed_202608231,0.25,1,0.0,0.05,INERT_WITH_FIRST_CROSSING_PER_CONTACT_AND_NO_LATCH,0.7430997876857749,176,2285,117,138,138,109,1.0,0.04104502847912364,True,False,False,0.0,0.0,UNACHIEVABLE,UNACHIEVABLE,UNACHIEVABLE
R2_seed_202608231,0.25,1,0.1,0.05,INERT_WITH_FIRST_CROSSING_PER_CONTACT_AND_NO_LATCH,0.7430997876857749,176,2267,116,138,138,109,1.0,0.04027264680887768,True,False,False,0.0,0.0,UNACHIEVABLE,UNACHIEVABLE,UNACHIEVABLE
R2_seed_202608231,0.25,3,0.0,0.05,INERT_WITH_FIRST_CROSSING_PER_CONTACT_AND_NO_LATCH,0.692144373673036,148,1357,48,110,110,58,1.0,0.04104502847912364,True,False,False,0.0,0.0,UNACHIEVABLE,UNACHIEVABLE,UNACHIEVABLE
R2_seed_202608231,0.25,3,0.1,0.05,INERT_WITH_FIRST_CROSSING_PER_CONTACT_AND_NO_LATCH,0.692144373673036,147,1327,46,110,110,57,1.0,0.04027264680887768,True,False,False,0.0,0.0,UNACHIEVABLE,UNACHIEVABLE,UNACHIEVABLE
R2_seed_202608231,0.25,5,0.0,0.05,INERT_WITH_FIRST_CROSSING_PER_CONTACT_AND_NO_LATCH,0.5966029723991507,75,815,28,96,96,41,1.0,0.04104502847912364,True,False,True,0.0,0.0,UNACHIEVABLE,UNACHIEVABLE,UNACHIEVABLE
R2_seed_202608231,0.25,5,0.1,0.05,INERT_WITH_FIRST_CROSSING_PER_CONTACT_AND_NO_LATCH,0.5902335456475584,71,804,27,96,96,41,1.0,0.04027264680887768,True,False,True,0.0,0.0,UNACHIEVABLE,UNACHIEVABLE,UNACHIEVABLE
R2_seed_202608231,0.3,1,0.0,0.05,INERT_WITH_FIRST_CROSSING_PER_CONTACT_AND_NO_LATCH,0.7388535031847133,176,2238,117,134,134,101,1.0,0.03732034529773451,True,False,False,0.0,0.0,UNACHIEVABLE,UNACHIEVABLE,UNACHIEVABLE
R2_seed_202608231,0.3,1,0.1,0.05,INERT_WITH_FIRST_CROSSING_PER_CONTACT_AND_NO_LATCH,0.7388535031847133,175,2221,116,134,134,100,1.0,0.03661951675176261,True,False,False,0.0,0.0,UNACHIEVABLE,UNACHIEVABLE,UNACHIEVABLE
R2_seed_202608231,0.3,3,0.0,0.05,INERT_WITH_FIRST_CROSSING_PER_CONTACT_AND_NO_LATCH,0.6666666666666666,140,1287,47,107,107,55,1.0,0.03732034529773451,True,False,False,0.0,0.0,UNACHIEVABLE,UNACHIEVABLE,UNACHIEVABLE
R2_seed_202608231,0.3,3,0.1,0.05,INERT_WITH_FIRST_CROSSING_PER_CONTACT_AND_NO_LATCH,0.6645435244161358,139,1255,45,107,107,54,1.0,0.03661951675176261,True,False,False,0.0,0.0,UNACHIEVABLE,UNACHIEVABLE,UNACHIEVABLE
R2_seed_202608231,0.3,5,0.0,0.05,INERT_WITH_FIRST_CROSSING_PER_CONTACT_AND_NO_LATCH,0.5562632696390658,69,761,28,92,92,37,1.0,0.03732034529773451,True,False,True,0.0,0.0,UNACHIEVABLE,UNACHIEVABLE,UNACHIEVABLE
R2_seed_202608231,0.3,5,0.1,0.05,INERT_WITH_FIRST_CROSSING_PER_CONTACT_AND_NO_LATCH,0.554140127388535,67,752,27,92,92,37,1.0,0.03661951675176261,True,False,True,0.0,0.0,UNACHIEVABLE,UNACHIEVABLE,UNACHIEVABLE
R2_seed_202608231,0.35,1,0.0,0.05,INERT_WITH_FIRST_CROSSING_PER_CONTACT_AND_NO_LATCH,0.7261146496815286,176,2183,116,131,131,93,1.0,0.03386325119753465,True,False,False,0.0,0.0,UNACHIEVABLE,UNACHIEVABLE,UNACHIEVABLE
R2_seed_202608231,0.35,1,0.1,0.05,INERT_WITH_FIRST_CROSSING_PER_CONTACT_AND_NO_LATCH,0.7239915074309978,174,2161,115,131,131,91,1.0,0.033263381169374086,True,False,False,0.0,0.0,UNACHIEVABLE,UNACHIEVABLE,UNACHIEVABLE
R2_seed_202608231,0.35,3,0.0,0.05,INERT_WITH_FIRST_CROSSING_PER_CONTACT_AND_NO_LATCH,0.6454352441613588,138,1229,46,104,104,48,1.0,0.03386325119753465,True,False,False,0.0,0.0,UNACHIEVABLE,UNACHIEVABLE,UNACHIEVABLE
R2_seed_202608231,0.35,3,0.1,0.05,INERT_WITH_FIRST_CROSSING_PER_CONTACT_AND_NO_LATCH,0.6454352441613588,137,1198,44,104,104,47,1.0,0.033263381169374086,True,False,False,0.0,0.0,UNACHIEVABLE,UNACHIEVABLE,UNACHIEVABLE
R2_seed_202608231,0.35,5,0.0,0.05,INERT_WITH_FIRST_CROSSING_PER_CONTACT_AND_NO_LATCH,0.5286624203821656,49,686,27,89,89,35,1.0,0.03386325119753465,True,False,True,0.0,0.0,UNACHIEVABLE,UNACHIEVABLE,UNACHIEVABLE
R2_seed_202608231,0.35,5,0.1,0.05,INERT_WITH_FIRST_CROSSING_PER_CONTACT_AND_NO_LATCH,0.5265392781316348,47,676,26,89,89,35,1.0,0.033263381169374086,True,False,True,0.0,0.0,UNACHIEVABLE,UNACHIEVABLE,UNACHIEVABLE
R2_seed_202608231,0.4,1,0.0,0.05,INERT_WITH_FIRST_CROSSING_PER_CONTACT_AND_NO_LATCH,0.7133757961783439,175,2101,114,126,126,88,1.0,0.030580629098989336,True,False,False,0.0,0.0,UNACHIEVABLE,UNACHIEVABLE,UNACHIEVABLE
R2_seed_202608231,0.4,1,0.1,0.05,INERT_WITH_FIRST_CROSSING_PER_CONTACT_AND_NO_LATCH,0.7112526539278131,172,2078,113,126,126,86,1.0,0.03013366711722264,True,False,False,0.0,0.0,UNACHIEVABLE,UNACHIEVABLE,UNACHIEVABLE
R2_seed_202608231,0.4,3,0.0,0.05,INERT_WITH_FIRST_CROSSING_PER_CONTACT_AND_NO_LATCH,0.6326963906581741,135,1154,43,101,101,46,1.0,0.030580629098989336,True,False,False,0.0,0.0,UNACHIEVABLE,UNACHIEVABLE,UNACHIEVABLE
R2_seed_202608231,0.4,3,0.1,0.05,INERT_WITH_FIRST_CROSSING_PER_CONTACT_AND_NO_LATCH,0.6305732484076433,134,1136,42,101,101,45,1.0,0.03013366711722264,True,False,False,0.0,0.0,UNACHIEVABLE,UNACHIEVABLE,UNACHIEVABLE
R2_seed_202608231,0.4,5,0.0,0.05,INERT_WITH_FIRST_CROSSING_PER_CONTACT_AND_NO_LATCH,0.5095541401273885,46,640,26,89,89,34,1.0,0.030580629098989336,True,False,True,0.0,0.0,UNACHIEVABLE,UNACHIEVABLE,UNACHIEVABLE
R2_seed_202608231,0.4,5,0.1,0.05,INERT_WITH_FIRST_CROSSING_PER_CONTACT_AND_NO_LATCH,0.505307855626327,46,632,26,89,89,34,1.0,0.03013366711722264,True,False,True,0.0,0.0,UNACHIEVABLE,UNACHIEVABLE,UNACHIEVABLE
R2_seed_202608231,0.45,1,0.0,0.05,INERT_WITH_FIRST_CROSSING_PER_CONTACT_AND_NO_LATCH,0.7006369426751592,171,2037,112,123,123,82,1.0,0.02710785212223626,True,False,False,0.0,0.0,UNACHIEVABLE,UNACHIEVABLE,UNACHIEVABLE
R2_seed_202608231,0.45,1,0.1,0.05,INERT_WITH_FIRST_CROSSING_PER_CONTACT_AND_NO_LATCH,0.6985138004246284,169,2021,111,123,123,81,1.0,0.026811837827294283,True,False,False,0.0,0.0,UNACHIEVABLE,UNACHIEVABLE,UNACHIEVABLE
R2_seed_202608231,0.45,3,0.0,0.05,INERT_WITH_FIRST_CROSSING_PER_CONTACT_AND_NO_LATCH,0.6050955414012739,132,1053,42,101,101,44,1.0,0.02710785212223626,True,False,False,0.0,0.0,UNACHIEVABLE,UNACHIEVABLE,UNACHIEVABLE
R2_seed_202608231,0.45,3,0.1,0.05,INERT_WITH_FIRST_CROSSING_PER_CONTACT_AND_NO_LATCH,0.6029723991507431,130,1040,41,101,101,43,1.0,0.026811837827294283,True,False,False,0.0,0.0,UNACHIEVABLE,UNACHIEVABLE,UNACHIEVABLE
R2_seed_202608231,0.45,5,0.0,0.05,INERT_WITH_FIRST_CROSSING_PER_CONTACT_AND_NO_LATCH,0.47770700636942676,27,545,26,88,88,32,1.0,0.02710785212223626,True,False,True,0.0,0.0,UNACHIEVABLE,UNACHIEVABLE,UNACHIEVABLE
R2_seed_202608231,0.45,5,0.1,0.05,INERT_WITH_FIRST_CROSSING_PER_CONTACT_AND_NO_LATCH,0.4734607218683652,27,541,26,88,88,32,1.0,0.026811837827294283,True,False,True,0.0,0.0,UNACHIEVABLE,UNACHIEVABLE,UNACHIEVABLE
R2_seed_202608231,0.5,1,0.0,0.05,INERT_WITH_FIRST_CROSSING_PER_CONTACT_AND_NO_LATCH,0.6857749469214437,169,1986,111,121,121,83,1.0,0.023952653395685836,True,False,False,0.0,0.0,UNACHIEVABLE,UNACHIEVABLE,UNACHIEVABLE
R2_seed_202608231,0.5,1,0.1,0.05,INERT_WITH_FIRST_CROSSING_PER_CONTACT_AND_NO_LATCH,0.6836518046709129,168,1978,110,121,121,82,1.0,0.02380170570886112,True,False,False,0.0,0.0,UNACHIEVABLE,UNACHIEVABLE,UNACHIEVABLE
R2_seed_202608231,0.5,3,0.0,0.05,INERT_WITH_FIRST_CROSSING_PER_CONTACT_AND_NO_LATCH,0.5668789808917197,125,964,42,98,98,38,1.0,0.023952653395685836,True,False,False,0.0,0.0,UNACHIEVABLE,UNACHIEVABLE,UNACHIEVABLE
R2_seed_202608231,0.5,3,0.1,0.05,INERT_WITH_FIRST_CROSSING_PER_CONTACT_AND_NO_LATCH,0.5668789808917197,125,958,41,98,98,37,1.0,0.02380170570886112,True,False,False,0.0,0.0,UNACHIEVABLE,UNACHIEVABLE,UNACHIEVABLE
R2_seed_202608231,0.5,5,0.0,0.05,INERT_WITH_FIRST_CROSSING_PER_CONTACT_AND_NO_LATCH,0.45010615711252655,17,485,26,86,86,29,1.0,0.023952653395685836,True,False,False,0.0,0.0,UNACHIEVABLE,UNACHIEVABLE,UNACHIEVABLE
R2_seed_202608231,0.5,5,0.1,0.05,INERT_WITH_FIRST_CROSSING_PER_CONTACT_AND_NO_LATCH,0.45010615711252655,17,484,26,86,86,29,1.0,0.02380170570886112,True,False,True,0.0,0.0,UNACHIEVABLE,UNACHIEVABLE,UNACHIEVABLE
R2_seed_202608231,0.55,1,0.0,0.05,INERT_WITH_FIRST_CROSSING_PER_CONTACT_AND_NO_LATCH,0.6687898089171974,167,1918,109,119,119,77,1.0,0.02087096815297862,True,False,False,0.0,0.0,UNACHIEVABLE,UNACHIEVABLE,UNACHIEVABLE
R2_seed_202608231,0.55,1,0.1,0.05,INERT_WITH_FIRST_CROSSING_PER_CONTACT_AND_NO_LATCH,0.6687898089171974,167,1918,109,119,119,77,1.0,0.02087096815297862,True,False,False,0.0,0.0,UNACHIEVABLE,UNACHIEVABLE,UNACHIEVABLE
R2_seed_202608231,0.55,3,0.0,0.05,INERT_WITH_FIRST_CROSSING_PER_CONTACT_AND_NO_LATCH,0.5286624203821656,108,858,40,96,96,34,1.0,0.02087096815297862,True,False,False,0.0,0.0,UNACHIEVABLE,UNACHIEVABLE,UNACHIEVABLE
R2_seed_202608231,0.55,3,0.1,0.05,INERT_WITH_FIRST_CROSSING_PER_CONTACT_AND_NO_LATCH,0.5286624203821656,108,858,40,96,96,34,1.0,0.02087096815297862,True,False,False,0.0,0.0,UNACHIEVABLE,UNACHIEVABLE,UNACHIEVABLE
R2_seed_202608231,0.55,5,0.0,0.05,INERT_WITH_FIRST_CROSSING_PER_CONTACT_AND_NO_LATCH,0.40552016985138006,12,431,24,83,83,23,1.0,0.02087096815297862,True,False,True,0.0,0.0,UNACHIEVABLE,UNACHIEVABLE,UNACHIEVABLE
R2_seed_202608231,0.55,5,0.1,0.05,INERT_WITH_FIRST_CROSSING_PER_CONTACT_AND_NO_LATCH,0.40552016985138006,12,431,24,83,83,23,1.0,0.02087096815297862,True,False,True,0.0,0.0,UNACHIEVABLE,UNACHIEVABLE,UNACHIEVABLE
R2_seed_202608231,0.6,1,0.0,0.05,INERT_WITH_FIRST_CROSSING_PER_CONTACT_AND_NO_LATCH,0.6645435244161358,166,1827,103,115,115,72,1.0,0.017999041384170685,True,False,False,0.0,0.0,UNACHIEVABLE,UNACHIEVABLE,UNACHIEVABLE
R2_seed_202608231,0.6,1,0.1,0.05,INERT_WITH_FIRST_CROSSING_PER_CONTACT_AND_NO_LATCH,0.6645435244161358,166,1827,103,115,115,72,1.0,0.017999041384170685,True,False,False,0.0,0.0,UNACHIEVABLE,UNACHIEVABLE,UNACHIEVABLE
R2_seed_202608231,0.6,3,0.0,0.05,INERT_WITH_FIRST_CROSSING_PER_CONTACT_AND_NO_LATCH,0.49044585987261147,85,762,37,93,93,30,1.0,0.017999041384170685,True,False,False,0.0,0.0,UNACHIEVABLE,UNACHIEVABLE,UNACHIEVABLE
R2_seed_202608231,0.6,3,0.1,0.05,INERT_WITH_FIRST_CROSSING_PER_CONTACT_AND_NO_LATCH,0.49044585987261147,85,762,37,93,93,30,1.0,0.017999041384170685,True,False,False,0.0,0.0,UNACHIEVABLE,UNACHIEVABLE,UNACHIEVABLE
R2_seed_202608231,0.6,5,0.0,0.05,INERT_WITH_FIRST_CROSSING_PER_CONTACT_AND_NO_LATCH,0.3821656050955414,10,386,20,81,81,18,1.0,0.017999041384170685,True,False,True,0.0,0.0,UNACHIEVABLE,UNACHIEVABLE,UNACHIEVABLE
R2_seed_202608231,0.6,5,0.1,0.05,INERT_WITH_FIRST_CROSSING_PER_CONTACT_AND_NO_LATCH,0.3821656050955414,10,386,20,81,81,18,1.0,0.017999041384170685,True,False,True,0.0,0.0,UNACHIEVABLE,UNACHIEVABLE,UNACHIEVABLE
R2_seed_202608231,0.65,1,0.0,0.05,INERT_WITH_FIRST_CROSSING_PER_CONTACT_AND_NO_LATCH,0.6496815286624203,166,1738,100,114,114,66,1.0,0.015594660372605543,True,False,False,0.0,0.0,UNACHIEVABLE,UNACHIEVABLE,UNACHIEVABLE
R2_seed_202608231,0.65,1,0.1,0.05,INERT_WITH_FIRST_CROSSING_PER_CONTACT_AND_NO_LATCH,0.6496815286624203,166,1738,100,114,114,66,1.0,0.015594660372605543,True,False,False,0.0,0.0,UNACHIEVABLE,UNACHIEVABLE,UNACHIEVABLE
R2_seed_202608231,0.65,3,0.0,0.05,INERT_WITH_FIRST_CROSSING_PER_CONTACT_AND_NO_LATCH,0.45222929936305734,82,691,31,91,91,25,1.0,0.015594660372605543,True,False,False,0.0,0.0,UNACHIEVABLE,UNACHIEVABLE,UNACHIEVABLE
R2_seed_202608231,0.65,3,0.1,0.05,INERT_WITH_FIRST_CROSSING_PER_CONTACT_AND_NO_LATCH,0.45222929936305734,82,691,31,91,91,25,1.0,0.015594660372605543,True,False,False,0.0,0.0,UNACHIEVABLE,UNACHIEVABLE,UNACHIEVABLE
R2_seed_202608231,0.65,5,0.0,0.05,INERT_WITH_FIRST_CROSSING_PER_CONTACT_AND_NO_LATCH,0.35668789808917195,10,333,17,78,78,15,1.0,0.015594660372605543,True,False,True,0.0,0.0,UNACHIEVABLE,UNACHIEVABLE,UNACHIEVABLE
R2_seed_202608231,0.65,5,0.1,0.05,INERT_WITH_FIRST_CROSSING_PER_CONTACT_AND_NO_LATCH,0.35668789808917195,10,333,17,78,78,15,1.0,0.015594660372605543,True,False,True,0.0,0.0,UNACHIEVABLE,UNACHIEVABLE,UNACHIEVABLE
R2_seed_202608231,0.7,1,0.0,0.05,INERT_WITH_FIRST_CROSSING_PER_CONTACT_AND_NO_LATCH,0.6348195329087049,163,1646,94,112,112,58,1.0,0.013465709880506282,True,False,False,0.0,0.0,UNACHIEVABLE,UNACHIEVABLE,UNACHIEVABLE
R2_seed_202608231,0.7,1,0.1,0.05,INERT_WITH_FIRST_CROSSING_PER_CONTACT_AND_NO_LATCH,0.6348195329087049,163,1646,94,112,112,58,1.0,0.013465709880506282,True,False,False,0.0,0.0,UNACHIEVABLE,UNACHIEVABLE,UNACHIEVABLE
R2_seed_202608231,0.7,3,0.0,0.05,INERT_WITH_FIRST_CROSSING_PER_CONTACT_AND_NO_LATCH,0.43312101910828027,70,602,30,86,86,23,1.0,0.013465709880506282,True,False,False,0.0,0.0,UNACHIEVABLE,UNACHIEVABLE,UNACHIEVABLE
R2_seed_202608231,0.7,3,0.1,0.05,INERT_WITH_FIRST_CROSSING_PER_CONTACT_AND_NO_LATCH,0.43312101910828027,70,602,30,86,86,23,1.0,0.013465709880506282,True,False,False,0.0,0.0,UNACHIEVABLE,UNACHIEVABLE,UNACHIEVABLE
R2_seed_202608231,0.7,5,0.0,0.05,INERT_WITH_FIRST_CROSSING_PER_CONTACT_AND_NO_LATCH,0.3227176220806794,9,298,16,78,78,13,1.0,0.013465709880506282,True,False,True,0.0,0.0,UNACHIEVABLE,UNACHIEVABLE,UNACHIEVABLE
R2_seed_202608231,0.7,5,0.1,0.05,INERT_WITH_FIRST_CROSSING_PER_CONTACT_AND_NO_LATCH,0.3227176220806794,9,298,16,78,78,13,1.0,0.013465709880506282,True,False,True,0.0,0.0,UNACHIEVABLE,UNACHIEVABLE,UNACHIEVABLE
R2_seed_202608231,0.75,1,0.0,0.05,INERT_WITH_FIRST_CROSSING_PER_CONTACT_AND_NO_LATCH,0.6390658174097664,161,1543,86,110,110,50,1.0,0.011535735884675968,True,False,False,0.0,0.0,UNACHIEVABLE,UNACHIEVABLE,UNACHIEVABLE
R2_seed_202608231,0.75,1,0.1,0.05,INERT_WITH_FIRST_CROSSING_PER_CONTACT_AND_NO_LATCH,0.6390658174097664,161,1543,86,110,110,50,1.0,0.011535735884675968,True,False,False,0.0,0.0,UNACHIEVABLE,UNACHIEVABLE,UNACHIEVABLE
R2_seed_202608231,0.75,3,0.0,0.05,INERT_WITH_FIRST_CROSSING_PER_CONTACT_AND_NO_LATCH,0.386411889596603,65,525,29,85,85,21,1.0,0.011535735884675968,True,False,False,0.0,0.0,UNACHIEVABLE,UNACHIEVABLE,UNACHIEVABLE
R2_seed_202608231,0.75,3,0.1,0.05,INERT_WITH_FIRST_CROSSING_PER_CONTACT_AND_NO_LATCH,0.386411889596603,65,525,29,85,85,21,1.0,0.011535735884675968,True,False,False,0.0,0.0,UNACHIEVABLE,UNACHIEVABLE,UNACHIEVABLE
R2_seed_202608231,0.75,5,0.0,0.05,INERT_WITH_FIRST_CROSSING_PER_CONTACT_AND_NO_LATCH,0.27176220806794055,9,264,15,76,76,11,1.0,0.011535735884675968,True,False,True,0.0,0.0,UNACHIEVABLE,UNACHIEVABLE,UNACHIEVABLE
R2_seed_202608231,0.75,5,0.1,0.05,INERT_WITH_FIRST_CROSSING_PER_CONTACT_AND_NO_LATCH,0.27176220806794055,9,264,15,76,76,11,1.0,0.011535735884675968,True,False,True,0.0,0.0,UNACHIEVABLE,UNACHIEVABLE,UNACHIEVABLE
R2_seed_202608231,0.8,1,0.0,0.05,INERT_WITH_FIRST_CROSSING_PER_CONTACT_AND_NO_LATCH,0.6220806794055201,144,1409,82,108,108,42,1.0,0.009860608632835435,True,False,False,0.0,0.0,UNACHIEVABLE,UNACHIEVABLE,UNACHIEVABLE
R2_seed_202608231,0.8,1,0.1,0.05,INERT_WITH_FIRST_CROSSING_PER_CONTACT_AND_NO_LATCH,0.6220806794055201,144,1409,82,108,108,42,1.0,0.009860608632835435,True,False,False,0.0,0.0,UNACHIEVABLE,UNACHIEVABLE,UNACHIEVABLE
R2_seed_202608231,0.8,3,0.0,0.05,INERT_WITH_FIRST_CROSSING_PER_CONTACT_AND_NO_LATCH,0.33121019108280253,60,472,26,84,84,16,1.0,0.009860608632835435,True,False,False,0.0,0.0,UNACHIEVABLE,UNACHIEVABLE,UNACHIEVABLE
R2_seed_202608231,0.8,3,0.1,0.05,INERT_WITH_FIRST_CROSSING_PER_CONTACT_AND_NO_LATCH,0.33121019108280253,60,472,26,84,84,16,1.0,0.009860608632835435,True,False,False,0.0,0.0,UNACHIEVABLE,UNACHIEVABLE,UNACHIEVABLE
R2_seed_202608231,0.8,5,0.0,0.05,INERT_WITH_FIRST_CROSSING_PER_CONTACT_AND_NO_LATCH,0.22929936305732485,9,232,13,73,73,9,1.0,0.009860608632835435,True,False,True,0.0,0.0,UNACHIEVABLE,UNACHIEVABLE,UNACHIEVABLE
R2_seed_202608231,0.8,5,0.1,0.05,INERT_WITH_FIRST_CROSSING_PER_CONTACT_AND_NO_LATCH,0.22929936305732485,9,232,13,73,73,9,1.0,0.009860608632835435,True,False,True,0.0,0.0,UNACHIEVABLE,UNACHIEVABLE,UNACHIEVABLE
R2_seed_202608231,0.85,1,0.0,0.05,INERT_WITH_FIRST_CROSSING_PER_CONTACT_AND_NO_LATCH,0.583864118895966,128,1251,78,105,105,38,1.0,0.008259975044622685,True,False,False,0.0,0.0,UNACHIEVABLE,UNACHIEVABLE,UNACHIEVABLE
R2_seed_202608231,0.85,1,0.1,0.05,INERT_WITH_FIRST_CROSSING_PER_CONTACT_AND_NO_LATCH,0.583864118895966,128,1251,78,105,105,38,1.0,0.008259975044622685,True,False,False,0.0,0.0,UNACHIEVABLE,UNACHIEVABLE,UNACHIEVABLE
R2_seed_202608231,0.85,3,0.0,0.05,INERT_WITH_FIRST_CROSSING_PER_CONTACT_AND_NO_LATCH,0.3036093418259023,57,412,21,83,83,13,1.0,0.008259975044622685,True,False,False,0.0,0.0,UNACHIEVABLE,UNACHIEVABLE,UNACHIEVABLE
R2_seed_202608231,0.85,3,0.1,0.05,INERT_WITH_FIRST_CROSSING_PER_CONTACT_AND_NO_LATCH,0.3036093418259023,57,412,21,83,83,13,1.0,0.008259975044622685,True,False,False,0.0,0.0,UNACHIEVABLE,UNACHIEVABLE,UNACHIEVABLE
R2_seed_202608231,0.85,5,0.0,0.05,INERT_WITH_FIRST_CROSSING_PER_CONTACT_AND_NO_LATCH,0.1910828025477707,9,211,11,71,71,7,1.0,0.008259975044622685,True,False,True,0.0,0.0,UNACHIEVABLE,UNACHIEVABLE,UNACHIEVABLE
R2_seed_202608231,0.85,5,0.1,0.05,INERT_WITH_FIRST_CROSSING_PER_CONTACT_AND_NO_LATCH,0.1910828025477707,9,211,11,71,71,7,1.0,0.008259975044622685,True,False,True,0.0,0.0,UNACHIEVABLE,UNACHIEVABLE,UNACHIEVABLE
R2_seed_202608231,0.9,1,0.0,0.05,INERT_WITH_FIRST_CROSSING_PER_CONTACT_AND_NO_LATCH,0.5435244161358811,117,1104,67,100,100,32,1.0,0.006639737860718413,True,False,False,0.0,0.0,UNACHIEVABLE,UNACHIEVABLE,UNACHIEVABLE
R2_seed_202608231,0.9,1,0.1,0.05,INERT_WITH_FIRST_CROSSING_PER_CONTACT_AND_NO_LATCH,0.5435244161358811,117,1104,67,100,100,32,1.0,0.006639737860718413,True,False,False,0.0,0.0,UNACHIEVABLE,UNACHIEVABLE,UNACHIEVABLE
R2_seed_202608231,0.9,3,0.0,0.05,INERT_WITH_FIRST_CROSSING_PER_CONTACT_AND_NO_LATCH,0.2505307855626327,49,354,15,81,81,9,1.0,0.006639737860718413,True,False,False,0.0,0.0,UNACHIEVABLE,UNACHIEVABLE,UNACHIEVABLE
R2_seed_202608231,0.9,3,0.1,0.05,INERT_WITH_FIRST_CROSSING_PER_CONTACT_AND_NO_LATCH,0.2505307855626327,49,354,15,81,81,9,1.0,0.006639737860718413,True,False,False,0.0,0.0,UNACHIEVABLE,UNACHIEVABLE,UNACHIEVABLE
R2_seed_202608231,0.9,5,0.0,0.05,INERT_WITH_FIRST_CROSSING_PER_CONTACT_AND_NO_LATCH,0.15498938428874734,9,182,7,68,68,6,1.0,0.006639737860718413,True,False,True,0.0,0.0,UNACHIEVABLE,UNACHIEVABLE,UNACHIEVABLE
R2_seed_202608231,0.9,5,0.1,0.05,INERT_WITH_FIRST_CROSSING_PER_CONTACT_AND_NO_LATCH,0.15498938428874734,9,182,7,68,68,6,1.0,0.006639737860718413,True,False,True,0.0,0.0,UNACHIEVABLE,UNACHIEVABLE,UNACHIEVABLE
R2_seed_202608231,0.95,1,0.0,0.05,INERT_WITH_FIRST_CROSSING_PER_CONTACT_AND_NO_LATCH,0.4819532908704883,107,922,52,95,95,23,1.0,0.004855810652789934,True,False,False,0.0,0.0,UNACHIEVABLE,UNACHIEVABLE,UNACHIEVABLE
R2_seed_202608231,0.95,1,0.1,0.05,INERT_WITH_FIRST_CROSSING_PER_CONTACT_AND_NO_LATCH,0.4819532908704883,107,922,52,95,95,23,1.0,0.004855810652789934,True,False,False,0.0,0.0,UNACHIEVABLE,UNACHIEVABLE,UNACHIEVABLE
R2_seed_202608231,0.95,3,0.0,0.05,INERT_WITH_FIRST_CROSSING_PER_CONTACT_AND_NO_LATCH,0.1932059447983015,32,266,8,76,76,8,1.0,0.004855810652789934,True,False,True,0.0,0.0,UNACHIEVABLE,UNACHIEVABLE,UNACHIEVABLE
R2_seed_202608231,0.95,3,0.1,0.05,INERT_WITH_FIRST_CROSSING_PER_CONTACT_AND_NO_LATCH,0.1932059447983015,32,266,8,76,76,8,1.0,0.004855810652789934,True,False,True,0.0,0.0,UNACHIEVABLE,UNACHIEVABLE,UNACHIEVABLE
R2_seed_202608231,0.95,5,0.0,0.05,INERT_WITH_FIRST_CROSSING_PER_CONTACT_AND_NO_LATCH,0.11677282377919321,9,155,6,66,66,5,1.0,0.004855810652789934,True,False,False,0.0,0.0,UNACHIEVABLE,UNACHIEVABLE,UNACHIEVABLE
R2_seed_202608231,0.95,5,0.1,0.05,INERT_WITH_FIRST_CROSSING_PER_CONTACT_AND_NO_LATCH,0.11677282377919321,9,155,6,66,66,5,1.0,0.004855810652789934,True,False,False,0.0,0.0,UNACHIEVABLE,UNACHIEVABLE,UNACHIEVABLE
R2_seed_202608231,0.99,1,0.0,0.05,INERT_WITH_FIRST_CROSSING_PER_CONTACT_AND_NO_LATCH,0.37791932059447986,86,636,30,84,84,14,1.0,0.002726860160690674,True,False,False,0.0,0.0,UNACHIEVABLE,UNACHIEVABLE,UNACHIEVABLE
R2_seed_202608231,0.99,1,0.1,0.05,INERT_WITH_FIRST_CROSSING_PER_CONTACT_AND_NO_LATCH,0.37791932059447986,86,636,30,84,84,14,1.0,0.002726860160690674,True,False,False,0.0,0.0,UNACHIEVABLE,UNACHIEVABLE,UNACHIEVABLE
R2_seed_202608231,0.99,3,0.0,0.05,INERT_WITH_FIRST_CROSSING_PER_CONTACT_AND_NO_LATCH,0.1337579617834395,9,151,4,67,67,3,1.0,0.002726860160690674,True,False,True,0.0,0.0,UNACHIEVABLE,UNACHIEVABLE,UNACHIEVABLE
R2_seed_202608231,0.99,3,0.1,0.05,INERT_WITH_FIRST_CROSSING_PER_CONTACT_AND_NO_LATCH,0.1337579617834395,9,151,4,67,67,3,1.0,0.002726860160690674,True,False,True,0.0,0.0,UNACHIEVABLE,UNACHIEVABLE,UNACHIEVABLE
R2_seed_202608231,0.99,5,0.0,0.05,INERT_WITH_FIRST_CROSSING_PER_CONTACT_AND_NO_LATCH,0.08280254777070063,9,112,3,62,62,2,1.0,0.002726860160690674,True,False,True,0.0,0.0,UNACHIEVABLE,UNACHIEVABLE,UNACHIEVABLE
R2_seed_202608231,0.99,5,0.1,0.05,INERT_WITH_FIRST_CROSSING_PER_CONTACT_AND_NO_LATCH,0.08280254777070063,9,112,3,62,62,2,1.0,0.002726860160690674,True,False,True,0.0,0.0,UNACHIEVABLE,UNACHIEVABLE,UNACHIEVABLE
R2_seed_202608232,0.05,1,0.0,0.05,INERT_WITH_FIRST_CROSSING_PER_CONTACT_AND_NO_LATCH,0.7749469214437368,190,2546,128,163,163,140,1.0,0.059591990362872355,True,False,False,0.29936305732484075,0.0,UNACHIEVABLE,UNACHIEVABLE,UNACHIEVABLE
R2_seed_202608232,0.05,1,0.1,0.05,INERT_WITH_FIRST_CROSSING_PER_CONTACT_AND_NO_LATCH,0.7961783439490446,187,2369,113,153,153,135,1.0,0.05473225899094412,True,False,False,0.29936305732484075,0.0,UNACHIEVABLE,UNACHIEVABLE,UNACHIEVABLE
R2_seed_202608232,0.05,3,0.0,0.05,INERT_WITH_FIRST_CROSSING_PER_CONTACT_AND_NO_LATCH,0.721868365180467,179,1664,67,131,131,88,1.0,0.059591990362872355,True,False,True,0.29936305732484075,0.0,UNACHIEVABLE,UNACHIEVABLE,UNACHIEVABLE
R2_seed_202608232,0.05,3,0.1,0.05,INERT_WITH_FIRST_CROSSING_PER_CONTACT_AND_NO_LATCH,0.7112526539278131,151,1516,64,124,124,84,1.0,0.05473225899094412,True,False,True,0.29936305732484075,0.0,UNACHIEVABLE,UNACHIEVABLE,UNACHIEVABLE
R2_seed_202608232,0.05,5,0.0,0.05,INERT_WITH_FIRST_CROSSING_PER_CONTACT_AND_NO_LATCH,0.6369426751592356,100,1079,51,112,112,78,1.0,0.059591990362872355,True,False,True,0.29936305732484075,0.0,UNACHIEVABLE,UNACHIEVABLE,UNACHIEVABLE
R2_seed_202608232,0.05,5,0.1,0.05,INERT_WITH_FIRST_CROSSING_PER_CONTACT_AND_NO_LATCH,0.6029723991507431,95,1011,48,105,105,77,1.0,0.05473225899094412,True,False,False,0.29936305732484075,0.0,UNACHIEVABLE,UNACHIEVABLE,UNACHIEVABLE
R2_seed_202608232,0.1,1,0.0,0.05,INERT_WITH_FIRST_CROSSING_PER_CONTACT_AND_NO_LATCH,0.7770700636942676,188,2459,125,154,154,136,1.0,0.05588593059739017,True,False,False,0.29936305732484075,0.0,UNACHIEVABLE,UNACHIEVABLE,UNACHIEVABLE
R2_seed_202608232,0.1,1,0.1,0.05,INERT_WITH_FIRST_CROSSING_PER_CONTACT_AND_NO_LATCH,0.7961783439490446,187,2369,113,153,153,135,1.0,0.05473225899094412,True,False,False,0.29936305732484075,0.0,UNACHIEVABLE,UNACHIEVABLE,UNACHIEVABLE
R2_seed_202608232,0.1,3,0.0,0.05,INERT_WITH_FIRST_CROSSING_PER_CONTACT_AND_NO_LATCH,0.7133757961783439,163,1564,66,125,125,85,1.0,0.05588593059739017,True,False,True,0.29936305732484075,0.0,UNACHIEVABLE,UNACHIEVABLE,UNACHIEVABLE
R2_seed_202608232,0.1,3,0.1,0.05,INERT_WITH_FIRST_CROSSING_PER_CONTACT_AND_NO_LATCH,0.7112526539278131,151,1516,64,124,124,84,1.0,0.05473225899094412,True,False,True,0.29936305732484075,0.0,UNACHIEVABLE,UNACHIEVABLE,UNACHIEVABLE
R2_seed_202608232,0.1,5,0.0,0.05,INERT_WITH_FIRST_CROSSING_PER_CONTACT_AND_NO_LATCH,0.6093418259023354,99,1031,51,106,106,78,1.0,0.05588593059739017,True,False,True,0.29936305732484075,0.0,UNACHIEVABLE,UNACHIEVABLE,UNACHIEVABLE
R2_seed_202608232,0.1,5,0.1,0.05,INERT_WITH_FIRST_CROSSING_PER_CONTACT_AND_NO_LATCH,0.6029723991507431,95,1011,48,105,105,77,1.0,0.05473225899094412,True,False,False,0.29936305732484075,0.0,UNACHIEVABLE,UNACHIEVABLE,UNACHIEVABLE
R2_seed_202608232,0.15,1,0.0,0.05,INERT_WITH_FIRST_CROSSING_PER_CONTACT_AND_NO_LATCH,0.7855626326963907,187,2356,118,154,154,134,1.0,0.052882659737449045,True,False,False,0.29936305732484075,0.0,UNACHIEVABLE,UNACHIEVABLE,UNACHIEVABLE
R2_seed_202608232,0.15,1,0.1,0.05,INERT_WITH_FIRST_CROSSING_PER_CONTACT_AND_NO_LATCH,0.7961783439490446,187,2320,111,151,151,133,1.0,0.05196129073994752,True,False,False,0.29936305732484075,0.0,UNACHIEVABLE,UNACHIEVABLE,UNACHIEVABLE
R2_seed_202608232,0.15,3,0.0,0.05,INERT_WITH_FIRST_CROSSING_PER_CONTACT_AND_NO_LATCH,0.7006369426751592,157,1492,63,120,120,80,1.0,0.052882659737449045,True,False,True,0.29936305732484075,0.0,UNACHIEVABLE,UNACHIEVABLE,UNACHIEVABLE
R2_seed_202608232,0.15,3,0.1,0.05,INERT_WITH_FIRST_CROSSING_PER_CONTACT_AND_NO_LATCH,0.6963906581740976,149,1461,62,120,120,79,1.0,0.05196129073994752,True,False,True,0.29936305732484075,0.0,UNACHIEVABLE,UNACHIEVABLE,UNACHIEVABLE
R2_seed_202608232,0.15,5,0.0,0.05,INERT_WITH_FIRST_CROSSING_PER_CONTACT_AND_NO_LATCH,0.5923566878980892,96,986,51,103,103,75,1.0,0.052882659737449045,True,False,False,0.29936305732484075,0.0,UNACHIEVABLE,UNACHIEVABLE,UNACHIEVABLE
R2_seed_202608232,0.15,5,0.1,0.05,INERT_WITH_FIRST_CROSSING_PER_CONTACT_AND_NO_LATCH,0.5881104033970276,92,967,48,101,101,74,1.0,0.05196129073994752,True,False,False,0.29936305732484075,0.0,UNACHIEVABLE,UNACHIEVABLE,UNACHIEVABLE
R2_seed_202608232,0.2,1,0.0,0.05,INERT_WITH_FIRST_CROSSING_PER_CONTACT_AND_NO_LATCH,0.7855626326963907,184,2270,113,152,152,131,1.0,0.05039496344419493,True,False,False,0.29936305732484075,0.0,UNACHIEVABLE,UNACHIEVABLE,UNACHIEVABLE
R2_seed_202608232,0.2,1,0.1,0.05,INERT_WITH_FIRST_CROSSING_PER_CONTACT_AND_NO_LATCH,0.7940552016985138,183,2240,107,149,149,130,1.0,0.04954122685182916,True,False,False,0.29936305732484075,0.0,UNACHIEVABLE,UNACHIEVABLE,UNACHIEVABLE
R2_seed_202608232,0.2,3,0.0,0.05,INERT_WITH_FIRST_CROSSING_PER_CONTACT_AND_NO_LATCH,0.692144373673036,154,1432,62,118,118,77,1.0,0.05039496344419493,True,False,True,0.29936305732484075,0.0,UNACHIEVABLE,UNACHIEVABLE,UNACHIEVABLE
R2_seed_202608232,0.2,3,0.1,0.05,INERT_WITH_FIRST_CROSSING_PER_CONTACT_AND_NO_LATCH,0.6878980891719745,145,1404,61,118,118,76,1.0,0.04954122685182916,True,False,True,0.29936305732484075,0.0,UNACHIEVABLE,UNACHIEVABLE,UNACHIEVABLE
R2_seed_202608232,0.2,5,0.0,0.05,INERT_WITH_FIRST_CROSSING_PER_CONTACT_AND_NO_LATCH,0.583864118895966,91,950,50,102,102,72,1.0,0.05039496344419493,True,False,False,0.29936305732484075,0.0,UNACHIEVABLE,UNACHIEVABLE,UNACHIEVABLE
R2_seed_202608232,0.2,5,0.1,0.05,INERT_WITH_FIRST_CROSSING_PER_CONTACT_AND_NO_LATCH,0.5796178343949044,87,933,47,100,100,71,1.0,0.04954122685182916,True,False,False,0.29936305732484075,0.0,UNACHIEVABLE,UNACHIEVABLE,UNACHIEVABLE
R2_seed_202608232,0.25,1,0.0,0.05,INERT_WITH_FIRST_CROSSING_PER_CONTACT_AND_NO_LATCH,0.7855626326963907,184,2172,111,146,146,127,1.0,0.047799447374637455,True,False,False,0.29936305732484075,0.0,UNACHIEVABLE,UNACHIEVABLE,UNACHIEVABLE
R2_seed_202608232,0.25,1,0.1,0.05,INERT_WITH_FIRST_CROSSING_PER_CONTACT_AND_NO_LATCH,0.7961783439490446,183,2136,104,146,146,126,1.0,0.047013343187407436,True,False,True,0.29936305732484075,0.0,UNACHIEVABLE,UNACHIEVABLE,UNACHIEVABLE
R2_seed_202608232,0.25,3,0.0,0.05,INERT_WITH_FIRST_CROSSING_PER_CONTACT_AND_NO_LATCH,0.6857749469214437,142,1372,62,117,117,73,1.0,0.047799447374637455,True,False,True,0.29936305732484075,0.0,UNACHIEVABLE,UNACHIEVABLE,UNACHIEVABLE
R2_seed_202608232,0.25,3,0.1,0.05,INERT_WITH_FIRST_CROSSING_PER_CONTACT_AND_NO_LATCH,0.6794055201698513,141,1353,60,117,117,72,1.0,0.047013343187407436,True,False,True,0.29936305732484075,0.0,UNACHIEVABLE,UNACHIEVABLE,UNACHIEVABLE
R2_seed_202608232,0.25,5,0.0,0.05,INERT_WITH_FIRST_CROSSING_PER_CONTACT_AND_NO_LATCH,0.5753715498938429,86,921,49,101,101,69,1.0,0.047799447374637455,True,False,False,0.29936305732484075,0.0,UNACHIEVABLE,UNACHIEVABLE,UNACHIEVABLE
R2_seed_202608232,0.25,5,0.1,0.05,INERT_WITH_FIRST_CROSSING_PER_CONTACT_AND_NO_LATCH,0.5711252653927813,86,908,46,99,99,68,1.0,0.047013343187407436,True,False,False,0.29936305732484075,0.0,UNACHIEVABLE,UNACHIEVABLE,UNACHIEVABLE
R2_seed_202608232,0.3,1,0.0,0.05,INERT_WITH_FIRST_CROSSING_PER_CONTACT_AND_NO_LATCH,0.7834394904458599,184,2044,110,144,144,123,1.0,0.04529606820483013,True,False,False,0.29936305732484075,0.0,UNACHIEVABLE,UNACHIEVABLE,UNACHIEVABLE
R2_seed_202608232,0.3,1,0.1,0.05,INERT_WITH_FIRST_CROSSING_PER_CONTACT_AND_NO_LATCH,0.7940552016985138,181,2024,103,144,144,122,1.0,0.04461190271519602,True,False,False,0.29936305732484075,0.0,UNACHIEVABLE,UNACHIEVABLE,UNACHIEVABLE
R2_seed_202608232,0.3,3,0.0,0.05,INERT_WITH_FIRST_CROSSING_PER_CONTACT_AND_NO_LATCH,0.6772823779193206,140,1338,61,113,113,70,1.0,0.04529606820483013,True,False,True,0.29936305732484075,0.0,UNACHIEVABLE,UNACHIEVABLE,UNACHIEVABLE
R2_seed_202608232,0.3,3,0.1,0.05,INERT_WITH_FIRST_CROSSING_PER_CONTACT_AND_NO_LATCH,0.6709129511677282,139,1324,59,113,113,69,1.0,0.04461190271519602,True,False,False,0.29936305732484075,0.0,UNACHIEVABLE,UNACHIEVABLE,UNACHIEVABLE
R2_seed_202608232,0.3,5,0.0,0.05,INERT_WITH_FIRST_CROSSING_PER_CONTACT_AND_NO_LATCH,0.5711252653927813,86,894,45,97,97,67,1.0,0.04529606820483013,True,False,False,0.29936305732484075,0.0,UNACHIEVABLE,UNACHIEVABLE,UNACHIEVABLE
R2_seed_202608232,0.3,5,0.1,0.05,INERT_WITH_FIRST_CROSSING_PER_CONTACT_AND_NO_LATCH,0.5668789808917197,86,880,43,95,95,66,1.0,0.04461190271519602,True,False,False,0.29936305732484075,0.0,UNACHIEVABLE,UNACHIEVABLE,UNACHIEVABLE
R2_seed_202608232,0.35,1,0.0,0.05,INERT_WITH_FIRST_CROSSING_PER_CONTACT_AND_NO_LATCH,0.7834394904458599,181,1935,104,142,142,120,1.0,0.042499615279434556,True,False,False,0.29936305732484075,0.0,UNACHIEVABLE,UNACHIEVABLE,UNACHIEVABLE
R2_seed_202608232,0.35,1,0.1,0.05,INERT_WITH_FIRST_CROSSING_PER_CONTACT_AND_NO_LATCH,0.7940552016985138,178,1925,97,142,142,120,1.0,0.0419565956787794,True,False,True,0.29936305732484075,0.0,UNACHIEVABLE,UNACHIEVABLE,UNACHIEVABLE
R2_seed_202608232,0.35,3,0.0,0.05,INERT_WITH_FIRST_CROSSING_PER_CONTACT_AND_NO_LATCH,0.6709129511677282,138,1280,56,110,110,69,1.0,0.042499615279434556,True,False,True,0.29936305732484075,0.0,UNACHIEVABLE,UNACHIEVABLE,UNACHIEVABLE
R2_seed_202608232,0.35,3,0.1,0.05,INERT_WITH_FIRST_CROSSING_PER_CONTACT_AND_NO_LATCH,0.6666666666666666,137,1268,54,110,110,68,1.0,0.0419565956787794,True,False,True,0.29936305732484075,0.0,UNACHIEVABLE,UNACHIEVABLE,UNACHIEVABLE
R2_seed_202608232,0.35,5,0.0,0.05,INERT_WITH_FIRST_CROSSING_PER_CONTACT_AND_NO_LATCH,0.5605095541401274,77,858,43,97,97,64,1.0,0.042499615279434556,True,False,True,0.29936305732484075,0.0,UNACHIEVABLE,UNACHIEVABLE,UNACHIEVABLE
R2_seed_202608232,0.35,5,0.1,0.05,INERT_WITH_FIRST_CROSSING_PER_CONTACT_AND_NO_LATCH,0.5562632696390658,77,846,41,95,95,63,1.0,0.0419565956787794,True,False,True,0.29936305732484075,0.0,UNACHIEVABLE,UNACHIEVABLE,UNACHIEVABLE
R2_seed_202608232,0.4,1,0.0,0.05,INERT_WITH_FIRST_CROSSING_PER_CONTACT_AND_NO_LATCH,0.7813163481953291,166,1779,101,139,139,118,1.0,0.039526729992815285,True,False,False,0.29936305732484075,0.0,UNACHIEVABLE,UNACHIEVABLE,UNACHIEVABLE
R2_seed_202608232,0.4,1,0.1,0.05,INERT_WITH_FIRST_CROSSING_PER_CONTACT_AND_NO_LATCH,0.7898089171974523,165,1773,95,139,139,118,1.0,0.03915916257359925,True,False,True,0.29936305732484075,0.0,UNACHIEVABLE,UNACHIEVABLE,UNACHIEVABLE
R2_seed_202608232,0.4,3,0.0,0.05,INERT_WITH_FIRST_CROSSING_PER_CONTACT_AND_NO_LATCH,0.6560509554140127,134,1221,55,109,109,69,1.0,0.039526729992815285,True,False,True,0.29936305732484075,0.0,UNACHIEVABLE,UNACHIEVABLE,UNACHIEVABLE
R2_seed_202608232,0.4,3,0.1,0.05,INERT_WITH_FIRST_CROSSING_PER_CONTACT_AND_NO_LATCH,0.6518046709129511,134,1212,53,109,109,68,1.0,0.03915916257359925,True,False,True,0.29936305732484075,0.0,UNACHIEVABLE,UNACHIEVABLE,UNACHIEVABLE
R2_seed_202608232,0.4,5,0.0,0.05,INERT_WITH_FIRST_CROSSING_PER_CONTACT_AND_NO_LATCH,0.554140127388535,75,808,42,96,96,64,1.0,0.039526729992815285,True,False,True,0.29936305732484075,0.0,UNACHIEVABLE,UNACHIEVABLE,UNACHIEVABLE
R2_seed_202608232,0.4,5,0.1,0.05,INERT_WITH_FIRST_CROSSING_PER_CONTACT_AND_NO_LATCH,0.5498938428874734,74,798,40,94,94,62,1.0,0.03915916257359925,True,False,True,0.29936305732484075,0.0,UNACHIEVABLE,UNACHIEVABLE,UNACHIEVABLE
R2_seed_202608232,0.45,1,0.0,0.05,INERT_WITH_FIRST_CROSSING_PER_CONTACT_AND_NO_LATCH,0.7707006369426752,149,1681,97,137,137,115,1.0,0.036367610547126554,True,False,False,0.29936305732484075,0.0,UNACHIEVABLE,UNACHIEVABLE,UNACHIEVABLE
R2_seed_202608232,0.45,1,0.1,0.05,INERT_WITH_FIRST_CROSSING_PER_CONTACT_AND_NO_LATCH,0.7813163481953291,149,1678,92,137,137,115,1.0,0.03615197099451981,True,False,True,0.29936305732484075,0.0,UNACHIEVABLE,UNACHIEVABLE,UNACHIEVABLE
R2_seed_202608232,0.45,3,0.0,0.05,INERT_WITH_FIRST_CROSSING_PER_CONTACT_AND_NO_LATCH,0.643312101910828,129,1151,51,108,108,66,1.0,0.036367610547126554,True,False,True,0.29936305732484075,0.0,UNACHIEVABLE,UNACHIEVABLE,UNACHIEVABLE
R2_seed_202608232,0.45,3,0.1,0.05,INERT_WITH_FIRST_CROSSING_PER_CONTACT_AND_NO_LATCH,0.6411889596602972,129,1148,50,108,108,65,1.0,0.03615197099451981,True,False,True,0.29936305732484075,0.0,UNACHIEVABLE,UNACHIEVABLE,UNACHIEVABLE
R2_seed_202608232,0.45,5,0.0,0.05,INERT_WITH_FIRST_CROSSING_PER_CONTACT_AND_NO_LATCH,0.5414012738853503,72,754,39,94,94,59,1.0,0.036367610547126554,True,False,True,0.29936305732484075,0.0,UNACHIEVABLE,UNACHIEVABLE,UNACHIEVABLE
R2_seed_202608232,0.45,5,0.1,0.05,INERT_WITH_FIRST_CROSSING_PER_CONTACT_AND_NO_LATCH,0.5392781316348195,71,746,38,92,92,56,1.0,0.03615197099451981,True,False,True,0.29936305732484075,0.0,UNACHIEVABLE,UNACHIEVABLE,UNACHIEVABLE
R2_seed_202608232,0.5,1,0.0,0.05,INERT_WITH_FIRST_CROSSING_PER_CONTACT_AND_NO_LATCH,0.7643312101910829,144,1588,87,136,136,112,1.0,0.03273212372613385,True,False,False,0.29936305732484075,0.0,UNACHIEVABLE,UNACHIEVABLE,UNACHIEVABLE
R2_seed_202608232,0.5,1,0.1,0.05,INERT_WITH_FIRST_CROSSING_PER_CONTACT_AND_NO_LATCH,0.7685774946921444,144,1588,84,136,136,112,1.0,0.03265076880401403,True,False,True,0.29936305732484075,0.0,UNACHIEVABLE,UNACHIEVABLE,UNACHIEVABLE
R2_seed_202608232,0.5,3,0.0,0.05,INERT_WITH_FIRST_CROSSING_PER_CONTACT_AND_NO_LATCH,0.6220806794055201,120,1044,48,105,105,61,1.0,0.03273212372613385,True,False,True,0.29936305732484075,0.0,UNACHIEVABLE,UNACHIEVABLE,UNACHIEVABLE
R2_seed_202608232,0.5,3,0.1,0.05,INERT_WITH_FIRST_CROSSING_PER_CONTACT_AND_NO_LATCH,0.6199575371549894,120,1044,48,105,105,61,1.0,0.03265076880401403,True,False,False,0.29936305732484075,0.0,UNACHIEVABLE,UNACHIEVABLE,UNACHIEVABLE
R2_seed_202608232,0.5,5,0.0,0.05,INERT_WITH_FIRST_CROSSING_PER_CONTACT_AND_NO_LATCH,0.5116772823779193,50,666,39,90,90,53,1.0,0.03273212372613385,True,False,False,0.29936305732484075,0.0,UNACHIEVABLE,UNACHIEVABLE,UNACHIEVABLE
R2_seed_202608232,0.5,5,0.1,0.05,INERT_WITH_FIRST_CROSSING_PER_CONTACT_AND_NO_LATCH,0.5116772823779193,50,665,38,90,90,53,1.0,0.03265076880401403,True,False,True,0.29936305732484075,0.0,UNACHIEVABLE,UNACHIEVABLE,UNACHIEVABLE
R2_seed_202608232,0.55,1,0.0,0.05,INERT_WITH_FIRST_CROSSING_PER_CONTACT_AND_NO_LATCH,0.7494692144373672,137,1478,81,134,134,107,1.0,0.02888687843124186,True,False,True,0.29936305732484075,0.0,UNACHIEVABLE,UNACHIEVABLE,UNACHIEVABLE
R2_seed_202608232,0.55,1,0.1,0.05,INERT_WITH_FIRST_CROSSING_PER_CONTACT_AND_NO_LATCH,0.7494692144373672,137,1478,81,134,134,107,1.0,0.02888687843124186,True,False,True,0.29936305732484075,0.0,UNACHIEVABLE,UNACHIEVABLE,UNACHIEVABLE
R2_seed_202608232,0.55,3,0.0,0.05,INERT_WITH_FIRST_CROSSING_PER_CONTACT_AND_NO_LATCH,0.6072186836518046,95,925,44,102,102,60,1.0,0.02888687843124186,True,False,True,0.29936305732484075,0.0,UNACHIEVABLE,UNACHIEVABLE,UNACHIEVABLE
R2_seed_202608232,0.55,3,0.1,0.05,INERT_WITH_FIRST_CROSSING_PER_CONTACT_AND_NO_LATCH,0.6072186836518046,95,925,44,102,102,60,1.0,0.02888687843124186,True,False,True,0.29936305732484075,0.0,UNACHIEVABLE,UNACHIEVABLE,UNACHIEVABLE
R2_seed_202608232,0.55,5,0.0,0.05,INERT_WITH_FIRST_CROSSING_PER_CONTACT_AND_NO_LATCH,0.49256900212314225,16,560,36,85,85,45,1.0,0.02888687843124186,True,False,True,0.29936305732484075,0.0,UNACHIEVABLE,UNACHIEVABLE,UNACHIEVABLE
R2_seed_202608232,0.55,5,0.1,0.05,INERT_WITH_FIRST_CROSSING_PER_CONTACT_AND_NO_LATCH,0.49256900212314225,16,560,36,85,85,45,1.0,0.02888687843124186,True,False,True,0.29936305732484075,0.0,UNACHIEVABLE,UNACHIEVABLE,UNACHIEVABLE
R2_seed_202608232,0.6,1,0.0,0.05,INERT_WITH_FIRST_CROSSING_PER_CONTACT_AND_NO_LATCH,0.7452229299363057,119,1350,74,131,131,101,1.0,0.02552780230949961,True,False,True,0.29936305732484075,0.0,UNACHIEVABLE,UNACHIEVABLE,UNACHIEVABLE
R2_seed_202608232,0.6,1,0.1,0.05,INERT_WITH_FIRST_CROSSING_PER_CONTACT_AND_NO_LATCH,0.7452229299363057,119,1350,74,131,131,101,1.0,0.02552780230949961,True,False,True,0.29936305732484075,0.0,UNACHIEVABLE,UNACHIEVABLE,UNACHIEVABLE
R2_seed_202608232,0.6,3,0.0,0.05,INERT_WITH_FIRST_CROSSING_PER_CONTACT_AND_NO_LATCH,0.5753715498938429,79,826,40,101,101,54,1.0,0.02552780230949961,True,False,True,0.29936305732484075,0.0,UNACHIEVABLE,UNACHIEVABLE,UNACHIEVABLE
R2_seed_202608232,0.6,3,0.1,0.05,INERT_WITH_FIRST_CROSSING_PER_CONTACT_AND_NO_LATCH,0.5753715498938429,79,826,40,101,101,54,1.0,0.02552780230949961,True,False,True,0.29936305732484075,0.0,UNACHIEVABLE,UNACHIEVABLE,UNACHIEVABLE
R2_seed_202608232,0.6,5,0.0,0.05,INERT_WITH_FIRST_CROSSING_PER_CONTACT_AND_NO_LATCH,0.4734607218683652,11,495,34,85,85,41,1.0,0.02552780230949961,True,False,True,0.29936305732484075,0.0,UNACHIEVABLE,UNACHIEVABLE,UNACHIEVABLE
R2_seed_202608232,0.6,5,0.1,0.05,INERT_WITH_FIRST_CROSSING_PER_CONTACT_AND_NO_LATCH,0.4734607218683652,11,495,34,85,85,41,1.0,0.02552780230949961,True,False,True,0.29936305732484075,0.0,UNACHIEVABLE,UNACHIEVABLE,UNACHIEVABLE
R2_seed_202608232,0.65,1,0.0,0.05,INERT_WITH_FIRST_CROSSING_PER_CONTACT_AND_NO_LATCH,0.70276008492569,95,1225,69,129,129,99,1.0,0.022185389244095154,True,False,True,0.29936305732484075,0.0,UNACHIEVABLE,UNACHIEVABLE,UNACHIEVABLE
R2_seed_202608232,0.65,1,0.1,0.05,INERT_WITH_FIRST_CROSSING_PER_CONTACT_AND_NO_LATCH,0.70276008492569,95,1225,69,129,129,99,1.0,0.022185389244095154,True,False,True,0.29936305732484075,0.0,UNACHIEVABLE,UNACHIEVABLE,UNACHIEVABLE
R2_seed_202608232,0.65,3,0.0,0.05,INERT_WITH_FIRST_CROSSING_PER_CONTACT_AND_NO_LATCH,0.5329087048832272,57,700,37,96,96,49,1.0,0.022185389244095154,True,False,True,0.29936305732484075,0.0,UNACHIEVABLE,UNACHIEVABLE,UNACHIEVABLE
R2_seed_202608232,0.65,3,0.1,0.05,INERT_WITH_FIRST_CROSSING_PER_CONTACT_AND_NO_LATCH,0.5329087048832272,57,700,37,96,96,49,1.0,0.022185389244095154,True,False,True,0.29936305732484075,0.0,UNACHIEVABLE,UNACHIEVABLE,UNACHIEVABLE
R2_seed_202608232,0.65,5,0.0,0.05,INERT_WITH_FIRST_CROSSING_PER_CONTACT_AND_NO_LATCH,0.445859872611465,10,441,31,80,80,37,1.0,0.022185389244095154,True,False,True,0.29936305732484075,0.0,UNACHIEVABLE,UNACHIEVABLE,UNACHIEVABLE
R2_seed_202608232,0.65,5,0.1,0.05,INERT_WITH_FIRST_CROSSING_PER_CONTACT_AND_NO_LATCH,0.445859872611465,10,441,31,80,80,37,1.0,0.022185389244095154,True,False,True,0.29936305732484075,0.0,UNACHIEVABLE,UNACHIEVABLE,UNACHIEVABLE
R2_seed_202608232,0.7,1,0.0,0.05,INERT_WITH_FIRST_CROSSING_PER_CONTACT_AND_NO_LATCH,0.6815286624203821,84,1114,65,124,124,91,1.0,0.019087040945050142,True,False,True,0.29936305732484075,0.0,UNACHIEVABLE,UNACHIEVABLE,UNACHIEVABLE
R2_seed_202608232,0.7,1,0.1,0.05,INERT_WITH_FIRST_CROSSING_PER_CONTACT_AND_NO_LATCH,0.6815286624203821,84,1114,65,124,124,91,1.0,0.019087040945050142,True,False,True,0.29936305732484075,0.0,UNACHIEVABLE,UNACHIEVABLE,UNACHIEVABLE
R2_seed_202608232,0.7,3,0.0,0.05,INERT_WITH_FIRST_CROSSING_PER_CONTACT_AND_NO_LATCH,0.505307855626327,47,620,35,92,92,46,1.0,0.019087040945050142,True,False,True,0.29936305732484075,0.0,UNACHIEVABLE,UNACHIEVABLE,UNACHIEVABLE
R2_seed_202608232,0.7,3,0.1,0.05,INERT_WITH_FIRST_CROSSING_PER_CONTACT_AND_NO_LATCH,0.505307855626327,47,620,35,92,92,46,1.0,0.019087040945050142,True,False,True,0.29936305732484075,0.0,UNACHIEVABLE,UNACHIEVABLE,UNACHIEVABLE
R2_seed_202608232,0.7,5,0.0,0.05,INERT_WITH_FIRST_CROSSING_PER_CONTACT_AND_NO_LATCH,0.4140127388535032,7,390,28,74,74,35,1.0,0.019087040945050142,True,False,True,0.29936305732484075,0.0,UNACHIEVABLE,UNACHIEVABLE,UNACHIEVABLE
R2_seed_202608232,0.7,5,0.1,0.05,INERT_WITH_FIRST_CROSSING_PER_CONTACT_AND_NO_LATCH,0.4140127388535032,7,390,28,74,74,35,1.0,0.019087040945050142,True,False,True,0.29936305732484075,0.0,UNACHIEVABLE,UNACHIEVABLE,UNACHIEVABLE
R2_seed_202608232,0.75,1,0.0,0.05,INERT_WITH_FIRST_CROSSING_PER_CONTACT_AND_NO_LATCH,0.6581740976645435,64,981,60,120,120,82,1.0,0.015927921499361414,True,False,True,0.29936305732484075,0.0,UNACHIEVABLE,UNACHIEVABLE,UNACHIEVABLE
R2_seed_202608232,0.75,1,0.1,0.05,INERT_WITH_FIRST_CROSSING_PER_CONTACT_AND_NO_LATCH,0.6581740976645435,64,981,60,120,120,82,1.0,0.015927921499361414,True,False,True,0.29936305732484075,0.0,UNACHIEVABLE,UNACHIEVABLE,UNACHIEVABLE
R2_seed_202608232,0.75,3,0.0,0.05,INERT_WITH_FIRST_CROSSING_PER_CONTACT_AND_NO_LATCH,0.4819532908704883,20,524,33,90,90,40,1.0,0.015927921499361414,True,False,True,0.29936305732484075,0.0,UNACHIEVABLE,UNACHIEVABLE,UNACHIEVABLE
R2_seed_202608232,0.75,3,0.1,0.05,INERT_WITH_FIRST_CROSSING_PER_CONTACT_AND_NO_LATCH,0.4819532908704883,20,524,33,90,90,40,1.0,0.015927921499361414,True,False,True,0.29936305732484075,0.0,UNACHIEVABLE,UNACHIEVABLE,UNACHIEVABLE
R2_seed_202608232,0.75,5,0.0,0.05,INERT_WITH_FIRST_CROSSING_PER_CONTACT_AND_NO_LATCH,0.37579617834394907,4,337,23,74,74,34,1.0,0.015927921499361414,True,False,True,0.29936305732484075,0.0,UNACHIEVABLE,UNACHIEVABLE,UNACHIEVABLE
R2_seed_202608232,0.75,5,0.1,0.05,INERT_WITH_FIRST_CROSSING_PER_CONTACT_AND_NO_LATCH,0.37579617834394907,4,337,23,74,74,34,1.0,0.015927921499361414,True,False,True,0.29936305732484075,0.0,UNACHIEVABLE,UNACHIEVABLE,UNACHIEVABLE
R2_seed_202608232,0.8,1,0.0,0.05,INERT_WITH_FIRST_CROSSING_PER_CONTACT_AND_NO_LATCH,0.6326963906581741,36,850,55,118,118,81,1.0,0.012810949784409456,True,False,True,0.29936305732484075,0.0,UNACHIEVABLE,UNACHIEVABLE,UNACHIEVABLE
R2_seed_202608232,0.8,1,0.1,0.05,INERT_WITH_FIRST_CROSSING_PER_CONTACT_AND_NO_LATCH,0.6326963906581741,36,850,55,118,118,81,1.0,0.012810949784409456,True,False,True,0.29936305732484075,0.0,UNACHIEVABLE,UNACHIEVABLE,UNACHIEVABLE
R2_seed_202608232,0.8,3,0.0,0.05,INERT_WITH_FIRST_CROSSING_PER_CONTACT_AND_NO_LATCH,0.4267515923566879,8,445,28,90,90,37,1.0,0.012810949784409456,True,False,True,0.29936305732484075,0.0,UNACHIEVABLE,UNACHIEVABLE,UNACHIEVABLE
R2_seed_202608232,0.8,3,0.1,0.05,INERT_WITH_FIRST_CROSSING_PER_CONTACT_AND_NO_LATCH,0.4267515923566879,8,445,28,90,90,37,1.0,0.012810949784409456,True,False,True,0.29936305732484075,0.0,UNACHIEVABLE,UNACHIEVABLE,UNACHIEVABLE
R2_seed_202608232,0.8,5,0.0,0.05,INERT_WITH_FIRST_CROSSING_PER_CONTACT_AND_NO_LATCH,0.3227176220806794,1,288,18,72,72,30,1.0,0.012810949784409456,True,False,True,0.29936305732484075,0.0,UNACHIEVABLE,UNACHIEVABLE,UNACHIEVABLE
R2_seed_202608232,0.8,5,0.1,0.05,INERT_WITH_FIRST_CROSSING_PER_CONTACT_AND_NO_LATCH,0.3227176220806794,1,288,18,72,72,30,1.0,0.012810949784409456,True,False,True,0.29936305732484075,0.0,UNACHIEVABLE,UNACHIEVABLE,UNACHIEVABLE
R2_seed_202608232,0.85,1,0.0,0.05,INERT_WITH_FIRST_CROSSING_PER_CONTACT_AND_NO_LATCH,0.5881104033970276,15,715,46,108,108,74,1.0,0.009931181577324913,True,False,True,0.29936305732484075,0.0,UNACHIEVABLE,UNACHIEVABLE,UNACHIEVABLE
R2_seed_202608232,0.85,1,0.1,0.05,INERT_WITH_FIRST_CROSSING_PER_CONTACT_AND_NO_LATCH,0.5881104033970276,15,715,46,108,108,74,1.0,0.009931181577324913,True,False,True,0.29936305732484075,0.0,UNACHIEVABLE,UNACHIEVABLE,UNACHIEVABLE
R2_seed_202608232,0.85,3,0.0,0.05,INERT_WITH_FIRST_CROSSING_PER_CONTACT_AND_NO_LATCH,0.386411889596603,3,370,18,84,84,33,1.0,0.009931181577324913,True,False,True,0.29936305732484075,0.0,UNACHIEVABLE,UNACHIEVABLE,UNACHIEVABLE
R2_seed_202608232,0.85,3,0.1,0.05,INERT_WITH_FIRST_CROSSING_PER_CONTACT_AND_NO_LATCH,0.386411889596603,3,370,18,84,84,33,1.0,0.009931181577324913,True,False,True,0.29936305732484075,0.0,UNACHIEVABLE,UNACHIEVABLE,UNACHIEVABLE
R2_seed_202608232,0.85,5,0.0,0.05,INERT_WITH_FIRST_CROSSING_PER_CONTACT_AND_NO_LATCH,0.2823779193205945,1,243,13,67,67,27,1.0,0.009931181577324913,True,False,True,0.29936305732484075,0.0,UNACHIEVABLE,UNACHIEVABLE,UNACHIEVABLE
R2_seed_202608232,0.85,5,0.1,0.05,INERT_WITH_FIRST_CROSSING_PER_CONTACT_AND_NO_LATCH,0.2823779193205945,1,243,13,67,67,27,1.0,0.009931181577324913,True,False,True,0.29936305732484075,0.0,UNACHIEVABLE,UNACHIEVABLE,UNACHIEVABLE
R2_seed_202608232,0.9,1,0.0,0.05,INERT_WITH_FIRST_CROSSING_PER_CONTACT_AND_NO_LATCH,0.49256900212314225,8,553,37,100,100,60,1.0,0.007032789954333424,True,False,True,0.29936305732484075,0.0,UNACHIEVABLE,UNACHIEVABLE,UNACHIEVABLE
R2_seed_202608232,0.9,1,0.1,0.05,INERT_WITH_FIRST_CROSSING_PER_CONTACT_AND_NO_LATCH,0.49256900212314225,8,553,37,100,100,60,1.0,0.007032789954333424,True,False,True,0.29936305732484075,0.0,UNACHIEVABLE,UNACHIEVABLE,UNACHIEVABLE
R2_seed_202608232,0.9,3,0.0,0.05,INERT_WITH_FIRST_CROSSING_PER_CONTACT_AND_NO_LATCH,0.29936305732484075,0,284,14,79,79,27,1.0,0.007032789954333424,True,False,True,0.29936305732484075,0.0,UNACHIEVABLE,UNACHIEVABLE,UNACHIEVABLE
R2_seed_202608232,0.9,3,0.1,0.05,INERT_WITH_FIRST_CROSSING_PER_CONTACT_AND_NO_LATCH,0.29936305732484075,0,284,14,79,79,27,1.0,0.007032789954333424,True,False,True,0.29936305732484075,0.0,UNACHIEVABLE,UNACHIEVABLE,UNACHIEVABLE
R2_seed_202608232,0.9,5,0.0,0.05,INERT_WITH_FIRST_CROSSING_PER_CONTACT_AND_NO_LATCH,0.19745222929936307,0,202,11,64,64,22,1.0,0.007032789954333424,True,False,True,0.29936305732484075,0.0,UNACHIEVABLE,UNACHIEVABLE,UNACHIEVABLE
R2_seed_202608232,0.9,5,0.1,0.05,INERT_WITH_FIRST_CROSSING_PER_CONTACT_AND_NO_LATCH,0.19745222929936307,0,202,11,64,64,22,1.0,0.007032789954333424,True,False,True,0.29936305732484075,0.0,UNACHIEVABLE,UNACHIEVABLE,UNACHIEVABLE
R2_seed_202608232,0.95,1,0.0,0.05,INERT_WITH_FIRST_CROSSING_PER_CONTACT_AND_NO_LATCH,0.37791932059447986,3,401,31,87,87,48,1.0,0.004265742422475131,True,False,False,0.29936305732484075,0.0,UNACHIEVABLE,UNACHIEVABLE,UNACHIEVABLE
R2_seed_202608232,0.95,1,0.1,0.05,INERT_WITH_FIRST_CROSSING_PER_CONTACT_AND_NO_LATCH,0.37791932059447986,3,401,31,87,87,48,1.0,0.004265742422475131,True,False,False,0.29936305732484075,0.0,UNACHIEVABLE,UNACHIEVABLE,UNACHIEVABLE
R2_seed_202608232,0.95,3,0.0,0.05,INERT_WITH_FIRST_CROSSING_PER_CONTACT_AND_NO_LATCH,0.2208067940552017,0,209,12,70,70,23,1.0,0.004265742422475131,True,False,True,0.29936305732484075,0.0,UNACHIEVABLE,UNACHIEVABLE,UNACHIEVABLE
R2_seed_202608232,0.95,3,0.1,0.05,INERT_WITH_FIRST_CROSSING_PER_CONTACT_AND_NO_LATCH,0.2208067940552017,0,209,12,70,70,23,1.0,0.004265742422475131,True,False,True,0.29936305732484075,0.0,UNACHIEVABLE,UNACHIEVABLE,UNACHIEVABLE
R2_seed_202608232,0.95,5,0.0,0.05,INERT_WITH_FIRST_CROSSING_PER_CONTACT_AND_NO_LATCH,0.12738853503184713,0,135,9,56,56,21,1.0,0.004265742422475131,True,False,True,0.29936305732484075,0.0,UNACHIEVABLE,UNACHIEVABLE,UNACHIEVABLE
R2_seed_202608232,0.95,5,0.1,0.05,INERT_WITH_FIRST_CROSSING_PER_CONTACT_AND_NO_LATCH,0.12738853503184713,0,135,9,56,56,21,1.0,0.004265742422475131,True,False,True,0.29936305732484075,0.0,UNACHIEVABLE,UNACHIEVABLE,UNACHIEVABLE
R2_seed_202608232,0.99,1,0.0,0.05,INERT_WITH_FIRST_CROSSING_PER_CONTACT_AND_NO_LATCH,0.18895966029723993,3,217,16,76,76,37,1.0,0.0014898732725556522,True,False,False,0.29936305732484075,0.0,UNACHIEVABLE,UNACHIEVABLE,UNACHIEVABLE
R2_seed_202608232,0.99,1,0.1,0.05,INERT_WITH_FIRST_CROSSING_PER_CONTACT_AND_NO_LATCH,0.18895966029723993,3,217,16,76,76,37,1.0,0.0014898732725556522,True,False,False,0.29936305732484075,0.0,UNACHIEVABLE,UNACHIEVABLE,UNACHIEVABLE
R2_seed_202608232,0.99,3,0.0,0.05,INERT_WITH_FIRST_CROSSING_PER_CONTACT_AND_NO_LATCH,0.08067940552016985,0,105,6,58,58,13,1.0,0.0014898732725556522,True,False,True,0.29936305732484075,0.0,UNACHIEVABLE,UNACHIEVABLE,UNACHIEVABLE
R2_seed_202608232,0.99,3,0.1,0.05,INERT_WITH_FIRST_CROSSING_PER_CONTACT_AND_NO_LATCH,0.08067940552016985,0,105,6,58,58,13,1.0,0.0014898732725556522,True,False,True,0.29936305732484075,0.0,UNACHIEVABLE,UNACHIEVABLE,UNACHIEVABLE
R2_seed_202608232,0.99,5,0.0,0.05,INERT_WITH_FIRST_CROSSING_PER_CONTACT_AND_NO_LATCH,0.04883227176220807,0,76,2,46,46,9,1.0,0.0014898732725556522,True,False,True,0.29936305732484075,0.0,UNACHIEVABLE,UNACHIEVABLE,UNACHIEVABLE
R2_seed_202608232,0.99,5,0.1,0.05,INERT_WITH_FIRST_CROSSING_PER_CONTACT_AND_NO_LATCH,0.04883227176220807,0,76,2,46,46,9,1.0,0.0014898732725556522,True,False,True,0.29936305732484075,0.0,UNACHIEVABLE,UNACHIEVABLE,UNACHIEVABLE
R2_seed_202608233,0.05,1,0.0,0.05,INERT_WITH_FIRST_CROSSING_PER_CONTACT_AND_NO_LATCH,0.8004246284501062,169,2257,99,174,174,127,1.0,0.05936360847306613,True,False,False,0.16985138004246284,0.0,168,2151,96
R2_seed_202608233,0.05,1,0.1,0.05,INERT_WITH_FIRST_CROSSING_PER_CONTACT_AND_NO_LATCH,0.8046709129511678,168,2151,96,162,162,118,1.0,0.055905534193081696,True,False,True,0.16985138004246284,0.0,168,2151,96
R2_seed_202608233,0.05,3,0.0,0.05,INERT_WITH_FIRST_CROSSING_PER_CONTACT_AND_NO_LATCH,0.6518046709129511,153,1498,71,142,142,91,1.0,0.05936360847306613,True,False,False,0.16985138004246284,0.0,168,2151,96
R2_seed_202608233,0.05,3,0.1,0.05,INERT_WITH_FIRST_CROSSING_PER_CONTACT_AND_NO_LATCH,0.6348195329087049,151,1415,67,134,134,87,1.0,0.055905534193081696,True,False,False,0.16985138004246284,0.0,168,2151,96
R2_seed_202608233,0.05,5,0.0,0.05,INERT_WITH_FIRST_CROSSING_PER_CONTACT_AND_NO_LATCH,0.5753715498938429,101,1050,57,126,126,83,1.0,0.05936360847306613,True,False,True,0.16985138004246284,0.0,168,2151,96
R2_seed_202608233,0.05,5,0.1,0.05,INERT_WITH_FIRST_CROSSING_PER_CONTACT_AND_NO_LATCH,0.5583864118895966,99,990,56,121,121,76,1.0,0.055905534193081696,True,False,True,0.16985138004246284,0.0,168,2151,96
R2_seed_202608233,0.1,1,0.0,0.05,INERT_WITH_FIRST_CROSSING_PER_CONTACT_AND_NO_LATCH,0.802547770700637,169,2192,99,162,162,119,1.0,0.056817101392737455,True,False,False,0.16985138004246284,0.0,168,2151,96
R2_seed_202608233,0.1,1,0.1,0.05,INERT_WITH_FIRST_CROSSING_PER_CONTACT_AND_NO_LATCH,0.8046709129511678,168,2151,96,162,162,118,1.0,0.055905534193081696,True,False,True,0.16985138004246284,0.0,168,2151,96
R2_seed_202608233,0.1,3,0.0,0.05,INERT_WITH_FIRST_CROSSING_PER_CONTACT_AND_NO_LATCH,0.643312101910828,152,1429,70,134,134,87,1.0,0.056817101392737455,True,False,False,0.16985138004246284,0.0,168,2151,96
R2_seed_202608233,0.1,3,0.1,0.05,INERT_WITH_FIRST_CROSSING_PER_CONTACT_AND_NO_LATCH,0.6348195329087049,151,1415,67,134,134,87,1.0,0.055905534193081696,True,False,False,0.16985138004246284,0.0,168,2151,96
R2_seed_202608233,0.1,5,0.0,0.05,INERT_WITH_FIRST_CROSSING_PER_CONTACT_AND_NO_LATCH,0.564755838641189,100,1000,57,121,121,76,1.0,0.056817101392737455,True,False,True,0.16985138004246284,0.0,168,2151,96
R2_seed_202608233,0.1,5,0.1,0.05,INERT_WITH_FIRST_CROSSING_PER_CONTACT_AND_NO_LATCH,0.5583864118895966,99,990,56,121,121,76,1.0,0.055905534193081696,True,False,True,0.16985138004246284,0.0,168,2151,96
R2_seed_202608233,0.15,1,0.0,0.05,INERT_WITH_FIRST_CROSSING_PER_CONTACT_AND_NO_LATCH,0.7961783439490446,168,2146,98,157,157,116,1.0,0.054806752654571904,True,False,False,0.16985138004246284,0.0,168,2151,96
R2_seed_202608233,0.15,1,0.1,0.05,INERT_WITH_FIRST_CROSSING_PER_CONTACT_AND_NO_LATCH,0.7983014861995754,168,2112,95,157,157,115,1.0,0.05400398541100409,True,False,False,0.16985138004246284,0.0,168,2151,96
R2_seed_202608233,0.15,3,0.0,0.05,INERT_WITH_FIRST_CROSSING_PER_CONTACT_AND_NO_LATCH,0.6390658174097664,150,1371,69,133,133,83,1.0,0.054806752654571904,True,False,False,0.16985138004246284,0.0,168,2151,96
R2_seed_202608233,0.15,3,0.1,0.05,INERT_WITH_FIRST_CROSSING_PER_CONTACT_AND_NO_LATCH,0.6263269639065817,149,1361,67,133,133,83,1.0,0.05400398541100409,True,False,False,0.16985138004246284,0.0,168,2151,96
R2_seed_202608233,0.15,5,0.0,0.05,INERT_WITH_FIRST_CROSSING_PER_CONTACT_AND_NO_LATCH,0.5435244161358811,98,977,57,119,119,73,1.0,0.054806752654571904,True,False,True,0.16985138004246284,0.0,168,2151,96
R2_seed_202608233,0.15,5,0.1,0.05,INERT_WITH_FIRST_CROSSING_PER_CONTACT_AND_NO_LATCH,0.5414012738853503,98,969,56,119,119,73,1.0,0.05400398541100409,True,False,True,0.16985138004246284,0.0,168,2151,96
R2_seed_202608233,0.2,1,0.0,0.05,INERT_WITH_FIRST_CROSSING_PER_CONTACT_AND_NO_LATCH,0.7961783439490446,166,2086,98,156,156,112,1.0,0.05294343088409276,True,False,False,0.16985138004246284,0.0,168,2151,96
R2_seed_202608233,0.2,1,0.1,0.05,INERT_WITH_FIRST_CROSSING_PER_CONTACT_AND_NO_LATCH,0.7983014861995754,166,2054,95,156,156,111,1.0,0.05218967262975375,True,False,True,0.16985138004246284,0.0,168,2151,96
R2_seed_202608233,0.2,3,0.0,0.05,INERT_WITH_FIRST_CROSSING_PER_CONTACT_AND_NO_LATCH,0.6263269639065817,136,1312,68,131,131,80,1.0,0.05294343088409276,True,False,False,0.16985138004246284,0.0,168,2151,96
R2_seed_202608233,0.2,3,0.1,0.05,INERT_WITH_FIRST_CROSSING_PER_CONTACT_AND_NO_LATCH,0.6157112526539278,135,1302,66,131,131,80,1.0,0.05218967262975375,True,False,False,0.16985138004246284,0.0,168,2151,96
R2_seed_202608233,0.2,5,0.0,0.05,INERT_WITH_FIRST_CROSSING_PER_CONTACT_AND_NO_LATCH,0.5307855626326964,96,955,56,115,115,70,1.0,0.05294343088409276,True,False,True,0.16985138004246284,0.0,168,2151,96
R2_seed_202608233,0.2,5,0.1,0.05,INERT_WITH_FIRST_CROSSING_PER_CONTACT_AND_NO_LATCH,0.5286624203821656,96,947,55,115,115,70,1.0,0.05218967262975375,True,False,True,0.16985138004246284,0.0,168,2151,96
R2_seed_202608233,0.25,1,0.0,0.05,INERT_WITH_FIRST_CROSSING_PER_CONTACT_AND_NO_LATCH,0.7940552016985138,155,2014,97,154,154,109,1.0,0.051065406416844976,True,False,False,0.16985138004246284,0.0,168,2151,96
R2_seed_202608233,0.25,1,0.1,0.05,INERT_WITH_FIRST_CROSSING_PER_CONTACT_AND_NO_LATCH,0.7961783439490446,154,1981,94,154,154,108,1.0,0.05036261751130392,True,False,True,0.16985138004246284,0.0,168,2151,96
R2_seed_202608233,0.25,3,0.0,0.05,INERT_WITH_FIRST_CROSSING_PER_CONTACT_AND_NO_LATCH,0.6029723991507431,133,1271,68,126,126,77,1.0,0.051065406416844976,True,False,False,0.16985138004246284,0.0,168,2151,96
R2_seed_202608233,0.25,3,0.1,0.05,INERT_WITH_FIRST_CROSSING_PER_CONTACT_AND_NO_LATCH,0.5966029723991507,132,1263,66,126,126,77,1.0,0.05036261751130392,True,False,False,0.16985138004246284,0.0,168,2151,96
R2_seed_202608233,0.25,5,0.0,0.05,INERT_WITH_FIRST_CROSSING_PER_CONTACT_AND_NO_LATCH,0.524416135881104,95,936,55,115,115,66,1.0,0.051065406416844976,True,False,True,0.16985138004246284,0.0,168,2151,96
R2_seed_202608233,0.25,5,0.1,0.05,INERT_WITH_FIRST_CROSSING_PER_CONTACT_AND_NO_LATCH,0.5222929936305732,95,929,53,115,115,66,1.0,0.05036261751130392,True,False,True,0.16985138004246284,0.0,168,2151,96
R2_seed_202608233,0.3,1,0.0,0.05,INERT_WITH_FIRST_CROSSING_PER_CONTACT_AND_NO_LATCH,0.7791932059447984,151,1942,97,152,152,104,1.0,0.04928638010783938,True,False,False,0.16985138004246284,0.0,168,2151,96
R2_seed_202608233,0.3,1,0.1,0.05,INERT_WITH_FIRST_CROSSING_PER_CONTACT_AND_NO_LATCH,0.7813163481953291,150,1910,94,152,152,103,1.0,0.04862769929260425,True,False,True,0.16985138004246284,0.0,168,2151,96
R2_seed_202608233,0.3,3,0.0,0.05,INERT_WITH_FIRST_CROSSING_PER_CONTACT_AND_NO_LATCH,0.6008492569002123,130,1223,66,123,123,69,1.0,0.04928638010783938,True,False,False,0.16985138004246284,0.0,168,2151,96
R2_seed_202608233,0.3,3,0.1,0.05,INERT_WITH_FIRST_CROSSING_PER_CONTACT_AND_NO_LATCH,0.5944798301486199,129,1215,64,123,123,69,1.0,0.04862769929260425,True,False,False,0.16985138004246284,0.0,168,2151,96
R2_seed_202608233,0.3,5,0.0,0.05,INERT_WITH_FIRST_CROSSING_PER_CONTACT_AND_NO_LATCH,0.5116772823779193,93,902,54,111,111,59,1.0,0.04928638010783938,True,False,True,0.16985138004246284,0.0,168,2151,96
R2_seed_202608233,0.3,5,0.1,0.05,INERT_WITH_FIRST_CROSSING_PER_CONTACT_AND_NO_LATCH,0.5095541401273885,93,895,52,111,111,59,1.0,0.04862769929260425,True,False,False,0.16985138004246284,0.0,168,2151,96
R2_seed_202608233,0.35,1,0.0,0.05,INERT_WITH_FIRST_CROSSING_PER_CONTACT_AND_NO_LATCH,0.7664543524416136,147,1860,96,150,150,98,1.0,0.047541660091293944,True,False,False,0.16985138004246284,0.0,168,2151,96
R2_seed_202608233,0.35,1,0.1,0.05,INERT_WITH_FIRST_CROSSING_PER_CONTACT_AND_NO_LATCH,0.7685774946921444,146,1846,93,150,150,97,1.0,0.04699373959171591,True,False,True,0.16985138004246284,0.0,168,2151,96
R2_seed_202608233,0.35,3,0.0,0.05,INERT_WITH_FIRST_CROSSING_PER_CONTACT_AND_NO_LATCH,0.5902335456475584,129,1174,63,120,120,68,1.0,0.047541660091293944,True,False,False,0.16985138004246284,0.0,168,2151,96
R2_seed_202608233,0.35,3,0.1,0.05,INERT_WITH_FIRST_CROSSING_PER_CONTACT_AND_NO_LATCH,0.5817409766454352,129,1166,62,120,120,68,1.0,0.04699373959171591,True,False,False,0.16985138004246284,0.0,168,2151,96
R2_seed_202608233,0.35,5,0.0,0.05,INERT_WITH_FIRST_CROSSING_PER_CONTACT_AND_NO_LATCH,0.4989384288747346,93,883,52,110,110,59,1.0,0.047541660091293944,True,False,False,0.16985138004246284,0.0,168,2151,96
R2_seed_202608233,0.35,5,0.1,0.05,INERT_WITH_FIRST_CROSSING_PER_CONTACT_AND_NO_LATCH,0.4968152866242038,93,877,50,110,110,59,1.0,0.04699373959171591,True,False,False,0.16985138004246284,0.0,168,2151,96
R2_seed_202608233,0.4,1,0.0,0.05,INERT_WITH_FIRST_CROSSING_PER_CONTACT_AND_NO_LATCH,0.7473460721868365,145,1766,96,148,148,93,1.0,0.04548916362239162,True,False,False,0.16985138004246284,0.0,168,2151,96
R2_seed_202608233,0.4,1,0.1,0.05,INERT_WITH_FIRST_CROSSING_PER_CONTACT_AND_NO_LATCH,0.7494692144373672,144,1753,93,148,148,91,1.0,0.04509807188834576,True,False,True,0.16985138004246284,0.0,168,2151,96
R2_seed_202608233,0.4,3,0.0,0.05,INERT_WITH_FIRST_CROSSING_PER_CONTACT_AND_NO_LATCH,0.5605095541401274,127,1127,63,115,115,61,1.0,0.04548916362239162,True,False,False,0.16985138004246284,0.0,168,2151,96
R2_seed_202608233,0.4,3,0.1,0.05,INERT_WITH_FIRST_CROSSING_PER_CONTACT_AND_NO_LATCH,0.5562632696390658,127,1124,62,115,115,61,1.0,0.04509807188834576,True,False,False,0.16985138004246284,0.0,168,2151,96
R2_seed_202608233,0.4,5,0.0,0.05,INERT_WITH_FIRST_CROSSING_PER_CONTACT_AND_NO_LATCH,0.4883227176220807,89,850,51,106,106,50,1.0,0.04548916362239162,True,False,False,0.16985138004246284,0.0,168,2151,96
R2_seed_202608233,0.4,5,0.1,0.05,INERT_WITH_FIRST_CROSSING_PER_CONTACT_AND_NO_LATCH,0.4883227176220807,89,848,49,106,106,51,1.0,0.04509807188834576,True,False,False,0.16985138004246284,0.0,168,2151,96
R2_seed_202608233,0.45,1,0.0,0.05,INERT_WITH_FIRST_CROSSING_PER_CONTACT_AND_NO_LATCH,0.721868365180467,139,1694,92,146,146,92,1.0,0.043203384364760185,True,False,False,0.16985138004246284,0.0,168,2151,96
R2_seed_202608233,0.45,1,0.1,0.05,INERT_WITH_FIRST_CROSSING_PER_CONTACT_AND_NO_LATCH,0.721868365180467,139,1682,91,146,146,90,1.0,0.042949517800554976,True,False,True,0.16985138004246284,0.0,168,2151,96
R2_seed_202608233,0.45,3,0.0,0.05,INERT_WITH_FIRST_CROSSING_PER_CONTACT_AND_NO_LATCH,0.5498938428874734,127,1084,58,113,113,55,1.0,0.043203384364760185,True,False,False,0.16985138004246284,0.0,168,2151,96
R2_seed_202608233,0.45,3,0.1,0.05,INERT_WITH_FIRST_CROSSING_PER_CONTACT_AND_NO_LATCH,0.5498938428874734,127,1081,57,113,113,54,1.0,0.042949517800554976,True,False,False,0.16985138004246284,0.0,168,2151,96
R2_seed_202608233,0.45,5,0.0,0.05,INERT_WITH_FIRST_CROSSING_PER_CONTACT_AND_NO_LATCH,0.49256900212314225,89,827,46,104,104,45,1.0,0.043203384364760185,True,False,False,0.16985138004246284,0.0,168,2151,96
R2_seed_202608233,0.45,5,0.1,0.05,INERT_WITH_FIRST_CROSSING_PER_CONTACT_AND_NO_LATCH,0.49044585987261147,89,826,45,104,104,46,1.0,0.042949517800554976,True,False,False,0.16985138004246284,0.0,168,2151,96
R2_seed_202608233,0.5,1,0.0,0.05,INERT_WITH_FIRST_CROSSING_PER_CONTACT_AND_NO_LATCH,0.7091295116772823,134,1604,84,140,140,84,1.0,0.03998349377242774,True,False,False,0.16985138004246284,0.0,168,2151,96
R2_seed_202608233,0.5,1,0.1,0.05,INERT_WITH_FIRST_CROSSING_PER_CONTACT_AND_NO_LATCH,0.7091295116772823,134,1599,84,140,140,84,1.0,0.03988057489504725,True,False,True,0.16985138004246284,0.0,168,2151,96
R2_seed_202608233,0.5,3,0.0,0.05,INERT_WITH_FIRST_CROSSING_PER_CONTACT_AND_NO_LATCH,0.5265392781316348,124,1020,55,114,114,50,1.0,0.03998349377242774,True,False,False,0.16985138004246284,0.0,168,2151,96
R2_seed_202608233,0.5,3,0.1,0.05,INERT_WITH_FIRST_CROSSING_PER_CONTACT_AND_NO_LATCH,0.5265392781316348,124,1019,55,114,114,50,1.0,0.03988057489504725,True,False,False,0.16985138004246284,0.0,168,2151,96
R2_seed_202608233,0.5,5,0.0,0.05,INERT_WITH_FIRST_CROSSING_PER_CONTACT_AND_NO_LATCH,0.46284501061571126,79,790,43,100,100,44,1.0,0.03998349377242774,True,False,False,0.16985138004246284,0.0,168,2151,96
R2_seed_202608233,0.5,5,0.1,0.05,INERT_WITH_FIRST_CROSSING_PER_CONTACT_AND_NO_LATCH,0.46284501061571126,79,790,43,100,100,44,1.0,0.03988057489504725,True,False,False,0.16985138004246284,0.0,168,2151,96
R2_seed_202608233,0.55,1,0.0,0.05,INERT_WITH_FIRST_CROSSING_PER_CONTACT_AND_NO_LATCH,0.6963906581740976,130,1475,79,137,137,74,1.0,0.03636663036734198,True,False,True,0.16985138004246284,0.0,168,2151,96
R2_seed_202608233,0.55,1,0.1,0.05,INERT_WITH_FIRST_CROSSING_PER_CONTACT_AND_NO_LATCH,0.6963906581740976,130,1475,79,137,137,74,1.0,0.03636663036734198,True,False,True,0.16985138004246284,0.0,168,2151,96
R2_seed_202608233,0.55,3,0.0,0.05,INERT_WITH_FIRST_CROSSING_PER_CONTACT_AND_NO_LATCH,0.5116772823779193,117,964,47,111,111,49,1.0,0.03636663036734198,True,False,False,0.16985138004246284,0.0,168,2151,96
R2_seed_202608233,0.55,3,0.1,0.05,INERT_WITH_FIRST_CROSSING_PER_CONTACT_AND_NO_LATCH,0.5116772823779193,117,964,47,111,111,49,1.0,0.03636663036734198,True,False,False,0.16985138004246284,0.0,168,2151,96
R2_seed_202608233,0.55,5,0.0,0.05,INERT_WITH_FIRST_CROSSING_PER_CONTACT_AND_NO_LATCH,0.4437367303609342,71,733,41,97,97,42,1.0,0.03636663036734198,True,False,True,0.16985138004246284,0.0,168,2151,96
R2_seed_202608233,0.55,5,0.1,0.05,INERT_WITH_FIRST_CROSSING_PER_CONTACT_AND_NO_LATCH,0.4437367303609342,71,733,41,97,97,42,1.0,0.03636663036734198,True,False,True,0.16985138004246284,0.0,168,2151,96
R2_seed_202608233,0.6,1,0.0,0.05,INERT_WITH_FIRST_CROSSING_PER_CONTACT_AND_NO_LATCH,0.6900212314225053,125,1370,69,136,136,72,1.0,0.03279681559191587,True,False,True,0.16985138004246284,0.0,168,2151,96
R2_seed_202608233,0.6,1,0.1,0.05,INERT_WITH_FIRST_CROSSING_PER_CONTACT_AND_NO_LATCH,0.6900212314225053,125,1370,69,136,136,72,1.0,0.03279681559191587,True,False,True,0.16985138004246284,0.0,168,2151,96
R2_seed_202608233,0.6,3,0.0,0.05,INERT_WITH_FIRST_CROSSING_PER_CONTACT_AND_NO_LATCH,0.4883227176220807,114,912,44,110,110,46,1.0,0.03279681559191587,True,False,False,0.16985138004246284,0.0,168,2151,96
R2_seed_202608233,0.6,3,0.1,0.05,INERT_WITH_FIRST_CROSSING_PER_CONTACT_AND_NO_LATCH,0.4883227176220807,114,912,44,110,110,46,1.0,0.03279681559191587,True,False,False,0.16985138004246284,0.0,168,2151,96
R2_seed_202608233,0.6,5,0.0,0.05,INERT_WITH_FIRST_CROSSING_PER_CONTACT_AND_NO_LATCH,0.416135881104034,64,674,41,94,94,38,1.0,0.03279681559191587,True,False,True,0.16985138004246284,0.0,168,2151,96
R2_seed_202608233,0.6,5,0.1,0.05,INERT_WITH_FIRST_CROSSING_PER_CONTACT_AND_NO_LATCH,0.416135881104034,64,674,41,94,94,38,1.0,0.03279681559191587,True,False,True,0.16985138004246284,0.0,168,2151,96
R2_seed_202608233,0.65,1,0.0,0.05,INERT_WITH_FIRST_CROSSING_PER_CONTACT_AND_NO_LATCH,0.6772823779193206,120,1279,62,129,129,69,1.0,0.029353444008700075,True,False,True,0.16985138004246284,0.0,168,2151,96
R2_seed_202608233,0.65,1,0.1,0.05,INERT_WITH_FIRST_CROSSING_PER_CONTACT_AND_NO_LATCH,0.6772823779193206,120,1279,62,129,129,69,1.0,0.029353444008700075,True,False,True,0.16985138004246284,0.0,168,2151,96
R2_seed_202608233,0.65,3,0.0,0.05,INERT_WITH_FIRST_CROSSING_PER_CONTACT_AND_NO_LATCH,0.4713375796178344,106,854,42,109,109,43,1.0,0.029353444008700075,True,False,False,0.16985138004246284,0.0,168,2151,96
R2_seed_202608233,0.65,3,0.1,0.05,INERT_WITH_FIRST_CROSSING_PER_CONTACT_AND_NO_LATCH,0.4713375796178344,106,854,42,109,109,43,1.0,0.029353444008700075,True,False,False,0.16985138004246284,0.0,168,2151,96
R2_seed_202608233,0.65,5,0.0,0.05,INERT_WITH_FIRST_CROSSING_PER_CONTACT_AND_NO_LATCH,0.3885350318471338,54,618,37,93,93,34,1.0,0.029353444008700075,True,False,False,0.16985138004246284,0.0,168,2151,96
R2_seed_202608233,0.65,5,0.1,0.05,INERT_WITH_FIRST_CROSSING_PER_CONTACT_AND_NO_LATCH,0.3885350318471338,54,618,37,93,93,34,1.0,0.029353444008700075,True,False,False,0.16985138004246284,0.0,168,2151,96
R2_seed_202608233,0.7,1,0.0,0.05,INERT_WITH_FIRST_CROSSING_PER_CONTACT_AND_NO_LATCH,0.6645435244161358,116,1187,52,127,127,60,1.0,0.02565032478257162,True,False,True,0.16985138004246284,0.0,168,2151,96
R2_seed_202608233,0.7,1,0.1,0.05,INERT_WITH_FIRST_CROSSING_PER_CONTACT_AND_NO_LATCH,0.6645435244161358,116,1187,52,127,127,60,1.0,0.02565032478257162,True,False,True,0.16985138004246284,0.0,168,2151,96
R2_seed_202608233,0.7,3,0.0,0.05,INERT_WITH_FIRST_CROSSING_PER_CONTACT_AND_NO_LATCH,0.4288747346072187,97,792,39,106,106,40,1.0,0.02565032478257162,True,False,True,0.16985138004246284,0.0,168,2151,96
R2_seed_202608233,0.7,3,0.1,0.05,INERT_WITH_FIRST_CROSSING_PER_CONTACT_AND_NO_LATCH,0.4288747346072187,97,792,39,106,106,40,1.0,0.02565032478257162,True,False,True,0.16985138004246284,0.0,168,2151,96
R2_seed_202608233,0.7,5,0.0,0.05,INERT_WITH_FIRST_CROSSING_PER_CONTACT_AND_NO_LATCH,0.3651804670912951,45,541,34,89,89,31,1.0,0.02565032478257162,True,False,True,0.16985138004246284,0.0,168,2151,96
R2_seed_202608233,0.7,5,0.1,0.05,INERT_WITH_FIRST_CROSSING_PER_CONTACT_AND_NO_LATCH,0.3651804670912951,45,541,34,89,89,31,1.0,0.02565032478257162,True,False,True,0.16985138004246284,0.0,168,2151,96
R2_seed_202608233,0.75,1,0.0,0.05,INERT_WITH_FIRST_CROSSING_PER_CONTACT_AND_NO_LATCH,0.6284501061571125,112,1072,49,121,121,55,1.0,0.021823702903586577,True,False,True,0.16985138004246284,0.0,168,2151,96
R2_seed_202608233,0.75,1,0.1,0.05,INERT_WITH_FIRST_CROSSING_PER_CONTACT_AND_NO_LATCH,0.6284501061571125,112,1072,49,121,121,55,1.0,0.021823702903586577,True,False,True,0.16985138004246284,0.0,168,2151,96
R2_seed_202608233,0.75,3,0.0,0.05,INERT_WITH_FIRST_CROSSING_PER_CONTACT_AND_NO_LATCH,0.3970276008492569,92,719,36,102,102,36,1.0,0.021823702903586577,True,False,False,0.16985138004246284,0.0,168,2151,96
R2_seed_202608233,0.75,3,0.1,0.05,INERT_WITH_FIRST_CROSSING_PER_CONTACT_AND_NO_LATCH,0.3970276008492569,92,719,36,102,102,36,1.0,0.021823702903586577,True,False,False,0.16985138004246284,0.0,168,2151,96
R2_seed_202608233,0.75,5,0.0,0.05,INERT_WITH_FIRST_CROSSING_PER_CONTACT_AND_NO_LATCH,0.34394904458598724,29,449,32,87,87,26,1.0,0.021823702903586577,True,False,True,0.16985138004246284,0.0,168,2151,96
R2_seed_202608233,0.75,5,0.1,0.05,INERT_WITH_FIRST_CROSSING_PER_CONTACT_AND_NO_LATCH,0.34394904458598724,29,449,32,87,87,26,1.0,0.021823702903586577,True,False,True,0.16985138004246284,0.0,168,2151,96
R2_seed_202608233,0.8,1,0.0,0.05,INERT_WITH_FIRST_CROSSING_PER_CONTACT_AND_NO_LATCH,0.583864118895966,103,954,46,119,119,45,1.0,0.017707927988151587,True,False,True,0.16985138004246284,0.0,168,2151,96
R2_seed_202608233,0.8,1,0.1,0.05,INERT_WITH_FIRST_CROSSING_PER_CONTACT_AND_NO_LATCH,0.583864118895966,103,954,46,119,119,45,1.0,0.017707927988151587,True,False,True,0.16985138004246284,0.0,168,2151,96
R2_seed_202608233,0.8,3,0.0,0.05,INERT_WITH_FIRST_CROSSING_PER_CONTACT_AND_NO_LATCH,0.3609341825902335,87,608,33,98,98,30,1.0,0.017707927988151587,True,False,True,0.16985138004246284,0.0,168,2151,96
R2_seed_202608233,0.8,3,0.1,0.05,INERT_WITH_FIRST_CROSSING_PER_CONTACT_AND_NO_LATCH,0.3609341825902335,87,608,33,98,98,30,1.0,0.017707927988151587,True,False,True,0.16985138004246284,0.0,168,2151,96
R2_seed_202608233,0.8,5,0.0,0.05,INERT_WITH_FIRST_CROSSING_PER_CONTACT_AND_NO_LATCH,0.29723991507430997,13,383,29,86,86,20,1.0,0.017707927988151587,True,False,True,0.16985138004246284,0.0,168,2151,96
R2_seed_202608233,0.8,5,0.1,0.05,INERT_WITH_FIRST_CROSSING_PER_CONTACT_AND_NO_LATCH,0.29723991507430997,13,383,29,86,86,20,1.0,0.017707927988151587,True,False,True,0.16985138004246284,0.0,168,2151,96
R2_seed_202608233,0.85,1,0.0,0.05,INERT_WITH_FIRST_CROSSING_PER_CONTACT_AND_NO_LATCH,0.5095541401273885,75,779,42,115,115,42,1.0,0.013136369472888718,True,False,True,0.16985138004246284,0.0,168,2151,96
R2_seed_202608233,0.85,1,0.1,0.05,INERT_WITH_FIRST_CROSSING_PER_CONTACT_AND_NO_LATCH,0.5095541401273885,75,779,42,115,115,42,1.0,0.013136369472888718,True,False,True,0.16985138004246284,0.0,168,2151,96
R2_seed_202608233,0.85,3,0.0,0.05,INERT_WITH_FIRST_CROSSING_PER_CONTACT_AND_NO_LATCH,0.2908704883227176,52,462,31,93,93,26,1.0,0.013136369472888718,True,False,False,0.16985138004246284,0.0,168,2151,96
R2_seed_202608233,0.85,3,0.1,0.05,INERT_WITH_FIRST_CROSSING_PER_CONTACT_AND_NO_LATCH,0.2908704883227176,52,462,31,93,93,26,1.0,0.013136369472888718,True,False,False,0.16985138004246284,0.0,168,2151,96
R2_seed_202608233,0.85,5,0.0,0.05,INERT_WITH_FIRST_CROSSING_PER_CONTACT_AND_NO_LATCH,0.22717622080679406,1,294,22,82,82,14,1.0,0.013136369472888718,True,False,True,0.16985138004246284,0.0,168,2151,96
R2_seed_202608233,0.85,5,0.1,0.05,INERT_WITH_FIRST_CROSSING_PER_CONTACT_AND_NO_LATCH,0.22717622080679406,1,294,22,82,82,14,1.0,0.013136369472888718,True,False,True,0.16985138004246284,0.0,168,2151,96
R2_seed_202608233,0.9,1,0.0,0.05,INERT_WITH_FIRST_CROSSING_PER_CONTACT_AND_NO_LATCH,0.3970276008492569,52,589,36,106,106,30,1.0,0.00859421635116313,True,False,True,0.16985138004246284,0.0,168,2151,96
R2_seed_202608233,0.9,1,0.1,0.05,INERT_WITH_FIRST_CROSSING_PER_CONTACT_AND_NO_LATCH,0.3970276008492569,52,589,36,106,106,30,1.0,0.00859421635116313,True,False,True,0.16985138004246284,0.0,168,2151,96
R2_seed_202608233,0.9,3,0.0,0.05,INERT_WITH_FIRST_CROSSING_PER_CONTACT_AND_NO_LATCH,0.21868365180467092,13,319,22,85,85,17,1.0,0.00859421635116313,True,False,False,0.16985138004246284,0.0,168,2151,96
R2_seed_202608233,0.9,3,0.1,0.05,INERT_WITH_FIRST_CROSSING_PER_CONTACT_AND_NO_LATCH,0.21868365180467092,13,319,22,85,85,17,1.0,0.00859421635116313,True,False,False,0.16985138004246284,0.0,168,2151,96
R2_seed_202608233,0.9,5,0.0,0.05,INERT_WITH_FIRST_CROSSING_PER_CONTACT_AND_NO_LATCH,0.16985138004246284,0,224,21,76,76,9,1.0,0.00859421635116313,True,False,True,0.16985138004246284,0.0,168,2151,96
R2_seed_202608233,0.9,5,0.1,0.05,INERT_WITH_FIRST_CROSSING_PER_CONTACT_AND_NO_LATCH,0.16985138004246284,0,224,21,76,76,9,1.0,0.00859421635116313,True,False,True,0.16985138004246284,0.0,168,2151,96
R2_seed_202608233,0.95,1,0.0,0.05,INERT_WITH_FIRST_CROSSING_PER_CONTACT_AND_NO_LATCH,0.23991507430997877,11,326,27,97,97,22,1.0,0.003892293924551641,True,False,True,0.16985138004246284,0.0,168,2151,96
R2_seed_202608233,0.95,1,0.1,0.05,INERT_WITH_FIRST_CROSSING_PER_CONTACT_AND_NO_LATCH,0.23991507430997877,11,326,27,97,97,22,1.0,0.003892293924551641,True,False,True,0.16985138004246284,0.0,168,2151,96
R2_seed_202608233,0.95,3,0.0,0.05,INERT_WITH_FIRST_CROSSING_PER_CONTACT_AND_NO_LATCH,0.12951167728237792,1,186,18,78,78,8,1.0,0.003892293924551641,True,False,True,0.16985138004246284,0.0,168,2151,96
R2_seed_202608233,0.95,3,0.1,0.05,INERT_WITH_FIRST_CROSSING_PER_CONTACT_AND_NO_LATCH,0.12951167728237792,1,186,18,78,78,8,1.0,0.003892293924551641,True,False,True,0.16985138004246284,0.0,168,2151,96
R2_seed_202608233,0.95,5,0.0,0.05,INERT_WITH_FIRST_CROSSING_PER_CONTACT_AND_NO_LATCH,0.09554140127388536,0,145,11,72,72,5,1.0,0.003892293924551641,True,False,True,0.16985138004246284,0.0,168,2151,96
R2_seed_202608233,0.95,5,0.1,0.05,INERT_WITH_FIRST_CROSSING_PER_CONTACT_AND_NO_LATCH,0.09554140127388536,0,145,11,72,72,5,1.0,0.003892293924551641,True,False,True,0.16985138004246284,0.0,168,2151,96
R2_seed_202608233,0.99,1,0.0,0.05,INERT_WITH_FIRST_CROSSING_PER_CONTACT_AND_NO_LATCH,0.08917197452229299,0,137,7,76,76,7,1.0,0.0009047059411637282,True,False,True,0.16985138004246284,0.0,168,2151,96
R2_seed_202608233,0.99,1,0.1,0.05,INERT_WITH_FIRST_CROSSING_PER_CONTACT_AND_NO_LATCH,0.08917197452229299,0,137,7,76,76,7,1.0,0.0009047059411637282,True,False,True,0.16985138004246284,0.0,168,2151,96
R2_seed_202608233,0.99,3,0.0,0.05,INERT_WITH_FIRST_CROSSING_PER_CONTACT_AND_NO_LATCH,0.036093418259023353,0,92,4,64,64,5,1.0,0.0009047059411637282,True,False,True,0.16985138004246284,0.0,168,2151,96
R2_seed_202608233,0.99,3,0.1,0.05,INERT_WITH_FIRST_CROSSING_PER_CONTACT_AND_NO_LATCH,0.036093418259023353,0,92,4,64,64,5,1.0,0.0009047059411637282,True,False,True,0.16985138004246284,0.0,168,2151,96
R2_seed_202608233,0.99,5,0.0,0.05,INERT_WITH_FIRST_CROSSING_PER_CONTACT_AND_NO_LATCH,0.027600849256900213,0,74,3,55,55,5,1.0,0.0009047059411637282,True,False,True,0.16985138004246284,0.0,168,2151,96
R2_seed_202608233,0.99,5,0.1,0.05,INERT_WITH_FIRST_CROSSING_PER_CONTACT_AND_NO_LATCH,0.027600849256900213,0,74,3,55,55,5,1.0,0.0009047059411637282,True,False,True,0.16985138004246284,0.0,168,2151,96
R3_seed_202608231,0.05,1,0.0,0.05,INERT_WITH_FIRST_CROSSING_PER_CONTACT_AND_NO_LATCH,0.6751592356687898,208,4144,225,192,192,188,1.0,0.25838911373124057,True,False,False,0.0,0.0,UNACHIEVABLE,UNACHIEVABLE,UNACHIEVABLE
R3_seed_202608231,0.05,1,0.1,0.05,INERT_WITH_FIRST_CROSSING_PER_CONTACT_AND_NO_LATCH,0.673036093418259,208,4106,223,184,184,189,1.0,0.2527148529583296,True,False,False,0.0,0.0,UNACHIEVABLE,UNACHIEVABLE,UNACHIEVABLE
R3_seed_202608231,0.05,3,0.0,0.05,INERT_WITH_FIRST_CROSSING_PER_CONTACT_AND_NO_LATCH,0.6518046709129511,208,3740,214,165,165,159,1.0,0.25838911373124057,True,False,False,0.0,0.0,UNACHIEVABLE,UNACHIEVABLE,UNACHIEVABLE
R3_seed_202608231,0.05,3,0.1,0.05,INERT_WITH_FIRST_CROSSING_PER_CONTACT_AND_NO_LATCH,0.6539278131634819,208,3699,213,157,157,158,1.0,0.2527148529583296,True,False,False,0.0,0.0,UNACHIEVABLE,UNACHIEVABLE,UNACHIEVABLE
R3_seed_202608231,0.05,5,0.0,0.05,INERT_WITH_FIRST_CROSSING_PER_CONTACT_AND_NO_LATCH,0.6518046709129511,208,3395,193,147,147,134,1.0,0.25838911373124057,True,False,False,0.0,0.0,UNACHIEVABLE,UNACHIEVABLE,UNACHIEVABLE
R3_seed_202608231,0.05,5,0.1,0.05,INERT_WITH_FIRST_CROSSING_PER_CONTACT_AND_NO_LATCH,0.6496815286624203,208,3364,193,145,145,130,1.0,0.2527148529583296,True,False,False,0.0,0.0,UNACHIEVABLE,UNACHIEVABLE,UNACHIEVABLE
R3_seed_202608231,0.1,1,0.0,0.05,INERT_WITH_FIRST_CROSSING_PER_CONTACT_AND_NO_LATCH,0.6709129511677282,208,4114,225,184,184,188,1.0,0.257125661988922,True,False,False,0.0,0.0,UNACHIEVABLE,UNACHIEVABLE,UNACHIEVABLE
R3_seed_202608231,0.1,1,0.1,0.05,INERT_WITH_FIRST_CROSSING_PER_CONTACT_AND_NO_LATCH,0.673036093418259,208,4106,223,184,184,189,1.0,0.2527148529583296,True,False,False,0.0,0.0,UNACHIEVABLE,UNACHIEVABLE,UNACHIEVABLE
R3_seed_202608231,0.1,3,0.0,0.05,INERT_WITH_FIRST_CROSSING_PER_CONTACT_AND_NO_LATCH,0.6518046709129511,208,3718,214,157,157,159,1.0,0.257125661988922,True,False,False,0.0,0.0,UNACHIEVABLE,UNACHIEVABLE,UNACHIEVABLE
R3_seed_202608231,0.1,3,0.1,0.05,INERT_WITH_FIRST_CROSSING_PER_CONTACT_AND_NO_LATCH,0.6539278131634819,208,3699,213,157,157,158,1.0,0.2527148529583296,True,False,False,0.0,0.0,UNACHIEVABLE,UNACHIEVABLE,UNACHIEVABLE
R3_seed_202608231,0.1,5,0.0,0.05,INERT_WITH_FIRST_CROSSING_PER_CONTACT_AND_NO_LATCH,0.6496815286624203,208,3386,193,145,145,134,1.0,0.257125661988922,True,False,False,0.0,0.0,UNACHIEVABLE,UNACHIEVABLE,UNACHIEVABLE
R3_seed_202608231,0.1,5,0.1,0.05,INERT_WITH_FIRST_CROSSING_PER_CONTACT_AND_NO_LATCH,0.6496815286624203,208,3364,193,145,145,130,1.0,0.2527148529583296,True,False,False,0.0,0.0,UNACHIEVABLE,UNACHIEVABLE,UNACHIEVABLE
R3_seed_202608231,0.15,1,0.0,0.05,INERT_WITH_FIRST_CROSSING_PER_CONTACT_AND_NO_LATCH,0.6709129511677282,208,4102,225,181,181,188,1.0,0.25603766242804255,True,False,False,0.0,0.0,UNACHIEVABLE,UNACHIEVABLE,UNACHIEVABLE
R3_seed_202608231,0.15,1,0.1,0.05,INERT_WITH_FIRST_CROSSING_PER_CONTACT_AND_NO_LATCH,0.673036093418259,208,4095,223,181,181,189,1.0,0.2516778227462481,True,False,False,0.0,0.0,UNACHIEVABLE,UNACHIEVABLE,UNACHIEVABLE
R3_seed_202608231,0.15,3,0.0,0.05,INERT_WITH_FIRST_CROSSING_PER_CONTACT_AND_NO_LATCH,0.6539278131634819,208,3699,213,154,154,160,1.0,0.25603766242804255,True,False,False,0.0,0.0,UNACHIEVABLE,UNACHIEVABLE,UNACHIEVABLE
R3_seed_202608231,0.15,3,0.1,0.05,INERT_WITH_FIRST_CROSSING_PER_CONTACT_AND_NO_LATCH,0.6560509554140127,208,3683,212,154,154,159,1.0,0.2516778227462481,True,False,False,0.0,0.0,UNACHIEVABLE,UNACHIEVABLE,UNACHIEVABLE
R3_seed_202608231,0.15,5,0.0,0.05,INERT_WITH_FIRST_CROSSING_PER_CONTACT_AND_NO_LATCH,0.6518046709129511,208,3379,193,142,142,134,1.0,0.25603766242804255,True,False,False,0.0,0.0,UNACHIEVABLE,UNACHIEVABLE,UNACHIEVABLE
R3_seed_202608231,0.15,5,0.1,0.05,INERT_WITH_FIRST_CROSSING_PER_CONTACT_AND_NO_LATCH,0.6518046709129511,208,3358,193,142,142,131,1.0,0.2516778227462481,True,False,False,0.0,0.0,UNACHIEVABLE,UNACHIEVABLE,UNACHIEVABLE
R3_seed_202608231,0.2,1,0.0,0.05,INERT_WITH_FIRST_CROSSING_PER_CONTACT_AND_NO_LATCH,0.6709129511677282,208,4089,225,179,179,187,1.0,0.25499279077768444,True,False,False,0.0,0.0,UNACHIEVABLE,UNACHIEVABLE,UNACHIEVABLE
R3_seed_202608231,0.2,1,0.1,0.05,INERT_WITH_FIRST_CROSSING_PER_CONTACT_AND_NO_LATCH,0.673036093418259,208,4082,223,179,179,188,1.0,0.2506456934330895,True,False,False,0.0,0.0,UNACHIEVABLE,UNACHIEVABLE,UNACHIEVABLE
R3_seed_202608231,0.2,3,0.0,0.05,INERT_WITH_FIRST_CROSSING_PER_CONTACT_AND_NO_LATCH,0.6539278131634819,208,3692,213,151,151,160,1.0,0.25499279077768444,True,False,False,0.0,0.0,UNACHIEVABLE,UNACHIEVABLE,UNACHIEVABLE
R3_seed_202608231,0.2,3,0.1,0.05,INERT_WITH_FIRST_CROSSING_PER_CONTACT_AND_NO_LATCH,0.6560509554140127,208,3676,212,151,151,159,1.0,0.2506456934330895,True,False,False,0.0,0.0,UNACHIEVABLE,UNACHIEVABLE,UNACHIEVABLE
R3_seed_202608231,0.2,5,0.0,0.05,INERT_WITH_FIRST_CROSSING_PER_CONTACT_AND_NO_LATCH,0.6496815286624203,208,3368,193,139,139,133,1.0,0.25499279077768444,True,False,False,0.0,0.0,UNACHIEVABLE,UNACHIEVABLE,UNACHIEVABLE
R3_seed_202608231,0.2,5,0.1,0.05,INERT_WITH_FIRST_CROSSING_PER_CONTACT_AND_NO_LATCH,0.6496815286624203,208,3347,193,139,139,130,1.0,0.2506456934330895,True,False,False,0.0,0.0,UNACHIEVABLE,UNACHIEVABLE,UNACHIEVABLE
R3_seed_202608231,0.25,1,0.0,0.05,INERT_WITH_FIRST_CROSSING_PER_CONTACT_AND_NO_LATCH,0.6687898089171974,208,4076,225,178,178,185,1.0,0.25410474789285853,True,False,False,0.0,0.0,UNACHIEVABLE,UNACHIEVABLE,UNACHIEVABLE
R3_seed_202608231,0.25,1,0.1,0.05,INERT_WITH_FIRST_CROSSING_PER_CONTACT_AND_NO_LATCH,0.6709129511677282,208,4070,223,178,178,186,1.0,0.24977039288546304,True,False,False,0.0,0.0,UNACHIEVABLE,UNACHIEVABLE,UNACHIEVABLE
R3_seed_202608231,0.25,3,0.0,0.05,INERT_WITH_FIRST_CROSSING_PER_CONTACT_AND_NO_LATCH,0.6539278131634819,208,3685,213,149,149,160,1.0,0.25410474789285853,True,False,False,0.0,0.0,UNACHIEVABLE,UNACHIEVABLE,UNACHIEVABLE
R3_seed_202608231,0.25,3,0.1,0.05,INERT_WITH_FIRST_CROSSING_PER_CONTACT_AND_NO_LATCH,0.6560509554140127,208,3669,212,149,149,159,1.0,0.24977039288546304,True,False,False,0.0,0.0,UNACHIEVABLE,UNACHIEVABLE,UNACHIEVABLE
R3_seed_202608231,0.25,5,0.0,0.05,INERT_WITH_FIRST_CROSSING_PER_CONTACT_AND_NO_LATCH,0.6496815286624203,208,3359,193,138,138,131,1.0,0.25410474789285853,True,False,False,0.0,0.0,UNACHIEVABLE,UNACHIEVABLE,UNACHIEVABLE
R3_seed_202608231,0.25,5,0.1,0.05,INERT_WITH_FIRST_CROSSING_PER_CONTACT_AND_NO_LATCH,0.6496815286624203,208,3338,193,138,138,128,1.0,0.24977039288546304,True,False,False,0.0,0.0,UNACHIEVABLE,UNACHIEVABLE,UNACHIEVABLE
R3_seed_202608231,0.3,1,0.0,0.05,INERT_WITH_FIRST_CROSSING_PER_CONTACT_AND_NO_LATCH,0.6666666666666666,208,4062,225,174,174,185,1.0,0.2531716167379421,True,False,False,0.0,0.0,UNACHIEVABLE,UNACHIEVABLE,UNACHIEVABLE
R3_seed_202608231,0.3,1,0.1,0.05,INERT_WITH_FIRST_CROSSING_PER_CONTACT_AND_NO_LATCH,0.6687898089171974,208,4056,223,174,174,186,1.0,0.24885490496666898,True,False,False,0.0,0.0,UNACHIEVABLE,UNACHIEVABLE,UNACHIEVABLE
R3_seed_202608231,0.3,3,0.0,0.05,INERT_WITH_FIRST_CROSSING_PER_CONTACT_AND_NO_LATCH,0.6496815286624203,208,3676,213,147,147,159,1.0,0.2531716167379421,True,False,False,0.0,0.0,UNACHIEVABLE,UNACHIEVABLE,UNACHIEVABLE
R3_seed_202608231,0.3,3,0.1,0.05,INERT_WITH_FIRST_CROSSING_PER_CONTACT_AND_NO_LATCH,0.6518046709129511,208,3661,212,147,147,158,1.0,0.24885490496666898,True,False,False,0.0,0.0,UNACHIEVABLE,UNACHIEVABLE,UNACHIEVABLE
R3_seed_202608231,0.3,5,0.0,0.05,INERT_WITH_FIRST_CROSSING_PER_CONTACT_AND_NO_LATCH,0.6496815286624203,208,3356,193,137,137,130,1.0,0.2531716167379421,True,False,False,0.0,0.0,UNACHIEVABLE,UNACHIEVABLE,UNACHIEVABLE
R3_seed_202608231,0.3,5,0.1,0.05,INERT_WITH_FIRST_CROSSING_PER_CONTACT_AND_NO_LATCH,0.6496815286624203,208,3335,193,137,137,127,1.0,0.24885490496666898,True,False,False,0.0,0.0,UNACHIEVABLE,UNACHIEVABLE,UNACHIEVABLE
R3_seed_202608231,0.35,1,0.0,0.05,INERT_WITH_FIRST_CROSSING_PER_CONTACT_AND_NO_LATCH,0.6687898089171974,208,4053,224,173,173,186,1.0,0.25201304423257315,True,False,False,0.0,0.0,UNACHIEVABLE,UNACHIEVABLE,UNACHIEVABLE
R3_seed_202608231,0.35,1,0.1,0.05,INERT_WITH_FIRST_CROSSING_PER_CONTACT_AND_NO_LATCH,0.6709129511677282,208,4047,222,173,173,186,1.0,0.24777964774298902,True,False,False,0.0,0.0,UNACHIEVABLE,UNACHIEVABLE,UNACHIEVABLE
R3_seed_202608231,0.35,3,0.0,0.05,INERT_WITH_FIRST_CROSSING_PER_CONTACT_AND_NO_LATCH,0.6475583864118896,208,3666,213,145,145,158,1.0,0.25201304423257315,True,False,False,0.0,0.0,UNACHIEVABLE,UNACHIEVABLE,UNACHIEVABLE
R3_seed_202608231,0.35,3,0.1,0.05,INERT_WITH_FIRST_CROSSING_PER_CONTACT_AND_NO_LATCH,0.6496815286624203,208,3650,212,145,145,157,1.0,0.24777964774298902,True,False,False,0.0,0.0,UNACHIEVABLE,UNACHIEVABLE,UNACHIEVABLE
R3_seed_202608231,0.35,5,0.0,0.05,INERT_WITH_FIRST_CROSSING_PER_CONTACT_AND_NO_LATCH,0.6496815286624203,208,3343,193,133,133,130,1.0,0.25201304423257315,True,False,False,0.0,0.0,UNACHIEVABLE,UNACHIEVABLE,UNACHIEVABLE
R3_seed_202608231,0.35,5,0.1,0.05,INERT_WITH_FIRST_CROSSING_PER_CONTACT_AND_NO_LATCH,0.6496815286624203,208,3323,193,133,133,127,1.0,0.24777964774298902,True,False,False,0.0,0.0,UNACHIEVABLE,UNACHIEVABLE,UNACHIEVABLE
R3_seed_202608231,0.4,1,0.0,0.05,INERT_WITH_FIRST_CROSSING_PER_CONTACT_AND_NO_LATCH,0.6687898089171974,208,4041,223,169,169,185,1.0,0.24988409374047388,True,False,False,0.0,0.0,UNACHIEVABLE,UNACHIEVABLE,UNACHIEVABLE
R3_seed_202608231,0.4,1,0.1,0.05,INERT_WITH_FIRST_CROSSING_PER_CONTACT_AND_NO_LATCH,0.6709129511677282,208,4036,221,169,169,185,1.0,0.2463907329882447,True,False,False,0.0,0.0,UNACHIEVABLE,UNACHIEVABLE,UNACHIEVABLE
R3_seed_202608231,0.4,3,0.0,0.05,INERT_WITH_FIRST_CROSSING_PER_CONTACT_AND_NO_LATCH,0.6454352441613588,208,3653,213,143,143,157,1.0,0.24988409374047388,True,False,False,0.0,0.0,UNACHIEVABLE,UNACHIEVABLE,UNACHIEVABLE
R3_seed_202608231,0.4,3,0.1,0.05,INERT_WITH_FIRST_CROSSING_PER_CONTACT_AND_NO_LATCH,0.6475583864118896,208,3638,212,143,143,156,1.0,0.2463907329882447,True,False,False,0.0,0.0,UNACHIEVABLE,UNACHIEVABLE,UNACHIEVABLE
R3_seed_202608231,0.4,5,0.0,0.05,INERT_WITH_FIRST_CROSSING_PER_CONTACT_AND_NO_LATCH,0.6454352441613588,208,3326,193,132,132,129,1.0,0.24988409374047388,True,False,False,0.0,0.0,UNACHIEVABLE,UNACHIEVABLE,UNACHIEVABLE
R3_seed_202608231,0.4,5,0.1,0.05,INERT_WITH_FIRST_CROSSING_PER_CONTACT_AND_NO_LATCH,0.6454352441613588,208,3306,193,132,132,126,1.0,0.2463907329882447,True,False,False,0.0,0.0,UNACHIEVABLE,UNACHIEVABLE,UNACHIEVABLE
R3_seed_202608231,0.45,1,0.0,0.05,INERT_WITH_FIRST_CROSSING_PER_CONTACT_AND_NO_LATCH,0.6666666666666666,208,4026,223,164,164,185,1.0,0.2460182646701058,True,False,False,0.0,0.0,UNACHIEVABLE,UNACHIEVABLE,UNACHIEVABLE
R3_seed_202608231,0.45,1,0.1,0.05,INERT_WITH_FIRST_CROSSING_PER_CONTACT_AND_NO_LATCH,0.6687898089171974,208,4020,221,164,164,184,1.0,0.243354136015628,True,False,False,0.0,0.0,UNACHIEVABLE,UNACHIEVABLE,UNACHIEVABLE
R3_seed_202608231,0.45,3,0.0,0.05,INERT_WITH_FIRST_CROSSING_PER_CONTACT_AND_NO_LATCH,0.6475583864118896,208,3633,212,141,141,155,1.0,0.2460182646701058,True,False,False,0.0,0.0,UNACHIEVABLE,UNACHIEVABLE,UNACHIEVABLE
R3_seed_202608231,0.45,3,0.1,0.05,INERT_WITH_FIRST_CROSSING_PER_CONTACT_AND_NO_LATCH,0.6496815286624203,208,3622,211,141,141,155,1.0,0.243354136015628,True,False,False,0.0,0.0,UNACHIEVABLE,UNACHIEVABLE,UNACHIEVABLE
R3_seed_202608231,0.45,5,0.0,0.05,INERT_WITH_FIRST_CROSSING_PER_CONTACT_AND_NO_LATCH,0.6390658174097664,208,3311,193,131,131,126,1.0,0.2460182646701058,True,False,False,0.0,0.0,UNACHIEVABLE,UNACHIEVABLE,UNACHIEVABLE
R3_seed_202608231,0.45,5,0.1,0.05,INERT_WITH_FIRST_CROSSING_PER_CONTACT_AND_NO_LATCH,0.6390658174097664,208,3297,193,131,131,125,1.0,0.243354136015628,True,False,False,0.0,0.0,UNACHIEVABLE,UNACHIEVABLE,UNACHIEVABLE
R3_seed_202608231,0.5,1,0.0,0.05,INERT_WITH_FIRST_CROSSING_PER_CONTACT_AND_NO_LATCH,0.6666666666666666,208,3999,223,162,162,185,1.0,0.2334425580339946,True,False,False,0.0,0.0,UNACHIEVABLE,UNACHIEVABLE,UNACHIEVABLE
R3_seed_202608231,0.5,1,0.1,0.05,INERT_WITH_FIRST_CROSSING_PER_CONTACT_AND_NO_LATCH,0.6687898089171974,208,3996,221,162,162,185,1.0,0.23185662714255048,True,False,False,0.0,0.0,UNACHIEVABLE,UNACHIEVABLE,UNACHIEVABLE
R3_seed_202608231,0.5,3,0.0,0.05,INERT_WITH_FIRST_CROSSING_PER_CONTACT_AND_NO_LATCH,0.6411889596602972,208,3573,210,139,139,154,1.0,0.2334425580339946,True,False,False,0.0,0.0,UNACHIEVABLE,UNACHIEVABLE,UNACHIEVABLE
R3_seed_202608231,0.5,3,0.1,0.05,INERT_WITH_FIRST_CROSSING_PER_CONTACT_AND_NO_LATCH,0.6411889596602972,208,3569,210,139,139,154,1.0,0.23185662714255048,True,False,False,0.0,0.0,UNACHIEVABLE,UNACHIEVABLE,UNACHIEVABLE
R3_seed_202608231,0.5,5,0.0,0.05,INERT_WITH_FIRST_CROSSING_PER_CONTACT_AND_NO_LATCH,0.6369426751592356,208,3244,192,129,129,125,1.0,0.2334425580339946,True,False,False,0.0,0.0,UNACHIEVABLE,UNACHIEVABLE,UNACHIEVABLE
R3_seed_202608231,0.5,5,0.1,0.05,INERT_WITH_FIRST_CROSSING_PER_CONTACT_AND_NO_LATCH,0.6390658174097664,208,3240,191,129,129,124,1.0,0.23185662714255048,True,False,False,0.0,0.0,UNACHIEVABLE,UNACHIEVABLE,UNACHIEVABLE
R3_seed_202608231,0.55,1,0.0,0.05,INERT_WITH_FIRST_CROSSING_PER_CONTACT_AND_NO_LATCH,0.6624203821656051,208,3938,219,162,162,188,1.0,0.19909607820266392,True,False,False,0.0,0.0,UNACHIEVABLE,UNACHIEVABLE,UNACHIEVABLE
R3_seed_202608231,0.55,1,0.1,0.05,INERT_WITH_FIRST_CROSSING_PER_CONTACT_AND_NO_LATCH,0.6624203821656051,208,3938,219,162,162,188,1.0,0.19909607820266392,True,False,False,0.0,0.0,UNACHIEVABLE,UNACHIEVABLE,UNACHIEVABLE
R3_seed_202608231,0.55,3,0.0,0.05,INERT_WITH_FIRST_CROSSING_PER_CONTACT_AND_NO_LATCH,0.643312101910828,208,3456,207,139,139,149,1.0,0.19909607820266392,True,False,False,0.0,0.0,UNACHIEVABLE,UNACHIEVABLE,UNACHIEVABLE
R3_seed_202608231,0.55,3,0.1,0.05,INERT_WITH_FIRST_CROSSING_PER_CONTACT_AND_NO_LATCH,0.643312101910828,208,3456,207,139,139,149,1.0,0.19909607820266392,True,False,False,0.0,0.0,UNACHIEVABLE,UNACHIEVABLE,UNACHIEVABLE
R3_seed_202608231,0.55,5,0.0,0.05,INERT_WITH_FIRST_CROSSING_PER_CONTACT_AND_NO_LATCH,0.6220806794055201,208,3131,187,127,127,121,1.0,0.19909607820266392,True,False,False,0.0,0.0,UNACHIEVABLE,UNACHIEVABLE,UNACHIEVABLE
R3_seed_202608231,0.55,5,0.1,0.05,INERT_WITH_FIRST_CROSSING_PER_CONTACT_AND_NO_LATCH,0.6220806794055201,208,3131,187,127,127,121,1.0,0.19909607820266392,True,False,False,0.0,0.0,UNACHIEVABLE,UNACHIEVABLE,UNACHIEVABLE
R3_seed_202608231,0.6,1,0.0,0.05,INERT_WITH_FIRST_CROSSING_PER_CONTACT_AND_NO_LATCH,0.6581740976645435,208,3878,218,161,161,188,1.0,0.16550531698524143,True,False,False,0.0,0.0,UNACHIEVABLE,UNACHIEVABLE,UNACHIEVABLE
R3_seed_202608231,0.6,1,0.1,0.05,INERT_WITH_FIRST_CROSSING_PER_CONTACT_AND_NO_LATCH,0.6581740976645435,208,3878,218,161,161,188,1.0,0.16550531698524143,True,False,False,0.0,0.0,UNACHIEVABLE,UNACHIEVABLE,UNACHIEVABLE
R3_seed_202608231,0.6,3,0.0,0.05,INERT_WITH_FIRST_CROSSING_PER_CONTACT_AND_NO_LATCH,0.6390658174097664,208,3344,198,136,136,146,1.0,0.16550531698524143,True,False,False,0.0,0.0,UNACHIEVABLE,UNACHIEVABLE,UNACHIEVABLE
R3_seed_202608231,0.6,3,0.1,0.05,INERT_WITH_FIRST_CROSSING_PER_CONTACT_AND_NO_LATCH,0.6390658174097664,208,3344,198,136,136,146,1.0,0.16550531698524143,True,False,False,0.0,0.0,UNACHIEVABLE,UNACHIEVABLE,UNACHIEVABLE
R3_seed_202608231,0.6,5,0.0,0.05,INERT_WITH_FIRST_CROSSING_PER_CONTACT_AND_NO_LATCH,0.6220806794055201,208,2979,182,121,121,114,1.0,0.16550531698524143,True,False,False,0.0,0.0,UNACHIEVABLE,UNACHIEVABLE,UNACHIEVABLE
R3_seed_202608231,0.6,5,0.1,0.05,INERT_WITH_FIRST_CROSSING_PER_CONTACT_AND_NO_LATCH,0.6220806794055201,208,2979,182,121,121,114,1.0,0.16550531698524143,True,False,False,0.0,0.0,UNACHIEVABLE,UNACHIEVABLE,UNACHIEVABLE
R3_seed_202608231,0.65,1,0.0,0.05,INERT_WITH_FIRST_CROSSING_PER_CONTACT_AND_NO_LATCH,0.6602972399150743,208,3760,216,159,159,186,1.0,0.13614697207761847,True,False,False,0.0,0.0,UNACHIEVABLE,UNACHIEVABLE,UNACHIEVABLE
R3_seed_202608231,0.65,1,0.1,0.05,INERT_WITH_FIRST_CROSSING_PER_CONTACT_AND_NO_LATCH,0.6602972399150743,208,3760,216,159,159,186,1.0,0.13614697207761847,True,False,False,0.0,0.0,UNACHIEVABLE,UNACHIEVABLE,UNACHIEVABLE
R3_seed_202608231,0.65,3,0.0,0.05,INERT_WITH_FIRST_CROSSING_PER_CONTACT_AND_NO_LATCH,0.6348195329087049,208,3125,192,135,135,141,1.0,0.13614697207761847,True,False,False,0.0,0.0,UNACHIEVABLE,UNACHIEVABLE,UNACHIEVABLE
R3_seed_202608231,0.65,3,0.1,0.05,INERT_WITH_FIRST_CROSSING_PER_CONTACT_AND_NO_LATCH,0.6348195329087049,208,3125,192,135,135,141,1.0,0.13614697207761847,True,False,False,0.0,0.0,UNACHIEVABLE,UNACHIEVABLE,UNACHIEVABLE
R3_seed_202608231,0.65,5,0.0,0.05,INERT_WITH_FIRST_CROSSING_PER_CONTACT_AND_NO_LATCH,0.6029723991507431,208,2783,174,120,120,108,1.0,0.13614697207761847,True,False,False,0.0,0.0,UNACHIEVABLE,UNACHIEVABLE,UNACHIEVABLE
R3_seed_202608231,0.65,5,0.1,0.05,INERT_WITH_FIRST_CROSSING_PER_CONTACT_AND_NO_LATCH,0.6029723991507431,208,2783,174,120,120,108,1.0,0.13614697207761847,True,False,False,0.0,0.0,UNACHIEVABLE,UNACHIEVABLE,UNACHIEVABLE
R3_seed_202608231,0.7,1,0.0,0.05,INERT_WITH_FIRST_CROSSING_PER_CONTACT_AND_NO_LATCH,0.6666666666666666,208,3634,203,154,154,180,1.0,0.11136704694375042,True,False,False,0.0,0.0,UNACHIEVABLE,UNACHIEVABLE,UNACHIEVABLE
R3_seed_202608231,0.7,1,0.1,0.05,INERT_WITH_FIRST_CROSSING_PER_CONTACT_AND_NO_LATCH,0.6666666666666666,208,3634,203,154,154,180,1.0,0.11136704694375042,True,False,False,0.0,0.0,UNACHIEVABLE,UNACHIEVABLE,UNACHIEVABLE
R3_seed_202608231,0.7,3,0.0,0.05,INERT_WITH_FIRST_CROSSING_PER_CONTACT_AND_NO_LATCH,0.613588110403397,208,2946,182,133,133,134,1.0,0.11136704694375042,True,False,False,0.0,0.0,UNACHIEVABLE,UNACHIEVABLE,UNACHIEVABLE
R3_seed_202608231,0.7,3,0.1,0.05,INERT_WITH_FIRST_CROSSING_PER_CONTACT_AND_NO_LATCH,0.613588110403397,208,2946,182,133,133,134,1.0,0.11136704694375042,True,False,False,0.0,0.0,UNACHIEVABLE,UNACHIEVABLE,UNACHIEVABLE
R3_seed_202608231,0.7,5,0.0,0.05,INERT_WITH_FIRST_CROSSING_PER_CONTACT_AND_NO_LATCH,0.5859872611464968,208,2529,168,118,118,102,1.0,0.11136704694375042,True,False,False,0.0,0.0,UNACHIEVABLE,UNACHIEVABLE,UNACHIEVABLE
R3_seed_202608231,0.7,5,0.1,0.05,INERT_WITH_FIRST_CROSSING_PER_CONTACT_AND_NO_LATCH,0.5859872611464968,208,2529,168,118,118,102,1.0,0.11136704694375042,True,False,False,0.0,0.0,UNACHIEVABLE,UNACHIEVABLE,UNACHIEVABLE
R3_seed_202608231,0.75,1,0.0,0.05,INERT_WITH_FIRST_CROSSING_PER_CONTACT_AND_NO_LATCH,0.6794055201698513,208,3363,189,153,153,173,1.0,0.0905039202290484,True,False,False,0.0,0.0,UNACHIEVABLE,UNACHIEVABLE,UNACHIEVABLE
R3_seed_202608231,0.75,1,0.1,0.05,INERT_WITH_FIRST_CROSSING_PER_CONTACT_AND_NO_LATCH,0.6794055201698513,208,3363,189,153,153,173,1.0,0.0905039202290484,True,False,False,0.0,0.0,UNACHIEVABLE,UNACHIEVABLE,UNACHIEVABLE
R3_seed_202608231,0.75,3,0.0,0.05,INERT_WITH_FIRST_CROSSING_PER_CONTACT_AND_NO_LATCH,0.5944798301486199,208,2670,174,131,131,126,1.0,0.0905039202290484,True,False,False,0.0,0.0,UNACHIEVABLE,UNACHIEVABLE,UNACHIEVABLE
R3_seed_202608231,0.75,3,0.1,0.05,INERT_WITH_FIRST_CROSSING_PER_CONTACT_AND_NO_LATCH,0.5944798301486199,208,2670,174,131,131,126,1.0,0.0905039202290484,True,False,False,0.0,0.0,UNACHIEVABLE,UNACHIEVABLE,UNACHIEVABLE
R3_seed_202608231,0.75,5,0.0,0.05,INERT_WITH_FIRST_CROSSING_PER_CONTACT_AND_NO_LATCH,0.5774946921443737,207,2179,153,114,114,99,1.0,0.0905039202290484,True,False,False,0.0,0.0,UNACHIEVABLE,UNACHIEVABLE,UNACHIEVABLE
R3_seed_202608231,0.75,5,0.1,0.05,INERT_WITH_FIRST_CROSSING_PER_CONTACT_AND_NO_LATCH,0.5774946921443737,207,2179,153,114,114,99,1.0,0.0905039202290484,True,False,False,0.0,0.0,UNACHIEVABLE,UNACHIEVABLE,UNACHIEVABLE
R3_seed_202608231,0.8,1,0.0,0.05,INERT_WITH_FIRST_CROSSING_PER_CONTACT_AND_NO_LATCH,0.6815286624203821,208,3112,182,149,149,165,1.0,0.07273718145382226,True,False,False,0.0,0.0,UNACHIEVABLE,UNACHIEVABLE,UNACHIEVABLE
R3_seed_202608231,0.8,1,0.1,0.05,INERT_WITH_FIRST_CROSSING_PER_CONTACT_AND_NO_LATCH,0.6815286624203821,208,3112,182,149,149,165,1.0,0.07273718145382226,True,False,False,0.0,0.0,UNACHIEVABLE,UNACHIEVABLE,UNACHIEVABLE
R3_seed_202608231,0.8,3,0.0,0.05,INERT_WITH_FIRST_CROSSING_PER_CONTACT_AND_NO_LATCH,0.5987261146496815,208,2355,157,128,128,119,1.0,0.07273718145382226,True,False,False,0.0,0.0,UNACHIEVABLE,UNACHIEVABLE,UNACHIEVABLE
R3_seed_202608231,0.8,3,0.1,0.05,INERT_WITH_FIRST_CROSSING_PER_CONTACT_AND_NO_LATCH,0.5987261146496815,208,2355,157,128,128,119,1.0,0.07273718145382226,True,False,False,0.0,0.0,UNACHIEVABLE,UNACHIEVABLE,UNACHIEVABLE
R3_seed_202608231,0.8,5,0.0,0.05,INERT_WITH_FIRST_CROSSING_PER_CONTACT_AND_NO_LATCH,0.5477707006369427,205,1861,141,114,114,94,1.0,0.07273718145382226,True,False,False,0.0,0.0,UNACHIEVABLE,UNACHIEVABLE,UNACHIEVABLE
R3_seed_202608231,0.8,5,0.1,0.05,INERT_WITH_FIRST_CROSSING_PER_CONTACT_AND_NO_LATCH,0.5477707006369427,205,1861,141,114,114,94,1.0,0.07273718145382226,True,False,False,0.0,0.0,UNACHIEVABLE,UNACHIEVABLE,UNACHIEVABLE
R3_seed_202608231,0.85,1,0.0,0.05,INERT_WITH_FIRST_CROSSING_PER_CONTACT_AND_NO_LATCH,0.6985138004246284,208,2771,164,144,144,151,1.0,0.0568974761350727,True,False,True,0.0,0.0,UNACHIEVABLE,UNACHIEVABLE,UNACHIEVABLE
R3_seed_202608231,0.85,1,0.1,0.05,INERT_WITH_FIRST_CROSSING_PER_CONTACT_AND_NO_LATCH,0.6985138004246284,208,2771,164,144,144,151,1.0,0.0568974761350727,True,False,True,0.0,0.0,UNACHIEVABLE,UNACHIEVABLE,UNACHIEVABLE
R3_seed_202608231,0.85,3,0.0,0.05,INERT_WITH_FIRST_CROSSING_PER_CONTACT_AND_NO_LATCH,0.583864118895966,199,1974,139,122,122,105,1.0,0.0568974761350727,True,False,False,0.0,0.0,UNACHIEVABLE,UNACHIEVABLE,UNACHIEVABLE
R3_seed_202608231,0.85,3,0.1,0.05,INERT_WITH_FIRST_CROSSING_PER_CONTACT_AND_NO_LATCH,0.583864118895966,199,1974,139,122,122,105,1.0,0.0568974761350727,True,False,False,0.0,0.0,UNACHIEVABLE,UNACHIEVABLE,UNACHIEVABLE
R3_seed_202608231,0.85,5,0.0,0.05,INERT_WITH_FIRST_CROSSING_PER_CONTACT_AND_NO_LATCH,0.524416135881104,176,1573,121,110,110,84,1.0,0.0568974761350727,True,False,True,0.0,0.0,UNACHIEVABLE,UNACHIEVABLE,UNACHIEVABLE
R3_seed_202608231,0.85,5,0.1,0.05,INERT_WITH_FIRST_CROSSING_PER_CONTACT_AND_NO_LATCH,0.524416135881104,176,1573,121,110,110,84,1.0,0.0568974761350727,True,False,True,0.0,0.0,UNACHIEVABLE,UNACHIEVABLE,UNACHIEVABLE
R3_seed_202608231,0.9,1,0.0,0.05,INERT_WITH_FIRST_CROSSING_PER_CONTACT_AND_NO_LATCH,0.692144373673036,201,2340,144,138,138,142,1.0,0.041232242817977674,True,False,True,0.0,0.0,UNACHIEVABLE,UNACHIEVABLE,UNACHIEVABLE
R3_seed_202608231,0.9,1,0.1,0.05,INERT_WITH_FIRST_CROSSING_PER_CONTACT_AND_NO_LATCH,0.692144373673036,201,2340,144,138,138,142,1.0,0.041232242817977674,True,False,True,0.0,0.0,UNACHIEVABLE,UNACHIEVABLE,UNACHIEVABLE
R3_seed_202608231,0.9,3,0.0,0.05,INERT_WITH_FIRST_CROSSING_PER_CONTACT_AND_NO_LATCH,0.5477707006369427,169,1626,118,115,115,95,1.0,0.041232242817977674,True,False,True,0.0,0.0,UNACHIEVABLE,UNACHIEVABLE,UNACHIEVABLE
R3_seed_202608231,0.9,3,0.1,0.05,INERT_WITH_FIRST_CROSSING_PER_CONTACT_AND_NO_LATCH,0.5477707006369427,169,1626,118,115,115,95,1.0,0.041232242817977674,True,False,True,0.0,0.0,UNACHIEVABLE,UNACHIEVABLE,UNACHIEVABLE
R3_seed_202608231,0.9,5,0.0,0.05,INERT_WITH_FIRST_CROSSING_PER_CONTACT_AND_NO_LATCH,0.47983014861995754,139,1203,102,103,103,71,1.0,0.041232242817977674,True,False,True,0.0,0.0,UNACHIEVABLE,UNACHIEVABLE,UNACHIEVABLE
R3_seed_202608231,0.9,5,0.1,0.05,INERT_WITH_FIRST_CROSSING_PER_CONTACT_AND_NO_LATCH,0.47983014861995754,139,1203,102,103,103,71,1.0,0.041232242817977674,True,False,True,0.0,0.0,UNACHIEVABLE,UNACHIEVABLE,UNACHIEVABLE
R3_seed_202608231,0.95,1,0.0,0.05,INERT_WITH_FIRST_CROSSING_PER_CONTACT_AND_NO_LATCH,0.6369426751592356,145,1833,122,125,125,118,1.0,0.025453308645871826,True,False,True,0.0,0.0,UNACHIEVABLE,UNACHIEVABLE,UNACHIEVABLE
R3_seed_202608231,0.95,1,0.1,0.05,INERT_WITH_FIRST_CROSSING_PER_CONTACT_AND_NO_LATCH,0.6369426751592356,145,1833,122,125,125,118,1.0,0.025453308645871826,True,False,True,0.0,0.0,UNACHIEVABLE,UNACHIEVABLE,UNACHIEVABLE
R3_seed_202608231,0.95,3,0.0,0.05,INERT_WITH_FIRST_CROSSING_PER_CONTACT_AND_NO_LATCH,0.4713375796178344,121,1175,92,109,109,81,1.0,0.025453308645871826,True,False,True,0.0,0.0,UNACHIEVABLE,UNACHIEVABLE,UNACHIEVABLE
R3_seed_202608231,0.95,3,0.1,0.05,INERT_WITH_FIRST_CROSSING_PER_CONTACT_AND_NO_LATCH,0.4713375796178344,121,1175,92,109,109,81,1.0,0.025453308645871826,True,False,True,0.0,0.0,UNACHIEVABLE,UNACHIEVABLE,UNACHIEVABLE
R3_seed_202608231,0.95,5,0.0,0.05,INERT_WITH_FIRST_CROSSING_PER_CONTACT_AND_NO_LATCH,0.3885350318471338,103,829,81,96,96,55,1.0,0.025453308645871826,True,False,True,0.0,0.0,UNACHIEVABLE,UNACHIEVABLE,UNACHIEVABLE
R3_seed_202608231,0.95,5,0.1,0.05,INERT_WITH_FIRST_CROSSING_PER_CONTACT_AND_NO_LATCH,0.3885350318471338,103,829,81,96,96,55,1.0,0.025453308645871826,True,False,True,0.0,0.0,UNACHIEVABLE,UNACHIEVABLE,UNACHIEVABLE
R3_seed_202608231,0.99,1,0.0,0.05,INERT_WITH_FIRST_CROSSING_PER_CONTACT_AND_NO_LATCH,0.4585987261146497,100,978,84,101,101,79,1.0,0.00877947033044801,True,False,True,0.0,0.0,UNACHIEVABLE,UNACHIEVABLE,UNACHIEVABLE
R3_seed_202608231,0.99,1,0.1,0.05,INERT_WITH_FIRST_CROSSING_PER_CONTACT_AND_NO_LATCH,0.4585987261146497,100,978,84,101,101,79,1.0,0.00877947033044801,True,False,True,0.0,0.0,UNACHIEVABLE,UNACHIEVABLE,UNACHIEVABLE
R3_seed_202608231,0.99,3,0.0,0.05,INERT_WITH_FIRST_CROSSING_PER_CONTACT_AND_NO_LATCH,0.29936305732484075,28,506,43,92,92,56,1.0,0.00877947033044801,True,False,True,0.0,0.0,UNACHIEVABLE,UNACHIEVABLE,UNACHIEVABLE
R3_seed_202608231,0.99,3,0.1,0.05,INERT_WITH_FIRST_CROSSING_PER_CONTACT_AND_NO_LATCH,0.29936305732484075,28,506,43,92,92,56,1.0,0.00877947033044801,True,False,True,0.0,0.0,UNACHIEVABLE,UNACHIEVABLE,UNACHIEVABLE
R3_seed_202608231,0.99,5,0.0,0.05,INERT_WITH_FIRST_CROSSING_PER_CONTACT_AND_NO_LATCH,0.20169851380042464,1,313,23,77,77,51,1.0,0.00877947033044801,True,False,True,0.0,0.0,UNACHIEVABLE,UNACHIEVABLE,UNACHIEVABLE
R3_seed_202608231,0.99,5,0.1,0.05,INERT_WITH_FIRST_CROSSING_PER_CONTACT_AND_NO_LATCH,0.20169851380042464,1,313,23,77,77,51,1.0,0.00877947033044801,True,False,True,0.0,0.0,UNACHIEVABLE,UNACHIEVABLE,UNACHIEVABLE
R3_seed_202608232,0.05,1,0.0,0.05,INERT_WITH_FIRST_CROSSING_PER_CONTACT_AND_NO_LATCH,0.70276008492569,208,4026,189,187,187,139,1.0,0.2090988129042629,True,False,False,0.0,0.0,UNACHIEVABLE,UNACHIEVABLE,UNACHIEVABLE
R3_seed_202608232,0.05,1,0.1,0.05,INERT_WITH_FIRST_CROSSING_PER_CONTACT_AND_NO_LATCH,0.7006369426751592,208,3997,187,183,183,134,1.0,0.20239046245862416,True,False,False,0.0,0.0,UNACHIEVABLE,UNACHIEVABLE,UNACHIEVABLE
R3_seed_202608232,0.05,3,0.0,0.05,INERT_WITH_FIRST_CROSSING_PER_CONTACT_AND_NO_LATCH,0.6942675159235668,208,3608,168,160,160,92,1.0,0.2090988129042629,True,False,False,0.0,0.0,UNACHIEVABLE,UNACHIEVABLE,UNACHIEVABLE
R3_seed_202608232,0.05,3,0.1,0.05,INERT_WITH_FIRST_CROSSING_PER_CONTACT_AND_NO_LATCH,0.6985138004246284,208,3551,164,156,156,90,1.0,0.20239046245862416,True,False,False,0.0,0.0,UNACHIEVABLE,UNACHIEVABLE,UNACHIEVABLE
R3_seed_202608232,0.05,5,0.0,0.05,INERT_WITH_FIRST_CROSSING_PER_CONTACT_AND_NO_LATCH,0.6878980891719745,208,3284,155,145,145,73,1.0,0.2090988129042629,True,False,False,0.0,0.0,UNACHIEVABLE,UNACHIEVABLE,UNACHIEVABLE
R3_seed_202608232,0.05,5,0.1,0.05,INERT_WITH_FIRST_CROSSING_PER_CONTACT_AND_NO_LATCH,0.6857749469214437,208,3247,153,140,140,73,1.0,0.20239046245862416,True,False,False,0.0,0.0,UNACHIEVABLE,UNACHIEVABLE,UNACHIEVABLE
R3_seed_202608232,0.1,1,0.0,0.05,INERT_WITH_FIRST_CROSSING_PER_CONTACT_AND_NO_LATCH,0.6963906581740976,208,4004,189,183,183,135,1.0,0.20695221917604126,True,False,False,0.0,0.0,UNACHIEVABLE,UNACHIEVABLE,UNACHIEVABLE
R3_seed_202608232,0.1,1,0.1,0.05,INERT_WITH_FIRST_CROSSING_PER_CONTACT_AND_NO_LATCH,0.7006369426751592,208,3997,187,183,183,134,1.0,0.20239046245862416,True,False,False,0.0,0.0,UNACHIEVABLE,UNACHIEVABLE,UNACHIEVABLE
R3_seed_202608232,0.1,3,0.0,0.05,INERT_WITH_FIRST_CROSSING_PER_CONTACT_AND_NO_LATCH,0.692144373673036,208,3572,168,156,156,91,1.0,0.20695221917604126,True,False,False,0.0,0.0,UNACHIEVABLE,UNACHIEVABLE,UNACHIEVABLE
R3_seed_202608232,0.1,3,0.1,0.05,INERT_WITH_FIRST_CROSSING_PER_CONTACT_AND_NO_LATCH,0.6985138004246284,208,3551,164,156,156,90,1.0,0.20239046245862416,True,False,False,0.0,0.0,UNACHIEVABLE,UNACHIEVABLE,UNACHIEVABLE
R3_seed_202608232,0.1,5,0.0,0.05,INERT_WITH_FIRST_CROSSING_PER_CONTACT_AND_NO_LATCH,0.6836518046709129,208,3259,155,140,140,73,1.0,0.20695221917604126,True,False,False,0.0,0.0,UNACHIEVABLE,UNACHIEVABLE,UNACHIEVABLE
R3_seed_202608232,0.1,5,0.1,0.05,INERT_WITH_FIRST_CROSSING_PER_CONTACT_AND_NO_LATCH,0.6857749469214437,208,3247,153,140,140,73,1.0,0.20239046245862416,True,False,False,0.0,0.0,UNACHIEVABLE,UNACHIEVABLE,UNACHIEVABLE
R3_seed_202608232,0.15,1,0.0,0.05,INERT_WITH_FIRST_CROSSING_PER_CONTACT_AND_NO_LATCH,0.6963906581740976,208,3981,188,179,179,133,1.0,0.20534668468890563,True,False,False,0.0,0.0,UNACHIEVABLE,UNACHIEVABLE,UNACHIEVABLE
R3_seed_202608232,0.15,1,0.1,0.05,INERT_WITH_FIRST_CROSSING_PER_CONTACT_AND_NO_LATCH,0.7006369426751592,208,3974,186,179,179,132,1.0,0.20083295678093277,True,False,False,0.0,0.0,UNACHIEVABLE,UNACHIEVABLE,UNACHIEVABLE
R3_seed_202608232,0.15,3,0.0,0.05,INERT_WITH_FIRST_CROSSING_PER_CONTACT_AND_NO_LATCH,0.6900212314225053,208,3551,168,153,153,88,1.0,0.20534668468890563,True,False,False,0.0,0.0,UNACHIEVABLE,UNACHIEVABLE,UNACHIEVABLE
R3_seed_202608232,0.15,3,0.1,0.05,INERT_WITH_FIRST_CROSSING_PER_CONTACT_AND_NO_LATCH,0.6963906581740976,208,3530,164,153,153,88,1.0,0.20083295678093277,True,False,False,0.0,0.0,UNACHIEVABLE,UNACHIEVABLE,UNACHIEVABLE
R3_seed_202608232,0.15,5,0.0,0.05,INERT_WITH_FIRST_CROSSING_PER_CONTACT_AND_NO_LATCH,0.6857749469214437,208,3250,154,138,138,72,1.0,0.20534668468890563,True,False,False,0.0,0.0,UNACHIEVABLE,UNACHIEVABLE,UNACHIEVABLE
R3_seed_202608232,0.15,5,0.1,0.05,INERT_WITH_FIRST_CROSSING_PER_CONTACT_AND_NO_LATCH,0.6878980891719745,208,3238,152,138,138,72,1.0,0.20083295678093277,True,False,False,0.0,0.0,UNACHIEVABLE,UNACHIEVABLE,UNACHIEVABLE
R3_seed_202608232,0.2,1,0.0,0.05,INERT_WITH_FIRST_CROSSING_PER_CONTACT_AND_NO_LATCH,0.6963906581740976,208,3965,188,174,174,132,1.0,0.20402540233929709,True,False,False,0.0,0.0,UNACHIEVABLE,UNACHIEVABLE,UNACHIEVABLE
R3_seed_202608232,0.2,1,0.1,0.05,INERT_WITH_FIRST_CROSSING_PER_CONTACT_AND_NO_LATCH,0.7006369426751592,208,3959,186,174,174,132,1.0,0.19953813928550776,True,False,False,0.0,0.0,UNACHIEVABLE,UNACHIEVABLE,UNACHIEVABLE
R3_seed_202608232,0.2,3,0.0,0.05,INERT_WITH_FIRST_CROSSING_PER_CONTACT_AND_NO_LATCH,0.6900212314225053,208,3539,168,150,150,90,1.0,0.20402540233929709,True,False,False,0.0,0.0,UNACHIEVABLE,UNACHIEVABLE,UNACHIEVABLE
R3_seed_202608232,0.2,3,0.1,0.05,INERT_WITH_FIRST_CROSSING_PER_CONTACT_AND_NO_LATCH,0.6963906581740976,208,3518,164,150,150,90,1.0,0.19953813928550776,True,False,False,0.0,0.0,UNACHIEVABLE,UNACHIEVABLE,UNACHIEVABLE
R3_seed_202608232,0.2,5,0.0,0.05,INERT_WITH_FIRST_CROSSING_PER_CONTACT_AND_NO_LATCH,0.6772823779193206,208,3232,154,134,134,70,1.0,0.20402540233929709,True,False,False,0.0,0.0,UNACHIEVABLE,UNACHIEVABLE,UNACHIEVABLE
R3_seed_202608232,0.2,5,0.1,0.05,INERT_WITH_FIRST_CROSSING_PER_CONTACT_AND_NO_LATCH,0.6794055201698513,208,3221,152,134,134,70,1.0,0.19953813928550776,True,False,False,0.0,0.0,UNACHIEVABLE,UNACHIEVABLE,UNACHIEVABLE
R3_seed_202608232,0.25,1,0.0,0.05,INERT_WITH_FIRST_CROSSING_PER_CONTACT_AND_NO_LATCH,0.6942675159235668,208,3953,188,173,173,132,1.0,0.20294818475604795,True,False,False,0.0,0.0,UNACHIEVABLE,UNACHIEVABLE,UNACHIEVABLE
R3_seed_202608232,0.25,1,0.1,0.05,INERT_WITH_FIRST_CROSSING_PER_CONTACT_AND_NO_LATCH,0.6985138004246284,208,3948,186,173,173,132,1.0,0.19847268385967354,True,False,False,0.0,0.0,UNACHIEVABLE,UNACHIEVABLE,UNACHIEVABLE
R3_seed_202608232,0.25,3,0.0,0.05,INERT_WITH_FIRST_CROSSING_PER_CONTACT_AND_NO_LATCH,0.6900212314225053,208,3531,168,151,151,89,1.0,0.20294818475604795,True,False,False,0.0,0.0,UNACHIEVABLE,UNACHIEVABLE,UNACHIEVABLE
R3_seed_202608232,0.25,3,0.1,0.05,INERT_WITH_FIRST_CROSSING_PER_CONTACT_AND_NO_LATCH,0.6963906581740976,208,3510,164,151,151,89,1.0,0.19847268385967354,True,False,False,0.0,0.0,UNACHIEVABLE,UNACHIEVABLE,UNACHIEVABLE
R3_seed_202608232,0.25,5,0.0,0.05,INERT_WITH_FIRST_CROSSING_PER_CONTACT_AND_NO_LATCH,0.6772823779193206,208,3216,154,133,133,67,1.0,0.20294818475604795,True,False,False,0.0,0.0,UNACHIEVABLE,UNACHIEVABLE,UNACHIEVABLE
R3_seed_202608232,0.25,5,0.1,0.05,INERT_WITH_FIRST_CROSSING_PER_CONTACT_AND_NO_LATCH,0.6794055201698513,208,3205,152,133,133,67,1.0,0.19847268385967354,True,False,False,0.0,0.0,UNACHIEVABLE,UNACHIEVABLE,UNACHIEVABLE
R3_seed_202608232,0.3,1,0.0,0.05,INERT_WITH_FIRST_CROSSING_PER_CONTACT_AND_NO_LATCH,0.6942675159235668,208,3943,188,172,172,129,1.0,0.20181803746443172,True,False,False,0.0,0.0,UNACHIEVABLE,UNACHIEVABLE,UNACHIEVABLE
R3_seed_202608232,0.3,1,0.1,0.05,INERT_WITH_FIRST_CROSSING_PER_CONTACT_AND_NO_LATCH,0.6985138004246284,208,3938,186,172,172,129,1.0,0.1973552789052568,True,False,False,0.0,0.0,UNACHIEVABLE,UNACHIEVABLE,UNACHIEVABLE
R3_seed_202608232,0.3,3,0.0,0.05,INERT_WITH_FIRST_CROSSING_PER_CONTACT_AND_NO_LATCH,0.6878980891719745,208,3513,168,148,148,84,1.0,0.20181803746443172,True,False,False,0.0,0.0,UNACHIEVABLE,UNACHIEVABLE,UNACHIEVABLE
R3_seed_202608232,0.3,3,0.1,0.05,INERT_WITH_FIRST_CROSSING_PER_CONTACT_AND_NO_LATCH,0.6942675159235668,208,3492,164,148,148,84,1.0,0.1973552789052568,True,False,False,0.0,0.0,UNACHIEVABLE,UNACHIEVABLE,UNACHIEVABLE
R3_seed_202608232,0.3,5,0.0,0.05,INERT_WITH_FIRST_CROSSING_PER_CONTACT_AND_NO_LATCH,0.6709129511677282,208,3206,154,131,131,65,1.0,0.20181803746443172,True,False,False,0.0,0.0,UNACHIEVABLE,UNACHIEVABLE,UNACHIEVABLE
R3_seed_202608232,0.3,5,0.1,0.05,INERT_WITH_FIRST_CROSSING_PER_CONTACT_AND_NO_LATCH,0.673036093418259,208,3196,152,131,131,65,1.0,0.1973552789052568,True,False,False,0.0,0.0,UNACHIEVABLE,UNACHIEVABLE,UNACHIEVABLE
R3_seed_202608232,0.35,1,0.0,0.05,INERT_WITH_FIRST_CROSSING_PER_CONTACT_AND_NO_LATCH,0.6942675159235668,208,3929,188,168,168,127,1.0,0.20064868298143246,True,False,False,0.0,0.0,UNACHIEVABLE,UNACHIEVABLE,UNACHIEVABLE
R3_seed_202608232,0.35,1,0.1,0.05,INERT_WITH_FIRST_CROSSING_PER_CONTACT_AND_NO_LATCH,0.6985138004246284,208,3924,186,168,168,127,1.0,0.19627120006351564,True,False,False,0.0,0.0,UNACHIEVABLE,UNACHIEVABLE,UNACHIEVABLE
R3_seed_202608232,0.35,3,0.0,0.05,INERT_WITH_FIRST_CROSSING_PER_CONTACT_AND_NO_LATCH,0.6878980891719745,208,3504,168,147,147,84,1.0,0.20064868298143246,True,False,False,0.0,0.0,UNACHIEVABLE,UNACHIEVABLE,UNACHIEVABLE
R3_seed_202608232,0.35,3,0.1,0.05,INERT_WITH_FIRST_CROSSING_PER_CONTACT_AND_NO_LATCH,0.6942675159235668,208,3483,164,147,147,84,1.0,0.19627120006351564,True,False,False,0.0,0.0,UNACHIEVABLE,UNACHIEVABLE,UNACHIEVABLE
R3_seed_202608232,0.35,5,0.0,0.05,INERT_WITH_FIRST_CROSSING_PER_CONTACT_AND_NO_LATCH,0.6666666666666666,208,3196,154,129,129,63,1.0,0.20064868298143246,True,False,False,0.0,0.0,UNACHIEVABLE,UNACHIEVABLE,UNACHIEVABLE
R3_seed_202608232,0.35,5,0.1,0.05,INERT_WITH_FIRST_CROSSING_PER_CONTACT_AND_NO_LATCH,0.6687898089171974,208,3187,152,129,129,63,1.0,0.19627120006351564,True,False,False,0.0,0.0,UNACHIEVABLE,UNACHIEVABLE,UNACHIEVABLE
R3_seed_202608232,0.4,1,0.0,0.05,INERT_WITH_FIRST_CROSSING_PER_CONTACT_AND_NO_LATCH,0.692144373673036,208,3916,188,165,165,125,1.0,0.198691263951634,True,False,False,0.0,0.0,UNACHIEVABLE,UNACHIEVABLE,UNACHIEVABLE
R3_seed_202608232,0.4,1,0.1,0.05,INERT_WITH_FIRST_CROSSING_PER_CONTACT_AND_NO_LATCH,0.6963906581740976,208,3911,186,165,165,125,1.0,0.19486856279178727,True,False,False,0.0,0.0,UNACHIEVABLE,UNACHIEVABLE,UNACHIEVABLE
R3_seed_202608232,0.4,3,0.0,0.05,INERT_WITH_FIRST_CROSSING_PER_CONTACT_AND_NO_LATCH,0.6836518046709129,208,3485,168,147,147,81,1.0,0.198691263951634,True,False,False,0.0,0.0,UNACHIEVABLE,UNACHIEVABLE,UNACHIEVABLE
R3_seed_202608232,0.4,3,0.1,0.05,INERT_WITH_FIRST_CROSSING_PER_CONTACT_AND_NO_LATCH,0.6900212314225053,208,3467,164,147,147,81,1.0,0.19486856279178727,True,False,False,0.0,0.0,UNACHIEVABLE,UNACHIEVABLE,UNACHIEVABLE
R3_seed_202608232,0.4,5,0.0,0.05,INERT_WITH_FIRST_CROSSING_PER_CONTACT_AND_NO_LATCH,0.6560509554140127,208,3185,154,129,129,61,1.0,0.198691263951634,True,False,False,0.0,0.0,UNACHIEVABLE,UNACHIEVABLE,UNACHIEVABLE
R3_seed_202608232,0.4,5,0.1,0.05,INERT_WITH_FIRST_CROSSING_PER_CONTACT_AND_NO_LATCH,0.6602972399150743,208,3178,152,129,129,61,1.0,0.19486856279178727,True,False,False,0.0,0.0,UNACHIEVABLE,UNACHIEVABLE,UNACHIEVABLE
R3_seed_202608232,0.45,1,0.0,0.05,INERT_WITH_FIRST_CROSSING_PER_CONTACT_AND_NO_LATCH,0.6900212314225053,208,3904,188,164,164,123,1.0,0.1953341481894609,True,False,False,0.0,0.0,UNACHIEVABLE,UNACHIEVABLE,UNACHIEVABLE
R3_seed_202608232,0.45,1,0.1,0.05,INERT_WITH_FIRST_CROSSING_PER_CONTACT_AND_NO_LATCH,0.6942675159235668,208,3899,186,164,164,123,1.0,0.19212405939497423,True,False,False,0.0,0.0,UNACHIEVABLE,UNACHIEVABLE,UNACHIEVABLE
R3_seed_202608232,0.45,3,0.0,0.05,INERT_WITH_FIRST_CROSSING_PER_CONTACT_AND_NO_LATCH,0.6772823779193206,208,3458,168,145,145,79,1.0,0.1953341481894609,True,False,False,0.0,0.0,UNACHIEVABLE,UNACHIEVABLE,UNACHIEVABLE
R3_seed_202608232,0.45,3,0.1,0.05,INERT_WITH_FIRST_CROSSING_PER_CONTACT_AND_NO_LATCH,0.6857749469214437,208,3440,163,145,145,79,1.0,0.19212405939497423,True,False,False,0.0,0.0,UNACHIEVABLE,UNACHIEVABLE,UNACHIEVABLE
R3_seed_202608232,0.45,5,0.0,0.05,INERT_WITH_FIRST_CROSSING_PER_CONTACT_AND_NO_LATCH,0.6518046709129511,208,3153,154,121,121,60,1.0,0.1953341481894609,True,False,False,0.0,0.0,UNACHIEVABLE,UNACHIEVABLE,UNACHIEVABLE
R3_seed_202608232,0.45,5,0.1,0.05,INERT_WITH_FIRST_CROSSING_PER_CONTACT_AND_NO_LATCH,0.6560509554140127,208,3144,152,121,121,60,1.0,0.19212405939497423,True,False,False,0.0,0.0,UNACHIEVABLE,UNACHIEVABLE,UNACHIEVABLE
R3_seed_202608232,0.5,1,0.0,0.05,INERT_WITH_FIRST_CROSSING_PER_CONTACT_AND_NO_LATCH,0.6900212314225053,208,3852,184,163,163,119,1.0,0.18692224527822893,True,False,False,0.0,0.0,UNACHIEVABLE,UNACHIEVABLE,UNACHIEVABLE
R3_seed_202608232,0.5,1,0.1,0.05,INERT_WITH_FIRST_CROSSING_PER_CONTACT_AND_NO_LATCH,0.6942675159235668,208,3851,182,163,163,119,1.0,0.18471586058314815,True,False,False,0.0,0.0,UNACHIEVABLE,UNACHIEVABLE,UNACHIEVABLE
R3_seed_202608232,0.5,3,0.0,0.05,INERT_WITH_FIRST_CROSSING_PER_CONTACT_AND_NO_LATCH,0.6772823779193206,208,3395,166,138,138,76,1.0,0.18692224527822893,True,False,False,0.0,0.0,UNACHIEVABLE,UNACHIEVABLE,UNACHIEVABLE
R3_seed_202608232,0.5,3,0.1,0.05,INERT_WITH_FIRST_CROSSING_PER_CONTACT_AND_NO_LATCH,0.6857749469214437,208,3378,161,138,138,76,1.0,0.18471586058314815,True,False,False,0.0,0.0,UNACHIEVABLE,UNACHIEVABLE,UNACHIEVABLE
R3_seed_202608232,0.5,5,0.0,0.05,INERT_WITH_FIRST_CROSSING_PER_CONTACT_AND_NO_LATCH,0.6454352441613588,208,3091,154,119,119,57,1.0,0.18692224527822893,True,False,False,0.0,0.0,UNACHIEVABLE,UNACHIEVABLE,UNACHIEVABLE
R3_seed_202608232,0.5,5,0.1,0.05,INERT_WITH_FIRST_CROSSING_PER_CONTACT_AND_NO_LATCH,0.6496815286624203,208,3086,152,119,119,57,1.0,0.18471586058314815,True,False,False,0.0,0.0,UNACHIEVABLE,UNACHIEVABLE,UNACHIEVABLE
R3_seed_202608232,0.55,1,0.0,0.05,INERT_WITH_FIRST_CROSSING_PER_CONTACT_AND_NO_LATCH,0.6942675159235668,208,3811,182,161,161,113,1.0,0.16484369563065257,True,False,False,0.0,0.0,UNACHIEVABLE,UNACHIEVABLE,UNACHIEVABLE
R3_seed_202608232,0.55,1,0.1,0.05,INERT_WITH_FIRST_CROSSING_PER_CONTACT_AND_NO_LATCH,0.6942675159235668,208,3811,182,161,161,113,1.0,0.16484369563065257,True,False,False,0.0,0.0,UNACHIEVABLE,UNACHIEVABLE,UNACHIEVABLE
R3_seed_202608232,0.55,3,0.0,0.05,INERT_WITH_FIRST_CROSSING_PER_CONTACT_AND_NO_LATCH,0.6836518046709129,208,3312,159,136,136,73,1.0,0.16484369563065257,True,False,False,0.0,0.0,UNACHIEVABLE,UNACHIEVABLE,UNACHIEVABLE
R3_seed_202608232,0.55,3,0.1,0.05,INERT_WITH_FIRST_CROSSING_PER_CONTACT_AND_NO_LATCH,0.6836518046709129,208,3312,159,136,136,73,1.0,0.16484369563065257,True,False,False,0.0,0.0,UNACHIEVABLE,UNACHIEVABLE,UNACHIEVABLE
R3_seed_202608232,0.55,5,0.0,0.05,INERT_WITH_FIRST_CROSSING_PER_CONTACT_AND_NO_LATCH,0.6348195329087049,208,2955,150,117,117,55,1.0,0.16484369563065257,True,False,False,0.0,0.0,UNACHIEVABLE,UNACHIEVABLE,UNACHIEVABLE
R3_seed_202608232,0.55,5,0.1,0.05,INERT_WITH_FIRST_CROSSING_PER_CONTACT_AND_NO_LATCH,0.6348195329087049,208,2955,150,117,117,55,1.0,0.16484369563065257,True,False,False,0.0,0.0,UNACHIEVABLE,UNACHIEVABLE,UNACHIEVABLE
R3_seed_202608232,0.6,1,0.0,0.05,INERT_WITH_FIRST_CROSSING_PER_CONTACT_AND_NO_LATCH,0.70276008492569,208,3761,175,159,159,110,1.0,0.14412857606342155,True,False,False,0.0,0.0,UNACHIEVABLE,UNACHIEVABLE,UNACHIEVABLE
R3_seed_202608232,0.6,1,0.1,0.05,INERT_WITH_FIRST_CROSSING_PER_CONTACT_AND_NO_LATCH,0.70276008492569,208,3761,175,159,159,110,1.0,0.14412857606342155,True,False,False,0.0,0.0,UNACHIEVABLE,UNACHIEVABLE,UNACHIEVABLE
R3_seed_202608232,0.6,3,0.0,0.05,INERT_WITH_FIRST_CROSSING_PER_CONTACT_AND_NO_LATCH,0.6772823779193206,208,3185,156,132,132,69,1.0,0.14412857606342155,True,False,False,0.0,0.0,UNACHIEVABLE,UNACHIEVABLE,UNACHIEVABLE
R3_seed_202608232,0.6,3,0.1,0.05,INERT_WITH_FIRST_CROSSING_PER_CONTACT_AND_NO_LATCH,0.6772823779193206,208,3185,156,132,132,69,1.0,0.14412857606342155,True,False,False,0.0,0.0,UNACHIEVABLE,UNACHIEVABLE,UNACHIEVABLE
R3_seed_202608232,0.6,5,0.0,0.05,INERT_WITH_FIRST_CROSSING_PER_CONTACT_AND_NO_LATCH,0.6157112526539278,208,2785,148,116,116,53,1.0,0.14412857606342155,True,False,False,0.0,0.0,UNACHIEVABLE,UNACHIEVABLE,UNACHIEVABLE
R3_seed_202608232,0.6,5,0.1,0.05,INERT_WITH_FIRST_CROSSING_PER_CONTACT_AND_NO_LATCH,0.6157112526539278,208,2785,148,116,116,53,1.0,0.14412857606342155,True,False,False,0.0,0.0,UNACHIEVABLE,UNACHIEVABLE,UNACHIEVABLE
R3_seed_202608232,0.65,1,0.0,0.05,INERT_WITH_FIRST_CROSSING_PER_CONTACT_AND_NO_LATCH,0.7133757961783439,208,3689,168,156,156,109,1.0,0.12375161852186928,True,False,False,0.0,0.0,UNACHIEVABLE,UNACHIEVABLE,UNACHIEVABLE
R3_seed_202608232,0.65,1,0.1,0.05,INERT_WITH_FIRST_CROSSING_PER_CONTACT_AND_NO_LATCH,0.7133757961783439,208,3689,168,156,156,109,1.0,0.12375161852186928,True,False,False,0.0,0.0,UNACHIEVABLE,UNACHIEVABLE,UNACHIEVABLE
R3_seed_202608232,0.65,3,0.0,0.05,INERT_WITH_FIRST_CROSSING_PER_CONTACT_AND_NO_LATCH,0.6687898089171974,207,2982,151,128,128,68,1.0,0.12375161852186928,True,False,False,0.0,0.0,UNACHIEVABLE,UNACHIEVABLE,UNACHIEVABLE
R3_seed_202608232,0.65,3,0.1,0.05,INERT_WITH_FIRST_CROSSING_PER_CONTACT_AND_NO_LATCH,0.6687898089171974,207,2982,151,128,128,68,1.0,0.12375161852186928,True,False,False,0.0,0.0,UNACHIEVABLE,UNACHIEVABLE,UNACHIEVABLE
R3_seed_202608232,0.65,5,0.0,0.05,INERT_WITH_FIRST_CROSSING_PER_CONTACT_AND_NO_LATCH,0.6114649681528662,207,2515,142,112,112,53,1.0,0.12375161852186928,True,False,False,0.0,0.0,UNACHIEVABLE,UNACHIEVABLE,UNACHIEVABLE
R3_seed_202608232,0.65,5,0.1,0.05,INERT_WITH_FIRST_CROSSING_PER_CONTACT_AND_NO_LATCH,0.6114649681528662,207,2515,142,112,112,53,1.0,0.12375161852186928,True,False,False,0.0,0.0,UNACHIEVABLE,UNACHIEVABLE,UNACHIEVABLE
R3_seed_202608232,0.7,1,0.0,0.05,INERT_WITH_FIRST_CROSSING_PER_CONTACT_AND_NO_LATCH,0.7133757961783439,208,3507,164,154,154,103,1.0,0.10473220998195489,True,False,False,0.0,0.0,UNACHIEVABLE,UNACHIEVABLE,UNACHIEVABLE
R3_seed_202608232,0.7,1,0.1,0.05,INERT_WITH_FIRST_CROSSING_PER_CONTACT_AND_NO_LATCH,0.7133757961783439,208,3507,164,154,154,103,1.0,0.10473220998195489,True,False,False,0.0,0.0,UNACHIEVABLE,UNACHIEVABLE,UNACHIEVABLE
R3_seed_202608232,0.7,3,0.0,0.05,INERT_WITH_FIRST_CROSSING_PER_CONTACT_AND_NO_LATCH,0.6560509554140127,198,2729,147,126,126,64,1.0,0.10473220998195489,True,False,False,0.0,0.0,UNACHIEVABLE,UNACHIEVABLE,UNACHIEVABLE
R3_seed_202608232,0.7,3,0.1,0.05,INERT_WITH_FIRST_CROSSING_PER_CONTACT_AND_NO_LATCH,0.6560509554140127,198,2729,147,126,126,64,1.0,0.10473220998195489,True,False,False,0.0,0.0,UNACHIEVABLE,UNACHIEVABLE,UNACHIEVABLE
R3_seed_202608232,0.7,5,0.0,0.05,INERT_WITH_FIRST_CROSSING_PER_CONTACT_AND_NO_LATCH,0.5987261146496815,197,2263,136,110,110,51,1.0,0.10473220998195489,True,False,False,0.0,0.0,UNACHIEVABLE,UNACHIEVABLE,UNACHIEVABLE
R3_seed_202608232,0.7,5,0.1,0.05,INERT_WITH_FIRST_CROSSING_PER_CONTACT_AND_NO_LATCH,0.5987261146496815,197,2263,136,110,110,51,1.0,0.10473220998195489,True,False,False,0.0,0.0,UNACHIEVABLE,UNACHIEVABLE,UNACHIEVABLE
R3_seed_202608232,0.75,1,0.0,0.05,INERT_WITH_FIRST_CROSSING_PER_CONTACT_AND_NO_LATCH,0.7112526539278131,206,3275,162,150,150,100,1.0,0.08687921538568605,True,False,False,0.0,0.0,UNACHIEVABLE,UNACHIEVABLE,UNACHIEVABLE
R3_seed_202608232,0.75,1,0.1,0.05,INERT_WITH_FIRST_CROSSING_PER_CONTACT_AND_NO_LATCH,0.7112526539278131,206,3275,162,150,150,100,1.0,0.08687921538568605,True,False,False,0.0,0.0,UNACHIEVABLE,UNACHIEVABLE,UNACHIEVABLE
R3_seed_202608232,0.75,3,0.0,0.05,INERT_WITH_FIRST_CROSSING_PER_CONTACT_AND_NO_LATCH,0.6475583864118896,195,2434,141,123,123,64,1.0,0.08687921538568605,True,False,False,0.0,0.0,UNACHIEVABLE,UNACHIEVABLE,UNACHIEVABLE
R3_seed_202608232,0.75,3,0.1,0.05,INERT_WITH_FIRST_CROSSING_PER_CONTACT_AND_NO_LATCH,0.6475583864118896,195,2434,141,123,123,64,1.0,0.08687921538568605,True,False,False,0.0,0.0,UNACHIEVABLE,UNACHIEVABLE,UNACHIEVABLE
R3_seed_202608232,0.75,5,0.0,0.05,INERT_WITH_FIRST_CROSSING_PER_CONTACT_AND_NO_LATCH,0.5774946921443737,182,1909,129,109,109,51,1.0,0.08687921538568605,True,False,False,0.0,0.0,UNACHIEVABLE,UNACHIEVABLE,UNACHIEVABLE
R3_seed_202608232,0.75,5,0.1,0.05,INERT_WITH_FIRST_CROSSING_PER_CONTACT_AND_NO_LATCH,0.5774946921443737,182,1909,129,109,109,51,1.0,0.08687921538568605,True,False,False,0.0,0.0,UNACHIEVABLE,UNACHIEVABLE,UNACHIEVABLE
R3_seed_202608232,0.8,1,0.0,0.05,INERT_WITH_FIRST_CROSSING_PER_CONTACT_AND_NO_LATCH,0.7176220806794055,199,2991,154,148,148,92,1.0,0.06932419544392833,True,False,False,0.0,0.0,UNACHIEVABLE,UNACHIEVABLE,UNACHIEVABLE
R3_seed_202608232,0.8,1,0.1,0.05,INERT_WITH_FIRST_CROSSING_PER_CONTACT_AND_NO_LATCH,0.7176220806794055,199,2991,154,148,148,92,1.0,0.06932419544392833,True,False,False,0.0,0.0,UNACHIEVABLE,UNACHIEVABLE,UNACHIEVABLE
R3_seed_202608232,0.8,3,0.0,0.05,INERT_WITH_FIRST_CROSSING_PER_CONTACT_AND_NO_LATCH,0.6369426751592356,184,2063,130,119,119,57,1.0,0.06932419544392833,True,False,False,0.0,0.0,UNACHIEVABLE,UNACHIEVABLE,UNACHIEVABLE
R3_seed_202608232,0.8,3,0.1,0.05,INERT_WITH_FIRST_CROSSING_PER_CONTACT_AND_NO_LATCH,0.6369426751592356,184,2063,130,119,119,57,1.0,0.06932419544392833,True,False,False,0.0,0.0,UNACHIEVABLE,UNACHIEVABLE,UNACHIEVABLE
R3_seed_202608232,0.8,5,0.0,0.05,INERT_WITH_FIRST_CROSSING_PER_CONTACT_AND_NO_LATCH,0.5392781316348195,161,1560,112,107,107,47,1.0,0.06932419544392833,True,False,False,0.0,0.0,UNACHIEVABLE,UNACHIEVABLE,UNACHIEVABLE
R3_seed_202608232,0.8,5,0.1,0.05,INERT_WITH_FIRST_CROSSING_PER_CONTACT_AND_NO_LATCH,0.5392781316348195,161,1560,112,107,107,47,1.0,0.06932419544392833,True,False,False,0.0,0.0,UNACHIEVABLE,UNACHIEVABLE,UNACHIEVABLE
R3_seed_202608232,0.85,1,0.0,0.05,INERT_WITH_FIRST_CROSSING_PER_CONTACT_AND_NO_LATCH,0.721868365180467,199,2665,140,143,143,91,1.0,0.05326689021300287,True,False,False,0.0,0.0,UNACHIEVABLE,UNACHIEVABLE,UNACHIEVABLE
R3_seed_202608232,0.85,1,0.1,0.05,INERT_WITH_FIRST_CROSSING_PER_CONTACT_AND_NO_LATCH,0.721868365180467,199,2665,140,143,143,91,1.0,0.05326689021300287,True,False,False,0.0,0.0,UNACHIEVABLE,UNACHIEVABLE,UNACHIEVABLE
R3_seed_202608232,0.85,3,0.0,0.05,INERT_WITH_FIRST_CROSSING_PER_CONTACT_AND_NO_LATCH,0.6072186836518046,166,1723,115,117,117,55,1.0,0.05326689021300287,True,False,True,0.0,0.0,UNACHIEVABLE,UNACHIEVABLE,UNACHIEVABLE
R3_seed_202608232,0.85,3,0.1,0.05,INERT_WITH_FIRST_CROSSING_PER_CONTACT_AND_NO_LATCH,0.6072186836518046,166,1723,115,117,117,55,1.0,0.05326689021300287,True,False,True,0.0,0.0,UNACHIEVABLE,UNACHIEVABLE,UNACHIEVABLE
R3_seed_202608232,0.85,5,0.0,0.05,INERT_WITH_FIRST_CROSSING_PER_CONTACT_AND_NO_LATCH,0.5138004246284501,129,1271,99,102,102,40,1.0,0.05326689021300287,True,False,False,0.0,0.0,UNACHIEVABLE,UNACHIEVABLE,UNACHIEVABLE
R3_seed_202608232,0.85,5,0.1,0.05,INERT_WITH_FIRST_CROSSING_PER_CONTACT_AND_NO_LATCH,0.5138004246284501,129,1271,99,102,102,40,1.0,0.05326689021300287,True,False,False,0.0,0.0,UNACHIEVABLE,UNACHIEVABLE,UNACHIEVABLE
R3_seed_202608232,0.9,1,0.0,0.05,INERT_WITH_FIRST_CROSSING_PER_CONTACT_AND_NO_LATCH,0.7261146496815286,194,2245,121,140,140,83,1.0,0.037119408441896415,True,False,True,0.0,0.0,UNACHIEVABLE,UNACHIEVABLE,UNACHIEVABLE
R3_seed_202608232,0.9,1,0.1,0.05,INERT_WITH_FIRST_CROSSING_PER_CONTACT_AND_NO_LATCH,0.7261146496815286,194,2245,121,140,140,83,1.0,0.037119408441896415,True,False,True,0.0,0.0,UNACHIEVABLE,UNACHIEVABLE,UNACHIEVABLE
R3_seed_202608232,0.9,3,0.0,0.05,INERT_WITH_FIRST_CROSSING_PER_CONTACT_AND_NO_LATCH,0.554140127388535,142,1403,94,117,117,46,1.0,0.037119408441896415,True,False,True,0.0,0.0,UNACHIEVABLE,UNACHIEVABLE,UNACHIEVABLE
R3_seed_202608232,0.9,3,0.1,0.05,INERT_WITH_FIRST_CROSSING_PER_CONTACT_AND_NO_LATCH,0.554140127388535,142,1403,94,117,117,46,1.0,0.037119408441896415,True,False,True,0.0,0.0,UNACHIEVABLE,UNACHIEVABLE,UNACHIEVABLE
R3_seed_202608232,0.9,5,0.0,0.05,INERT_WITH_FIRST_CROSSING_PER_CONTACT_AND_NO_LATCH,0.4288747346072187,95,918,78,98,98,31,1.0,0.037119408441896415,True,False,False,0.0,0.0,UNACHIEVABLE,UNACHIEVABLE,UNACHIEVABLE
R3_seed_202608232,0.9,5,0.1,0.05,INERT_WITH_FIRST_CROSSING_PER_CONTACT_AND_NO_LATCH,0.4288747346072187,95,918,78,98,98,31,1.0,0.037119408441896415,True,False,False,0.0,0.0,UNACHIEVABLE,UNACHIEVABLE,UNACHIEVABLE
R3_seed_202608232,0.95,1,0.0,0.05,INERT_WITH_FIRST_CROSSING_PER_CONTACT_AND_NO_LATCH,0.7133757961783439,178,1637,88,135,135,70,1.0,0.019130168855571488,True,False,True,0.0,0.0,UNACHIEVABLE,UNACHIEVABLE,UNACHIEVABLE
R3_seed_202608232,0.95,1,0.1,0.05,INERT_WITH_FIRST_CROSSING_PER_CONTACT_AND_NO_LATCH,0.7133757961783439,178,1637,88,135,135,70,1.0,0.019130168855571488,True,False,True,0.0,0.0,UNACHIEVABLE,UNACHIEVABLE,UNACHIEVABLE
R3_seed_202608232,0.95,3,0.0,0.05,INERT_WITH_FIRST_CROSSING_PER_CONTACT_AND_NO_LATCH,0.45222929936305734,110,845,59,108,108,44,1.0,0.019130168855571488,True,False,False,0.0,0.0,UNACHIEVABLE,UNACHIEVABLE,UNACHIEVABLE
R3_seed_202608232,0.95,3,0.1,0.05,INERT_WITH_FIRST_CROSSING_PER_CONTACT_AND_NO_LATCH,0.45222929936305734,110,845,59,108,108,44,1.0,0.019130168855571488,True,False,False,0.0,0.0,UNACHIEVABLE,UNACHIEVABLE,UNACHIEVABLE
R3_seed_202608232,0.95,5,0.0,0.05,INERT_WITH_FIRST_CROSSING_PER_CONTACT_AND_NO_LATCH,0.33121019108280253,39,484,47,90,90,32,1.0,0.019130168855571488,True,False,True,0.0,0.0,UNACHIEVABLE,UNACHIEVABLE,UNACHIEVABLE
R3_seed_202608232,0.95,5,0.1,0.05,INERT_WITH_FIRST_CROSSING_PER_CONTACT_AND_NO_LATCH,0.33121019108280253,39,484,47,90,90,32,1.0,0.019130168855571488,True,False,True,0.0,0.0,UNACHIEVABLE,UNACHIEVABLE,UNACHIEVABLE
R3_seed_202608232,0.99,1,0.0,0.05,INERT_WITH_FIRST_CROSSING_PER_CONTACT_AND_NO_LATCH,0.5520169851380042,43,633,40,118,118,51,1.0,0.0052625852633890104,True,False,True,0.0,0.0,UNACHIEVABLE,UNACHIEVABLE,UNACHIEVABLE
R3_seed_202608232,0.99,1,0.1,0.05,INERT_WITH_FIRST_CROSSING_PER_CONTACT_AND_NO_LATCH,0.5520169851380042,43,633,40,118,118,51,1.0,0.0052625852633890104,True,False,True,0.0,0.0,UNACHIEVABLE,UNACHIEVABLE,UNACHIEVABLE
R3_seed_202608232,0.99,3,0.0,0.05,INERT_WITH_FIRST_CROSSING_PER_CONTACT_AND_NO_LATCH,0.20382165605095542,17,280,18,96,96,29,1.0,0.0052625852633890104,True,False,True,0.0,0.0,UNACHIEVABLE,UNACHIEVABLE,UNACHIEVABLE
R3_seed_202608232,0.99,3,0.1,0.05,INERT_WITH_FIRST_CROSSING_PER_CONTACT_AND_NO_LATCH,0.20382165605095542,17,280,18,96,96,29,1.0,0.0052625852633890104,True,False,True,0.0,0.0,UNACHIEVABLE,UNACHIEVABLE,UNACHIEVABLE
R3_seed_202608232,0.99,5,0.0,0.05,INERT_WITH_FIRST_CROSSING_PER_CONTACT_AND_NO_LATCH,0.11464968152866242,6,193,13,78,78,22,1.0,0.0052625852633890104,True,False,True,0.0,0.0,UNACHIEVABLE,UNACHIEVABLE,UNACHIEVABLE
R3_seed_202608232,0.99,5,0.1,0.05,INERT_WITH_FIRST_CROSSING_PER_CONTACT_AND_NO_LATCH,0.11464968152866242,6,193,13,78,78,22,1.0,0.0052625852633890104,True,False,True,0.0,0.0,UNACHIEVABLE,UNACHIEVABLE,UNACHIEVABLE
R3_seed_202608233,0.05,1,0.0,0.05,INERT_WITH_FIRST_CROSSING_PER_CONTACT_AND_NO_LATCH,0.6624203821656051,208,3973,230,158,158,181,1.0,0.3365633524501064,True,False,False,0.0,0.0,UNACHIEVABLE,UNACHIEVABLE,UNACHIEVABLE
R3_seed_202608233,0.05,1,0.1,0.05,INERT_WITH_FIRST_CROSSING_PER_CONTACT_AND_NO_LATCH,0.6645435244161358,208,3943,226,154,154,178,1.0,0.3297158164750579,True,False,False,0.0,0.0,UNACHIEVABLE,UNACHIEVABLE,UNACHIEVABLE
R3_seed_202608233,0.05,3,0.0,0.05,INERT_WITH_FIRST_CROSSING_PER_CONTACT_AND_NO_LATCH,0.6963906581740976,201,3489,195,135,135,142,1.0,0.3365633524501064,True,False,False,0.0,0.0,UNACHIEVABLE,UNACHIEVABLE,UNACHIEVABLE
R3_seed_202608233,0.05,3,0.1,0.05,INERT_WITH_FIRST_CROSSING_PER_CONTACT_AND_NO_LATCH,0.7006369426751592,201,3449,188,129,129,138,1.0,0.3297158164750579,True,False,False,0.0,0.0,UNACHIEVABLE,UNACHIEVABLE,UNACHIEVABLE
R3_seed_202608233,0.05,5,0.0,0.05,INERT_WITH_FIRST_CROSSING_PER_CONTACT_AND_NO_LATCH,0.7133757961783439,198,2825,159,123,123,120,1.0,0.3365633524501064,True,False,False,0.0,0.0,UNACHIEVABLE,UNACHIEVABLE,UNACHIEVABLE
R3_seed_202608233,0.05,5,0.1,0.05,INERT_WITH_FIRST_CROSSING_PER_CONTACT_AND_NO_LATCH,0.7154989384288747,198,2776,153,119,119,112,1.0,0.3297158164750579,True,False,False,0.0,0.0,UNACHIEVABLE,UNACHIEVABLE,UNACHIEVABLE
R3_seed_202608233,0.1,1,0.0,0.05,INERT_WITH_FIRST_CROSSING_PER_CONTACT_AND_NO_LATCH,0.6602972399150743,208,3958,229,155,155,180,1.0,0.3348568594451594,True,False,False,0.0,0.0,UNACHIEVABLE,UNACHIEVABLE,UNACHIEVABLE
R3_seed_202608233,0.1,1,0.1,0.05,INERT_WITH_FIRST_CROSSING_PER_CONTACT_AND_NO_LATCH,0.6645435244161358,208,3943,226,154,154,178,1.0,0.3297158164750579,True,False,False,0.0,0.0,UNACHIEVABLE,UNACHIEVABLE,UNACHIEVABLE
R3_seed_202608233,0.1,3,0.0,0.05,INERT_WITH_FIRST_CROSSING_PER_CONTACT_AND_NO_LATCH,0.692144373673036,201,3471,194,129,129,140,1.0,0.3348568594451594,True,False,False,0.0,0.0,UNACHIEVABLE,UNACHIEVABLE,UNACHIEVABLE
R3_seed_202608233,0.1,3,0.1,0.05,INERT_WITH_FIRST_CROSSING_PER_CONTACT_AND_NO_LATCH,0.7006369426751592,201,3449,188,129,129,138,1.0,0.3297158164750579,True,False,False,0.0,0.0,UNACHIEVABLE,UNACHIEVABLE,UNACHIEVABLE
R3_seed_202608233,0.1,5,0.0,0.05,INERT_WITH_FIRST_CROSSING_PER_CONTACT_AND_NO_LATCH,0.7112526539278131,198,2805,159,119,119,115,1.0,0.3348568594451594,True,False,False,0.0,0.0,UNACHIEVABLE,UNACHIEVABLE,UNACHIEVABLE
R3_seed_202608233,0.1,5,0.1,0.05,INERT_WITH_FIRST_CROSSING_PER_CONTACT_AND_NO_LATCH,0.7154989384288747,198,2776,153,119,119,112,1.0,0.3297158164750579,True,False,False,0.0,0.0,UNACHIEVABLE,UNACHIEVABLE,UNACHIEVABLE
R3_seed_202608233,0.15,1,0.0,0.05,INERT_WITH_FIRST_CROSSING_PER_CONTACT_AND_NO_LATCH,0.6581740976645435,208,3942,229,151,151,180,1.0,0.3334071735437714,True,False,False,0.0,0.0,UNACHIEVABLE,UNACHIEVABLE,UNACHIEVABLE
R3_seed_202608233,0.15,1,0.1,0.05,INERT_WITH_FIRST_CROSSING_PER_CONTACT_AND_NO_LATCH,0.6624203821656051,208,3928,226,150,150,178,1.0,0.328325921540529,True,False,False,0.0,0.0,UNACHIEVABLE,UNACHIEVABLE,UNACHIEVABLE
R3_seed_202608233,0.15,3,0.0,0.05,INERT_WITH_FIRST_CROSSING_PER_CONTACT_AND_NO_LATCH,0.6900212314225053,201,3454,194,128,128,137,1.0,0.3334071735437714,True,False,False,0.0,0.0,UNACHIEVABLE,UNACHIEVABLE,UNACHIEVABLE
R3_seed_202608233,0.15,3,0.1,0.05,INERT_WITH_FIRST_CROSSING_PER_CONTACT_AND_NO_LATCH,0.6985138004246284,201,3433,188,128,128,135,1.0,0.328325921540529,True,False,False,0.0,0.0,UNACHIEVABLE,UNACHIEVABLE,UNACHIEVABLE
R3_seed_202608233,0.15,5,0.0,0.05,INERT_WITH_FIRST_CROSSING_PER_CONTACT_AND_NO_LATCH,0.7070063694267515,198,2785,159,117,117,112,1.0,0.3334071735437714,True,False,False,0.0,0.0,UNACHIEVABLE,UNACHIEVABLE,UNACHIEVABLE
R3_seed_202608233,0.15,5,0.1,0.05,INERT_WITH_FIRST_CROSSING_PER_CONTACT_AND_NO_LATCH,0.7112526539278131,198,2757,153,117,117,110,1.0,0.328325921540529,True,False,False,0.0,0.0,UNACHIEVABLE,UNACHIEVABLE,UNACHIEVABLE
R3_seed_202608233,0.2,1,0.0,0.05,INERT_WITH_FIRST_CROSSING_PER_CONTACT_AND_NO_LATCH,0.6581740976645435,208,3928,229,151,151,178,1.0,0.33203884256450317,True,False,False,0.0,0.0,UNACHIEVABLE,UNACHIEVABLE,UNACHIEVABLE
R3_seed_202608233,0.2,1,0.1,0.05,INERT_WITH_FIRST_CROSSING_PER_CONTACT_AND_NO_LATCH,0.6624203821656051,208,3912,226,150,150,175,1.0,0.32698209505587517,True,False,False,0.0,0.0,UNACHIEVABLE,UNACHIEVABLE,UNACHIEVABLE
R3_seed_202608233,0.2,3,0.0,0.05,INERT_WITH_FIRST_CROSSING_PER_CONTACT_AND_NO_LATCH,0.6878980891719745,201,3438,194,126,126,137,1.0,0.33203884256450317,True,False,False,0.0,0.0,UNACHIEVABLE,UNACHIEVABLE,UNACHIEVABLE
R3_seed_202608233,0.2,3,0.1,0.05,INERT_WITH_FIRST_CROSSING_PER_CONTACT_AND_NO_LATCH,0.6963906581740976,201,3417,188,126,126,135,1.0,0.32698209505587517,True,False,False,0.0,0.0,UNACHIEVABLE,UNACHIEVABLE,UNACHIEVABLE
R3_seed_202608233,0.2,5,0.0,0.05,INERT_WITH_FIRST_CROSSING_PER_CONTACT_AND_NO_LATCH,0.7006369426751592,198,2772,158,117,117,109,1.0,0.33203884256450317,True,False,False,0.0,0.0,UNACHIEVABLE,UNACHIEVABLE,UNACHIEVABLE
R3_seed_202608233,0.2,5,0.1,0.05,INERT_WITH_FIRST_CROSSING_PER_CONTACT_AND_NO_LATCH,0.7048832271762208,198,2743,152,117,117,107,1.0,0.32698209505587517,True,False,False,0.0,0.0,UNACHIEVABLE,UNACHIEVABLE,UNACHIEVABLE
R3_seed_202608233,0.25,1,0.0,0.05,INERT_WITH_FIRST_CROSSING_PER_CONTACT_AND_NO_LATCH,0.6602972399150743,208,3919,229,150,150,179,1.0,0.3308587061038736,True,False,False,0.0,0.0,UNACHIEVABLE,UNACHIEVABLE,UNACHIEVABLE
R3_seed_202608233,0.25,1,0.1,0.05,INERT_WITH_FIRST_CROSSING_PER_CONTACT_AND_NO_LATCH,0.6645435244161358,208,3904,226,150,150,176,1.0,0.32582156219093705,True,False,False,0.0,0.0,UNACHIEVABLE,UNACHIEVABLE,UNACHIEVABLE
R3_seed_202608233,0.25,3,0.0,0.05,INERT_WITH_FIRST_CROSSING_PER_CONTACT_AND_NO_LATCH,0.6857749469214437,201,3431,194,126,126,136,1.0,0.3308587061038736,True,False,False,0.0,0.0,UNACHIEVABLE,UNACHIEVABLE,UNACHIEVABLE
R3_seed_202608233,0.25,3,0.1,0.05,INERT_WITH_FIRST_CROSSING_PER_CONTACT_AND_NO_LATCH,0.6942675159235668,201,3410,188,126,126,134,1.0,0.32582156219093705,True,False,False,0.0,0.0,UNACHIEVABLE,UNACHIEVABLE,UNACHIEVABLE
R3_seed_202608233,0.25,5,0.0,0.05,INERT_WITH_FIRST_CROSSING_PER_CONTACT_AND_NO_LATCH,0.692144373673036,198,2766,158,117,117,107,1.0,0.3308587061038736,True,False,False,0.0,0.0,UNACHIEVABLE,UNACHIEVABLE,UNACHIEVABLE
R3_seed_202608233,0.25,5,0.1,0.05,INERT_WITH_FIRST_CROSSING_PER_CONTACT_AND_NO_LATCH,0.6963906581740976,198,2738,152,117,117,106,1.0,0.32582156219093705,True,False,False,0.0,0.0,UNACHIEVABLE,UNACHIEVABLE,UNACHIEVABLE
R3_seed_202608233,0.3,1,0.0,0.05,INERT_WITH_FIRST_CROSSING_PER_CONTACT_AND_NO_LATCH,0.6581740976645435,208,3906,228,150,150,179,1.0,0.3296619065869062,True,False,False,0.0,0.0,UNACHIEVABLE,UNACHIEVABLE,UNACHIEVABLE
R3_seed_202608233,0.3,1,0.1,0.05,INERT_WITH_FIRST_CROSSING_PER_CONTACT_AND_NO_LATCH,0.6624203821656051,208,3892,225,150,150,177,1.0,0.3246463266292303,True,False,False,0.0,0.0,UNACHIEVABLE,UNACHIEVABLE,UNACHIEVABLE
R3_seed_202608233,0.3,3,0.0,0.05,INERT_WITH_FIRST_CROSSING_PER_CONTACT_AND_NO_LATCH,0.6794055201698513,201,3419,194,124,124,131,1.0,0.3296619065869062,True,False,False,0.0,0.0,UNACHIEVABLE,UNACHIEVABLE,UNACHIEVABLE
R3_seed_202608233,0.3,3,0.1,0.05,INERT_WITH_FIRST_CROSSING_PER_CONTACT_AND_NO_LATCH,0.6878980891719745,201,3398,188,124,124,129,1.0,0.3246463266292303,True,False,False,0.0,0.0,UNACHIEVABLE,UNACHIEVABLE,UNACHIEVABLE
R3_seed_202608233,0.3,5,0.0,0.05,INERT_WITH_FIRST_CROSSING_PER_CONTACT_AND_NO_LATCH,0.692144373673036,198,2760,158,116,116,106,1.0,0.3296619065869062,True,False,False,0.0,0.0,UNACHIEVABLE,UNACHIEVABLE,UNACHIEVABLE
R3_seed_202608233,0.3,5,0.1,0.05,INERT_WITH_FIRST_CROSSING_PER_CONTACT_AND_NO_LATCH,0.6963906581740976,198,2732,152,116,116,105,1.0,0.3246463266292303,True,False,False,0.0,0.0,UNACHIEVABLE,UNACHIEVABLE,UNACHIEVABLE
R3_seed_202608233,0.35,1,0.0,0.05,INERT_WITH_FIRST_CROSSING_PER_CONTACT_AND_NO_LATCH,0.6539278131634819,208,3892,228,148,148,177,1.0,0.32835630711385083,True,False,False,0.0,0.0,UNACHIEVABLE,UNACHIEVABLE,UNACHIEVABLE
R3_seed_202608233,0.35,1,0.1,0.05,INERT_WITH_FIRST_CROSSING_PER_CONTACT_AND_NO_LATCH,0.6581740976645435,208,3880,225,148,148,175,1.0,0.3234426658537709,True,False,False,0.0,0.0,UNACHIEVABLE,UNACHIEVABLE,UNACHIEVABLE
R3_seed_202608233,0.35,3,0.0,0.05,INERT_WITH_FIRST_CROSSING_PER_CONTACT_AND_NO_LATCH,0.6794055201698513,201,3410,194,124,124,127,1.0,0.32835630711385083,True,False,False,0.0,0.0,UNACHIEVABLE,UNACHIEVABLE,UNACHIEVABLE
R3_seed_202608233,0.35,3,0.1,0.05,INERT_WITH_FIRST_CROSSING_PER_CONTACT_AND_NO_LATCH,0.6878980891719745,201,3389,188,124,124,125,1.0,0.3234426658537709,True,False,False,0.0,0.0,UNACHIEVABLE,UNACHIEVABLE,UNACHIEVABLE
R3_seed_202608233,0.35,5,0.0,0.05,INERT_WITH_FIRST_CROSSING_PER_CONTACT_AND_NO_LATCH,0.6900212314225053,198,2748,158,114,114,103,1.0,0.32835630711385083,True,False,False,0.0,0.0,UNACHIEVABLE,UNACHIEVABLE,UNACHIEVABLE
R3_seed_202608233,0.35,5,0.1,0.05,INERT_WITH_FIRST_CROSSING_PER_CONTACT_AND_NO_LATCH,0.6942675159235668,198,2721,152,114,114,102,1.0,0.3234426658537709,True,False,False,0.0,0.0,UNACHIEVABLE,UNACHIEVABLE,UNACHIEVABLE
R3_seed_202608233,0.4,1,0.0,0.05,INERT_WITH_FIRST_CROSSING_PER_CONTACT_AND_NO_LATCH,0.6496815286624203,208,3878,228,147,147,176,1.0,0.32564218929035965,True,False,False,0.0,0.0,UNACHIEVABLE,UNACHIEVABLE,UNACHIEVABLE
R3_seed_202608233,0.4,1,0.1,0.05,INERT_WITH_FIRST_CROSSING_PER_CONTACT_AND_NO_LATCH,0.6539278131634819,208,3868,225,147,147,175,1.0,0.32177145932106865,True,False,False,0.0,0.0,UNACHIEVABLE,UNACHIEVABLE,UNACHIEVABLE
R3_seed_202608233,0.4,3,0.0,0.05,INERT_WITH_FIRST_CROSSING_PER_CONTACT_AND_NO_LATCH,0.6772823779193206,201,3372,192,123,123,124,1.0,0.32564218929035965,True,False,False,0.0,0.0,UNACHIEVABLE,UNACHIEVABLE,UNACHIEVABLE
R3_seed_202608233,0.4,3,0.1,0.05,INERT_WITH_FIRST_CROSSING_PER_CONTACT_AND_NO_LATCH,0.6857749469214437,201,3361,186,123,123,122,1.0,0.32177145932106865,True,False,False,0.0,0.0,UNACHIEVABLE,UNACHIEVABLE,UNACHIEVABLE
R3_seed_202608233,0.4,5,0.0,0.05,INERT_WITH_FIRST_CROSSING_PER_CONTACT_AND_NO_LATCH,0.6857749469214437,198,2720,156,114,114,103,1.0,0.32564218929035965,True,False,False,0.0,0.0,UNACHIEVABLE,UNACHIEVABLE,UNACHIEVABLE
R3_seed_202608233,0.4,5,0.1,0.05,INERT_WITH_FIRST_CROSSING_PER_CONTACT_AND_NO_LATCH,0.6900212314225053,198,2704,150,114,114,102,1.0,0.32177145932106865,True,False,False,0.0,0.0,UNACHIEVABLE,UNACHIEVABLE,UNACHIEVABLE
R3_seed_202608233,0.45,1,0.0,0.05,INERT_WITH_FIRST_CROSSING_PER_CONTACT_AND_NO_LATCH,0.6475583864118896,208,3855,228,145,145,172,1.0,0.3206089660965614,True,False,False,0.0,0.0,UNACHIEVABLE,UNACHIEVABLE,UNACHIEVABLE
R3_seed_202608233,0.45,1,0.1,0.05,INERT_WITH_FIRST_CROSSING_PER_CONTACT_AND_NO_LATCH,0.6518046709129511,208,3845,225,145,145,171,1.0,0.31780467173288923,True,False,False,0.0,0.0,UNACHIEVABLE,UNACHIEVABLE,UNACHIEVABLE
R3_seed_202608233,0.45,3,0.0,0.05,INERT_WITH_FIRST_CROSSING_PER_CONTACT_AND_NO_LATCH,0.6836518046709129,199,3324,187,120,120,118,1.0,0.3206089660965614,True,False,False,0.0,0.0,UNACHIEVABLE,UNACHIEVABLE,UNACHIEVABLE
R3_seed_202608233,0.45,3,0.1,0.05,INERT_WITH_FIRST_CROSSING_PER_CONTACT_AND_NO_LATCH,0.6900212314225053,199,3320,182,120,120,115,1.0,0.31780467173288923,True,False,False,0.0,0.0,UNACHIEVABLE,UNACHIEVABLE,UNACHIEVABLE
R3_seed_202608233,0.45,5,0.0,0.05,INERT_WITH_FIRST_CROSSING_PER_CONTACT_AND_NO_LATCH,0.6836518046709129,195,2689,155,113,113,102,1.0,0.3206089660965614,True,False,False,0.0,0.0,UNACHIEVABLE,UNACHIEVABLE,UNACHIEVABLE
R3_seed_202608233,0.45,5,0.1,0.05,INERT_WITH_FIRST_CROSSING_PER_CONTACT_AND_NO_LATCH,0.6878980891719745,195,2673,149,113,113,100,1.0,0.31780467173288923,True,False,False,0.0,0.0,UNACHIEVABLE,UNACHIEVABLE,UNACHIEVABLE
R3_seed_202608233,0.5,1,0.0,0.05,INERT_WITH_FIRST_CROSSING_PER_CONTACT_AND_NO_LATCH,0.6518046709129511,208,3777,222,144,144,167,1.0,0.30809010988795565,True,False,False,0.0,0.0,UNACHIEVABLE,UNACHIEVABLE,UNACHIEVABLE
R3_seed_202608233,0.5,1,0.1,0.05,INERT_WITH_FIRST_CROSSING_PER_CONTACT_AND_NO_LATCH,0.6539278131634819,208,3770,221,144,144,166,1.0,0.30683155904455994,True,False,False,0.0,0.0,UNACHIEVABLE,UNACHIEVABLE,UNACHIEVABLE
R3_seed_202608233,0.5,3,0.0,0.05,INERT_WITH_FIRST_CROSSING_PER_CONTACT_AND_NO_LATCH,0.692144373673036,196,3259,175,119,119,114,1.0,0.30809010988795565,True,False,False,0.0,0.0,UNACHIEVABLE,UNACHIEVABLE,UNACHIEVABLE
R3_seed_202608233,0.5,3,0.1,0.05,INERT_WITH_FIRST_CROSSING_PER_CONTACT_AND_NO_LATCH,0.6942675159235668,196,3258,173,119,119,113,1.0,0.30683155904455994,True,False,False,0.0,0.0,UNACHIEVABLE,UNACHIEVABLE,UNACHIEVABLE
R3_seed_202608233,0.5,5,0.0,0.05,INERT_WITH_FIRST_CROSSING_PER_CONTACT_AND_NO_LATCH,0.6751592356687898,192,2623,153,112,112,99,1.0,0.30809010988795565,True,False,False,0.0,0.0,UNACHIEVABLE,UNACHIEVABLE,UNACHIEVABLE
R3_seed_202608233,0.5,5,0.1,0.05,INERT_WITH_FIRST_CROSSING_PER_CONTACT_AND_NO_LATCH,0.673036093418259,192,2617,149,112,112,98,1.0,0.30683155904455994,True,False,False,0.0,0.0,UNACHIEVABLE,UNACHIEVABLE,UNACHIEVABLE
R3_seed_202608233,0.55,1,0.0,0.05,INERT_WITH_FIRST_CROSSING_PER_CONTACT_AND_NO_LATCH,0.6602972399150743,208,3707,213,143,143,164,1.0,0.26932693994732515,True,False,False,0.0,0.0,UNACHIEVABLE,UNACHIEVABLE,UNACHIEVABLE
R3_seed_202608233,0.55,1,0.1,0.05,INERT_WITH_FIRST_CROSSING_PER_CONTACT_AND_NO_LATCH,0.6602972399150743,208,3707,213,143,143,164,1.0,0.26932693994732515,True,False,False,0.0,0.0,UNACHIEVABLE,UNACHIEVABLE,UNACHIEVABLE
R3_seed_202608233,0.55,3,0.0,0.05,INERT_WITH_FIRST_CROSSING_PER_CONTACT_AND_NO_LATCH,0.6900212314225053,195,3154,171,118,118,114,1.0,0.26932693994732515,True,False,False,0.0,0.0,UNACHIEVABLE,UNACHIEVABLE,UNACHIEVABLE
R3_seed_202608233,0.55,3,0.1,0.05,INERT_WITH_FIRST_CROSSING_PER_CONTACT_AND_NO_LATCH,0.6900212314225053,195,3154,171,118,118,114,1.0,0.26932693994732515,True,False,False,0.0,0.0,UNACHIEVABLE,UNACHIEVABLE,UNACHIEVABLE
R3_seed_202608233,0.55,5,0.0,0.05,INERT_WITH_FIRST_CROSSING_PER_CONTACT_AND_NO_LATCH,0.6709129511677282,189,2486,141,108,108,95,1.0,0.26932693994732515,True,False,False,0.0,0.0,UNACHIEVABLE,UNACHIEVABLE,UNACHIEVABLE
R3_seed_202608233,0.55,5,0.1,0.05,INERT_WITH_FIRST_CROSSING_PER_CONTACT_AND_NO_LATCH,0.6709129511677282,189,2486,141,108,108,95,1.0,0.26932693994732515,True,False,False,0.0,0.0,UNACHIEVABLE,UNACHIEVABLE,UNACHIEVABLE
R3_seed_202608233,0.6,1,0.0,0.05,INERT_WITH_FIRST_CROSSING_PER_CONTACT_AND_NO_LATCH,0.6624203821656051,208,3602,206,142,142,158,1.0,0.2312655787324511,True,False,False,0.0,0.0,UNACHIEVABLE,UNACHIEVABLE,UNACHIEVABLE
R3_seed_202608233,0.6,1,0.1,0.05,INERT_WITH_FIRST_CROSSING_PER_CONTACT_AND_NO_LATCH,0.6624203821656051,208,3602,206,142,142,158,1.0,0.2312655787324511,True,False,False,0.0,0.0,UNACHIEVABLE,UNACHIEVABLE,UNACHIEVABLE
R3_seed_202608233,0.6,3,0.0,0.05,INERT_WITH_FIRST_CROSSING_PER_CONTACT_AND_NO_LATCH,0.6900212314225053,193,3038,165,116,116,112,1.0,0.2312655787324511,True,False,False,0.0,0.0,UNACHIEVABLE,UNACHIEVABLE,UNACHIEVABLE
R3_seed_202608233,0.6,3,0.1,0.05,INERT_WITH_FIRST_CROSSING_PER_CONTACT_AND_NO_LATCH,0.6900212314225053,193,3038,165,116,116,112,1.0,0.2312655787324511,True,False,False,0.0,0.0,UNACHIEVABLE,UNACHIEVABLE,UNACHIEVABLE
R3_seed_202608233,0.6,5,0.0,0.05,INERT_WITH_FIRST_CROSSING_PER_CONTACT_AND_NO_LATCH,0.6709129511677282,182,2360,132,106,106,87,1.0,0.2312655787324511,True,False,True,0.0,0.0,UNACHIEVABLE,UNACHIEVABLE,UNACHIEVABLE
R3_seed_202608233,0.6,5,0.1,0.05,INERT_WITH_FIRST_CROSSING_PER_CONTACT_AND_NO_LATCH,0.6709129511677282,182,2360,132,106,106,87,1.0,0.2312655787324511,True,False,True,0.0,0.0,UNACHIEVABLE,UNACHIEVABLE,UNACHIEVABLE
R3_seed_202608233,0.65,1,0.0,0.05,INERT_WITH_FIRST_CROSSING_PER_CONTACT_AND_NO_LATCH,0.6687898089171974,203,3507,199,142,142,148,1.0,0.18579111780682814,True,False,False,0.0,0.0,UNACHIEVABLE,UNACHIEVABLE,UNACHIEVABLE
R3_seed_202608233,0.65,1,0.1,0.05,INERT_WITH_FIRST_CROSSING_PER_CONTACT_AND_NO_LATCH,0.6687898089171974,203,3507,199,142,142,148,1.0,0.18579111780682814,True,False,False,0.0,0.0,UNACHIEVABLE,UNACHIEVABLE,UNACHIEVABLE
R3_seed_202608233,0.65,3,0.0,0.05,INERT_WITH_FIRST_CROSSING_PER_CONTACT_AND_NO_LATCH,0.6794055201698513,190,2918,157,114,114,111,1.0,0.18579111780682814,True,False,False,0.0,0.0,UNACHIEVABLE,UNACHIEVABLE,UNACHIEVABLE
R3_seed_202608233,0.65,3,0.1,0.05,INERT_WITH_FIRST_CROSSING_PER_CONTACT_AND_NO_LATCH,0.6794055201698513,190,2918,157,114,114,111,1.0,0.18579111780682814,True,False,False,0.0,0.0,UNACHIEVABLE,UNACHIEVABLE,UNACHIEVABLE
R3_seed_202608233,0.65,5,0.0,0.05,INERT_WITH_FIRST_CROSSING_PER_CONTACT_AND_NO_LATCH,0.6666666666666666,181,2261,125,105,105,82,1.0,0.18579111780682814,True,False,True,0.0,0.0,UNACHIEVABLE,UNACHIEVABLE,UNACHIEVABLE
R3_seed_202608233,0.65,5,0.1,0.05,INERT_WITH_FIRST_CROSSING_PER_CONTACT_AND_NO_LATCH,0.6666666666666666,181,2261,125,105,105,82,1.0,0.18579111780682814,True,False,True,0.0,0.0,UNACHIEVABLE,UNACHIEVABLE,UNACHIEVABLE
R3_seed_202608233,0.7,1,0.0,0.05,INERT_WITH_FIRST_CROSSING_PER_CONTACT_AND_NO_LATCH,0.6709129511677282,198,3412,193,141,141,144,1.0,0.1376221426534055,True,False,False,0.0,0.0,UNACHIEVABLE,UNACHIEVABLE,UNACHIEVABLE
R3_seed_202608233,0.7,1,0.1,0.05,INERT_WITH_FIRST_CROSSING_PER_CONTACT_AND_NO_LATCH,0.6709129511677282,198,3412,193,141,141,144,1.0,0.1376221426534055,True,False,False,0.0,0.0,UNACHIEVABLE,UNACHIEVABLE,UNACHIEVABLE
R3_seed_202608233,0.7,3,0.0,0.05,INERT_WITH_FIRST_CROSSING_PER_CONTACT_AND_NO_LATCH,0.6772823779193206,189,2811,150,111,111,104,1.0,0.1376221426534055,True,False,False,0.0,0.0,UNACHIEVABLE,UNACHIEVABLE,UNACHIEVABLE
R3_seed_202608233,0.7,3,0.1,0.05,INERT_WITH_FIRST_CROSSING_PER_CONTACT_AND_NO_LATCH,0.6772823779193206,189,2811,150,111,111,104,1.0,0.1376221426534055,True,False,False,0.0,0.0,UNACHIEVABLE,UNACHIEVABLE,UNACHIEVABLE
R3_seed_202608233,0.7,5,0.0,0.05,INERT_WITH_FIRST_CROSSING_PER_CONTACT_AND_NO_LATCH,0.6602972399150743,166,2113,119,104,104,78,1.0,0.1376221426534055,True,False,False,0.0,0.0,UNACHIEVABLE,UNACHIEVABLE,UNACHIEVABLE
R3_seed_202608233,0.7,5,0.1,0.05,INERT_WITH_FIRST_CROSSING_PER_CONTACT_AND_NO_LATCH,0.6602972399150743,166,2113,119,104,104,78,1.0,0.1376221426534055,True,False,False,0.0,0.0,UNACHIEVABLE,UNACHIEVABLE,UNACHIEVABLE
R3_seed_202608233,0.75,1,0.0,0.05,INERT_WITH_FIRST_CROSSING_PER_CONTACT_AND_NO_LATCH,0.6709129511677282,196,3266,188,139,139,137,1.0,0.10087226199029425,True,False,False,0.0,0.0,UNACHIEVABLE,UNACHIEVABLE,UNACHIEVABLE
R3_seed_202608233,0.75,1,0.1,0.05,INERT_WITH_FIRST_CROSSING_PER_CONTACT_AND_NO_LATCH,0.6709129511677282,196,3266,188,139,139,137,1.0,0.10087226199029425,True,False,False,0.0,0.0,UNACHIEVABLE,UNACHIEVABLE,UNACHIEVABLE
R3_seed_202608233,0.75,3,0.0,0.05,INERT_WITH_FIRST_CROSSING_PER_CONTACT_AND_NO_LATCH,0.6751592356687898,187,2601,142,109,109,96,1.0,0.10087226199029425,True,False,False,0.0,0.0,UNACHIEVABLE,UNACHIEVABLE,UNACHIEVABLE
R3_seed_202608233,0.75,3,0.1,0.05,INERT_WITH_FIRST_CROSSING_PER_CONTACT_AND_NO_LATCH,0.6751592356687898,187,2601,142,109,109,96,1.0,0.10087226199029425,True,False,False,0.0,0.0,UNACHIEVABLE,UNACHIEVABLE,UNACHIEVABLE
R3_seed_202608233,0.75,5,0.0,0.05,INERT_WITH_FIRST_CROSSING_PER_CONTACT_AND_NO_LATCH,0.6560509554140127,153,1922,114,102,102,75,1.0,0.10087226199029425,True,False,False,0.0,0.0,UNACHIEVABLE,UNACHIEVABLE,UNACHIEVABLE
R3_seed_202608233,0.75,5,0.1,0.05,INERT_WITH_FIRST_CROSSING_PER_CONTACT_AND_NO_LATCH,0.6560509554140127,153,1922,114,102,102,75,1.0,0.10087226199029425,True,False,False,0.0,0.0,UNACHIEVABLE,UNACHIEVABLE,UNACHIEVABLE
R3_seed_202608233,0.8,1,0.0,0.05,INERT_WITH_FIRST_CROSSING_PER_CONTACT_AND_NO_LATCH,0.6794055201698513,193,3117,175,137,137,131,1.0,0.07871921867909012,True,False,False,0.0,0.0,UNACHIEVABLE,UNACHIEVABLE,UNACHIEVABLE
R3_seed_202608233,0.8,1,0.1,0.05,INERT_WITH_FIRST_CROSSING_PER_CONTACT_AND_NO_LATCH,0.6794055201698513,193,3117,175,137,137,131,1.0,0.07871921867909012,True,False,False,0.0,0.0,UNACHIEVABLE,UNACHIEVABLE,UNACHIEVABLE
R3_seed_202608233,0.8,3,0.0,0.05,INERT_WITH_FIRST_CROSSING_PER_CONTACT_AND_NO_LATCH,0.6751592356687898,187,2354,135,109,109,94,1.0,0.07871921867909012,True,False,False,0.0,0.0,UNACHIEVABLE,UNACHIEVABLE,UNACHIEVABLE
R3_seed_202608233,0.8,3,0.1,0.05,INERT_WITH_FIRST_CROSSING_PER_CONTACT_AND_NO_LATCH,0.6751592356687898,187,2354,135,109,109,94,1.0,0.07871921867909012,True,False,False,0.0,0.0,UNACHIEVABLE,UNACHIEVABLE,UNACHIEVABLE
R3_seed_202608233,0.8,5,0.0,0.05,INERT_WITH_FIRST_CROSSING_PER_CONTACT_AND_NO_LATCH,0.6390658174097664,137,1645,105,101,101,74,1.0,0.07871921867909012,True,False,False,0.0,0.0,UNACHIEVABLE,UNACHIEVABLE,UNACHIEVABLE
R3_seed_202608233,0.8,5,0.1,0.05,INERT_WITH_FIRST_CROSSING_PER_CONTACT_AND_NO_LATCH,0.6390658174097664,137,1645,105,101,101,74,1.0,0.07871921867909012,True,False,False,0.0,0.0,UNACHIEVABLE,UNACHIEVABLE,UNACHIEVABLE
R3_seed_202608233,0.85,1,0.0,0.05,INERT_WITH_FIRST_CROSSING_PER_CONTACT_AND_NO_LATCH,0.6942675159235668,190,2876,162,133,133,120,1.0,0.06076036466608705,True,False,False,0.0,0.0,UNACHIEVABLE,UNACHIEVABLE,UNACHIEVABLE
R3_seed_202608233,0.85,1,0.1,0.05,INERT_WITH_FIRST_CROSSING_PER_CONTACT_AND_NO_LATCH,0.6942675159235668,190,2876,162,133,133,120,1.0,0.06076036466608705,True,False,False,0.0,0.0,UNACHIEVABLE,UNACHIEVABLE,UNACHIEVABLE
R3_seed_202608233,0.85,3,0.0,0.05,INERT_WITH_FIRST_CROSSING_PER_CONTACT_AND_NO_LATCH,0.6857749469214437,184,1922,118,107,107,90,1.0,0.06076036466608705,True,False,False,0.0,0.0,UNACHIEVABLE,UNACHIEVABLE,UNACHIEVABLE
R3_seed_202608233,0.85,3,0.1,0.05,INERT_WITH_FIRST_CROSSING_PER_CONTACT_AND_NO_LATCH,0.6857749469214437,184,1922,118,107,107,90,1.0,0.06076036466608705,True,False,False,0.0,0.0,UNACHIEVABLE,UNACHIEVABLE,UNACHIEVABLE
R3_seed_202608233,0.85,5,0.0,0.05,INERT_WITH_FIRST_CROSSING_PER_CONTACT_AND_NO_LATCH,0.6348195329087049,115,1211,83,100,100,70,1.0,0.06076036466608705,True,False,True,0.0,0.0,UNACHIEVABLE,UNACHIEVABLE,UNACHIEVABLE
R3_seed_202608233,0.85,5,0.1,0.05,INERT_WITH_FIRST_CROSSING_PER_CONTACT_AND_NO_LATCH,0.6348195329087049,115,1211,83,100,100,70,1.0,0.06076036466608705,True,False,True,0.0,0.0,UNACHIEVABLE,UNACHIEVABLE,UNACHIEVABLE
R3_seed_202608233,0.9,1,0.0,0.05,INERT_WITH_FIRST_CROSSING_PER_CONTACT_AND_NO_LATCH,0.7006369426751592,188,2293,144,126,126,113,1.0,0.043921856146854454,True,False,False,0.0,0.0,UNACHIEVABLE,UNACHIEVABLE,UNACHIEVABLE
R3_seed_202608233,0.9,1,0.1,0.05,INERT_WITH_FIRST_CROSSING_PER_CONTACT_AND_NO_LATCH,0.7006369426751592,188,2293,144,126,126,113,1.0,0.043921856146854454,True,False,False,0.0,0.0,UNACHIEVABLE,UNACHIEVABLE,UNACHIEVABLE
R3_seed_202608233,0.9,3,0.0,0.05,INERT_WITH_FIRST_CROSSING_PER_CONTACT_AND_NO_LATCH,0.6560509554140127,155,1274,91,105,105,77,1.0,0.043921856146854454,True,False,False,0.0,0.0,UNACHIEVABLE,UNACHIEVABLE,UNACHIEVABLE
R3_seed_202608233,0.9,3,0.1,0.05,INERT_WITH_FIRST_CROSSING_PER_CONTACT_AND_NO_LATCH,0.6560509554140127,155,1274,91,105,105,77,1.0,0.043921856146854454,True,False,False,0.0,0.0,UNACHIEVABLE,UNACHIEVABLE,UNACHIEVABLE
R3_seed_202608233,0.9,5,0.0,0.05,INERT_WITH_FIRST_CROSSING_PER_CONTACT_AND_NO_LATCH,0.6050955414012739,91,834,58,97,97,62,1.0,0.043921856146854454,True,False,True,0.0,0.0,UNACHIEVABLE,UNACHIEVABLE,UNACHIEVABLE
R3_seed_202608233,0.9,5,0.1,0.05,INERT_WITH_FIRST_CROSSING_PER_CONTACT_AND_NO_LATCH,0.6050955414012739,91,834,58,97,97,62,1.0,0.043921856146854454,True,False,True,0.0,0.0,UNACHIEVABLE,UNACHIEVABLE,UNACHIEVABLE
R3_seed_202608233,0.95,1,0.0,0.05,INERT_WITH_FIRST_CROSSING_PER_CONTACT_AND_NO_LATCH,0.7473460721868365,184,1668,87,118,118,94,1.0,0.02743327181071552,True,False,True,0.0,0.0,UNACHIEVABLE,UNACHIEVABLE,UNACHIEVABLE
R3_seed_202608233,0.95,1,0.1,0.05,INERT_WITH_FIRST_CROSSING_PER_CONTACT_AND_NO_LATCH,0.7473460721868365,184,1668,87,118,118,94,1.0,0.02743327181071552,True,False,True,0.0,0.0,UNACHIEVABLE,UNACHIEVABLE,UNACHIEVABLE
R3_seed_202608233,0.95,3,0.0,0.05,INERT_WITH_FIRST_CROSSING_PER_CONTACT_AND_NO_LATCH,0.6496815286624203,117,838,42,99,99,64,1.0,0.02743327181071552,True,False,True,0.0,0.0,UNACHIEVABLE,UNACHIEVABLE,UNACHIEVABLE
R3_seed_202608233,0.95,3,0.1,0.05,INERT_WITH_FIRST_CROSSING_PER_CONTACT_AND_NO_LATCH,0.6496815286624203,117,838,42,99,99,64,1.0,0.02743327181071552,True,False,True,0.0,0.0,UNACHIEVABLE,UNACHIEVABLE,UNACHIEVABLE
R3_seed_202608233,0.95,5,0.0,0.05,INERT_WITH_FIRST_CROSSING_PER_CONTACT_AND_NO_LATCH,0.5477707006369427,63,583,24,89,89,55,1.0,0.02743327181071552,True,False,True,0.0,0.0,UNACHIEVABLE,UNACHIEVABLE,UNACHIEVABLE
R3_seed_202608233,0.95,5,0.1,0.05,INERT_WITH_FIRST_CROSSING_PER_CONTACT_AND_NO_LATCH,0.5477707006369427,63,583,24,89,89,55,1.0,0.02743327181071552,True,False,True,0.0,0.0,UNACHIEVABLE,UNACHIEVABLE,UNACHIEVABLE
R3_seed_202608233,0.99,1,0.0,0.05,INERT_WITH_FIRST_CROSSING_PER_CONTACT_AND_NO_LATCH,0.6602972399150743,132,836,41,105,105,71,1.0,0.008917675680073239,True,False,True,0.0,0.0,UNACHIEVABLE,UNACHIEVABLE,UNACHIEVABLE
R3_seed_202608233,0.99,1,0.1,0.05,INERT_WITH_FIRST_CROSSING_PER_CONTACT_AND_NO_LATCH,0.6602972399150743,132,836,41,105,105,71,1.0,0.008917675680073239,True,False,True,0.0,0.0,UNACHIEVABLE,UNACHIEVABLE,UNACHIEVABLE
R3_seed_202608233,0.99,3,0.0,0.05,INERT_WITH_FIRST_CROSSING_PER_CONTACT_AND_NO_LATCH,0.33970276008492567,27,385,19,85,85,52,1.0,0.008917675680073239,True,False,True,0.0,0.0,UNACHIEVABLE,UNACHIEVABLE,UNACHIEVABLE
R3_seed_202608233,0.99,3,0.1,0.05,INERT_WITH_FIRST_CROSSING_PER_CONTACT_AND_NO_LATCH,0.33970276008492567,27,385,19,85,85,52,1.0,0.008917675680073239,True,False,True,0.0,0.0,UNACHIEVABLE,UNACHIEVABLE,UNACHIEVABLE
R3_seed_202608233,0.99,5,0.0,0.05,INERT_WITH_FIRST_CROSSING_PER_CONTACT_AND_NO_LATCH,0.19745222929936307,9,260,14,77,77,40,1.0,0.008917675680073239,True,False,True,0.0,0.0,UNACHIEVABLE,UNACHIEVABLE,UNACHIEVABLE
R3_seed_202608233,0.99,5,0.1,0.05,INERT_WITH_FIRST_CROSSING_PER_CONTACT_AND_NO_LATCH,0.19745222929936307,9,260,14,77,77,40,1.0,0.008917675680073239,True,False,True,0.0,0.0,UNACHIEVABLE,UNACHIEVABLE,UNACHIEVABLE
